step,layer,shift,revisit,dispersion,disagreement,effective_rank
0,0,,,5.833322393415539,0.8840894701410811,3.38944643340486
0,1,,,6.202803330208161,0.719455491339783,3.1428624111409866
0,2,,,6.17491989147088,0.636553817148533,2.874425010373998
0,3,,,6.20206333518842,0.6427888833874089,2.8913651301568613
0,4,,,5.721084857205739,0.6285596716671886,2.7899172372533805
0,5,,,5.615093206001003,0.7170723412098692,3.058851516092642
0,6,,,5.58895854642149,0.7446272559204807,3.114493896645643
0,7,,,5.158111106511608,0.5203339694328246,2.4001773531019968
0,8,,,4.6745275777261295,0.554764572701246,2.402625989328252
0,9,,,4.72489252664324,0.7166999406232613,2.8878249503908293
0,10,,,4.658893300259435,0.7137433678790517,2.9272034924410217
0,11,,,4.388685355553689,0.6142966124833888,2.5118844679076044
0,12,,,4.520919486319888,0.44546372482672947,2.1125375823226986
0,13,,,4.2654350470309375,0.534608975989892,2.3814115094825974
0,14,,,4.506471988431572,0.7690915412351638,3.0896252643033906
0,15,,,4.557063129468289,1.0379285132465936,4.026312055506622
0,16,,,4.7193224167905665,0.8158544464399098,3.2873469083641336
0,17,,,4.920682588212719,0.9206980778481704,3.584671190047498
0,18,,,5.61665672895999,0.6816005315500764,2.8784338679332606
0,19,,,5.838168319334738,0.7091197302930698,2.978781309404708
0,20,,,5.818645231197895,0.754895102838133,3.1918602878753792
0,21,,,5.540444041596703,0.9018589033658815,3.731513586913211
0,22,,,5.480060110561304,0.8440314825802986,3.3999275743754143
0,23,,,5.9346701296514635,0.7589038519904765,3.1468705684818197
0,24,,,5.63209348964868,0.8455114068602994,3.4541456147257112
0,25,,,5.647059799350766,0.9179324102800548,3.8209429304105784
0,26,,,5.284261893108323,0.88686844797604,3.577422237717059
0,27,,,5.596596026099638,0.8959533749115174,3.548827670502046
0,28,,,5.687989487480241,0.9646244064715468,3.965679229509337
0,29,,,5.972059266731684,0.7707062075509512,3.183547744404553
0,30,,,5.523097302015294,0.8961582295415829,3.5889338275973888
0,31,,,5.7891217121753265,0.9133025939824044,3.7712235728200914
1,0,11.245959325250702,,5.900262827018201,0.7088835037234738,2.802497582103378
1,1,10.75773697100694,,6.168956952055982,0.735615914819209,3.235659961423483
1,2,11.346693984819751,,6.107965769166244,0.7551496321013182,3.2150576381166145
1,3,11.77346587069424,,6.3619902938845065,0.5708385178884958,2.6656944815509194
1,4,10.114963590674964,,5.7539250742835995,0.7040842369687086,3.071419370740382
1,5,15.561501520913808,,5.8584119773074645,0.701732779151965,2.9670790806605423
1,6,17.398863665289472,,5.799892089589271,0.6995064069348533,3.0397351885501536
1,7,15.999341548528388,,5.451690134565541,0.5285183748326157,2.4893303053447724
1,8,14.916401723620712,,4.8693583464904275,0.6831711074435622,2.7908345954558933
1,9,12.432482986554055,,4.486572185363684,0.8304535259724588,3.1040661961147222
1,10,13.734951109278922,,4.725313438372653,0.8378479216603294,3.2842885597304488
1,11,11.321405059368061,,4.445409429611306,0.6721401944222745,2.6690713126491543
1,12,7.306778950270682,,4.656134218271627,0.39241339502117967,1.969773910938431
1,13,13.760045025027582,,3.735965842489782,0.5748475019287698,2.346250083681516
1,14,15.871236384637626,,3.606628127979781,0.7913697156015207,2.776620588371352
1,15,14.920683835408669,,4.667433295791545,0.9236624582134683,3.608861515038868
1,16,15.4750663792875,,4.968498512393281,0.7519841429992331,2.929667770358818
1,17,13.658871151187531,,5.040445139429141,0.7460365300293246,2.9753772660846183
1,18,19.661284586229208,,5.194784331693935,0.6264223288392152,2.6460786522025215
1,19,13.696177165271033,,5.892644351723668,0.6757178918929716,2.8851074538799577
1,20,15.178749050862034,,5.74391220370692,0.6060044811238434,2.695423419692023
1,21,14.58790660545311,,5.545512732258314,0.8524946858137543,3.456173719836397
1,22,17.037082217365835,,5.646103952836266,0.6035968616952196,2.7224536794923773
1,23,17.422236144724867,,5.9763684282403755,0.7471777201294199,3.2727710142996433
1,24,21.922080667503906,,6.022843881160285,0.7157076991778686,3.118595685634068
1,25,13.95529612619293,,5.740631076969538,0.8986526603449994,3.861809086755885
1,26,20.414302206380903,,5.470573044723481,0.5801888074345847,2.600506739551768
1,27,19.291317416438147,,6.258413759710114,0.6290862265598536,2.777003902846222
1,28,16.49181393100543,,5.939273174647596,0.7294446438891455,3.091176500590488
1,29,11.27658095106061,,6.075451792505911,0.728581712429965,2.990769970985116
1,30,14.478026180653936,,6.216283979992697,0.5401289792323034,2.552796570143136
1,31,9.828714173461776,,6.408017083968495,0.7045513198802187,3.158496991907695
2,0,5.883502700662902,0.2279618079278503,4.9334536329807195,1.022265816547173,3.314371204523594
2,1,6.049288694405776,0.014829356385598135,3.4104453549941613,0.8097226759661913,2.6386792398868155
2,2,9.065593824974357,0.02517668914133947,4.59430009915123,1.0093799801143382,3.5598610243908015
2,3,6.083388491309056,0.00445361764996416,4.677301807574164,0.6498635942899913,2.5134356264335027
2,4,9.705960751154526,0.08736477388842699,4.603344007981552,0.7171720062069449,2.792157687506736
2,5,9.334744329591118,0.02494840539183967,4.402497690845863,0.780137397881389,2.9169303099007746
2,6,8.83594547402068,0.0030357810019553443,3.495099788473085,0.6856904406105278,2.5216953986639727
2,7,8.79258496587029,0.015292282428267957,4.145597762235726,0.6282543246733185,2.444405774957327
2,8,12.975398732282729,0.051906638990439215,4.661367665274163,0.7826681476009192,2.9246341153932116
2,9,15.128085741434862,0.051654295574637216,4.120730943367393,0.8657666548348484,2.9655378379120636
2,10,15.473111995602043,0.040311370105590105,4.390071921999088,1.0454392471117835,3.80531625231569
2,11,12.734656178168294,0.08438570685665281,4.003069212628969,0.7538522194455233,2.8071384430970086
2,12,10.919014695325046,0.13267434441076714,4.1639330001948345,0.5772125105307797,2.245796254787687
2,13,12.657615618564877,0.0971892056051523,4.344233198245217,0.7411348934606359,2.876958177390222
2,14,10.93579282299585,0.024494318438862996,3.1061452167490127,0.8325930041816405,2.8651095245601432
2,15,10.305375417553845,0.01953970317735646,3.5559060045096738,0.8729645710089651,3.19917505443203
2,16,7.24964532386131,0.003767375056314967,3.009356894268425,0.8441224208613765,2.765871703304041
2,17,6.950682134915611,0.007839017200434078,2.930361660193869,0.8222940793031555,2.7633705376782975
2,18,7.296266779055263,0.0003602087430317339,3.2863230133032584,0.6106496382372488,2.306798792698332
2,19,5.96081100832854,0.0011354434817300281,3.671912967479619,0.567117893343033,2.3458775405516183
2,20,6.227194402304612,0.0008689734369722625,3.781037187180129,0.6023763627363548,2.4354805253052287
2,21,7.084994834564499,0.001151664828665704,3.51457729340986,0.9061363169903363,3.011877597223108
2,22,8.269778429143829,0.008527107235510315,4.198874459727777,0.669445273227991,2.6091350090883108
2,23,7.609956858018128,0.008881509038017741,4.013361816529057,0.7771600039380449,2.8210679347302965
2,24,8.99507808441268,0.0011026228305476104,3.853029408574715,0.7604577183568213,2.730327289796871
2,25,8.905249167538072,0.00495901449699617,3.442596480583692,0.9682525956025527,3.1841913602018685
2,26,7.58461835218725,0.0009154747771085794,3.5452909358822517,0.7346318566969567,2.6413995421747876
2,27,7.807481850153209,0.0006784133631423981,3.840768162563511,0.6509136626527221,2.4749680182305336
2,28,8.499485751285707,0.008065261952879535,2.35527472420418,0.489289456944789,1.9746895272282925
2,29,6.814571623647461,0.007845568002163808,3.1075968021159706,0.5017334439266383,2.088079886631965
2,30,6.207844068369756,0.0017501946059361115,3.1422531980675434,0.8186498948238343,2.6799196991885244
2,31,7.105169841263173,0.01691306751685798,3.3283889038644636,0.7468586593893329,2.6230321373721526
3,0,9.235206031573199,1.1681469895926244,4.976094863921597,0.982309403363752,3.348695097836645
3,1,7.7709582113764455,0.11927936903789957,3.4499070109544245,0.7982291534462069,2.5686956381037254
3,2,13.196989828658383,0.07130143294419591,4.117603320793998,1.1433122577743768,3.7833503046330224
3,3,11.75921490265702,0.16884329400604836,4.326651844994961,0.7472095464109749,2.608518210283378
3,4,12.031508156660067,0.2566181031440114,4.6612427456092576,0.8212714060911877,3.0247988636391767
3,5,15.120154910108601,0.18633646089229375,4.592372027057399,0.9129445525615072,3.2584490917647337
3,6,14.242319157128161,0.25419402545068337,3.6151814874265704,0.7425035707396055,2.688641673955344
3,7,21.191266383986704,0.7184202267939563,4.431133731226398,0.7139967937637302,2.6744153572977285
3,8,16.428761364842707,0.41528312283545277,4.179149180280702,0.7936825291280192,2.8782701835282345
3,9,14.434614866707575,0.4422194540414921,3.602866529988619,0.859759344411267,3.013809133636831
3,10,19.801446037554282,0.4764678387605819,3.502819646768692,1.1170507060506485,3.749068953941132
3,11,18.552557449167487,0.5854531426583796,3.559617191652104,0.6960004101360324,2.6929754095062783
3,12,14.307843482384204,0.5353661494541777,3.922923605861037,0.5311780657898701,2.1675444728820263
3,13,17.989656866633645,0.5676655502443912,3.774960685783724,0.8001735914994477,2.944644539702827
3,14,18.530298222562024,0.5122798891416951,3.167363358113332,0.7110601043279092,2.6205441822162143
3,15,11.93680760170801,0.20446639383598444,3.698182283366658,0.8329654561566073,3.100389768058848
3,16,12.906647646621003,0.19194944970822214,3.567718612902591,0.8424140029122604,2.8646001868395015
3,17,17.913912773354745,0.46545721821888586,3.7475591594464746,0.820522603258337,2.9387996161200576
3,18,16.76393269721784,0.19265353682973313,3.997470963392487,0.6633172214739207,2.5436420668638267
3,19,21.487718554555062,0.3156077730399479,4.343680505288527,0.5679635283703739,2.4183406458947516
3,20,19.53679995183607,0.34284351533340185,4.0823177657789245,0.6268977707212215,2.5539556807370865
3,21,13.131857629146321,0.34784612310734175,3.82219060101858,0.9387181934232802,3.2031288895144723
3,22,15.521879030745609,0.223277082553896,4.122105470947027,0.6418106041958387,2.6368638436235887
3,23,14.585563546014322,0.17358748744492258,3.9016906219901153,0.7743903748010905,2.8991377861978607
3,24,13.930228863646686,0.10776364336016508,4.038379044364157,0.772584490998983,2.8593275606521797
3,25,13.223638547845326,0.11136961282653622,3.6775272621034616,1.1146457004637695,3.7478918037560898
3,26,12.217433474656703,0.15442759513300627,3.467595821142633,0.848646215111752,2.9616339557428617
3,27,15.357010552120737,0.13656150685429386,4.037299259279145,0.8321933473275029,3.071979579944902
3,28,19.580391477338242,0.5543876437475379,2.95359052804547,0.4935983452308399,2.0810986018950746
3,29,21.399403162749188,0.5556925702151574,3.5628903295189662,0.6432572439060706,2.429384779574632
3,30,10.290164468907532,0.2470216609007042,3.1611471785921816,0.8500377945037139,2.839462937697288
3,31,19.04230488857234,0.4109045325105385,3.1010360953407012,0.640324758317679,2.3962288403341647
4,0,9.96672900995221,1.4041931613007947,5.106972430302719,0.8872839266268784,3.1766339499215706
4,1,17.825158934566605,0.3683285337400256,3.844379908450609,0.8738264837495784,2.985793809461163
4,2,15.417466188980136,0.10417721314757779,4.684011176617726,0.937240038925804,3.4534422050669398
4,3,12.371357221701095,0.2606215686439609,4.331382088269153,0.7504180574285204,2.671917688603653
4,4,10.822897669899703,0.26845092426156353,4.634822867214591,0.7343720369341993,2.765215907909753
4,5,19.43074189558038,0.33438157721858586,4.118714565625921,0.7726689335915191,2.887714155075194
4,6,21.221113599563818,0.7162324383145106,3.62933220859596,0.7106863010402256,2.597022775852863
4,7,29.87863955813557,1.9405339364443086,3.4859069924519805,0.6491759746011598,2.4194690936928684
4,8,18.723894278902712,0.5113018161785411,3.7736061595445882,0.6570490643889171,2.5882262158642537
4,9,29.583209973496253,1.1415832844237745,3.1000633472684864,0.6221096801689914,2.3507430089536445
4,10,15.338416574923723,0.19013679668647177,3.3797494604426364,1.0634979001774374,3.5018441034274534
4,11,21.630971946724102,0.6836248455720386,3.07251495534599,0.6012784411527043,2.3710257850045022
4,12,28.12178436792318,2.5019243518889605,2.8923510809916353,0.3783538934947277,1.798395856921025
4,13,22.524940485099442,0.687232371774634,3.343007857751017,0.6146808595676365,2.433407145331675
4,14,12.941057416088178,0.08719399850536935,2.9755795441621147,0.7257726846258117,2.611113518149382
4,15,10.698589001905955,0.17961700599028113,3.720122959424316,0.7716152971093964,2.902559136612069
4,16,12.435434011299915,0.29071217919692355,3.573867172095129,0.8755856665757165,2.9779323550510783
4,17,15.035421748559195,0.3416343791068495,3.719053889952809,0.7018866609081584,2.674289459371334
4,18,11.695400644766412,0.22787660846065047,3.915548949936219,0.5480575078050736,2.3175491100234784
4,19,16.423249290269123,0.19652504141219113,4.423469729105621,0.5652974486085665,2.4310784513050003
4,20,14.737238506261464,0.2525947332129368,4.058490272415602,0.5868320845781181,2.4427021883301845
4,21,14.430857423177738,0.43713695627875265,4.049473813366295,0.8662665083465537,3.0764689085626316
4,22,20.018621218334566,0.4895458124902281,3.7429894296388615,0.6519698875123594,2.580869757236405
4,23,18.1528700393922,0.22834188750595347,3.895292973087322,0.6121203849035051,2.5029986549875254
4,24,16.966647484875264,0.22597023591973003,3.8150192295665386,0.7305336599538279,2.778812320148407
4,25,15.106529543852893,0.1995924979276391,3.684603307664936,0.9583073210103454,3.4105491518759443
4,26,15.738807811627687,0.2372121449428306,3.4598882987106085,0.7311457926348517,2.6971886108205743
4,27,11.622025007012581,0.08103882160679123,3.8459448819378745,0.6732408542672084,2.694131506933526
4,28,14.659875462249513,0.44972409042644224,2.8968555781787986,0.4658986141439798,2.0383986850365208
4,29,19.972361069340717,0.39038993868446326,3.702284822100111,0.6193444807416957,2.41771253040327
4,30,11.025561058323676,0.18757911857646176,3.0354780997940596,0.6699683205949132,2.451293858277794
4,31,19.910425051857494,0.33411660043676483,3.0652517481065362,0.5533243720878853,2.2759425468540146
5,0,6.117400443023735,0.703543732543714,5.2448453336302405,0.9370402732254508,3.263678105879342
5,1,18.954209507904928,0.44353984218122056,4.261983424395924,0.9168643632017552,3.2953381306906726
5,2,23.753980420272956,0.4641458613345044,5.072533129151797,0.9668708754730604,3.6427070151006835
5,3,20.22649202758747,0.6804036618362485,4.567982371806339,0.724455435563625,2.696468769094868
5,4,17.77653512516165,0.5577493665190494,4.556623430521768,0.8194581321480445,3.0555764624022315
5,5,17.27522134672244,0.3697703026573308,4.205505049918495,1.0037738018457656,3.552257472854626
5,6,20.13042683898106,0.9417692721607674,3.9324798116984514,0.8388806870039938,2.981823133060404
5,7,35.38176288276219,2.224168873807142,4.379309482379407,0.8307154364316975,3.09334729246537
5,8,24.543083062367806,0.9585500920835381,4.4729757859192745,0.8586002525866903,3.2114959450233154
5,9,37.96706693479226,1.7664223684874238,4.0614909339337135,0.8981908642592211,3.25738048781875
5,10,24.896469900912187,1.0439848165736354,3.9704292108719947,1.1093305946615413,4.00078695921928
5,11,31.902524268932027,1.7745685817273942,4.032041989600934,0.8517673748978405,3.20341437464268
5,12,42.20638384222045,4.877540434119273,4.432994804823691,0.637986504347011,2.5161008190161027
5,13,31.912715519539702,1.6106093015016891,4.046756133886542,0.8276865356557472,3.0873931793061713
5,14,34.0885923646009,2.6935677980476838,4.092028941081699,0.8569735982827567,3.182064360032207
5,15,21.526495597346837,0.8954891282762654,3.410414013689567,0.8828402136085085,3.061124732727303
5,16,17.11372124659048,0.5596302743631387,3.126410744463266,0.829457642759138,2.830955966190699
5,17,20.77638180175652,0.5096658156609205,3.384809024425518,0.8231779861611677,2.9921070016467657
5,18,17.171331480480916,0.3301891956851648,3.5719682476609393,0.6223657289360527,2.430706520439359
5,19,22.939912998930986,0.5074115320346768,3.98478991732184,0.6109611214201323,2.509275124906588
5,20,27.92350275616164,0.45958734448969984,4.162503759550068,0.7032296698008675,2.7767349135182346
5,21,20.02021449039467,0.39103779618826273,3.862433359524951,0.9036574319881194,3.1175460945359985
5,22,22.79180066832223,0.5595193831918497,3.378820572758408,0.5952797575938886,2.4026724045316286
5,23,22.839536835602367,0.2931671726502708,3.3374089134624145,0.7001314374118226,2.5927375093862253
5,24,23.427525156318836,0.37788672402791557,3.5887659660718576,0.8268557102543266,2.9986524583570753
5,25,19.55918661741601,0.14901051985161465,3.399449140720997,0.9531971740768532,3.2730711345196255
5,26,18.651414999423245,0.3538066832832571,3.437072336255695,0.6215856494530678,2.3516264573167542
5,27,30.380362739738505,0.3953256028354665,3.972475104380206,0.6986379751491949,2.6684420896825243
5,28,16.794161161195788,0.49939308637617486,2.7798955327952166,0.4810340118523855,2.0587572481305627
5,29,25.26799151985586,0.32190855267464136,3.8239585665545386,0.7640175058684804,2.8869204735686194
5,30,17.39471902439955,0.5656134689454891,3.326253798725385,0.8551447975030726,2.887197949610262
5,31,39.793269419268604,1.0032823994412574,3.974388806212924,0.8576555278846558,3.1844620707236584
6,0,15.57319026134705,4.363504580610323,5.383461121064751,0.8903113070437936,3.1299115283719536
6,1,15.033516773107156,0.4565468754909938,3.8537914902427306,1.0090413154150313,3.3216054305312808
6,2,25.473218251941876,0.7686357674481294,3.9557337483718458,1.1821913669316668,3.811246224587538
6,3,22.87384133880147,1.2677313188921429,3.6584599847231125,0.8621121303619992,2.979040158671349
6,4,15.153197383701158,0.4970358382526546,4.2140845582714395,0.8991250859734139,3.1060352004055245
6,5,12.679038215591548,0.14148866040109614,4.119045078583094,0.965129689990933,3.3758005709417893
6,6,15.800031426755446,0.7513455969701269,3.6504817040787025,0.7977842858302426,2.8776432514188675
6,7,23.52008302473847,1.10483311600984,3.594520494436814,0.7503131087304893,2.657184526523711
6,8,24.059494173798534,0.9041290441775186,4.24338788053505,0.7781788404924628,3.0724973797806543
6,9,30.02034121281538,1.3385488275548092,3.4028326117055334,0.7147945825203461,2.652208172064097
6,10,25.613469492904947,0.9091056898857477,3.660882241014167,0.9424863948227982,3.438366899500342
6,11,11.98355031417109,0.3210740064297404,3.6647051716062102,0.7384823028156711,2.8147638119359346
6,12,19.47175978183416,1.3290279263625862,3.6991179427632614,0.6137071985951588,2.4211619057345604
6,13,28.976752225967246,2.2507658549499974,4.307331003832761,0.7673302066369327,3.0431017306089427
6,14,17.628620843904173,0.5874606619218994,3.6957250084794295,0.9827951441990028,3.6178004769529375
6,15,32.531257642253294,1.3315643216040156,3.5580983530233246,0.8292355487934246,3.1749165419705565
6,16,18.757628779477333,0.7272825083126528,3.533572293646551,0.8003749079000775,2.8784186806835925
6,17,23.44084441417791,0.4771529043371141,3.7888069958613277,0.6705756158521226,2.6559107408036158
6,18,23.447263700981843,0.4366385223162783,3.9947596450334055,0.8232382446139326,3.0203186660526686
6,19,34.21470947498947,0.9544114218630535,4.601257671201365,0.6839555759525089,2.7675081628901537
6,20,28.47416851441197,0.6296573935727079,4.614697937057663,0.7003070519828647,2.8032350795667966
6,21,20.155494570200005,0.3059948455303235,4.118803097366868,0.8155997576868153,2.922137761207393
6,22,26.883314546279486,0.5511638642074548,4.147947774140381,0.7717957159298043,2.8840222065864096
6,23,19.996845860429623,0.18347672640786544,3.8771082607439573,0.754428526438979,2.7694719398879193
6,24,18.23018471795581,0.12796821643808445,4.070712427617405,0.8562764628641091,3.0824156817950965
6,25,21.44262432646721,0.20193191948749445,3.5907620051504,1.006891804835334,3.462283366299156
6,26,22.747416482922084,0.6497146239309821,3.705528809086337,0.6730160284328615,2.5231666010038425
6,27,19.618412567704297,0.359442115234669,4.082873768586952,0.7740475601487979,2.8935432724892
6,28,33.30344389817156,1.0815685889674707,3.42015882897035,0.6570770636191225,2.568505719748085
6,29,32.87702439047267,0.9757532920044253,4.199862173150054,0.7266293146245557,2.8184976359135705
6,30,25.306759542376838,1.5544122327235468,3.9295316908973588,0.97647047013493,3.360365295145491
6,31,26.325335071458287,0.9131529031188896,3.970628670966978,0.8107095160634485,2.994928836287409
7,0,12.339280265230865,2.395200321706939,4.962436864058729,0.9094848028875919,3.2935562388403965
7,1,15.329770761226026,0.45127502919764506,3.787605246614702,0.9106953993388975,3.1699322274903077
7,2,22.555801839342955,0.31294931618469785,4.279537010640575,1.0413901665135112,3.609470119781384
7,3,21.090382532873825,0.3614204887655965,4.060035571093609,0.7462892980229023,2.77023101908325
7,4,18.734222047840536,0.5536381043280684,4.675101086655115,0.7488360864808756,2.860207331618573
7,5,23.877130712833,0.8146213823574866,3.8053300414770836,0.7388182108901011,2.7215500571405515
7,6,21.244308034638124,1.1237733967406267,3.7397588444420777,0.5192668267237708,2.2141447043450504
7,7,20.63879486486696,0.6365562627119379,3.1362402132672336,0.6216914724833176,2.2807904158746806
7,8,33.50728818938339,0.9622233750304008,3.140361088112865,0.5842268667864112,2.379097389303668
7,9,14.105332332834536,0.12554849450973243,3.0968809870576726,0.4647088827566206,2.0452130328060183
7,10,21.244936820682177,0.4366371564814935,3.196800955380144,0.7851923119898605,2.7663659008944697
7,11,27.39573137684244,0.954320272619546,3.479032313660167,0.5463788961470546,2.252769612827804
7,12,16.943132007348794,0.7720225369470246,3.4051206223978028,0.3974623283477734,1.8596008450105064
7,13,25.54198751105483,0.7561144203724519,4.173555442287163,0.5962792911539614,2.5574610777233966
7,14,25.03119822550969,0.9492760236991524,3.90509055119976,0.8111170032122388,3.0679880468532343
7,15,23.967302496760645,0.8947444165690455,4.094969931678371,0.6510326677686606,2.714493611460006
7,16,22.244544470548245,0.7006496012486736,3.877559136874127,0.744527049983815,2.7790470787576007
7,17,21.066715141578072,0.3577586219136615,3.7030424427260877,0.6022063260533086,2.4767269734375246
7,18,13.317861227266695,0.06953806480947541,4.117504686161409,0.7705106881988817,2.9594758177384684
7,19,17.479963754349367,0.1829829896864129,4.130498461347906,0.6134925891943688,2.54069399539692
7,20,14.473597933014117,0.09823272911049949,4.086950417746634,0.610347841841973,2.5451820622180374
7,21,17.06511967996886,0.14568269872125988,3.7186006798066673,0.6565392950868167,2.5440919607565986
7,22,25.346059508735234,0.37183792941031985,3.996506174852855,0.5783274871210056,2.463091464625868
7,23,14.084975214280917,0.16428059365996198,3.716065126299134,0.7221970690100354,2.7072148704215317
7,24,13.860218718923425,0.03154192598341121,4.122175735180926,0.778900254553597,2.952787839839003
7,25,19.248277282168996,0.10130624808561456,3.680699689758687,0.8245877605302123,2.9899982381653163
7,26,16.203820453206525,0.12241475817319547,3.601918116664712,0.6682391039941225,2.561404127202996
7,27,16.658611088910554,0.16425303638034383,4.3167503859520755,0.5674012239053532,2.441648088852896
7,28,18.172566103493516,0.3003978719833956,3.048832620009448,0.5406279619071639,2.1566385067922385
7,29,28.727248397004562,0.6101092098302786,3.389682035062322,0.648402802261709,2.5239115862337544
7,30,20.782506314925065,0.7196192180820611,3.466836402881312,0.7076437617804299,2.5445823714901117
7,31,17.565118268426012,0.23735298855911785,3.8064878371500175,0.535704462748952,2.310405219476559
8,0,8.67258442798392,1.4821147200962015,5.028756881454278,0.9988590915443103,3.566887720777815
8,1,10.328975088071585,0.4897212591643394,3.712397800852213,0.9095484386292005,3.1022842697861543
8,2,11.507476415257848,0.14867605529102226,4.595109364390128,0.9471789792234562,3.366384602785561
8,3,10.616133784783617,0.07935681050100951,4.143093690639434,0.7118919365186835,2.6825178974648156
8,4,9.592033821826721,0.18023703313175193,4.443081232541028,0.7569101007091845,2.7922438596413506
8,5,10.538253836859283,0.11705657660993463,3.7779395063922876,0.7984599890060804,2.7795483033898836
8,6,8.895593604043295,0.09225003763889913,3.6865048317087834,0.5450554808371382,2.2760954699916773
8,7,7.410535058418352,0.17687409940323573,3.3013255610467747,0.5953682226250261,2.259835933184787
8,8,11.266364506429067,0.21140803771660094,3.3300775732079115,0.5173532798974341,2.2210746699812263
8,9,9.220689324325171,0.145801449681267,3.4004737123916016,0.4634964382001048,2.0474458394552273
8,10,11.667502153136194,0.3476721823556139,3.2989624088373724,0.6379929934576696,2.4865162601710775
8,11,10.150382905163882,0.06914354386939879,3.574099030034222,0.5159743537655568,2.2211777919428197
8,12,4.8608863116143795,0.050651503322446084,3.615423868215143,0.39394761191365646,1.9000062630156465
8,13,17.39018416145271,0.22256744331708483,4.0018230731067295,0.5575124616463505,2.4063768540575174
8,14,17.290503298411522,0.3964704711662371,3.475937147397049,0.6618180798247741,2.5931783457630875
8,15,14.351084658608652,0.4853049326115826,3.717245543119569,0.5851152058207587,2.45229895245239
8,16,11.434807206673,0.10666341143488615,3.7158376102291077,0.6854387291765169,2.5916367362444497
8,17,8.893508061579656,0.05175756668443761,3.654826971203584,0.591330041519309,2.404687540891806
8,18,8.206536272663463,0.044082838540891706,4.239894722811141,0.7093267225125919,2.8501866157721945
8,19,13.001188598064145,0.08041469938171789,4.3156402089997155,0.571420138248425,2.442404683362573
8,20,14.095755420084679,0.17615538653776608,4.380160922119362,0.5817384038989424,2.50505658345443
8,21,16.797706369549942,0.2163015380988532,3.7862319144829435,0.8215613269111035,3.01002279856729
8,22,17.216993259683218,0.15150106569420543,4.183334928941214,0.6132833871761614,2.5564356829397976
8,23,12.311303385160542,0.08567247582089042,3.88578498825356,0.8156820058522358,2.9743416672514225
8,24,14.256628239133207,0.07680675986038694,4.129266669449993,0.8018111772428131,2.983759502961409
8,25,15.742500971460831,0.08446785682488935,3.5199311936514053,1.0222009951515276,3.395130751641606
8,26,11.983729507751065,0.066507310411624,3.6701480228285543,0.6997429169852518,2.5975215741622253
8,27,14.215044476944449,0.12011074019604043,4.092394805021133,0.6558773789740391,2.6263360157344837
8,28,10.506061457653223,0.1250289969128467,3.2937039268078125,0.5831275245150938,2.3411895551838002
8,29,19.031756987519717,0.16897101741266268,3.611341368911701,0.5828257365805443,2.385448675527548
8,30,14.862352030851897,0.29513788409795866,3.857614705632312,0.8055610250473833,2.8416773523422196
8,31,16.527684801778584,0.3252560593885575,4.042390692323659,0.6959749779439779,2.7477970433278975
9,0,8.064985009914473,0.931379206167283,4.978709323516349,0.9632791723642988,3.4783982665844184
9,1,6.985484982980361,0.2399435868868609,3.7160646183422723,0.9170248971853057,3.1506860308001685
9,2,11.425720842547028,0.10493476564526036,4.099416194652674,1.1034947126214032,3.7395185255489234
9,3,15.166996906430956,0.4844240617183323,4.394733412349984,0.8364815452616927,3.0130473618930376
9,4,20.248215708273207,0.8479394721682891,5.089382730067784,0.7752000043148461,2.9638193200107406
9,5,30.807322459405817,1.689241042260814,4.637425495389532,0.8245530657019238,3.144024742691259
9,6,24.51942827662761,1.8304228585175841,4.253276148774074,0.7277762650920057,2.7366334911962014
9,7,26.06521832626268,2.1041409745350395,4.215308350079077,0.6995062783701389,2.6257605702572615
9,8,35.25109895899304,1.6853501398808657,4.325430479710961,0.7073019811290377,2.803764702730231
9,9,38.0443490749177,2.2969137539093945,4.399934442666323,0.7393134702898383,2.8596568798954203
9,10,54.19400551268872,3.7861073476676665,4.311032724016579,1.0535917780577186,3.862013613508196
9,11,41.88312597477995,2.986539788386177,4.348317476129884,0.7794262871783406,3.0347951292351145
9,12,38.205202914718015,5.803136757506478,4.359264954642246,0.5962853703650186,2.433848087444832
9,13,39.61156647038529,1.8471868988340705,4.376950489598869,0.7718093486132087,3.059670861224329
9,14,24.051253100467413,1.245094318161358,3.9749788539106037,0.8383335538338299,3.0842358459701575
9,15,16.026630184049857,0.5926059420610041,3.883688311733618,0.742905493096087,2.9024633208115618
9,16,13.961612655819438,0.35452124613117025,3.9153839064097764,0.6849037053888574,2.6585534472762973
9,17,9.62963491865473,0.23927747941281957,3.8857757000596345,0.6421994302416736,2.51009590008075
9,18,11.574797129022201,0.16670106444060276,4.351745452123873,0.6533411961848881,2.655188405741901
9,19,11.651530058678416,0.08194018353328611,4.463591326122394,0.5000652291718461,2.296666659833271
9,20,12.304907677196095,0.1761463698864488,4.273449183943457,0.553166590503329,2.4074493744036696
9,21,14.24799615144678,0.24129800574653604,3.7138112303059443,0.8436067106186909,2.927057342395343
9,22,10.096231660654267,0.08187147592872843,3.9256354293211535,0.6522594883745265,2.621655528227431
9,23,11.4795130866293,0.05598757649551157,3.8729630952063743,0.7796633492020066,2.826905093109018
9,24,12.895441560323036,0.06403734064384972,4.02283895629126,0.8424466662255607,3.078308143692361
9,25,10.024488344493523,0.07382097514719967,3.4847765738941385,1.081394840166598,3.517764318733449
9,26,14.131969107493218,0.1362856627222141,3.4797558951000194,0.8392667454455576,2.8224195010850024
9,27,20.020762110042067,0.12431549427280536,4.241103959803739,0.8255366884491968,3.0258160541215537
9,28,11.240968493273837,0.24304793181316622,3.3042676143873275,0.6327020718550758,2.399647985961062
9,29,23.492557169331,0.27159351410465515,4.091401333470936,0.6280959184684862,2.5042999618963293
9,30,9.623498711739064,0.19998440982373566,3.7202214281388546,0.8033679049132081,2.7639288579396855
9,31,20.453424908197192,0.31113195029269436,3.407006190770892,0.6256547092093796,2.434585573417894
10,0,11.581779557420285,1.8396479657397915,5.134024330093966,0.907274729378317,3.24264159455552
10,1,14.360579484434492,0.30430185786997876,4.240394117298685,0.8846621437135225,3.2053347385554303
10,2,10.100403361925508,0.02740069354381915,4.478728393887996,0.9293933104373746,3.4535869296192736
10,3,11.863326834532407,0.2107191273747853,4.399081503078172,0.7250798485697381,2.8443195774999914
10,4,14.029901369138992,0.37364241076576155,4.688295271070931,0.7267734978013678,2.72405461946921
10,5,16.59278868569013,0.8131188277613068,4.24829231390741,0.8354167775344257,3.0483267979121065
10,6,14.070236426014503,0.5083397196717472,3.9844779574115567,0.7608481014818831,2.750435455816978
10,7,9.942683627007623,0.6617648310898945,4.107260940546713,0.7350109200551387,2.684473346896809
10,8,18.06438283453364,0.5924017728041087,4.705946317229415,0.7303621818610857,2.946477999122224
10,9,19.706926046200866,0.7127011332276392,4.228436220559332,0.7344906224560752,2.8935904340738734
10,10,32.48095048712069,1.5817575035778355,3.9489863089092734,0.9571060252305013,3.4843359061985932
10,11,30.38823168150956,2.159730011176621,3.9689091228720095,0.5399319116132038,2.3450013865919037
10,12,26.04140528154462,2.543342287561541,3.9344236797450405,0.4153544395580884,1.9814798989958549
10,13,26.516211801240175,0.6892932015666369,4.039149493808185,0.6155203895585855,2.5600102318924933
10,14,17.773138111623663,0.47900937700484947,3.7011272793581655,0.7197798345744362,2.791711980875529
10,15,17.872814228737397,0.4284352195246647,3.932256445754418,0.7692571593164628,2.9945347586013256
10,16,17.87588064947407,0.8093342680935225,3.8836446910694087,0.7248256471040206,2.752761373296189
10,17,8.705645366776949,0.12049647660528041,3.753347254641832,0.6820409067403981,2.6665773736960903
10,18,12.030711831022263,0.17847274644871391,4.388511996643212,0.6595285416904302,2.721286976337533
10,19,11.803975651695986,0.16290215411552136,4.317550903742322,0.5799507879187251,2.4625556353911904
10,20,11.362149453746191,0.13802802636820505,4.3075453848155725,0.5921745832129508,2.507795926108777
10,21,10.53060898247568,0.15114002346156,3.824281171546126,0.7308007054854393,2.756970544369039
10,22,12.514392109675907,0.2191260611535724,3.9983684289493135,0.6249280358918776,2.569272995492418
10,23,12.609777962383879,0.06608460634984359,3.8698779998494626,0.5608337534302237,2.360540414354844
10,24,11.687423718244203,0.06239334498545545,3.8532301298280434,0.7671167062658908,2.910841492721377
10,25,11.699572423406769,0.06021142938581131,3.5985172647939248,0.9141149721017019,3.233686935629647
10,26,9.592154438792145,0.018885874794119552,3.3609511321395105,0.8138483402767318,2.8105444864766973
10,27,8.624592460766165,0.04626497878139192,4.071477754455752,0.7235995558270725,2.795891243618199
10,28,7.56893912601901,0.0610038104477517,3.21840548962775,0.5456227525709614,2.224435550987549
10,29,15.576737191174137,0.09170697932053626,3.8178575069519685,0.6340561717297852,2.474728347634013
10,30,8.072871079798322,0.11011405733011326,3.7007139323017713,0.667511128230518,2.494569011214761
10,31,16.20783121753545,0.14226105913014675,3.6281548578732483,0.6137054886721982,2.4856199470845013
11,0,5.033408114818093,0.654489036228138,5.238459659170201,0.9387158138632508,3.354256873534666
11,1,9.225413159214742,0.2280133917280251,4.10984581669808,0.9421862602971451,3.363136010651596
11,2,8.142113035991716,0.02242808992098997,4.427035455406044,0.946522104605128,3.3879518192867093
11,3,13.51148899020083,0.25880309699580906,4.5684834725316055,0.7266412724586511,2.788767337160352
11,4,10.291603148315703,0.11242065550876046,4.6725810935568415,0.7875445666444829,2.9042628977408618
11,5,11.787527474972945,0.31925477550934483,4.336256605618787,0.891693677621852,3.173443542008966
11,6,11.219028879711466,0.35471210022263333,4.1329766285675555,0.7725068958817021,2.793022819398409
11,7,8.122035579919775,0.03983498824194534,3.9820805866267843,0.7264969264059538,2.6627478842552166
11,8,18.551192432459047,0.35719278979641633,4.471225566067683,0.7103972863092203,2.8153090731962966
11,9,12.91285505617342,0.37544643350833773,4.210229009082019,0.6737178651975508,2.7133703854273437
11,10,25.645964016502283,1.713906524477774,4.2858922267971105,0.9680950046519294,3.596483878985162
11,11,17.56419579408537,0.6665748787139437,4.183556494332433,0.6920745345975705,2.7406412870342165
11,12,7.962083562425322,0.015894084591837526,3.8952932803270786,0.4640820563870989,2.096534840303636
11,13,19.580925964548484,1.0175110907234135,4.11513711313775,0.7241554653380478,2.872124787131855
11,14,14.467701407433543,0.5693366292905242,3.9304261668435743,0.7882327380165739,2.985725585676017
11,15,14.29251363372563,0.21587992378764753,3.6734434947284864,0.6756487711787376,2.7329609630254765
11,16,16.19781345386985,0.5094680186706166,3.764430459645522,0.7109505598478596,2.753931102743308
11,17,18.502216956410045,0.48602438233163076,3.9361238936106497,0.7438339922092769,2.916973818334761
11,18,18.65175805481939,0.5141657742536023,4.467002716430203,0.8645294990257177,3.231775661056285
11,19,13.498535013978609,0.19333617485779678,4.260710293211641,0.6898344429221233,2.800737447722108
11,20,17.5079872028111,0.20177325003094493,4.334523418251535,0.735300114227126,2.8970821553578814
11,21,15.615225802798703,0.2916643512342261,4.185753691989918,0.797208228021737,3.0354303367856557
11,22,19.97568657945512,0.309409186089882,4.207025928910998,0.6747836198686645,2.772567888589493
11,23,17.521986451860695,0.14692194073967502,3.7672094898708655,0.6904043610550343,2.644370863059331
11,24,16.66033760899648,0.1266634773999801,4.054901968374299,0.818521832770724,3.064828748271028
11,25,15.836544012192132,0.05968936935055571,3.8356952753327302,0.9837356641288073,3.4100277833440895
11,26,13.086033549154056,0.10951378702644478,3.9406148933014924,0.6604913976145204,2.560124102574092
11,27,13.928848374519088,0.12971781452069248,4.387820487140144,0.614225489712326,2.521310693214925
11,28,10.77402379743564,0.11603367209936169,3.31922145555731,0.6023514530392422,2.369859968895183
11,29,12.876606457639092,0.09642608154530849,3.8050163734352487,0.6401302308706005,2.536053543842553
11,30,10.800969236573126,0.11036866892651515,3.9559525827598216,0.7672138302159679,2.7167938676744328
11,31,18.015424317382774,0.5737682302464139,4.157039849594389,0.672222719900649,2.7115215927696714
12,0,11.442472122043737,1.0520012869369777,4.839386149456837,1.082909705117146,3.59355233487821
12,1,8.331568199866515,0.1458188226774303,4.002526826116952,1.0636844540358794,3.6302047589206383
12,2,9.86292072483373,0.06837833485637375,4.071420393721956,1.1145506984125024,3.7615088963346808
12,3,9.185955794534973,0.1398290046898042,4.086173622460419,0.7414858697691127,2.7786090265689785
12,4,8.49875698784193,0.08075601978266597,4.424707532374388,0.9042807153197439,3.169422993258461
12,5,11.656142176004035,0.18391390950461764,4.193971975100487,0.9885751067222115,3.336070417822578
12,6,7.942416670066544,0.0753868289290722,4.207845438048231,0.8205601625865722,2.9596257552396668
12,7,8.935608019199154,0.3600295124614541,4.111315754042714,0.7895666619669495,2.863684167407594
12,8,24.902431332203903,1.0797880377849645,4.755944179306169,0.8803318026667064,3.2955346263591068
12,9,31.33841431754768,1.8456537919884104,4.6500152903431715,0.9648192345431035,3.6585169998138998
12,10,33.72765748272973,3.2344932551728873,4.645391024935643,1.1188697320606886,4.254927268362737
12,11,28.76083223148208,1.806672703813492,4.526075989347399,0.9393675576113596,3.491230215848323
12,12,42.949338046522335,8.435118547954968,4.73785495655572,0.639046756684789,2.5583008519523216
12,13,43.5733130444426,2.8342834159689856,4.649575905013468,0.8568595908968186,3.2556932913110708
12,14,33.81862741987129,3.283435709027003,4.538696637869713,0.8858335196357858,3.3968288187102202
12,15,39.672119234021594,4.0516649031816305,4.4510969115993575,0.8553284390091358,3.266847262202251
12,16,41.473269761042644,3.0278337766375016,4.441369677845572,0.965929480752866,3.432651711286442
12,17,36.109375876678136,2.5474402004776397,4.4414036705652915,0.8544819179032537,3.222332281863999
12,18,32.095317998477114,1.5098141510523995,4.927822316860668,0.8974537538847267,3.3806326949893983
12,19,34.59846696826888,1.7651819497569812,4.858521915733975,0.781487215140622,3.0930631412167715
12,20,36.89551100717874,1.7950569134084606,4.985926957892622,0.8386916555343475,3.239237671943799
12,21,41.85033886410984,1.761783038164905,4.741093495631377,1.094704869951335,3.8804160449598295
12,22,52.85344746952681,2.427365383549682,5.266629364225377,0.8153631591227217,3.1895347514185786
12,23,51.363889979901614,2.0474104066033383,4.851198766584882,0.8855985300711202,3.2593989563019368
12,24,42.73548126183316,1.5283298451235372,4.692055148626221,0.9817854683769971,3.5109136594514894
12,25,24.886476349246614,0.534473478884695,4.151290083280088,1.0464911163100457,3.5623350560285685
12,26,40.939784771793995,2.149823277052813,4.69635097388665,0.8509852591617797,3.134690738312902
12,27,38.7386268454623,1.280341111290992,4.908643594109141,0.832631410772561,3.11740321876597
12,28,37.32984247248089,3.251317499019006,4.288009903262925,0.7603912513060456,2.9188173988164055
12,29,40.71556323580182,2.347557445096835,4.729391299264843,0.7856790072205913,2.964485162612862
12,30,40.20140690551115,4.038471145840162,4.752883922648159,0.9260922268296543,3.3056288933621727
12,31,30.00588335797154,1.522726818999108,4.394473801441992,0.8273314088971437,3.095834344523366
13,0,10.95753895888166,2.462966601493067,5.0988179325969725,0.9272453997668144,3.351420531256771
13,1,10.750451661531688,0.41044349589344087,4.163916253645334,1.0435799778031551,3.6074728832867597
13,2,9.530807458537907,0.0642112024208068,3.8702497691962328,1.2299018235221344,4.066787758933857
13,3,7.275531683534409,0.0479502147880984,4.065417697619055,0.7665158131922487,2.8027632424749243
13,4,20.22730683085298,0.8477536355965636,4.914737970434324,0.8723987658334105,3.1375707704460916
13,5,17.505566713119414,0.764261940951659,4.475664652693808,1.1377787630088845,3.76250953059711
13,6,14.900627267185413,0.9595642656011093,4.380389949503689,0.8415046651779612,3.02783372337369
13,7,14.927759377259271,1.054644374683562,4.258806550223269,0.864333607299681,3.0221471433603253
13,8,15.019154127896295,0.7178611319009399,4.8540926207396895,0.8924631840556057,3.3579093716144848
13,9,13.396677510908198,0.3072431487445004,4.699651433873654,0.8809516769927876,3.348445324338023
13,10,16.11714223555967,0.5388083079299077,4.590279851940782,1.1725812503105786,4.253825809190624
13,11,10.868833288517076,0.11990987257213286,4.408633284420361,0.8496363904068778,3.2198729430895527
13,12,10.479554526524325,0.43558281691951983,4.745294579987107,0.562671554427105,2.356717044060545
13,13,13.27326875106299,0.3630138157012148,4.606355644980118,0.8529173214080101,3.260661173855034
13,14,19.751129489421245,1.0231820938833094,4.341790072925287,1.06918454301678,3.8000498693015246
13,15,26.119764034396496,0.9332923736528849,4.482464445867226,0.9913756120834911,3.6467575149764127
13,16,17.935676302297768,0.9265824148048509,4.404241687070067,1.0880510309528697,3.707682774157597
13,17,14.42935125368374,1.0111488001528515,4.331510509354608,0.8762837038214046,3.269026761465521
13,18,11.806499424000663,0.2526917432462968,4.960119841497965,0.8594902068150034,3.3048687010396027
13,19,13.254236585422932,0.4482246699260722,4.75179933443729,0.8612431797610114,3.2392661997899
13,20,14.030694499408263,0.47797972168465636,4.589975199200051,0.97435432177575,3.584486208577771
13,21,14.883808645373259,0.87758191178324,4.358517773044066,1.2078510309139006,4.2016158198001
13,22,14.228701656672307,0.2323639708750772,4.7837499737865965,0.9458745266214219,3.581401330633606
13,23,17.728072242635132,0.3666490328212555,4.561908448615236,1.0034053413237451,3.6581904257166444
13,24,17.79432029002495,0.1517268704114081,4.5218328292128,1.0176658119461983,3.6046804690952357
13,25,15.021129030826579,0.15865117568821888,3.9365226091814787,1.1054423145883003,3.6897150978687043
13,26,14.842153326609704,0.4090996394969029,4.386231968536194,0.9709643389005134,3.4513104112287256
13,27,14.19806460098065,0.20565525990843425,4.749030591353712,0.9055313184389302,3.2750663625361214
13,28,24.741596406383447,1.4208543302398486,4.365213236453695,0.7321016469180996,2.8762054311437435
13,29,21.814226194889642,0.6465001532373931,4.707524059675906,0.7956742256708669,2.8956881012293434
13,30,14.132563289219359,0.860727757337684,4.669510965521137,0.8782713274728957,3.1900272863286867
13,31,18.535814723900607,0.5565859160906148,4.180190313789664,0.7147115783250584,2.809505648308462
14,0,5.667859141103684,0.6251243975419389,5.288697049974498,0.9379087543571583,3.3633598954119894
14,1,16.526136718519098,1.188618287319458,4.376543985273197,1.0979029069567092,3.8522533033779043
14,2,31.119451002102576,0.996300405818616,4.593172171878075,1.2572291025281288,4.389329267233707
14,3,36.89472024068988,2.14775137286489,5.045532010432942,0.8432455748748291,3.210793383730628
14,4,25.46178223142185,1.6517166801239274,5.145118607589459,0.9394306265639685,3.493408469829574
14,5,35.423490818533466,3.9992530178168377,4.756253838179816,1.2217578460946452,4.312316269357557
14,6,42.80511315110927,6.436933233505881,4.939886948535338,1.0961097117838134,4.052290348615905
14,7,48.61764908391593,9.952265547521527,4.908514944784699,1.08432173592385,4.010647370423039
14,8,44.31815960795195,5.6297122719280335,5.205663101553951,1.1631444687830257,4.362827670599352
14,9,38.117153995148044,5.43604379350559,5.153874679336589,1.0162036521404119,3.859195675966667
14,10,38.800277865828974,6.098834491967198,4.810429887675439,1.2555555400440817,4.824524907801672
14,11,37.66343080872797,5.55682566804116,4.81532490048154,1.0142399468797958,3.8093117549402375
14,12,33.38802693350357,6.465519721964167,5.091161421757835,0.7311297731304842,2.854159888258163
14,13,28.416681029659244,2.54425453219741,4.710576630962011,0.993117992738556,3.6730779894078895
14,14,31.075992277624604,4.038325740841596,4.460855603974974,1.1851369349780185,4.308222366515629
14,15,23.6424069389604,1.5729657664512207,3.9069602891767645,0.9384283251247125,3.375216297339271
14,16,23.64122387748465,1.573141276518119,3.581745576706191,1.067526620577583,3.63814748346783
14,17,12.302739781238046,0.4173353428278043,4.011875606432911,0.8233966942281308,3.1000402833960066
14,18,20.523354515675027,0.9801205686749073,4.602753616571283,0.8115001434808571,3.113636429980314
14,19,19.821729198138513,0.9731225392747551,4.421780878479547,0.8457685778109214,3.1631120706758455
14,20,20.85930166046797,0.7310319503139684,4.577328768691253,0.9071384638842597,3.444315329164457
14,21,22.106689604938005,1.1616735905734783,4.1485515511226225,0.9599995988616845,3.4747105204353796
14,22,25.533811995552202,1.1346100809378998,4.48503766555851,0.7794848792255227,3.08600257698675
14,23,26.738364346665485,0.7241655055254965,4.207870375468341,0.8132781294274833,3.107112740288131
14,24,18.23290087319191,0.44014576926500687,4.180982909307906,1.044185520070923,3.6442993661167846
14,25,18.714327719772538,0.5009362711420341,3.505219440105722,1.087264169806887,3.4693895935397814
14,26,21.711921579888084,1.0642084689628801,3.917785661900697,0.9582228799895374,3.2850720868653362
14,27,17.168779395061883,0.6948145503707618,4.497624567626891,0.7948612428892634,2.9030652942991386
14,28,19.380912342497684,1.2000787177056829,3.499743179364227,0.7049218099166055,2.708371845920833
14,29,17.69226084916302,0.5516552988095256,4.128570260054434,0.8124029638141437,3.040544072739989
14,30,12.63373669853647,0.8882824116761036,4.243201104573689,0.8879236045548193,3.1589870281582138
14,31,15.691352201195802,0.4337127551998556,4.001867068531044,0.7683229950226105,2.9336328277546575
15,0,11.06794834105202,0.9781967922966409,4.929668164304927,1.0870825470214909,3.614866117255388
15,1,7.888242289868538,0.23989419693849098,3.9472422219519387,1.1115165835512286,3.6532018170242204
15,2,11.772802594636634,0.1208898094794302,4.178620987495149,1.2152492249433404,4.054550836201483
15,3,9.31577861729107,0.18786178057255132,4.764934008818282,0.8620074918650742,3.2196680581161123
15,4,13.845803095662637,0.39868131119382794,4.782662188551813,0.9670547558552602,3.4857964498677743
15,5,16.2245283823858,0.869046886319554,4.260177146342633,1.2563428502768188,4.0736438333822536
15,6,15.221807284879292,1.5037899824952472,4.479656643868603,1.0783461804369736,3.8769290561181378
15,7,22.629084134120937,3.234296036274219,4.401078309161875,1.0786566916413847,3.9165119697179676
15,8,18.074109608122043,1.5116578616445193,4.662857229386103,1.2298526170245232,4.481505902307695
15,9,22.04391067620405,2.3092780179238477,4.689683447291401,1.0600428506001158,4.009398393266509
15,10,15.885586719089797,0.8389912267124289,4.489581063157292,1.2715198676284905,4.746227429304317
15,11,19.13674241047808,1.2393601503182152,4.787919514368588,0.924154805854446,3.461676081105864
15,12,20.56910257278507,3.083486047542876,4.67553201133858,0.6487954696244076,2.6050948661447038
15,13,16.666279466516983,0.46580970767718033,4.501491444841344,0.8647257340979166,3.259144535408957
15,14,21.47491305923927,1.6796174304772156,4.44528726437919,1.0211426840907647,3.8614748754198915
15,15,57.43989690024948,8.501495086158378,4.323120707591085,1.0387531155845107,3.9325353037820583
15,16,39.736830564782835,3.831098893319235,4.098911559078504,1.086652806938467,3.8008924446734484
15,17,42.72540552893446,4.407151529990307,4.635201868583606,0.894251637087482,3.3426915940814417
15,18,44.065613239015924,3.3256599994207847,5.016598442872046,0.8105957792213099,3.1717905710378713
15,19,38.8146505799467,2.9635400138930685,4.739426288662751,0.8694459272172912,3.226026940989609
15,20,33.373107420815984,1.9985748246290167,4.569386226147795,0.9572898761436024,3.447337310078081
15,21,37.28406652346902,2.434763524771235,4.610893544540389,1.1801769011804248,4.192416876122761
15,22,44.655653509490094,3.0859935932381113,4.881738682300357,0.9126359087015015,3.443504113324526
15,23,46.50254299777612,1.852159969849664,4.805063909927961,0.9312891509616454,3.43390121829962
15,24,35.566850352698424,1.1646385630945115,4.59919035731572,1.1045560852911525,3.8726304139484244
15,25,31.128216753616677,0.7981247623259223,4.2367647417260414,1.1462998654129564,3.92801721634101
15,26,34.76950443772546,2.077433339148052,4.581959983080159,0.953489051449619,3.4166506904142797
15,27,28.485083289350975,1.32540059449413,4.775570658649187,0.9711460671798786,3.527080985567342
15,28,33.99156325437972,2.9654475429406166,4.337207950854173,0.8053413056154826,3.107938758096484
15,29,36.46274297590105,1.6916522416294222,5.040655097359163,0.7426309610878628,2.8963562271961574
15,30,28.961609322948625,3.384754339538118,4.803378987530251,0.8316296085324284,3.1199778813814065
15,31,22.234742198563357,1.269793302964886,4.190287821440852,0.7799196158252144,2.9946693680532426
16,0,13.647177311723429,3.3400652583542256,5.284763503422334,0.8792862605868637,3.1428303981661556
16,1,21.660243670930605,1.1512523143104652,4.640209738695182,1.0127869937381178,3.6688954307923347
16,2,24.414456004561757,0.6105774502330661,4.358658648975889,1.3587318887984203,4.62372466879794
16,3,30.399095405944976,1.6625518823625978,5.370926791919668,0.830306542269863,3.115868898614887
16,4,21.445866606099674,0.8900766628009389,5.012905023599648,0.9203749540884685,3.370319178432872
16,5,19.41577381928793,1.9610940275904638,4.822815293292017,1.174215781410652,3.9175069569567715
16,6,21.510979103397265,2.0308880826744904,4.986390390583238,0.9388597467024455,3.3899758613881383
16,7,30.903874237518075,4.121999874382947,4.859440015199231,0.9656146431862407,3.536961185451266
16,8,20.88352341669861,1.9973297000569856,5.118204470207034,1.1010802956620944,4.208844689430686
16,9,25.138042292296692,3.0880476745844487,5.172621714193697,0.9965187569086984,3.7513227482705664
16,10,20.210614829345154,1.7851950370518426,4.795706966572878,1.1201634755070513,4.191008647902661
16,11,16.36854984906703,1.5918164120937097,4.879110140499879,0.9717956713496214,3.635931875822837
16,12,23.655367506827407,3.2296032123679566,4.56979924598614,0.5408447691492686,2.361824267328481
16,13,20.95090550299463,1.5180938569517943,5.1183533488393165,0.7755407480503944,3.14961991905228
16,14,27.08477080839721,3.086037188068242,4.608178212456205,1.020059632155557,3.7398756375046367
16,15,44.27690144232747,6.1236529316266015,4.446415155102209,0.9782922969860923,3.775356611600668
16,16,26.577785982504487,2.44804632822684,4.299715105441571,1.142938335652529,4.011450316532786
16,17,28.550369081379284,3.8084854914135615,4.516555924910975,0.9295338964803417,3.513832482565316
16,18,26.621812021826933,1.8852151384769558,4.977924189117958,0.8929142865330206,3.398020951963309
16,19,22.873239752125063,0.9694784507549368,4.81619943642397,0.8599220193358503,3.3128671910422205
16,20,23.249967016551146,1.6421779661545992,4.652577722147164,1.1916312837005174,4.269595595675914
16,21,19.130727153437462,1.0955332568658276,4.493576118028848,1.157723191929171,4.190729915180017
16,22,22.054929710398625,0.9889805077903835,4.891165299362579,0.9778429004170315,3.719001483074797
16,23,28.743942413549863,1.0783400492820368,4.628185303557986,0.9157421166029831,3.4605218626303698
16,24,20.325020005881505,0.42070467146934015,4.569604759176929,1.1516815382904184,4.102180253460652
16,25,20.717044021576065,0.3496481725289753,3.841852969536985,1.3228398205698202,4.3456070154341635
16,26,23.600256681448542,0.9697944447730085,4.29679579486907,0.9885443611411562,3.531995649036059
16,27,18.651332954840974,0.48737509338268525,4.699217249800519,0.8910494976389591,3.2591585905816602
16,28,21.239896513422032,1.6785598504937007,4.002352320027116,0.7954438852260184,3.0904715008305406
16,29,22.628438092284778,0.36085107863274524,4.591013359994403,0.8783839351768892,3.1648839367179264
16,30,18.70855719006876,1.9050237706681037,4.413431321429352,0.9656580770235301,3.4213558645139854
16,31,14.221123620296709,0.3847137621485267,4.20646578456388,0.8425377956031612,3.206634897892035
17,0,4.2653835985238215,0.23474540042318268,5.193728361457213,1.0097247058708998,3.5039961135226076
17,1,12.323123697529368,0.29518104376549426,3.8554030636461976,1.1029915241419737,3.618931036520184
17,2,15.883561985046674,0.4139321572467919,4.128942969752028,1.4626430385202438,5.037015192668315
17,3,13.512681987885966,0.5412949430839193,4.446666858797261,0.8982601574564484,3.2495632124457123
17,4,13.955649579796344,0.4111498347319389,4.462918062048574,1.0696058350854791,3.780316812046937
17,5,12.636522109472068,0.40097329064970255,4.714397545800472,1.2365094387049327,4.130809721192544
17,6,14.938546707067054,0.7437287247509164,4.419242213615281,1.0986465025004435,3.815189711056175
17,7,19.06217964857089,1.957733630658458,4.402428138410518,1.0680469190064334,3.691386228082961
17,8,19.345891748183917,1.6348959202185886,4.875878548038793,1.2238102202860173,4.569898197195694
17,9,21.915488845088728,1.6430593688416235,4.970040358815204,0.9983561877973273,3.7737577209015782
17,10,20.520343479273382,2.1136816515468766,4.691721747171584,1.2296629164010433,4.604499531138165
17,11,19.19028078321808,1.4774182352837268,4.976907811625056,0.8181255328101011,3.090942066826526
17,12,15.220282699764187,1.2955070054118214,4.407028932677793,0.4662403960287067,2.160376291303776
17,13,33.535243078606364,4.321622208819591,4.72366044782745,0.7457916648551208,3.024369408549172
17,14,29.832030838295143,3.5649515969542307,4.134111784809835,1.1583577766897006,3.966710485190765
17,15,24.639412460855297,0.9869106095366224,4.19505955694955,0.8996580921316841,3.494828462437079
17,16,26.754193295512216,2.842307031274986,4.231439435427157,0.9757399874903374,3.5687567994794227
17,17,22.278624362662534,1.9160135324558198,4.174051680819231,0.962134504306067,3.6703090592809517
17,18,33.61067824451675,3.0924958352471723,4.595669235202957,0.8048635966703577,3.1680954349673294
17,19,27.711710996993315,1.4726363852774673,4.5133254453911515,0.6348341508452426,2.668824147319601
17,20,41.38412203651217,2.669414534813463,4.592337064705416,0.8330985681327574,3.2733808791714685
17,21,32.55409464762695,1.5544885636102521,4.3200883151114144,1.0720982037526365,3.905367338728122
17,22,27.41854828714179,1.7628571025560678,4.513802972105428,0.9383721101912847,3.6163615814824945
17,23,22.367409591382547,0.7135039576588262,4.330373506377244,0.8874759210447536,3.360296330629609
17,24,24.919401396623513,0.5116760602593823,4.4393569901251135,1.0322157382160349,3.7841267249652453
17,25,15.578505258186473,0.10587232206713003,3.8953907722417918,1.2042808494064299,4.102579991532434
17,26,20.840253659145,0.6451464717146551,4.229225060653474,0.8231738280011998,3.0925405449638976
17,27,17.584358376858617,0.5077242352199909,4.727841208550957,0.7102811122311268,2.8302672203651236
17,28,14.47799779049706,0.7718341595364444,3.667553761043582,0.8112500230211448,3.076972723220183
17,29,17.046326530455868,0.4611096582638776,4.226238520516519,0.8891432893289188,3.220129625614894
17,30,11.425234542874724,0.49456494179325167,4.4182394279962836,0.9321455909821967,3.363779288654662
17,31,16.179962019998015,0.3377736157790801,4.191208739907008,0.8104288165029709,3.130048020885079
18,0,19.537303919680177,5.483592581124967,5.515908423002785,1.0784066704296187,3.9178633500703035
18,1,24.84904912573151,1.6909463445806416,4.63874938227812,1.097698265997221,3.8318339120554183
18,2,22.804550994014583,0.6776321823666994,4.69503203177589,1.1496461957033857,3.988846303782025
18,3,32.19342819848592,2.455982246075539,4.416464712995459,0.8746715549067918,3.186576806334818
18,4,19.732336337425956,0.8067989278081258,4.673507615301288,0.9656657928603032,3.38524870928532
18,5,23.626849196849346,1.7093979265748742,4.6604934942149505,1.0602847968833036,3.654633691727264
18,6,24.01021617650962,2.697367356702019,4.64036847023721,0.8691345584459302,3.1947591549223073
18,7,32.545637212253176,4.020442427217001,4.234286118399347,0.8990937411473272,3.1352889460421887
18,8,38.75974312317477,5.553093252139109,4.581047720087529,0.7909563827754402,3.0922131065180056
18,9,57.195639544217016,6.516347241837218,4.12427412391788,0.7145319124801048,2.871750701983192
18,10,38.58468494183272,4.9938254772765465,4.339504271888689,1.0046738504611836,3.785300954758264
18,11,27.22809532522686,1.8875365073622243,4.438519938448459,0.710007261203585,2.7809384561112704
18,12,13.068049408715211,0.42925712566501006,4.363323786069806,0.4399402798088268,2.0734507899956514
18,13,30.293554105604716,4.12823982000192,4.235312851870989,0.6388661955743551,2.6569053170099592
18,14,30.017528342773133,3.223572171534111,4.480350844846887,0.8618503866603504,3.3366759326485607
18,15,28.067228896801005,1.3712761479364166,4.233410059220829,0.9142377496971834,3.5549103032415723
18,16,32.14444831293507,2.5024200175102007,4.537090444685037,0.8316964569471947,3.270667585775292
18,17,41.65792474470766,2.5089253049501137,4.577049004311352,0.8985681715598917,3.424194090491083
18,18,36.54484157931202,2.9261993900356913,4.902850480121199,0.8368814033277614,3.197551922582411
18,19,49.51976523336941,3.016553921390872,5.060990769410284,0.828220492636996,3.139307787455434
18,20,72.3791108558391,4.008500185583779,5.102858972210811,0.9207245519008911,3.41761025667998
18,21,47.651040300289765,1.3358634529340403,5.261856309139066,0.7948884668083931,3.177201126526528
18,22,49.449190749851525,1.4567916646650283,5.3678445097933265,0.8515352530943163,3.21188113070548
18,23,49.53685042113533,1.4221173413011714,5.150630389515176,0.8388475916303992,3.2242972230702542
18,24,47.97791152945105,0.9570654228223094,4.99936734496057,0.9263910214023738,3.411237309156729
18,25,39.38017801988316,0.5775509762269251,4.793993944844749,0.9526956868611718,3.422195125068173
18,26,49.432719799422586,1.4612560123552336,4.745049697277582,0.9277746674983076,3.447926447322494
18,27,45.16320796131899,1.3865476035879962,5.098257928756985,0.894909175131855,3.3041480638633764
18,28,50.39746151426219,3.4576005542292627,4.852037890716012,0.8640788206154628,3.3444193885920095
18,29,54.93382574846402,1.6877369202753627,5.362522337696367,0.8667462896509299,3.372262419191883
18,30,57.788442357114015,6.540374564020357,5.265219447638829,0.8867096296219206,3.3725536369776385
18,31,51.778951034912325,3.0666129247231737,5.159635633940546,0.9321139943602699,3.7205280341945413
19,0,17.3938439478884,3.5844794795484147,4.859915787914778,0.97982958824627,3.321134635946867
19,1,19.103231532405594,0.5200266473800388,4.103306387846974,0.9270645264021544,3.287793972705401
19,2,27.692781173264507,0.33158067154588455,4.6890817353878145,1.0565774670011123,3.816008994702147
19,3,31.193494581180786,0.7835220150965239,4.4875718169993295,0.7636481822399901,2.8715102361735796
19,4,34.46053768432012,1.9744250030993262,4.398222643395743,0.7470516512174221,2.815133779204536
19,5,33.01782698246162,1.8788822420106739,4.138660128234916,0.9576278065112014,3.2137505159591284
19,6,40.06131529509378,3.052176052851941,4.028179852753343,0.6982989439777016,2.7168116027145235
19,7,21.572896928728788,1.4971053092419258,3.945494782747076,0.8066216915664901,2.7884926008161854
19,8,38.28350214231896,2.5589719864012244,4.752549914406044,0.9227832685156843,3.3751487492349663
19,9,37.435344677891834,2.688307105530478,4.39631415622703,0.7842302741606231,2.9728211048860667
19,10,43.32718645317422,4.566540661649907,4.004295179434147,1.1255701659551232,3.88548173511484
19,11,27.782243019162685,1.4810514418212513,4.2681441698475115,0.928457244154905,3.27592928480502
19,12,19.860664304331372,1.239602695396685,4.277132662639423,0.46266183468899325,2.0776008814389315
19,13,29.11934596867467,3.1142384517951447,4.188262427891157,0.744136158202358,2.920488115719211
19,14,34.30960816749721,3.58163883617813,3.9401906640125075,1.1504798396862412,4.05752585873234
19,15,24.144418315188062,0.5607832952988858,3.8865797883105166,0.9307922585893147,3.368593945413405
19,16,23.618277053058343,0.6181437578318022,3.648746967382908,0.9525463591177576,3.2885973548052725
19,17,21.225926737927967,0.3416687909718557,3.578952675166728,0.8122186303493271,2.9522843771805007
19,18,19.687649259291547,0.1527008027613061,4.416913456820704,0.6956983999566768,2.716338405400251
19,19,24.887522587138115,0.13220165245319992,3.635791788010515,0.6539225597240872,2.570362523659464
19,20,16.355432858958814,0.07903640765039334,3.7712757368569005,0.7887188317396059,2.840636301908326
19,21,22.828673519327584,0.21005613847470997,2.8544818147012894,0.6156484047144519,2.3436312012983596
19,22,21.024008151663743,0.17657264376108006,3.8062601071494315,0.747559219248684,2.665070376574649
19,23,20.388478752855768,0.14349398074516528,3.7996628731782516,0.7216792859632082,2.6836728573135447
19,24,18.53480807276016,0.1380139097837862,3.2993327002950554,0.9381029079762895,3.0578074735892002
19,25,23.806743157079303,0.134460596727493,3.3653791983173464,0.8271619308523848,2.8303090638849877
19,26,18.754618242202437,0.22622220258445735,3.6101111300239164,0.8404459612559658,2.937838840798124
19,27,22.676200345514104,0.20542294493385374,4.033219237815258,0.8304794990265378,2.9438597791456957
19,28,16.477193156181535,0.17989260776218677,3.73848340074251,0.7016788906617819,2.6877247040547356
19,29,21.575174842694558,0.27519559341687055,3.893571982555959,0.6531217620910592,2.632158383269694
19,30,17.045338677653334,0.9768869469394519,4.089771777160722,0.9931090972374426,3.4165654863942927
19,31,20.201271540001787,0.5054035831544352,3.855203014233363,0.7802906636874485,2.998514846934523
20,0,26.34576986517267,8.46153685977484,5.068464940834909,1.2242666742362385,4.356026196236793
20,1,7.666721762776661,0.0806890067427467,4.0230271195002345,0.8510550333201277,3.065933230216673
20,2,15.626863860863082,0.21170723533424624,5.057580180496794,0.9559100665834848,3.5554429880011313
20,3,10.75545153417972,0.17642378101361575,4.571729713453786,0.772180473942722,2.9395579412678106
20,4,12.5625385216539,0.6774672060210796,4.826138747896393,0.8446665252609753,3.187663397041759
20,5,15.079827504975032,0.7688946351083884,4.477718959152444,1.0775897100827763,3.6293004678122633
20,6,17.450607026836956,0.9662845657223124,4.326967876398088,0.8023668412773581,3.078249028276866
20,7,20.777161581818245,1.5746533601197201,4.53798322218286,0.9760902930543773,3.433092621652013
20,8,24.23500698812917,1.6048789914130324,5.0347257054375,0.9825250144460895,3.698901848013023
20,9,21.656091875793923,1.759873934534717,4.635043961495878,0.8846777157712964,3.400344844069124
20,10,29.58479144478188,3.085393536338544,4.63258459845677,1.0854796662161572,4.099853030211468
20,11,24.55338420833646,1.4895262495359622,4.730181109555011,0.9875999953191963,3.5995992699746218
20,12,41.65229442864624,7.752988616907436,5.036336487014442,0.6723944582587258,2.705241352358179
20,13,57.39224514601456,11.45087272381019,4.673246139097457,0.9237857877444311,3.5264615752887285
20,14,40.51834800265739,5.805203873270501,4.329151127606652,1.1698887753235852,4.254532749615778
20,15,39.37858421986806,4.460518519105048,4.354215247335526,1.108452103565397,4.244149917690051
20,16,53.81824333132321,5.69558126606205,4.010096632797149,1.1419709630429553,3.877740916920114
20,17,59.503128748007384,2.522915350003104,4.664706935872521,1.0250953630453168,3.828498943784214
20,18,67.06150398452502,1.453786018514577,4.799456231442349,0.9618148392616419,3.45397589431167
20,19,58.969474459174485,1.994639074024632,4.857082169086867,0.9434662883976568,3.4794946233553357
20,20,56.905201154447994,1.9340862101074312,4.744710909366621,0.9856899202959575,3.5869554148256375
20,21,70.0071033634375,1.8390081904566664,4.207305149738463,1.0492485134308875,3.562090481402546
20,22,67.17304716277094,1.848380142061223,4.377268949403932,1.108085554926002,3.6519306994721448
20,23,60.5709337003532,2.718167068172972,4.655577407669659,0.9550532863480861,3.339874814858784
20,24,47.466289434020354,1.3702442255289786,4.042176993921966,1.095990441364763,3.5106245360491304
20,25,31.77298213303518,1.118747749043781,3.445921056781721,1.0699861902931183,3.3698219153643545
20,26,48.29109144416429,2.3796846743505675,4.234773685620224,1.0688899657770428,3.681923249056258
20,27,42.49428623299645,1.1758790981187117,4.422355488374934,1.0405673280135694,3.42766287208067
20,28,41.28249084895907,2.537904353600818,4.3831849379041525,0.8834010189978301,3.272209141365937
20,29,42.28349971578208,1.7756913425982663,4.56884725699748,0.8391637709655635,3.025274507318734
20,30,29.69591944214014,2.902902647128479,4.263298983994865,1.0126986587130524,3.494565912406123
20,31,29.712870261300495,1.166668085227896,3.9104800106002826,0.9997729242436706,3.532881366038932
21,0,19.275895735508733,5.3682992923952195,4.998061987935444,1.0094055571095213,3.6800118352601996
21,1,8.785416775785881,0.23241576977954242,4.027161088096241,0.8402331943402483,3.0188924742647125
21,2,10.871821095777147,0.06813859972711699,4.802747780023717,0.9825077840298269,3.5275738912262087
21,3,9.558174520479163,0.12699176415039026,4.468949820484355,0.7692744828715963,2.9126304855417757
21,4,11.575291834665649,0.3601019285196966,4.839543764560306,0.7158221093165178,2.7522249280205804
21,5,18.794455344465643,0.8722506211544386,4.487800125344409,0.8529316391404276,2.909961541706224
21,6,17.829486343061383,0.8952496123916254,4.369142570215175,0.6747431271857831,2.523623348559218
21,7,18.60509164919965,1.2094890238797,4.017782921789859,0.857091495848513,2.8799836198412962
21,8,15.13226419751339,0.4380011024599646,4.8880446723222555,0.8034375275925392,3.0241755177383793
21,9,15.250515545011229,0.49095341945772053,4.747705027821053,0.6887014120385428,2.7355474229562904
21,10,15.739511212466132,0.3995644110195946,4.867518464437447,0.8536916714344098,3.2454345962874993
21,11,13.858240808858433,0.19662166941778353,4.7660598308916935,0.8860998795811659,3.199033439885066
21,12,18.664462195433234,1.1302272274135374,4.751278996978459,0.4829953777000089,2.1851234565161493
21,13,21.776514509395646,1.6172863227750265,4.783104981028222,0.7551445515247899,3.006597930827762
21,14,9.241416363796915,0.0917786256042323,4.549893404777901,1.0169057002881239,3.7864780413097514
21,15,13.953874721745464,0.3238849550123638,4.691029204724803,0.9436707541054057,3.7146743733920022
21,16,17.407635928316296,0.7545861662968906,4.441697357530179,0.9851138446845988,3.505301728396901
21,17,19.622669242589044,1.6881005200902996,4.851016952596496,0.8914814939007458,3.3932578934506004
21,18,14.596840119829073,0.5151430971022013,4.943523829207244,0.868952398535713,3.261806249725681
21,19,15.99767343736522,0.5038487376146281,4.964327053610706,0.8849367487709046,3.300736269934897
21,20,14.121546422428935,0.4395562578697063,4.867720825669514,0.9748410449524867,3.629231209029042
21,21,18.530748349860076,0.8025342337950592,4.587861767412125,1.0222789691865604,3.6239882312538128
21,22,12.44447733717135,0.3661073124175303,4.733384427210567,1.0254754963825121,3.5494447324645853
21,23,17.410193111238883,0.2879671141439908,5.054031221062901,0.8371361394175665,3.1339033465456514
21,24,11.865044775629443,0.1639174046182381,4.411073333034119,1.0441465588722174,3.497873203829141
21,25,18.714871311624666,0.41447487849600795,3.9439420054772802,1.145975245459319,3.840860878551214
21,26,18.784590047253307,0.6055331030727302,4.432059182628162,1.0722743224886635,3.7617115261348464
21,27,16.299851153185067,0.49499722592171086,4.697175569582209,0.9919535983466119,3.480574717566674
21,28,21.414367032524666,0.9082678082900382,4.137428496757234,0.8769008810667618,3.264634319195633
21,29,22.818107378202477,0.33810788158708305,4.742911842165432,0.8488373876959141,3.06470180767816
21,30,24.329418007746487,1.8345384698702403,4.429703737595364,0.9673363142454114,3.4855458137380375
21,31,20.03073682900262,0.529921458849016,3.9488126811310025,0.8479503123742065,3.126410925275729
22,0,17.23871414456295,4.714171887340502,5.295854376291223,0.9055773734691064,3.1569142587032926
22,1,30.206578447841814,1.489078951035587,4.861565410682385,0.9468607663150621,3.5012042539402937
22,2,48.59168601917871,1.0413871798970913,4.785844886081129,1.1541793961895959,4.052616463728686
22,3,45.93199338794018,2.074012843751477,5.379421692912121,0.8207050637524436,3.1595737554089816
22,4,32.72615187286596,1.3770615304409315,5.1757734687743575,0.95034032711379,3.4681107764159536
22,5,46.453564088985445,3.6876120207378693,5.312029857337698,1.0633460284397973,3.7961722043592374
22,6,54.39077457407168,6.033101648692154,5.386508888849488,0.9773435148213148,3.6916264801462453
22,7,70.21578390250289,10.144875929471826,5.301155142042912,0.9266869084383602,3.3650876930121707
22,8,59.66750754155119,7.968437388202838,5.230974038048642,1.2041207548092716,4.3133506499195935
22,9,75.96999251046594,14.255160414950396,5.370552933939253,1.1026405809891306,4.141528188015518
22,10,69.99038340242015,15.49152698583153,4.775818999689282,1.2356113633367283,4.786254633628013
22,11,58.97913815578154,12.379631214415017,5.083657882437839,1.1091078951398057,4.089897553164668
22,12,63.1814918511397,14.452612643214495,5.478414008630843,0.7183945863269257,2.772464185087009
22,13,70.27013989364995,18.91551912199708,4.695344971449522,1.0428138525505073,3.9316656661489695
22,14,54.68351632435478,13.252734569947407,4.17038750799499,1.2696398591692688,4.451207712843528
22,15,47.81694809099107,7.722605289643575,4.569817141711306,1.1518714230295926,4.282791451532307
22,16,23.170554189021104,2.1195125599922804,4.038957153555292,1.1215399637132535,3.782421797624649
22,17,24.394252735645573,3.0899967729935653,4.702095485863678,0.8793856087797032,3.2843346424087554
22,18,17.930254846870696,1.0509516355033544,4.974768979466157,0.8001600978353913,3.04892317581248
22,19,22.056065183092088,1.706856424527839,5.011788132399185,0.8736967888230849,3.3025320124909228
22,20,24.19890928983884,1.760257451699934,4.7650100134517555,1.0180669813644183,3.605192009805033
22,21,19.550900474773105,1.845118720613654,4.452269155085148,1.0478186244270677,3.6032915217886945
22,22,16.39723693694801,0.45360522731665276,4.988948922334752,0.9110298982712548,3.268609157584734
22,23,19.164357623897708,0.22207772717034988,5.161126950905823,0.7748345672408874,2.9647327677520003
22,24,16.156365504565997,0.330946260668586,4.369046433184836,1.0346126686581627,3.411964378294961
22,25,19.149832240838474,0.2309623242349632,4.19049926803649,1.0536157514220346,3.576576060793906
22,26,32.08113040964101,3.629526248458618,4.616922190181718,0.9206683754634142,3.302140605785174
22,27,26.137357699327772,0.9148710714646537,4.797236931473462,0.9272602005449109,3.274073322642613
22,28,40.86673611889556,3.7482220233938417,5.046724436960911,0.6751500616366348,2.806223817491022
22,29,26.36411029785925,1.6509065540096466,4.862025601375682,0.8059295998856717,2.9898357943194718
22,30,33.37050829340595,4.789700123796784,4.763979310561511,0.7948440545089435,3.041081393720516
22,31,33.02574807327138,1.6413625326198074,4.581634100118018,0.7618014147448084,2.992189938492017
23,0,7.224385828527488,1.3780916874251143,5.3556776721039565,0.9136583093018746,3.231978208735942
23,1,15.191462471425671,0.38835893978212693,3.814414820447725,0.982502438771796,3.193876411041634
23,2,18.82441199849564,0.42761685351132334,4.2225271938497375,1.2337041858041173,4.153743885639057
23,3,15.181591539763389,0.317604706756599,4.642387975878018,0.8135616812575233,3.027540065199978
23,4,14.945960056390701,0.36101480317744616,4.418405353048106,0.9326586432094874,3.2670501770270155
23,5,11.85390697662193,0.18448048500232056,4.986809853863192,1.122180891522012,4.005108892293177
23,6,12.324802145107583,0.24058169348706399,4.609540713488092,0.9691701271425037,3.4749581937608736
23,7,13.595392337696014,0.20564518927651818,4.295620709543147,0.9233311980565428,3.221469343457019
23,8,12.065986851992461,0.2761800573393972,4.665330847152436,1.1734242254331146,4.152945196423644
23,9,11.906659058724564,0.5278031145721905,5.154858164957334,1.0643504013297775,3.9165334140463126
23,10,12.30562812987636,0.4343312588734315,4.404897338775332,1.175053963015551,4.378037545153443
23,11,10.176846935398105,0.18969208227113704,4.951461835383747,0.9661365708079215,3.644539308810945
23,12,19.00477574080964,1.1191697019486775,4.5734564210333275,0.6708885975878562,2.6431647326692733
23,13,20.862291972321987,2.653842765734081,5.135944293879087,1.047256180803469,4.032637131368141
23,14,26.145993759209805,4.813578192813424,4.403702566097014,1.3009205644830129,4.75013572660216
23,15,34.596342661208936,3.900218580544647,4.351126198468723,1.2414891243167565,4.700694543578157
23,16,39.05076831648832,7.054404345210367,3.833186226741499,1.353778071226226,4.761004207174958
23,17,30.00337441312343,3.641465494574218,4.696011237102823,1.0471251917901796,3.9781419942718883
23,18,36.118974860302984,5.482216030457269,5.105770295275773,0.8610992990586626,3.300710243346647
23,19,31.550335145162826,2.9928616980206835,4.893135817158428,1.0469524873068448,3.8425316999147916
23,20,32.72828817708597,5.402828154362051,4.967929524129158,1.0601752598464316,3.9247869918561964
23,21,26.919936918452734,1.1444806638195506,4.323400328858394,1.2172456054196017,4.267255632992033
23,22,30.874998849506074,2.1397366818770287,5.061460564689076,1.045669258655229,3.9364332368061463
23,23,36.33109293665187,1.3969929344697185,5.09186307370059,0.8370890975311847,3.196306170158249
23,24,36.76033896762089,3.59942531827725,4.594573949298228,1.141952681742767,3.951351781314648
23,25,22.374316489227787,0.609841247951721,4.133542227673803,1.1694814306779069,3.982936037357003
23,26,26.746212681020303,1.6805841490813251,4.620542766257364,1.000601458833188,3.6139378302207334
23,27,31.539808260493608,4.009928444699975,4.906038343267588,0.9375142355202479,3.491898807453985
23,28,27.699043100321703,1.7622475042145043,4.882934639984017,0.7946783832044169,3.1928693241393464
23,29,24.891367367872128,1.4731705246459692,5.002653855315978,0.8841010587445197,3.280834659285485
23,30,31.30779197522481,4.187356662911265,4.848875589693391,0.9733510730932524,3.6604804277040395
23,31,15.565826303669263,0.6402368421454695,4.477282222893297,0.8652256051451737,3.2599939012360504
24,0,19.490740665513023,5.767970745248389,5.091380480856946,1.0827756315172659,3.9196821761425635
24,1,30.445523821321753,1.7429065852876007,3.9489609570077797,1.123560236660214,3.7623960758376707
24,2,30.38182905459339,1.1339480057443607,4.227299097840631,1.235116369548411,4.166854494162005
24,3,39.80172203020501,2.393146634140896,4.406835894224329,0.9005629048955619,3.2710425870702773
24,4,17.50160266421564,0.6009041307084626,4.523683354519652,1.0067259912247755,3.515735185687902
24,5,28.550713565507888,4.187456846566518,4.322405374770088,1.2986929023180975,4.28742834478244
24,6,29.742104432203178,3.364261874597146,4.316125752121741,0.9874410396557991,3.6444895166717
24,7,29.84997421170869,3.6586519443884193,4.367647071286239,1.1076258669802712,3.8128420305485853
24,8,28.088509229515136,4.183658330702303,4.960256959164333,1.0949728695736365,4.006308452383762
24,9,48.00066918708754,9.881622642499195,4.677601749969028,1.1199092163340705,4.070171486824016
24,10,31.28236130422876,5.127224994575308,4.432753882695326,1.2976329752540794,4.934076155134439
24,11,36.25782572750582,7.345528244328555,4.64361826850231,1.1742228042803324,4.237576993176755
24,12,25.33162043576013,2.5623296434968417,4.82563883067534,0.619511472205807,2.568962182326153
24,13,26.676539503752544,3.4547789943661957,5.017236765389491,0.9339733131234285,3.659271790383787
24,14,26.106406768871636,3.140812042652783,4.640362388083149,1.1293131032926356,4.23773707215054
24,15,29.66280534736293,4.138571292008374,4.913394290015622,1.2689443010147583,4.939076756790147
24,16,33.013921679784815,7.103892085432737,4.753589641719992,1.1274059068235154,4.113540605174137
24,17,29.395578903476114,4.090979355683449,5.033525305241935,1.2512872273508462,4.840085801902079
24,18,38.570124731808406,6.806804790932194,5.266381963144762,0.9732489707600349,3.7278445128118367
24,19,27.77052433153779,2.9200507286262605,5.138399261361883,1.081644275558098,4.007836367137634
24,20,39.66756662743674,5.888332120221239,5.183507972350457,1.1093314507562173,4.186886103274551
24,21,26.10250019399509,1.1935273340557844,4.71498945373658,1.297452283689072,4.740039971467769
24,22,34.016875388745866,3.157970340387707,5.034148186325793,1.134795847846637,4.21249752061531
24,23,24.413305714560448,1.338792974760466,5.041160822396954,0.9419295874533287,3.467151689635771
24,24,28.966042991123757,3.5364263481657927,4.438569267054454,1.1629564395965506,3.9475465898732622
24,25,21.546672837633146,1.1706528330566115,4.2494141522164846,1.1429796800117131,3.912200686644722
24,26,31.992147846668722,2.7431539648413756,4.996080165859548,1.03159493250143,3.8548435349646684
24,27,27.80913432478803,3.4575881298577817,4.97544420665925,0.9574091052553566,3.4329823797407717
24,28,23.800479332952467,0.9798361682295635,4.809221213546605,0.8787208664938388,3.3599053801571097
24,29,28.007912284012583,0.9021428224247858,4.783589924712788,0.9239177828858356,3.388148098739349
24,30,21.788883503338454,1.8026760159241326,5.250213590002485,0.8432427411757111,3.360467127736203
24,31,24.117099250189426,1.0312733249997497,4.951701998584324,0.9249377970232935,3.5833413128715503
25,0,14.569013414353845,3.7151426965922667,5.256568693035151,0.9816312270792054,3.548523074467609
25,1,13.256408066429792,0.37250141784827634,4.27755675834994,0.9221199092920873,3.312936602161996
25,2,21.56495865918772,0.44127149943270716,4.411916446692569,1.129364974612752,3.949004122871302
25,3,13.69786346156705,0.24999126304015482,4.564411279296152,0.7371524523749011,2.851484172061298
25,4,15.275607760281291,0.6210850309880981,4.744065642276272,0.8442688077318037,3.1233392915807685
25,5,23.760107366244334,2.2159182934626775,4.666634877095822,1.0675225667307355,3.623782443732502
25,6,22.02302318149844,1.1407733684095844,4.450052654718075,0.811937011574484,2.980325590809127
25,7,18.74469812952566,1.8949587808616593,4.348647202537682,0.7848136442658848,2.9015373052300735
25,8,21.68294631184753,1.9226556406878306,5.016655592289231,0.9683371459839227,3.5855606425489315
25,9,16.254144105997494,0.7930391331761251,4.646725802854355,1.0383510278066375,3.722590392399154
25,10,29.225123921884077,3.731293871553149,5.059798972513319,0.9807755325535972,3.7732920665272447
25,11,16.395742948110076,0.7960513933748503,4.744625370100327,0.9843715398879764,3.5741973677896706
25,12,17.07472685074559,0.7983800935671413,4.607113106245084,0.4656205451447084,2.1477967002479352
25,13,24.44774084371085,2.858354787480428,5.313652751598272,0.9253974641115095,3.597017504466852
25,14,24.46904938473702,2.2972549443429635,4.683316652648138,1.024871909014034,3.832101564959484
25,15,28.34706423923682,3.033548569206145,4.941579255865447,1.1407830784513022,4.414893755839542
25,16,23.067142383341597,1.8408577054320423,4.274529667236665,1.0200300040780546,3.6291451805025146
25,17,20.68101030234282,2.244549809388353,4.930894951591361,1.05312076924813,3.922275953435839
25,18,21.40652665789346,1.413178062835867,5.282254509529777,0.8452382911100589,3.340569719135238
25,19,19.793813368694906,1.1206954082104432,5.140608334637619,0.928574666936985,3.5446267057069942
25,20,20.779108366319605,1.5745482875176569,5.059670881104738,0.9940157080877778,3.815046829101358
25,21,17.25884565802962,0.7483603125512756,4.45616567751297,1.3133003948119706,4.640229867694072
25,22,15.305434578886288,0.326115215019028,4.922094596548283,1.0909882617659674,3.927622617700041
25,23,28.64992779989491,0.7373942370976583,5.023190399233851,0.9195795032184675,3.412906764696111
25,24,24.5692816805703,2.018527133216543,4.653913661050815,1.0304190253634529,3.7060128619210477
25,25,20.029644315694725,0.6502219491424136,4.021447027262436,1.2682165606868843,4.249864430414566
25,26,25.566245306782257,0.9763874995003189,5.03364055766553,0.8557824946640542,3.3223656257921523
25,27,25.451204975180563,1.8740037900279172,5.039290962298198,0.8994442634161608,3.415608578997913
25,28,25.97993144782327,1.7490075724804997,4.933202566646639,0.7631830609692614,3.0226764711083796
25,29,21.839533121419485,0.40203004603843806,4.893827508646352,0.7843800142130668,2.931495538508084
25,30,21.86742303988451,1.3727194192846954,5.087968786404021,0.7943073716132059,3.196774757218601
25,31,24.139585186634413,0.8397598305442164,4.436580972295861,0.725800332095238,2.8885425796364
26,0,10.69402738100104,2.1902153047977686,5.462036849608465,0.8641907885524205,3.177029168204345
26,1,18.82008253555888,1.0947125012939787,4.40169472094699,0.9062405791137085,3.3764094527435513
26,2,21.720788284750526,0.5788160836722807,3.7373144695898146,1.237860699667956,4.122010408185096
26,3,28.973689443763778,0.7964939386870671,4.89503958112835,0.7345457374690181,2.860235551408512
26,4,21.684090893757876,1.2258471955217871,4.469512298830079,0.8411857441507751,3.131634852542968
26,5,24.80070278176248,1.8557418979595068,4.487581945453222,1.003754027540106,3.5784623900743915
26,6,29.9647631570484,2.0727900796260803,4.433260739264677,0.8270493416517679,3.162597036293325
26,7,26.126087669863185,3.1762194090641858,4.23225256831098,0.7895134609740548,2.8940412615579065
26,8,31.19186121316317,6.930897642359514,4.515555989811828,0.9810783629128021,3.547485865408065
26,9,45.091401810333565,8.996576209954863,5.147028890426434,0.8902014362715267,3.3871274783772103
26,10,36.31580944252451,7.7119631073549275,4.2679514921296855,1.1179195692769763,4.417647362904236
26,11,38.20339324534532,9.224829168360522,4.639234721547173,1.0098488786940019,3.8270505250307965
26,12,27.188043871726283,3.9859271390640716,4.462048662661329,0.6598642566160366,2.5395685560991135
26,13,33.57484797683304,6.1982127694395945,4.753169500919242,0.9728430890184416,3.7203982027163174
26,14,32.90946693580388,5.616207739262038,4.299331103796386,1.1294079932845884,4.028789496027159
26,15,32.70097498349593,4.895209694071867,4.521325866009377,1.0816139996109042,4.174514538060241
26,16,26.961782695675662,3.906110401712806,4.016100880567027,1.0128843131775405,3.7020763733715474
26,17,21.43064061927535,1.485732532540422,4.816336914105992,0.9452280368903461,3.586157464795129
26,18,28.94126737795723,3.860216578315036,5.056749188622474,0.6668207616290722,2.7701103768837965
26,19,21.062394948445714,1.340245079714251,4.976903710746479,0.8665497906094757,3.2813292417615005
26,20,27.13891465514753,3.359733566977487,4.924127717536413,0.8966656456715949,3.417292490344795
26,21,21.307331674759098,0.9996182728533823,4.462311835132347,1.1248675380079707,3.8348144004011924
26,22,20.700389855142504,1.2137062634636704,5.122388335890804,0.8768064328836758,3.2351710930980713
26,23,18.43373413748496,0.41411140050950124,4.800786677979609,0.8221198308921425,3.082021567349366
26,24,21.554527436106063,1.667533932998707,4.418216574508856,0.9395505318047164,3.306088057448536
26,25,17.605375715449128,0.6560119571637454,4.0569793867858035,1.212324224867439,4.037771201371213
26,26,14.001862516045867,0.2117882407060328,4.67246214051341,0.9502467888906496,3.4802130321398477
26,27,17.115072274281438,1.001792137263187,4.698676478105736,0.9145296471149473,3.2825848132639712
26,28,14.420407443722368,0.3540202929402344,4.765365619168586,0.6972203140856275,2.80866142760944
26,29,18.23965944871025,0.48910938056743763,4.828757440472703,0.8062131146086395,3.0082410012468492
26,30,17.961458096777093,0.7090202085193813,4.945287192879432,0.790793362057471,3.0750467845167258
26,31,23.072662304905307,0.5092750538935156,4.293458020115104,0.7841123468926394,3.064065006780544
27,0,4.9395168872516235,0.15721459959461048,5.399742517967757,0.9114165445512317,3.231744508522111
27,1,12.1299422764146,0.11385912358214896,3.738840436821927,0.9388275666857258,3.1869967063943583
27,2,19.750497620805014,0.492298222346421,3.5749715449759,1.1604574807353436,3.8883753470794327
27,3,16.666830248653582,0.5385431136232166,4.548617677396542,0.7662235462426841,2.8867334983865662
27,4,14.351972381700296,0.4340491267817537,4.028253346892697,0.802981593663409,2.9357938702426023
27,5,11.586542556407366,0.4852319609192325,4.438714208555582,1.0795888061751002,3.8614586639384485
27,6,12.495176244530956,0.0861023095637977,4.1564982160002195,0.8478819920818399,3.1536180174201442
27,7,9.113254157196973,0.3542203857917325,4.040228185862617,0.8309862457680737,2.940357315723317
27,8,10.907347854636019,0.29531784747336304,4.535477095870353,0.9739180625544659,3.5315382108484665
27,9,10.27861465700707,0.1421533069014733,4.970830382045982,0.8944993604402134,3.2968497756025017
27,10,16.459193944034805,2.066782099542842,4.395350726018991,1.0905890801505986,4.048679705574874
27,11,15.213961183989447,2.480083901262455,4.979398430619929,0.9006081004496336,3.496782968721124
27,12,15.21580078601022,0.4611003642973853,4.440686695992714,0.5288188433887306,2.307347736231234
27,13,31.536933033362295,7.201435018091422,5.031735004258206,0.999462001233578,3.922213956163957
27,14,31.161108444492378,5.480036366173712,4.714142274512275,1.1370580114055562,4.313644539745261
27,15,29.542491547548455,4.415041531858449,4.627166178410207,1.2011080305295678,4.69387650809683
27,16,20.240091895490984,2.829692834047509,4.193996437007808,1.2263406754922217,4.53189627568139
27,17,14.512418250475646,0.2917091552736626,4.819876122714259,1.161180937591796,4.484238133375424
27,18,16.41935636862535,0.399235902011137,5.126036907407062,0.8998683473943556,3.5175260606885965
27,19,16.302583800536688,0.14605343887298883,5.104279304976666,0.9948015649397854,3.8274695585269756
27,20,23.880367519460794,2.64613657838599,5.173417543563803,1.095237241453427,4.141375784354974
27,21,13.310433344915602,0.07493897128264705,4.700941731099229,1.2611817401748944,4.481373604783293
27,22,14.44721233423357,0.10898462744661726,5.360940756151356,0.9848032902468367,3.7971525762415097
27,23,17.296458379953275,0.11573855173564682,5.0428375616843315,0.9911632078123738,3.664955142939942
27,24,15.322471627690348,0.5299070857807385,4.801179500907514,1.113004700292314,3.977957370660147
27,25,13.594790304251562,0.261512636158858,4.325479170083474,1.3250379824190865,4.575136738528275
27,26,17.868346692733105,0.465643945725971,4.883453937040915,1.0086245156342128,3.790485322447758
27,27,18.276714002501652,1.5245706128803038,5.07784932949883,0.9197285029542037,3.4505783613827052
27,28,16.829545654408523,0.37397895493887123,4.900447194748158,0.8884914368675796,3.455715107156139
27,29,15.384604442073572,0.8107778412387828,5.252418827406741,0.8190962227707494,3.136980807415071
27,30,15.093330563450593,0.4098070191781762,5.086382678186002,0.898681395210386,3.4338489727846446
27,31,13.332648911191184,0.5220325126118642,4.674845890950664,0.8551864689161697,3.304272795990124
28,0,6.474069642725135,0.9035103762928463,5.42669706765326,0.9014711745968054,3.2256255523646487
28,1,17.18757927090291,0.4148784236547321,3.8712978804892284,1.0993213473964474,3.70941203711806
28,2,25.93149804592294,0.6855394115725901,4.038327271098063,1.3310003359345908,4.507425295113515
28,3,16.933109934263967,0.40855021879334996,4.779771888652446,0.740627537566338,2.864085406998248
28,4,16.630766728893267,0.836964817423276,4.555499145621235,0.8974184238750871,3.213310591954601
28,5,16.129242790553477,1.8430479136827747,5.036943807303309,0.9208630893357492,3.332314367280052
28,6,12.903223765525837,0.4105504174224903,4.731373654428078,0.7844604305950771,3.0470092664683537
28,7,17.65901200699826,1.7767478494651852,4.297231257814555,0.8221636523662754,2.9557879220689958
28,8,17.66818654459284,1.5489332569210472,5.026957041387231,0.8434154351948848,3.1452639128382343
28,9,19.793962829457094,0.9159893548554796,5.352215476796363,0.8016914769262735,3.012413097533407
28,10,25.997852531322387,2.196174103708776,5.063147997337917,0.8859486925687179,3.4396980177322662
28,11,20.486824909015713,2.0441050265505907,5.24296154161008,0.8251473323082994,3.2861381899461986
28,12,13.327178338946032,0.317934816619542,4.602168285002797,0.5362422385489278,2.3524630218340743
28,13,15.895040605099988,1.1145143123886596,5.345386137194604,0.883577133038818,3.511960142884837
28,14,22.174554826627535,2.769535355674633,4.658229866020328,1.137032117431425,4.206824358057114
28,15,19.348470319972687,1.1881849546336698,4.975927276832426,1.2327557966965115,4.7354139174212255
28,16,17.392388940050054,0.859915043922412,4.287942940428877,1.354154129218447,4.853936468241259
28,17,18.97795777301232,1.4603932633266952,4.6409408967808545,1.238834854200066,4.632690771626809
28,18,36.047298506784074,6.871096621865325,5.214826321183759,0.9736531561258559,3.6973368292295348
28,19,17.59245532538659,1.1830420095552245,5.005224142689123,1.010907207391913,3.815850431268683
28,20,20.333560314351963,1.7632142481750062,5.235782110943933,1.1059089928716697,4.166238753506487
28,21,12.019843008312067,0.1550198432156421,4.765734128925801,1.2910011488432858,4.66605686979493
28,22,20.24538783646753,0.6560575926031249,5.25636633137073,1.0845288993953446,4.068759665050079
28,23,16.763199713347372,0.2049042312520995,5.0708399296415605,1.0421285961106284,3.731017578997613
28,24,20.996444492759018,0.8613878251436584,4.735440273409754,1.2885169399357288,4.507157284645855
28,25,13.057024842090154,0.2688833495002246,4.357527154365019,1.2828280463160384,4.347844581743135
28,26,21.592915785381617,0.40541284980302156,4.933944727965986,1.0822388345491838,4.018208609681073
28,27,18.668490769208354,0.57168343986779,5.145275984567173,0.9278314543548545,3.4179573687473495
28,28,13.873741014801066,0.1533126189970973,4.863740519655453,0.8193761131049824,3.1953086540621727
28,29,20.605900476768333,0.7113588757849543,5.098774208706211,0.8626933402302539,3.2436395882800757
28,30,16.522202721156578,0.49671374356293674,5.014058586081438,0.9508804754745626,3.6237951263447243
28,31,11.865779490965448,0.09496772624587918,4.56972352088734,0.9184311747678251,3.493828791478796
29,0,6.896339748499086,0.8379297536154543,5.443726552320626,0.963574077607328,3.4832277733212145
29,1,19.283717486656432,0.8990841743340143,4.183586260748303,1.1122162044389947,3.943288181176159
29,2,24.036304166311602,0.9798002905339458,4.434591155534436,1.3243648864779116,4.68765754764058
29,3,15.131189430696502,0.1476886780709292,4.637972029603725,0.8239006691211168,3.1602659596611296
29,4,18.00846802328221,1.945655984167184,4.562922230328356,1.0234744830089149,3.5471028844965504
29,5,19.10732721781799,1.836408631094455,4.937657066723606,1.106598311698951,3.831817414930217
29,6,12.828706200997505,0.23141193875087995,4.571762001519451,0.9281724203513706,3.336296291288816
29,7,14.400125865419591,0.8821693690576277,4.516778491017581,0.8093171804127683,2.951097412292882
29,8,24.837688002648594,2.5040000766231394,4.942386191871359,1.0194775646331946,3.72615773188922
29,9,21.406183112891313,1.371333593961953,5.155254231588538,0.9216385851975453,3.434580611273755
29,10,30.06599030056041,3.142756992092004,5.106937741389713,1.1269114226638157,4.224261667449458
29,11,26.811764293740254,4.790414917931956,5.230709097895458,1.0048620513816768,3.7321270551432444
29,12,19.97629237243536,1.7060934489140653,4.963651734087902,0.49884063189559225,2.255811027782137
29,13,40.22403819051537,10.695376664363991,5.267415570266916,0.9456594368360909,3.583528978009735
29,14,43.59487493007539,10.01986920317161,4.590621143895159,1.2336780537843133,4.483714762051892
29,15,30.470983676601584,2.0495033572730295,4.942064973443776,1.1701755045541278,4.400913006212653
29,16,39.594911365751024,4.848774598705052,4.317459923024011,1.2520444489868758,4.296821171540821
29,17,26.87341212306561,2.266694003060449,4.83705556107283,1.1606229023267822,4.1141008102311325
29,18,32.28878961980294,2.185255830511644,4.903494802377745,1.0281176647683665,3.6586711232716156
29,19,27.814282009588478,2.2245764858020114,5.0919120563934825,1.0144543547483877,3.718231032362506
29,20,28.221252216430745,3.2098665791350407,5.053721375163742,1.1610223410514182,4.145260820567267
29,21,32.12741861986718,2.8332670535499447,4.772745922023871,1.2810418993352943,4.578374344958131
29,22,29.817616136609587,2.472674102085475,4.891300142057513,1.1184133278338768,3.862728154279971
29,23,28.30605204073103,0.8663567340167128,5.023721511036955,1.0087149788102732,3.5333579172893272
29,24,21.61339429382604,0.7665694250218561,4.672680979554739,1.1390625437466522,3.794560956431666
29,25,23.963261462479906,1.0134189927302475,4.348206080550758,1.1711018564413997,3.8583876660809318
29,26,27.049595761202614,2.0392774850983466,4.859488490554218,1.0480093639349137,3.692030072152395
29,27,24.064162788051092,1.026217199164148,4.928187361357956,1.0337799181297518,3.5438665528215196
29,28,33.28565880253164,3.201172081229383,4.979212787705398,0.8148823464117836,3.0984675170954037
29,29,29.476614556018916,1.9048812814228464,4.92955771150622,0.8997716453287525,3.218772678017896
29,30,34.822912107479624,3.909413516658401,5.171858597417037,0.9084665565517138,3.33502528804717
29,31,26.150519747791854,1.3412508269107537,4.98548582930108,0.852710620254018,3.2203144258865217
30,0,6.68536521669064,0.9003362275989607,5.415060323146658,0.9507324392290553,3.4237778623305606
30,1,20.626332080380116,0.3898884957151312,3.779477063056309,1.0543676164058353,3.4609382180170267
30,2,18.10304859364839,0.20406482775573234,4.067732610163149,1.3092230176237871,4.406335664044651
30,3,15.811239158829595,0.3635176758709237,4.774046728092883,0.7451663331347493,2.88155173780764
30,4,15.589862016383561,0.16120644042950136,4.520467161086927,0.9470012030477264,3.2948082656258846
30,5,17.795283586722945,0.7952703007983959,4.5311078122870345,1.1668902907166627,3.7730362877392727
30,6,24.93647325757098,2.273830477924491,4.582562454036506,0.9042798488789732,3.260927369963583
30,7,17.33991877234739,0.9191600863141968,4.369897142586885,0.8837633923528605,2.9911995224306214
30,8,16.555331719993127,1.1741526373389575,4.5079879610010565,1.1067549230392038,3.867133585612969
30,9,18.975256217018202,2.1108782906474466,4.669579318585884,0.8771673344707178,3.220741040995718
30,10,23.19061167056134,1.9520548860517355,4.785720043287416,1.229771280086446,4.555996641384091
30,11,20.783039500946437,1.6472702896636144,4.985440535089019,0.9268983548882987,3.450811387637678
30,12,22.381333806582603,1.4334022649463456,4.5136066443089895,0.5604759011385969,2.3320241991979804
30,13,17.290624156188574,1.572352810075723,5.014739751316288,1.0799989456144203,4.119290145293898
30,14,18.847383860979317,1.0074268287135892,4.253515596239511,1.285380786766309,4.564000657323996
30,15,20.561764224180006,0.7454824754852711,4.029342232178851,1.244981810346224,4.486054146232194
30,16,17.033323182522558,0.7378686378118716,3.9015598212792506,1.2092001753297579,4.145897042153346
30,17,14.554876622225699,0.7885417986077777,4.33585150744484,1.2299556028048455,4.403364936194449
30,18,28.55575201613364,2.4937225256010436,4.737401959618568,0.9892936004790478,3.590615394694933
30,19,15.322501854986076,1.5624039075262879,4.6375814831622035,0.9868374648738003,3.552412861090631
30,20,15.982794956070167,1.0211471463239667,4.448875678800182,1.1246163315658029,3.8699376117190494
30,21,13.37183300277712,0.14150597783594637,4.370616209238808,1.3079154192978315,4.61532796163175
30,22,13.03749092087038,0.24879179268116725,4.424344774280249,1.0966348512136648,3.743038858495216
30,23,13.392121312165074,0.2581869045687756,4.470634652767447,0.9946958541327406,3.4373353165826837
30,24,10.976053473462773,0.21115774538606405,4.262013022187163,1.1322380816680377,3.7550539088277066
30,25,8.094228906969013,0.0177774898776756,3.8268448130899215,1.2161819877364146,3.8916690554244
30,26,14.681214288857124,0.19634860844933497,4.204938472743441,1.0873103199728806,3.687524069830702
30,27,7.684121141708792,0.0055515335438748765,4.51495488985576,1.063746533471746,3.6139558925525
30,28,13.841248689067811,0.23281001236788723,4.001655065054075,0.7079254862276736,2.7318235874078876
30,29,10.609740157559264,0.012856984818224806,4.475165316850589,0.7731172024396402,2.8486277714729735
30,30,10.663931258589272,0.3679353520466031,4.275833995467815,0.9184033902443627,3.2245107612669286
30,31,13.05309865886204,0.28292256314302655,4.124816248228211,0.8197066917565126,2.948824112170965
31,0,5.96766530003255,0.28889719270917463,5.4915639967832135,0.9659357813049949,3.4758143196315983
31,1,17.781057957165004,0.3837043258383302,4.379685416317638,0.9954641709252261,3.5876415065025014
31,2,25.290832123203295,0.6760737776283234,3.8888162344963346,1.4420578912553212,4.764547039689353
31,3,22.311017830984717,0.8148508818459592,4.962062070017804,0.7669154196609993,2.9690844266270915
31,4,24.89477954539258,1.0742913880446376,4.774908913373462,0.9542207780622824,3.473327152246761
31,5,19.410230399883986,1.4853698599118643,4.56024823965652,1.1558023850510377,3.7438280863262783
31,6,23.161846664514034,1.6489135568449251,4.9257123536505745,0.9602001456947598,3.5386081319792724
31,7,25.057488917116252,2.301046940964771,4.869114042755778,0.8263906827797003,3.086979302197826
31,8,28.610725506562126,3.1336458664494895,4.9908649129047715,1.1049987867612066,3.9933970833675705
31,9,28.889645775603608,4.3211251790807115,5.243083631025022,0.9555630624892402,3.64519331008034
31,10,26.09784444071292,2.88954190197024,4.775436641373862,1.197347327027769,4.445297748209543
31,11,20.460544263853066,2.748618758074219,5.249013150988553,0.9368076191744557,3.5647530423682494
31,12,19.819048664170026,1.8262300454090805,5.000196559843981,0.7090431007351041,2.79285978681803
31,13,31.90446025674465,4.750972559527286,5.210537423832488,0.8387164473991273,3.1822901985371517
31,14,20.818428585461746,1.2905247177564116,4.476028148998017,1.0777442946028426,3.788955568063651
31,15,24.996953964377457,2.5548103012270715,4.4842912354338935,1.1606039331043192,4.144068457613188
31,16,17.71542114559794,0.47485133543992,3.963608391157097,1.2149509192093624,4.037520943336435
31,17,16.202885769862306,0.969980623953612,4.50836373964092,1.151325865150918,3.9809980468263024
31,18,21.334718079247445,1.0238572106176718,4.871986268879763,0.9003864294349739,3.3724509208487334
31,19,16.32243688959202,0.8090614404377718,4.78317998448156,0.9763681067770031,3.4831329417045076
31,20,18.58277564086551,1.4815521226694368,4.618623343117042,1.148311367598982,3.9705037005887394
31,21,14.10207137636385,0.39310876183981436,4.4660741608845465,1.1450141706855836,3.9811070775242894
31,22,16.38970999830331,0.5560795276228072,4.749487109263204,1.0895121965061367,3.794074979045868
31,23,12.57393270287604,0.13142294517086936,4.506876767149633,0.9546151731265651,3.4037865563863487
31,24,11.214830806818654,0.13227421056537156,4.398649910911157,1.1773028116996969,4.027943162319778
31,25,13.207975749466478,0.11080112055088553,3.4835837507223824,1.3090132540682937,4.022673926228611
31,26,15.21556229289971,1.0021585018974934,4.066990294667912,1.1626010057835447,3.8083387157058883
31,27,11.960685765137207,0.12020276517473276,4.426460326446113,1.1003558411453902,3.643940228857401
31,28,12.611782640006517,0.21761417896755986,3.85425332153137,0.7135462194437676,2.7406302824979663
31,29,15.66133210834939,0.2760334411326482,4.515347506259895,0.8563792680774416,2.9568506243227954
31,30,12.096216437188364,0.3515743417699544,4.2962086905247485,0.981743170573699,3.3786889285212793
31,31,14.852795980189931,0.34899038283058387,4.108744487888926,0.7985620809574892,2.9865593991789408
32,0,4.404894156271341,0.09746867694335522,5.420157021583632,0.9788551292653986,3.4890562182105875
32,1,12.675151448227655,0.27191861964813974,3.8701602287010304,1.1044070266109327,3.6713696568744716
32,2,14.673028353895276,0.18951574210108346,3.774393601094778,1.4452147262137651,4.766566345255694
32,3,15.139981856438478,0.4343664179942165,4.899895083785552,0.7858238233811878,3.068505474301944
32,4,16.31471940083997,0.8663455839025116,4.618111590252683,1.0099133035309587,3.597416536337941
32,5,9.217863662643024,0.25653194261019246,4.558154807535205,1.2742702750768062,4.19841186305817
32,6,13.741495637104332,0.7451276068562909,4.530218343581426,1.1485091165422094,4.138814765101187
32,7,14.959894444670024,0.7988745007027945,4.3858790698371255,0.9904438561020461,3.385363044470555
32,8,18.620221827140387,1.2754548087205797,4.717404269129483,1.2328544327065458,4.36687185932796
32,9,18.335812304765653,0.9350419535758683,4.971094459550816,1.052871020439234,3.89224685407431
32,10,21.01209716640892,1.6039417772306306,4.564760181905519,1.3160450904866812,4.925990754010102
32,11,17.988260510260794,1.617001118867543,5.045666864492828,1.0431050900133112,3.876156016016237
32,12,24.92477338959664,3.3763093781368987,4.442555543488283,0.5658411433681385,2.3891292587926385
32,13,35.38287938443317,5.048743165420028,5.045525668428312,1.0063217878022632,3.834638761670367
32,14,24.253045812738875,1.710514822049432,4.5345012548105,1.2218565003409791,4.391916242745671
32,15,22.92861868209581,1.8986602801765087,4.420893161946871,1.3217320056379922,4.962923179330108
32,16,18.318690353834477,1.71129186901891,3.8436513010747504,1.5113524856268867,5.279853322928511
32,17,20.362813060822454,1.8619379126467357,4.395992324710405,1.2387638019387222,4.458131072208089
32,18,29.840396325688005,1.541812584260709,4.573923252908296,1.146277557208931,4.115994522890512
32,19,23.845598467283953,1.394712207229579,4.600724745833421,1.0431806607054543,3.705951485364218
32,20,23.070821638254372,1.109317328236036,4.6695963761774735,1.3853394634364058,5.045606340091483
32,21,25.057250781743086,2.318253756273322,4.547370048616001,1.3969916152552955,5.000829781515258
32,22,22.694312526217345,2.562361895318697,4.6830883225894215,1.2537163068536046,4.438239877237959
32,23,23.513097494248555,0.8961362612734554,4.329116016323431,1.2569023378131945,4.362637261777289
32,24,16.45066580980078,0.4936474277722104,4.1912175473685895,1.3284580462256077,4.486719657167264
32,25,11.972510324225716,0.30283567157659586,4.117184346847207,1.3910955094836766,4.564627169180883
32,26,19.224747418075335,1.075204234609762,4.486538840812509,1.1479968029562055,3.9231223654283163
32,27,16.90983668354436,1.1397859370155088,4.754835007879741,1.1086008794958229,3.858316556628323
32,28,22.415880323177117,2.284186205958423,4.369452511920818,0.7769462533962752,2.9911497475254905
32,29,14.612135725028883,0.20023288827603886,4.656110056938871,0.8411918265360949,3.075022379127431
32,30,22.45952892083439,2.8130142212552736,4.567919073016693,1.005250443740639,3.6000538268771254
32,31,20.422244141177842,0.9944876039143788,4.641115799314221,0.8675966391218664,3.314819865732588
33,0,10.136829412534468,1.928181941893775,5.301997024715286,1.0529259415397867,3.729929346701967
33,1,17.921134490085382,0.4073995831094207,4.039634540760562,1.2455988575378951,4.322190770685042
33,2,18.969913465483856,0.2389964252944738,3.849387902935697,1.294201721047842,4.21180634677619
33,3,19.558858264255477,0.9636450922919639,4.379413957619305,0.9085716128826391,3.2480352536983914
33,4,14.467529342993632,0.3682671747743871,4.275320276078437,1.1724436396718065,3.9534930027251898
33,5,17.116846914015646,1.007364939971923,4.256925075376827,1.2542326185028498,4.109452625680273
33,6,15.613955042735416,0.6886625468956725,4.129420664736996,1.0813696479489758,3.842452156748074
33,7,13.390102544623623,0.5902569980455679,4.308342633224226,0.9966342063961156,3.358467539069398
33,8,15.83409465699751,0.9495106349988534,4.652563924376938,1.1839218615457234,4.161245572116982
33,9,12.534667566588233,0.5682715898405329,4.977217659326617,0.9653226681921661,3.636185049354287
33,10,20.751178756940618,1.2640448573648508,4.527703621241427,1.2915894608216494,4.873559185002506
33,11,13.840549588939021,1.0005194233413564,4.896300587960472,1.0375488786647997,3.7914614954911983
33,12,11.844337575088984,0.6851416188486877,4.27368434397755,0.5929239921156997,2.4114167874672927
33,13,13.601421655599523,0.4758911794211658,5.104270046135083,1.0328097723362264,3.9473871836445076
33,14,13.82541143613187,0.6012163173669587,4.398704669030094,1.2798382900665253,4.662081987225495
33,15,17.448225699737037,2.117008231388491,4.402755372735779,1.376905871601032,5.03277334853641
33,16,12.988958331414766,0.5412882362091733,4.361611573872771,1.276020317857558,4.495149321231107
33,17,15.450094496649658,0.9603356478643846,4.6349042298056204,1.1805937927925827,4.211555411319902
33,18,16.62240526070947,0.6040011306683373,4.815188489982328,1.0944603250729186,3.96749625382414
33,19,17.743253020244936,0.31912716577446365,4.623792192161185,1.1135534261454634,3.9238050905142217
33,20,21.086359413054616,2.152327709894292,4.837080797035643,1.2184272383304293,4.28996103262276
33,21,18.417131839323734,0.9066659348038782,4.611063496335206,1.2933549801287034,4.603385267398257
33,22,16.09119543635324,0.8885832266213642,4.62587619224348,1.255336974776279,4.269813058949516
33,23,21.33729723683912,0.686841836576621,4.3845154747333295,1.2103316401726705,4.033000745816541
33,24,14.983048224904959,0.47626793518723937,4.545992280338733,1.2210214536402164,4.043936768937421
33,25,14.334865005262074,0.7000815527837158,4.089473796019834,1.3820752559009843,4.495757020195228
33,26,21.988713834628726,1.5115956089069646,4.646860885965095,1.1390641591779787,3.8894584102242797
33,27,14.47604892869927,0.40537511021129335,4.778565995434248,1.133682703118132,3.8344172595068913
33,28,34.32277053094283,4.9741069437754994,4.39875692399414,0.9076770519326978,3.3476824790904622
33,29,23.822562826693314,1.116927636268639,4.581266006021316,1.0622228285483644,3.5682655392808926
33,30,28.44194985209903,4.766636156350582,5.032340171979881,1.0102048182518395,3.6105749145769703
33,31,22.133321478633842,1.4289183603609648,4.880461753706941,0.9058132784643416,3.3981556168483036
34,0,6.760054023883422,0.7120957382333115,5.16160239344196,0.9811059250873129,3.4915003502860165
34,1,11.247238609142297,0.1219262292208503,4.335508987463951,1.0400946833658615,3.7040494060509834
34,2,10.3107427881271,0.05793665876285139,3.468646381126392,1.503058257032587,4.888258189684799
34,3,10.707136866891162,0.2765953696659478,4.582308650415197,0.9010956315130123,3.321571445602098
34,4,8.439263637729184,0.09449878484547616,4.549344311103721,1.0935565545187664,3.7763997960860616
34,5,11.41001088438298,1.0429224679512357,4.286474663963606,1.2585840149762806,4.219633365918926
34,6,18.789069965996,1.7663091319504938,4.302740124240259,1.0404152813421348,3.61304664959408
34,7,14.162467256245794,0.9135892086959846,4.223226750523198,0.9331894718561253,3.246194951623583
34,8,16.853091575018922,1.5957908608071385,4.626497331376935,1.0518350008853279,3.743979176391543
34,9,10.601454989365308,0.5446624803301445,4.795136750137978,1.0176797847309729,3.762583222691053
34,10,15.779963882482454,0.3146821343923427,4.613243836872684,1.2325713831889171,4.514967538728622
34,11,15.244103844367752,0.8495120673065885,5.08342197197733,0.9910301916523458,3.622000536929474
34,12,14.523807165680688,0.7469049913535846,4.691756462074077,0.5360469934339473,2.300918493703663
34,13,13.23845187182392,0.6332434502389659,5.06222662716871,1.1008704944644379,4.1780335840589595
34,14,16.03642040586527,1.9689777348611726,4.449076886115703,1.2962400611784446,4.598727721854607
34,15,15.09364495335154,1.0862599493701495,4.371590053350998,1.3997721609536686,5.049303811596911
34,16,11.9124441260815,0.22457311843615738,4.339422079489269,1.3203903761466993,4.549141517649114
34,17,11.696972270243176,0.8587107340345581,4.6143013403066595,1.1772485777146375,4.206928125614809
34,18,12.655341153417648,0.425581123206482,4.9620458032565065,1.0399408504104004,3.8381289932635205
34,19,11.308587225003716,0.21544696735977406,4.765979751378358,1.1026548510170997,3.856403153572118
34,20,10.358450301946007,0.6164062439596277,4.679315764917543,1.265817822801405,4.497850576927923
34,21,13.271220931419384,0.7969992486349715,4.34200334373038,1.3823618504438118,4.790335678216532
34,22,10.112594097444418,0.2259717816096765,4.600179613186697,1.2567678607559643,4.25313562039627
34,23,13.45162466359633,0.29695594748215326,4.403375837404143,1.244425773163135,4.153309261706814
34,24,9.320458475606271,0.062421752525661886,4.6315647567982845,1.1921565930735314,3.933465788008135
34,25,11.72365560895252,0.18367100126580313,4.051462029260147,1.387975781551428,4.4699935246609055
34,26,11.570160910667905,0.1286804066519427,4.565421263171672,1.2267577508509717,4.2363691773772425
34,27,13.637377924595794,0.40262150206627123,4.752124344729424,1.1871321108289337,4.062324775751087
34,28,21.195003525184013,1.1829447382593423,4.487290487972878,0.878275969013254,3.2945863660584975
34,29,14.398998355493173,0.07000291666920365,4.670064296101622,0.9883518840120447,3.3306715713812856
34,30,10.166844484384912,0.33003745797646866,4.668291165937364,1.0932278498865164,3.8091063774134515
34,31,13.427026811615523,0.15567718272509448,4.093611208983768,0.8660201398181577,3.089415723231261
35,0,11.226945125396195,2.34703974270573,5.359849636336608,0.9756758476055065,3.4964491799237787
35,1,7.994168006508589,0.03755100625571402,4.295718121346993,1.0228857879322106,3.685504034538748
35,2,9.018381351279078,0.08118560740413674,4.009838443992577,1.4010648655518265,4.743631286737469
35,3,10.844884143165348,0.42054735754662126,4.557158985754777,0.8548704379206598,3.1997428513902095
35,4,6.431722025722042,0.03801044184057638,4.857720148563895,0.9168152118344999,3.322510886279486
35,5,12.309719136431873,1.7364022800946568,4.767461667650007,1.1537902950175942,4.0243610827851946
35,6,16.095115284267123,1.327374421114203,4.644930070306109,0.9010280395603889,3.3005050122021986
35,7,9.02099005131784,0.2794036104532121,4.424830274219023,0.9322970700534183,3.2384657012865503
35,8,20.4502202022734,3.3687046845814805,4.86441203681114,1.0296713865379763,3.8245636347667813
35,9,17.619680951080852,2.2261188536752474,5.134562155571224,0.8983163489567509,3.3959145177796204
35,10,19.828650801556726,1.8503456961798608,4.937168987226361,1.097390182239005,4.185993297185883
35,11,14.735023950014916,1.645230621052972,5.026892774116693,1.0852517835754565,4.000421341367445
35,12,11.906828600293554,0.4058411854742284,4.524744295807537,0.5400089427936132,2.3065448725968554
35,13,23.134449191034317,3.660929729336577,4.88475180870017,1.0971568383160566,4.05707388570727
35,14,23.633115882897837,4.483159635983213,4.519825235805689,1.1050879450535582,4.10291214335763
35,15,14.457018015646707,0.5786028880829189,4.377522348363175,1.3709169328823902,5.201842953379206
35,16,13.690250658629658,1.0974233639994426,4.3064228029929605,1.1482217783756434,3.95769205656997
35,17,14.599065767747371,1.8724255064214907,4.465284206379476,1.1848031058930655,4.142306885762664
35,18,13.486351008344789,1.0365586296628257,4.7640552880949105,1.079814654086606,3.9423873833675525
35,19,17.05802862494988,0.7358474193440504,4.939037696224625,1.0245773398891718,3.6069249943579718
35,20,13.592978281894446,0.8448527835607564,4.825238084914799,1.1750490921801582,4.240906786492069
35,21,11.147410844275663,0.49837497068790376,4.231693979350242,1.4031823473328942,4.956985741927475
35,22,11.699564018973673,0.07322005872929385,4.486834944032011,1.2924761960751825,4.407130228650409
35,23,10.701900874090615,0.13410348339176267,4.438999288343848,1.3074412854612838,4.496178503909641
35,24,9.031076732115352,0.12049042721648667,4.438610386057051,1.2366947213813866,4.146828922418824
35,25,8.305748139888934,0.17397277550577012,3.84876252391648,1.505174436212124,4.8028639028189035
35,26,12.320852817489317,0.33431771567496593,4.396984932315038,1.2905725664126155,4.47756316972935
35,27,9.993936849486158,0.07566188847217875,4.589808764609935,1.2702161798981582,4.3469146587240255
35,28,15.5853493956147,0.4682598819490701,4.155584413041915,0.8975977297574564,3.234569528889217
35,29,10.557076633437603,0.038343626546185304,4.575379573151798,0.9917776662944933,3.3490654325106033
35,30,11.756260979895128,0.32794009509078464,4.591081955288315,1.068279285190414,3.7333980963266824
35,31,18.022439144271452,0.3330656593439699,4.273527287169855,0.8375205941025357,3.1090501137765814
36,0,6.204344559836658,0.4622928434535871,5.458184701390911,0.9667201718394924,3.416888993923937
36,1,22.077146771267586,0.5132224599013469,4.544623140848706,1.0392103042397673,3.7739311411289815
36,2,24.354826940101,0.9524773766340275,4.277453924120508,1.299105914357896,4.373369485180192
36,3,32.248267008691,1.7259706132093238,5.175132221297403,0.8353960359116943,3.1974852554010114
36,4,23.2038989275585,1.0656701020797912,4.985136342771307,1.030729190671435,3.6695140283354593
36,5,18.033765027879628,0.818371047983905,4.672182597661216,1.1918076639667374,3.89080412471371
36,6,30.357165562510694,2.7537284799501296,4.618183371438645,1.1669478490079808,4.055470983833456
36,7,15.705625748587307,0.9008840894219403,4.425128321254496,1.051724033270025,3.6232232863123492
36,8,29.526187778976123,3.883855559111321,4.969636824068042,1.266051198343055,4.561769939028486
36,9,22.657150299957678,4.341354132286459,4.967669818841387,1.2524912359327516,4.585897122758255
36,10,25.69663799838829,2.4667513504778364,4.773455745857385,1.2432477088612686,4.741226225968297
36,11,28.162231989904605,5.272687212904019,4.743507962108183,1.3133405229828217,4.76518661045764
36,12,16.250676968026788,1.0960383790908315,4.859663758072172,0.5630768380978379,2.42075097560989
36,13,20.145787913176967,2.080228265378782,5.125374137295243,1.0909368441643243,3.9810069469341336
36,14,18.874213072061938,1.4179510360183736,4.677347280950588,1.164547413346149,4.083971392098547
36,15,17.77030810870121,1.4841335268039515,4.48419843277504,1.2675887257286647,4.621886197715288
36,16,11.312544462173381,0.5056747907282428,4.082089730261501,1.2644625811871748,4.247500100422603
36,17,12.197487753627339,1.8226773588946654,4.404964344014101,1.1534709518973427,3.890155036685263
36,18,11.497135670000375,0.3668895505500321,4.933966128514632,0.9399195038233037,3.5024259134135587
36,19,11.839636215502532,0.0950374623371088,4.882319408901234,1.0877252939832598,3.7796618160895123
36,20,16.210686157117706,0.3358130173453892,4.700075034916596,1.2920802011677726,4.4986809671983785
36,21,11.748121743950481,0.7042986132534952,4.474973411279747,1.2926868858464822,4.5197264378188375
36,22,12.321382893191517,0.11178387317751438,4.790040561898813,1.13593852820195,3.910352290963066
36,23,14.485968270044175,0.3550377011517095,4.601706300588356,1.1843742893086295,4.121791151025656
36,24,10.996922166557686,0.09626483787640223,4.708834641854486,1.252778406928388,4.315871322761121
36,25,14.576617156562131,0.5112657760366873,4.024259899707596,1.4236673005272085,4.537292187601894
36,26,16.842682104123995,2.163350588331617,4.496510791297011,1.2924415396206452,4.352948079505354
36,27,12.908515870630431,0.4563013112068929,4.700066861988379,1.1735526929841669,3.9583306431784315
36,28,22.83686070866637,2.6562525998209683,4.52218788334096,0.8758196193499854,3.2864811831643026
36,29,14.595380889133839,0.5746451212786874,4.739745122187472,1.0333293384395734,3.4326453515260216
36,30,16.668160828771928,1.192430735615357,4.595538875533886,1.0772302694291849,3.7603978628242527
36,31,14.855462534818653,0.36777515585335757,4.479261054338948,0.8772782089817666,3.250027161929692
37,0,5.104366052308897,0.2896358382021603,5.461282778981438,0.9639689435968881,3.4577802051510598
37,1,8.698021723917735,0.01841505802042304,4.028168827972112,1.108037185393731,3.637111325489182
37,2,11.049209921583715,0.5104581858961075,4.006233458333516,1.3277287965057836,4.348203582250653
37,3,13.084845387593042,0.42457164055632873,4.784759076536197,0.837572894752185,3.1614102159349535
37,4,17.39371192843926,0.8201376230102354,4.735470979498027,1.093343882820216,3.805805033622392
37,5,10.81378147770744,0.29748675061939256,4.6625400772774555,1.231385539119497,4.120636618198462
37,6,13.518038906932581,0.35457602695645146,4.52597954021911,1.1740229271319889,4.169850251466801
37,7,8.36679394271377,0.4738260919774189,4.416332022467904,1.0716702787225767,3.728926412166082
37,8,21.81137542775606,1.3553515461271273,4.782665118591751,1.1077305133761293,4.035265316875303
37,9,16.117696116673095,1.3687551895052346,5.053457037324745,0.9408639944096917,3.541785989518953
37,10,16.00006876343746,0.4965787154685082,4.582621409447105,1.26631999344991,4.66495579736903
37,11,16.671721072011252,1.957813813111249,4.838507051339058,1.151974836292422,4.258943748697894
37,12,12.899028075271072,0.6877362749935775,4.425124649238963,0.5820407339551847,2.4704443430278618
37,13,17.868238828772274,1.441969082670874,4.838196824898268,1.1866724658394565,4.374720349895722
37,14,15.763055546873815,1.5979647049669305,4.384600261589169,1.2899597682793322,4.812986815933304
37,15,20.883598592579624,3.261778513138398,4.450591329874812,1.3696943961672607,5.154148863599104
37,16,11.793147621116256,0.5749144898288704,4.050313564622407,1.4587795951072984,5.019516633421135
37,17,12.581559402134486,0.5534950929802377,4.398910827861279,1.241954980807467,4.431172856484181
37,18,14.51356791125966,0.5094973358191182,4.828057796426166,1.091153490677125,3.975828640739936
37,19,19.00463531595918,0.41017493604328037,4.900387431004333,1.1070220635831394,3.9974673405911356
37,20,15.367840825499139,0.5968432251470819,4.61582559875922,1.3203375325702789,4.596164433744576
37,21,13.738743498049057,0.8693751386728032,4.632343763513221,1.3508520345645731,4.828169304165147
37,22,10.935697758069427,0.26192184537967167,4.812479640562042,1.248731422361974,4.492160726282535
37,23,17.523602705952545,0.5215094218309786,4.5012014628929755,1.3244520335274004,4.705396862686655
37,24,14.139540437509977,0.3881315029222318,4.476238975584188,1.3999733928029245,4.831571836939478
37,25,10.359282733734958,0.2308032756435584,4.138020050127077,1.4874615044028374,4.897296566660409
37,26,20.31237314613987,1.5699070087072275,4.584006555809569,1.2572076225887114,4.420144060582916
37,27,15.799375008689152,0.6176838887055638,5.038398207502635,1.0996628233480852,3.9322332179962154
37,28,17.9198932070215,1.0747518476446374,4.496937806720955,0.884474071649727,3.4273069447671114
37,29,15.237982323207081,0.537011046971196,4.74687378927264,1.0266054404104006,3.631951809774938
37,30,17.930501926129857,2.085267719344866,4.815322812212997,1.087316922077556,4.051528326298826
37,31,14.749191257125446,0.4501017765133733,4.84361609965483,0.9132907173486782,3.5302935280817334
38,0,8.456375111090656,1.6956968652229554,5.36362355213967,1.0079380885620814,3.5645716598469854
38,1,23.051353188867175,0.9645554684038424,4.3174860672802104,1.192955588060654,4.246521198715641
38,2,20.22042560304888,0.23562989150249097,4.280171550070671,1.3355292134900658,4.61270020720762
38,3,19.167037330929098,0.7379373163535884,4.449087767631706,0.9679501999101747,3.4951601170811064
38,4,15.51183049349868,0.5625460692008991,4.580524816894968,1.1856493082716755,4.095132254643439
38,5,13.627198774308434,1.6659954308339726,4.5339212081601215,1.2358192447575664,4.039976411787098
38,6,14.959343722677277,0.7228944072589649,4.408720154816164,1.0638354199176732,3.77701193564859
38,7,14.816713775393998,1.5998138609897068,4.213459307943483,1.0336642965333223,3.382975299474008
38,8,27.93044705649392,2.5146670366716624,4.941432411976172,1.2404485778585022,4.408877314540785
38,9,18.476956614731783,2.8994185486581294,5.0439822469729645,1.1289999390641272,4.138396888818388
38,10,20.789664050482664,2.1167447126036816,4.732765857695048,1.2752121830783922,4.8080178865033485
38,11,18.78389150355236,3.2317554772314363,4.670761714483634,1.2843706094939424,4.552480999555678
38,12,10.273794203616074,0.5162447998545916,4.459341292249535,0.6706294076289909,2.6605544572374202
38,13,22.45347559847037,4.283027616692725,4.975614130646683,1.1260138269792872,4.191231839354891
38,14,23.817309991841668,4.299312434995561,4.596699767374421,1.2366454600089654,4.574687947307979
38,15,27.56634946941422,4.5340448646379485,4.700600821680334,1.2334320713976537,4.627712245346968
38,16,10.397179225737226,0.7228465460119519,4.20761730986386,1.2381616888367128,4.2810260073238995
38,17,14.709893271788367,1.4215622010490934,4.5273299033930545,1.1880210076270927,4.2134001425221355
38,18,12.157160376622095,0.3488348943911273,4.714228000496313,1.1563447321629408,4.103354820435255
38,19,17.6083447853096,0.8631963191879929,4.92127244955377,1.0559155434071155,3.7031191844319467
38,20,15.209836790746293,1.331183068609585,4.912047073064228,1.0948140207797028,3.855888197410651
38,21,18.998605967445442,0.6504019231517435,4.616693801726453,1.2286713951511592,4.3325293152862185
38,22,13.731079829778398,1.1423712567026334,4.985025918664048,1.1629033188438989,4.078985579253946
38,23,12.895405128240897,0.2516563957543657,4.81904387557536,1.158834921109122,4.023883326029126
38,24,11.31921935220606,0.32514707713442265,4.6995560533922305,1.2890155256537899,4.338769910478747
38,25,17.592575718392595,0.31690565006037474,4.528053033432082,1.2691081092185073,4.288846758076949
38,26,17.2910941322718,1.3145470761703217,4.840094962917248,1.167413362132053,4.090256217746559
38,27,13.18368516508262,0.6260613781762767,5.023056585184538,1.0450610620136471,3.572914239404885
38,28,24.119730919330905,2.334448854987482,5.169117362945618,0.8213555421092487,3.2151373202629614
38,29,22.98480374891654,1.1191952168473345,4.872366334276955,1.00351385321511,3.4931062276159865
38,30,14.50479542938537,1.371439870395732,5.037367242076084,1.022479550570556,3.6753497558285115
38,31,14.532328726213496,0.37871658660153584,4.839360481049926,0.8259394186991402,3.15694614483036
39,0,7.065324609683819,1.1685145994972927,5.258750723815783,0.981945049010335,3.4961358728944085
39,1,14.085787995768538,0.3213181567507187,4.524523112015156,1.088712813250229,3.969099965454406
39,2,13.048548001511348,0.14907293719490414,3.820015860216327,1.4777927833826379,4.965619506228609
39,3,12.204603156956823,0.05984645076105102,4.5231076473371825,0.866440942416947,3.1851069304794355
39,4,15.165993279710282,0.3572524347073967,4.816812119925624,0.9979719934663773,3.5305750246936314
39,5,15.889262412325898,1.6245468787248616,4.293259668730899,1.2724071278460505,4.187555464935636
39,6,24.541558296691584,4.349347559093245,4.553526196942895,1.0920226298062472,3.823779486934791
39,7,13.887751305924185,0.9049898794906616,4.3915670307945485,0.9759631585121342,3.3233596222272905
39,8,15.5021153549989,1.5828223843873122,4.852229281614491,1.1293430644570428,4.012329379437051
39,9,18.875041588586036,2.346911859387572,4.9537803754724345,1.1381654884042254,4.2106439039523185
39,10,21.025758859471356,2.935995942392981,4.609244896089553,1.1654568761802722,4.470083959957529
39,11,13.874296669926128,1.0818589629797035,4.819959553145196,1.1401760725287682,4.145020545848313
39,12,20.180871210044607,2.5958425843619946,4.697986143883162,0.6056112911555731,2.5447952973257313
39,13,16.837404418747123,1.4984145412305803,5.00669642787599,1.0599452923144481,3.980911954452264
39,14,13.252880328781437,0.5845845677289748,4.5149299297683285,1.0601123842711697,3.815235022014651
39,15,15.967531773615374,0.42973711469986026,4.607772296665743,1.1575841854450992,4.323321956923679
39,16,11.307134208135933,0.6943348848898323,4.2554716918866635,1.0964137229944004,3.773735882061986
39,17,10.509031874673461,0.17405101357230396,4.735715273737766,1.126561527390331,3.946026663473096
39,18,12.25989499321113,0.20545385724253898,4.82882750889125,1.0875976101950364,3.8911696570333727
39,19,14.880240019923647,0.37626858505322835,4.802087316016586,1.0252324403652064,3.5956211788398766
39,20,16.08588396241494,0.7018288432382169,4.4961769511970795,1.1401467859671834,3.9001865252686
39,21,15.442146352213086,0.7013345268835993,4.484856014718028,1.2532673311912141,4.496505584549698
39,22,11.752509896385943,0.6581527528065534,4.681040149244273,1.212857703220231,4.265819205531888
39,23,9.490583558868373,0.10059888640144517,4.685988515385288,1.1926271963711814,4.222275507827989
39,24,9.760347839251228,0.09725375722750926,4.160721743125984,1.3679462945791414,4.565143583175692
39,25,11.76125721119481,0.14041580874114185,3.6625214504847037,1.471763587366981,4.73806362828063
39,26,10.401171532761456,0.23151312788975,4.613675672508052,1.2309729013716186,4.107334838984328
39,27,9.436174854494888,0.100944941935526,4.721225694761559,1.1700647609093604,3.9371139984008274
39,28,17.23077552267727,1.215314939887934,4.691321255612805,0.8998390877410163,3.4021750239422355
39,29,12.913003569301631,0.11588984954880159,4.838449527248745,0.941312952995716,3.273453186446034
39,30,12.171842207017948,0.5524999431580024,4.729327485880833,1.0616937606468602,3.742907841452268
39,31,10.883130250127603,0.38824231119736335,4.489925231092254,0.7576884881176946,2.9151962919255787
40,0,10.30307859063696,2.792157901249076,5.543393219295061,0.9017760001255786,3.218971883108684
40,1,12.640601774061796,0.09458559712997915,4.473427771651549,1.062281781365506,3.81988831032318
40,2,20.51571520059468,0.3123838890109336,4.023941012828014,1.2833053371777803,4.2341524700416295
40,3,21.369492819988075,0.7428276603877241,5.0215552128712435,0.77544947870574,2.991103906490796
40,4,13.404395213065513,0.27799255672796125,4.737117919412459,0.9905883254243308,3.405428011265587
40,5,13.419299441247713,1.217696938204381,4.489556529328732,1.2301554025763384,4.06026808468294
40,6,11.477580530326197,0.5178844592317131,4.5412468744574905,1.1071192281100366,3.908130196517176
40,7,10.301070832867225,0.6099885837791065,4.274611171865065,0.9616478995424043,3.2791312196393845
40,8,16.346029614436777,2.975313293717696,4.994983428772086,1.0900968989875572,4.0107001367742665
40,9,12.781262875536164,0.6707497607352749,5.018994082122574,1.1097078470521415,4.153913712699012
40,10,14.765235670000296,1.4295935887515887,4.44899803922897,1.3191635144832325,4.933911005513834
40,11,9.71607532526766,0.2983987639939705,4.838917177226504,1.1636432073658955,4.279171508980841
40,12,10.000418925194193,0.5016797133621819,4.265325256344248,0.6394061092847796,2.6117475562474404
40,13,17.59664178694304,2.387320665611573,5.078720730570174,1.177747585319227,4.518684735891308
40,14,15.985150172198447,1.7679234847637912,4.515697674487035,1.200664697440641,4.458282703887548
40,15,21.848552059667355,3.0789661720906025,4.490431510969814,1.4089735375980341,5.266700258433738
40,16,15.519630250138075,2.0573768086304964,4.350331125214042,1.2940836876945152,4.679122719006699
40,17,15.739528657102555,1.3780601778039705,4.678572699321254,1.341691955925067,4.902208426023242
40,18,16.141759628360326,1.7248323445890492,5.098207858122622,1.136212343229559,4.130359928389821
40,19,26.709275679045444,2.1481284779798564,4.904166032235386,1.1744263816839382,4.303065856553481
40,20,26.99831097277383,3.0168336325045324,4.940991968217231,1.2496535491887908,4.650088134580401
40,21,20.618039470879832,1.360751041883084,4.557036282218805,1.4306875260244585,5.22860051362121
40,22,14.346470075355283,0.45311216534146936,5.033741730719177,1.2681238439085218,4.635128302268273
40,23,23.124949469266582,1.1915449431382423,4.497807810725689,1.384504460559696,4.948987124025812
40,24,18.09393420576209,0.7582446789173102,4.527690538868844,1.4471309553714224,5.156047724517
40,25,21.59561027712042,0.7547887754414526,3.9934285627954123,1.5473549506792028,5.076233143258708
40,26,21.03956954017307,1.6523703325849501,4.57595281794591,1.236666497748196,4.330561175127863
40,27,18.602333644121543,0.7613833164177953,5.363870455187911,1.0165896484472388,3.7371594336497087
40,28,22.660056819127874,1.823848833070505,4.6502168829178085,0.9532389543070359,3.646943845474691
40,29,23.692290216364892,1.1266656767197176,4.790856753321275,1.090513448655888,3.8815914356865107
40,30,23.51599553962062,2.9075455515827606,5.199426892516383,1.0510053096265182,4.1079009995564695
40,31,22.000515687832294,1.2106387044435,5.030754255544132,0.9086669692680251,3.5798077678843288
41,0,32.85767158152257,12.012835592751308,5.238482442263146,1.334689521536796,4.857406036114271
41,1,20.08543866098055,0.8084568470568183,4.6345298354345115,1.106434400776358,3.9901764848356076
41,2,32.33521248173609,0.8653143858306648,4.501906985962259,1.3764939599488732,4.829221051617255
41,3,22.670852986021877,0.9148135774824574,4.838076277263053,1.0341382961734595,3.818504815690086
41,4,21.86588321189459,1.8333049957696297,4.906502358691427,1.1633533065240824,4.078824712393622
41,5,26.420158051807604,4.048259031858464,4.626405265517051,1.4098954545733307,4.802531287770048
41,6,36.60669706238453,6.29781139381145,4.868635836611278,1.0112054415404712,3.754163304120306
41,7,20.39086758102102,3.559942678806838,4.849946410473303,1.0912265941805988,3.8683637250475615
41,8,26.875048743816418,6.690784105816979,5.117224557483858,1.2455945239846535,4.699380217919107
41,9,31.10011225080364,6.018481940048465,5.1465825546897985,1.1028285876068633,4.059601188688877
41,10,40.5489174280303,9.254924582242428,4.651206242227445,1.220796015158891,4.534755024207217
41,11,27.40295880143477,5.404291378125927,5.0091276195156755,1.0369178813391935,3.8403359593599067
41,12,16.409716504995245,2.48531867517537,4.752020749590929,0.6235324028943854,2.595582263932542
41,13,51.40835491416844,13.426278645002427,5.210871476202982,0.9499597261250212,3.7728618064095634
41,14,59.238524782344044,17.393134858612967,4.378710606142217,1.1621766822099548,4.247559025015266
41,15,44.77178438657039,9.314414587667276,4.477630813891629,1.0820865963622666,4.32599771854801
41,16,38.327012408672715,5.6134262976095615,3.9034869386710627,1.2346871233788974,4.520718170106844
41,17,41.74428080041842,5.944022261654524,4.100502166417222,0.870534689423982,3.2775218424061987
41,18,63.272726325988266,8.033655487145497,4.752379715049811,0.7186802195254991,2.8621422593289756
41,19,42.4789702003535,4.630902536511501,4.918273376789259,0.5588800998400423,2.4266638808521956
41,20,63.78193198776904,14.07331904082245,4.5424799778663445,0.7263564822693827,2.9697325086566955
41,21,63.587827933658716,5.470916782129704,4.3808423802347995,0.9420850966718959,3.604202197481944
41,22,52.14414632641838,4.262950833750418,4.8329366681773385,0.950418770230729,3.5153400707767237
41,23,45.34340237937073,2.430718553592212,4.705204529617607,0.8942808927763011,3.4137162369902376
41,24,44.74771099980819,3.5817446224443943,4.459378561253189,0.9335274778803972,3.5601347276338
41,25,35.185533485912714,1.2078788452567397,4.316132603979495,1.167123519272839,4.071130098940438
41,26,49.90189752651711,3.786290633715458,4.468395191045229,0.7674420317766906,3.017928748483184
41,27,41.207071151864696,3.0208212346785,4.946206391993179,0.8914144913287663,3.295590834939196
41,28,32.55326464839574,2.0671554050118743,4.498530672358976,0.9501438029775651,3.5137702003951308
41,29,33.214099428280456,1.7456696141285084,4.549817282899433,0.9197090095958496,3.385228296320598
41,30,35.09774387308967,4.765266619094492,4.884892349784597,0.9123887918228233,3.5457535174456227
41,31,30.23048716772417,1.6638686762819446,4.721252624339337,0.771606714593057,3.171435848958013
42,0,31.801558363563693,9.074456791086726,4.888196841284553,1.0234040631896049,3.466303828334573
42,1,22.969340800580728,0.9532182385539024,3.8663174610513185,1.142443867765949,3.9134329649535182
42,2,27.91966336135343,1.5520291543795697,3.4335127133879766,1.3301057001254364,4.555366374372478
42,3,15.14270805113548,0.2680735914494321,4.5006030421107,0.9590585174537587,3.606695233869204
42,4,20.334693726657733,2.0135118699491064,4.558623711492236,0.826526159722393,3.147984630398372
42,5,23.02239674140953,3.112345962052826,4.009814219598914,1.2187687067334085,4.122208909553171
42,6,23.206212592134438,3.049236873597328,4.258289199745501,0.7910517278228104,3.087488404257481
42,7,27.533045368353836,4.2039214478996305,3.9517524303548814,0.929699569834396,3.296425607419511
42,8,39.652380139669546,6.822680130234305,4.71104261571869,0.8755905907294279,3.247067539985329
42,9,26.001433876316995,4.39317719473426,4.467742422389888,0.8964094829344882,3.2701288955645156
42,10,28.100827965813046,5.313102923721871,4.152468438411066,1.1288219723428856,4.240115133255431
42,11,27.498212076145585,5.752919561007124,4.346818346267512,0.9363703379706658,3.4452587447187843
42,12,11.107999018769547,0.8609341000077897,4.564672273854647,0.6163782564480194,2.5680653563095097
42,13,31.819755563213853,5.501259435674717,4.354974714454558,1.1211074082455816,4.217559488292095
42,14,26.106607440035255,4.515723524783216,4.144888041318241,1.2458993160290728,4.640153875121492
42,15,24.579569864173315,1.741300109127622,4.195933207970764,1.1413513148533436,4.30293759575009
42,16,12.921096552630296,1.3391321676724324,4.088288910435441,1.257073692206042,4.546946140440253
42,17,24.964977985946575,3.54743496776982,4.095940374492955,1.104043727654565,4.019113095202433
42,18,20.092517389750448,0.9437531970148558,4.817101559848019,0.7702582018816191,3.011634801402936
42,19,10.096396172070838,0.20470033843738294,4.093551406955193,0.7668052544023221,2.915408299937476
42,20,20.103983622870487,1.3550472911819555,4.539499445598269,0.9175241905095088,3.505310595902638
42,21,19.51719154520087,0.509585569124158,3.532065830745169,1.1575267448388447,3.9343015031723145
42,22,22.729237357694085,1.5110094106495102,4.481008162793288,0.9055549562567666,3.3523324723245307
42,23,11.823883988043049,0.14755992009744823,4.621622195309723,0.8302166158358109,3.1576086890980837
42,24,13.550323276836835,0.36278450016114877,3.8973144516671505,1.010275563367128,3.500276465844922
42,25,14.67631800822669,0.20968992384264057,3.3887160541874115,1.022399810566136,3.4013970767686432
42,26,14.984771551408706,0.3739625078952392,4.169792426078169,0.8230801843857778,3.072848466828939
42,27,20.85560077152811,1.2116952854924847,4.464938388376444,0.9021009416618107,3.2716661398729427
42,28,13.682015999139882,0.44124015098148966,4.311386917501601,0.9398644258149602,3.4002681777179284
42,29,14.961328988327493,0.41743530210857577,4.073711800047373,0.9452702789312806,3.314394392817722
42,30,25.24794241735814,3.456847792180714,4.154765599161991,0.8453550317036278,3.1382494088504846
42,31,16.836621399878403,0.7703375211337531,3.6891328080551076,0.8831097839168973,3.3507974922788093
43,0,29.09921481545058,10.946848512361811,5.224231820702684,1.2499251151265334,4.464241952891707
43,1,8.56422502780835,0.0754693879399154,4.028469183487598,1.1070787576437215,3.8199147856552687
43,2,17.339463725365157,0.5216648853466702,3.7603843380928836,1.223571466400287,4.123929196908616
43,3,20.479702092119425,0.5460070231312234,5.278490040141818,0.9379342530241628,3.628574138722501
43,4,22.670863607877195,2.107255777676939,5.412205319297673,0.7634012469769882,3.1215280672071617
43,5,30.624012186911678,2.179164185224913,5.457704144020668,0.9341977004681308,3.657158774619446
43,6,29.062500615985694,1.5774638542418675,5.385114441883494,0.6174573556660787,2.6625452507436673
43,7,29.048854162312644,1.9388083292713316,5.353120269196801,0.6204820204887769,2.568984853316824
43,8,29.297905411079242,2.0320400980215783,5.635645191372781,0.5936413587934588,2.5015392692519596
43,9,26.402073514047565,1.262105535558066,5.126633683499398,0.5703233881072869,2.445600530710843
43,10,27.334295917997643,1.4962527898934899,5.215168668964453,0.7241261999117334,2.8909457705179307
43,11,29.837987605225543,1.3001073430241863,5.453531002942057,0.6378870799410663,2.5979631062568322
43,12,15.284612348373386,0.5507907622164108,4.996372981698662,0.4091726722546545,2.0037112242634487
43,13,31.042288549380714,0.5930184040797458,5.028956414789716,0.5755214078655113,2.5221277197747884
43,14,34.474386198563906,1.1680770124019428,5.525418431970129,0.6543244217428636,2.675829904288111
43,15,28.55696920341891,0.35717928543985417,5.093166195558897,0.7756490291068632,3.137609984933693
43,16,34.490722874465064,1.5304136657290481,5.448280139430184,0.6925201263552889,2.8535741585761882
43,17,42.39190950784422,0.779268461647998,5.605084895006314,0.7601272269016217,3.167676057423862
43,18,34.54938470656734,0.4467151925675973,5.9658179214649785,0.582170121907235,2.5824979066443032
43,19,27.753882453539497,1.3251202275069218,5.660730326439654,0.5067294869091947,2.3233337557581026
43,20,25.290527136231752,0.5911407405565401,5.577401767047206,0.685540743331206,2.9280040822994993
43,21,23.782079740754185,0.309741389820143,4.4034246942418935,1.0834774249960049,3.8637923275855592
43,22,26.722156725013274,0.653741081611944,5.165434267737565,0.701156561447986,2.8407508998669977
43,23,20.35459046369575,0.19720866136192747,5.1358174897588285,0.7052450685985052,2.864834328530335
43,24,19.521501776520335,0.14034024723692884,4.944618286391336,0.7327035324391407,2.9697624666193465
43,25,18.278031135587693,0.15143533517903485,4.177952198339509,0.9659685403959903,3.445316250723162
43,26,18.95918556598677,0.30899757551747015,4.800101358547075,0.8102869321842112,3.1060269964190006
43,27,20.051449971785782,0.6836084377337949,5.09686129948368,0.8357238564769718,3.158697254235033
43,28,17.45160174199139,0.2832737064979352,3.965353979486433,1.0305264689717677,3.7538566121661865
43,29,25.73063853223735,0.29133974493299614,4.352730945120884,0.8535091801285288,3.112426687600369
43,30,16.362392083902883,1.9952919192727847,3.820404107420359,1.0125340230728948,3.40956025990627
43,31,19.5911514780909,1.011210618605103,3.1417636651856458,0.9285940170102926,3.213381078133156
44,0,18.957923429664078,5.930172597872519,5.165604539179936,1.0831799780991211,3.953256415801421
44,1,7.454116231197461,0.22922821997511014,4.013328856648318,1.0532650494565905,3.5909608771535813
44,2,6.156395350664186,0.006552066704160892,3.716488374828142,1.2266789260830535,4.123525516021753
44,3,18.14894049347249,0.5598085316499205,4.662376489813575,1.050556821956821,3.792973223956502
44,4,16.64566187683169,0.9669367548459629,4.753570341774986,0.9170441586706417,3.472111011468319
44,5,23.263821281558144,1.4359201137927737,4.645130323046023,1.2051310350026982,4.2972945037216865
44,6,26.344032192227054,1.2472831533604565,4.340868664638535,0.8794496694654761,3.299385034711444
44,7,23.679322793423864,1.8905489254837193,4.4187607683447,0.9782167397781247,3.656907577180689
44,8,47.04218193295357,4.681557913120919,5.154410777623527,1.0901401700333633,4.084481017692781
44,9,45.026828770883476,3.7749713871462878,5.257692361317893,1.0275800828368968,3.8520601952839035
44,10,39.287348385497786,2.8071018190741777,4.670332298496266,1.1747055976369367,4.503100142641423
44,11,29.0662655623652,1.0909524316290737,4.865924353844032,1.101534137620125,4.102383784138516
44,12,23.76826698259763,2.0658965571956784,4.902313390112209,0.636723643288656,2.6761289200654255
44,13,68.45816221502736,2.344230160148875,4.466539777844981,1.1053770937810716,4.157929314527732
44,14,59.04287000305155,2.7529885428732555,4.267162989305513,1.228739131963879,4.371249758062894
44,15,45.50722120704548,1.8784269731001366,4.453532200190591,1.2061886196411296,4.6806574423232545
44,16,47.57460623375216,1.8035014897215838,4.530214060648504,1.2378617930379683,4.457300039257029
44,17,43.37208964075907,0.6496795350482095,5.015197554743638,0.980861805738451,3.6012365338304773
44,18,57.11702920845146,0.8656521945060114,5.846274186228182,0.8061573689509771,3.1779901600295655
44,19,41.469343047628946,3.5684836973583653,5.165837137282812,0.871271819003387,3.3342404442487794
44,20,73.18706521580349,3.087344561931273,5.009996962341358,1.0606290163952732,3.8455060624216286
44,21,55.468481381572985,0.9041670936292321,4.7585707040616105,1.1691300349196547,4.067402636595754
44,22,72.4270683525593,1.3042761385466104,5.081121751988626,1.1394325150741986,3.9497878038240466
44,23,51.6709595748723,0.8925516088414681,5.44101533823759,0.9235597183672377,3.3755259636864436
44,24,54.172640942333956,0.6945850781107085,4.598724747367315,1.217115843582043,4.076501071616514
44,25,37.52048735902906,0.5415379285082402,4.628669137440701,1.29941775183147,4.527048745977888
44,26,45.77774757235248,2.8817903001536456,4.873064618833612,1.092101976974118,3.959121662715416
44,27,45.367549663205196,3.9841259438346235,5.047605814729199,1.1149915439525504,3.9962676515525524
44,28,42.01561327478124,4.330695267965758,4.952587056814024,1.0572003585790188,3.9748540043412435
44,29,46.43354754516844,4.326680404720573,5.429095524693382,0.882622237681014,3.4239281767820824
44,30,58.78908684039958,11.895238844495852,5.011453852498418,1.0141830171093336,3.7869053392324763
44,31,38.06425293802857,5.0454259174818805,4.9879530311545235,0.9963203350488765,3.8568278885623832
45,0,14.800746854812417,3.711683453169268,5.087041085659002,1.0088700901718832,3.4263487620493502
45,1,22.94947706203441,1.4886077379780256,5.144585136497855,0.8607531390101322,3.2301984214279624
45,2,41.18135228244072,1.5412140598548856,4.669117683066364,1.228519056396471,4.347730981340162
45,3,23.41014778729119,0.6929537027714866,5.469251707061483,0.8538887776526298,3.2527558354030677
45,4,28.356433614583157,6.395657031963207,5.1848344568854055,0.9926721473220956,3.5325161879938327
45,5,31.650766121944102,5.131762833417714,4.869801438710544,1.2973254104147998,4.383121008304069
45,6,34.50700741235488,11.593543764525034,4.640299817544808,1.2292408229226197,4.444686443218145
45,7,26.045279932646594,5.043639436639736,4.857734776647429,1.152716321862341,4.323511825007223
45,8,25.98265858313463,3.982747421336751,5.186088631915371,1.2110528878139615,4.4291148194519945
45,9,34.0585779288144,5.9038144447757634,5.378378776518749,1.2232262419263789,4.779789216541564
45,10,26.950473800719678,4.472431622924018,4.4506774358754875,1.3013589690559275,5.027806820751959
45,11,23.638111850057342,4.332474737349147,4.942520977453018,1.1479379005430026,4.4016913391013315
45,12,15.857938899788707,3.218208799525818,5.04248358045386,0.5486093267166741,2.4136952437964267
45,13,20.622448338929026,1.716268460329903,4.650800514282037,1.1313316513694422,4.21080862083498
45,14,34.59874764866477,8.019989918832886,4.656407144729253,1.154005487803862,4.168523903630602
45,15,17.811345444319677,1.4793305964692594,4.674678037389265,1.0747274908105329,4.238679625754144
45,16,19.466648433581703,2.444675471196595,4.395251101943289,1.1701236492944034,4.166039121110914
45,17,14.92288791907315,1.803116758985106,4.522859511037316,1.0963205016021984,3.8891849265774234
45,18,18.318174347777287,1.2224875222178242,5.086003168758314,0.8854952814255839,3.3649316763252943
45,19,13.206837328210444,2.022465449123455,4.715828422773664,0.9668216460647345,3.5759278208120677
45,20,22.144330468693312,3.3754451397824417,5.05431657909949,1.0065588747437957,3.776205430672743
45,21,17.721567093085344,0.920150878824908,4.229036612915815,1.1221349810258934,3.928841273067895
45,22,14.037538386156317,0.8677674628345315,4.760397464037462,1.0740544664671052,3.8613969304453035
45,23,21.127351481860437,1.6544208885487506,4.750598044677879,0.9650898368367606,3.484282984650766
45,24,18.15970242359564,1.2961694559139834,4.0073971485094475,1.15460794790659,3.7726598618203124
45,25,22.07451300890491,1.5738767411567454,3.2845731713963846,1.2063806617253152,3.6789351096529592
45,26,23.574364536594338,1.7299967013109463,4.0626579157945875,1.034581312616866,3.5384019854364057
45,27,25.440806048167378,2.161617576496195,4.168385048855688,1.0965174019796784,3.646900970613823
45,28,21.580826669512785,0.7088282714918734,4.072600388169691,0.7779957905311905,2.893224515478192
45,29,20.585140041815727,0.38312248942283517,4.18968969302213,0.7993324819491319,2.9009212870506684
45,30,28.77459441050416,3.1322518776513135,3.9826867699171675,0.9680969283843748,3.3734746239792606
45,31,21.186986736784295,0.7710169061196686,3.7297375679195506,0.814505005655838,2.943493839800215
46,0,12.715705582253722,2.8314236773021286,5.311720109256656,0.9046579119797311,3.2058874298124
46,1,15.536730460827712,0.6980702763282323,4.8495309283416335,0.9364443380279202,3.4414285342385935
46,2,20.52830677669905,0.847280127483395,4.843915547951558,1.246568254762514,4.392076237917317
46,3,15.785411311622038,0.11493343079470125,5.695335675554598,0.8020335946292896,3.1624767800306923
46,4,18.64990762980366,0.4805673514281693,5.550064233067857,0.9602841111385381,3.537920306538276
46,5,19.699287860617414,1.7129480589575725,5.2783467566659485,1.2019785410323411,4.143342797934415
46,6,22.399256402172504,2.073212892701473,5.418402267025373,1.0186994097261337,3.8975544185553237
46,7,31.655045722829435,4.229939265088326,5.4300900544811945,0.9386709235776554,3.437284353717028
46,8,21.89392961667736,2.5886318552436984,5.336658365273145,1.1628785523170482,4.058692615008549
46,9,22.04606196371409,3.0019505855711808,5.61580364932728,1.0417914855649073,3.9297459776208368
46,10,29.918314037998115,6.700402875555667,4.75433005316766,1.2818886646330112,4.8586283913924175
46,11,24.83749163265435,4.501723288508504,5.120277445785458,1.091541649179005,4.0868434320028335
46,12,26.04396801415178,6.128055228983927,5.2254375462045095,0.6424936580054679,2.6037343611207064
46,13,36.37906892739525,7.414360984409136,4.812805276295457,0.9278510514252263,3.536004042598766
46,14,37.94915092632719,8.87406246458406,4.38126966977125,1.2224429134778365,4.304419754655859
46,15,39.29654530011223,5.9785734437657565,4.350570754606119,1.2894600682887472,4.760731033895283
46,16,15.517248975077267,1.4319359012827912,3.8306899001444195,1.2647474338431786,4.320578015275229
46,17,17.286682529484978,1.5737966598199873,4.649887321456841,1.1096405116378065,3.927671557854099
46,18,13.18460395974913,1.1741631924068758,5.206634819123922,0.8238239773278924,3.1697133613714366
46,19,19.931192333637384,2.2446188879830236,4.9739377355742596,0.9386219850714461,3.47647204032166
46,20,23.383321533785253,3.740529068690158,5.279628982095428,0.9908186244215083,3.6346177190581126
46,21,17.03766720534321,1.510492913007277,4.81167563042623,1.1201185428130174,3.9141391527784224
46,22,16.991162453144316,1.4515446827127447,5.3020446742599425,0.9799108866122639,3.5468231761035627
46,23,18.63955168722625,1.024424902947761,5.340068163275326,0.8721686116362273,3.233292293136294
46,24,22.504913921128633,2.9703313632052213,4.74441643297809,1.0904902717787541,3.715444285178888
46,25,24.421325951905132,1.3727339930891078,4.429931807701815,1.2144241876374844,4.2105908549623905
46,26,35.21872345744114,4.007996916356621,4.941647717983031,0.9470270795852542,3.4610793698302635
46,27,33.82576312755377,4.832006340741354,4.883004504933337,0.9894977601216448,3.481829829052727
46,28,29.86516891582619,3.092894136446616,5.168492041474282,0.7625384016678822,3.09951562381257
46,29,35.73879053418761,3.287868364917016,5.258944423875816,0.8529207427136027,3.194316976118098
46,30,35.80490290832654,5.674141075107,5.078192272100393,0.8719800336958397,3.394576788404884
46,31,29.399276203694676,2.3244585041212433,5.117930815616475,0.8431745306388496,3.447781807034225
47,0,10.49737365279959,1.8873232483098943,5.535896907258721,0.9102802224979687,3.260020097886763
47,1,12.907136986829759,0.5811642012615009,4.063924174506462,0.9524426036997662,3.211105129232716
47,2,23.189758943718388,0.65114144426898,3.870036254653326,1.401113395003157,4.529560919488134
47,3,14.63364363900129,0.2334462144280631,4.53403632879756,0.6988002276433471,2.674768704204289
47,4,15.897659208757638,1.6886386344883517,4.753781226744423,0.8758956583840849,3.168185988859821
47,5,16.815768312045222,1.1661310253417474,4.606749008005744,1.1968602733038374,4.107906389210633
47,6,18.191812664189293,0.4250657260102974,4.430378848695032,1.0075249183986532,3.5842349353759246
47,7,30.305131029290482,2.8350351762433004,4.312994560036231,0.8913252172280517,3.1804127519184258
47,8,26.375637055245186,3.321898985984773,4.730454628404219,1.0415631004743302,3.7845440401950605
47,9,25.447084867673247,3.3238743245340046,5.1621175138861055,0.8998627007001856,3.3541371869450964
47,10,40.6246696173277,7.828505293937265,4.46625410948923,1.1341157868295735,4.27179789760276
47,11,27.536367319538282,7.159643813836147,5.089260064016743,0.9203513471673537,3.5507911613357463
47,12,22.76774105719788,2.5489984784925728,4.376892773538057,0.6390854406023907,2.5339508911016053
47,13,30.37101587966772,5.393513545907462,5.045627585115643,0.9672904304629775,3.6659003333971465
47,14,21.704721269062592,5.835566469614422,4.761945804301046,1.1976196855831063,4.402516533620404
47,15,19.404942184031096,4.3042118823291595,4.593938943599605,1.3817533976844292,5.140477695486978
47,16,25.270350250258687,3.2299336520824777,4.0761604316552935,1.402529367315334,5.096576709178954
47,17,17.64659132363427,1.577422317710695,4.536850974742327,1.2522124543507882,4.5832907993586165
47,18,25.03088797920075,2.4651771661598,5.278806762527447,0.9336691713599201,3.619437900882283
47,19,32.44465835561747,7.073589732172573,4.350048371794522,1.1120867860077865,4.051326105419748
47,20,28.24783026324882,3.235278228429862,5.100781270934153,1.024409081996433,3.903916490011505
47,21,31.617018216362894,2.5165405203638778,4.32944518806183,1.3894344324559889,5.0198255715632545
47,22,31.799503761121894,2.6713792320067498,5.212685977400509,0.9954529456876919,3.8258844251600976
47,23,33.91833299563159,1.9284221144002025,5.1739299019851135,0.9414946961117154,3.511027462060049
47,24,37.64268396821487,5.515011726780911,4.726178198998381,1.185817699686277,4.243182417275865
47,25,27.038207991516312,1.1699512745930982,4.151233298785785,1.3109578166609737,4.5445601308746415
47,26,43.22224272575938,5.545994093063394,4.556758580071197,1.0054022340654383,3.738096872143811
47,27,33.28826896083387,4.496876057289755,4.815339563679571,0.9995727106441015,3.7774447859455806
47,28,28.126672499454855,1.42254094992716,4.811605021381357,0.8778341857722749,3.461325784214292
47,29,37.807603870024884,4.980918759406589,4.597874955628534,1.048708358573232,3.6310015953507877
47,30,32.9285639796399,4.836290584924997,5.003678661820714,0.8841745504061471,3.503356588582166
47,31,17.773767006264112,1.3341178477593496,4.5721285538000505,0.972959625931499,3.8043595459360082
48,0,20.25842444650562,6.595005715094894,5.344321146586727,1.093445873980671,4.035996500852257
48,1,27.01201564403734,1.4107396129313854,4.021337491629178,1.2493024161333128,4.16227376775691
48,2,25.48494412498451,1.5320300226814592,3.9805905112508873,1.371205861123384,4.701355691498665
48,3,17.687054035791505,0.593908738367086,4.2948865520947415,1.0349781142067416,3.6960219060540176
48,4,22.093631015654896,2.453466330483778,4.479830027438107,1.0112535580777342,3.61312954262341
48,5,21.4393524020457,2.1531133149371042,4.205162078703369,1.476642578482883,4.987010852165939
48,6,18.746892143659565,0.5570452073972083,4.370934425479406,1.1450768829184677,4.25840848713995
48,7,20.824242573172498,1.920017350104119,4.380093027598414,1.1795657916771445,4.333541977079059
48,8,30.24862249874208,3.941367562203715,4.971666276508712,1.2893840068466957,4.782646588774349
48,9,38.18205559438828,9.239959672783215,4.9579796214354435,1.26420549092098,4.639343114458267
48,10,31.77331984871784,7.476643526357314,4.281316463597294,1.3716369304293003,5.287819926598914
48,11,31.313518053359807,8.525288621805347,4.619352110655159,1.2280893151308767,4.636036002122554
48,12,15.429521620735246,2.6921934345296488,4.894974544705507,0.6106375427145796,2.5924219442838723
48,13,26.147016148160702,5.152913804566145,5.005060403039835,1.1018179556468937,4.138836461299677
48,14,34.799179608400394,8.981585114330723,4.6565981166424795,1.1703112601372956,4.4217655278765955
48,15,41.06959973342646,9.929489611115,4.557635785907544,1.3698592903367643,5.1498755583363796
48,16,31.11340534141673,5.609764012410634,4.70426112448331,1.0743710124795278,4.180577169303155
48,17,27.24163532639487,4.7997795996884784,4.994893027603068,1.0374134384108933,4.151774855545929
48,18,22.812738773559936,1.9098140063721687,5.463428563528599,0.8970495958021507,3.5979231224979786
48,19,16.10923639124101,1.3763620432359565,4.951230879887667,0.9321088993495232,3.6191389577206894
48,20,24.40716165778649,2.9923673210042243,5.409322956706882,0.9498738811338008,3.815394747125262
48,21,23.316144320755434,1.1543540976678823,4.938821584404838,1.2431443193156344,4.782458710751402
48,22,25.00693589272598,2.498079874028208,5.368388217411123,1.0562202571424688,3.999961599987338
48,23,16.539011274767873,1.0692335978575314,5.376735579500082,0.9277370188992666,3.4325676673949808
48,24,18.207657932806264,1.8161835345466186,4.9623300480724275,1.009307382518715,3.644257050764402
48,25,14.393244899932231,0.679547972365744,4.573464016039027,1.1281645461925605,4.001668574448665
48,26,21.156712494984415,1.0088011518841846,5.214768954268324,0.9264953839977998,3.579632559387845
48,27,21.35653323284638,1.8756598843273555,5.3870735099601195,0.9398115881577267,3.4856680213756004
48,28,16.63427717669215,0.43256963522943215,5.144592828056144,0.9121081797692021,3.5992581759135205
48,29,25.625919837942455,1.321804714061441,5.136769267468632,0.9048288724262239,3.3798425267672045
48,30,21.61192198496604,2.4562135162152328,5.419681652865712,0.8252833920657441,3.347348894701674
48,31,17.76098858048353,0.9060816307811946,4.932332893877485,0.949160147306344,3.751967984333837
49,0,15.351106797778167,4.068190802145994,5.418179214371774,1.0016124817664664,3.608548449024593
49,1,12.150633820353379,0.38619453644194757,4.4330851222589125,1.027095344026014,3.621449635589485
49,2,17.767568677521176,1.1560114491874207,3.872815741235142,1.3952298240908672,4.740727609629245
49,3,10.819107921728929,0.025197083721819055,4.617554755601649,0.8608338185478885,3.230911479665321
49,4,12.551419293513117,0.44004904905931425,4.671860366947093,0.9101378464003531,3.3455082369394287
49,5,29.669075954124136,6.957808638265194,4.415798716495006,1.2066817652172093,4.063981431374138
49,6,22.8662261135408,4.500642598010894,4.252749764603616,0.9373394355814115,3.4263319159454633
49,7,17.04749065197307,2.4376503452786284,4.301763781101862,0.8841778703236765,3.2609812272917384
49,8,22.74979043625314,3.1676888229476496,5.232442992425053,1.0472440413221804,3.8734429314027343
49,9,25.622561319147962,7.8580905995748855,4.980152977883893,0.967806454963128,3.6815583966671723
49,10,26.965299177057894,5.914839309830182,4.657909301205549,1.2455361871498178,4.631670391695083
49,11,19.192803621254257,2.6735486617729776,4.812002592037546,0.979092055392961,3.60463265141055
49,12,8.71978580192906,0.5304374645028446,4.43284496402257,0.45446550008248376,2.1189443073758185
49,13,17.94146450478801,1.9596917679639922,5.273084376304709,1.072851735220528,4.158284957866101
49,14,30.38761862294219,9.440787657545043,4.587789348493409,1.1256064041273657,4.185966015076366
49,15,21.85018693568084,5.434666415638077,4.60988479974304,1.1301662845924154,4.270633020823312
49,16,19.037800998668253,3.741025310260785,4.539308884029831,0.947250936398274,3.6096869011464885
49,17,15.337500389045644,2.772548655171862,4.7704331794174974,1.0729089193972028,3.9958635527995856
49,18,14.93195428382912,1.4883655891839298,5.150003176402261,0.7721242202848115,3.130147616435791
49,19,12.723359939842407,0.8694072465082257,4.916756000782186,0.9683571628295446,3.5850399936772863
49,20,19.77235629501252,3.136606444251923,5.064675978587449,1.0355217573868938,3.910069991570483
49,21,20.450423799941078,2.4367462246713467,4.661707070583898,1.2501185207089787,4.394361320680389
49,22,24.545533411180628,4.605779796262315,5.267813507126557,0.9748945950990118,3.615899653569844
49,23,22.798249211545716,2.1796278065285657,5.194405904290132,0.8847095002106933,3.268321451190244
49,24,21.175258787893128,3.1065824514616325,4.6324707516008505,1.0191828729764936,3.702852205720921
49,25,14.039944691328003,0.6399269130592983,4.013805427407403,1.2235153535513312,4.150641016636515
49,26,17.461848408629482,0.478012344264532,4.8988779482846425,0.968383589575315,3.676915992725592
49,27,17.66094817905469,0.6189310341604263,5.217423554225174,0.9050952894326691,3.461354457803262
49,28,11.492626030120451,0.07415443293302716,4.748569822646431,0.8500561247484217,3.190525536683161
49,29,15.796345046288032,0.091200837187974,5.12787871348984,0.7877782674859546,2.975717198254321
49,30,15.530217729907548,0.9519392890249107,5.2397571706767465,0.8025348096050502,3.230432773450914
49,31,16.585405464077674,0.5106267896610902,4.269176542874608,0.7832043674157694,3.014879922383376
50,0,14.22262140664683,3.446825114644583,5.763342031351808,0.814379925860389,3.0265628457189764
50,1,23.83629437380993,1.3259012418359024,4.5596574207015195,0.9191800150789575,3.4143525481541315
50,2,35.24312512572442,1.494029262219597,4.148300014456659,1.281746626526271,4.464196176969183
50,3,25.815125049170028,0.6466042571708239,5.1863475541871455,0.7825715438688041,3.0440061881177645
50,4,25.263581565649815,1.7037951972877186,4.981620293718075,0.920920210642735,3.4143222311202557
50,5,22.891378223076263,3.092685067970218,4.6967363365650865,1.073329399064093,3.83458246871743
50,6,21.521690510593558,1.1596183001520186,4.573321699218326,0.9867903598766841,3.671182198847332
50,7,26.809856276415033,4.295247983494372,4.652275616491245,0.8866653864973575,3.301402629754353
50,8,29.72520663402295,4.99049692719421,4.653352325870984,1.0725894084242995,3.8424386103420556
50,9,31.54600540890841,5.561140277747009,5.293199196322173,0.8952911980414573,3.361752598055471
50,10,32.387455629456475,8.5322947232798,4.339155918876353,1.2248243476188385,4.608961183407087
50,11,32.70026032246645,8.555180715876103,5.025108942848529,1.0075981765805766,3.872449463308071
50,12,29.931363074359677,7.660095761407649,5.030663663272765,0.6320927530338389,2.5502652595519435
50,13,43.427751402560276,12.933516503339407,5.097755714909616,0.9867131622268337,3.7939977072688333
50,14,60.22414295739139,23.261281011779687,4.4277282002404625,1.2512951918710291,4.386113151546268
50,15,40.42823705504236,9.883581457152646,4.7316816160844715,1.3020311980016848,5.014872079278766
50,16,24.43961050352704,4.202579019485658,4.282371663087253,1.1563253988677555,4.2324596793836236
50,17,26.67904102233311,5.227786218108054,4.869648357948829,1.1923854544552492,4.3167785899013955
50,18,19.338820899670477,1.828703056911104,5.228940430424059,0.7821313245775698,3.127717404494633
50,19,12.452418121544373,0.7198804881827505,4.7177813154913135,1.0744254390326002,3.8435789944935452
50,20,16.01209107865335,1.6176721222788348,5.133360548372096,1.0281398863266409,3.8458748692044016
50,21,13.289980582507301,0.638326718135285,4.700795581445815,1.2102823954011033,4.2090567760782225
50,22,19.199467207176443,2.3881501143111277,5.441541499636701,0.8730650906652224,3.310168055747648
50,23,13.791765977839166,0.3645233724029078,5.251599441135506,0.8783967428322814,3.2962340240715133
50,24,21.187416684779528,2.6423104082058737,4.754398620615133,1.044546718756168,3.7187151869853605
50,25,17.396768665931955,0.9179446338492626,4.1723922856240705,1.3287042346494573,4.5609380545936835
50,26,15.983415572173532,0.3824807195118411,4.949703883549267,1.0174143017150161,3.761602997680163
50,27,15.693186692470235,0.41739182712361955,4.953376950604114,1.036734060124469,3.710851819388193
50,28,17.842909574095003,0.6241799447108743,5.006029850977391,0.8045504835087991,3.1869859817364254
50,29,18.490590884534946,0.6924257751535434,5.235756359391479,0.8726626747010346,3.2460299921019384
50,30,20.39488775157185,1.490762390612069,5.2355642803962485,0.8336713755974889,3.3470717970394492
50,31,21.379509948308595,1.2389933323064908,4.934421286475757,0.7843131705930455,3.204278311224459
51,0,5.797091527485949,0.14074947953442402,5.569309331652633,0.9199622510713938,3.2708595788356805
51,1,14.303180716648255,0.13814504308317863,3.957211378431624,0.9410259808551604,3.2207283374647098
51,2,19.153873168853696,0.5214896227521808,3.734487042836861,1.3052475324032926,4.45315656920474
51,3,8.515237365637105,0.015515553043572251,4.473662402643086,0.7293225126797092,2.7496406822975876
51,4,11.904192119268368,0.052553166188355586,4.466945495016745,0.8882023615207704,3.2082367168389743
51,5,10.233498869293127,0.23446412106163453,4.267228806416742,1.1424679461932277,3.9197012825616206
51,6,9.1804238862743,0.15524758798969515,4.161733493570205,1.0127902885389783,3.636048338716714
51,7,11.04720003519585,0.32175332026209114,4.269320813701997,0.9208280906344779,3.3028739680200294
51,8,12.55076625539371,1.295832247833645,4.396239241955612,1.1459747466017545,4.09604751835176
51,9,14.177492559804556,0.8976854878653793,5.290902607982304,0.9918854731265334,3.7646346343107386
51,10,24.995266458356014,4.9505902026282005,4.271249652041473,1.261575626124344,4.753762278811803
51,11,17.918126464554682,1.7924062346415504,4.946501056351146,1.137280128546342,4.397837732865153
51,12,25.339172017069874,6.50025797304089,4.535321798530182,0.6090951598621546,2.5340766641886074
51,13,31.05870806511444,7.0489078087614025,5.010831473776291,1.253487552586071,4.854917599185061
51,14,42.88841482966488,14.534180995934737,4.791778008653544,1.2997580924789656,4.876304391551555
51,15,36.49438866722646,8.532403486964913,4.507868610789428,1.2889022626449185,4.897407272643063
51,16,22.485533450012706,4.966020930217728,4.2578527271143125,1.2471627451298142,4.740962999788265
51,17,16.171691726839697,2.425150051209763,4.876804122202325,1.1846657283428987,4.495412332601546
51,18,15.167281250876048,0.6473771149679313,5.379445010214713,0.8468632574210639,3.4102493378240557
51,19,15.119136983968694,2.3320144011857993,4.463362499618911,1.0910616841243366,3.932489416502426
51,20,20.60133351048911,3.5426567501935153,5.209208059967955,1.055656668661002,4.009492068617615
51,21,15.160245455944962,0.915218786042339,4.652726006984203,1.3651227814614826,4.865253421538103
51,22,23.03758625690417,2.7274034518577865,5.190266369245649,0.9885606800987228,3.827152078914436
51,23,20.48988701369478,1.4360793127995222,5.137591035526825,1.0074311862916865,3.7362107554011046
51,24,20.904691557190382,3.2414764218915026,4.7352267473079115,1.142246484773894,4.041002176390351
51,25,14.845911571242638,0.935765485756488,4.225947503887959,1.4423833246996978,5.141515934944145
51,26,20.48030131784084,2.2689961363076976,4.675947275421053,1.0807186108409157,3.928827534672881
51,27,18.750806759840064,1.4403175746326764,5.06905924839363,1.01251257822046,3.723440839735263
51,28,15.598500312197457,0.542536529412631,5.038873583659549,0.8947325554463887,3.519123452486747
51,29,19.108123855498814,0.8540892367364652,5.453446871133677,0.8222488968770989,3.121249567325755
51,30,15.70052281777197,0.7956921115447786,5.395746901694807,0.8240010689295856,3.3229381677936844
51,31,12.545940924776904,0.31306780178886395,4.955874229808318,0.8569276946185909,3.375281015435125
52,0,6.857561598043166,0.6808992568735942,5.579325881149558,0.9306511168727765,3.3163390482547346
52,1,17.260993807215765,0.23161169571554022,3.992729608461093,1.1289312427118725,3.765994844572714
52,2,19.666042541737383,0.27729310178880634,3.8784339505135152,1.3589984195887386,4.54248624179921
52,3,11.34389225379773,0.13518094889691318,4.738571454075939,0.783257873693648,2.984472596849741
52,4,10.944792518281915,0.3250051198625632,4.684774689853469,0.9895450198607678,3.5505206304874095
52,5,14.44551017823644,1.4422003404360502,4.768453680119011,1.1672973481042748,4.119613631170001
52,6,10.368602788573554,0.2331091009711907,4.343712334014528,1.0650850522825719,3.884232683432441
52,7,14.82425167581791,1.4602195410172865,4.243650937856003,1.024807263933332,3.651039758916352
52,8,16.133376484028012,2.3002470687342647,5.101496330092695,1.1006346308917987,4.077459910240979
52,9,15.792964074479205,1.219373735841249,5.313644321629734,1.030056279523916,3.892059500565347
52,10,17.830064920088226,2.0310761192446387,4.5576806127573235,1.2789732222122456,4.902360422715753
52,11,21.92717969561445,4.177689439659647,4.712184565818324,1.1755398404102753,4.529770217725841
52,12,8.719321415698527,0.46325359752915707,4.6741917810580915,0.6492625809389274,2.7051957146518393
52,13,30.69349661521734,8.751668204237614,4.705650819263887,1.2426651754741904,4.667018049285829
52,14,31.029663460497865,7.7818004371914125,4.4525459741893165,1.441160736449378,5.382727241723401
52,15,33.23073608430909,6.630486573216511,4.9982106964912365,1.2583709680220334,4.889036025234282
52,16,21.819909581421527,4.900742597047543,4.660054231890171,1.3708265487806592,5.144679953956747
52,17,19.527668571588123,3.296509628799286,5.0169892755921,1.0987246550381302,4.234288883431611
52,18,21.801993650282682,2.7461345794284204,5.369890073583389,1.035106333338069,4.024162714108229
52,19,13.202448541120607,0.7505623588203147,4.701713150347439,1.0028344938871907,3.7899083598423156
52,20,20.981038653913558,3.664228671545995,4.836245724395144,1.2006619948247215,4.3916592389001154
52,21,15.949300763372454,0.5807927004273589,4.912995947300154,1.2798476838318047,4.769224213405392
52,22,25.27210670224111,3.8984630029291756,5.132950039018228,1.080737630063334,3.9616708304607435
52,23,19.827366741590467,1.9064182572418464,5.15946344092014,1.0293163426394454,3.768430384040903
52,24,19.54534409371449,1.4268595428830526,4.635096394603803,1.2287747326971683,4.266468168846153
52,25,16.73670403080634,0.7756029512546745,4.314130941366826,1.316702363492377,4.5626626896563325
52,26,17.057544199993615,1.1957112386869708,4.58331053298741,1.1535411551612604,4.142640834691259
52,27,13.937602558478957,0.29371144546461925,4.73164504515376,1.0460527005400824,3.5731856303190965
52,28,14.739450317835598,0.6389531113043805,5.120212615091169,0.7631384167537165,3.0475462430024867
52,29,17.644659807022702,0.27214813248583825,5.219823871494805,0.8395478817254443,3.153579471579746
52,30,13.279714092214402,0.14461194058011068,4.945574606758566,0.9484473089073369,3.5697764401425873
52,31,11.891950119817146,0.20880452877459565,4.666961999227517,0.9188294946293389,3.5865853731489663
53,0,6.807206356063945,0.6727373699822805,5.577551930021352,0.9948628522274312,3.586780132406009
53,1,15.168760239119596,0.4467705803589876,4.216208298669498,1.1555230438204207,4.092064998229289
53,2,20.615138560213428,0.33069534102949766,3.9191466129012014,1.4325033068245574,4.788061505096016
53,3,12.535201178966384,0.20110393760525713,4.803316017850004,0.8759131847180877,3.2956425128481914
53,4,11.138698587686525,0.28853978211338577,4.676661584143272,1.0112090079216438,3.6331654828153384
53,5,12.77609013794369,1.313350214469878,4.752789858884052,1.2566731782844585,4.38465391307555
53,6,15.177303654741028,0.9521529448635977,4.46755026620097,1.0443040390818812,3.7176610491762534
53,7,13.001532833730758,0.5488002363197627,4.747849634567411,0.8835642180782539,3.2251056681900407
53,8,16.088417074274453,2.3930749302222005,5.0545812356688575,1.0864628203714561,4.035992533695514
53,9,24.986230007191512,5.053185374491725,5.202368654405367,0.9548577144266526,3.6136492472906756
53,10,25.863848736788732,4.526371626655944,4.825596960605778,1.331338102738708,5.042486266921736
53,11,20.20783525083354,2.6708133619524785,5.103722840654752,1.0358793168673301,3.853292490562317
53,12,12.16479181553945,1.2545333770913558,4.9814320241631265,0.5429810412624549,2.3722748320122546
53,13,18.01350551884544,1.7944857026726226,4.933120012551932,1.1710518757289456,4.329079882083632
53,14,25.72333151619369,4.081053920597548,4.0843979270481,1.4217521099843982,5.157797082570791
53,15,17.85837450966555,1.4108595479439714,4.632363698518888,1.3848059235133148,5.2498783000691525
53,16,21.54717527164029,3.0982825427352223,4.42681143687654,1.408980102494378,4.983935943947648
53,17,13.093425350283804,0.7584799863947487,5.189896007005797,1.037982818137932,3.9463730439253957
53,18,12.890705666198848,0.692461255731459,5.076740364100835,1.0922994717678156,3.9915146731160394
53,19,10.499320768186596,0.40909427245121105,4.637672550463507,1.045164806742842,3.771917148522364
53,20,16.414091015877055,1.5271939053192498,4.734169591841027,1.219996633995521,4.291029280822167
53,21,21.05906223714038,1.0092920421328881,4.432703902331268,1.365410091826246,4.83529070888856
53,22,15.896742267444685,0.9797763729731889,5.005821356317763,1.1156427234416464,3.9922392852303967
53,23,15.596302907053238,0.5726113501651334,5.002653640557078,1.0461846612554488,3.701929886633534
53,24,15.453079111013128,1.4893366598460762,4.576906662095068,1.1764352044231172,3.976074815665382
53,25,16.21552952899976,0.48244455176521006,4.370637046501729,1.1703976441111381,3.999021382465064
53,26,12.64869523223875,0.21099345981763168,4.715494821761295,1.1106834614382617,3.9886000149418717
53,27,11.474474744157764,0.10209992744833116,4.8553059061228385,1.0357100669904291,3.637852096555672
53,28,12.845446471010032,0.652381775525294,4.46922204310304,0.8909512349309665,3.30207280753125
53,29,15.766734936376823,0.518006002855698,4.97040347202679,0.8705442698908197,3.179443412620912
53,30,12.359870809673353,0.47278709463692375,5.07696061490064,0.8642494576545898,3.3466916390841686
53,31,15.045562007152531,0.31144987560613135,4.685091729864895,0.8823738687594291,3.3407254035877725
54,0,7.5667342139725795,1.0227694266895562,5.537873886590327,0.992841327035884,3.543112038976923
54,1,21.276122990019637,0.3651199023722389,3.887677578087393,1.097369538542484,3.598668149913421
54,2,13.960261530316238,0.42983203855660856,3.6482204303448817,1.5132712321169874,4.93429744342008
54,3,12.594590594991228,0.32215609271244544,4.9578749123155665,0.8112204396036082,3.0979290408324642
54,4,11.397201976225515,0.29642239754530164,4.647938259995758,0.9719194308711936,3.4469774028865805
54,5,14.200557693324917,1.0409769324009852,4.501340101992824,1.3432320688239336,4.494559016380374
54,6,16.038888050677595,0.710602749015977,4.450014455265329,1.0769151990518662,3.8576568721711193
54,7,12.183133331124697,0.4801400047873637,4.452789820887983,0.9493562268080034,3.312640454969007
54,8,16.834510964891628,2.069709899583657,4.893694860288843,1.1623448464137889,4.216049414137933
54,9,14.984743546791648,1.3143938100083505,5.02299540594817,0.9517299145606986,3.562388738583874
54,10,15.076004572084928,0.9291260734871523,4.808343334068478,1.3435875642208375,5.185704576983681
54,11,15.28810959301896,0.9796584916472739,5.1423386270478275,1.0421801127809296,3.9134350642423583
54,12,8.893559792395445,0.4772641146846038,4.540942801970611,0.5987128763784755,2.411861576079551
54,13,13.18450661280179,0.5717348445077455,4.912449469143278,1.1966723390058691,4.464211168758652
54,14,13.548620224370662,0.6132727163554733,4.189006633526324,1.4018037596515738,5.131015572570423
54,15,19.878901945281896,0.7769311607339492,4.434755326657747,1.389565992614334,5.191483409416733
54,16,25.176970634018108,4.086467177029121,4.189444803654887,1.2991726554946306,4.571856332123323
54,17,14.141197220671112,1.4700528209577637,4.932306346892744,1.2284352640906242,4.617276105103919
54,18,16.27525948303323,0.5132854383948827,5.116840112993624,1.0628892915098662,3.860629205513086
54,19,9.710163757641094,1.0302513161605327,4.498995671209132,1.0627967488514107,3.7658082429506536
54,20,12.85478908439873,0.5355788444229559,4.774297832625144,1.115634856155249,4.0112091099466545
54,21,11.029040177668598,0.6150854903239035,4.463656334678008,1.4035592058265918,4.916069084388003
54,22,13.972237605865809,0.7324982002098938,4.896394172728306,1.0752498304466238,3.8321157124590144
54,23,8.997852459779313,0.2693400308704228,4.83756879227364,1.053265747369096,3.6969077615601353
54,24,11.109667464891936,0.27591589232893965,4.467039725683296,1.153327010994488,3.9148903303506115
54,25,8.699851218203948,0.02478763151060487,4.19066126530592,1.2293356499199355,4.108179262327047
54,26,9.641299250880506,0.060410310038702036,4.591474642879395,1.1652521543256187,4.073192773850375
54,27,8.717741645846706,0.008255173790935873,4.607149070114231,1.1209042178693176,3.856882708574265
54,28,10.933240356938498,0.11594226763055651,4.42970820555329,0.8109835625019572,3.096078488064734
54,29,9.876259103798894,0.09506457114039407,4.774047853293114,0.8654811584714137,3.1015391073216163
54,30,8.928160611734862,0.0832809139525508,4.715521184522869,0.8982098806762533,3.371669495747354
54,31,10.980294745759512,0.13327069759635501,4.229516799139855,0.8916812313738909,3.19978552578139
55,0,6.506397640936164,0.3518979140236903,5.614601701228279,1.0071625288552202,3.609508342545664
55,1,15.748460903521844,0.18970132513534027,4.505705280046227,1.0186960552941153,3.6648334372284697
55,2,24.73842002600348,0.4536749011240537,3.9742218243782816,1.4731664845452133,5.047853162452678
55,3,23.187186936042547,1.2879710503474775,5.261753639583641,0.843604802594994,3.255420193103051
55,4,21.856378147111503,1.0406932311357635,5.121378738158835,1.057603381899784,3.86076284954877
55,5,28.767188569550214,4.862211569010411,4.871487277961575,1.354553355646142,4.741611619634094
55,6,42.62043644862659,6.665018621713239,5.774438373073314,1.0026470978907076,4.090823156164893
55,7,32.87777801475278,6.510002595935858,5.546884400552276,0.9248133050541618,3.581299666921283
55,8,37.64039094848408,6.687624073378471,5.703121148656873,0.9991248195053375,3.992636718454592
55,9,36.343555747926715,9.870398747447686,5.686260495770319,1.0245105175407305,4.009069130606961
55,10,37.5214806316933,9.731175317474614,5.738107049719632,0.9910266218683885,4.100971679664928
55,11,43.587633079823306,14.011351263588644,5.739645407579754,1.066434803122414,4.282600680620894
55,12,47.24862204195841,18.04013694797072,5.640806782490163,0.7636748571073246,3.0379041679785925
55,13,53.0474390880877,20.110355267943653,5.16890898913368,1.0969393931502331,4.456576880961741
55,14,33.57041400089709,6.5925499372766225,5.065775502024625,1.3919800472499562,5.09061925149625
55,15,46.25672091961387,8.547650219696326,5.454053091121251,1.3020881766947827,5.257466918976754
55,16,40.29844989427172,6.446405205229908,5.030040811604416,1.3117678921216624,4.772779991813212
55,17,44.76432770929662,6.314894627855022,5.4495473169270205,1.1619867569198892,4.439268211848625
55,18,57.222353972595926,6.595968016847882,5.5178213409975845,1.0506850363763691,4.081746701520936
55,19,39.06433014911076,5.62748016072787,5.333168173747359,1.046740611867711,3.9623896072607137
55,20,38.24527876804223,6.747828128232077,5.308627078012467,1.2229301274850872,4.526833124227995
55,21,26.457181352851478,2.5179709136861392,4.824851399392529,1.3569360524495728,4.810495686695905
55,22,30.081911786394553,3.0179834347241004,5.2607524628349065,1.1314280238251886,4.170459530818688
55,23,24.57804414836616,1.7191708581011804,4.8266229586119165,1.1785510937279309,4.143746467426228
55,24,29.86306374667406,1.755998805635703,4.693679951133836,1.3234101386531272,4.612190098495845
55,25,19.26537407135473,0.3781015963030148,3.872054000149318,1.3967244051419785,4.595516991852516
55,26,17.16368696512444,1.3875029203548848,4.558027293482326,1.2225197612927516,4.250928148365186
55,27,16.651941315530305,0.596579825776538,4.516874893316971,1.2861286831264076,4.562848626221883
55,28,18.321391763810396,1.1867945183675834,4.249532868604345,0.8932931885191095,3.3941767443827726
55,29,15.17185858832261,0.2679669388146001,4.582306251388412,1.0530660172827346,3.562387720088184
55,30,15.82126695581178,0.9393770555241568,4.3388912431497255,1.1501379317535472,4.13466800797207
55,31,13.808408969744738,0.471044878616231,4.2935671752606135,1.0352507604406975,3.848547694553783
56,0,4.7052576009606,0.05978836121800884,5.545135777661539,1.0147946531975904,3.6130818833858105
56,1,12.292908086915611,0.14055684750446096,3.968867622811104,1.1427071579474135,3.783076459904673
56,2,9.592864574360297,0.002061755836540181,3.5899027943149835,1.584758460413513,5.2731523111695795
56,3,10.8893658294533,0.3279182634959046,5.074640066606269,0.829751276641268,3.230883379332131
56,4,16.3129461748973,1.2905114834546483,4.73044836402033,1.0499539318719373,3.7638950718638546
56,5,15.412195994265353,1.531960663336803,4.350426402127951,1.4262459257510143,4.817102801628101
56,6,33.385591343832495,5.787518034163275,4.369602804015021,1.2975010255422559,4.643390434993625
56,7,30.668736624451896,6.255569219415989,4.460009612371088,1.0475502761736388,3.666466263375813
56,8,31.726826036859173,4.713298071955327,4.892588336861989,1.2768290909733615,4.6580222322537175
56,9,30.963260884808314,6.572908235785039,5.203121507198473,1.0313825666919927,3.871387366723889
56,10,33.809504202278305,7.722539230587446,4.632741564761728,1.3829754592368726,5.303936376753647
56,11,44.42202233581004,14.325735378538162,5.177579800635961,1.0745047338730727,4.091194562504837
56,12,52.29388331852734,19.511859964577372,4.5580779411900725,0.5976221556922585,2.4602340591796117
56,13,54.97459615245624,18.613012434037856,4.738973933747673,1.2473686676344897,4.609185766317686
56,14,39.25856743736075,8.308862794547732,4.461377856645221,1.4096491220846206,5.215074276074729
56,15,51.304248580435086,12.300610376138831,4.265861945342334,1.5447258186482395,5.90359906946643
56,16,39.19927935586779,7.417665824079798,3.9756850956093515,1.651206392952528,5.988466144820286
56,17,40.831570349726164,5.680772153163826,4.76285093269535,1.3011330933471985,4.846986877189363
56,18,48.25524121245748,5.0213904067567166,4.957123390499917,1.2383800688102609,4.599805403354181
56,19,36.247844264279394,5.215522134122571,4.62247318658275,1.1795778883697778,4.268879287820614
56,20,31.290945191351575,4.494405989729236,4.798389126484192,1.37570773416894,5.187116642773535
56,21,22.150428056498747,0.9394269865854007,4.430029316255222,1.5482868859298105,5.712626627260319
56,22,31.490719434655343,2.60702698998539,4.859926843295888,1.3366299243261048,4.858058962276412
56,23,31.256397973366116,2.199621613368458,4.378358594247961,1.368830863554276,4.823460001961203
56,24,29.905226878894776,2.3890995848507504,4.362579378575779,1.4149111607390576,4.971706977210708
56,25,18.27141149602351,0.4260375969153699,4.171182179958335,1.4946570013362939,5.2030075448826105
56,26,26.633131192949207,1.5323172665340499,4.613566014035408,1.2642275698618892,4.44152396957998
56,27,25.76822192726256,1.406631591767737,4.8429510113039385,1.186562156618181,4.171025315713284
56,28,23.408922888922255,2.3016453998517843,4.675372008766072,0.8810328942883077,3.4415108521390576
56,29,16.666522900276142,0.7648653986871866,4.851126719348677,1.0039966839308958,3.669160317839796
56,30,38.0999794921704,7.627695867171648,5.090729146589305,1.01326296371544,3.8134494630988693
56,31,16.165101947248324,0.7555197891004479,4.754915059990136,0.9862758946869556,3.773025082137281
57,0,10.493536861043193,1.769486288510846,5.433366191857042,1.0790786174867826,3.830978766337585
57,1,18.985600783438542,0.44088911004993153,4.145932433443532,1.2871061103203267,4.458969999373829
57,2,20.664527286785987,0.5160916894956386,3.4519839356847157,1.434030258399746,4.53292302803724
57,3,17.735934897267583,1.1542761193829356,4.483258135028397,0.9499483788880099,3.3293097742019944
57,4,12.649691846199772,0.4589041257324584,4.470731192227385,1.1760085272960676,4.025836567522699
57,5,10.60987001334129,0.1257963757528075,4.378630120594584,1.4141099082574273,4.780247920653229
57,6,12.258669179489708,0.5429798921288588,4.425432705307529,1.148980310045915,4.221757046839736
57,7,10.818035498427244,0.45247043728656156,4.5681634529652815,1.0588841455344982,3.7264183450206536
57,8,17.150060124620104,0.884420501296004,4.883977956221328,1.1876940716174822,4.221619598978688
57,9,14.524943625950547,1.524239638668643,5.131460676957277,1.0420118201802264,3.8833915792045057
57,10,16.734709795983093,0.6912971416477963,4.701006145674446,1.369462884685598,5.275496984685574
57,11,14.762426189472219,0.5153996348087749,5.148274279990095,1.118964440868135,4.1845244072670145
57,12,12.695346652593047,0.9747965504598872,4.747603079518127,0.6516759978436113,2.6034595631932733
57,13,17.26381378261417,0.7557419370132137,4.935040276838547,1.2149538109122693,4.55224395589355
57,14,16.43432492096013,0.6223565082112613,4.28822381932257,1.4932473587227557,5.582227570289441
57,15,24.78186786220202,2.934199325911074,4.4836884067639815,1.4402345513409909,5.440209304464573
57,16,14.17783292944257,0.4203637975826234,4.532333993721912,1.4070181295928172,5.087276291515502
57,17,18.789025414565476,2.5864796975798394,5.218743147299981,1.1451366517063581,4.333900858406687
57,18,17.564738929527593,1.5050755007023322,5.1694692544290355,1.1532291219535313,4.273884134055429
57,19,14.936000783894457,0.5536149100256734,4.992769696899613,1.0857203915821936,4.052461394534997
57,20,18.366298537429536,1.2862586076442373,5.099634942965046,1.1663395227491167,4.340008702538447
57,21,16.639468085325245,0.8993405208361785,4.790804430603531,1.3329148360913656,4.834393000593112
57,22,22.939943934435462,2.2584535457494535,5.214868895849934,1.1426914351892279,4.123429069818807
57,23,22.09240183525952,1.5860860178962506,4.749203340865678,1.3104445286031483,4.513648295147431
57,24,16.3986317997745,0.4491133043579213,4.92014758132593,1.244904686154774,4.290763203680499
57,25,17.749377693377454,1.543476220231618,4.395975517272562,1.427698112388395,4.894261924118063
57,26,21.206438404644953,2.1102295371541375,5.069790773834844,1.1608112573067455,4.142049025784372
57,27,12.581244013510492,0.481987273505714,4.965979888143387,1.2341484798165236,4.329740180141921
57,28,25.343696850733192,4.701810908742006,4.822570189640235,0.9591071980792192,3.6059407658116185
57,29,22.59943535590958,1.9690171754156176,5.102418348936186,1.0495453538014994,3.6483533294395794
57,30,24.720723867160707,4.265202075185631,5.333521573751242,1.0745063008249618,3.9879028055799313
57,31,18.069688176084597,1.5443734725942027,4.951409091459059,0.957050358569453,3.7248528858883434
58,0,6.731116649529838,0.6560078206271854,5.285319381524668,1.014517539339316,3.6007538941173913
58,1,11.497142918876882,0.1685537758329982,4.480364985356112,1.063102019217042,3.791730988203925
58,2,17.03326561155982,0.362634104121836,3.559389535116472,1.5782380182512976,5.320584051989637
58,3,12.39631883915472,0.34266067589482874,4.875250005593117,0.9719919448107666,3.5614839471602306
58,4,11.039332246118025,0.20924715818304457,4.93220116689907,1.1145023176779034,3.9433502917677545
58,5,9.367533942473775,0.13157696361661933,4.589789035952493,1.3158424901992083,4.444534894481777
58,6,15.824948865765554,1.537794457377032,4.622023795262696,1.1130861673197634,3.9336907618548556
58,7,11.60202736096182,0.7240334479551822,4.495385366903841,0.9965566093923002,3.546802886378917
58,8,13.935578651313602,0.7291617970796315,4.816477220460358,1.1406766547152092,4.090264699862403
58,9,14.166731012626812,0.823733785213415,5.082981765741213,1.0001257203890992,3.665914040101719
58,10,18.581349914222656,1.9178121983832241,4.874980697067112,1.3098240399274053,4.935518754995403
58,11,15.330360758100554,1.581719163232312,5.193918673363186,1.0870742303198346,4.043210863795663
58,12,11.499709229622114,1.1440254029867658,4.862430761651547,0.6118069710902923,2.4884362896177206
58,13,16.93450071211942,1.376040704989049,5.160896484854387,1.1650186488749235,4.392457732025421
58,14,27.35886907537681,6.6547424265974655,4.334594446219916,1.4234921984777769,5.081405819736364
58,15,24.512692022498193,6.724545934996203,4.590522867168009,1.3411896360301165,4.898970708949383
58,16,11.533895897974753,0.8024722086972662,4.534126313311168,1.4123610901804815,5.052839299079221
58,17,12.07127296089911,0.6474281768651815,5.132059296113862,1.1797120629616957,4.519099899837478
58,18,15.929639550099695,1.7022749500071217,5.241965908433691,1.1444999708420491,4.30365513373407
58,19,10.261838335271163,0.12620361325285367,4.8407335318099705,1.1632008173123953,4.223373836574184
58,20,12.307042427931044,0.8626151082088678,4.704106768579343,1.2874978133684758,4.730605737122042
58,21,12.38327018057094,0.5487031845431202,4.195384869154612,1.4986236976568303,5.180995394994774
58,22,13.980579875201737,0.35127050916276525,4.8779010099931694,1.2613428133425693,4.447323302585164
58,23,16.374496410018864,0.653776432983721,4.553412817439545,1.357859573132604,4.621788518110485
58,24,15.029298069057113,1.1656508711027747,4.71242822341573,1.2732228908535346,4.373441539855334
58,25,17.124217602436953,0.5107849235661152,4.163678720347822,1.467956327984857,5.057727645385863
58,26,14.425572289670715,0.5743377926369831,4.86137044488501,1.233882240082778,4.470834118224702
58,27,15.93065528442207,0.5605429488799939,4.786554818086769,1.2946537554482322,4.532118960456799
58,28,18.823170963957423,0.8874971513468028,4.576924523970954,0.942398507615799,3.540603085954298
58,29,14.71357885813693,0.11455374287088124,4.979984923948096,0.9694416018522576,3.3407887614980547
58,30,20.045567496071115,2.089723167966233,4.837658746046157,1.0871845786109544,3.975358311773333
58,31,14.836156207601174,0.43840333646338003,4.118238301345748,0.931336908957042,3.342202527063593
59,0,12.225493197179297,2.687580538640013,5.498492640295311,0.9962167273500766,3.5712171148004535
59,1,8.696394492742197,0.1368582508916782,4.323359237012206,1.1060727229095502,3.920349014722689
59,2,17.082879076390988,0.4519668670645423,3.6107204478491384,1.512119714922401,4.961015612009486
59,3,9.624712549237001,0.32753159653876984,4.749386199502825,0.9418851900720373,3.4703301095844328
59,4,8.242615571235234,0.17458379711320804,4.880033154769768,1.0116746849651106,3.589186373988959
59,5,11.769077907453186,0.9292252280097602,4.613359232404961,1.332830244640558,4.6419635250832245
59,6,16.043863879176662,2.3919817276031456,4.509487644637104,1.1560046741210295,4.160967890381234
59,7,8.972091263483126,0.8900583790380256,4.699741383656986,0.9887028628459893,3.5547287327892967
59,8,23.537095262853494,5.637931032507601,4.907520498410154,1.1911148435167096,4.441074384639846
59,9,24.465619821619214,5.229180827479523,5.204659392904979,0.9798196716474665,3.690577803468829
59,10,25.945809620840564,6.507985162877638,4.867088449493677,1.308903707691968,4.9448470885085145
59,11,17.275346490040924,0.9883129552474014,5.100330459986241,1.0708530246818162,3.924438360019491
59,12,9.659250026893528,1.2148430287298524,4.975269225844901,0.6042325858352253,2.4977725196339993
59,13,21.49341520818532,2.578076437580046,5.235032510119604,1.10717925781168,4.100367835597998
59,14,21.71525549041277,3.9368692966828585,4.558481678992851,1.238305193221632,4.493615046772309
59,15,27.973351497556067,6.375147565625165,4.566041421730758,1.2954015228036644,4.712730541503892
59,16,17.22158490135977,1.4266994315842447,4.4720891068845035,1.343177308379671,4.757707281001824
59,17,14.90045812755687,1.5260888339230065,5.254029375160121,1.0848011933492963,4.027035378286007
59,18,23.858549845021194,3.783154353255627,5.572313244595855,0.9793292886341982,3.7242190263708244
59,19,20.275150004420183,2.320811660592204,5.142297505488518,1.0337968892854121,3.7124400403382447
59,20,30.902276181721845,6.296176082886853,5.242137267935111,1.1251623969823106,4.246632546765573
59,21,17.724747474722843,1.9144138002942108,4.569345826465348,1.4174444966316342,5.001553164513374
59,22,16.56153542103793,0.9653407089773944,5.0499838128063175,1.152566554635765,4.075263313665504
59,23,14.359553862042928,1.152766607905731,4.874970724163976,1.2472528137596477,4.435837910773091
59,24,10.06192600712788,0.22641725286566952,4.5725469463917445,1.2920697452596848,4.455447730952945
59,25,12.433588206027821,0.381180469377825,4.095008610707401,1.4896819897463986,5.077911318573331
59,26,10.26603400677828,0.23687233964355253,4.9333632502800135,1.2224074187539244,4.440613763076865
59,27,9.288021185555948,0.059124506663064194,4.67617327146359,1.3065266849865864,4.499312131541885
59,28,11.277062384566563,0.28554909166435183,4.547622213876769,0.8633098597043203,3.2813760904131994
59,29,15.459829706856876,0.9043253058294362,5.052977189751386,0.9148497315780535,3.2251198121742957
59,30,16.23713875423963,1.0992646375295843,5.061976567886406,0.9370597471731612,3.5185477220406103
59,31,18.703727077599282,0.5742369705667858,4.752667374371292,0.8332983272356032,3.259477262312618
60,0,6.499267188961887,0.47656473153263007,5.59485647781996,0.9831848088456407,3.477726987663594
60,1,21.937948758587314,0.7619115897947445,4.676292550572785,1.0529014553632141,3.8456183397013333
60,2,28.887585502859697,1.1855345759149847,4.112460219254292,1.4322092275867293,4.791643220479193
60,3,24.575975417134025,1.4421562507494525,5.355538447104475,0.8956987602192337,3.4013382475756737
60,4,26.44239660531415,2.3047048895148254,5.326673353123235,1.0987858135444437,4.079184966338431
60,5,23.7499976536807,2.714046781135365,4.984758578930721,1.3542656851089347,4.9705176073879835
60,6,44.765312472244666,10.393169195510488,5.677924035611006,1.159198741972351,4.624232395248076
60,7,23.6840723758002,3.722362902316568,5.407337865734362,0.9383365907933738,3.6015726670603807
60,8,42.39236791637512,9.9576396008033,5.822684839755375,1.045613390065478,4.245862624958799
60,9,38.2636314938798,9.952261947106201,5.581317638370176,1.1744667155644821,4.546954381556377
60,10,44.23964963868296,13.854932314424001,5.761045012076007,1.130204044695044,4.501634121151659
60,11,51.14124378437701,16.598310589624468,5.781033750722472,1.068305565437651,4.203946944714344
60,12,24.868856980605045,6.3012628403985955,5.533313247548307,0.7244256951941965,2.9300999382518205
60,13,41.06114136347889,13.246850722290297,5.476345036453343,1.1005450071850342,4.194741276065591
60,14,39.60775104053374,10.046155225583824,5.4162400971543105,1.2603104994208731,4.385025529292198
60,15,31.005358259707602,4.811965912132662,4.759998529200109,1.2754279150480574,4.699518528624687
60,16,15.132796823001478,0.7967011572324351,4.030836648736388,1.4474536914707947,5.024692758271437
60,17,17.339493553519027,1.4154015222991951,4.856342350410434,1.1085789816277467,4.080372468387541
60,18,21.31241740814137,2.042393782986127,5.239772078987267,0.9378500669075969,3.6314085622871803
60,19,15.034132383287346,0.817980243528097,4.507548354231463,1.2571980723223248,4.298299790441831
60,20,28.961305864435197,3.8247249744187863,4.67723224228013,1.306082385144589,4.5873761855857165
60,21,17.471166084742546,0.7216669022042654,4.544081522061697,1.3381899368326513,4.691220695241296
60,22,16.103648808329467,0.7272814834237438,5.061479747944515,1.0970386090488438,3.89529402883508
60,23,14.743191531678098,0.5838823561180584,4.826286731436428,1.2349166923070003,4.349579407398878
60,24,15.40537428943056,0.37185304288274196,4.94579703462867,1.2598827936879404,4.502040414465937
60,25,16.283312021123805,1.3267999896633842,4.163569426784085,1.4438983486683243,4.919267470348079
60,26,17.97765222452137,1.1341845756503384,4.848210157182842,1.218192866140825,4.222805171674835
60,27,17.495365536989524,1.2953833517597253,4.726794626938156,1.2332121779888467,4.217679469406891
60,28,17.8810754628435,1.408607235632107,4.747335952712259,0.8670091662736699,3.4266662347745207
60,29,15.968308767432013,0.5800351831384751,5.095522480612282,0.9806758345037094,3.4283648081338622
60,30,20.27068836604861,1.7057634374447965,4.837592591669383,1.0210534951916639,3.7023505017783793
60,31,12.425736807922515,0.30813221671458135,4.7279304375934235,0.9014058831364258,3.4581175133031405
61,0,5.388107998149813,0.41977910262192586,5.594971718594996,0.9849244083005146,3.521199270019397
61,1,9.963658029573823,0.02789012836724792,4.160383789519013,1.132852584222844,3.739242783079317
61,2,12.965240547763429,0.4351389888190787,3.787919397556734,1.4838279500834526,4.828250562575546
61,3,11.997849340235176,0.4126030866914753,4.957785465512766,0.9280936055438467,3.476499626834874
61,4,23.47988634623963,2.285234769169451,4.711096222206702,1.159047162528454,4.074601718072186
61,5,23.98193510873449,3.1600261082872367,4.362122933395874,1.421783523578073,4.812289879034328
61,6,38.915192208542074,8.945947743191356,4.278253386550029,1.3821655476100272,4.989328066077287
61,7,21.155848537181555,3.0779047174099645,4.721308717504889,1.065724098505651,3.8067400859012617
61,8,30.79585948454816,5.929888312752509,5.091638103634085,1.221469608799767,4.555029737193082
61,9,30.740987612234136,7.0949275214263885,5.274290109923868,1.0963379145714054,4.125770622980541
61,10,41.56557081612401,12.02780813736857,4.711029007024752,1.378252811918407,5.370329499033611
61,11,47.7650778571802,14.876135041469151,4.997765033581212,1.2345745400003114,4.596257958110593
61,12,30.936598864358018,10.250445634102869,4.728031973500573,0.6345400214974664,2.5959186885483256
61,13,40.8523714997138,12.832382515621315,4.780361085276705,1.1848433316304314,4.335514467272705
61,14,37.80107339495537,10.05626666857603,4.202705514345491,1.4835500186297494,5.421985258828652
61,15,27.824264546335677,4.6689154288306405,4.589760608251195,1.323345755426212,5.0303829289224735
61,16,21.855139369609155,4.255588115259517,4.156092316497549,1.609193311924349,5.725309154995408
61,17,27.0027112336262,4.776669379665693,4.86382111586727,1.3063549901122729,4.769183036757254
61,18,33.463114816096805,6.255147892790175,5.232141068609206,1.1328635347896014,4.1182300426099125
61,19,18.53442739342183,3.5335404703737443,4.824926654421547,1.2085677238861896,4.397776494133631
61,20,38.6852373682387,10.603556073598234,4.74188775560177,1.402073025492105,5.077150668666934
61,21,24.162810446753483,1.8418544470951517,4.756810274715595,1.4397357943582838,5.341503557352129
61,22,24.465629642035804,2.456198562981479,5.14485073574377,1.2527253523560358,4.602778483839065
61,23,21.20485132244093,1.0293193106527294,4.785209680426679,1.3913437943563665,4.947896284315788
61,24,26.033924499195088,1.8959902394654051,4.745094522532374,1.425537426054155,5.049283120421725
61,25,25.66611766833983,1.5576736495339154,4.4291225401739425,1.48976992931843,5.142942389007508
61,26,23.85505618935941,1.8175512370449636,4.621787167894043,1.368879876784244,4.886432334104992
61,27,21.526491757000557,1.283964364598828,5.199018881879578,1.1647603883430904,4.203822708815408
61,28,17.466369229975435,1.2004704751567856,4.915269683412941,0.9306332617586381,3.677964636840236
61,29,11.298975028741996,0.04391172132981832,5.097206582711932,1.083273155991428,3.885416833432002
61,30,26.033723299693524,3.0488650873110412,5.140729638070464,1.085382484717412,4.054261181669748
61,31,18.042191034539286,1.4380144586847157,5.068337361321104,0.9841203152412445,3.7570222094599575
62,0,9.090194396278934,1.774364987566234,5.4848332088140825,1.0348960903397089,3.670707230784148
62,1,22.083994770491046,0.9666545868574801,4.38611336555861,1.2576595551306466,4.462351948937494
62,2,28.73848403607364,1.0665085133484957,3.7313793868788756,1.4412167090596717,4.763417548107283
62,3,15.283896176877196,0.636682062518346,4.64324513058241,1.0463037577051972,3.687939948947538
62,4,14.409307510682979,1.294557672288865,4.546697727274703,1.2876640477099652,4.463957591726738
62,5,10.864650945783865,1.119522328814727,4.486422675239552,1.404288130391473,4.687844389600494
62,6,10.98851967019828,0.7896064877300095,4.572031559274809,1.1619176548976657,4.198476487529879
62,7,11.959008399670422,0.4068554500420989,4.674605038213477,0.976202587458002,3.3937871077512614
62,8,17.088571598146935,1.731139270031867,5.077504145016018,1.181662111879171,4.2474667485947855
62,9,19.416090091428323,2.905908719311175,5.161210069478285,1.1547704525193758,4.2537581157927
62,10,20.031246674590783,2.2341710952178273,4.409719213333313,1.348872434432856,5.138147610899973
62,11,14.636824305202577,1.233281813458425,4.836716172667768,1.1792788526201532,4.3303479090740815
62,12,9.805595939287048,0.4602986039702248,4.671666986608816,0.7176607750336528,2.783157951844008
62,13,23.657766094983632,4.095065619171979,4.704035067058813,1.1283351068544993,4.110862445391863
62,14,18.013960374769077,1.8674453231564248,4.55924814857725,1.2972311435420707,4.812182858384436
62,15,28.563733784278927,8.056818859460284,4.746684883063532,1.3084225679825447,4.993229807900753
62,16,23.169373608166424,3.3404562665550204,4.308864431036911,1.4823926775691554,5.155893231862832
62,17,20.341377422002914,2.220957267247623,5.257193252145561,1.1577867867592104,4.279148290896176
62,18,18.49709201433743,2.0365031439041266,5.312774212904131,1.1558198980746877,4.149768178710208
62,19,22.348419119861813,2.023382817178277,5.055591563669629,1.1999078445936204,4.287635626029305
62,20,23.489423115941193,3.8992914731122736,5.117290989763072,1.1810783826709024,4.277648610579478
62,21,32.56442642714045,2.9337108451281333,4.5383990706905575,1.4563925302802847,5.084513503936254
62,22,19.72827739588614,1.8422143194856422,5.324905838894488,1.2393019043240026,4.446686364124053
62,23,18.00712002354221,0.7745057419911016,5.383628202348174,1.1496641234580744,4.102684815167161
62,24,18.142959176224746,0.7327782236630334,5.115544956002976,1.3181262645472867,4.568932486017455
62,25,21.243163135129787,0.4545703184937081,4.814246960271291,1.3646220320582696,4.78848011447484
62,26,25.731227843068815,3.050676322309316,5.174837628374495,1.276055034196185,4.632794409651464
62,27,26.94012868681275,4.046837272442829,5.357491026259256,1.171608975042183,4.04784747594558
62,28,35.350419486290335,5.442627234705794,5.525503815693978,0.9702101240791636,3.7919191939435475
62,29,28.415710906836626,2.1061977829198506,5.4481705618250755,1.0305553945754005,3.664542028114768
62,30,29.933123174462395,4.9348184824825445,5.442539546770563,1.0960442415316507,4.065214965541362
62,31,19.9416589044975,1.6530378141502178,5.219646707530709,0.94792484401097,3.5770469864247665
63,0,9.189379357884352,1.6276840978408254,5.49270027839845,0.9665391790741298,3.4818788495709683
63,1,17.20242814443991,0.7495523660502674,4.539494789015786,1.1292863778116677,4.025056876947767
63,2,41.52929255012205,1.7050123311884628,3.9516275934877365,1.4527279439937333,4.872068882813649
63,3,25.658586870528943,1.3701477830057165,5.303550360915221,0.8956074746702152,3.338247336827011
63,4,29.014456855445182,7.5833455755872805,5.102333913951837,1.1200757092467644,3.921944803611463
63,5,35.977656150021616,14.051026173849841,4.734640560072972,1.3419446461038644,4.438522928260445
63,6,41.47731979297583,13.432681067877754,5.254771748260528,1.178963286052844,4.427949465060565
63,7,25.273025468437037,4.115387183744317,4.662748399465961,1.1901046981962429,4.142842072775468
63,8,32.604220793743124,6.7169535090107395,4.985317604538597,1.4706758302632226,5.5364951635919075
63,9,26.393621924416408,4.412385199168342,5.305244657091016,1.29578683932501,4.946395220684522
63,10,35.71059317622921,9.376649921277696,4.6373202666096685,1.3655260797243258,5.243159145045433
63,11,17.39681632258418,1.4668126673096205,5.130947707080202,1.2221224749006865,4.818866352223156
63,12,13.801064585618398,2.384722911870198,4.745875888878345,0.6548291490662903,2.729440084853016
63,13,40.54498461285682,9.17851227215738,4.952639435317012,1.2738958048725637,4.89888379136082
63,14,27.448720507900248,6.584864240912843,4.351171472020239,1.4837050081932937,5.285571536348309
63,15,25.935123134596772,3.5613312979811056,4.615691430244989,1.475178209908715,5.684262959002111
63,16,25.8116645783506,4.613334353079233,4.522109602489736,1.4088605516321602,4.975086618519751
63,17,19.42229867977742,1.1717710816469005,4.7277495162072825,1.2355944844942943,4.444196944450387
63,18,25.81557808398515,2.6676642950323686,4.950057267831417,1.2066027636026844,4.317135062116641
63,19,14.725968351450227,0.956468930827821,4.600372942911336,1.2051241188789223,4.2296724403030534
63,20,21.722554016633097,2.118263113440455,4.922839039071418,1.1592894685162634,4.18271490385367
63,21,18.079895435169497,0.6980689062586414,4.475944739376542,1.3590591580179243,4.895251126660941
63,22,15.27802043997987,0.7004292281533971,4.87163615356507,1.2579029334716294,4.452829044945236
63,23,13.399989396175517,0.5176173434603519,4.908061508139413,1.1995628207848412,4.266552822035549
63,24,11.312347851484816,0.12588078743935935,4.830588989633956,1.2396267125499278,4.399309736096994
63,25,12.878487240580196,0.4067585740659053,4.203600182354688,1.3942294296881084,4.7324849320477185
63,26,18.733317724465444,1.0056127615154908,4.747185701419366,1.2759287969627247,4.444412989878944
63,27,12.800330519522726,0.225115823309748,5.138436052799117,1.1084050018791132,3.871489914499378
63,28,14.002108474583055,0.7323197544707899,4.7609231908092315,0.956079980256697,3.6586204867544327
63,29,16.2049240699355,0.2983507500296723,4.939447027446028,1.0017503392421805,3.5434184110915576
63,30,17.519420500179663,1.588960290920927,5.058107662760518,0.988884284186283,3.610029483102679
63,31,19.804302812629636,1.326562270306562,4.6838777295269125,0.8766050739751714,3.3498044117263928
64,0,6.960502755773998,1.0223349861723108,5.35347447342093,1.0498907796562245,3.74440157958302
64,1,7.750333309353329,0.02664227111626425,4.262820903735996,1.1071839276119428,3.84646825877229
64,2,14.178637120118253,0.21706003390457346,3.8201314385313,1.3841574227117652,4.579984646445169
64,3,9.838757371332107,0.12256115101378846,5.198115264025019,0.885111670103524,3.3568076968195766
64,4,6.436598300169745,0.12927265227595588,5.015132991443497,1.0973864660455108,3.859673458143862
64,5,6.796246082104352,0.20719805843726324,4.56770691998609,1.3903927550600637,4.677941420228605
64,6,10.933051384940864,0.22592308114130571,4.867537679134664,1.245741186829802,4.5346311525089344
64,7,9.013960953711218,0.6671204082247366,4.600222517960569,1.2345616393237178,4.30267137545584
64,8,21.807541033000383,4.66541466787441,5.078997511103388,1.2903321346837338,4.9088250889186344
64,9,20.464405333569438,1.4235944069998223,5.357934724981638,1.2641895953330007,4.8238802005627335
64,10,24.38223053575723,5.371119614572779,4.490719272233781,1.4035747583090163,5.380973481973664
64,11,22.241681663929818,2.8615664016013085,5.0951836688173415,1.2131196189221418,4.581924826963388
64,12,24.231928415828236,4.561162933938915,4.9982623368090495,0.6423408183452315,2.680803348012675
64,13,34.904150975553236,4.5666602414133495,4.633298830775802,1.121930447131514,4.066868961736348
64,14,31.614202248224693,5.142245777999231,4.933746582426748,1.0030726821759082,3.7466157299091476
64,15,23.76274891532273,3.200542058880199,4.514943692715715,1.1755306056701667,4.303046052025884
64,16,25.014862181049125,4.153263681519265,4.188457280224347,1.3074877643442102,4.413030196483108
64,17,17.535063348581673,1.6439745361533507,4.964249017995558,1.1510459687546017,4.15729411254992
64,18,18.724572847400506,2.5733876929071866,4.989422254121962,1.1153358689630988,3.8888565092986083
64,19,17.237942371448273,3.3162489307392082,4.744829392989482,1.1582113723241152,3.9911791963974483
64,20,25.891727115832825,4.427644838328842,4.723723867071786,1.1731499962923388,4.140427112737961
64,21,20.258800568326436,0.5535289209257078,4.87944545782737,1.1747164916971453,4.1825157829987525
64,22,16.805210106791858,1.5348480050108892,5.138325038518268,1.1346970897984807,4.050030268492678
64,23,18.436099122924944,1.0524322512016666,5.056695269621733,1.1093298416990303,3.978827753852277
64,24,14.222172149055492,0.5402938800052092,4.7531233254261345,1.2478067556317765,4.230051794134817
64,25,14.849019664070344,0.4314978705575737,4.537943107841389,1.316829694187609,4.556961928056489
64,26,20.21219333702505,1.7477155748610378,5.133862173917491,1.113164561157319,3.976320790533842
64,27,19.777059751046735,2.6569666522073696,5.036946128623864,1.1009632886907275,3.850519307722005
64,28,13.92450950127661,0.6805089758721105,5.095267180516955,0.780665946602837,3.1406879567237995
64,29,18.094549443460785,1.6985592390719464,5.1728815934589285,0.9385406218018506,3.4406838704861413
64,30,18.20499880915586,2.0897898253029945,5.130637611698594,0.9633742614195562,3.5663035750827548
64,31,11.932376573594114,0.8259062966452453,4.8169704294858064,0.8977928234241155,3.443764000921397
65,0,8.460157396612814,1.7428524311700802,5.430152604660843,1.0428486478406178,3.681590084042988
65,1,12.900239353018925,0.7247795770255686,4.3782363139976805,1.0452522817023642,3.6213815855203912
65,2,19.834034646654274,0.6893781133878243,3.497944249069884,1.6889106646387662,5.641768274622069
65,3,11.631816553890523,0.25673674152278325,4.819082340881684,0.869324254125929,3.118507222635329
65,4,18.696081928914417,3.998486269828318,5.266986693598723,0.9234142002830454,3.3478617245861018
65,5,18.588234440568066,4.584079640196169,4.57223222520031,1.372644149877848,4.5828770575431585
65,6,18.396252131039603,1.8634368588867662,4.868863200386585,1.1352891134956264,4.106835780755596
65,7,14.583245789378172,1.4574277546224959,4.818264229722109,1.0487484900341322,3.7407074192931176
65,8,39.98394665259971,14.102564913751742,5.148149947596378,1.0412436676026626,4.03871551257875
65,9,38.45769370981417,12.439893405254796,5.240207948559949,1.0412862378087633,4.017536987794254
65,10,34.357743805021684,9.89459228140858,4.572329758030906,1.2278842509197938,4.757093781474465
65,11,16.403720973144498,2.181223260562768,5.056376068880711,1.1285529245656978,4.32371718030133
65,12,10.322396326847347,0.2954786722148358,4.572560692182749,0.6825318430826606,2.7656940970064
65,13,19.899930775428974,4.841783738340303,4.469950271727658,1.1241037200698276,4.035112470079898
65,14,24.174895991506773,3.5646989375320164,4.566762460547389,1.2473969192439087,4.63553156203165
65,15,20.190137464023625,2.501278984431928,4.5455312634610525,1.27597353309653,4.717339518665536
65,16,22.13815710875958,4.785114823536092,4.186520386066846,1.422765389348477,5.058761746720302
65,17,14.054516149387712,1.3428208234303105,5.058683124715534,1.16617607249003,4.203291958774161
65,18,17.594051173395854,1.677774807934583,5.077422767778126,1.1837873169877193,4.2774377202587575
65,19,16.564906765089727,1.7841485293442652,4.781318191649333,1.2316541040611115,4.398273694658837
65,20,24.017633408910257,2.3600924045607896,4.642623907121422,1.3209117978569198,4.759137203956475
65,21,20.197953619181835,0.8220846750311848,4.614156440519921,1.4634084280181883,5.340066696610228
65,22,22.56154216411826,2.7408348600005343,4.681031653111698,1.3594446993836318,4.7912457434654
65,23,21.547901675663546,1.3104331054943497,4.9107782543306975,1.3548973242921516,4.883196751578092
65,24,15.962394796597438,0.8692753287393784,4.375886575468639,1.4532992708669816,4.929233883374111
65,25,11.339255961825582,0.1787162631505626,3.854428040472929,1.5854393402487497,5.414554380633769
65,26,17.51703697114793,1.1723438214070372,4.910365202655623,1.3108486872602416,4.646641885008344
65,27,19.958374075899762,1.4594383660866366,4.980240835963012,1.2573356219789078,4.423188377298525
65,28,15.855669661061205,1.387373331042254,4.839946509053304,1.0354343580674268,3.876560955635491
65,29,20.241241910611244,1.3856804380230727,5.3431067804240735,1.0278033616450708,3.6711784562608605
65,30,14.91570577579194,1.060408463662142,5.216374314965327,1.044283220899013,3.8878492650428615
65,31,11.825101050407161,0.5543484785681744,4.93322575783008,0.8609216832233608,3.296708359717687
66,0,11.803810487603625,3.611531383925163,5.751867396562323,0.9147197544323813,3.276316478470533
66,1,13.67818945715779,0.19292693351685436,4.628507464310282,1.118977612861423,4.011811933251223
66,2,16.350046988330206,0.5402681335481814,3.691124016887051,1.460526446588747,4.735941969943556
66,3,12.788262938636285,0.29778813750962085,4.961671031380753,0.8597383988423086,3.2186787412832345
66,4,14.149003214344175,1.6900979276915271,4.7871245605951716,1.0431151745051244,3.6307555044142634
66,5,27.187608997478122,6.5519474456042115,4.374053177053752,1.364305411948731,4.573871755200237
66,6,16.734711556261793,1.7284119967101033,4.612437900263311,1.3439710239977778,4.781757242259621
66,7,16.13976384767406,1.796792101942109,4.971665577562289,1.0889888978663382,3.914932189377934
66,8,33.551782683315565,9.68403052241134,5.124854135888272,1.3656005873638195,5.1968586564346175
66,9,37.6081932210456,10.552395421671381,5.466163627924095,1.228809897621435,4.843738437321234
66,10,27.647149560554418,6.5870687472430385,4.6423327449874705,1.490994672719891,5.943357255225201
66,11,19.122349135330076,2.1725446070450123,5.223161456414885,1.2287395095286096,4.631192507783371
66,12,10.878951638746965,0.4242906222974107,4.718968356357754,0.6513736140983601,2.6993546049349924
66,13,19.450474818912575,1.1079765020886752,4.990597828475413,1.1126133553113826,4.077514713246898
66,14,18.093975948921262,1.1865346934276118,4.711227428121479,1.333802389822016,4.969924688764567
66,15,23.406514255402698,2.8863888409028364,4.902474778463487,1.3943276608346444,5.280802467350799
66,16,19.95578312811401,2.257990959097956,4.592046371630039,1.4001504654576689,5.061607234790341
66,17,17.202325390882397,1.3479472774673513,4.878941301546769,1.372763333759127,5.028077684733657
66,18,18.868739459733483,3.447713538815932,5.18785264877965,1.205536272445034,4.368478608586677
66,19,19.516394350144367,2.140155767196896,4.939528250936931,1.2539186579878203,4.534165071723776
66,20,28.220079177633398,6.101249158913474,4.867017829407189,1.3325023955036013,4.892722217278834
66,21,19.8351988276307,0.918061485574668,4.857028275420238,1.4096484884380152,5.242038249946526
66,22,16.289519215248802,0.7567527722217251,5.012025929785695,1.2892626336449666,4.615816175344549
66,23,16.587521056150983,0.7143600780636611,4.763623508373588,1.3921450052423285,4.952394751495872
66,24,18.518205827252118,0.5409508114609288,4.523265480377936,1.4672025012284804,5.035222505968519
66,25,20.668743853855446,1.0206399445218144,4.187819496000632,1.5544465283507432,5.223029499806553
66,26,19.29689915147862,1.718946252951981,4.684390000704624,1.3955354544338299,5.024809991691183
66,27,14.986612718507786,1.0463692427699134,5.46088349360784,1.087725588795422,3.9654891203704143
66,28,17.182389777566488,1.643016640925802,5.000054188972367,0.9421199729367,3.6747078279765026
66,29,22.81618176629747,1.4515541751642738,5.098204046453633,1.1361567202959408,4.083700839639075
66,30,16.20185682935977,1.4221759389312618,5.316685806668464,1.0756427154070556,4.1335430434325575
66,31,20.567459759552335,1.6075899906751125,5.168040182625257,1.0344898650997703,4.0131728861110005
67,0,7.132657578748816,1.2064193313966147,5.700408986206133,1.0100860695982368,3.6194066199165924
67,1,20.335739760160934,1.0382130178017166,4.402413388627577,1.2022426445707453,4.261756308956027
67,2,30.121322538962648,2.3338921491707407,4.15696797391988,1.4013372742727181,4.679062593376899
67,3,19.16475297760369,1.314798716559249,5.041037292183601,1.0010444936280845,3.6476736041827165
67,4,23.810435188085677,5.9859857955719376,5.016534793154188,1.1916066823720604,4.191813207935359
67,5,24.684493516457238,7.384287702046165,4.572119981740487,1.3674072292968429,4.476510593012323
67,6,18.156651841388847,1.6202261331671486,4.609089037132593,1.283230317834458,4.656322507253648
67,7,18.432747210232215,3.0102144257784946,4.5467623662392604,1.051767762665114,3.6936464961790962
67,8,26.853975870652114,6.453291223700643,5.0779242124406965,1.3469266702525315,4.967251838717831
67,9,24.077995520567704,5.074805582338719,5.18313997260902,1.2776727748533778,4.82708383159437
67,10,26.31217585065342,6.1221212940341045,4.58711347826706,1.333740802358859,5.0155138355423645
67,11,21.09235208187922,3.589213798317103,5.07782492306794,1.1785581371733054,4.224615976091168
67,12,12.702648649396355,1.7019224739204613,4.865121379162946,0.6350030634995738,2.5860028431174236
67,13,12.71149782471127,0.9177371578657628,5.104066077176546,1.11087562913439,4.040706923645564
67,14,21.05778485220544,3.03453690055451,4.835832161285365,1.2265002201962316,4.404627930769167
67,15,18.96899957761728,0.960942050390708,4.906673871078006,1.2904910066151976,4.811774430101939
67,16,19.39214590077261,2.5238886876057567,4.549401053903015,1.321830319460652,4.53747332708642
67,17,10.540170318468297,0.2989625539265981,5.2224128711369024,1.1790864677482924,4.296781516130661
67,18,12.235149727945249,0.37042123818495054,5.462524098260353,1.0940460835179469,3.9780794598220997
67,19,14.999653152298569,0.5635516947214294,5.200568873201985,1.0627887692971472,3.856128312409798
67,20,13.631021934515498,0.498922363892306,5.072225011898428,1.2208170022165232,4.423474030147261
67,21,19.21993681316375,1.2064811639699269,4.885415687629568,1.3048945615552165,4.78592919303687
67,22,13.87565322736073,0.34102729140041477,5.384213805425218,1.1476538011559372,4.145399807373298
67,23,16.578760943078716,0.841519228891666,5.299110202434578,1.1407566831349873,4.201868607750071
67,24,15.638458579999535,0.3666359716899709,4.9957032276959,1.2413468217123818,4.328692408405564
67,25,15.8453088411223,0.3235056540505685,4.518504023171458,1.3198828800765883,4.42900148416315
67,26,15.963709063154031,0.7990865293950695,5.138251554000387,1.1499127610329367,4.179015147960872
67,27,14.84934080216051,0.443079720298464,5.4027637300442475,1.001771995945588,3.5658811178713075
67,28,16.338645151153063,1.236655849609913,4.748543624889707,0.8710452796152097,3.2759080438160284
67,29,17.199184141156778,0.7162609825237547,5.029990862055133,0.94718858981979,3.4569122125086302
67,30,15.473478294817017,1.2391365503679872,5.287117019090429,0.9232310753408388,3.438553060842496
67,31,16.72930572536586,0.6957873075347668,5.152798656838245,0.8182621700496142,3.2207227318021494
68,0,9.571125287093135,1.7420813523386747,5.3231336172820285,1.1177126917705111,3.800945860255302
68,1,8.45223403292084,0.21172573051548058,4.367950899747542,1.114636435327335,3.8631424777793497
68,2,10.691987227406926,0.16313592792678938,4.048724732530594,1.3680426628566638,4.549576376603072
68,3,12.712265374133496,0.5795550030586927,4.7779573127388595,0.9112662847893294,3.272417763168351
68,4,9.535877647508498,0.13368591518163886,4.8223399553353605,1.1799624736411207,4.081290940516515
68,5,9.906124000334957,0.435443426767885,4.792855713627375,1.2582979236231093,4.10543736189847
68,6,17.221645339990452,1.61306224910494,4.8253316821645775,1.1636303000005306,4.245895082635415
68,7,15.963675086115131,2.9356106403337217,4.758288748098086,1.0102406447535728,3.494615643773281
68,8,17.44814907952763,2.7305300483691415,4.925027673202303,1.2574971447044598,4.5683000720754015
68,9,19.499026573534238,1.8368816036678992,5.222260931803234,1.241223053862055,4.682677632859184
68,10,21.425608740342955,3.767226691397762,4.772011494316017,1.2919791074160116,5.026852835753786
68,11,16.474076972863337,0.8961747449330218,5.080882184814871,1.1595700447577473,4.342830316751143
68,12,22.31233791549237,4.6672760868415315,5.148010889004302,0.6467171107388836,2.688635980840682
68,13,22.412353416342732,2.4132423703989776,4.776494719477199,1.0397691350317366,3.769156044329282
68,14,19.92086715366745,2.5219522133662027,4.296890333648791,1.2043485487485377,4.2506426336743095
68,15,27.3620617125243,2.80174645670917,4.491901752016679,1.2331339271855537,4.445059397748461
68,16,18.86510081289775,3.003302778445391,4.1573599885434644,1.277017259761509,4.24187675362192
68,17,11.215507586410768,0.3740595039109913,5.1280850329114145,1.1504517374456924,4.078124427070905
68,18,20.157024872275755,1.6892785128076988,5.420207982510167,1.167306999746021,4.259694780385266
68,19,19.36305614059175,1.515311999671622,5.197213843132172,1.114785718046356,4.065704640108558
68,20,19.999385598235225,1.9143418789663718,4.8640840115290995,1.1814288876164207,4.147134679620145
68,21,19.66112261694253,1.01918490663765,4.913014996653714,1.396895503458862,5.088293954263155
68,22,27.07202573214616,2.8392715760903515,4.992789678019504,1.2865211825587268,4.527946508828489
68,23,22.381663442565518,1.0829210171825407,5.119942763611174,1.219767736973866,4.341756890115068
68,24,22.36098616339089,0.9246995640942822,4.647403467253168,1.4639724598503845,5.0837917647194715
68,25,22.13503935805015,1.3045889794861465,4.391128866814685,1.507778843442523,5.227867556204789
68,26,28.517148915861917,2.438277113133718,5.1369795698601965,1.1567276064740817,4.087222979004677
68,27,26.901919162162276,2.695813103526678,5.130979811037609,1.1765092880478427,4.011870633447671
68,28,24.633858416997477,2.9642753789619194,5.199670736166597,0.8587281908577493,3.346277440369028
68,29,26.29433565362434,1.511381360030427,5.555240068251715,0.9156265630576392,3.3539750801588135
68,30,24.865096223950673,3.0751284544161215,5.546666756396484,1.0260760379261713,3.7719950853731588
68,31,19.101053596347704,0.8260969124386832,5.129398426759494,0.8783757191438468,3.3204349574270227
69,0,15.10206513122163,4.679855782149012,5.56366945190513,0.9399460646860023,3.3499010701953016
69,1,30.514240717623945,0.9322174149336347,5.052894111332321,1.0311003438306905,3.7927970456988125
69,2,25.990813072637522,0.5155657661111519,4.45996398985872,1.2493101857934796,4.288417665345537
69,3,27.989067432881054,1.9120770019286646,5.640447480440773,0.7953961137343555,3.1099213171228146
69,4,14.852969378909183,0.552500873437471,5.262784240988742,0.9849311954738678,3.5663975183362995
69,5,11.477488948094624,0.6359314451193028,4.871561980271238,1.2601850196684259,4.2140476142494006
69,6,16.83049679714813,0.9244690053838474,4.7541199154381735,1.2377355000404329,4.3188568908536
69,7,19.73384142926083,2.2798394148261516,5.152348761058301,0.9409980950445931,3.366916804734467
69,8,19.495105258160937,3.794773406875807,5.220192326727982,1.1689307182888582,4.260570931837308
69,9,13.477445991261085,0.6486042464955395,5.415345076973967,1.1013188791103348,4.142972980953191
69,10,13.719432206100072,0.5807682789563227,4.863780962576817,1.2416177202202086,4.706547938511744
69,11,14.798207566827356,2.0940101372793167,5.343563296715768,1.1372630189939557,4.245590622414916
69,12,16.239140185153968,2.0393567103106163,5.162297825255392,0.600023998978954,2.5375156926043347
69,13,25.91908494511057,4.92672700131831,5.127814142203853,1.1320147316714655,4.14786811634384
69,14,28.248850349853253,6.946084555111975,4.593825119591848,1.1959212390016045,4.282721432084096
69,15,17.101233345516004,1.14517766979681,4.59833928121844,1.3251930119527833,4.741522107438565
69,16,13.577899479554818,1.8661751200909922,4.236592400770588,1.2828077947357004,4.373490261702379
69,17,8.625798913493846,0.6805508860142112,5.058932221641284,1.2189817933291467,4.385207030724317
69,18,17.665865976017514,1.4192053653017291,5.151317211678834,1.223851792608179,4.468538718155384
69,19,17.44961777185447,1.0721129957482594,5.105365028492532,1.2284733755231967,4.474065648571809
69,20,19.925268971372294,1.8467153071845808,4.590546522640373,1.4413059030054178,5.183507477537757
69,21,12.47680341541168,0.3720340935892734,4.872966147033669,1.2977612039572914,4.711101880473434
69,22,13.240978054712912,0.5569364301747544,5.123656577513693,1.331114473921887,4.815208438742052
69,23,13.156699908787393,0.34933275184353363,5.119053988350986,1.2161521388559304,4.367701096247587
69,24,13.173880149112179,0.14653463161214042,4.848394236905223,1.385812785469275,4.933175751269763
69,25,14.841548294938589,0.31072547016342267,4.226698913641092,1.552071068685155,5.0962703049967235
69,26,19.64006954470027,0.9865030298008419,4.957935160037297,1.2759737402831268,4.495086600823597
69,27,17.706237921285663,1.0450005638176012,5.3708144956663375,1.176431748219576,4.281569450033668
69,28,23.123482378486653,3.1026699066794716,4.845892715585022,0.9414675884412409,3.665889636303379
69,29,25.597799093378036,1.403886415229228,5.023403686700419,1.1333629180576725,3.961828824960897
69,30,18.99269964481969,2.1973461368777225,5.268409428338165,1.055166780953467,3.984386178253236
69,31,15.962625398329493,0.590900785810488,5.368635758109851,0.8431473472567346,3.3504999443030448
70,0,13.60700550426953,3.4959940799101847,5.45277212150405,1.0799490194981063,3.6764840413312387
70,1,20.275643217024786,0.6026271589353006,4.158920387013087,1.07553405063942,3.543957463004449
70,2,18.794035347757642,0.35803085102671167,3.798029290174071,1.5549074404991012,5.167780413728238
70,3,14.590814049636904,0.3599385770431039,4.992111899291061,0.936915534490689,3.497139306084154
70,4,16.581065224485506,0.556150172175662,5.001204172170823,1.191407504075995,4.16893943999712
70,5,18.088285301143593,2.184794620428285,4.930660230506366,1.3610522462455314,4.662448380497638
70,6,30.068257057142993,3.368904051365324,5.336841525537345,1.1393331048140647,4.249606594631931
70,7,23.020250577800873,3.0425106963979087,4.937900359664614,1.1049034282508021,3.8691542426163474
70,8,22.651329904697725,5.064232144646813,5.008921414349126,1.3726011373351836,5.135440825728297
70,9,26.430812621705265,4.108437265324717,5.393450748922326,1.2878206494772,4.910314408385349
70,10,27.143475616202473,5.479642543326883,4.708135981641799,1.4731826980479994,5.605952970941273
70,11,24.822329088803354,4.3969280140692035,5.566394251829669,1.2110941007450977,4.638992336242235
70,12,15.554468324637053,1.6907718430826044,4.9684596082829575,0.5449535311550129,2.3655408157290387
70,13,19.459730378094697,2.061853647052973,5.45144411573766,1.079188274495042,4.043579705592696
70,14,22.72449985473895,4.323883267051288,5.031350287268155,1.0916440250980406,3.9201483191285864
70,15,17.14303971435927,2.7759830819589655,4.452604376578077,1.2938856918938901,4.576786916803399
70,16,11.316938009517719,0.898219480227236,4.07891424886399,1.289303052792519,4.398931758537577
70,17,13.444208550350922,1.5409069702526903,4.985268409735588,1.1453836092539715,4.099722685641092
70,18,19.448297850981692,2.847803077387999,5.249864765692493,1.1155286646169174,4.117975436623416
70,19,18.109376287832234,0.7828276953605139,4.815493235799048,1.2991431633055566,4.577805983847865
70,20,23.349160603809423,3.561849761947985,4.4159620530953685,1.3956619916219282,4.772419513014636
70,21,18.952846239405325,1.3513948559505748,4.8894201139378435,1.3183432739410268,4.638602890172362
70,22,13.561494240320584,0.5712818901292295,4.871238190502607,1.2499572785723174,4.288794150265512
70,23,19.11349928721815,0.7904783822718033,5.104854212240765,1.2250558559048947,4.291527504833648
70,24,14.66666940449523,0.34532656982652116,4.831404325814499,1.3382847498830897,4.570822138335216
70,25,20.805283620385335,0.611857239449103,4.554169691912672,1.3409527021452154,4.544865344547819
70,26,21.587494333328287,1.9468841059860265,5.229363813329545,1.1638951338498984,4.274728729503457
70,27,14.181075769539953,0.43660474748685196,5.106066868522269,1.2254801229601284,4.298456209684047
70,28,18.818409671200712,1.117235868409776,4.8262400337597136,0.808341526012172,3.1962771868683477
70,29,26.358532518781303,2.32361361548184,5.391593871144649,0.965388604798183,3.3441683164156806
70,30,14.260939640887084,0.8589067116566339,5.365561872960589,1.0211764540841335,3.7712131872209746
70,31,14.066955475609952,0.7003961269801178,4.805408097877681,0.8741571217964381,3.311696180119579
71,0,14.911828756349346,4.042362974877909,5.677668051200982,0.9789848161849708,3.5221028785691946
71,1,16.175313475814818,0.6297170730949302,4.417676685131622,0.9810504186577882,3.435669764985264
71,2,17.613927429232156,0.2992571727140726,3.970995611691422,1.365320756251894,4.523056541782326
71,3,29.170971224544516,2.1263403287881033,5.574968057935022,0.8879863733059548,3.3600196363533783
71,4,13.877960363496623,0.7552168553309204,5.212406720389686,1.0638434587065477,3.776273810824212
71,5,18.241085491098115,2.172399137410412,4.838293135203577,1.2706356025247176,4.166825210760861
71,6,31.192560222909137,6.748683223346133,4.606674831663929,1.3087124380610176,4.482128235990699
71,7,22.305501877282193,3.20306985874974,4.758262637253443,1.0470316562422717,3.6047515797602125
71,8,30.067345714008546,7.542740503243708,5.013786361394769,1.2340743392055193,4.493014785219538
71,9,31.758449612798604,5.639529318173827,5.152959442757346,1.0694711561773236,4.010556429405407
71,10,31.45969101144341,6.695753232564935,4.83823990485458,1.205673707311071,4.562341674895507
71,11,30.739235589610168,6.799050977062509,5.141419643570926,1.0244026675113291,3.8273180031561966
71,12,16.78303941890284,1.4858711081183744,4.825775625775449,0.5099285875133273,2.2808920998891247
71,13,21.196662796435717,1.7660784584893037,4.974122013915323,1.0144248214376619,3.774070241182905
71,14,17.463238686143377,1.7107076012377227,4.469364497701332,1.1670683466463956,4.131459929728012
71,15,21.375898866819846,2.6600354639670263,4.5223529515752325,1.2881653975678216,4.658611635132516
71,16,14.117244711064993,0.8592362293873488,4.29086780953269,1.294792689680862,4.478676636938319
71,17,16.3410046305236,2.032164637692964,5.08958221282717,1.1564687919422454,4.113718891559735
71,18,17.456862442012884,1.6790772801590474,5.386786693217178,1.077006818561026,4.065063760905819
71,19,9.440927436126598,0.10272193113241157,4.94566439594715,1.2778235919410559,4.556425101812418
71,20,22.066670486196948,4.274634364175299,4.601435554901508,1.4487432755981926,5.2204752610436795
71,21,18.115392066678023,1.9218231440341187,4.756272284076887,1.399156816071363,4.962480455763252
71,22,12.345349804393742,0.7966738323306699,5.038382370342836,1.2260914215048526,4.386443767745602
71,23,11.790988501057793,0.3086050585142749,5.038735275414414,1.274304083908616,4.585002470806525
71,24,9.325205933590324,0.09376017973780645,4.98608250809235,1.2989076041663807,4.591863111891629
71,25,14.217138031644645,0.3974267774525214,4.362686033687675,1.4737343031586914,4.93844709274474
71,26,17.23737657326451,1.3329580071916287,5.133987691342372,1.2398662276493848,4.4753913130227385
71,27,13.139617988220275,0.7960431357711732,5.2823048698408686,1.204248614181017,4.387898053125027
71,28,19.564144679198453,1.9645019673157775,5.011358454214378,0.8985358179528884,3.5566326988012396
71,29,16.747928352061503,0.6304142589848734,5.434097599239369,0.9856179565494934,3.505172695402451
71,30,14.003148727070855,0.7370787539042494,5.1497586685030505,1.048605048184032,3.8627983136609787
71,31,12.768138313408269,0.5766790132065123,4.794325663444427,0.8858962552722245,3.4474774514552298
72,0,6.840805747454857,0.8537685635849206,5.687437822280628,0.9818640591534669,3.508482673750381
72,1,8.708515650455926,0.08894821983923515,4.204795361119528,1.0946428470840956,3.670766304158603
72,2,13.28125968835148,0.1455263002181341,4.067194764501941,1.4062811758885525,4.660102047892786
72,3,9.99352235938307,0.13010197368801157,5.363442034388035,0.9415019848118895,3.535498781848952
72,4,14.478514806761547,0.7699054848717859,5.29206208965617,1.05451490483407,3.805111673611868
72,5,10.658495196953972,0.6993623280994448,4.832297560081262,1.3154196795398105,4.4141218826257935
72,6,15.64532681308342,1.5783783350873373,4.9086848462097254,1.2696815756938546,4.532478878704036
72,7,13.576826137567872,1.1510675074633738,4.978434253885769,1.0234901087098827,3.703203808693001
72,8,21.647382457598077,3.475674270939634,5.138075622397482,1.2348148671827541,4.558300359474804
72,9,24.88663505094415,3.3970649173231755,5.368755394017419,1.0527461252198078,4.1432771261779395
72,10,26.394303469506056,3.9429172061872038,5.392679357453941,1.2385377817727292,4.806690246546366
72,11,30.494000179579633,7.466820184026177,5.741156337126258,0.9273522215006196,3.7084939227487554
72,12,16.438087392019394,3.2476898291484213,5.171209587660218,0.7527718867348572,3.0021442671932075
72,13,28.436356855141483,3.869986613179759,5.589586785062993,1.1815865057717199,4.611654373358297
72,14,26.484796228679706,3.8837537110106424,5.05127330433406,1.05869190585224,3.9787894849594996
72,15,32.35994125761282,3.9086719276464263,4.417392723885788,1.421120563821587,5.051276723036349
72,16,22.2853286414191,3.3069782623678634,4.05103512919657,1.4038874393478613,5.108785046371334
72,17,16.12301232606675,1.4414641636230208,4.678242002480818,1.3084377217403,4.709856246015455
72,18,15.90665077419515,0.6457324128133402,5.178632178581118,1.1721104418585728,4.3449099864122305
72,19,17.200677418478303,0.5641021533994752,4.953561801978478,1.328933604359487,4.8936842979683535
72,20,18.99929518897789,1.5296395419344062,4.827606500353673,1.4759204644226278,5.541841467056139
72,21,20.91658503776017,1.5633784432564453,4.615562935648139,1.45909907914462,5.301028794010534
72,22,20.324078187255168,1.1940136949114952,4.947265348756215,1.3761701917183897,4.925372941005949
72,23,22.685821858152362,1.3065903646119923,4.662713836082937,1.47439570062354,5.287582328414333
72,24,19.086790929145696,0.7111891560206653,4.824075558900312,1.4393146066730313,5.065686098549654
72,25,25.09828827128092,1.7262438009663879,3.959203780527146,1.6754422975871637,5.466971712589506
72,26,28.193440507993817,3.2232525996566395,4.744464521573441,1.3223406220559966,4.742515239196226
72,27,21.039423297034972,1.9013206793678181,5.293648646027256,1.129648937100808,4.108400618110493
72,28,25.01453672704215,4.3704711198882285,4.587965254166025,0.9359116050946339,3.6249428324755537
72,29,31.03570870323931,3.5248703912576174,4.556511464669777,1.2544744296536585,4.331027190626315
72,30,27.794101427810638,5.144650702498532,5.1538391078953465,1.0544518708372879,4.101506752258756
72,31,20.650253593832357,1.3543896844167151,5.1273051458582914,0.9239526626733108,3.688649303842997
73,0,34.79471791350309,13.42325560848375,5.521316582945648,1.3537013512225657,4.95570958626422
73,1,28.81666806111716,1.6959620292662632,4.925786570008729,1.1641535650642885,4.225914551113477
73,2,37.74363859407983,1.4949493153830093,4.815723758604069,1.3413675731630121,5.038903112112507
73,3,32.91705232296452,2.8838360442338153,5.387310267846793,1.1211535213795276,4.161594493235332
73,4,30.263372924290334,5.605265719202074,5.1465530582909835,1.1512448593316833,4.045550372316393
73,5,26.831200764435334,4.3661972764487285,5.120150427142386,1.3325419629699704,4.577157522758887
73,6,43.970662402692895,10.82301716818763,5.178278798479904,1.106836470113869,4.1178435651134535
73,7,25.596914643535122,4.6672215031526,5.04554179138271,1.1959476016560364,4.27049333791505
73,8,24.070255554418836,3.4482299533170084,5.216303848325738,1.2608552010847944,4.689307298886844
73,9,26.64797451744688,2.0733921300407987,5.728145941365988,1.1033211174878188,4.135338074104072
73,10,39.9452865957022,10.053610138793427,5.024100437548171,1.199981046221077,4.607882453646804
73,11,30.030903780357818,6.324941339203448,5.36140462265592,1.015103263768217,3.9619636356909664
73,12,25.585057320833435,7.123556122583025,5.084674039271999,0.6719725172471191,2.812390594180965
73,13,56.252356404243656,15.634023895712854,4.998894493069586,1.0097459984417547,3.932924042467258
73,14,64.88161191603041,22.821019845241285,4.3482490806847185,1.267580133788952,4.720489961069882
73,15,57.77583621691424,17.57565776734317,4.732084011141359,1.0221669591770972,4.149080595496928
73,16,44.422556869784415,10.747625272145964,4.61546470220693,1.2192867195592498,4.6910480092574245
73,17,41.27031346376754,5.730791501520734,4.652337335224253,1.0675377430951247,4.02336714345333
73,18,47.68349120015935,4.321497860274997,5.088623205060475,0.8503284564980946,3.387400093044311
73,19,50.99081701531196,7.7786939291629,4.692160380099193,0.64037474396671,2.68997266074478
73,20,71.2944492054703,14.4636782690771,4.471193674484292,0.8082969333759049,3.2294215333749117
73,21,61.184557769547666,6.381715360445324,4.583344956381928,1.050956821733986,4.025508674091204
73,22,59.37581484321778,7.353576179405019,4.626108163087965,1.0345834135423644,3.8080112416194676
73,23,56.07141987172577,4.32392225431678,4.889598547752283,0.9320059530364544,3.5524853763971405
73,24,47.588615875353234,4.669223824912426,4.884855545299798,1.0383445620574436,3.9772466596017533
73,25,41.45459961906471,1.322467718759483,4.6947099918966675,1.299513585707082,4.570355993184977
73,26,40.81419076625178,4.540140541375374,4.442646618488748,0.8725885525445491,3.3153006232302458
73,27,41.7610850725662,3.821937580483651,5.0448443549651465,1.06163587078486,3.9095880225285646
73,28,38.006897617838035,3.5633838291054363,4.677945781348452,1.1680191695776019,4.245658033588772
73,29,31.552025778276626,1.5064829567006077,4.916746629020775,1.0391284427951222,3.770019237820351
73,30,35.409044980881774,5.3705167160568354,4.977468469393955,0.9567161060404423,3.690739294443121
73,31,33.31904792940334,3.1489225106148977,5.328489111724945,0.8977777968896614,3.7048871002505894
74,0,34.5689069158464,10.142214464864782,4.9808738225403655,1.0492089411770635,3.5351937492198062
74,1,26.95408021054061,1.9498174126013061,4.243927779912813,1.1493709387086124,3.9782380763377563
74,2,26.460778700445683,1.1589843945959604,4.109691900137998,1.4130442780040546,5.0106252521061885
74,3,20.35931500182916,0.6337964507572262,4.879555664159657,1.123795235676801,4.083163473444125
74,4,20.17095329638246,1.5114127514201317,4.900365716175621,0.8909263297023085,3.361315444998295
74,5,25.50954006312874,2.9505184410836387,4.573238290413913,1.223736064085326,4.348083232860894
74,6,28.14092262638421,3.068636965666374,4.668334823434096,0.8100636283228653,3.2487397307571335
74,7,28.084632489177828,4.698693671416899,4.452637066155464,1.0498269605933457,3.7741204503243817
74,8,30.613587976270814,3.4127155321023905,5.364394429907159,0.872129350843073,3.4597696279289787
74,9,26.22750818816569,3.3015125935594782,5.04778620222131,0.9145533741293708,3.4139268190349186
74,10,28.99785994029646,4.977992386243947,4.781130482263272,1.189474793528107,4.5179894364641555
74,11,20.00219033832884,1.7444791548513812,4.771013109215988,0.864078313971774,3.3091656802153464
74,12,27.92846267698443,6.948571339671811,5.142753087116691,0.6515781638498188,2.734769105626292
74,13,20.65665925529975,1.5555655559678738,4.617161273574687,0.9869366537244479,3.781628395682915
74,14,20.06929163028343,2.0200886612377618,4.501217950743605,1.1791442714584575,4.4490819227776
74,15,21.178592621546322,1.9686391346385732,4.7350496789307,1.1436533404025138,4.499795098634185
74,16,16.396762720659808,1.6059268577883303,4.688164014651618,1.1699601707556555,4.485588048320563
74,17,17.921221511973272,1.0168106333451696,4.746611024179114,1.1562428692812734,4.468350698307559
74,18,17.53670991834513,0.3053166712618204,5.227674081679046,0.8407575079588474,3.2856730672931134
74,19,15.065645931673739,0.5188824987608427,4.562931034078396,0.9191854493283245,3.489029209477043
74,20,28.582730779611303,2.09658147274272,5.029538515518711,0.9864586198901364,3.902787452133496
74,21,20.342702665090258,0.35766408764710506,4.02619565117182,1.3208279828194662,4.717122701800389
74,22,23.75979495732703,1.1043395102561187,4.819542384486434,0.9843190517475318,3.7216997838922175
74,23,19.753576975444297,0.4004661027397244,5.075349937866559,0.8476459097204412,3.261652843305296
74,24,17.831534593932645,0.6728177468217504,4.3897376788227636,1.0700089871401213,3.786573644414769
74,25,16.780188538998043,0.10596371475740392,3.945546514905195,1.1708641676323417,3.9658863896126517
74,26,13.419790989245914,0.2296905570862382,4.510905796256352,0.9920422118780721,3.586827299665794
74,27,20.302981588898675,0.8374918913570424,4.966994694881336,0.981632089390386,3.59512965011466
74,28,16.078645177797505,0.38992799959559776,4.82827909241645,1.0230701826551734,3.7028852479062464
74,29,15.665325305978063,0.1963173253797797,4.781509496869338,1.014485220359175,3.6546750132559205
74,30,15.277043292598602,1.157941269696126,4.7958935825452,0.9287060791086086,3.5951454744369356
74,31,16.22013464594188,0.7411316595283934,4.406243576669351,1.0204594301989847,3.9842776697087197
75,0,32.45453675316033,11.735664203092739,5.406323900198462,1.289745342908609,4.609930778216023
75,1,10.793848811545704,0.3314865053327625,4.392943836304786,1.1456895861816712,4.0406665291026975
75,2,11.428911722121814,0.18653723510623343,4.380361912643503,1.3468444485770164,4.730806054258155
75,3,27.242898671122276,1.3953516159766195,5.685749873560672,1.0118625163391997,3.901340127984311
75,4,31.45945192756504,3.162508982560893,5.340617392050516,0.9348902951945837,3.6038122653745215
75,5,30.62419242800932,3.0251718447258265,5.45084007356817,1.0352269969357515,3.9055618807644903
75,6,28.576704564682277,4.37829566418724,5.410787478104647,0.8860770198131949,3.449552049865127
75,7,20.9222395287037,2.317728487892205,5.058462175062054,0.8231053675498448,3.1973684971969587
75,8,22.5452965894884,2.386606566970314,5.761591792720792,0.9029353151748873,3.5401281970469745
75,9,21.689028526651274,1.6174111945323786,5.173291049448463,1.1217463398461929,4.190817522344449
75,10,27.43107049290093,3.798583263477621,5.534711351291898,1.062595971202943,4.168035970163837
75,11,32.019241453740406,5.732286908991657,5.0139200868587785,1.1586202982819787,4.297347557475473
75,12,43.67259334267998,13.311348652712367,5.755840885134969,0.7747115153294697,3.1646190601162045
75,13,40.654056033316316,8.047931224356741,5.093817119364868,0.9505164016850607,3.7090286058549253
75,14,26.676297921451464,3.3462188298853452,4.697899869661368,1.1445717507977324,4.3240840964087965
75,15,28.678169406642876,2.689795014541369,5.054613247613169,1.2786993647358749,5.117716891361983
75,16,32.72519028304501,4.7830617916142515,5.106049797603161,1.1030660836652073,4.222669057285177
75,17,31.242257313512923,3.045168497527789,5.47971836369941,1.2448721676163554,4.940265367998741
75,18,27.221500523474,1.4971153531180488,5.8389526116724895,0.8618645381076311,3.498160248187117
75,19,27.095164462645585,1.656152700107992,5.323152220372695,0.8728034705472982,3.545662285064975
75,20,34.17841629078248,1.8429411499881927,5.560413782351594,0.9831247231341154,3.9987890109204574
75,21,29.228624821234376,1.1503045396907405,4.37708618405896,1.435012679929467,5.398801917597583
75,22,25.45264619443043,1.5067843161069139,4.891688570845195,1.1189399517660297,4.24147241605007
75,23,27.645012859670548,1.4362411477557582,5.175406342334762,1.062318199015433,3.949511071214467
75,24,33.74871627393498,1.920108473729424,4.652363138616673,1.0853249522620203,3.8264768964846967
75,25,22.869348469950427,0.4940066507742496,4.037440527168897,1.2323096034969456,4.211710834185134
75,26,19.680178254302394,0.4862839660878473,4.526871242653174,1.0604795056303145,3.799681774985381
75,27,26.22910480953975,1.4512068846328892,4.854717058442731,1.1721881687980442,4.199040595234392
75,28,19.385093588136513,0.6387909723639613,4.139896762532698,0.9455291991333361,3.4996299705599134
75,29,24.683446632570757,0.5464110547929303,4.209431630333514,0.9714837777111223,3.4220838270560767
75,30,15.98629039307928,0.7094400914962773,3.6159109427250775,0.9983845892452945,3.4130056463374006
75,31,22.78681724921354,0.8202370960574614,3.2585190909552995,1.0634410695699938,3.6211901469820815
76,0,19.484886956341967,6.072681754824771,5.3368507120264725,1.130629462377203,4.115487729484439
76,1,10.062043549420235,0.29129750733555604,4.230253888348798,1.0826349891799447,3.709992770349542
76,2,9.993855406013568,0.031720747750084585,4.1860053147614025,1.3449332329845571,4.666434169328157
76,3,21.986582754304045,0.8310175105124255,5.136728519375104,1.091832279212455,3.9245476870800746
76,4,24.07569480627631,1.5163757315368105,5.151253777264236,0.9689623762726534,3.672922586174094
76,5,22.81236011414282,2.239008345852942,5.053070511995841,1.2804434935585771,4.653150121895676
76,6,24.090627020181596,2.2471900992136313,4.895815204167639,0.9798286396430251,3.6650323661103164
76,7,19.733782390634335,1.8942482432199896,4.765606596846216,1.0434857064787595,3.895323632089687
76,8,25.855907100868386,2.6139208385340122,5.556039300545866,1.0558083843664736,4.054719642024254
76,9,23.467642034766335,1.9917616264127305,5.592435263742702,1.0698703467523263,4.027995483587941
76,10,19.134892659079693,1.1205683158352442,4.935104801230363,1.264328774468539,4.89873113208219
76,11,23.636413148882525,3.829681676671804,4.920284104565527,1.1554115091762327,4.36042637772006
76,12,30.89742874352234,7.748204478058923,5.304069635650492,0.7574171958046634,3.060422155098522
76,13,19.451579325578926,1.238641036646275,4.520989500738847,1.1187854624477263,4.203853238844727
76,14,20.364865725085515,2.6661502486515953,4.8272741305501405,1.1965319982022482,4.536280984225696
76,15,25.86085496512907,5.198723817336506,5.103557910632768,1.1367843659166423,4.511536157088576
76,16,30.72905230557904,4.38294246917607,5.278600359208085,1.1045386459354445,4.126265960417934
76,17,24.973842840050278,3.319294658037185,5.400005618645503,1.1612789017362015,4.450378990120921
76,18,35.888779995653806,3.6288184522791784,5.863975298259876,0.8560877774538662,3.301084184233927
76,19,34.98876753684792,2.8626651607823397,5.515490349621646,0.9603370761303918,3.6665150614859767
76,20,41.314993499130836,5.2000945977874595,5.430938909957446,1.0952896441765692,4.044701071259924
76,21,35.74603118428654,2.9144093771850756,5.165701145264523,1.174166684937072,4.115468564152657
76,22,38.13319997577595,3.3333695688578007,5.6423540528948575,1.0393073598770304,3.822629205683109
76,23,30.799235308932584,1.6744553242236146,5.843390596381314,0.9491374196153339,3.503141137343691
76,24,30.40256632654797,2.531019832036177,5.1810183699784025,1.1955188055675627,4.108746464095713
76,25,27.658493979724987,1.099725118101848,4.9371797272164555,1.331542915307657,4.685219119491874
76,26,35.73669940596598,3.5212628936092485,5.244275511362636,1.0891209825261292,3.956842676376934
76,27,33.99331821053529,3.7043223973077293,5.486838921258437,1.138983649013519,4.095353160224965
76,28,41.67226816501749,6.240751345851955,5.317023009272858,1.0989401691498282,4.19541235371279
76,29,50.278143912245554,5.3714245170227155,5.889033396035595,0.8956869944809602,3.39310363002305
76,30,57.34622170873989,11.83325650886966,5.410429438897287,1.099552343914743,4.148644046495403
76,31,49.624801899229084,6.190902356235216,5.3486490577215955,1.0160847786642835,4.050017521926368
77,0,20.312058571789738,6.064709650976264,5.431562566932614,0.9973221376726817,3.4916036211622714
77,1,37.119805185565774,4.4882987865159665,5.485087682578451,0.9797504761132725,3.6177816779630274
77,2,55.0669584297561,3.2758649940934386,5.090014635802348,1.3200533389003333,4.727913082906517
77,3,36.23665587273531,1.267565907834555,6.029568518955786,0.8435945335908155,3.282036187770209
77,4,37.5158994308624,2.757725842069598,6.00957355590533,0.8764278228862565,3.311287326543874
77,5,44.91109169206228,6.632814580228032,5.919047888862721,0.9799224029597822,3.518776643069766
77,6,33.34172694094781,1.8893317465908912,5.803261052148984,0.8951364681667,3.498351512259008
77,7,38.29900700249843,4.6090384609382395,5.559641955602089,0.905517404385022,3.3744141308889177
77,8,26.083434030648537,2.9407844348642023,5.570262107589773,1.016243152454698,3.736126194531682
77,9,27.61308048677174,2.4789320866928612,5.866754989558233,0.9847567248212084,3.6805566546751076
77,10,33.39958313237693,6.140668183085715,5.193928193762643,1.1112361150704517,4.363495019117476
77,11,30.051643281900215,4.810020258095919,5.463903237551957,1.1364456707792279,4.318004207505686
77,12,28.38388247550546,3.239599416600851,6.028495092028361,0.6412939550742287,2.6853243736863357
77,13,24.14383655012049,2.554073143752465,5.62576954909003,0.9725427378627725,3.8278637595300244
77,14,33.10896155263495,6.939779420839329,5.149932601970392,1.158555754256195,4.255942714456115
77,15,24.613671626617027,2.4908802030589907,4.821501584415849,1.3621382885659674,5.291607185505847
77,16,22.132319323060837,2.488115965881309,4.312069806237921,1.2813198075574919,4.516926173745606
77,17,17.72012653811033,1.6152383322013923,5.003876781125523,1.248536783651483,4.500273125645174
77,18,19.711179876046554,2.0303841252443924,5.538268205407855,0.9170617493674991,3.480216341359763
77,19,29.411385720162365,6.016818726627076,4.958794846861566,1.097991104468563,4.061682783799789
77,20,25.649151188178195,3.564270996266906,5.510631168012784,1.0194011273247634,3.8340128987057978
77,21,32.36282041439009,2.665603660729727,4.57916276621031,1.3144736851021577,4.7039839077524
77,22,21.570450056796574,1.0950467874765886,5.428149791260591,0.9993936350498416,3.7569021947717594
77,23,24.788242136384298,0.909698048371472,5.437296779065818,0.9764774146417023,3.5774973352109085
77,24,23.738311180016908,1.3266328304758583,4.807951347473654,1.221326682801923,4.281343618242209
77,25,22.630385514829293,0.5595733262581144,4.3804637744062465,1.337848076454664,4.561364030210249
77,26,25.833361142965554,1.6131090427385542,4.957776398543722,1.163250251773408,4.2918930223972716
77,27,21.07068073384557,0.9403802532925383,5.236432392913518,1.1481410524517193,4.20463392308269
77,28,23.07580963719898,1.6927649821448227,5.392896525736601,0.923842294112279,3.5641221576342543
77,29,23.828683487174793,0.849288236481339,5.153129893424499,1.13058472083625,3.843999659933567
77,30,26.693704354092784,3.275613316151449,5.225206229417773,1.076078281608286,4.025943945401323
77,31,28.936432746439767,2.099533086272588,5.088792522341285,1.0009960277365462,3.873539835152772
78,0,23.192952157670348,6.548960596889517,5.421029166319997,1.1276281278692295,4.1368091368686235
78,1,29.22924837994215,3.330074148365601,3.894953161836344,1.2071240422157126,3.8358438903467196
78,2,41.48669383454286,2.9778813562948496,4.6323053493389565,1.3390524653857874,4.718466273139094
78,3,31.82411053857581,1.1368793510743613,4.490712462170729,0.9610299217053058,3.4252708498458886
78,4,31.598927343053294,2.1750331992017338,4.808424676040353,0.9692115390501366,3.5724680612375344
78,5,32.75381624145972,3.66271738445658,4.477584108641289,1.4414884002771666,4.78705123775193
78,6,21.83751634793753,0.8199356801840854,4.595343593725738,1.1234492099160756,4.154744216269018
78,7,23.425428926914158,1.687976783290504,4.699243736184857,1.1948688652860833,4.363064009356396
78,8,18.302987539337312,0.9819391504806421,5.209473650381689,1.2302103897546006,4.473820086157351
78,9,24.570990677826266,2.1591260963725873,5.170434831502331,1.260430638767219,4.528471325468605
78,10,33.507844022842505,7.338329002882389,4.565137488674038,1.3822668851118403,5.265425212039071
78,11,31.31408904235694,4.83974657824038,4.6384923358572,1.2962826010119919,4.844958569457981
78,12,30.060410497612697,4.594003721335801,4.930167492735178,0.6547609667309189,2.7435199730885707
78,13,25.79560517117461,3.538470977670232,4.70301047312371,1.1723570018870344,4.477131687598886
78,14,41.849558826761836,8.510607794392907,4.683486201450096,1.2197634152144303,4.6679630023685
78,15,26.56580881888307,3.5005933471727078,4.935709306218323,1.3239246903078499,5.160550329218273
78,16,21.456772831828403,1.9316499749392966,4.689493604185735,1.1254995093089954,4.212919786919832
78,17,19.511230624692686,2.013565967151702,5.1963724672363725,1.303488903771898,5.179423745150331
78,18,18.169425661950335,0.6364280133898322,5.408221996272381,1.0266767499167955,3.995183695492315
78,19,19.00293795920149,1.4220102841994566,5.097082183142784,1.152035038736499,4.43868148034936
78,20,24.389227540839737,2.3386780525903283,5.5114765526091904,1.1212533797847755,4.3587575834425625
78,21,20.81757435905689,1.3492273700611257,4.876549149333899,1.3697032511310745,5.149662283209994
78,22,19.353282873174813,0.9884602862529617,5.3202399392780855,1.2163619134105783,4.5814508077303815
78,23,15.26085558866918,0.41921016280720746,5.4922857145509925,1.0270676078421905,3.876999991127624
78,24,13.037605748288149,0.2994599529947596,4.952590439724265,1.1582996069842357,4.107966535643248
78,25,12.234153095128203,0.10257879874760248,4.4812392459540344,1.2922668203229994,4.563969424174251
78,26,18.584260687910437,0.5744290230845955,5.236388628421553,1.0949333225645121,4.1801448502404925
78,27,17.24214685387369,0.45814856858006126,5.416840755258415,1.0832867860350186,3.966567402806096
78,28,17.737475776018478,0.8497009925146587,5.135773440634224,1.000547546945862,3.9088241663826415
78,29,27.992403143207568,0.7686126166681375,5.270552528146354,0.9635538325129431,3.631313142183658
78,30,17.8952196924476,1.2022210756108187,5.652043885233878,0.9064492403757587,3.6021700148695954
78,31,20.321485288612784,1.0938077294554025,5.122801910060646,1.0345168223083405,4.047484597089882
79,0,17.460526272097592,4.723559247699015,5.516252855029537,1.0521478254083467,3.780323224718351
79,1,17.467123867432377,0.7913854679498318,4.553175399045683,1.0479791486237264,3.6768989946036252
79,2,21.563106246148024,1.4801636969514238,4.229425796449143,1.4010934188148072,4.88831261468589
79,3,11.942288114270031,0.10572280799505909,4.741337539063647,0.8658438262687262,3.2588676379040877
79,4,13.527459527105231,0.7453955550957021,4.777795324219764,0.920123566340699,3.404865437873482
79,5,26.785250777455197,4.866992891088286,4.402503988620229,1.2201058133192575,4.056629776553046
79,6,22.727194565960275,3.4575621933124623,4.352896388447861,0.9221123528678445,3.3651132168941436
79,7,26.174146358301293,4.271911274562428,4.269687271857385,0.867835085461885,3.151821271965259
79,8,30.062328015081093,5.262850377619706,5.01713316258574,1.054079046774806,3.852072387156278
79,9,30.31794630982896,6.558084776101833,5.207636184029307,0.9726113772666709,3.705079144020808
79,10,23.063815639824107,5.4477992954384,4.7212674276641895,1.2840135341046128,4.807423430952898
79,11,20.72787904227127,1.9392425034959753,4.884361305004738,1.0972033032629813,3.987930988929172
79,12,10.901554504394058,0.26705134812176745,4.615812558533067,0.5082499772000286,2.2583927153774495
79,13,19.02818756875757,1.6017772968838626,4.559058698984524,1.1646021794804842,4.426718282663505
79,14,21.487329311207574,2.9271671927701877,4.445440250987055,1.1765147234652868,4.385971826771511
79,15,21.192690357482658,2.430005288300833,4.852962665959735,1.180430474879465,4.638613448464145
79,16,18.491634223655605,1.606249057353668,4.388110645042266,1.0011690551799743,3.733029752126865
79,17,16.512149728526726,1.7305854921717736,4.992042327277587,1.2212775223877896,4.536288876841365
79,18,19.26005148251135,1.3208112651928685,5.105408979860391,0.77415858632801,3.128165548550947
79,19,20.0536283503789,2.422597199663371,4.890246226051529,1.1418738354524303,4.21262479450388
79,20,20.75478146334263,2.25146077023291,5.300563510898028,1.0387286224247436,3.993358037360837
79,21,16.3450455798311,1.0199875922759247,4.71331323323494,1.2410436304520456,4.335180034818621
79,22,20.00380394906763,1.410277585881809,5.566349525733497,0.8551365425490838,3.3146294655464645
79,23,23.28693126637081,0.8833069475010542,5.394940327991896,0.8750441366854576,3.303351864613357
79,24,22.346350437275568,2.7971271174066925,5.006660813814399,0.9609711871625093,3.5496452284099975
79,25,21.978608411820844,0.7061297158708804,4.38037741126624,1.2599113777264606,4.325527478309058
79,26,18.65926159159178,0.7010821468213727,5.232562970435341,0.9874842708710503,3.7427697647486466
79,27,20.06404772319662,1.4355003818125875,5.534232335381239,0.9848641214372158,3.714387041433882
79,28,15.848551583887923,0.4949970264857011,5.097894274771399,0.8328065776119384,3.2359242055082955
79,29,17.15863560856708,0.2818810382336741,5.240091905714861,0.8456098029075303,3.166303299569694
79,30,15.447324875354056,0.7207933901790438,5.5380021168855915,0.8360473149431096,3.3161310354114075
79,31,20.495495277501977,0.826280532417084,4.597481289198894,0.8056317339827075,3.1457879191875198
80,0,14.08068285907957,2.570689931457356,5.617186289169968,0.9514730569687906,3.4376256229184645
80,1,19.884910433999927,1.129372759943407,4.345630775685277,0.9423455632642002,3.34780087067728
80,2,37.335261652948915,2.1304935697799374,4.291176703496403,1.2397803975603523,4.369642960033161
80,3,55.41033042142638,2.151715665674201,5.7585522976288,0.8464210126310974,3.314565658481385
80,4,38.81287523501202,1.647928331497054,5.509268102456636,0.76842650250759,3.034099551402371
80,5,37.835822799398,3.032407432123521,5.2822737869375604,0.8983071684788051,3.3266418182612973
80,6,21.05628542637055,0.5372197999228772,4.887565290099923,0.8512072280915097,3.252451312525901
80,7,35.05504390698614,3.39431349436789,4.82794022628405,0.7890348674640064,3.0110978572195637
80,8,27.34981789329315,3.620940862155629,4.686136421005095,0.9719006468530802,3.5102646915566864
80,9,42.87075627679822,4.201828755965165,5.640263828897854,0.8354820107435872,3.1812049848808646
80,10,44.30231674886368,6.997411870623628,5.017909260669032,1.1155107423587216,4.347847104582919
80,11,47.73117396853569,9.303791462695457,5.683973733306797,1.0072666067073515,3.88047479059214
80,12,44.05955208129026,4.764307011442902,5.567858302751202,0.6419033998804604,2.5953806444335497
80,13,28.734861007236596,3.35919898071387,5.660919420088353,0.8354123899280417,3.3367691987266963
80,14,41.44827410625398,6.54554523509302,4.9821491621357,1.042299508761804,3.8110297834474527
80,15,30.914357550148907,6.008453576944286,4.599959576661844,1.2850790097708629,4.924179112638328
80,16,24.17011445356733,2.9105493282377934,3.9599540153949904,1.2323904147235587,4.487941984087453
80,17,17.29143529493635,2.7138227939268424,4.8293549142233205,1.268620408768748,4.52894695485184
80,18,22.512155660606464,2.5647706181026084,5.341664686321917,0.8545442574583797,3.357906776845368
80,19,19.77983771021279,2.8465709555457392,4.762570868294779,1.1635574585084356,4.156439115689644
80,20,18.041399349880905,1.12272642475971,5.223567362619388,1.1365511214533583,4.2123467244937
80,21,21.38951238677312,2.100372940754812,4.646079872701643,1.2856281048323472,4.473306840651831
80,22,17.749000538002818,0.9460871766459176,5.389413089849812,0.8987030605652899,3.501409705665767
80,23,18.32465014991893,0.6258983846573478,5.256177035541082,0.9678521854563407,3.5762591466363274
80,24,17.790627135341747,2.3163094025215596,4.816478725138122,1.1425226540474203,4.006985383262689
80,25,21.12172855634294,0.6662418327382092,4.4601244427209625,1.3452055658979916,4.623911927876942
80,26,18.934292695560757,0.8397129775888785,4.972844618267592,1.1357084246067597,4.064138273102735
80,27,15.88551080455065,0.8426018705659774,5.279950471741768,1.129374314285677,4.103328920429371
80,28,16.75540084183386,0.4940107061171617,5.051192646819984,0.8701811518737133,3.3921912474813225
80,29,20.394446688394275,0.7542037573084409,5.442737755409446,0.9219055377509662,3.3704483112258767
80,30,18.92554149606945,1.4837643400936948,5.335164703410465,0.9335367179016565,3.584394627464657
80,31,25.11880623295999,1.5975398976407553,5.262868526575616,0.8455516256318685,3.38303334928647
81,0,8.7384835358379,1.356265147611606,5.646367353164969,0.9702130323394549,3.436558106574114
81,1,28.08858731296347,0.22323233566218945,3.911758221319504,1.0601945039015934,3.47846739313973
81,2,27.077876093450023,0.601387823042872,4.182376421417909,1.4686959459789284,4.901449634433954
81,3,26.744069912959112,0.8370788049237026,5.000573020070873,0.7157117192688087,2.774037076214109
81,4,21.404343446273344,0.46717716274165977,4.662551562805527,0.8958016378877787,3.194671009331707
81,5,20.492117603839816,0.8030820556161898,4.785004656002895,1.1156117281643558,3.8921023505180026
81,6,16.276924766213924,0.32047780003798976,4.542690526644914,1.0041488822582503,3.687683684109879
81,7,22.237053794538802,1.071172614066076,4.133300511850262,1.0426028651214088,3.57871788528524
81,8,18.29500829490936,0.8912666860011016,4.979583102653161,1.0767427495616184,3.9578835084616366
81,9,16.94743645625685,0.36473774875262227,5.470248479444194,1.0626365097423758,3.948078321243724
81,10,38.319226381014225,4.364283627648602,4.671646883236649,1.2386454191682006,4.723070420741211
81,11,40.033100790264875,6.912646457381439,4.9590129239744165,1.2988481699792613,4.955782906486688
81,12,40.295205338549025,4.2804170883651285,4.76086662421482,0.708127097582067,2.8746368278625067
81,13,26.131430665273577,3.119167324965864,4.811711139030861,1.297689359903548,5.003931077171872
81,14,28.91625296770276,3.316074293143908,4.9443483965544965,1.442733405585086,5.629458199102363
81,15,30.048701030761798,5.9166314319365565,5.0573679452494815,1.476774158536272,5.95903186814476
81,16,27.899484047975122,4.073065572521051,4.414433071720817,1.5986065946520096,5.953348631783197
81,17,20.642005945740426,3.478753030526338,5.152156811210308,1.3963568832768614,5.2227201046567755
81,18,29.429109455643086,5.160232507787164,5.619107448867734,1.0887326271071434,4.264433932572238
81,19,20.8096271398297,2.069750840091369,5.2041150661734115,1.1481035929159598,4.432202336506879
81,20,24.165687916557527,3.328965401732335,5.336004763675006,1.2814062832320419,4.844677051905925
81,21,18.567847652654514,1.2123755842147954,5.025697679940197,1.4005992135169203,5.218982983267011
81,22,22.896903249116754,2.059253277885778,5.303767710495809,1.2508618351643435,4.594267501064795
81,23,19.657174280371606,1.021692830654821,5.431961755076866,1.1318159637578926,4.187842954114385
81,24,16.523219269815392,0.5588052969429,4.939435190867499,1.3397717054467968,4.795792938918574
81,25,13.462976699858899,0.21964474883238597,4.761568921370033,1.3823551807875756,4.885386961580499
81,26,21.474580914635652,1.5766386962417425,5.026720711951581,1.2773529164397308,4.636303160379956
81,27,17.431361571279922,0.6826958816029277,5.158539413612802,1.2182647849841066,4.26852551309267
81,28,20.954828677905265,1.6846657401515948,5.2839515593391395,0.9050555837990872,3.5834732275241983
81,29,21.551436559708854,0.3743772783318857,5.4802595981331965,0.9332974133132836,3.549199775824968
81,30,19.823475682479945,1.2169965716330413,5.423035880220562,1.0998889499119464,4.1420234265927665
81,31,18.25668177112528,0.649347226283499,5.0397072837498325,1.048874456855902,4.018419159554285
82,0,7.587331358135433,0.5959252930730089,5.682923987811987,1.0118425783267222,3.630866977286672
82,1,22.71182852937517,0.5590401915703249,4.367795250469322,1.1606567510206078,4.083746198121372
82,2,29.71933873627325,1.0596234185792786,3.9558705315212603,1.5017664156902026,5.02166097394742
82,3,18.682284113336742,0.37631236210678487,4.946647251721843,0.9154575220183254,3.443948762819206
82,4,16.926562918227724,0.7162491060324473,4.930177469633465,1.0262816470324214,3.7155458259162346
82,5,17.463528191342895,1.7851645487354357,4.907253900583039,1.2548660562636806,4.372816376057976
82,6,20.360225239959412,0.9147623423380162,4.490357418062083,1.0429357445881413,3.665196537090812
82,7,15.60996814732107,0.7440320974603423,4.522538628210642,0.9866926607626949,3.448276782717879
82,8,23.110134461569473,4.4910974992846295,4.920279931969557,1.1139356731344332,4.071326245146765
82,9,27.586005314345172,5.80644412482774,5.282893144172849,1.006432835239897,3.7890440979235573
82,10,27.242030988498087,4.6772008759636226,4.9367590249283175,1.3146245181124225,4.969957370589468
82,11,25.038057399603048,3.9649455546316896,5.31890390681561,1.0956824660546358,4.068514087520253
82,12,18.12102723987738,1.06457379908189,5.0994463442080376,0.5342059775565273,2.3678073371227577
82,13,18.959446429628045,2.3021575413880053,5.173943928088535,1.0123363365978246,3.8427759304848768
82,14,22.622881628133975,2.9775580798832433,4.228270576178735,1.3512578193459408,4.951513177429276
82,15,18.541516106015067,2.327336851110595,4.939759113705081,1.2738972098423949,4.99088212831095
82,16,18.66234706383097,1.2983766630723308,4.195312415167923,1.4965800164005643,5.332782928180259
82,17,13.657371695498194,0.7323487652265268,5.173596531830775,1.307226251331353,4.8281292078766835
82,18,15.017924199597546,0.5123140502583736,5.198269523317682,1.1249628141332053,4.174150999402085
82,19,30.222956501968724,5.683388864699662,5.380904638988886,1.1220189754490821,4.210859772505954
82,20,22.78467527465062,3.258937135641549,5.104568610234322,1.3044799332860473,4.7434577764275065
82,21,25.651792960363302,1.576375999601769,4.780496801186022,1.3316805240357557,4.789582755222046
82,22,18.709073150420153,1.8393882833431392,5.158447925395887,1.1153526169947723,3.9441293114076226
82,23,16.481657109622777,1.030815052213023,5.304445838800517,1.0277229605835583,3.706622737856677
82,24,15.196957183979466,0.4214908759871536,4.823155162428675,1.2475955192976391,4.262617394690031
82,25,13.301252599598104,0.22194263380902737,4.525766077351919,1.2666405680164878,4.409387350727766
82,26,17.644475881159767,0.8818855032510811,4.972300830603239,1.2773816456109879,4.629469408243255
82,27,21.09831206791114,1.3669870022985144,4.979881545572422,1.1344813954683852,3.89003456475078
82,28,16.125710721913904,0.6196440025850658,4.940586869038742,0.920390774195492,3.513877628881197
82,29,17.96494949886947,0.25969585395747363,5.136991633216739,0.9591743455754083,3.4699491007276317
82,30,16.286798666782175,1.3308355310845923,5.370378258492071,1.0052390532710485,3.742243359093106
82,31,19.37084056324982,0.9656115425154979,5.144317094555161,0.9932722250260761,3.7268539461358023
83,0,7.040127751931847,0.3209755296937573,5.614258371188498,1.0366521303039642,3.697654939650708
83,1,21.969118389326702,0.373742718229472,4.175163217366922,1.0729084011153498,3.6641653814282646
83,2,25.54349212108295,0.30801499332378063,4.022286316318425,1.5353947118071103,5.312122146302301
83,3,17.324167682050494,0.2403425904660833,5.017533333513558,0.8901407968571569,3.281980672600821
83,4,24.033906118232544,3.1166747731363493,5.088357825839182,0.9815654542870949,3.480155963216271
83,5,22.054268388187726,2.1185771626036165,4.6802888003175,1.2170386701627454,4.005998784922348
83,6,26.137433799317037,2.252825307678582,4.608756349311676,1.0457378859007092,3.6138450252135472
83,7,25.372452872110067,1.9063332515534412,4.630051127184627,0.9435812185321852,3.2061910187286884
83,8,29.849211427445578,8.284679551987233,4.907702738647313,1.1735705868260293,4.095159331848354
83,9,28.726449656844895,6.779827256319761,4.886649714456408,1.042154609193096,3.7402103439922745
83,10,37.25961227891203,9.45530287278202,4.780324114552638,1.3957179565566795,5.356115859370962
83,11,20.5041454360371,1.2841124410930156,5.207157980048326,1.1413335580278057,4.229855283301451
83,12,19.10951633857022,0.8108212023815068,5.029020147666804,0.5503500495723417,2.3928506232373024
83,13,19.11681195249339,2.1653594399729377,5.089967122912221,1.0038815410370026,3.91308169865557
83,14,17.911617592367843,1.6448501494494046,3.957880264883786,1.3748623058714053,4.882214555495014
83,15,20.782476019355244,1.984091688169166,4.5408752289898215,1.292352854285415,4.922615534158694
83,16,17.789477777603523,1.9316366258282605,4.02015966337853,1.3418306622226286,4.654053509093529
83,17,13.003784446580804,1.035366403460206,4.911276004802994,1.3239080649805715,4.904782084004585
83,18,16.967709165900068,1.5853002086087935,5.0437043293023756,1.098963848016517,4.0689241233819615
83,19,12.319099421655189,0.5865845345476334,5.24047834149845,1.090520095163603,4.036519140152695
83,20,13.616528700733141,0.8279179889089326,4.835060821578595,1.281267092762575,4.578780677346141
83,21,12.969634602162808,0.37782437512417527,4.58148971426651,1.4103905371048793,4.964597714595762
83,22,13.176460271310502,0.41353054436151315,4.9527735557747965,1.0908341137208062,3.837702705353626
83,23,15.397862891129574,0.243821585198083,4.896420938013689,1.1034800184802744,3.8128867558704798
83,24,14.899578004374645,0.5392003370730792,4.731138123201769,1.1989214706036373,4.03851976595103
83,25,17.482365888673527,0.4424254730787991,4.47642268059769,1.2811453440762257,4.35192591061598
83,26,16.34186112330635,0.3101349580832736,4.929453695344255,1.2689435292292837,4.5459290379916775
83,27,16.306560012007395,0.42805033192680086,5.166999672134661,1.1288722648760103,3.935445712818386
83,28,17.889783358084433,0.5382993892579506,4.903191459606775,0.8829653848553765,3.387405376373703
83,29,15.66276290363377,0.27759235339096244,5.167564751800037,0.8902733844531641,3.216867431482735
83,30,13.146697158371428,0.36525249490368383,4.9212833781837215,1.0640457672914492,3.8163271848322284
83,31,14.631434900050337,0.44879154505118857,4.936843808414361,0.9458472839043335,3.4530427913053074
84,0,7.899348803201889,0.4055055584576408,5.705632254389506,1.0400996077930937,3.736283041940577
84,1,18.98520903942846,0.3203056755307312,4.643621338860712,1.0498020840206808,3.747960199810451
84,2,40.85783255038933,1.7324070900182336,4.576244900326344,1.2801899519591942,4.347867125465139
84,3,36.48355298445877,1.6536384662034536,5.6736766175565405,0.8369673791162553,3.237284201997589
84,4,26.158034271333182,1.3394658959486392,5.431758127734858,0.9662912291760399,3.567473736660611
84,5,25.021689256878986,2.1149169755380317,4.716441649886263,1.349854256230886,4.356029884059772
84,6,26.468330775023894,2.550131420289981,4.631775171372658,1.2647008168001275,4.3246528867495195
84,7,25.815469037624055,3.1248781820726728,4.786749474110032,1.0790431984517586,3.786652492366154
84,8,17.037016578303394,0.9538554326997128,4.857527603975749,1.229619503043259,4.411250114876207
84,9,21.80114653727257,3.4302374285011807,5.01130769555268,1.1670155215830853,4.209879770236334
84,10,15.938001182781715,1.0083283377989316,4.545875020146168,1.3558312561420243,5.038092140471583
84,11,14.67199266532492,1.0828317229206617,5.223470563965194,1.0895729563469851,4.050567119731876
84,12,14.386645767305899,0.5596403786705878,4.883987346983153,0.5434107799105341,2.33783050542689
84,13,18.968881698999454,1.6734886526237034,4.759963552444607,1.0167841899381687,3.7003391746737306
84,14,17.994936376350562,1.0825809833706599,4.132213157984223,1.0582081228494378,3.7001087689201837
84,15,23.37029706505299,3.294719661555874,4.622967853950826,1.3361931002646887,4.9877313510983745
84,16,18.909541177740095,3.538787483018227,3.7428788523737317,1.5419434110359465,5.374658474032092
84,17,13.990663960803188,0.9428596116206949,4.682743832123341,1.4269818910296497,5.177400785100465
84,18,19.683635049228553,1.811822007613301,5.019068136434275,1.2079216640693717,4.479084284324969
84,19,26.793854203028324,3.6025944378373524,4.986759321162021,1.2675823605657293,4.716352277785151
84,20,18.347239091399775,1.0619506167053396,4.95372043069232,1.454840023617007,5.506861062111394
84,21,18.87405284935197,0.8114653580296891,4.675638982007994,1.5460362924946054,5.6824481804370475
84,22,20.159572322014572,0.945669348322373,4.7964954847874495,1.455619996631956,5.2809175664207535
84,23,21.37469571589712,0.7438637484687421,4.620776230662804,1.3618458184940767,4.7373330057775656
84,24,18.22101205116291,0.845056807454106,4.549222092063825,1.4385009084700089,4.98617124180795
84,25,20.750891193581065,1.6514824333003135,4.303006296867193,1.5046112701966505,4.973109959101493
84,26,16.56162078645034,0.3323885835552814,4.978162085218617,1.270538002169661,4.487476416026135
84,27,15.347984693630707,0.3220872838276344,5.536331071988529,1.1391324912509697,4.10802819011609
84,28,16.455628033897277,0.4624141476230141,4.61280434101803,0.8291750783993965,3.203639765079708
84,29,14.259508369014153,0.1078869680731041,5.029312718965994,0.9595004522603388,3.512052591465847
84,30,15.697232954783289,1.061747798951994,4.793457886625289,1.1546219408943017,4.152499223755678
84,31,15.949382162313757,0.6207167960718978,5.01163565327496,1.0983540309177107,4.048302011792321
85,0,11.725628285092434,1.5769112199382538,5.486566693690701,1.124867103767535,4.015453739324558
85,1,22.771688384799717,0.47427050465766907,4.153277718048746,1.282343879891851,4.383288627089751
85,2,37.09065525190411,1.9543459590944403,3.837356354919237,1.4953791498484321,4.894609443390989
85,3,33.08666203728559,2.669519343299547,4.411943186517359,0.9141810619995754,3.303480956076117
85,4,29.267051788981405,4.434107327340051,4.590919138647612,1.1276757580734937,3.8930744548990526
85,5,22.869453030387703,1.4353760790574581,4.513903576057638,1.3334332661564297,4.511395539085131
85,6,20.623916769531057,0.7635156624167858,4.277512907155286,1.2072368618680525,4.208529117126297
85,7,18.010887272298795,1.1457437121305116,4.526164789152755,1.1077678645487445,3.833555349418138
85,8,14.652557138856164,0.6531482137584006,4.58492880490954,1.3053926965200322,4.561828252746817
85,9,18.29205572165129,1.6071471369129169,4.789713952769451,1.1007780952422985,3.9757883728957695
85,10,21.34049216302955,1.4235789202995228,4.483073649105635,1.3969324571779866,5.268392487992669
85,11,17.84049334915728,1.3994767887254227,5.3635676707575595,1.0127114830005102,3.813626023619655
85,12,9.733805262964559,0.20443125037925175,4.360871326077853,0.605649217292962,2.494444275715063
85,13,19.662746752169607,1.897890767998735,5.0051418906871525,1.009498833172013,3.9347407339408402
85,14,18.63112275689206,1.3715337660653524,4.241286438750504,1.1994876653980322,4.417645385451187
85,15,22.43635424835228,3.244058925608412,4.713802563289199,1.4831150308652843,5.722037803898017
85,16,17.246569034578894,1.7009363478478399,4.3061901620331575,1.3184627133473192,4.7764025256726015
85,17,13.701181684757152,0.9001460854370877,4.990169685442291,1.2931489073378213,4.685443982590792
85,18,20.603197331501754,1.4372577305626935,4.951012195420202,1.1246741901819748,4.130888206902005
85,19,22.69369534609104,2.4472477803378156,5.158420936800873,1.1463279422767094,4.250713611806895
85,20,18.789363572839562,1.4598866328837974,4.91835524016021,1.2206766390057844,4.437205651961372
85,21,24.097089470560316,1.773829156552532,4.943330982147415,1.303133277444422,4.698360068070586
85,22,17.53557034929303,0.8448824044854254,5.151723658767164,1.127465161446315,4.036731270707182
85,23,16.664224189996318,0.39155480801827536,5.1294758792995925,1.1163971363897378,3.9897734376804093
85,24,15.85527840556665,0.4331158509187818,4.893392337784804,1.2595176962568049,4.332261437704191
85,25,13.757980323923086,0.7730395290338373,4.540117370431103,1.3710682671882886,4.6725194590332135
85,26,22.060117408652157,1.877500562628342,5.086552051441625,1.222030179846243,4.285829407011682
85,27,14.843982745174449,0.4760307051664777,5.294070137384399,1.1628068150799056,4.049969999716561
85,28,31.605630687356285,3.867807290053518,4.9458263655542325,0.8210111280777914,3.2364517213635455
85,29,24.474977446285727,1.4603768159406,5.393557774803497,1.0146510986148032,3.6797803787105727
85,30,27.987012655676317,4.874965755088879,5.685484507047414,1.0538782638655215,3.977096438938877
85,31,19.124644498818515,0.9892971440917159,5.2808642364415785,1.0837642578618247,4.100484772448262
86,0,7.128519470148775,0.5492239121938115,5.40836111254243,1.0366390182186356,3.7245501173498137
86,1,10.235427857317566,0.12951718020914624,4.4259122553450325,1.0727974583412756,3.7889261593015373
86,2,14.11788670544251,0.15063511782197464,3.658648000431853,1.5649177189765728,5.251683582096316
86,3,9.794136716487518,0.027855960219185544,4.784284541827284,0.8933787342993682,3.2884297396877953
86,4,10.279216023092893,0.21831208316483547,4.865476247040956,1.0732941944083159,3.829438376407434
86,5,12.697043301948245,1.2099164142033212,4.437564165300085,1.2588833920557105,4.233943526452115
86,6,21.4336980238704,2.2454141271189587,4.441666376968413,1.0906355415590472,3.8011155738383877
86,7,15.027106029089671,1.2450258019241707,4.397679888716173,0.9769301905307977,3.4340429909872645
86,8,22.012204440966375,3.5376247359865682,4.447424820598151,1.0607737301475062,3.7574705250030274
86,9,12.663438573368442,0.32940261207645527,4.814576821278679,1.0545195665421803,3.8529780126919775
86,10,19.533312672869908,0.936846925391426,4.428579762684417,1.3954056156161707,5.029929270120907
86,11,25.249815274037346,3.1813651323432275,5.151607374886759,1.1137646351508605,4.044659760267037
86,12,10.401542839034924,0.23720482530511064,4.835066684215358,0.5529697210087248,2.4239084837262745
86,13,12.99867318589337,0.4240433886775578,5.060690389411534,1.0664899620956314,4.1387500280503335
86,14,16.06558988272964,0.2492961344631022,4.365895817580812,1.2553877294364444,4.586956683008835
86,15,11.436381912524094,0.08497773960368858,4.474764666150055,1.5377132151293784,5.831821876943685
86,16,13.655494529150186,0.7900997659887838,4.230732286567785,1.3479155878240592,4.830453494113743
86,17,10.382275852663538,0.9618823914144875,4.976793795704159,1.2676315327013157,4.593470509933116
86,18,12.638527961616393,0.3770589110275335,5.181910242892976,1.007281208441598,3.806631545777029
86,19,10.970702595063475,0.2663478669492461,5.065952237358788,1.1650434019784335,4.25796347759245
86,20,15.849217128117347,1.6736131802007743,4.169303349507883,1.3911477380025499,4.660858351840442
86,21,12.553412262040373,0.3434630518918659,4.509348868606377,1.3790318459330928,4.870406342604609
86,22,14.716983319466786,0.9962751283252298,4.4998492995181465,1.2111218283949565,4.04033142645463
86,23,12.863571643488367,0.14726896509925747,4.829737463655846,1.126193142772106,3.9669037085199164
86,24,9.423411850231599,0.034827106102899304,4.5396259381506,1.317827458178435,4.40711302137142
86,25,13.931815677160202,0.29731995989712817,4.197131303138727,1.3896072226746758,4.678649816835143
86,26,12.594793362686376,0.12355054327982438,4.476714255005145,1.3714148090934195,4.733653689058768
86,27,12.2531391429223,0.14617599788264127,4.856719622632381,1.2626953829508567,4.28499278030836
86,28,19.867525637401407,0.8733667285859956,4.677138932207191,0.9229544819823916,3.46483376928527
86,29,19.563418743175014,0.3055089729163243,5.221075379179901,0.9596299985890218,3.470391961274852
86,30,12.760653436085036,0.38418981247883427,5.058425145119445,1.1185142939787536,3.9850012386105678
86,31,14.74955919397533,0.35068945323495193,4.612228487418115,0.9567188062806427,3.4660783523100522
87,0,16.72438439575273,4.089865495753667,5.834775488618411,0.9314982046633196,3.3965805614701825
87,1,22.552970550992313,0.3858523935665602,4.767113566663433,1.0522723212995189,3.9181539521824766
87,2,26.942991085051712,0.6629314988074698,4.094855366322834,1.3476679360665331,4.424931791810708
87,3,17.96882840978573,0.27042043618371936,5.333332101853857,0.8290641657427011,3.199267646119447
87,4,20.572053321302818,2.9537691407238302,5.239482508458579,0.9662190885264508,3.445577917831458
87,5,22.527249774055534,2.7410623752038275,4.430705929398167,1.3051202014977683,4.208229660545335
87,6,19.508911026546702,0.8356276024700979,4.661168682030313,1.1720483201939338,4.103166780885573
87,7,19.191993451571875,1.7136915019544467,4.731135515300776,1.0105752424282626,3.5487542852878144
87,8,14.310981881531372,0.8045022413433617,4.909347583909093,1.1175390202572117,4.118449181680304
87,9,14.834608789350963,1.0071692013043663,5.17206529457105,1.1459127787109527,4.267017336105504
87,10,15.92490058655677,1.3979705655553722,4.55982988731606,1.417828091573453,5.238316147896129
87,11,13.516852398588803,0.7401791364852133,5.25115648049073,1.1765290982337095,4.343965573604431
87,12,8.230873997928695,0.02854187268671412,4.891899987821349,0.6112504542487001,2.5834182268294943
87,13,10.573572783007942,0.06669399480322645,5.406427362226214,1.0249154778397944,4.014130034151998
87,14,10.609853887390724,0.28992810263243063,4.442514277118716,1.1737844677209717,4.2447713395570315
87,15,13.845539925119501,0.2940081686466125,4.69163215553751,1.2866458119704962,4.872779412434517
87,16,11.991225725723623,0.5084834709980347,4.310960116711111,1.2023281178650107,4.315313817815228
87,17,10.820938852941895,1.169519728447646,5.026520529162706,1.263484007511714,4.514636132203847
87,18,15.043381969608628,0.7327109588218116,5.369266866298183,0.9591282577769089,3.7168594462524136
87,19,16.277487824899215,0.6127122743410491,5.212531695983313,1.1101297320222026,4.103784505871738
87,20,15.354428084876481,1.8349541596423538,4.320771789083796,1.4336172113718515,4.943728847651616
87,21,19.192260172421854,1.2814254574935613,4.867640546736393,1.3325554118683103,4.821950159082855
87,22,15.794883314752123,0.834229256290473,4.96145879695376,1.1640227686306446,4.142081881410908
87,23,15.606413435782343,0.7262010536169059,4.958986853696,1.224877962924686,4.443876919312474
87,24,13.48142460970264,0.19211758967580175,4.659245208028085,1.350093756741468,4.691142510608287
87,25,16.81163444714051,0.8114821788880826,4.600743344202795,1.3829975256941456,4.72745444058695
87,26,17.236678378418734,0.7051135567711174,4.646892809885239,1.3687764670347597,4.7448576822467174
87,27,15.969525167772694,0.4053073483801453,4.8826540484610135,1.2585368467996148,4.318564083803846
87,28,22.346490798609626,1.716581968190866,4.9254607387565486,0.9145991187875584,3.5057677716085176
87,29,21.609803310274025,1.0592865460493384,5.202527897509696,1.0156434726306323,3.540828452940881
87,30,21.61003104839405,2.430649156752888,4.943352857634266,1.1542124933805136,4.122581469571269
87,31,23.817513114283027,0.9114238465174176,5.07812277844797,0.9430052474940194,3.561807254651343
88,0,7.97381511711275,0.4192201000025465,5.65840983301067,0.9970838128871593,3.5233081575320977
88,1,17.885182196237317,0.16015833865223023,4.608642360805717,1.0366768122120122,3.6478181499778435
88,2,12.69220478476785,0.06540129652361132,4.084822562420893,1.3586363307087197,4.479424550355326
88,3,14.778385014749944,0.15722235724743655,5.197749328697629,0.7598966679819066,2.96605516722611
88,4,12.12576923879266,0.0623123437908914,5.1861675483876075,0.9868843261909968,3.5290437015999325
88,5,8.7766184700697,0.2499355902246132,4.709264057015632,1.2368859983482645,4.060160203098386
88,6,9.969432856709712,0.13041510537486806,4.786259949643303,1.2025806471322618,4.22403354599033
88,7,15.611354316992303,0.5951130063710166,4.468718448091536,1.0091679229915744,3.5625292677477485
88,8,11.374414763538741,0.4159250715930016,4.7184203817845525,1.1260893852089975,4.058866001792222
88,9,9.698403085175327,0.23697673878092884,5.096661792883717,1.2421397394541085,4.5216360042619925
88,10,10.922817656465032,0.049899421803871524,4.56280801909079,1.4186326029135436,5.304157078625371
88,11,15.345987035741006,1.4002112063359007,5.150612197275003,1.1830049153969053,4.390104481239236
88,12,12.90639272253621,0.2118810817815191,4.420441772543032,0.6034340558859377,2.525733367679677
88,13,15.751380673932449,1.1255591033486545,5.168089287493002,1.1708020990409675,4.513187423295711
88,14,21.05802566274263,2.557433496830593,4.391074318824548,1.3197083076902842,4.812401739065509
88,15,15.449646773241167,1.3336754368702088,4.850346491488525,1.4424441283799165,5.529670401496345
88,16,16.551230527604936,1.43954650367396,4.059039156679927,1.5878920197283763,5.793682348034438
88,17,15.827602003691455,1.0145037594518418,4.836738642045558,1.4388111479479981,5.359881133394228
88,18,20.733638257511153,1.4480189211738625,5.211532546695278,1.2210858552968302,4.511904247688382
88,19,21.843538526129084,1.1298562905348728,5.249315541581267,1.2264027588984847,4.5926071176012355
88,20,22.168450253693454,1.4316588786442497,5.240709382124625,1.3490931106649198,5.007123451632665
88,21,21.299843229305967,1.0605092743989089,5.140850409147271,1.4692543813966203,5.4338455338616
88,22,18.47918179143643,0.906686141947729,5.254476699778568,1.3353141369512471,5.007861003679896
88,23,20.269851498908512,1.075639089623878,5.034091894595468,1.4142576838350607,5.219731586813772
88,24,19.297096936058832,0.8410122433674004,4.775797255407162,1.4763149834149347,5.322405406692122
88,25,17.82728199905233,0.27650043457344564,4.562604298866315,1.4837761768963338,5.1250920680895415
88,26,24.485711281394394,1.269117486670364,5.053179001886713,1.3798184567570493,5.106075615958677
88,27,17.174929290513337,0.42222885764690926,5.386247441340961,1.1834163351504081,4.324499647865668
88,28,19.44985336115878,1.493041769367367,5.00505792950465,0.9378949964281693,3.6439616159655377
88,29,22.57932061783361,1.2099427954433795,5.073162576701604,1.0847187886550191,3.8211010711875573
88,30,16.77749567139889,1.2276179212811602,5.106053833744854,1.2357463553311385,4.607656269794289
88,31,19.894282848521126,1.0056096389386575,5.183617603370351,1.1496308909228468,4.3888329529018675
89,0,10.00463179524007,1.3683788576321825,5.706507433979503,1.0520792321604677,3.805114383676107
89,1,22.68251998288221,0.6379731727883415,4.728568551784219,1.2059691579215785,4.411651535498451
89,2,13.309226449077723,0.24808864662660832,4.1566270835488925,1.4104242937796378,4.598226840001403
89,3,19.276081086970994,0.3764060939550726,5.099940155714198,0.9543625451114357,3.5534296892989334
89,4,14.537860676989503,0.2201236130565638,4.750123935281161,1.2320294875052937,4.201419363401344
89,5,9.863214842259652,0.2486076131510793,4.66471281534695,1.3515404211484308,4.439352711995658
89,6,16.21143634050734,0.4282290003942307,4.842347758629588,1.2260357344696429,4.3831647711432336
89,7,17.444539267427775,0.6563418212515528,4.701124187066403,1.217912562973055,4.26016110853218
89,8,15.66857512003407,0.7590737255091865,5.024267263142569,1.3574242202421738,4.8642419414423
89,9,12.229992343674493,0.32937877670894444,5.188073692108692,1.3129541531807787,4.924327449067777
89,10,15.904734291871144,1.0861898800074492,4.892385077926237,1.4625243854007843,5.683295794018316
89,11,18.057461250244984,1.882140749190009,5.266808110920419,1.2240333279689395,4.578652316885591
89,12,10.99175466304518,0.7641416079935888,4.864695697058588,0.5592084571409872,2.4243196743881477
89,13,17.718760441120747,1.609543509225842,5.235081557721178,1.088061201070178,4.066334526821404
89,14,15.568787574013395,1.5290023026705817,4.4740287953178655,1.393022015938202,5.042243662827433
89,15,18.551086121771853,2.062751184737012,5.089083764383332,1.3579238848044515,5.0630178439592095
89,16,14.553281132677323,1.2995846877955897,4.317391222066057,1.440830068778812,5.101465269070901
89,17,14.0777958113631,0.9794227171008043,5.305450933132591,1.2319971219196137,4.494965734825288
89,18,11.94744612830299,0.15001567995016118,5.299353534828418,1.1845788429837842,4.322277745757325
89,19,19.786311776694387,0.5554436224053226,5.308218682519244,1.162161570502981,4.21910348440219
89,20,21.01769511467516,1.7015587082913175,5.341584997189452,1.202987410223491,4.401059544046121
89,21,22.662157212711577,1.2065012309267777,5.130980833393576,1.2952368631859406,4.646484488580265
89,22,20.507594132437983,1.335433232614373,5.220889560707271,1.2665286388136545,4.521927349704333
89,23,21.104643919785946,0.46526189501264015,5.283303945205208,1.1971460385468706,4.314760516697766
89,24,19.314521211133936,0.5221118777253746,5.02445987855033,1.2778978993632908,4.44897362670996
89,25,26.105780963214396,1.369094544477272,4.856663575164938,1.4026617650414002,4.912020815500667
89,26,22.29364294854789,1.945470706027428,5.433722180869083,1.2640448075148303,4.584424516836026
89,27,16.450884583163923,0.9479822072434767,5.460651027771358,1.2070859339367237,4.165708019905146
89,28,34.02950574287131,3.6491490344755375,5.64834210419499,0.9074961371112487,3.4979491385524706
89,29,33.544219614789,1.9792661034421177,5.530926660466425,0.9817376183215165,3.5091375620048137
89,30,30.03219361683672,5.362971826738625,5.556003679685192,1.1115745829251802,3.99877901398465
89,31,19.30578958219605,1.2633579753529718,5.490301397887683,0.9378201378991919,3.6184500027852735
90,0,8.650834092246592,0.6114260640648148,5.4312729157357476,1.1095665052180612,3.864885636992251
90,1,13.56255598834113,0.6197883535759612,4.415338659099607,1.0208699850295258,3.596268648561988
90,2,20.61639919043098,0.2881067449030873,3.940813637404838,1.59958155663147,5.436920072542467
90,3,16.322550521938297,0.10981553895470307,4.785951947338871,0.9475311296947897,3.435547396107987
90,4,14.966560779582004,0.2703847373183693,5.034794787789306,1.0742222601299831,3.8115999122951174
90,5,12.739487637409717,0.658961968335048,4.7535695283694315,1.28872288912111,4.320010555428766
90,6,18.483661153623636,0.6537487927631027,4.697515519113473,1.2211915136722817,4.335839662215676
90,7,13.623728898248974,0.3870766046192578,4.6031628613081175,0.9865445989514265,3.4865195430040545
90,8,15.645453231405545,0.8333030035580591,5.062537357479368,1.1875510471384576,4.22805258189279
90,9,13.630783767222255,1.0106447369645182,5.122818076487967,1.184667686890692,4.372653822801666
90,10,22.02030568409534,3.6132363850500706,4.73908062266042,1.4308443707284377,5.324868703595064
90,11,22.337525844785798,3.542558798082821,5.012504057322683,1.1878123968440928,4.283545675166744
90,12,14.336285766687528,1.119056898232667,4.834081219139874,0.5945872995207022,2.46726518325519
90,13,17.79926948157032,2.6702786165047807,4.730158857293553,1.0525079689193042,3.8612369630527104
90,14,12.856744749972599,1.0906549503435077,4.696615034579583,1.2219888031624055,4.426995049231676
90,15,15.003680395057941,0.7557880750497932,4.754076160328443,1.3902111742669803,5.125634712435473
90,16,9.49328571402309,0.4546288851054762,4.163717098226863,1.4419117125901835,5.096936086027542
90,17,8.234111562743067,0.29550496195461007,5.129826494619492,1.327892820655376,4.913410505610085
90,18,9.717966050461687,0.11884071278998662,5.456988233617031,1.1061793342825634,4.125823033872348
90,19,11.387837118700187,0.09569835817014086,5.250763502193263,1.1747207393018018,4.232530589385347
90,20,9.135342917455695,0.2836429283907712,5.019424511669834,1.2717547608454502,4.598095624510463
90,21,10.57501000121907,0.2119307676853872,4.890771644221467,1.3821426059894284,4.956184926791374
90,22,10.021729121978844,0.06093108351102722,5.1484507733900315,1.2591650244073866,4.486230089483496
90,23,14.15298674681233,0.19998214533549463,5.286577493922543,1.1745172814414193,4.197014829992871
90,24,9.173936153839357,0.018627722880575952,5.011037586679152,1.3390241253802957,4.702123256807792
90,25,13.115819006711224,0.5176271281087306,4.530255008215658,1.452815687663568,4.953351026675308
90,26,9.029157976722383,0.11130710488441665,5.2372232009525455,1.268078038658457,4.599745875000488
90,27,9.112012199226681,0.12224550402433253,5.268116680680953,1.3129085582328424,4.589916411458854
90,28,11.72978344362836,0.09331139070865344,5.16960512652592,0.9381965557955096,3.5813567697089637
90,29,14.113183673882432,0.06499206953497698,5.3384413951821275,1.01835900823811,3.556525351224524
90,30,6.064774501180413,0.0029688959971423392,5.2785449322486215,1.1929181490854752,4.349055646484803
90,31,11.298331742568738,0.06480225678150504,4.642282008164903,0.8941832186076635,3.349701282101751
91,0,14.2872920519231,3.3483674320576133,5.657516870188706,0.981821572892084,3.5133102846971505
91,1,19.67504057698216,0.7284512250422591,4.684225702786545,1.0518468411594206,3.740000298216351
91,2,22.1430107019933,0.35058033463961735,4.349388002053621,1.3651230948476236,4.6527058351570805
91,3,20.87366103772432,0.3274015667294201,5.444498868966293,0.8370797392833547,3.2259028190727537
91,4,15.282853704259274,0.2213195518234557,5.385673540116537,1.009364145690319,3.6076485185583183
91,5,19.63394794100674,2.2100468089011445,4.881372176759835,1.3529930934709897,4.488310183066582
91,6,24.756164500085085,3.7158985171358325,5.185383849685603,1.377667379604742,5.181334218375447
91,7,16.92067990036808,2.22106083231035,4.727394822998072,1.2061703061126057,4.248204821299785
91,8,27.654242731215312,5.290789325551559,5.303627922610982,1.461065220112399,5.469020617782675
91,9,22.45172613353447,4.417240255925328,5.478225043460957,1.3161733987644846,5.062817326106222
91,10,29.877571954762296,7.444450859024783,5.2039762607639375,1.448789063496891,5.7551332392063355
91,11,31.808133440195267,6.559054776792229,4.771594107325944,1.3653974863364589,5.114396170597786
91,12,24.591504775174776,4.8596297247059095,4.902249824445979,0.7669233748667938,3.174110776821911
91,13,46.08225238927892,13.713473163649102,5.194566368012546,1.0919842781403988,4.374257588749983
91,14,45.302190352095224,12.437872600466712,4.7620753120836055,1.308867599639437,4.792308217171326
91,15,36.69352999702624,6.271093627893109,5.0481665577057395,1.2792033345332339,4.9253839244329445
91,16,29.448563737630938,6.27551017390316,4.809672851439362,1.3370203780839782,4.711497871735739
91,17,22.702559655693356,2.7044657868430657,5.496534855479506,1.103146987409775,4.154758151366073
91,18,22.32897153479574,1.1822366315027262,5.254397877900816,1.09890898240055,4.115037065446046
91,19,26.91258960212248,2.6576464287360153,4.999557360446452,1.2327369720323436,4.180691352113211
91,20,23.625136583632234,2.129375581925907,5.0947615202771726,1.2476504741412242,4.5333285661321385
91,21,25.48766052456084,2.306745452249565,4.949421521972125,1.2419346336356218,4.421828663773745
91,22,17.806140897898125,0.49834671822147936,5.078515305891219,1.1551544748543243,4.036785196062556
91,23,19.71185897068913,0.491321691490034,5.170902001505134,1.1055105459183538,4.045533715293557
91,24,15.222205846166267,0.3506119883861684,4.896776824274988,1.2659220529657622,4.451814361564833
91,25,20.922922590827095,0.5119880900910485,4.570947472322592,1.3420018516059695,4.4320421093520235
91,26,19.63478049091961,1.1789266638301035,5.025500919067108,1.2294546195322358,4.260790298974483
91,27,19.18128091619128,0.8111270060103501,5.217045573667015,1.1366308331299226,3.82618375748977
91,28,22.296681677572195,0.999039949006307,5.580907353699109,0.8432103101517656,3.350490820359247
91,29,27.256369694158117,1.097333121641154,4.754349059921426,1.2111093282089067,3.8603253764921353
91,30,21.93871325117717,2.7551336760614418,5.077622240734054,1.1143347780176818,3.984690220389166
91,31,30.3898353669702,1.8612011921199378,5.406631169744269,0.9016819879065991,3.4852971569128313
92,0,12.16846009843104,2.72035122793126,5.348240060334174,1.0887006004390356,3.641432208466205
92,1,23.415120369645102,0.2532197863367499,4.0973303091657245,1.0095610325767321,3.368812487954226
92,2,21.675201002558453,0.3639408958570812,4.072770125773756,1.3646677886995704,4.59443697815606
92,3,16.307040029225192,0.08257757278315597,5.155275183268665,0.9092091425417452,3.3292760560613273
92,4,12.703763245071992,0.05565752134445786,5.367560962576195,1.0573281376176196,3.7782720022075176
92,5,16.27424770461789,1.069659647218956,5.090954600758277,1.398754076819123,4.884406808414063
92,6,36.8324381063194,8.046817171162692,5.409580593452445,1.0248245387851114,4.135058629514979
92,7,42.98835655601725,10.485284128619103,4.646957607813416,1.1054852420888812,3.9296498879293438
92,8,46.01435600035457,10.784286894799244,4.973909708791448,0.9657544439384989,3.7968845310325094
92,9,47.8487026758669,10.163681349181592,4.675642666768128,1.0461649209075778,3.8430971805603624
92,10,45.3031307245725,11.718684615843692,4.834320100554599,1.0955545314627022,4.25348844197544
92,11,36.89508221481017,5.6758419662543975,4.9964489876482725,0.9505344500101085,3.6318813417669342
92,12,32.164286708317164,8.582682919739756,5.117322357035339,0.6723392664038847,2.8310193696630774
92,13,29.615714546757708,5.203836838683757,4.701777542835234,0.9361110463937621,3.703892221643785
92,14,27.64956821308109,3.6642998652791263,4.734638764168656,1.0992786401762498,4.287506787912593
92,15,36.350927228095145,5.273857438449712,4.583863770993368,1.3390645392990512,5.223259335476488
92,16,34.63155596866707,6.292806699058471,4.660541780566064,1.4399527832798373,5.1719947053001265
92,17,39.314274404614984,4.684299649754816,5.410542667004836,0.9077925324889735,3.68870473682904
92,18,40.03673242190878,5.020550158966042,5.754150619904076,0.781518915901418,3.1709276550543337
92,19,52.67590536642264,12.256342882440244,4.912644293661584,0.8842349379123391,3.347460029192396
92,20,56.18359205146527,9.62867721307426,5.6806087461707415,0.8235215812097554,3.3753207396747924
92,21,41.450567672742096,3.417771746837522,4.642350929216557,1.273626897701459,4.57077476499091
92,22,34.18387983760649,2.839962518366935,4.86867856201784,1.2044850827024094,4.441813492063165
92,23,21.71962067594425,1.1065254152669612,5.14897603919835,1.2153125655412742,4.413711370964461
92,24,20.83474836877845,0.6938083561607606,4.94570840071073,1.2138347215345027,4.355993428295432
92,25,18.231575075111405,0.391418487208414,4.270606070679574,1.2954810466621147,4.26188641410274
92,26,26.580395574862838,1.935420520400177,4.603697983818703,1.2046936414254965,4.177874514974244
92,27,20.148395194866517,1.175766126975558,4.347089358479254,1.4103745515899888,4.64565267666063
92,28,33.671732646121484,1.9217765553848767,4.044037072904458,0.8599725192834589,3.2473644392996714
92,29,35.58806171710491,1.9797845385335773,3.9819585919475298,1.0705194202746764,3.746928628486863
92,30,27.602062306688573,2.998123885115457,4.09411486971755,1.2077524830166064,4.365308435871418
92,31,34.69216970245668,3.4057473794767366,3.5675964992120566,0.7061524797804903,2.7955716129521586
93,0,14.42567145888148,4.4333811011661215,5.939169422274286,0.9010221573315986,3.2339489445184753
93,1,8.949785873492441,0.0354560392338308,3.9317298858848835,1.025139365258739,3.465325150806839
93,2,13.712426445484331,0.0838815819863576,3.9375591559662824,1.3659430160759354,4.5966213832761005
93,3,13.392739962850664,0.035939730942641655,5.163507130772005,0.8375087341254766,3.1471622076680803
93,4,13.352430868402086,0.2586315554971448,5.162645264228326,0.8999866602293665,3.2744220747887023
93,5,19.119543244361502,1.2999482971715148,4.769197747761992,1.216697528382947,3.926766151177198
93,6,40.108399208777364,3.940833348928851,5.151133751999177,1.071485658868351,4.055714950035609
93,7,45.56011239369517,9.713357181332736,5.20623830657909,0.9713762097119627,3.5058031345522487
93,8,49.85993591327964,9.488155820205034,4.960708600427321,1.0817923234916798,3.9234045661486157
93,9,54.265170133397405,11.378927556475489,5.370720018844575,1.025429551616436,3.9504555286672756
93,10,61.76384949147527,16.635114266653737,4.6069574557244675,1.4525454295262001,5.432647608038553
93,11,55.466641049304734,10.574037767359048,4.975843792179305,1.145631636372963,4.236968425363911
93,12,47.60524477807769,14.378414157981952,4.587626928398408,0.6635832178846455,2.6482895152476527
93,13,59.465249752885114,14.03366161811218,4.812669566591254,1.1310566103846922,4.282135955281455
93,14,56.04917036317724,12.432880401574383,5.010054796131602,1.0689924880498385,3.995611778175908
93,15,53.53864437669979,9.718075742413141,4.773772591755691,1.4244443930857056,5.318086964517076
93,16,42.56999494248441,9.19368316603798,4.272295226379263,1.3333102100674443,4.848176620075978
93,17,45.18414510471709,5.729676022629345,5.239043476716079,1.3132028895048222,4.770362149114938
93,18,46.49767066391266,5.369301263954185,5.287613939658345,1.1264226546283966,4.280806332327115
93,19,47.5144798717004,7.813396434532449,4.937651598116272,1.2412682321053303,4.446416235344983
93,20,61.60810989229847,10.236767896491243,4.785484836218391,1.3217134104905295,4.758038578266973
93,21,46.53474204999209,4.12664124946755,5.016621377742631,1.3559101330950742,4.89995286562003
93,22,44.448054337267266,4.317019471892188,4.986254568513895,1.2993200700327057,4.767383414800029
93,23,32.54402360493673,2.0937355761192262,5.032239688047527,1.2765471984730334,4.6664722040873565
93,24,28.409651502774096,1.6562752355424226,4.26744936662417,1.4668077574556797,5.030419453436442
93,25,24.56881032557392,2.3969111346641077,4.640577096897422,1.4943903416369064,5.219309424272258
93,26,28.52667223625228,3.5845257956710954,4.830100565284297,1.3371827016446174,4.698928071568449
93,27,24.818686142275865,2.7424545526594604,5.127565175864399,1.3044931125026293,4.693580146223451
93,28,40.98235720542203,6.871220077909297,5.167129390301131,0.9387911563382225,3.645629600415535
93,29,36.956600013545966,3.433190444887388,5.271090527399589,1.1009190982231898,3.9262386108555716
93,30,40.60583391764108,5.788402117109011,5.020076464362184,1.2909999853202505,4.7383034507624
93,31,39.86230083246076,6.155106302210284,5.336869093837031,0.965564521158301,3.7291207675692846
94,0,10.157054691201346,2.1479092536168864,5.870107645711248,1.0130498237080463,3.5735167408328468
94,1,15.01858388235355,0.1446815703052236,4.504431469889272,1.0915860711330918,3.8586583984974014
94,2,24.084531876387658,0.1832498022643921,3.9627486561805156,1.613103917046887,5.518818511036266
94,3,15.533191844453043,0.6142775866253658,4.749920532478448,0.8526746036068031,3.0833909146610097
94,4,14.533030495810852,0.33565121439426626,5.072795020571039,1.0933994926315656,3.8371750865553933
94,5,21.56000070301443,0.7736288565509915,5.060757296132845,1.3707025949461364,4.862820582138843
94,6,20.96557285778806,1.0669794308561846,4.67832019685399,1.3834125896825906,5.085305810922591
94,7,27.511244303051882,3.784280037246892,4.75405580327681,1.2137182971869303,4.259972603957807
94,8,19.44509772174234,1.7975453482221064,5.256573320791306,1.3968772701702123,5.333157843452934
94,9,24.3737613130127,4.218538324340604,5.6724295967459835,1.1922456208346368,4.61681614514249
94,10,33.30493598626275,6.7383324538428155,5.426453046438093,1.2539652141578816,5.01646907711666
94,11,22.953520691946558,3.195336872186255,5.352460058065775,1.200715882985687,4.560576294648374
94,12,13.732181724007145,0.731701407104627,4.693210422891449,0.6888582389144622,2.7780090049038324
94,13,32.16457410174374,6.7544124642288175,5.729264852661933,1.2819560934533145,5.186219894496858
94,14,26.94705172555134,4.387255797087339,4.8985648102916155,1.3873076026400053,5.3339703625494295
94,15,23.730591863657413,2.8398271829278663,5.3258929590175885,1.4035582268900066,5.700976444514994
94,16,26.93411733291838,3.705984724454352,4.75433600407443,1.499204057023813,5.742442599597814
94,17,24.721798072041473,3.473544724018728,4.927794335329095,1.6219599005700012,6.340254814651695
94,18,23.74741169918986,2.0903460267253844,5.585864764583983,1.1748627469660988,4.444021718721239
94,19,29.20403522583895,3.0703221789246147,5.256441944561777,1.2397695851233577,4.81258836340429
94,20,38.46171736877256,6.17417272946806,5.354630306289749,1.4687752712733744,5.590478103085878
94,21,29.561169738546376,2.691594715339919,5.1291205484542175,1.5912024825163291,6.220336115513926
94,22,28.369187645278842,2.8599324880666392,5.374689632801241,1.3721765182928616,5.256888047924951
94,23,26.690125310425515,2.0855755690125175,5.337148010570404,1.355198148075023,5.075146348390665
94,24,28.783935295416747,2.044665356031325,5.303206786396045,1.396885993387122,5.27961604491237
94,25,25.351414714875233,1.7280826419401132,4.729932909998577,1.5059778090820366,5.326994876383878
94,26,27.591380427019715,1.9597149995517154,5.343270265951475,1.253758513601701,4.830603182464746
94,27,30.760320476541825,2.124722219527037,6.096424439842583,0.9457417860112178,3.8707568139246575
94,28,22.367280018680628,1.5877516934525768,5.351511964738037,1.0739309727159032,4.189395901222435
94,29,27.895184490277455,2.8103324597898616,4.926148881609754,1.2614439843550684,4.432603251619504
94,30,29.67100099422312,4.268415773529507,5.8245031510401155,1.1307147140115141,4.572749176936358
94,31,21.99081626814389,1.202965703007934,5.460936645693785,1.1092514301811374,4.4006398276711165
95,0,35.422542095917585,13.851626107415932,5.595362291656189,1.3926041279987,5.118573851878387
95,1,35.00698575941131,1.731893438309422,5.067941332704754,1.1891319840526071,4.320186380218799
95,2,29.763826018470375,0.9913128538204405,4.643466278043568,1.4248297375052497,5.327950514908352
95,3,24.083143399287778,0.7449533665675249,5.1256196211027785,1.141611823474169,4.177942224802228
95,4,27.355297059137744,3.9218560357957104,5.145631304468768,1.1454886405874696,4.107968710811751
95,5,19.961395872635862,2.575857918191512,4.90447695813079,1.392072452117766,4.888756604906653
95,6,21.335200554447,2.20852840395412,4.860268422861553,1.1366129888174399,4.1488744269841185
95,7,17.290749023068294,1.3939616460359472,4.811779782317825,1.2249044624080385,4.360049764562685
95,8,20.1987441190076,1.9384050331828409,5.501337139449249,1.1446705937341637,4.431359016723826
95,9,25.72706914711371,3.1355940708728594,5.268707483203409,1.0601867045883298,4.0832460168096185
95,10,29.16280420922694,4.821656074425281,4.918324899635179,1.178636014983307,4.695899348753551
95,11,29.32783418195922,5.298993864657722,5.124881097435025,1.1570074673416544,4.401493811772843
95,12,28.246667214046777,9.00870131251775,5.138141387815534,0.8002616589964724,3.2188383747811176
95,13,45.52199977498937,11.546507513465448,5.150890268347923,0.8939006076487965,3.5835735801492263
95,14,53.71257854012502,18.23097507811599,4.485726838331887,1.174186887106309,4.340841354903545
95,15,56.97360834011727,13.205299624773156,4.594269016409109,1.0457923425743765,4.132598374789383
95,16,42.94497187579317,7.189121375129796,4.343155400943244,1.3762549840530598,5.07263921602886
95,17,51.27281973904608,6.664660112306079,4.7642912340149595,0.9669364893394219,3.761764915197417
95,18,51.47298129982586,6.982585806364879,5.122706566048835,0.819650889182828,3.2540309827291933
95,19,41.536711972064,5.803003685315526,4.87113094138545,0.7354015553870754,2.9865376002582815
95,20,65.42548023896339,14.088957745772834,4.808181973778549,0.8207903761381292,3.285743825292971
95,21,51.2789751563589,5.058800816804713,4.519405915456957,1.129420879094753,4.286838601582894
95,22,58.07845323165266,7.166049346641844,4.76947087493877,1.0144179117140757,3.823163901958703
95,23,47.07321859903969,3.702609765330629,5.037911332148061,0.9420822302956742,3.6954059514196875
95,24,41.82450109714392,3.94631654063342,4.8396152339023795,0.9829423487005675,3.8349477247975075
95,25,29.220421133195124,0.7876935606964925,4.784630336236649,1.2677162150776606,4.4250124968381686
95,26,36.37442747237283,3.496051818176259,4.683142676150023,0.9291395729830558,3.5405887292796896
95,27,32.53888215402673,2.144489562290776,5.1717679140866615,1.105856284246567,4.086767912693407
95,28,33.628936673275064,2.5621622357385836,4.704509098674086,1.1415620547111063,4.200251069624587
95,29,31.581847252819777,1.1608102174167807,5.174501761714577,1.0374460273425798,3.7818334290103115
95,30,30.723147146980672,3.284986679904346,5.156158728414605,0.9675606928833975,3.7356738995150027
95,31,26.308631864679487,1.955416514851236,5.199848109240901,0.9208608714748392,3.747201747269699
96,0,36.51117085220974,10.488209180576597,5.078957767043127,1.0706226435004584,3.6052359537847476
96,1,28.144152885149417,1.4080342216776016,4.281822112317913,1.1954923041657057,4.135684226893615
96,2,25.429010568931695,0.39819593689546884,4.437353659175775,1.40873369545709,5.204158345568945
96,3,29.04854480523706,0.8813742346746076,5.249043836044761,1.0888283653519792,4.029985859995169
96,4,23.860436431961762,1.4064660400236888,5.075782774839242,0.9551087879590092,3.5667257180594953
96,5,18.515963461329275,2.0522657776359754,4.687284304385326,1.2066248835878701,4.264808147766544
96,6,25.33002958832484,2.6585010513835705,4.8321208487323,0.836408527587567,3.2525403025491593
96,7,28.232538985270892,3.6957020979559663,4.503262990358538,1.029968670480109,3.707848397146237
96,8,20.12537302886728,1.911500183165785,5.22059026217477,0.9145667297687581,3.5233103471511997
96,9,17.818733321489724,1.5420403620299354,5.140455409845691,0.9281879506993675,3.472216579363558
96,10,22.997826731610044,2.834844191894114,4.96801830919623,1.1636960399469194,4.469235146443316
96,11,25.618869571706576,2.9731341661247708,4.744349886004727,0.9532896605755079,3.6644863548380484
96,12,19.682446502069283,2.855741147167345,5.270697082930658,0.6759760477608641,2.771017199519511
96,13,15.643359610950835,1.1512779657592676,4.941084114578553,0.99457556104697,3.860062955359472
96,14,14.26249427134001,0.33904236514713093,4.682103552978018,1.13902916858755,4.337364643121534
96,15,14.688999557404205,0.7612090729292856,4.699828018136735,1.1412035309267967,4.413234838599155
96,16,16.702232908758955,0.8552556309428073,4.609669345947028,1.3731074209573233,5.152115845969502
96,17,21.385520174206604,0.9399382647372276,5.18288293431497,1.0214487576014388,4.131602282602222
96,18,20.473623721341333,0.5394998599763343,5.509850368753972,0.8468062257270441,3.3309305643760014
96,19,14.20857181348738,0.34525683885473235,4.796711171277236,0.9299338443244141,3.4961672047222834
96,20,23.647704922213794,0.92292629328996,5.205017555954223,0.9049201876659572,3.597878417268903
96,21,16.006234517591462,0.271871834734795,4.200930921259594,1.3143241988215992,4.769499763454813
96,22,20.882652483645682,0.5920981442792095,5.0015888810412985,0.9914972792418126,3.7840664997026603
96,23,18.39957968831462,0.24312935989778392,5.121216625325854,0.9496580626257423,3.6004675286261985
96,24,18.50814128152863,0.8359176782006617,4.602256463327585,1.0843731750136918,3.8891561085652224
96,25,15.39950446015262,0.11911422018472384,4.159462444074312,1.2583416913785026,4.253474674733071
96,26,16.108796438422655,0.32284952183965265,4.871050811761951,0.9767592205875113,3.6437728291470477
96,27,22.31260595918597,1.1707959867607358,5.174081460335379,1.077474804169162,3.955792482711632
96,28,18.005185761508812,0.4564728817989402,4.942637234554284,0.9907999185636251,3.6657742505921056
96,29,16.204636852097785,0.1335127329883689,4.922683509946014,0.9979832647807863,3.6829198368001475
96,30,16.645201046882754,1.10690544371601,4.958952318918991,0.9803968362746591,3.7335271539106225
96,31,17.458580529471945,0.4978824249122108,4.387429350527562,1.0123047007207155,3.9359391879193706
97,0,35.07615541026928,13.242603980852195,5.513205710261641,1.2888376751643449,4.618951885750281
97,1,12.110894052787348,0.19269699414059807,4.41734435940214,1.1563107818070444,4.060037430945598
97,2,13.491279518152353,0.23344454480520968,4.756230025005571,1.357466133141247,4.977684668732478
97,3,10.875176833395892,0.2360246864627823,5.273887717005783,1.0534024324268652,3.8522136155974644
97,4,14.85417395123163,0.9880843703575892,5.330625314316335,0.8919483089397025,3.4283325912181173
97,5,16.46682920729235,1.5522775390373034,5.03434575512589,1.225565377504278,4.473445001089268
97,6,17.580687344113507,1.9230552078414656,5.055661206799547,0.9683241632092878,3.7536797808916784
97,7,17.18924372431613,1.9857999447399945,4.893338344729562,1.1293240748625362,4.227890848565367
97,8,17.862588905095063,1.350658061604555,5.4521769379717,1.0126843038941935,3.9619121376866433
97,9,23.173183519812007,2.229186462414941,5.6212149693172595,1.0068115911865778,4.030829370273791
97,10,29.863387380746804,4.613281154065355,5.397373285945065,1.2631515892348206,5.121299287654642
97,11,44.8335906824436,11.06854793827583,5.428248795474884,1.0739675990145718,4.317820048207601
97,12,32.05034797685171,7.763621270368842,5.72690339237981,0.7980618246337121,3.29346367249065
97,13,28.14831122050593,5.073497282829917,5.224254072018937,1.1330474682016645,4.45292531947683
97,14,25.257494730079642,4.417450543954903,5.031802643113007,1.2574621214712414,4.922691896571486
97,15,22.428214327818825,2.5633157413018544,4.9362752376529535,1.2607795080437123,4.97571294147962
97,16,23.988129133319475,2.175564480570798,4.807362194000846,1.376016142683647,5.112436601180751
97,17,39.03536379382233,3.5504086824888175,5.7193151504411315,0.9950804088436076,4.04283303262464
97,18,36.01536105488298,1.8270910358708026,5.852646200045648,0.874201811255995,3.5121151307529557
97,19,36.89647653539324,2.6715575842656283,5.345999191446538,1.0715353876829337,4.211549434929581
97,20,46.083699787025445,4.814717929889345,5.773887989982844,1.047133383331186,4.102683734382656
97,21,41.50886976229168,1.578697608457539,4.657897021399512,1.560532248958669,5.65729682854657
97,22,50.27409955244601,3.9971867389290914,5.306419495617021,1.353758210086939,4.976385747775718
97,23,36.09677277885275,1.9099288231784048,5.127000402558121,1.391450620483785,5.0222123609857015
97,24,41.58713839688264,3.2151661013132093,4.901747745170838,1.2964771235956265,4.605357420752762
97,25,23.938262413684992,0.7718692530633119,4.1761126307899445,1.4832208945239707,5.081366392877469
97,26,25.60833199470796,1.2983579264227443,4.90891665900911,1.1681857146526209,4.290386199683639
97,27,22.193619436778675,1.2740971402178367,4.976136792395278,1.3778894749479038,4.962628156142137
97,28,17.634247411770723,0.6562097550360468,4.2850794600205475,1.1597785723171743,4.23439632161074
97,29,19.043799635645282,0.28611504137560995,4.421758365522856,1.0183789142593245,3.598754034904296
97,30,16.24928185405725,0.9863899995848593,4.1575045816704606,1.1795481145375533,4.240706950053201
97,31,19.516444185528933,0.896192891464832,3.455658405877079,1.0963375850562898,3.891968691388827
98,0,20.800479744318896,6.15580784888098,5.438398714713822,1.1473460685805863,4.173057235012358
98,1,10.185019008744543,0.268814478179777,4.3366763059598545,1.0752883967218256,3.681197310910821
98,2,13.826271614694887,0.04476622931393247,4.299848460471962,1.3938564466062253,4.887468632716174
98,3,10.67324158373598,0.20426997176228204,5.263327164541144,1.0903910991212893,3.943173110235244
98,4,8.927766771058822,0.16687937398161318,5.269451767888526,0.9850307904486728,3.7016689745293943
98,5,13.681513244351379,1.3196240464429336,5.021216939744473,1.2530789155444468,4.520858948473668
98,6,21.19716651684736,1.994481418171986,4.836071529943014,0.9706094545385255,3.5794897143899886
98,7,23.696556494929567,3.6247389447958325,4.897569303209545,1.048169315770024,3.9088388084678343
98,8,35.19942248183848,7.590494184734289,5.584722198850503,1.0323468340661996,3.892908971629683
98,9,22.626557619862126,3.4464606762128973,5.828287852194183,1.0215139601229737,3.888138488053806
98,10,25.502505208417986,2.9968011129408754,5.17984562383895,1.2515929559534689,4.942671548647721
98,11,39.5925818244357,8.88729917934554,5.0959931989255045,1.1774121979482857,4.4576777877292555
98,12,27.67954744573835,7.164165378826753,5.570188100165753,0.7297597790889903,2.9942127611100795
98,13,17.882853202875115,1.7826968367115241,5.05075467924496,1.1333823800861236,4.33848400899919
98,14,20.409350489099737,2.4624398563154033,5.058132922502705,1.196010373892312,4.5994504449712865
98,15,18.45385487471806,1.8101231683139367,4.8742362402851445,1.1806236936818761,4.562128455393873
98,16,15.952888051817956,1.4435508397079557,4.802464248213802,1.3506790743280703,5.022979516880941
98,17,23.120818069628047,3.605590948217594,5.598553268583385,1.097124591548873,4.2434880494912415
98,18,22.96096185161175,1.8464190869778205,5.995305718338877,0.9117779535432025,3.566494589582357
98,19,18.467841979806344,1.285130820426322,5.424431021585642,1.0796211376947173,4.075573482247261
98,20,26.7093692593252,3.5023166424407397,5.525507555106595,1.0179488816722673,3.81082999803584
98,21,21.445058319755063,0.6202868100793137,5.178953835693626,1.206497478827619,4.281581348249647
98,22,20.058366119925097,1.5189217726553739,5.644160994670175,1.0755791765296543,3.9628912858497567
98,23,17.794320370727753,0.37094588977882387,5.797648009615048,0.9591725667945274,3.5543910085892856
98,24,21.56257476924904,2.2400726193646308,5.168351286910604,1.2088564967565594,4.208905480783912
98,25,17.187853931573002,0.2628814052349943,4.869890109332197,1.4291859303864163,5.066196912567023
98,26,27.616780992602163,2.6152143751541903,5.3444711570187735,1.070424540661267,3.8117033879685027
98,27,26.801304164083895,3.4766132149376316,5.4776629666574514,1.1664723726154165,4.212867616191348
98,28,31.926096557449842,3.0033221480708514,5.198689198509026,1.1530154072271515,4.337585475570841
98,29,42.850378909137206,3.3245544136458687,5.995854546225642,0.8442163819866204,3.2739860758290553
98,30,44.490176443081694,7.544543528154055,5.466991240836663,1.049146529488783,3.916820299290414
98,31,37.933840246129456,4.270948681502314,5.250921511303285,1.0424764126192452,4.074371540257758
99,0,22.628388353794556,6.887627365007125,5.4981849442503705,0.967626401357558,3.3459862372491926
99,1,37.33350799389481,2.952898451213734,5.49649095160387,1.0121694822235545,3.8058369594347763
99,2,47.24956524280378,1.904541809174285,5.326196722930902,1.3468942414183367,4.874461455174425
99,3,25.46550014264419,0.4633508241310785,5.8528409314735,0.8637168563622382,3.324174728500459
99,4,33.44514481960135,2.715725633847719,5.823423398633183,0.9415628846560482,3.532858280639265
99,5,33.4753813610144,3.3242843263036956,5.424606301870395,1.1727529577275533,4.052839947470001
99,6,33.19085119336999,1.404729586847841,5.555406823102137,1.0365390928201776,3.8725385295644426
99,7,38.455621245809084,4.270394415053492,5.755486902528782,0.8862730300641033,3.3512271592930545
99,8,31.261464717198585,4.736096685741488,5.833137988261157,1.0657757566763664,3.945622779936757
99,9,23.818435827767804,2.4850253241191567,5.9642040985460625,1.0188501679903155,3.910729979518518
99,10,27.613490145465256,4.362668251676013,5.539080302739751,1.1332024449230556,4.478240092982932
99,11,27.783269197032,4.232535136763005,5.518790229681015,1.1124566500759778,4.306897516796012
99,12,16.63402674575123,1.4632559474880398,5.878702749954456,0.6287571752072001,2.6629543978978685
99,13,14.625368024456925,0.7513851843515764,5.526187394948662,1.1097365919953006,4.303143450960939
99,14,29.53958365211855,6.3618278483702415,4.993549102412506,1.2100139328364516,4.456595439014456
99,15,26.041012087458157,3.3787022579502706,4.659557681422191,1.3543581916624525,5.095806318276639
99,16,18.524235544440643,1.4179801138663017,4.59566397095305,1.2591623044310225,4.60793369428841
99,17,22.10153403431954,1.7180058896416057,5.377796115917119,1.1647922638609307,4.367531528829834
99,18,22.54832277016252,1.7347194812130877,6.015882942357617,0.7979819603040337,3.2013807641643215
99,19,22.068646393498547,1.8064968717218755,5.190586888207717,1.1139675828779838,4.149584616232916
99,20,27.294473535235085,3.0281460463911527,5.709250807628968,1.0058166312468693,3.8648173814475917
99,21,31.047919168143473,1.5217794156743656,4.743716965573428,1.29158191100524,4.688467234379307
99,22,25.03825421243309,1.0887152683701526,5.579714035259942,1.0341825585758828,3.9344642328241517
99,23,25.20214375155597,0.9479995377232373,5.379054812360335,1.0952573856690808,3.9332339183374114
99,24,26.109452864301474,2.1577095804584014,5.050579334792798,1.2086623326781982,4.306623778958671
99,25,22.8442420816557,0.653504405252696,4.318148334518488,1.5027856611746078,5.073922730621783
99,26,27.325462062181217,1.839772025643082,5.209444717507771,1.098761659315545,4.105697839261754
99,27,25.20233567214805,2.0602990939482235,5.392221542132817,1.155661760666792,4.351248989553289
99,28,23.506919003525944,1.3354021658120523,5.245608331656454,0.9982294255181738,3.7822939421056634
99,29,23.960039454383114,0.7225171618360664,5.252522381543875,1.1380302245534262,3.9758848816262384
99,30,23.910277250481954,2.3086562642834156,5.482069648605262,1.0339493053734161,3.9700957230243907
99,31,31.146828527999126,1.896610042888845,5.200174473396353,1.023111370917941,3.953461356149815
100,0,25.084110568479485,7.513368143876012,5.492921166027214,1.1410410224005068,4.212362968349508
100,1,31.815627146725237,2.365047401150378,4.076813496704913,1.2449090035501547,3.997663393599552
100,2,37.91851065455495,1.4104480774816284,4.750122863366364,1.3376808530984814,4.780086326732736
100,3,22.965909370619237,0.45707648883618446,4.433249157690492,1.0329364588837535,3.533242169660465
100,4,26.11043014255761,2.3125698092691622,4.884242038559214,1.0197792581267198,3.6794777012444038
100,5,20.601227804739402,1.1349453778996148,4.699612656197974,1.4507538971209968,4.9864452050733
100,6,20.40289210756557,0.4131314058193485,4.6228592542577935,1.14854432372812,4.250149776434118
100,7,23.38912140953486,1.2691128472353979,4.8828233594915105,1.186680452765077,4.412505345720687
100,8,19.225258582002507,1.923257117946939,5.194063120058408,1.2786533138643028,4.70949598336999
100,9,24.049999771349114,2.5761658510466967,5.272852210268416,1.2018870276788878,4.452755363740143
100,10,32.15776440305994,6.750529591627551,4.8340758862559685,1.3965205496742872,5.428076979649242
100,11,32.130318680929356,5.184185752338632,4.781892126964425,1.3640368130571447,5.092693163328105
100,12,23.05133207095532,3.4026159238287788,5.114343370791611,0.6828736750146165,2.8141077272933113
100,13,19.755765111140885,2.0599388093182363,5.413623010295261,1.0615627745729146,4.145782477419754
100,14,34.27751112449353,7.35927311215296,5.106977147542866,1.1367474289026571,4.383819291727874
100,15,23.874430714981738,4.005860598132821,4.921799797019666,1.366602299502789,5.2584817791250655
100,16,16.671005585404195,1.421372650041341,4.964222512886234,1.1665227579552173,4.386450625522049
100,17,17.6743391284729,0.9366414229234801,5.560050134462045,1.1828212768219153,4.752780799178832
100,18,17.806439827536394,0.9986961219462375,5.913048550147209,0.8663237415986318,3.514262055906103
100,19,19.39916378459398,1.0818746077350334,5.470034426088907,1.114653480876365,4.339192613572347
100,20,27.630282870952513,2.0649595297410404,5.720162047504981,1.062141845206285,4.247146380869844
100,21,21.134097461990386,0.9572420815839818,4.979042130844988,1.2984501953772778,5.033523385730996
100,22,19.796338978817122,0.964716416605754,5.510169583526624,1.0455730972161694,4.11365249161968
100,23,17.62172144363395,0.3898690130123358,5.581722868489222,0.9548289624485315,3.759838099236361
100,24,18.293703024477345,1.2099190892213971,5.316513217415434,0.9823467206606127,3.7273417031451364
100,25,15.643624327548224,0.5247921656800453,4.616797006944483,1.2688572188167964,4.558248089053419
100,26,17.618553224591814,0.5123832926756967,5.432614876586751,0.9605993370547337,3.7366763932825697
100,27,19.36605166858273,1.0109428302160397,5.572148716102733,1.0840771053932627,4.093361222797105
100,28,20.18295937042854,0.5527281408147374,5.097074398230106,1.0882016989422585,4.169975544640816
100,29,26.268377872217478,0.667532231309931,5.471721100338183,1.015726139907846,3.8420756116083523
100,30,23.19147027172256,1.7350347563238526,5.586310028437021,0.9252706838564411,3.652127443231334
100,31,17.489804492402442,0.6706572146077893,5.078651957011457,1.0156911571222889,3.9348560194382705
101,0,18.502319933084145,5.124130579513758,5.613421804679254,1.040438549181106,3.7628984635681335
101,1,17.755509731691014,0.6354782857166611,4.685910554056652,1.053645528047924,3.7084190672603867
101,2,19.17052367795859,0.5934472587550987,4.392136884267486,1.465213785205691,5.244747683617629
101,3,15.372684761998812,0.27420374654085994,4.7691895786797724,0.8929795226719603,3.3084884647428
101,4,16.102575161237734,1.2591515833742024,4.761702714268958,0.9543824484805823,3.497704415509574
101,5,24.757542283451322,3.578004092538733,4.603445215765166,1.1603205016022038,3.9557395967542885
101,6,19.86229823070947,1.0856214405919398,4.41182627656082,0.9533807024481584,3.4752759103613187
101,7,22.91949082628182,2.756272508569503,4.347859421922043,0.947261988390026,3.408299098629055
101,8,31.779340589446402,5.954519564789167,5.145194498042725,1.0625550755782456,3.889084218546438
101,9,22.444484672534344,3.871021555339274,5.316450157542387,1.0033249548593108,3.794526552542904
101,10,21.106945725097923,2.6871107429293564,5.088399108153313,1.3075477008096161,4.979561030864731
101,11,21.811081592637752,1.7937681583332914,5.111808354243605,1.09098676847612,3.9960593107244526
101,12,13.012487121912145,0.9847181517362888,4.90308143842274,0.5355712898772769,2.35122862949793
101,13,20.59973325649635,2.705255611022488,5.096535149535182,1.1849687549042205,4.518242940899003
101,14,17.641810495700987,1.9922141856792213,4.500774218678184,1.1811328350089987,4.429664957490114
101,15,14.313179994211632,1.1853624872740984,4.647921105014649,1.2045740528180913,4.436682546957414
101,16,10.962439263259594,0.35352036564235956,4.5876914353878,1.076326798821201,4.012274178463063
101,17,16.074807218621974,0.7322330474558567,5.3513750892141925,1.1259236173497458,4.249597629669445
101,18,17.815823062901995,1.230012703487819,5.3904096295072765,0.8134145382630837,3.2619150100253465
101,19,15.05075984428942,0.691112858032262,5.12363316330857,1.1213379991120567,4.091653126253344
101,20,18.826756722118173,0.8020550352719039,5.525548388179354,0.9835289446108417,3.8132346488657447
101,21,21.857320039399603,0.7908778433550196,4.8274351613804365,1.2393948841850326,4.339201056523482
101,22,21.774611717939543,1.243029867553342,5.552145191039504,0.886005353426162,3.463187304583868
101,23,20.40669217581217,0.33678306663200874,5.4537689944052055,0.8637539029466303,3.2881839336030314
101,24,17.66540440582825,0.48701415442628543,5.075296963728771,0.9550188831462263,3.5245941590019365
101,25,16.44781272787904,0.32575549352725275,4.219973960317807,1.2902163919156528,4.368424988864627
101,26,19.312905712397587,0.479557245659981,5.1239680986096285,1.0271067437870691,3.761148980306831
101,27,16.769571171679857,0.4803574885551215,5.520066731699523,1.0474898680309552,3.97885512861531
101,28,15.541028132788384,0.26363229852239534,4.988040549456454,0.9452764651985293,3.57343952341114
101,29,19.500044616113065,0.21095651195493886,5.4004076478833865,0.8788903014010891,3.291544783057081
101,30,15.138467417446591,0.42568291532322067,5.391789788096551,0.8838613062968737,3.447643824015267
101,31,18.350066457578954,0.43436877628003673,4.518418489831324,0.804188801676677,3.136821357104156
102,0,14.056764163701162,2.4071202956578377,5.580295629210186,0.9777560127727565,3.510476683538707
102,1,25.793565089952182,1.2870620808590618,4.9233362367102895,0.9380904197438831,3.5364434608328192
102,2,33.978274818563946,1.5745917018118163,4.52762375817932,1.2819345068995407,4.5680416170434235
102,3,37.838084080865436,0.8610069212452504,5.42107344209409,0.8175492854055477,3.150670615627097
102,4,33.62874406255323,1.0688010368826375,5.169412250291324,0.8364744297938245,3.2156278274438628
102,5,24.05795125456944,1.3154835249075174,4.7184448214191805,1.0835530316964457,3.7942061243283183
102,6,19.91101149488299,0.3881408264329841,4.726505602134353,0.9279510671321365,3.4545142437547693
102,7,34.22970631823637,3.0421669040074852,4.888119410100357,0.7619958089593046,2.9122709941866467
102,8,30.251474262504743,3.5840272734855416,4.7774008941130575,0.9672477644818471,3.560503101637224
102,9,40.8647964395946,6.904236252691608,5.750992163135965,0.9066741258667825,3.4623658491278153
102,10,41.525867013934004,6.74664146605887,5.212292625467041,1.2347147510557344,4.7833315396735285
102,11,43.20531829054497,8.664178910290484,5.588919060383911,1.0498050349663517,4.048673055547731
102,12,31.18025209580024,3.1927937000419035,5.416873815322364,0.6625426062368458,2.6324518196286713
102,13,22.888552215148557,2.5651634131675953,5.899084554214391,0.9020772196515097,3.6233402775770136
102,14,44.715319473143424,11.232314541509762,5.458361957974729,1.0480257443932341,3.865445346583552
102,15,31.201793930884737,5.192747903032108,4.868787347715058,1.4298115940521026,5.39533934518129
102,16,17.699202687602835,1.275160894867826,4.508966944523458,1.3168854664081655,4.777364589146189
102,17,18.53794863374656,1.7642962965340794,5.125768356575641,1.3288341688883207,4.840671165087807
102,18,23.387921978588373,2.5903152459517926,5.674180927132006,0.8392756041125704,3.381116331365704
102,19,14.500198779796337,0.5427688841897569,5.016154817461081,1.1857233881914002,4.33410303441529
102,20,20.173313227444996,0.7662053506044856,5.41125916062444,1.1825798849273728,4.418514579842254
102,21,19.364772181425558,0.8546381011374995,4.792436857943714,1.3372227474779885,4.7433464306512025
102,22,21.207831065532297,1.584337793443099,5.5262296427523605,1.027936481864053,3.986180172743107
102,23,20.959274782968624,1.4855648797611987,5.238354022067933,1.1317363585551625,4.071619540210831
102,24,17.3675477603092,0.7954324359854577,4.906893782591563,1.2094897703295722,4.12942853261872
102,25,23.84213344709516,1.5191814175760727,4.35727940656843,1.582672250521866,5.399275272360714
102,26,21.540773882833108,1.9396673755481164,5.249630855645259,1.1598752835713393,4.154464964504694
102,27,16.988535609547867,0.9269429973215442,5.367280083279837,1.2570482258648017,4.5446127626226565
102,28,19.846855825146772,0.8950872785759951,5.2970692030184345,0.928315302114763,3.564578241532535
102,29,21.835202840037933,1.1188604131161786,5.814660796606104,0.9417440759086402,3.4819369391556525
102,30,24.36608574072074,2.3623826095134914,5.699335367693665,0.9436274063994929,3.7061792817279104
102,31,30.81969245694124,1.6366468074517195,5.3822941554763695,0.8958159688446283,3.5439179780867898
103,0,8.411875597191845,0.5558737845279789,5.749030542018387,0.9703412378543437,3.4657098324708384
103,1,28.75762234737048,0.20712468959648117,4.1239375480470555,1.1404250952135495,3.759673647526399
103,2,27.24844577035089,0.5630298133219125,4.160297003180416,1.4788343639927302,4.95838385971931
103,3,20.4446546866517,0.867515704730807,4.597751718148735,0.7309843154538518,2.7698145150565487
103,4,17.22343308605937,0.19137021293897422,4.640495764291204,0.9452304839095476,3.3536679351350567
103,5,16.692462567230585,1.3723013506585209,4.527073586534951,1.181201753232119,4.018298807109993
103,6,21.065814023476335,0.8621645230036263,4.343642714571834,1.2141606578219246,4.41676035355814
103,7,32.19288126885378,3.0154216045770283,4.173287632223168,1.114904304808162,3.8654576626470676
103,8,31.148559214027014,3.106894612552234,4.7040480196426895,1.3234388413027292,4.827972428928126
103,9,31.018114769646242,4.704575917822604,5.195457626093494,1.2627049798812866,4.706579430252877
103,10,33.42553608031345,3.9070946955087726,4.884870803366039,1.4376074690821756,5.644568425769616
103,11,35.399519168135484,6.259703635957884,4.983314105685107,1.4129417359515006,5.346925084167621
103,12,22.532022606641185,1.7147025291931133,5.475587629398864,0.6635028995650751,2.8068698213763947
103,13,21.52831251665353,2.5973809686881815,5.505106660305692,1.168210603631529,4.488360141134439
103,14,27.518284108817035,3.8172611640068483,5.164846568134668,1.3544804621773325,5.210257006387348
103,15,31.555374037317584,5.846132631800303,5.421694335811469,1.4087192328136053,5.684548695534981
103,16,24.611054154845206,3.374230373351465,4.9583705122356445,1.4726368614580316,5.470310214695978
103,17,22.992904175665753,3.0899486629616697,5.583853369725791,1.3275418779172163,5.179478229974669
103,18,36.43839471113152,5.613134949392008,5.95817048306872,1.1366443403009168,4.509056396493466
103,19,24.64687120152233,2.626804419056237,5.580064471174536,1.1473618879507042,4.435351337647435
103,20,28.007711825876136,2.6958398827156436,5.816549121289507,1.1951202522571345,4.564929883288454
103,21,29.63977503447828,1.9470014543881733,5.331310303684798,1.4648447654751777,5.538904168803298
103,22,24.93845617265071,1.9412386882881212,5.585578636410292,1.265152779394195,4.733459327213274
103,23,17.518352351900937,0.6335270636380113,5.405272820336717,1.3198725985550386,4.756947191132683
103,24,15.613118867557956,0.14324941126512947,5.110624278951267,1.3756634586286784,4.880649949687207
103,25,18.787824949573686,0.7822526215280949,4.540590881788642,1.6170692551597892,5.7403719597376455
103,26,22.045706552880368,1.722149177263827,5.442242032628175,1.3295683995345415,4.881146531201986
103,27,20.00005823267279,1.1038609522284641,5.5417205680951085,1.2498150729189756,4.439271693712818
103,28,27.65908700006302,2.5501957723206345,5.8979740991153315,0.9625073462798994,3.789145151764596
103,29,24.066519106445767,0.5711569229512852,5.884263095115272,1.0207632848983659,3.8049938649948665
103,30,19.800212439519136,1.1041110563338803,5.725698085521622,1.1303441853696663,4.26975974774085
103,31,24.759552765533243,0.6284122442541686,5.5106103908918325,1.055880883164459,4.111914513569837
104,0,9.527794964402004,1.0334901011921906,5.779761670335221,1.05219852810216,3.832562735054793
104,1,33.564948900904206,0.7723405890708881,4.720882808887906,1.2186617323275488,4.402092440763247
104,2,25.89713312861912,0.42907592068805533,5.176197362267517,1.3248261352062016,5.0400563980270245
104,3,21.60340244732346,0.8313858783237595,5.225069913313456,1.0161410711972625,3.742173181850621
104,4,28.340815209138192,1.704610580830425,5.4183473310537735,0.9969619316552976,3.694349824248059
104,5,20.758525650818868,2.2439534108468835,5.1260821856059575,1.2587396016678145,4.366458556882563
104,6,16.324474093259237,0.6689485256733941,4.73125964408772,1.0224453581774835,3.6767967491633713
104,7,23.516183831513978,1.7761931941407911,4.928325193070151,0.9833738981307478,3.5245494406629043
104,8,24.173912456569038,3.7181498780157414,5.429882840895267,1.186130886863567,4.508562494757156
104,9,18.871688813331637,1.4623335055204674,5.619165621145106,1.0847692607481596,4.112727216215537
104,10,31.994511070127327,4.878637551327227,5.4188560460664945,1.359943626070094,5.350948359199011
104,11,27.956544329824037,3.68155229883216,5.533275407961158,1.206777703611861,4.554679094215792
104,12,21.27873679584194,1.943843010441327,5.860585092415022,0.5214404572465297,2.4037067873908162
104,13,16.37927388247489,2.8167031835278458,5.903226751314783,0.9988940159185455,3.9212131445623166
104,14,23.216844757613767,2.5651251579142835,5.1707343760014055,1.1830522340454834,4.3576012791330445
104,15,25.11491842006647,2.775187259757809,5.406370918081888,1.2344345939017414,4.829631538861373
104,16,14.439706017243,0.9576395590328027,4.8777424391428,1.3851528460055906,4.991566510003671
104,17,18.898572734899446,1.7989552763923542,5.397982185737839,1.3283901145373722,4.907501556203489
104,18,19.67423173124811,2.937234660520911,5.458456054981582,1.1222791836249968,4.187015752765081
104,19,28.196593503291048,5.1620836327232595,5.406378176308168,1.2200295843589295,4.5773811060725595
104,20,36.94871188645696,8.042316589330355,5.330807075042759,1.3174322054466554,4.798770701957348
104,21,25.596915403738734,1.2001889307292901,5.235742704580342,1.350304740933299,5.055021193805865
104,22,17.19971208286154,0.9400119490765431,5.1959618854253,1.2472032615963258,4.527092332424496
104,23,19.175452197675867,0.3843955529775443,5.240751567656593,1.1823673918209483,4.232601221172058
104,24,18.66589655605266,0.6252442265788873,4.89364114942849,1.3215634946488128,4.609288708207911
104,25,15.334489786166507,0.15722340718458988,4.554927553512309,1.5117847441986125,5.29003717012979
104,26,21.53384188567678,1.4699163869960346,5.517546114828772,1.2386852567471553,4.502132666325197
104,27,21.597426533884402,1.1972000233178537,5.4462495014519385,1.2150824621385299,4.3481846367946195
104,28,14.312632487858185,0.22537931794565336,5.475900264248432,0.8541845859096009,3.302347446199923
104,29,17.66112902283934,0.07319567780990702,5.820914616119343,0.9653006697161635,3.4766804699330933
104,30,20.240884388900483,1.334655245565835,5.876833409874996,0.9882163800691073,3.7388460210621064
104,31,20.631494828077052,1.1503922225220937,5.513306945900757,0.9269142731802411,3.5193676360596484
105,0,8.149367068132822,0.5148029815468824,5.755251096150736,1.030574263027498,3.739326710404602
105,1,19.18100991419994,0.3547509309538027,4.555763404582889,1.023226036694151,3.691924808335813
105,2,33.560095479802634,0.8109290330117137,4.6159481452551185,1.2689195392768857,4.375876678494238
105,3,31.314058479891663,1.662928189712834,5.63734006676469,0.7786419976691166,3.0815409729818737
105,4,25.600579816834824,0.7417681933054663,5.486562157146577,0.9469724045916612,3.5725426710122745
105,5,31.189181639640186,2.3187382546132933,5.107596896625257,1.1593273819487813,3.955006336832258
105,6,42.57774369706499,4.804278732212525,4.977680344243375,1.2733174047862637,4.616422742701126
105,7,37.53999068099748,4.620178528795101,4.895986574223777,1.06863742828976,3.740712913836946
105,8,38.31478549452885,5.995885579372801,5.065590934980056,1.2653881745654711,4.515412561154081
105,9,25.434512339333494,2.4285616065625706,5.079298354098713,1.2669240488426237,4.633720207003247
105,10,28.395841617375805,1.7437068182020155,5.068129489385353,1.2922755109003035,4.875064413367754
105,11,19.983230083858274,0.49104168381571717,5.3955107656593775,1.193836603570288,4.386243491115279
105,12,17.155856510688494,0.8208884952966997,4.877640013754773,0.5280015909708808,2.286449101256827
105,13,25.099663296661284,3.903823095384295,5.268539703559613,1.0083007463291978,3.780920369536625
105,14,16.32531687949162,1.169476327648452,4.48915051658779,1.0887846574014173,3.7935364724001723
105,15,16.061571798548112,0.436268874355374,4.609461736102039,1.4008621908970698,5.141308842672278
105,16,17.149630637744995,0.5377155554027753,4.212251249606032,1.314573206005134,4.399509245805612
105,17,12.098234674153815,0.23303717025129894,4.814945638955802,1.3874117637076013,4.907670784837446
105,18,17.688288446161604,1.0702268973853382,5.236466338694049,1.1030968611849685,4.042862608433423
105,19,16.129535573915422,0.6013515420950635,5.106845360181518,1.216165462422122,4.492638304601199
105,20,13.181422223456435,0.17872872940528778,5.037398395313008,1.3092217490634912,4.698741783273454
105,21,13.193461587052461,0.1024516637871241,4.84500992835283,1.2989115548105783,4.622632624272495
105,22,13.119036135641164,0.20202514479864575,4.6900482187918175,1.3208203216060124,4.711461208412218
105,23,17.75671741757163,0.24781231138328552,4.892794777739071,1.191603109826005,4.142451752470725
105,24,15.059781597768065,0.20749970693043226,4.822752429760504,1.2737540733629409,4.322498887894107
105,25,16.224985821807465,0.14539794262695332,4.266073050345765,1.4116520173806002,4.722821073985854
105,26,20.197438321712042,0.44730299042808597,5.010435686430444,1.2898146248198055,4.472150053248699
105,27,14.831609739257008,0.367852592215367,5.160507469912462,1.2158278443779107,4.141046940599158
105,28,15.1668629056355,0.2127238853259451,4.753553519434718,0.8151699669284174,3.1414569693080887
105,29,16.977576378797885,0.1648154196492918,5.499572609169357,0.901218373200459,3.397433335136773
105,30,13.533900833322749,0.26652577730622373,5.401826524810838,0.9785718331903484,3.6220137686312834
105,31,16.445694359185147,0.3086237796396589,5.319808040276689,0.8702480195399822,3.350278750559693
106,0,12.894516519257667,2.070207273570081,5.480535001929461,1.1453363753074566,3.9863399126722263
106,1,17.35903520458412,0.40762724138923573,3.8624176364841034,1.1551917046926823,3.764432954389344
106,2,29.285121076868606,0.6810498874047439,3.9640631034609712,1.3956459190108403,4.698391968117712
106,3,22.80662114935963,1.4115580550527491,4.848171688499679,0.8108264753121137,3.0747344592831616
106,4,23.648199059485965,1.2121868446693493,4.790441997277098,1.031266331989241,3.6404900277305994
106,5,18.718402443392833,1.2051273651805596,4.566528077002607,1.356742435324275,4.4453627604442065
106,6,15.680701674173454,0.3959079468792222,4.4302399964964785,1.2459225643031662,4.429979158298355
106,7,18.496745504257945,1.0843854107283053,4.701719032172077,1.1237868423544022,3.9570603018251482
106,8,17.069763812335694,1.2121948180748112,4.738310570364556,1.4067908970057523,5.187360746765027
106,9,15.83171037457268,1.032393734463808,5.001299505592546,1.3251402504376921,4.9402327147719145
106,10,18.232985955945033,0.772855305544031,4.939807602220181,1.4677061248774237,5.70926889481659
106,11,23.563589381613106,1.9495197007970129,5.073121397412473,1.3201382455947508,4.797679500783866
106,12,14.818009257569795,0.8154844874248806,4.8926345002349345,0.5897999920271433,2.525185741282872
106,13,11.52613436666596,0.13498322591101536,5.370674114344904,1.0224861954864526,3.90392071414926
106,14,13.851758807110453,0.7151627457697123,4.6267698799849075,1.0629967333060053,3.892467115062791
106,15,13.805345782279778,1.2155273384857708,4.889166907770777,1.302587525044343,5.024053644778997
106,16,12.479498606378662,0.7356263984148124,4.265699929504695,1.3462049593247265,4.8266214686724425
106,17,9.724760099458829,0.029966681800416353,4.809745332386587,1.3406731664337004,4.728939562995373
106,18,18.46980810550638,0.5823138167722086,5.291692913309303,1.1122710520894312,4.140790368376438
106,19,15.722755101491721,0.48703640380819346,5.216726876747798,1.1757314270326553,4.33604283110884
106,20,13.5765874886855,0.1044555954318187,5.208659919868247,1.2598660786463167,4.631827660626465
106,21,18.33037057227979,0.25955961480247547,4.762415038973875,1.3658032598234149,4.940469579118564
106,22,15.33840192334003,0.7826429990070636,4.995852016980361,1.2835459731147791,4.683054916166755
106,23,17.903888696453045,0.39000242959807063,5.124961626227428,1.165743312633925,4.22804221552153
106,24,10.15209859240112,0.03929769179754865,4.869333260267492,1.3346403281484385,4.515378045625824
106,25,10.405208746065846,0.0305086112061169,4.261027591791232,1.5143121820388101,5.230430043617353
106,26,16.907424932308523,0.4964445169853836,5.172779704004165,1.2283060290310868,4.500357951313986
106,27,10.227771367319043,0.028046162314244446,5.011651640065228,1.25909652410105,4.3194686982724715
106,28,18.763218760832395,1.2018279036700588,4.541155670468921,0.8051953825147837,3.1064386031853823
106,29,15.009995355876352,0.5519514158521704,5.189072221535066,0.8651493204128871,3.2518687089597336
106,30,13.150571009418059,0.4694253473712655,5.048059259967542,1.1037948139469504,3.970904194454843
106,31,15.472264139697348,0.5329772983510619,4.7271583385800575,1.0380310244779904,3.744641548614185
107,0,10.531287336109243,1.4784966536140445,5.497473582517859,1.040947151403179,3.759526014330188
107,1,19.714073255701315,0.7109901868403398,4.542748270397757,1.1380753905802052,4.037878162902336
107,2,23.323651357008345,0.3569561435966873,4.03733779274537,1.2807092033872811,4.164900517301818
107,3,23.241251942214227,1.7242656747320013,5.2633406707866675,0.8344596571328058,3.2052126020332374
107,4,18.51265566816029,1.6092128142542406,5.043999993065401,1.0620405911303008,3.794012381719902
107,5,11.72654320992519,0.11940254371434723,4.402189332203756,1.290827162803537,4.01096447119626
107,6,17.100578074129828,1.2055923010540794,4.516914919282758,1.2160477099701241,4.317991736819677
107,7,18.28438516968952,1.3889216761629237,4.6946977207225835,1.1350219345393153,3.971082748508597
107,8,11.17191640124809,0.526461217286504,4.695462894585878,1.3698731020257089,4.813269817697042
107,9,13.656335142378492,0.6232632211877298,4.891394792402474,1.2413859941083674,4.563543453536082
107,10,18.982673510758453,0.9837494619198348,4.660914364009454,1.376809356913597,5.160541781954918
107,11,22.654259267318913,1.1362140583328353,5.203351008825089,1.184394507732521,4.345531692140702
107,12,17.404855810773082,0.7732665949659829,4.705515765741711,0.5817303962891671,2.449995584331706
107,13,13.918942277416267,0.7359523036650055,5.242009737376299,0.9474017006126347,3.5743867477785445
107,14,11.15273258436434,0.26988644171336457,4.343572600847801,1.1896928647311862,4.139529231314672
107,15,14.587981733314113,0.8961288318793219,4.669338162844445,1.387228641781424,5.026873047514865
107,16,18.289602677585457,1.5162178656485263,4.380930515883832,1.3547841908322074,4.618292447392778
107,17,14.191355519745489,0.8476103482428727,5.183939198088187,1.2252870514174248,4.366407981590568
107,18,9.889615920970519,0.18994428172779018,5.342795664302224,1.0493066941394673,3.8546630153695753
107,19,14.986259323830579,0.5115013254557808,5.191730816779477,1.2362203277313828,4.41415148681584
107,20,12.931033479965134,0.1935931905579404,5.072433773582549,1.2445686082982492,4.417894292596318
107,21,18.391774923441673,0.34020909938363375,4.704954070791745,1.397430436415621,5.004507923114256
107,22,13.607248245851261,0.15595996357842007,4.822528623003169,1.2878255189194627,4.5057835934289985
107,23,15.042720533450268,0.3087808580101435,5.075302809717573,1.1706831552954098,4.061339231872858
107,24,10.013882812859547,0.061208466612016725,5.050324435789346,1.226111527936328,4.173241538110133
107,25,14.104979492514637,0.03121725321621649,4.324138421639907,1.5945970503788978,5.513990280463252
107,26,18.323417998725205,0.8667544874801822,5.319848268314866,1.290607195374494,4.587613805907543
107,27,15.37189931839313,0.25745073814387337,5.328345210304371,1.1751687370412922,4.027925355754591
107,28,22.395535162501343,2.2840213438466,5.161527076277576,0.866833945157703,3.33582134200471
107,29,17.95570794182442,0.2766988994318367,5.431249759563311,0.9478246593009203,3.4640972931369745
107,30,18.190608261654816,0.9021867114287209,5.0592644756707505,1.1051215792824722,3.935141555177716
107,31,16.743926820410223,0.6448963370567704,5.180165740312313,1.0118937273617519,3.6807346991865946
108,0,7.826184506413544,1.3187780065787185,5.604345502544443,1.0431871069927992,3.713264629031198
108,1,12.63377960109144,0.14483844220771463,4.448027730204316,1.0651350143286926,3.721045751758273
108,2,10.687428730562775,0.035344652910397366,3.893910837758498,1.4192160486739676,4.554243558828092
108,3,13.994206528709878,0.18027324226214153,5.232812621761127,0.8172478544081283,3.1324608434292744
108,4,12.889070443127924,0.30575987610728994,5.1138756198333954,1.033817205203169,3.617430543495921
108,5,9.489949695755548,0.16557740046677674,4.571097994366427,1.294067341801858,4.175339179746684
108,6,15.63995780443509,0.79668567766562,4.557603508549176,1.292893749428436,4.541691220307604
108,7,14.6864966179308,0.6560994388351107,4.71404478479986,1.0898753937270156,3.7155620560637375
108,8,12.668628283684662,0.3021116583534657,4.787560823569199,1.3400751608497838,4.839848840004026
108,9,8.591628976896583,0.022008072891332837,5.028872537937483,1.1604579986612924,4.400574850923547
108,10,10.241875060442261,0.10118280908526775,4.787441224526792,1.3954559654312586,5.245197248699405
108,11,11.185814147224036,0.11169625749567806,5.388018532611034,1.0816654547654005,3.9459997596516474
108,12,10.13237940642644,0.0,4.6401467850642355,0.5756227549143738,2.3983676390196855
108,13,6.030570951143213,0.0010081734379700227,5.136503331246638,0.9524080166571247,3.6006054025668774
108,14,9.955193161026159,0.2388551772579723,4.651696580581095,1.0768513071938353,3.7833653580413813
108,15,7.820572017542423,0.1279976327118359,4.621960206850941,1.4490156488514376,5.212807730311328
108,16,6.224076317135606,0.09041022518419833,4.168166030865583,1.3230167675141713,4.505873085881501
108,17,9.036927714443483,0.14121965301570907,4.774446364863145,1.3609894641139277,4.725840535685911
108,18,7.677162326963629,0.0,5.149276285963825,1.0787214461292658,3.911149858411471
108,19,9.634493467366342,0.06672444183112654,5.024608922091636,1.2609703834371198,4.5047170594667705
108,20,8.644009742206125,0.08694198257456878,4.9782670976365795,1.273426546882681,4.556661695460469
108,21,12.295348025129227,0.19396971568372137,4.681186594982007,1.3816555885559563,4.953894465303661
108,22,10.412565640241445,0.37344509783677976,4.633986899069551,1.3083281172545416,4.555320595869338
108,23,13.251688254542216,0.202162853456713,4.970782403400573,1.2373057005681636,4.252046185851274
108,24,7.923116872159083,0.09645946845266021,4.868718668063323,1.255839442433155,4.166490518647495
108,25,15.16735395766772,1.2091599547659215,4.16939164833893,1.5829995923279654,5.264335820911056
108,26,16.29252547365286,0.49297419547259047,5.2597663243431745,1.2441212960339856,4.350107765237388
108,27,12.333159768930521,0.4102273794244098,5.368514287077472,1.21655269894113,4.206019784098722
108,28,18.570935050800475,1.1000085719123291,4.9371415967478125,0.8749435226070954,3.3233952386990286
108,29,12.802847964830836,0.11026557965110603,5.230147474929362,1.0540496206907184,3.6505004490533306
108,30,15.712621066745253,0.7993485533894809,4.953755263849759,1.1375547305242089,4.035393922812432
108,31,12.146242366489181,0.2740634812435883,5.191503414648123,0.9520648672165661,3.509667239677657
109,0,13.673440388487851,0.9655923473865141,5.3310820148136955,1.208915182273163,4.049115251358981
109,1,9.169613321984883,0.0733640891609131,4.342188117549579,0.9752707384512416,3.3502051657645597
109,2,12.367876452688861,0.08455590919283887,4.074669806962767,1.3523895563582178,4.429847485575533
109,3,9.324199474366157,0.11619600961448814,4.7319337665066,0.9216838241647034,3.320713295435867
109,4,10.11414091064882,0.16499566034462737,5.206419048207577,0.9861569279724929,3.4786256440358683
109,5,8.531121809804063,0.23543402095406835,4.602337002643313,1.2646995443487103,4.013374349158705
109,6,8.532121487821296,0.14680424878207887,4.516297739542578,1.280906631545827,4.5241201470076815
109,7,9.96601831792216,0.0680704235722734,4.622838562447919,1.1022418856063325,3.8053717949520944
109,8,8.522334255925504,0.10073965318706732,4.59054151335691,1.3769333783976716,4.898872924732758
109,9,10.529116147854591,0.48044718005061404,5.037707111639094,1.134773498185413,4.116200824805817
109,10,14.410685844359516,0.8800888561014131,4.684626284206505,1.3642404939124635,5.031040062825121
109,11,14.8390416713696,0.5537780830837621,5.313764182869917,1.0505905587697333,3.7469880762991323
109,12,9.025567043677524,0.28234092254035026,4.6698690064354,0.5019752460797884,2.2181983182389273
109,13,8.29528235683853,0.09431919492558784,5.3914275952657515,0.9579692743195531,3.6278663512261096
109,14,16.254632125785253,1.6303344987371982,4.820728954317225,1.146911317262889,4.120548924919513
109,15,13.471471848150284,1.1982165194998422,4.790139415300009,1.2955553349797713,4.658649400323274
109,16,6.840357281735184,0.07560750703068134,4.152071288245517,1.3260982913490373,4.550978348406536
109,17,10.708695689967666,0.44552022101351024,4.926076106993261,1.2969151611258702,4.556869414404499
109,18,12.716979025168062,0.19641023721714188,5.691261126497926,0.9846788082524149,3.67675066870939
109,19,11.128161346200418,0.29465658077052664,5.110009172158419,1.2077694055066681,4.344514545036395
109,20,11.043029615825999,0.12230482361768057,4.811826949509387,1.3433159692322167,4.762403532282241
109,21,10.680238224970905,0.05771020340367953,4.9289771447430155,1.3284153663050846,4.750956006636132
109,22,10.681090582766984,0.2748652041926948,4.8117601791131035,1.259616073125807,4.416252166442918
109,23,12.011006509710466,0.31647152836143816,4.930577261630469,1.237283715643783,4.2179031724481755
109,24,8.078554996279042,0.04820275962123914,4.648785734080182,1.3404639791311057,4.462712497105873
109,25,9.691146639977884,0.009656095678399455,4.294193912265674,1.5226891466304702,5.051437230452491
109,26,9.756806679785164,0.015443568341206939,5.293323459250436,1.2022846814323263,4.232298701120354
109,27,10.471620563432332,0.0956915504660174,4.813319684027915,1.3073212262718217,4.381850535228929
109,28,12.250650303271799,0.18051345731429366,4.6426925053852575,0.7852754912287931,3.0304900582070227
109,29,11.199665621257868,0.14893330887002415,5.299797204001985,0.9787996635019223,3.5404296724120874
109,30,11.818695766580818,0.5196942474832094,4.510395879924344,1.0632112490424017,3.669034257432104
109,31,12.92283475683303,0.2588246425804472,4.865159778720439,0.9285489315746256,3.4200708179264145
110,0,14.458687318605278,3.594598276169827,5.733435457776553,1.0392822079910005,3.7520558694311195
110,1,13.301223801232883,0.20579622112539964,4.42481348365293,1.100558538460417,3.7080626671199797
110,2,9.769614386132668,0.04392191674119073,3.9167158690753707,1.4388247334546236,4.696831541574501
110,3,13.91644904823046,0.1406821333330133,4.739636072810983,0.832478713565143,3.091210701148295
110,4,13.459674935012089,0.6604573562711644,4.986728225474502,0.9983867139090181,3.483562691835986
110,5,10.564979074315932,0.13220206361221973,4.73438229242597,1.261858830898853,4.162279646430285
110,6,14.159625734322466,0.37682997732048784,4.725036956728543,1.195949919816722,4.253226863276416
110,7,18.454674337041325,1.356081959865865,4.729305879760977,1.024158325952583,3.5161236416770962
110,8,16.659045949082735,1.3479878025361964,5.129741611337851,1.3125174007374136,4.759696004673852
110,9,14.243284723034401,1.5123040527557061,5.2430269375549035,1.1646957163618694,4.342803182601073
110,10,10.454850904941601,0.2787100196066746,4.702031077143911,1.4224247181066376,5.322639521582292
110,11,12.94060947459279,0.1116743797261443,5.529385010474542,1.0693661544630366,4.009584987361185
110,12,10.080252925335309,0.23762921626996963,4.793446797927883,0.5949079948493496,2.4526776537407335
110,13,7.644378659891774,0.24929943439591148,5.390715493344365,0.9992490228336273,3.857745798651533
110,14,16.850969164484376,1.6177933944365228,4.6716787554721915,1.0484365309902621,3.6397358130705264
110,15,10.784351885509174,0.5918935035404254,4.5498415796379,1.4171292523005041,5.119595929129694
110,16,9.578106110713904,0.2672546912769247,4.110394086863774,1.327301038612294,4.499966060920209
110,17,10.304247999432176,0.44818167942308484,5.07556451536178,1.2571664924764336,4.483223050712602
110,18,10.39334691007637,0.09239198292604706,5.50399499116496,0.98405678398876,3.6916020729329313
110,19,12.449265676246032,0.393043104777012,5.073965208612036,1.2284884507932547,4.43667117440365
110,20,13.361272291830627,0.6057332571907252,4.86209163790605,1.3136887959112915,4.76800803359516
110,21,12.948290026391437,0.5930820534094126,4.866013012070637,1.392054968867268,5.11846671326165
110,22,11.873277356730346,0.200168010242145,4.441660873613387,1.3601720356844451,4.629377590198298
110,23,10.720867623132772,0.12374950912436262,5.104943342330706,1.2806769003950356,4.5477948068461
110,24,6.657583640785748,0.016681430043473645,4.645499481065387,1.3139085550140495,4.339559992741811
110,25,10.144537737783402,0.03793950337362345,4.198246318372547,1.6182345044213857,5.515926301632652
110,26,10.870362775076822,0.07381168369401415,4.844575618376938,1.3521686415846839,4.694528488904449
110,27,12.305167305296703,0.1913369822732961,4.9746033712372055,1.3073182769962104,4.4412934070347045
110,28,13.355403008101787,0.5356925456936199,4.700960228973401,0.917057792700116,3.412530595128329
110,29,12.266008927716198,0.3136374696474281,5.265193054583726,1.0287011748294281,3.7216381622799335
110,30,15.37964259013047,1.2034283387053188,4.727403977123575,1.1934945603198024,4.173409990999979
110,31,13.093701348430455,0.3008943974799816,5.220519601390098,0.9250188974780649,3.546994516533804
111,0,5.441479838740047,0.23264433985681637,5.815878135693874,1.0024596210610373,3.561804706745615
111,1,12.189004518943904,0.04267874505848477,4.656649627780948,0.9986623405613893,3.5322739145920696
111,2,9.726033661518155,0.07195790195948133,3.907720826271368,1.3497194620059654,4.321365759304412
111,3,16.145860972388327,0.26057834086515197,4.92826967850606,0.8468414982266177,3.1042877353585405
111,4,9.117899060332174,0.014529340276280524,4.917331496539193,1.1007212561063753,3.7780771124757053
111,5,9.969171492057873,0.4118811035407918,4.449567783087291,1.2909212329538047,4.0141501841471685
111,6,13.212331881507678,0.6801307290261638,4.712568485758631,1.2496087994308347,4.4069532112058
111,7,12.113563805510172,0.33948609868206775,4.776658637064395,1.0556016814675262,3.6972831614738433
111,8,12.09885498668546,0.6816684642345,4.7858362219925725,1.3302840457769625,4.774701546187657
111,9,10.126724579138688,0.5660698382904312,5.05984471421224,1.1971290189278845,4.455163264968411
111,10,10.638965783649049,0.4207661917274972,4.4503154960044515,1.4673547638846731,5.315495556027011
111,11,8.388789935131351,0.0,5.322013394333736,1.1439848056362942,4.249935127886135
111,12,7.597805414806435,0.21280031441839203,4.554604034653893,0.5769093233174569,2.392019837680617
111,13,7.906296720833874,0.35542757502729483,5.002296970322699,1.0595552174554914,4.007047400325249
111,14,10.627065751723247,0.3304007222235722,4.567066469925516,1.1159836529760243,3.978629072640814
111,15,7.983363742828038,0.2908024611000778,4.451475432229753,1.4345516327191188,5.366988698741497
111,16,8.56234526892337,0.4609155769105898,3.9779737445030463,1.3554766897100583,4.593871723067127
111,17,9.192259386630553,0.40285994253513435,5.0881180279223654,1.3263604396280995,4.709453756427005
111,18,8.200374937585542,0.031427894459071404,5.548210175167814,1.0455113899355464,4.0061798956394465
111,19,10.003030578479805,0.30173028054805273,5.163092520508396,1.1887243471369624,4.2974968375052525
111,20,9.163318299134264,0.08030552921479986,4.741983326391752,1.4225492380822828,5.072568623045092
111,21,12.960112335008834,0.45135109446779786,5.097654657718593,1.4510043220895819,5.422426111631589
111,22,10.509954097070164,0.14159335633582887,5.0529591576351365,1.2162376115922395,4.411091020634896
111,23,9.233231922476207,0.1822625930374033,5.3227123219429435,1.1885868680850455,4.316281473039824
111,24,9.793747840809752,0.07042176261038813,4.8852432974642,1.2646310967857834,4.287842394376549
111,25,11.458121857223974,0.3916530142613465,4.347116977638388,1.6199493215068372,5.654370551396278
111,26,11.804724185655783,0.10166194279858955,5.021652268450363,1.2612271826642614,4.417109973593376
111,27,12.357355753943537,0.17454016509188336,5.2916877984902335,1.2892076553678908,4.533994552381431
111,28,14.77254976304804,1.0730855656513785,4.834276702450937,0.9442467226735092,3.6001442585884185
111,29,17.968412183147436,0.38802084709606444,5.393116416789143,1.0716766790978323,3.8146732169588113
111,30,11.553984753837046,0.5989169505619029,5.0292150286166795,1.1591118941443046,4.158870598891157
111,31,14.959260169603576,0.5162545859829917,5.25297291280522,0.9918425979151255,3.7769853233531845
112,0,7.972740309452462,0.7998240146940134,5.824838675178062,1.0172678024184902,3.5903049346788722
112,1,19.251134470498393,0.4190560348313228,5.048483565873008,1.0681401007452784,3.9832696902249194
112,2,9.418848134587314,0.07948127162254225,3.996479534129501,1.5393539156951443,5.13559022395061
112,3,12.034605062276999,0.16580934941636039,5.165672023401443,0.8304650554897046,3.093500357918551
112,4,13.522131435029047,0.8665605339449878,5.09024953585712,1.0976651623914275,3.8362308449800038
112,5,9.763732476727672,0.2479294387099281,4.988887860838685,1.1686226673098616,3.879459461575547
112,6,9.797405423406158,0.13183016944602588,4.983237544485142,1.2050957067962846,4.272426997218867
112,7,12.769139550766461,0.5209554641774545,4.910928341603562,1.0408381064445447,3.684433171685298
112,8,18.36027254696876,2.695084625942238,5.062333251104361,1.2237224215670324,4.473078318733199
112,9,12.573477225974226,0.8434719835019793,5.344537164551619,1.0915996266199492,4.146351107179122
112,10,15.837499167457777,1.6525281966995502,4.691359545176285,1.481817222986308,5.538634201323389
112,11,17.56111041647813,1.2267573465795774,5.523986743791262,1.045573854784231,3.9484806506497474
112,12,13.987288040864872,1.2721732021359926,4.91127664827759,0.6739825416371774,2.7461338178274906
112,13,13.218358767198858,1.4562888854824847,5.30215347199133,1.0765284617697803,4.116818430848541
112,14,11.601988847846366,0.9857366330606381,4.739972933784995,1.1849609599909057,4.287544694813409
112,15,15.254429699362088,2.4296636732745815,4.882807939143756,1.4888814881138774,5.770599743951363
112,16,11.704046609709494,1.438020804255413,4.267944049072267,1.487851669345437,5.266028548093112
112,17,10.926263046521086,0.6099761461337612,5.139051661565719,1.454871700809452,5.329287283076029
112,18,14.428139008033924,1.0379687909747823,5.588772321483033,1.1311179383174856,4.261226404109575
112,19,12.820804091632745,0.576337163184444,5.253446023124212,1.2766084630576078,4.768494207475312
112,20,11.21695917150663,0.17034462479238224,4.967332893654836,1.4941803926158865,5.435559374620732
112,21,15.583608229703623,1.064196022079146,5.337850489275939,1.4435940059804357,5.506130153455408
112,22,12.951071909374019,1.043639860238314,5.233920814281019,1.3607697341943172,5.132975078979247
112,23,13.330803485147829,0.19264401169323292,5.2524021775633365,1.4022780489649538,5.153684324076635
112,24,9.825276994394168,0.10407668100707862,4.986364750914339,1.4081735066965306,4.862176238121476
112,25,16.781463359486697,0.6790311400625353,4.557726791634764,1.6377000244393924,5.712809704162554
112,26,15.422071654985738,0.6747743402055397,5.201115928211015,1.3910789431229729,4.992640014084384
112,27,14.316949138169424,0.4561477360920221,5.669902935106297,1.1590529485543968,4.142274219351766
112,28,16.727455031518492,0.8531702184827659,5.114327426725108,0.9809224937557639,3.7607910560997873
112,29,18.091383782768578,0.5661253663340488,5.521390695536249,1.0843719608082125,3.9650408088482676
112,30,15.087143182121542,1.0444917873885085,5.563560092983163,1.126825424305956,4.298666283012094
112,31,19.281361126983654,0.8018232001394294,5.60515914187791,1.0887776012269788,4.219505999885788
113,0,9.835742103558607,1.4415077637635267,5.672480936116084,1.058772478422079,3.707657370364716
113,1,13.302458881462927,0.19657807242499792,4.479260820604701,1.1589300859345144,3.9575089676049635
113,2,9.682097484317618,0.06823837018158274,4.174399833106503,1.3469685955531894,4.396059403461281
113,3,13.969003616151985,0.4159137128628956,4.670865437337421,0.8755417915660741,3.1190534068833693
113,4,16.790610642040743,1.1917803618802856,4.870598472644193,1.235960422140261,4.21548537135487
113,5,14.255089987693962,1.6242891147623957,4.888786863137675,1.3050393152552466,4.221822824179293
113,6,10.674461521091711,0.30424761935793837,4.790852326970933,1.2420676528086103,4.32729598108307
113,7,14.23461621019764,0.7420642209538335,4.5285200868654165,1.0655530382965832,3.5528726211992767
113,8,15.80340716936094,1.19373348282509,4.9977621623470885,1.3176626481620044,4.623819849282136
113,9,14.792563604358984,1.2520505620053783,5.089004128284596,1.209294720620587,4.358696759389264
113,10,13.369133428764197,0.45537705347708435,4.550345940574802,1.490768404663826,5.47523735829975
113,11,21.889376905535478,2.998899255639649,5.3655063295614465,1.0891798523622942,3.921608427694012
113,12,11.764034741603744,0.5917589976979866,4.813225814076635,0.5197031800858856,2.2896029503597473
113,13,15.330711613288784,2.596316982835833,4.962383021607763,0.9020810840511455,3.343140598376071
113,14,10.514338372411725,0.7162256063035574,4.688608185299195,1.020923262942409,3.669834350110605
113,15,21.03626285464525,3.6852347803623164,4.759539103249715,1.2727408824206492,4.576026274241364
113,16,11.595885293475604,1.3188349104630184,4.2672659833893025,1.3170152451232884,4.487730048966882
113,17,14.075541794282522,0.7902794259332431,5.208749722608464,1.2319153333243476,4.393821981068411
113,18,16.92043465912626,1.2076429113703424,5.395040870188456,1.0778309589097628,3.9560354367680945
113,19,20.296386634883596,1.6066428899233665,5.092848383131152,1.189160583646852,4.256569502394416
113,20,18.04453041456616,1.2132823491593707,4.92262600654203,1.2830730469538238,4.413850480857368
113,21,21.10562978231603,1.553840049878487,5.370483995572167,1.2828887572856091,4.770214782077862
113,22,16.872535438475907,1.2479522337935522,5.3829694234021135,1.2366454371728288,4.4707800571944745
113,23,22.73700641838831,1.1384055675511986,5.712728076068121,1.088205411482491,4.1021640268854975
113,24,16.030214365687954,0.6180905923395348,5.173047901410371,1.266256083641272,4.429665298360198
113,25,20.82982476609675,0.7815566057273443,4.9397997520314165,1.4798889769077297,5.336301362940724
113,26,21.940019187544728,1.465155615908372,5.740917012999141,1.1467341053439952,4.236007231293346
113,27,13.57632769616151,0.5755056243664795,5.455240236171889,1.2107721714273634,4.305663559198626
113,28,22.346918644551227,1.5920553797308419,5.653653250500669,0.7951710014798223,3.179240154525235
113,29,21.843672773272782,0.5188214526831378,5.7711387380893395,0.9256635403602553,3.470750010986886
113,30,16.292390289392337,1.35560353910859,5.967669471518074,0.9313764459773202,3.5377301386415927
113,31,18.48160268508168,0.9676349357131067,5.630347996600441,0.8866389806248458,3.4377591170489805
114,0,11.4803321140881,2.709077389907497,5.867006668589809,0.9611630606259478,3.4847504148125314
114,1,24.876410820483365,0.6803492598756762,4.612410964728493,1.051028483687924,3.766774773409015
114,2,23.93885390440147,0.5674503003053151,4.110153115209693,1.3996384006031048,4.462365048220719
114,3,28.182379190396446,0.9397701583728161,5.160899684644418,0.8638618390969199,3.282894611497526
114,4,25.02297408235303,1.8728313701139498,5.14095930472359,1.0111205603058844,3.5693508567629526
114,5,14.469821829440777,0.8206553640947194,4.8623075169527805,1.2273179461165693,4.087188960931301
114,6,25.519870188269344,2.2891035777839863,4.854899358732151,1.1759939680675924,4.1311414962670145
114,7,28.678483158978935,2.3711151424873673,4.855427363291202,1.0568719469952672,3.721832112842391
114,8,16.90922874457569,1.2745639137783549,5.338672962593804,1.1487471009518684,4.228323445566044
114,9,18.51008368714748,2.3408391265729547,5.198797250045683,1.193214631851415,4.432045188437568
114,10,25.249930595388278,3.97856872704598,4.73428311876493,1.339525679967137,5.044948346511303
114,11,22.503815504045516,2.6344053862052474,5.199845815091092,1.0105211249697303,3.70423904187716
114,12,21.321751099254904,2.793158526330979,4.783249951571982,0.6371687711625835,2.615580133200421
114,13,12.994842929514643,1.461516342144518,5.20504941855067,0.9295771711986598,3.4955630459135465
114,14,14.252190793292364,1.4419728486842716,4.717579586255977,0.9340544951644993,3.421748502955859
114,15,12.7310468779806,0.9797737906037038,4.81289879759608,1.3222871374449214,4.734748472726054
114,16,12.41953038503231,0.8710656753298809,4.479221050982736,1.1907840825043126,4.2000679784673345
114,17,11.82939398139882,0.9835380979574269,5.0494894125211305,1.149539316697049,4.096875272874877
114,18,12.796725254764588,0.39750132202899036,5.3992161416917375,0.9759968328759276,3.6452869078751027
114,19,15.087266349345276,0.7957839726160395,5.16641794481928,1.145134201890511,4.170341108658123
114,20,13.811800457962711,0.7431305069442465,4.6033820402348296,1.2581631323466427,4.386877868009856
114,21,15.279145521513371,0.4497594974658046,4.8403889317065385,1.252988260859416,4.57621429130295
114,22,12.640567044735029,0.2707991640621359,5.023090055526545,1.2141735294371792,4.371789560001527
114,23,14.460360483264447,0.3745689409658617,5.255763998202862,1.2197621892363335,4.443819168917722
114,24,11.976686356696902,0.22054973489912244,5.073273706318368,1.3099950522770136,4.783264090056172
114,25,16.594342151680284,0.4568110766351841,4.697189796555031,1.437018913868263,4.986501850489489
114,26,17.519819937873688,0.6682598853960928,5.386796745502448,1.2249138671210096,4.42741023354696
114,27,13.90894954943734,0.34268351911568196,5.8080471348264435,1.0276812424337702,3.8182601028919665
114,28,18.94500580067682,1.2401040867828803,5.300269043490344,0.9676236868536021,3.760102189160576
114,29,19.29898808361088,0.6427659295158374,5.405248214680906,1.0639562214436173,3.8267422471510706
114,30,15.63912136487311,0.5738660341778358,5.661469261191587,1.0571703656179094,4.067916918627826
114,31,17.609423076868076,1.0977587881443687,5.5209991669409995,0.974113724194063,3.843771151527846
115,0,11.416680615728914,2.2723433832945004,5.52496007502154,1.1049587157203486,3.892299824984363
115,1,20.2432187338896,0.6831980839853024,4.24609028605394,1.1189242864992908,3.867010895389242
115,2,23.442004170463115,0.8634192461481603,3.465086678102593,1.5212445529863272,4.873266955346869
115,3,18.24325354544112,0.43684602537158507,4.7125368148728635,0.8941356092044792,3.3134015094017513
115,4,16.783968400414654,1.4708849806712245,5.112812770009198,1.1376048426694183,4.0013219130300985
115,5,14.734659912308024,1.6184639929069768,4.894615806490128,1.3146933698671095,4.4901822159301945
115,6,17.90161435233857,2.0792871617027844,5.333158609827236,1.2387792013883336,4.698194611643394
115,7,27.12587333800915,3.2244824350338424,5.373221340284321,1.2061466101341214,4.657657453177123
115,8,25.178180299452826,5.168670674757001,5.450922396556938,1.2633047565305873,5.12828783900478
115,9,30.96971659535174,7.73232288118944,5.519873096224757,1.2407371577933484,4.894040542021777
115,10,30.875446061228,5.351703151689613,5.535832816991208,1.3538684865440374,5.5843303402675835
115,11,36.0688529378016,8.806416221736315,5.071069896249311,1.354618225866127,5.35103605574068
115,12,33.12575653626135,8.816839839776183,5.418364944635031,0.7589660276892936,3.1378149634618318
115,13,39.37061124854691,11.618629808008967,5.837283338165619,0.9929487272091535,4.001682440075247
115,14,29.442314484484164,5.947800228898908,5.619428619307094,1.2038273504124053,4.571664839437749
115,15,27.81837533013642,5.725626501499021,5.053575872423675,1.4173997322230392,5.4666181497037245
115,16,19.562196863134844,3.4684314988316287,4.932866194100446,1.30372028584208,4.772576670158416
115,17,15.959629613819475,2.0221328995314654,4.96675388467109,1.3078442196042595,4.673157029615198
115,18,20.461031883460763,0.9642595790087802,5.1732437487142615,1.1089944707925259,4.038867217576858
115,19,19.35381432761865,1.6828935777970389,4.909527066863372,1.1814131704115471,4.336155164976869
115,20,20.293061773140703,1.9571229092564242,4.327721751558755,1.3278063221166532,4.533985774837926
115,21,17.756787173592517,0.9054601054368893,4.319297788428472,1.3759770080387668,4.944492012262745
115,22,13.130938360400531,0.4232043562631529,4.579263609968949,1.3753934296835446,4.949715508577534
115,23,14.112109335060437,0.38086543890749236,4.762287460792496,1.433488380740389,5.122216399459283
115,24,13.94488243781904,0.7956688617931078,4.188045186420812,1.465022410630338,4.982738086920809
115,25,13.459570986467291,0.46003530770954804,3.8031519407521626,1.608765612825605,5.479833871355065
115,26,18.43409698229793,1.0802707183165905,5.077202947693488,1.2368020999269502,4.3455679899932464
115,27,19.498628760155682,0.9616174961054387,4.676308478428634,1.3005686754933032,4.600425309388127
115,28,20.023089194270806,1.1154340630866617,4.137568354824074,0.8399331684764766,3.184826621071038
115,29,22.8543544997251,1.524403854453357,4.773129636433779,1.0033129445453248,3.5632668668714995
115,30,21.150562237050494,2.530482455241566,4.435193611377782,1.161323463010726,4.298144881375104
115,31,21.03110321339704,1.642302179699015,4.442818566231705,0.874940726729494,3.3728187541881884
116,0,14.454070126455132,3.961135908523564,5.746678963229401,1.0078763685049594,3.5908594087609846
116,1,21.321643059043463,0.5356779738632832,4.7669985462129745,1.0322504990483026,3.752503611870028
116,2,26.024183963735418,0.8291774978267549,3.53948436270859,1.4324058211275714,4.584506829435486
116,3,10.529460874078715,0.08342097855135808,4.796853915297919,0.8420294808293409,3.134458445187871
116,4,17.958055588267246,1.5074198783932213,4.858673754280077,1.0862283092041425,3.8092504794876834
116,5,14.525147598028042,1.8821758668325397,4.706818040362188,1.2798829756605183,4.175414826424699
116,6,14.790230477818476,1.4829722294815784,4.947617671655252,1.2594253403301083,4.54824175230308
116,7,23.033254544816028,4.85360605781322,4.907404267476968,1.0891451040803783,3.872272049620217
116,8,24.430856937894777,5.301704748932719,5.124771426349987,1.3661318949172214,5.10837175362104
116,9,24.538980938313323,5.21825676951079,5.273119007431275,1.2966642677194224,4.957795507961206
116,10,30.731386861594075,8.584129471356398,4.84301672545262,1.5371358095523435,6.026154152610622
116,11,22.829053173918652,3.982174941143779,5.473834368625372,1.1912208723989384,4.436338765469478
116,12,23.656891585675922,6.932397129929657,5.037990364036591,0.5988176355357515,2.5362378588927648
116,13,33.21171988658577,12.431193207634607,5.662390306966502,1.1859471573329277,4.559364662121664
116,14,25.363722734408586,5.273650554574846,5.165800311668214,1.1820040639860103,4.5035615939879134
116,15,15.475389661572796,2.308400437033434,5.176948171568786,1.4752747927134822,5.974917876878025
116,16,14.070657104297187,2.40004505116256,4.897710082348068,1.447752779020533,5.508247245326117
116,17,14.24549684644945,2.146991136103549,5.315230200475584,1.4937746605867366,5.786609865761388
116,18,21.336631193235924,2.8868209436338717,5.696649720000878,1.2485971646628817,4.764270172770512
116,19,25.717347917805085,3.547878611725932,5.68723239299674,1.1685058775262336,4.6542530976544745
116,20,31.153412437986177,8.498617373484715,5.792653613940365,1.4423519065538368,5.68775288789403
116,21,31.251250080295083,6.8512538915079855,5.382456976150166,1.553473057683787,6.1765157124649095
116,22,19.61955545903333,1.949758116180338,5.413507457439302,1.4595274745505797,5.598155423889633
116,23,23.636772786102984,2.4190462314770396,5.268446003256567,1.5832643636400885,6.08755575370458
116,24,24.088837303108477,2.9565008070251917,5.209084377712034,1.4926188852582412,5.489096248910927
116,25,16.524390921779492,1.133403762352791,4.4377457573229275,1.8179514344668473,6.621880143429732
116,26,24.49508645230782,2.8532701711004362,5.41703456890724,1.4400447698040963,5.600253944137945
116,27,26.42366466437128,2.109815570529889,5.956112991223359,1.165047088985073,4.6214138886850185
116,28,29.31115876078764,2.691312459945686,4.989464927306592,1.2334646405885463,4.773572122541198
116,29,25.500524631992135,2.2351906708066287,5.376222782283101,1.2230762200864715,4.457223599154709
116,30,24.634552600630634,3.0023277257310355,5.733871715339587,1.2348021721544997,4.906259070193382
116,31,34.87430964908308,3.2318714745494654,5.630667796922959,1.1336013932829916,4.505970217593405
117,0,22.769654119887285,8.5312265931178,5.988384937664456,0.9569713077123048,3.3604402816404417
117,1,19.04753081633724,0.5895393122184331,4.815661781386861,1.0937661618189596,3.8726805422201473
117,2,20.3541741023968,1.07105787375856,4.533136988350189,1.458441500705078,4.947094392101884
117,3,16.096602733530375,0.5207403692745991,4.885577184648692,1.018238216436508,3.6211596273171947
117,4,20.821884931437545,2.0869017752043826,5.211201781924196,1.2232773871088582,4.358234518734629
117,5,16.580548818553922,2.60453871975795,4.755189944514873,1.4553381002522814,4.920432868092249
117,6,21.34547565130109,3.177807586378928,5.113426474655268,1.2195548171040853,4.475121676351015
117,7,13.67368754266003,1.5589974490790974,5.070508862685078,1.2164644666774906,4.283439937516688
117,8,13.988097095289284,1.0611146157240299,5.189625801180389,1.2920992279819439,4.875944875516412
117,9,18.011508429354336,2.629487980778359,5.504645298282538,1.2517739036716415,4.772223776300619
117,10,19.843398633692047,2.930943516392828,5.444625021015413,1.270415336922662,5.023315216451963
117,11,9.783098368411466,0.19697563216786174,5.544363635665219,1.144434568114244,4.279202965774436
117,12,8.836067664321373,0.7702601091120247,5.1853522500894496,0.55585152419654,2.4200072738256906
117,13,17.76467833887488,6.239554605101048,5.958863222427961,1.004620863211997,3.989143941080663
117,14,13.133976730466514,1.6269801330013192,5.3170303588389505,1.0838304082425196,4.2053576302895594
117,15,17.777846202503227,2.752765179882661,5.5150426728654125,1.3133638905646334,5.263273532883387
117,16,13.734027396209438,3.0081747492756943,5.1935945360938485,1.259381243881048,4.774887487082134
117,17,12.486449142740017,1.8453664411995554,5.312401995991157,1.3942688774385719,5.283476872367335
117,18,14.104271139085874,1.3895545237015878,5.752705372699262,1.162778448085703,4.45667938077759
117,19,14.467418653934102,0.8417781839343201,5.7271600210647415,1.073211028201177,4.266915370854218
117,20,16.556356610696326,3.153273712868411,5.909276799852524,1.2607158340726734,4.929796662896127
117,21,21.90011825615563,2.065535412108458,5.394897432910488,1.3938497840312856,5.4084706855487
117,22,14.204642704318198,1.5217705784942592,5.332432895878241,1.3495462045419782,4.996172772260552
117,23,12.976379975433577,0.6180388944440458,5.2936012501854375,1.4371062896792068,5.301297825472456
117,24,16.20836516318967,0.6616590493581975,5.299468893720114,1.286284136310682,4.639980202520776
117,25,21.656126131965173,0.6183465505668346,4.5933409441193405,1.6538964918280419,5.938692603308105
117,26,19.051736086423155,1.0157853529552983,5.499874311311741,1.2434156258295097,4.658106808311939
117,27,15.885013319101352,0.9313105395393887,5.628419331476533,1.207419539435044,4.373002019564442
117,28,20.35226853214779,1.3514522433967935,5.371532091984049,0.9803072780758155,3.826520294028554
117,29,30.303100098915458,1.8710065229406485,5.738151013959902,0.9854899664549519,3.6329532717850577
117,30,16.325423549866432,1.286292899133409,5.616692104420024,1.1026739253820628,4.281035127755113
117,31,17.330083771717952,0.6980917677194513,5.546092750796383,1.038863125558322,4.092867190336772
118,0,19.217490324262755,6.305719840619204,5.829027820293891,0.9745489859050531,3.587169518450083
118,1,23.859337826742255,0.831194897189889,4.865988913444083,1.0611022219706987,3.947815209362206
118,2,26.471295884530544,0.6416124083023312,4.744217611464917,1.2396228035634262,4.342886006558214
118,3,33.4076106255214,1.903083636797673,5.609958482864384,0.8237325468400458,3.1969526119475282
118,4,21.941430781587894,1.439383898814602,5.43339281923559,1.0634477774013043,3.8213389711738293
118,5,17.35803929347629,2.2628463375664465,5.009896971052638,1.2248616019440757,4.024438833548949
118,6,32.94122940465482,5.830333447627085,5.234582280170917,1.0543708472470392,3.8834104225779535
118,7,21.776686846161,2.296872880878734,5.025104487411705,0.8868887958257474,3.141611416127989
118,8,22.440842182777224,3.567564232819189,5.372809360353877,1.1851662973226142,4.245899743268968
118,9,15.733909201116973,1.935124587618401,5.461365285329232,1.1504074056031417,4.277821455760989
118,10,21.77955807466389,4.128557841928579,5.187748554448868,1.3553178996621682,5.030270762248513
118,11,17.93896821246816,2.1610810953377597,5.348002203169943,1.0756933756288243,3.92333071428101
118,12,14.842465709478295,1.73869955372191,5.326771627793326,0.5231349261691651,2.3254707606536114
118,13,24.829296202572955,9.288427103194334,5.782876496998621,0.9781275719386242,3.8013273438990125
118,14,28.539601746981,8.3677831775,4.635631449740286,1.2784347182219484,4.49595049223437
118,15,24.201433061891727,5.955408552395838,5.157386900637354,1.2500543598215792,4.7092850289719275
118,16,16.76071207975074,3.9437464874350914,4.730735398830079,1.2532935178829652,4.365946194681943
118,17,15.93729243798921,2.0606604621110143,5.619318506368464,1.1724598861543516,4.408381372826496
118,18,16.459977890218596,3.230948618714475,5.396889882538504,1.212693557878846,4.477686742756618
118,19,24.935042148841315,3.3788043669826067,5.455346105571471,1.1246182679006322,4.121361018021946
118,20,25.172762604932426,5.3304365351409295,5.263787519476229,1.3391230239658025,5.044448840015316
118,21,29.021497398367192,4.05846307692127,5.2378502240744105,1.3045031214656575,4.935093038495238
118,22,21.343281324843282,3.9314612756767353,5.034646139584773,1.3539441725960177,4.829804293609064
118,23,25.959676021618424,3.136046271062851,5.341439525103917,1.2240557172581958,4.416431559011764
118,24,22.08574456158737,3.2047366851186476,5.194682803637639,1.2178472470895274,4.2066750318746315
118,25,16.718355484437993,0.7491125202770947,4.701386239320384,1.5350497246133736,5.374543146279365
118,26,33.477920862260305,5.042259127701984,5.732332197043045,1.2023737625993567,4.430917687572558
118,27,25.392517210480815,2.82395314446568,5.520881980973082,1.2402793011444686,4.469950852599036
118,28,25.82661205516156,4.0376230987738175,5.358505600555888,1.04185936268797,3.9615271668659293
118,29,23.812494732977086,1.7395582797160802,5.746143398659469,1.006443482098657,3.6670322337142003
118,30,35.869077604838424,5.839212906856159,5.534879198200304,1.1616668874407514,4.354862146913586
118,31,22.295265808698282,1.051134538743482,5.696172244536695,0.9626078364216397,3.7892168282184175
119,0,13.919546016201087,2.1143728013628467,5.585004761346815,1.0513530283012082,3.7198064656109056
119,1,16.40496510854384,0.44803224214169407,4.3977296851288115,0.9684920459804678,3.3415106660201332
119,2,17.18563169509326,0.33761237838962976,4.151371933145921,1.4386074223747158,4.698825251376274
119,3,16.168733635105966,0.19855401647621318,4.851882200390942,0.8485766934663967,3.0455428937515037
119,4,13.122611973350256,0.12820046819425834,5.032062638300083,1.070214007325772,3.628622232659693
119,5,15.130906128841554,1.1001800653192984,4.736856185146717,1.3112444370636958,4.312688020449329
119,6,12.778414245037203,0.3526974759807153,4.755915981300166,1.1459593151951681,4.111383632295453
119,7,12.061010265338396,0.4397523318203933,4.7957870367942945,0.9812713550312733,3.4495590122785647
119,8,14.760914982412675,1.2331547014436222,5.084953525314657,1.2096737262515926,4.379156991211581
119,9,11.082455037586408,0.6842800603994925,5.121362939057953,1.2226542274452186,4.540656394294865
119,10,12.131087981616652,1.4218315082113049,4.920142877763698,1.4754810489711367,5.548329743659812
119,11,10.973997555567692,0.5428272924797823,5.032354544398698,1.2572637061474028,4.568464260550512
119,12,10.566423057437678,0.8675673485822275,5.213882622695765,0.561618482558309,2.426266838826814
119,13,7.386328630867366,0.5286458332989918,5.656449073445472,0.9249973129943703,3.5923737085712752
119,14,10.467319452158112,0.8248500468429663,4.717784568988639,1.17546309896038,4.172311942547296
119,15,10.440881707618834,0.35422108832255234,4.708424214876192,1.3507092227905932,4.85526941398744
119,16,8.973533057339106,0.7082325777166167,4.38518446418971,1.2229149631124603,4.240516043183794
119,17,12.647839363776706,1.2518132817270071,5.188980575292232,1.1772628209589184,4.353504915873206
119,18,13.10550515682229,1.3132889641421333,5.2938862931451,1.1756820228176972,4.349847843584088
119,19,12.249649232413839,0.7972455732400452,5.103018226464915,1.1403344063778418,4.146579396775206
119,20,17.357818530746215,1.8664965120346952,4.996808746849828,1.2314787287873878,4.472870134307454
119,21,15.699339718865781,1.011762070058635,4.946173886370879,1.293762961213984,4.759522306300022
119,22,10.284723604666697,0.5345752963749444,4.671908927000022,1.3751796237108849,4.7496863720558755
119,23,12.398332726654882,0.28938775302409486,5.122767466681357,1.2500923724249926,4.483262394937152
119,24,10.438260044566302,0.2719822276117413,5.047090392950738,1.2778176065234472,4.500524907639164
119,25,13.59669753957623,0.6649660421295646,4.433263307455928,1.502161655745244,5.165054288506961
119,26,19.65018878155443,1.3834525745997106,5.011291301222348,1.259490122680651,4.491265440215423
119,27,12.233677940306853,0.5249372473644438,4.950915712935215,1.3864527550016383,4.870164755651993
119,28,16.22524052785111,1.1711573728436793,4.9406234771024184,0.9331868735755204,3.5784007350882883
119,29,16.818054406364357,0.881594715324213,5.445969566398185,0.99599510798057,3.6059597075838536
119,30,18.476799762292977,1.5338780976906359,5.140972579645885,1.1032164574743355,4.0815244341469725
119,31,19.75772513221081,0.5734104050566082,4.8113111296976765,1.0051126206398635,3.7020660278539568
120,0,15.991712532424295,2.9681909016248564,5.763663053084093,1.003699349121427,3.630460459805592
120,1,21.406102093222977,0.5778891212610139,4.777603627107187,0.9946516624918837,3.600747143346343
120,2,20.640660141117266,0.7355541569297486,4.309302427015019,1.3343720593085227,4.3799939138595505
120,3,12.215894145838488,0.2212279368988206,5.17231507746251,0.872418127659766,3.2986514019972226
120,4,11.885183846706243,0.2624186026309141,5.099095930343573,1.0782117740700077,3.7231737798780493
120,5,11.3984300781583,0.8062399473775443,4.338916280312478,1.429530948328134,4.684423014868646
120,6,12.688803799041443,1.6749902135173529,4.542432131025393,1.2429605894444373,4.405639634063864
120,7,8.884243638370545,0.45011035276859823,4.723728125529781,1.0443515450867347,3.647385150571022
120,8,11.158456341465936,0.8663354483962278,5.073234165962855,1.3285165919847373,5.0040799375989184
120,9,8.825989985946393,0.8239329565645475,5.049285910608553,1.3057027181550271,4.936863094731006
120,10,12.836838897117364,1.0463212655035505,4.723810874449907,1.4924217072902524,5.6393483238913475
120,11,9.687767211145466,0.25578086797795574,4.953461586472667,1.2818528925848796,4.613333288563584
120,12,5.930712723894491,0.11746162407109025,5.126504907299122,0.6007335791405515,2.541323542853322
120,13,7.471058046053396,0.3693640553200591,5.3491778070897364,1.0431181186383096,3.96280913727568
120,14,11.450142054079876,0.9124421136543277,4.710406213306014,1.1581331333900025,4.210153601827795
120,15,15.13373518608648,1.6919965156816128,4.698777492801216,1.3654145077692226,5.002995595728072
120,16,12.40099192489092,1.0700787242807834,4.388176787436395,1.2568284766495452,4.3386457319247596
120,17,12.919198464536997,1.1657768818308025,5.02978905083623,1.2877344420776078,4.754938779244044
120,18,20.85529784719216,3.086747630752755,5.279045958836995,1.0825764001955767,4.036093687628537
120,19,17.23629702347875,1.4562106360719425,5.093306584900549,1.144883801168838,4.286503647855374
120,20,24.075829084778356,4.357266891636485,4.928696684564831,1.391856310825153,5.187234327096226
120,21,15.402810131894507,0.9811916165054146,4.92466238828113,1.352730476697781,5.098643275804641
120,22,13.551395125576972,0.706932011381721,4.962873925697503,1.330627966049975,4.830358608951092
120,23,15.829363734377909,0.5648225993433682,5.0404528361177485,1.3014932922499467,4.706577158886093
120,24,13.132155347317578,0.30725872854796155,4.852388533118301,1.404028825366586,4.926173653810876
120,25,15.00147901305032,0.24252981301077606,4.49971090946755,1.5395941123665065,5.303714246341109
120,26,16.93187155320983,1.066127012957279,5.083519870697302,1.2550954325039854,4.369609240353513
120,27,14.495854708727453,0.38519414245399164,5.52431600431814,1.1548650225344206,4.1540577472428355
120,28,15.158796850376227,0.6299174713061124,5.057946323693745,0.9568397182295794,3.8104869207285312
120,29,15.636460963969903,0.4647207124695409,5.3143952839733775,1.0712971327705283,3.900549313932415
120,30,12.840697181366764,1.1933552199176765,5.034349931713944,1.1324248162332395,4.218080248221137
120,31,21.49558058740468,1.1338422591939614,5.292333582915116,0.9401545801034104,3.761220423331783
121,0,14.053656616280275,1.597024940844854,5.317784666373255,1.1328384790568622,3.865621924625084
121,1,8.987844523932575,0.08992152639141585,4.260283821513497,1.0864908243051064,3.678732945176352
121,2,11.309366846453754,0.3234831741056988,4.200369039820364,1.3462387964553253,4.487801199629183
121,3,9.638179358133666,0.04826455038334822,4.93310683254547,0.8956974989436786,3.3025097055671915
121,4,11.886579885726997,0.3735430415027965,5.10582489892767,1.1182668344371258,3.945366903708679
121,5,12.265928333641115,0.9999521502266896,4.842506861405883,1.2941182470183588,4.265509630071547
121,6,17.559620585489846,3.1815929024506366,4.83587511690571,1.1588764806939498,4.020643120156644
121,7,15.066098421627395,2.009287078175914,5.051422494819693,0.9996416454146164,3.5192444122917466
121,8,23.005984846554988,4.9648851586131855,5.053523377292819,1.2425436711622053,4.449239456821046
121,9,21.513413824515066,3.2288376966402788,5.466262123887919,1.1307519394905503,4.324120747144121
121,10,16.963624620446602,1.9914012788341895,4.996513033113859,1.3966330987763218,5.2670688191589194
121,11,24.235442813569556,6.055860602866197,5.265069959133282,1.1440852152191283,4.134331585896553
121,12,14.768240104985681,2.793450771139454,5.247521365061083,0.6346530781994328,2.584082744605953
121,13,17.391546199751204,3.812446446644332,5.185240618824684,1.021730949607953,3.7603793444877143
121,14,19.959737707707987,3.9999625602300837,4.655695632106683,1.1748249485337645,4.234484452197105
121,15,28.215143733793276,7.4450868907910355,4.907527598731388,1.2513556207787548,4.652121808444374
121,16,23.88463321087208,4.854940738596777,4.616672193612828,1.2500417923437972,4.349320845091794
121,17,18.56940517345106,1.9296816330881863,5.403710684409614,1.2285044332323825,4.550044306475137
121,18,23.274937595762843,2.9893873961992403,5.521696756810375,1.0587453139437173,3.9781957527648553
121,19,22.36471504499549,2.6141557703246763,5.575344747645765,1.0767964753760335,4.089476392224965
121,20,27.544771599185445,5.042683043414958,5.1202085229184355,1.3067931224820653,4.750495601994674
121,21,25.52280164521114,1.4866853133312814,5.173701547177338,1.4565228118332394,5.558092011878413
121,22,19.008028673562727,0.9305908189191474,5.130461042853001,1.3440324313128746,4.863123894932882
121,23,27.079325248501,1.617608056112187,5.5150424496117125,1.1904320869808718,4.3874716182823175
121,24,22.251982375405483,0.8883169186436263,5.256371354065928,1.2512267359460072,4.446990637732786
121,25,19.57248579743721,0.37363712357759116,4.808820963073014,1.5477791919655868,5.53336592615796
121,26,24.493824574268803,1.975409792540496,5.637318501328836,1.1278629034958616,4.141199209251319
121,27,20.90580995201936,1.3573245015144109,5.445919885033389,1.2857947383888693,4.558492408178351
121,28,23.590933372516474,2.255252704422538,5.456708405016011,0.9510755650326193,3.7785302386226745
121,29,34.586385796851545,2.3229797183480856,5.966717465426364,1.0198057927534414,3.7393527739037333
121,30,28.288954722023583,6.485027585884891,5.407801909224892,1.155858810902581,4.338683639223017
121,31,21.278121771442322,0.9863775858572329,5.306734771118108,1.0347475314178256,3.9724133662156116
122,0,17.095353350215113,3.9163841251795644,5.746170073171175,0.9950947371052097,3.609369618528882
122,1,24.379988074151196,1.1330425145833325,5.133374788043916,1.0550784224820164,4.0235443981040575
122,2,21.042113245280532,0.4598218756710901,4.609127860848412,1.3594325686610693,4.716245012761567
122,3,35.91576499905075,1.5350140485051158,5.877735627241504,0.7954732352825049,3.1980058140435137
122,4,26.369037403543373,1.3414435904929918,5.596280487499686,0.9928105305098454,3.614487898601478
122,5,19.070318599121666,2.37639153956669,5.316828182898052,1.1966987453120597,4.124642986322461
122,6,19.30758443356869,2.4472119059356854,5.4075125201845236,1.0373984127890719,3.765848322012446
122,7,17.202028712197524,1.8674959023091264,5.260352144012057,0.9778628481277067,3.5415606352878126
122,8,20.394170634937527,4.3469784583238695,5.0429475369049435,1.288078465474344,4.595766328678401
122,9,15.126471890594337,1.7988013761916222,5.366450932173547,1.1666987289276962,4.465937947998554
122,10,13.373099785682456,1.6743684061673965,5.059883149332685,1.3754973059871558,5.255607941982825
122,11,19.192419805426024,3.7041828188195307,5.254573624281979,1.1853510931172577,4.313389399307522
122,12,22.5531315822847,5.966786208776817,4.9102776046325864,0.6139037940207421,2.570366865609853
122,13,27.639312041624294,10.110806336001218,5.551117109892319,1.1212700615898683,4.354570577939922
122,14,30.617600629094163,11.411808287322,4.8162451329504,1.234975331783164,4.391857184889785
122,15,32.77276667605724,7.227667891235589,5.274468577257995,1.3429896001568258,5.2440325071567635
122,16,27.215183840075024,8.068294071965651,4.99977487389242,1.2447517728434576,4.743086057566472
122,17,20.28121911263185,4.359252600639638,5.330139743856458,1.3935563062431102,5.342123695727882
122,18,24.969974455206344,3.698721017807287,5.644805243191714,1.147858743626883,4.327124818482464
122,19,30.427887047613847,3.4340674479542748,5.488749092201411,1.1485159760628303,4.552031893615361
122,20,33.76005751324843,7.049104744636541,5.6039605848628975,1.3627908092489696,5.260040243271817
122,21,32.641747258668396,4.711531656474246,5.09832064790708,1.5537303730406489,6.046707838875715
122,22,22.674791614356998,2.88132170571222,5.329142808763999,1.4089949260831052,5.403759435208533
122,23,32.87005862118877,3.1463001869669025,5.22630586827337,1.469046307255506,5.561450358142304
122,24,27.070094234044753,2.4595502447947726,5.272851471051501,1.4418020038638328,5.366306902585741
122,25,22.68967785820756,0.9793599528673438,4.428011609913967,1.70129569566362,6.1057139173778125
122,26,31.39590568480798,3.0354256869419385,5.410934423387105,1.311946860699643,4.984149710839455
122,27,28.779185722480918,2.095456790160739,5.955029795037584,1.0411200507266782,4.09273088607343
122,28,22.905501127770073,1.8696836905105558,4.956520155114349,1.1151197875216692,4.2846176911979645
122,29,31.59216487103035,1.6352961256708067,5.127605363056758,1.2410511268142512,4.325865485416574
122,30,34.445626700722826,5.883244811260408,5.444739890560963,1.1755984019541739,4.772631880055291
122,31,26.029026664083673,1.5299359911540436,5.447581740572922,1.0519915650377252,4.223925224788973
123,0,37.93956069199507,13.97661461043564,5.998935709794814,1.2690327007011533,4.776205656757899
123,1,26.033525757351615,1.9163449901671163,5.293536279083476,1.1604400402588269,4.293173970823995
123,2,36.47315064342396,2.281170873125584,5.024736578861628,1.428354477929334,5.344653034014847
123,3,34.086617037814015,1.7626541250742833,5.565082751930478,1.078687169264839,4.096385881241538
123,4,32.032150864469,2.833147152936398,5.3864765028963895,1.0665921564621632,3.87096908853157
123,5,37.73471630790065,6.158571858090165,5.239677823355677,1.2866146650815544,4.687316197883058
123,6,44.03674220858029,6.733889747013022,5.238911995577952,0.9244324101395858,3.5105839434967994
123,7,39.95593443893382,9.079146033490293,5.080064132478111,0.9586167041401952,3.5067884203298627
123,8,54.18438474271519,13.336919164587776,5.590202670112132,0.8643408098952632,3.4146408762840834
123,9,51.97764030551045,10.173844523728873,5.1819542195670865,0.8749640137228871,3.2767104259345685
123,10,59.142506500214935,16.900433918947567,5.160922049815843,0.8452802251997626,3.4032738884874667
123,11,53.972163061436895,10.701691030399168,5.229374569589915,0.7632855176969429,3.0134330433260166
123,12,49.336472931115104,16.919479767925168,5.4007142214648525,0.5457606349795308,2.425195187476594
123,13,56.09813292588895,13.181655398662667,5.041065018011318,0.7424874825308097,3.0726485496630374
123,14,59.801041258384245,12.013618091486496,4.918932416417739,0.9148483738290283,3.443476268695108
123,15,55.64187610570151,5.973735450249102,5.17146408245011,0.8497392374409696,3.4663033824986433
123,16,59.58545635376093,9.019581651496086,4.795000544409586,0.9146661633884348,3.569176848561636
123,17,64.950161718903,7.054350216008102,4.847992724119469,0.7393911273289682,3.0759362720871626
123,18,62.35982412601367,6.437520722269609,5.276553486291271,0.6517052693593808,2.7835008543847004
123,19,48.660310688329325,2.878601499309519,5.496102906574232,0.6380788682856364,2.855787297531004
123,20,50.00198186032157,3.2049111959284113,5.707116179780131,0.8277078964338331,3.4582642622038433
123,21,50.31436207916116,2.6841314586688885,5.400952059002674,0.9928949309727599,3.941211582907148
123,22,54.58259659879007,4.915673023435445,5.556479336205087,0.9043099068789004,3.555360878464856
123,23,44.963107876563285,2.800612747780764,5.947567904257825,0.7779299199046434,3.253285136101162
123,24,42.491202766921205,2.232302734950273,5.746421499877107,0.9140491514418425,3.6511075594184046
123,25,47.71035573209593,1.4234163285062569,5.299064860099343,1.2388054763981646,4.387432766699212
123,26,38.45832093214627,2.8723315926461934,5.6148879683942425,0.8843044158007043,3.4705972898183983
123,27,31.07870967080501,1.8691643546518022,6.065853339909008,0.9387760055131125,3.6251604795074934
123,28,44.684357006891545,2.8798311368949343,5.294444321025639,1.1881542254750093,4.536298835175419
123,29,45.62145639370557,2.1000134834172126,5.818947578914056,1.0033392244928594,3.7489395557033296
123,30,34.34220814144484,3.9672623984424904,5.806887998113838,0.9280645470072528,3.66654752559933
123,31,37.154636867247106,2.8786795656481305,5.918161810808707,0.9592980159376907,3.9255532259706376
124,0,36.78722014633178,12.737635707026955,5.7442268199043385,0.9524981419171992,3.4372968220666187
124,1,31.32291551745901,1.6165896789248084,4.996890547829066,0.9241413536914385,3.4103125198014204
124,2,47.40484336316628,1.670792480443854,6.158686462400716,1.0166793036555042,4.1193029942125525
124,3,53.38659965060984,3.4452350116002908,5.847435256603295,0.8841693945786275,3.3362867985623916
124,4,33.708004199025254,1.684479227111288,5.4758857157662115,0.8380547459121717,3.28170090372443
124,5,32.14496097202521,2.1319806024255272,5.255504995208759,1.0596475793347349,3.956280480102179
124,6,36.571745427755076,2.3175154140257073,4.9115401048945415,1.009734526499673,3.762847071733916
124,7,34.36087149972795,3.545845397319167,4.176737833980709,0.80567881624689,2.9068909666637803
124,8,31.802779148789405,1.7026094270891186,4.372918745118078,0.7915323770021168,2.9649272922504446
124,9,24.146409597023897,1.44326662062072,4.233570477905671,0.8071433606954654,2.9576526816823816
124,10,29.723949528205168,1.3631547028986088,4.7576077861237955,0.8739684589973269,3.306741143572866
124,11,23.74901049434209,1.2090143206456805,4.263694166351308,0.6720390150086581,2.6299249391007606
124,12,23.4081333423972,2.5417929414068325,4.574364896121903,0.3970876700773127,1.9881405259091254
124,13,22.612851745466067,1.1574626985207006,4.513569999899474,0.581260331467762,2.486511438051769
124,14,20.086947772352364,1.3065903620935502,4.235441647980656,0.7689351241250915,2.9423431149816266
124,15,21.85722580094861,1.17363121713323,4.355938902220183,0.905252245522588,3.51137267014448
124,16,21.338062338108134,0.7237763853581034,4.280438281711939,0.8445311825946362,3.1983909532815735
124,17,23.726542876847336,0.8335254400986465,4.812185101835597,0.7898153690195393,3.1170438730809646
124,18,17.256623259855054,0.5332036265997243,4.959602053875427,0.5820802619248795,2.5700819452420776
124,19,17.60068391955505,0.22949145762416298,4.918465436601084,0.7392693494707796,2.979968502826346
124,20,32.547671565480826,0.8074334251254506,4.989817419318621,0.8073966161985409,3.170308863556947
124,21,23.06921659595602,0.2606390260727225,3.6393103363209707,0.9006892276428737,3.209952004372611
124,22,23.390923938453504,0.5624092728879104,4.3657882057740975,0.7845939466927501,2.978306658710097
124,23,26.898070640121432,0.342310372725777,4.726245339528896,0.7314949175906982,2.9057090821933045
124,24,27.936232488043004,0.7275138598918395,4.681023237957259,0.8668920524236468,3.218004461533494
124,25,36.286201949229394,0.5483958042635346,3.844244553215219,0.9432643708962312,3.2569272369590045
124,26,30.225441011871293,0.6737503804901777,4.970217439256759,0.7308411797687668,2.9089733979216037
124,27,31.204759958239976,1.2281913660009485,5.477781715274869,0.8946703578110773,3.327903933295985
124,28,29.646184885506933,1.1359579149528098,4.7645021421094,0.8079476306253657,3.1109846408204533
124,29,30.72447142147271,0.8119974427767589,5.324422078332944,0.7577099156248552,3.0329812046407145
124,30,26.681393340616616,1.3891053006950558,5.329615273581744,0.8341636460667186,3.273057283022975
124,31,24.887301431525486,1.1940795952065526,4.9900678473227,0.8139394407266822,3.205826722712909
125,0,14.563638148867463,2.9795649665143165,5.294948033246934,1.1183545928410572,3.853123641853012
125,1,10.351748413791102,0.09050071285658132,3.84631570414357,0.9269982676553417,3.0318719294199865
125,2,15.361546271449301,0.0981395320090345,4.985689602721073,1.1339765731145919,4.093496330334655
125,3,16.199779484807035,0.19459668761739463,4.88132427360785,0.8065328519135448,2.96659573328476
125,4,18.93870516770322,0.3411459382867503,5.214476251963558,0.956459780018001,3.5030546120429893
125,5,20.25428308749237,0.8770350642414291,4.861080436385351,1.106345007142191,4.000275596365879
125,6,15.878406664343403,0.3254581023512216,4.48247142632251,0.9334768901016268,3.4812105359326844
125,7,18.767034618589964,0.4031914460092668,4.048413050018532,0.6918796749680336,2.640341681459326
125,8,17.511997028352063,0.36128125818896706,4.351183461070421,0.817335690793004,3.005053863642573
125,9,15.742328412874626,0.27389429028730505,4.3529889318924155,0.8309659441617097,3.131298854696678
125,10,15.113596436593394,0.26541414248983464,4.143723484379558,0.8674852228150964,3.3348552511860445
125,11,11.088070264383266,0.10946256061701778,3.47126417035582,0.6516752984702725,2.5580001380628747
125,12,9.504737799836896,0.26261875393349315,3.9551339799888248,0.41099451422085176,1.9748299730150183
125,13,15.213706107392412,0.4029508685964702,4.4316983217585335,0.6833246388950753,2.764481770702961
125,14,13.090025695188888,0.5322528252373036,3.914634320691347,0.7196756005148468,2.7989237607852875
125,15,22.258817490141308,1.1337393490587573,3.9406258718525073,1.017375391754495,3.6453719065458
125,16,14.654116286595938,0.4508537957073572,3.838128955960076,0.9481118638985806,3.409554136232556
125,17,38.92983223941154,1.9905598354627427,5.2542378735383535,1.0122464194825254,3.9216081664607434
125,18,23.386705452404044,1.2148940336927243,5.070222112879497,0.7664035011134152,3.1176084262007917
125,19,27.903272080070867,0.8878227237032277,5.236844579709345,0.9442419950272267,3.7298052745237733
125,20,23.62109502601114,0.3973863125866879,4.94504991797936,0.9591093849540053,3.6906726413082325
125,21,29.6624187800355,0.7041068833328942,4.241327967844281,1.0283753138524698,3.886823515704016
125,22,21.04265206011742,0.43664855969913113,4.217453335128916,0.9336184942758745,3.452789573678501
125,23,21.225019420383195,0.23658885320027323,4.920170480941641,0.8752500201086635,3.3819119097008694
125,24,16.089711987837298,0.31988383305645274,4.276499445592705,0.9957450416631684,3.513867438684431
125,25,20.472530367964907,0.34151077219095305,3.94654266498868,1.077076392836922,3.6996578336949995
125,26,24.07296052299357,0.33115412290191326,4.729296880457955,0.9363901228701579,3.4686962321214323
125,27,18.030578892161405,0.2800668040856855,5.171996404260856,0.9558529325515623,3.5672140251263342
125,28,24.891996230959357,0.7079194788044237,4.808310186950358,0.7794576226896055,3.0838296776959355
125,29,20.902073247994572,0.37065398251313336,5.411468529947252,0.7193132388225854,2.9340198362476757
125,30,21.687926381579224,0.9407376232732751,4.954505088091894,0.8153007259945069,3.242726113475961
125,31,24.539917602404213,0.8567222888404757,4.839045176542722,0.9187258121691944,3.436177539974435
126,0,16.783276962129978,3.3305100759627995,5.610173860355788,0.9953287833932869,3.593736098650568
126,1,16.747466672398467,0.2837333053954987,4.4762204382366075,0.9037345239595371,3.1554138753686365
126,2,21.082899867636854,0.15768696613272454,4.852394627356416,1.0027610837251064,3.711504859869012
126,3,15.527423101762027,0.3174997834299974,4.807476758060549,0.8368043800000784,3.0234374688258154
126,4,14.759394966503361,0.2984747059945829,5.304559007573145,0.8741542321673341,3.242875685640556
126,5,15.225293799834446,0.3901130660107165,4.83407092542158,1.0826289697511653,3.9253198657436212
126,6,13.33324301536564,0.42116979109433456,4.274593685880429,0.9334873338980287,3.3255628805179955
126,7,12.617809170184039,0.13899209391495815,4.1900037345725964,0.7693937275504226,2.788870734617556
126,8,20.902921694798792,0.6201196886506329,4.5489043627706005,0.7947390734491648,3.1201794276096
126,9,13.036244780225928,0.43966870436714783,4.555294990718151,0.8097355669024688,3.0797048175291613
126,10,19.384325634080955,0.7471882254590029,4.393988497136695,0.9060919761209778,3.3975562578002063
126,11,18.10779954396231,0.6963298535288458,4.2605093854340055,0.7148909752463286,2.7640232629042
126,12,12.595800899795583,0.7994814523677328,4.087996791491066,0.47095255486870347,2.0898458798775246
126,13,14.602610517607172,0.5082251458433186,4.780871316436741,0.7927918154910865,3.1141782211060423
126,14,20.508584766099645,2.0989722758516356,4.468036210708766,0.9165923203474788,3.503888578616065
126,15,19.045501195049038,1.4056709565343544,4.499662209821523,1.1456104973442978,4.371649020355305
126,16,22.971259559860883,1.5809205651302585,4.704865949588452,0.973851951779352,3.616589094081202
126,17,24.131959222052743,2.2787504910822074,5.708292068448256,1.0119533308540412,3.970026772758852
126,18,20.704731924727636,2.0542337934543187,5.482449045399068,0.7592688425839391,3.1731817867389736
126,19,16.45380733210572,0.3303532725910298,5.064994830074924,0.9612711619229364,3.7963238542419937
126,20,20.898468066696275,0.767655377041643,5.335654458808209,0.91940056108474,3.7125490233071994
126,21,21.70025503698369,0.7563968646495172,4.788101390583794,1.2045567055034159,4.484137725427973
126,22,30.531540107880172,2.548225434088939,5.081277061350779,1.0231271176197234,4.010390367052818
126,23,24.768461229299078,0.9258186568765111,5.194434600837452,0.9510798732254422,3.6082168359513975
126,24,19.595022455939056,0.7162645067995974,4.870296295654025,1.0575572411336802,3.8493712879836903
126,25,23.34419454789275,0.5434964217686431,4.310715126177858,1.3150259673846723,4.587412590975345
126,26,21.47311493499143,0.6044735636984429,5.355859856057868,1.0182275456962575,4.026792281836911
126,27,21.591505758717368,0.5541104854409717,5.453561063972974,0.9878043264733378,3.8957445821477035
126,28,26.61375530693826,1.3088626920618505,4.6632182077675735,1.0696313795369887,3.987401863352606
126,29,27.69958066005887,1.2459356380451052,5.451864244751854,1.0023062410811647,3.7857100032693376
126,30,23.41278558709468,1.063668191504553,5.477455925798945,1.0087733007528046,3.9878323794851465
126,31,24.719141906512725,1.1787489831627025,5.181623970119659,0.9638360365157226,3.736275128384891
127,0,11.760640083462931,2.6898005803465592,5.900150899772898,0.993220647697016,3.6450118475384943
127,1,15.632191842383907,0.15759723003575515,4.410495091061104,0.9761417194270381,3.3309310748848855
127,2,20.38634538649748,0.1655992898616894,4.607492930825336,1.1496068422109023,4.052530617404733
127,3,25.651778596348354,0.7311859702211532,4.347479406467551,0.7992054198236849,2.887324774687992
127,4,18.50229515564902,0.3906395558576709,4.562052175548413,0.9672159968648391,3.334596544443815
127,5,16.496550071902313,0.5645104536069003,4.760843035926584,1.072125537437949,3.7319736693564707
127,6,15.53621570292115,0.5880430380398671,3.9867215149539774,0.9292710376201168,3.2086093678015333
127,7,15.67082039504297,0.39723776966082464,3.979212332201808,0.8731844110790181,2.9777756347011786
127,8,23.866309298881564,1.0587760755156488,4.844911850458207,0.8269915029396913,3.0588536248054012
127,9,18.55321031052374,0.811397912729173,4.584062479336783,0.8002903320789718,2.9380308308880307
127,10,22.505368780131437,1.7377797008876015,4.640787800812647,1.113365804064535,4.07218252675887
127,11,17.60411045326206,1.6127235901758017,4.65807099135702,0.756924422929516,2.939674155479742
127,12,26.281036539795725,6.090876812985533,5.061346565749687,0.722407190365514,2.850233664002983
127,13,33.38505880031494,4.688460472724096,5.245285735826057,0.9236052887591688,3.645156769386909
127,14,44.822004099213814,10.085571188371215,5.160398312158076,1.2450352549697392,4.744695987152211
127,15,52.66527833124775,11.35497926280479,5.519670134748956,1.2548158979915867,5.225237744900382
127,16,45.88452862286927,5.820375041920386,5.213442570801798,1.2260654051208713,4.5827930518334
127,17,58.91769065683198,11.769453385034613,5.25766826983004,1.481028573119401,5.680392188285066
127,18,61.084962233879736,9.695915984912888,5.813444019480557,1.023305588177715,4.035217193255355
127,19,52.689121981309455,5.309903184640131,5.636016465407906,1.1538710734406532,4.405389513053839
127,20,52.94854789034021,4.332385825668769,5.794701261635701,1.084982318969856,4.322951652039252
127,21,54.05348131367248,4.671910746927095,5.061421812398227,1.44157144616067,5.436452766053618
127,22,64.48818569230377,8.62305757769981,5.370822175363378,1.313461806841267,4.887521631245507
127,23,49.99296820055433,3.4508616279938993,5.50732016743896,1.2629763408433101,4.592790935662107
127,24,52.2159719090909,4.286215704276435,4.877322844797227,1.3668669288339466,4.7256059350774
127,25,52.315566529948285,3.532000088399772,4.764086428367925,1.4249075366040316,5.116886604044673
127,26,51.101537397395695,4.300135342729336,5.406311600260751,1.3003849774029055,4.985140066885849
127,27,56.738954114593014,5.524159009283753,5.6950209301085035,1.2150794062564767,4.620843511742955
127,28,58.51596170226824,7.406762797436649,5.59315345444943,1.2266257038583435,4.9402615174002875
127,29,53.58642441030747,2.8723169655601852,5.926880487898734,1.1025542729118154,4.19048940014348
127,30,49.73960070785681,7.263185323669785,5.741909571435495,1.1569362315214065,4.60723122724007
127,31,37.383492105360844,3.1062020031896758,5.30588274270278,1.052961748203158,4.222367157953204
128,0,12.87322477553705,1.1662407344691237,5.610794696557934,1.1032441277433245,3.7973872868260825
128,1,16.16499760762143,0.2692336752278346,4.404789387906896,0.952513490441385,3.2206823407421004
128,2,20.25328631261992,0.22078911785593483,4.622133229288691,1.242841404294741,4.248120117893762
128,3,17.97751692499186,0.4075265579457188,4.372052670311959,0.8281278136518306,2.9623523383697483
128,4,21.54787875303361,0.9834891249586031,4.909610197698612,0.9041493874801221,3.2766417882441004
128,5,12.068592272191971,0.3304704479082704,4.73393476716835,1.0886670131310208,3.753567997137322
128,6,30.959195336661097,2.2348955811292024,4.377054955017108,0.9102785793440855,3.356926640640209
128,7,22.232523452950282,2.116897181212236,4.463846530420939,0.8141096961951408,3.007604721610263
128,8,23.3637092917122,1.5074362230570253,5.242118189180536,0.8208749468625616,3.152058609289306
128,9,21.617544171781276,1.8234646620043233,4.968933561628754,0.8496910808721436,3.1948625624582316
128,10,20.785642993372097,1.2051373759937065,5.058188024222223,1.1294056136805208,4.308541760448124
128,11,20.86216375858936,2.141632933051765,5.08165943387401,0.8575455161057466,3.229277879516688
128,12,21.232275994664302,3.878380970961861,5.292157074205724,0.7899801702777527,3.0687250504981938
128,13,42.6113835122697,8.821890054452718,5.725523434922444,0.9407829495943503,3.7066142022786686
128,14,34.19725782778913,7.273923114631117,5.333735949546446,1.1923553257603388,4.455183899871119
128,15,24.217371405042506,2.854033629278434,5.431956365796059,1.2240732959191645,4.861571978903808
128,16,37.422206933000545,7.388984534020764,5.182797785513383,1.2896505944471368,4.7980486048873265
128,17,24.904932422134138,3.4519441194938296,5.0632435075344535,1.3588561387700366,5.0161878691210795
128,18,30.15130415317681,3.463808287278966,5.606932477410907,0.9805770233809161,3.937215798882004
128,19,25.187279127749278,2.5519010353814595,5.5104031455897236,1.1112084340059463,4.234184836016879
128,20,34.02128159171697,5.200918688027706,5.144476733584062,1.062970641218575,4.0015518590716885
128,21,34.625129274696164,3.2585059467991915,4.629745107161692,1.3645162515885092,5.0399347822345035
128,22,19.581910323406643,2.0976917430092206,5.144304581816978,1.3691390465524371,5.1971905695653
128,23,18.44708959881801,0.4736554635034897,5.370475260456577,1.221120400031075,4.3441208000369995
128,24,15.424429330563353,0.7122914810745267,5.095393055057713,1.2438175314081334,4.309281122937084
128,25,18.029552315115183,0.2990762652859673,4.528523771949731,1.4643745929085386,5.084749756611465
128,26,23.800025643478598,0.7750028535445319,5.413032009698085,1.1983184375734943,4.541178240360786
128,27,15.636280994561341,1.1258087239069101,5.469038233356381,1.1017612988696222,4.090563151918801
128,28,21.35925070733077,1.512586992177903,5.288974688721996,1.0351782578577122,4.035789731811535
128,29,26.804701725157145,0.8824262520013942,5.668610171413924,1.0113046878910419,3.688377276295084
128,30,21.43540119542113,1.929064331219979,5.337195634121134,1.182266866255354,4.555971726611259
128,31,24.2453190891755,0.8841334464050286,4.444373751835499,0.9476305621735506,3.440534498871768
129,0,12.946234704033799,1.2596238033770124,5.65371051173973,1.0195102845278807,3.734007043522866
129,1,14.593137236034973,0.2389630616280234,4.619951969086708,0.980179415898764,3.466829510020547
129,2,16.918092521807704,0.0923885365820453,4.600691150307727,1.266621450650324,4.443624240281589
129,3,33.89961093002834,1.642778984241152,5.428696549617549,0.846299207107239,3.2114639651238077
129,4,29.40616301935861,2.744347685222375,5.3812725187727715,0.9307946676856336,3.4386286435222733
129,5,28.716394935185374,4.021717526789842,4.594882968477613,1.3012310122588673,4.4946603891650145
129,6,27.573514421737435,3.5675897122395277,4.820566754190196,1.0728753808646898,3.881207572320544
129,7,33.63935635122519,5.8061084749064715,5.223982168644129,0.9109445757500456,3.4527593278984523
129,8,40.60776347359744,8.528882657287294,5.138004347467518,1.1700822446871149,4.139937036242887
129,9,44.85102346917514,12.300521237652038,5.026235460937927,1.25257366699591,4.556154254071609
129,10,49.134929719227976,12.307683497719898,5.03594011235354,1.3355022633253082,4.976462142699035
129,11,28.822291105085718,5.840682832397446,4.725945417229933,1.0629261072984084,3.8774036607318094
129,12,20.17963253053199,3.2743223270991137,5.090066746745363,0.6169850376417054,2.603546331099368
129,13,37.610153016075095,10.660400214822292,5.204054777176507,1.1022938779442946,4.227159674070131
129,14,37.249514954115526,6.448478956623781,4.716405671641097,1.2379221936286955,4.505523169404645
129,15,28.08170087104642,2.8345147930980534,5.312620152636012,1.1276391997208313,4.3847999262541215
129,16,17.54405246069416,1.282395218359496,4.666753469803782,1.1912198112710648,4.206344436344637
129,17,18.50100763202977,1.12119363171321,5.147165879600467,1.156159604117863,4.220737733443269
129,18,18.903581745294808,1.2393434949851838,5.509699631772551,0.933740292423594,3.656102871178864
129,19,23.855060196022627,1.0713545848931383,5.2488115773571575,1.0286115139906862,3.904929812621864
129,20,26.797733638671442,1.7541759679106086,5.020530671949273,1.131541071563615,4.177461844499257
129,21,25.693651500525196,2.1527943623191086,4.519188511771423,1.270596021441949,4.690501107768957
129,22,18.360149089210054,1.1408707079560616,4.951219997259062,1.199010110192158,4.466540912920923
129,23,20.979235176211056,0.5443234649433639,5.143844634623896,1.095054739811295,4.030799259858514
129,24,14.173314290332861,0.3603310433730108,5.00754747064617,1.2424571986364583,4.434253149514775
129,25,23.016433363426252,0.8432092189796516,4.506465501631023,1.29299195773247,4.428653135735429
129,26,26.478532846533845,1.1970695727155989,5.475278699530552,0.9892869057347387,3.7430370982867243
129,27,24.591120354784792,0.7687661395943872,5.971893278687967,0.871736441765611,3.4561784548025267
129,28,30.09889931428686,2.2433010164391503,5.40471942745919,0.8279246581005264,3.287110139904348
129,29,20.656006342697797,0.8683465506330755,5.6570017782271815,0.9138042693865094,3.4296358829332445
129,30,26.010286671634464,2.722858707143365,5.7367766366728405,0.9283506057735975,3.6778166856108987
129,31,32.44025559544944,1.7593758013055996,5.230696441277525,0.8035962305919266,3.2251602584820502
130,0,13.033215563284449,1.1202245859223199,5.420157323153402,1.1210679891435111,3.86418213085686
130,1,8.32360291313449,0.20839583853424776,4.382168624308257,1.027628708110245,3.513737900752502
130,2,12.125604566021753,0.04179650368379392,4.729671074666139,1.1977122901190294,4.250530729234455
130,3,10.490005796796128,0.018521066006291918,5.360844372226888,0.8102742679396808,3.0799923809171625
130,4,12.821299626540748,0.28353036872120896,5.364494145140879,0.9434324283090483,3.515335838803277
130,5,16.66305016891193,1.0630321608974034,4.948354665745947,1.2996236841169688,4.538490227500199
130,6,15.075770258077931,0.5756681517508822,4.968516513878189,1.0835733654070294,3.9813166053513167
130,7,18.01075869867978,1.5710059844032478,5.506364758668251,0.872692224451372,3.2916765163695367
130,8,26.910913182465606,4.424685708748786,5.729831073252506,0.9914884340563459,3.6432283107824257
130,9,22.995245368486696,3.2200762510563083,5.732490653445176,0.9980455690764671,3.72820614334797
130,10,25.772839943221335,5.005194610710772,5.456752600464177,1.2347976805487075,4.790780475884331
130,11,22.20534677978815,2.8204966516749232,5.303719878837262,0.934212093546547,3.4874516264244644
130,12,13.880727880734362,1.0608785781878982,5.081506786660652,0.6253247375217494,2.586037777849888
130,13,30.03601856087121,5.084174850372483,5.923318006230598,0.9576860238143778,3.686830230331888
130,14,43.0580256204079,11.26918426265214,5.072984066128719,1.0219317109943509,3.788248191249028
130,15,38.078143673252626,5.856981743795059,5.180984074611641,1.0868204225080076,4.241782725276615
130,16,21.544292984345322,2.8042018191526505,4.5911584340293485,1.3439444536530685,4.821108149251471
130,17,26.509337715772954,4.250403602020148,5.068446564674458,1.3221530194899458,5.060085913464319
130,18,29.57962368470027,4.100795450825007,5.707734661814614,1.1335922672294938,4.439375343385442
130,19,34.57395964982916,2.260013049427461,5.482094659133941,1.2298286189169962,4.717154408949303
130,20,35.27136578595303,4.386305959254025,5.3376625728584965,1.2878240222958013,4.823092231835405
130,21,31.377426278215417,3.3824577535197804,4.773314831835778,1.5336059698019344,5.615561512104421
130,22,36.20229323534737,5.139133144882782,5.415023950505772,1.2874417379073098,4.819347539475133
130,23,30.886708689540328,1.6289826110264762,5.496254993585145,1.143141496501726,4.196126316103288
130,24,25.93982346490563,2.4588195500937413,4.97370915943605,1.3311976597666373,4.670635357787971
130,25,25.078574146457484,1.682771851680331,4.6739561381584345,1.4143656045859503,4.987391054625218
130,26,26.224928082636474,1.269183115983506,5.41370589400978,1.1699913668492234,4.463349532169298
130,27,23.238786766765145,1.061091257021247,5.513783779563598,1.1517588620219321,4.341952939154253
130,28,26.920753356421237,2.017611889766545,5.438173821173509,0.9975063033363183,3.8755799514123397
130,29,28.40815129525076,0.7245104937174848,5.963312329974551,0.9128753419824225,3.547501793043852
130,30,21.480192598044795,1.612911477581862,5.553448870902278,1.1369188555088954,4.464618549234541
130,31,23.9831208304033,1.3382015754816292,4.911481815694558,1.0437428793583399,3.922865883403309
131,0,19.4491044577235,4.602125813087431,5.9079162816896345,0.9126703925377164,3.292080365796205
131,1,30.646691250289717,1.3854324859288212,5.273733970778295,0.9965865935330491,3.739882345950957
131,2,42.09410138257279,0.9974034779124606,5.14517355263127,1.2798185480525461,4.5766901396885
131,3,29.700009844793133,1.2070818680728013,5.735924031462593,0.8653746582344697,3.3499921208544685
131,4,30.693990991557015,2.300600000375705,5.699228472963419,0.9070268586819212,3.4524868598979617
131,5,32.8257808954014,3.4208190579540956,5.256658703594144,1.2704162925409825,4.512869495518216
131,6,35.94334726783158,4.0217621444282745,5.322207488748421,1.1107561429866397,4.101662884641364
131,7,34.82612682709679,4.748218945399438,5.7313267876752745,1.003011777363116,3.7096044292362578
131,8,31.115032937920937,4.482338579507455,5.728746523025154,1.1992302993367163,4.524956659829222
131,9,36.539244821539526,10.45238820093958,5.877975595364188,1.1198313285047679,4.345533430390472
131,10,38.38102037115604,8.245774979897945,5.410766987357372,1.2893122898231368,4.985406430472108
131,11,33.170145379834906,9.677742465074388,5.215990460877606,1.1728465038208205,4.278747793531098
131,12,16.44510007315887,1.2093512307857086,5.150544362599788,0.5188121437535145,2.2607240839584466
131,13,37.24224081503421,8.499742732138909,5.47348747972194,1.168800598492326,4.586405551214928
131,14,45.131788334373454,11.708211365252179,5.015864542238724,1.3012583902569776,4.6508527538116535
131,15,31.478447196257708,4.922724721928214,5.295406639810493,1.2541791212384528,4.911428391397386
131,16,41.08731670430894,9.139947750413405,5.034620145848898,1.3654707970725681,5.221709758403835
131,17,29.464048051722312,5.831853342456159,5.225328430242668,1.2565647196697514,4.7754118537464025
131,18,34.35490353977352,4.642258735283561,5.98785087018017,1.0233413522444703,4.0570748793885265
131,19,31.95037298080191,2.2682748606810375,5.5829538942082735,1.064751734814382,4.150186092265647
131,20,37.25345492309704,4.2080220031964695,5.375839577937464,1.398748895103675,5.306329015997899
131,21,35.94840139627462,4.029198098596483,5.115337561349241,1.3100437561003124,4.86102137754666
131,22,25.26313543087432,2.4718891747276235,5.635506943833428,1.2260928590301514,4.678251960499091
131,23,24.903402784439493,1.1765150849234192,5.583602677720907,1.1463284100100086,4.264213371626454
131,24,21.1767264096318,0.927854610746261,5.212172179002483,1.2595036197341063,4.4134626160231605
131,25,30.501395022906806,2.4961744867158826,4.735063762547726,1.415172425148496,4.955666106011248
131,26,28.189549465233743,2.6073222429854446,5.417640735346113,1.1491085882700194,4.304433794222795
131,27,29.76965303435466,2.540382689923999,5.793633662552424,1.051677967647347,4.022681490875196
131,28,40.547677124073616,5.715223168504327,5.7674817605680975,0.9587034390357303,3.850774996802349
131,29,31.628508871538234,1.803727221697479,5.956584468499494,0.8775177090210606,3.308702127151595
131,30,34.00218990431435,5.020311647758603,5.986211926879383,0.9850976016991764,3.9475559699705425
131,31,32.33320523629166,1.8249542846570972,5.429414060214958,0.8555273316129703,3.4774686781075044
132,0,9.232523193680498,0.9317175266967255,5.862245437419058,0.9518518626838928,3.3721167516314314
132,1,23.11668682172348,0.8582470499830083,4.210745887999582,1.1364074134031386,3.732601447647655
132,2,27.6606681124319,0.8308219044734182,4.428120508627449,1.4569483743148934,5.027143327275925
132,3,16.56755834198284,0.13248117353149452,4.950219357313358,0.7813405602581724,2.973598463353185
132,4,20.142690351188097,1.5137749642197071,5.074265560281718,0.9269278253350537,3.4018948492953807
132,5,25.929120472231183,4.797627185316828,5.0078318092666745,1.246921330144506,4.396114708977278
132,6,18.033866709210848,1.2714939127406892,4.550571544514129,1.163711534949262,4.104269607536998
132,7,28.617082536512527,4.537523366123662,4.642299690097053,1.1730260324494033,4.142011525791378
132,8,23.895538416953173,3.030899140571495,5.163218750226232,1.1892097567837698,4.478665856299924
132,9,30.554812334072487,6.172906939939262,5.233084556463885,1.0959644117273033,4.012369332648844
132,10,24.49360934814428,2.9432334305329806,4.91893534231596,1.3654334027914947,5.328222513908036
132,11,23.511535535435364,4.777247871419787,4.896090006559403,1.014660117681692,3.7192966006344896
132,12,12.853311232817891,1.1248190105904319,4.363019305615125,0.6319793959390303,2.532841855939183
132,13,20.025895202075844,2.2556590773829024,5.517184129793514,1.1572822781192844,4.526099401321201
132,14,34.63610965342032,9.145689816712519,4.982037784862422,1.3470508824725904,5.059129502515111
132,15,28.308288243690775,5.8790687894229965,4.74349049849888,1.3512226688838647,5.256195231361732
132,16,27.460556595260613,5.343178202856382,4.692099776949218,1.5875682879986028,6.123085112647339
132,17,23.61323912158757,3.9566605080038837,4.546446703214684,1.460070471676068,5.494310022873032
132,18,38.94524910434397,6.479004833890386,5.535900781649117,1.0318898251787285,4.06967147854952
132,19,33.103129207908424,4.2011353782660645,4.893920982343786,1.1820131334919912,4.585282050064609
132,20,41.364696907703305,7.554429664494596,4.925319601632268,1.4219343040742292,5.352401470056316
132,21,28.759927743254398,3.013635092123531,4.183346923033944,1.5860086279058079,6.010309165081625
132,22,39.006496974414674,8.237128402056294,4.902380126106802,1.3209999024619101,5.0249476491826774
132,23,26.018301553259306,1.3265661598812153,5.103056450642692,1.2856144383586408,4.857980228229805
132,24,31.700954403620266,3.772918201570429,4.835219812815397,1.3431350369191053,4.763442105402378
132,25,22.082479964418617,1.2403388050947362,4.4581629127147355,1.4504618646158294,5.159026831924108
132,26,28.800736091186387,3.24188405560709,5.148645629026132,1.1695918482551146,4.544445838916927
132,27,25.688164142370333,2.130412909352954,5.7470344493441905,0.9589874471233104,3.913930375643315
132,28,31.342265294721408,5.361177238119234,5.1011104100162985,1.03802320859357,4.14119518165042
132,29,34.74136479485998,3.5933801028779464,5.503176479381906,1.0201243095831787,3.865326900501804
132,30,31.786111004957355,4.302900428672374,5.363567459183333,1.155578905088511,4.618795478014275
132,31,19.202641412295826,0.6180242767110055,4.8540768452352,0.9610910369424035,3.711453537951232
133,0,12.417388072324806,1.9076010833936432,5.671475388873998,1.0238085414250477,3.6558998621751977
133,1,21.35326875188145,0.32404133061446394,4.463526349227579,1.1759887088333594,3.982655571377988
133,2,28.20093542492696,0.6885164009889095,4.794987260938423,1.3089787584826125,4.7032155561556035
133,3,23.638318056395466,0.9240590414724648,4.772553479866136,0.9661341004964044,3.438661396227334
133,4,22.55609919005154,1.3066592803899195,5.024540002029066,1.0898176897357574,3.962032711214546
133,5,20.731167414516133,1.8845255031846768,4.766068333650687,1.303406851969667,4.604978719868886
133,6,15.813746991877746,1.9211305801238214,4.660119238805658,1.175801486997381,4.250065105596638
133,7,15.955841764661313,1.5532823865048688,4.881723462354779,1.0472656512955218,3.747790748550728
133,8,20.76717157732571,2.377951069667238,5.265782270863846,1.1338547797749525,4.150874349010343
133,9,19.322238520455333,3.000987698762053,5.180052140830592,1.0750754139732779,4.003886244570446
133,10,32.90898018635826,7.690810387703646,5.336074731581671,1.2022345075309788,4.596443443241154
133,11,34.611231808121246,10.589185779565367,5.311024179167144,1.0310466592286618,3.8780298372457533
133,12,17.560617152426616,4.222308955647446,4.706611285489089,0.6245834543186257,2.566465501646543
133,13,39.129177868152134,11.467707601402422,5.707225910147352,1.0943010850728978,4.2662016950999
133,14,35.06550238456748,8.44106989995,4.8755586360461685,1.2129394715277932,4.496676205402351
133,15,28.048237128175213,3.8537900795928595,4.750830341152813,1.196244321908857,4.621106206162291
133,16,18.577985788321893,2.388433022052476,4.836008240289483,1.3068953718201612,4.688195991984999
133,17,24.103778602287658,2.436724307764729,4.741625141580713,1.3106815167625205,4.857001063160715
133,18,35.02120524802236,4.5325935268178466,5.1421296344760155,1.1149078951177636,4.13240509989572
133,19,34.2139991301163,2.4813412937964285,5.116451478415506,1.150395796297941,4.161846756839919
133,20,30.72442990979094,4.123622190103314,4.922708927553801,1.26229471338588,4.616128829078315
133,21,35.98613759516509,3.000754971364891,4.601787231325547,1.3100710356545502,4.849260946008331
133,22,36.45851487913089,6.559518106546585,5.136786541535397,1.293773306952687,4.73419415817428
133,23,27.672391439860398,1.0541805527624202,5.234306455462927,1.2566008388626004,4.547773595587282
133,24,21.002054126664117,1.1869600803341935,5.069369784307401,1.2972620291967258,4.6185345574135415
133,25,29.866811841291614,1.3387889966696667,4.8576180153501305,1.423153934290653,5.118902693626415
133,26,32.359581595110335,4.875132821034539,5.3693457182566595,1.1119698171625485,4.164173357786144
133,27,27.022215561698278,2.2046512709987978,5.846650979390789,0.9861861191411059,3.8966795899018116
133,28,43.940499815028176,6.551940091359326,5.569295104080721,0.9955197071552799,3.983722713178085
133,29,30.372017225816847,2.0579783117316093,5.814072278775746,0.9271208451876154,3.467504273375893
133,30,35.07167412207016,4.087428396212187,5.6101265150319595,1.0584586673869527,4.218924214528278
133,31,26.303505653330205,1.4392097367467347,5.109311909928197,0.9712749341681359,3.723038657048439
134,0,13.971194566302284,2.7474158781570406,5.845258400376806,0.9811116264085937,3.564636862210703
134,1,17.187220800884187,0.3827272163529253,4.587352148171961,1.0603064744914086,3.7761028268012575
134,2,34.396133932695804,0.7189427547517492,4.828520878081956,1.3081743812126598,4.579408843302862
134,3,32.5214366701831,2.310701543763073,5.467041271263419,0.8528364160729698,3.2955135850176642
134,4,22.476084232545126,0.9874800481293451,5.278261858215538,1.0073337924929149,3.684484739982897
134,5,35.78460845980388,6.243190189930501,4.848538097502736,1.3468819656663982,4.567461993148332
134,6,42.569133022804934,10.226609176336725,4.865058543736183,1.2193438632496107,4.28158339526465
134,7,33.644586096911716,6.358752254480041,4.85621720800866,1.057536721920914,3.6885204868093857
134,8,48.66229229888263,13.289786258150682,5.389854547787768,1.1447046774497496,4.088411604751881
134,9,38.47828015920088,9.62383485119815,5.2601807232202145,1.1689550411911709,4.3898019373187065
134,10,40.42859876235453,9.024005704064031,4.952488531109342,1.2596970185566176,4.657616350548021
134,11,26.531983773178638,3.386404299558369,5.155774491301087,1.141339901723316,4.165716660210532
134,12,32.557488291872346,6.274140092779173,5.116761549938231,0.6199834566205782,2.5625248632819266
134,13,35.86975731049402,9.086792859774116,5.348500945557229,1.0928120595446682,3.997769131914801
134,14,36.768541766414096,5.808426132452843,4.430187474540476,1.25309530605979,4.3105706294814
134,15,42.927462934674054,8.349455951038983,4.800081567570208,1.2709768974537656,4.7368942674622385
134,16,28.7180034983231,3.8973139641080685,4.253171168383917,1.2918284573560825,4.3096367249996845
134,17,27.946183396063347,2.6258681766073586,5.215681478559569,1.0796456554763028,3.8965289975082285
134,18,24.74233677284029,2.4350721665394808,5.370020759479069,0.9416153523496513,3.6127910297201464
134,19,27.073104493943568,1.2169498189373436,5.291583384705987,1.110937161564662,4.128742606510356
134,20,21.4570815756244,0.9890517265036332,4.992957875667305,1.274223815253344,4.596038572083617
134,21,24.41172410431349,0.8367300960519328,4.704991614123302,1.2007834083502429,4.328815745853234
134,22,13.331158102941,0.26603690909630373,4.779140891463319,1.263515573187691,4.530616802648548
134,23,18.012638490962313,0.41777128177959916,5.037481640813477,1.2195130074694358,4.4030535024985715
134,24,12.189222623958845,0.4598341940268397,4.804831055780358,1.2361727825466469,4.2778636607271565
134,25,21.173863878893187,0.5275268664871879,4.425832393818952,1.4562406091917373,5.06005453188603
134,26,21.7135099101821,0.8056102286549245,4.861506363666081,1.2659484566176982,4.549405074308822
134,27,19.88676961819533,0.727512440212232,5.4090971621756,1.0830707404761428,4.0403796659081905
134,28,26.466968056803488,1.009763354838198,5.395618988329849,0.9192771216334172,3.6985148110132267
134,29,21.657661393098316,0.6434946670414978,5.393820116173707,1.0172074443948311,3.601772300927902
134,30,24.825450792125064,1.2617537037650055,5.364453267766959,1.0294173071029808,3.914702924169122
134,31,17.814618853539784,0.7779797092394791,5.046015434304421,0.9397386757199415,3.586180758214075
135,0,7.503869577120501,0.4470256903772439,5.993614696924777,0.9497633258476901,3.4315416307944098
135,1,17.754255743317945,0.23494609921553988,4.612009781577015,1.1059252320857613,3.9112228423920543
135,2,21.47733745527904,0.39711344942186183,4.463694064559185,1.4604701780286682,5.183989214173311
135,3,21.568964522744285,0.6441833867409483,5.333330836492403,0.7963020775479377,3.1181342801822076
135,4,20.88841645825599,1.1522087025414196,5.173498853490475,1.0088771495916387,3.624240912051506
135,5,12.940603611453826,0.9129051574161058,4.678753402817182,1.339924552997041,4.459737524558709
135,6,12.886123931660274,0.5402816410518428,4.676411482279613,1.249426401718762,4.324394807780799
135,7,20.01285586083111,2.749084000205608,4.652311945735839,1.094817688557617,3.7700953937794086
135,8,28.194466916075868,5.74274384582081,5.100949150834282,1.2460870239684727,4.5633153422439605
135,9,19.7971810349435,2.938084341752986,4.840977189321651,1.330979398534132,5.025460136686311
135,10,28.58535972919844,7.229520011634022,4.6283677585831615,1.5257246417598669,5.777838938455958
135,11,30.880252434055336,5.267609345805988,4.936752161408504,1.1739909460726778,4.394551112165923
135,12,35.902463005018504,8.593001598429176,4.5253735396921915,0.6513981205839325,2.658595698101348
135,13,54.39620357968691,13.062450704588692,4.799873339820389,1.2612795262701022,4.903425359284371
135,14,77.94375748095712,20.51622050153754,4.328810338076431,1.271900997440345,4.595902301369232
135,15,75.79600157465786,14.925000862795203,4.187160017101434,1.2655331425833252,4.793933127733034
135,16,52.675368455808425,8.962620881911521,4.226243109012522,1.3401914588832309,5.061021165245209
135,17,83.70174165522407,14.655164966536015,4.373780156317563,1.1976914583904357,4.6086732093832
135,18,80.54143029103861,8.462988668844673,4.6840380564636686,0.8907659120921227,3.4927211295301026
135,19,64.61075527722225,8.510146412694652,4.830556400418921,0.9663043183237701,3.914111529517189
135,20,83.43977356545659,9.693917751499576,4.9886598791532695,1.0708828526797305,4.224543982705753
135,21,74.38966784713662,9.747995070182458,4.538250728844406,1.1729869735982419,4.547158248186812
135,22,59.47793205681129,8.172474549171048,5.030150392450263,1.0946563923406014,4.271705543846999
135,23,48.56299319381936,3.9842860849689243,4.806775407745809,1.1994000452589182,4.496699998142829
135,24,40.09565517385751,3.9321991199475645,4.831494182663395,1.2041230553836293,4.531547766149227
135,25,49.44203989054857,6.6742865209181454,4.234792342410804,1.3847379763847183,4.9498529655465875
135,26,55.23106257497629,6.16918628744547,4.772332688275668,1.0965305652485,4.295439689336831
135,27,48.40878551650652,5.4142591068038435,5.684102463014251,0.893636544410362,3.6587384145159425
135,28,48.15650605036621,6.482679934390263,4.890950778340762,1.0601115863426056,4.2158726467114365
135,29,39.93975602888596,3.555942932137919,5.033410856944962,1.0564424003103525,3.859410527090082
135,30,54.26567035200176,9.201417993577206,5.098189461198835,1.018566327450766,4.2049234488022
135,31,30.7993439969908,2.0856804865686462,5.405995039095847,0.9336096691130589,3.752441616458462
136,0,13.268528403534955,2.62234255655525,5.888690075496783,0.9653678092541416,3.42661618595662
136,1,20.468644856346508,0.761351946307185,4.701447866931076,1.129119717815831,3.9233506367976494
136,2,25.706871532943374,0.5530789507106497,4.772190972076993,1.299680249048781,4.6037381405473115
136,3,34.60472359838241,2.3206682656687088,4.626333243883371,0.8990914559743066,3.2538573073848043
136,4,21.270406166952096,0.9492173241384414,4.968688574854322,1.0258870272223177,3.6142848313099307
136,5,20.3241833468524,1.565854872579509,4.352719351307871,1.2927319168354474,4.44308815115991
136,6,21.023752851794896,2.249685527256017,4.668783272329734,1.1122491781650359,4.073544683168852
136,7,18.641791507927373,2.251050539780137,4.597653083819562,0.9844110572574172,3.5461075180592485
136,8,20.38188336603865,2.7857727055438284,5.116008277976497,1.0232510842743752,3.802610236344736
136,9,37.63231331931822,9.59352635192571,4.803903001218927,1.0048114806957056,3.7476067348465762
136,10,32.0793150705795,6.871298266731169,4.770747400389498,1.240512139263453,4.693001370320925
136,11,20.525962447521124,3.2620224136836926,4.9065467320872695,0.9704425102779783,3.65890312923755
136,12,10.247653120555245,0.7494905243151371,4.616097503594578,0.6168467448714772,2.5481031082802352
136,13,39.73364088827949,6.498819850542655,5.151512993374572,1.1271422066387444,4.3617140192469215
136,14,43.220726415150956,6.896249257976996,5.042053031578144,1.1423300811109716,4.449268045083539
136,15,42.41238261203648,5.882564307795926,5.220522912209271,1.1397449868222589,4.686276964198413
136,16,31.040279242440064,2.8323031004962043,4.854720898612868,1.2424635190699762,4.646122545532004
136,17,51.40200444827627,7.216859250490495,4.6802534938129625,1.3239116555696127,5.048435129997397
136,18,47.963654473369466,4.402578573508386,5.530825796267623,1.0973181096158697,4.326937419172509
136,19,49.22955299450566,4.370577525909636,5.129214108766077,1.0056579425702123,4.001003638437854
136,20,56.926171460911426,4.355391223572143,5.23026864580434,1.0763535052450255,4.302241757445277
136,21,47.595141396797246,3.325298801840482,5.00507760941189,1.1412583299946313,4.485643161045791
136,22,49.51335048724221,6.7800427593733765,5.413843565816142,1.3703629341903651,5.307303625197511
136,23,41.39986658314451,2.9153114302338032,5.558278282638566,1.2455010444253833,4.624790481549017
136,24,38.306434616016524,3.0029718968377574,5.417075895664134,1.213136935226042,4.51604792131633
136,25,40.80346409073702,2.10914833755403,4.67568977561624,1.583354893595379,5.718729231957788
136,26,44.80708319106268,5.450405642184997,5.2090366893217634,1.3309031903391881,5.061209384273747
136,27,39.24982593982614,2.772522433442281,5.420164521553137,1.2543275928373072,4.722369559821609
136,28,31.99162127843152,3.19487333688702,5.391502809454489,1.230199319578218,4.8708245812196
136,29,41.4667347641914,2.513206097873165,5.910398977689782,0.9827317869836847,3.7862147807032436
136,30,36.74264269718289,4.941860503137562,5.545741734667947,1.1994781819482787,4.8482451315440445
136,31,23.76956696770172,1.3760268341234627,5.172176227584112,0.954801863844926,3.716300174124426
137,0,9.01756128271305,1.4955422631364383,5.63985553864887,1.0057391415189674,3.549293545122381
137,1,14.57480153396984,0.5541903958849741,4.65889207930877,0.9727350938985042,3.537990386933698
137,2,19.348757447108788,0.451643997390148,4.331994305923062,1.4554990758251378,5.244967775181115
137,3,17.232029699304952,0.1619831908319866,4.69549474626932,0.9047602389737506,3.366514431908656
137,4,18.51901784838818,0.758632808396307,5.1099464068932665,0.8661175655848048,3.286592635586541
137,5,24.694221961265534,2.2194669631253716,4.760574366865522,1.0326380919121325,3.723988880177823
137,6,28.285866974001337,4.190996153227147,4.8234099944072835,0.7874659141308733,3.088064991639293
137,7,24.44722421198749,2.814010630508421,4.389064474428954,0.813335946623587,3.0699133646803176
137,8,30.50761374765184,3.911211071391982,5.372713243518269,0.8526860777008549,3.2121910364635897
137,9,29.880136388647706,4.9146581095990935,5.3647534515067505,0.8521716265257178,3.2696963552732696
137,10,35.88750674459477,6.152616580478251,5.380891248028803,1.058980931682707,4.073547125534425
137,11,25.201957235176838,2.8125674278163686,5.049307167540377,0.8408418818561962,3.2414963883122585
137,12,21.58545434944459,3.4591887150522185,5.107499264761736,0.5518819218690547,2.4066292048712
137,13,28.471641137906268,3.2687490095941296,5.45689215265456,1.1412834660705675,4.238705600324169
137,14,20.70646656602397,1.539733473823866,5.235692810173704,1.1926511481562443,4.523864484379204
137,15,28.725814411051466,2.7757932703269024,5.237950320381984,1.34165399401539,5.462887067771369
137,16,38.93287289107201,6.27873150780225,5.127606700233161,1.3062916472698074,4.774522755465363
137,17,31.301780373147924,4.003840220006937,5.282156716041239,1.2984563645620693,5.043709631422821
137,18,37.99022751604184,4.216886042055013,6.014442061476677,0.9964348312404212,3.9851554769889037
137,19,31.17065778440128,3.6921194004341302,5.820767034598241,0.9832531016583763,4.028415505934363
137,20,35.70061488976564,4.241736297960085,5.779070171343147,1.1067582171337484,4.376860864853844
137,21,40.295422509941105,5.0807094139344,5.347971539998861,1.3104336482399406,5.250661099906908
137,22,22.462481281388435,1.0884486254566872,5.79891575602886,1.33655506717243,5.228877815741696
137,23,18.52824047535982,0.37029850771455297,5.796176833322674,1.2289904647664827,4.4921582968991824
137,24,19.537451541689546,0.529223958196398,5.875980890745624,1.1116112544551973,4.110277240875629
137,25,21.166211574159693,0.1085286341300393,4.930388647456859,1.5270647599662421,5.4706740723745195
137,26,22.363008702516936,0.9959900798838796,5.890193508001534,1.115433085343689,4.272678185180352
137,27,18.54208233125604,0.8549914989563967,5.841590717152093,1.1443708340660574,4.362562783335627
137,28,21.927352796751865,0.33288429622848215,5.844199368338854,0.9820267398523335,3.9153187534920915
137,29,19.852029240161386,0.062185774595530374,6.153903830536553,0.9214053770092576,3.416873398456256
137,30,13.97260339231468,0.7585288415294689,5.924609306492314,1.118877430686572,4.5224211299371975
137,31,20.628513968901338,0.5198301795858729,5.2544019767918195,0.8206764750966293,3.264354964245416
138,0,13.812326493393961,2.1234234396691654,5.790939611362906,0.8995923085739994,3.2596526177491905
138,1,25.010257224872493,0.5133685081236956,4.897862007238587,0.9653767418476527,3.5926530562916077
138,2,21.982182069749918,0.17090698045570973,5.057442909684383,1.248456978421057,4.659033114985392
138,3,22.93000558235375,0.551906363293267,5.0856778950386445,0.8438476243117705,3.1720018255506783
138,4,19.77100843990862,0.6535532744563979,5.375214225523357,0.8394811899035375,3.1765378188915387
138,5,20.58162190332405,1.6519494571659639,4.9229484628048255,1.0543165385103217,3.828007979311449
138,6,15.173960762572285,0.5277430389433453,4.705109683305592,0.7668498102352954,3.0641316921928974
138,7,15.388622590428616,1.2153611414783347,4.652823275442978,0.8040859188275853,3.12406272106732
138,8,15.209494134273124,0.3394216992382506,5.281079314247732,0.9329286358245943,3.5314491810639703
138,9,16.67775805289912,1.396505482988729,5.3054702921057135,0.9663614449638427,3.6773878105505524
138,10,16.54104433208468,0.7400049251795753,5.186354789222214,1.0890773089621852,4.224573611176253
138,11,15.790951644386881,0.5761006560190349,4.888097439177734,0.8666983019476131,3.3484208305663397
138,12,16.064820787634325,2.090503353881293,4.668876091993315,0.5266231533628867,2.3311538331676074
138,13,23.426961696442184,0.9715288049071622,5.105768935120557,1.0102277546507255,3.885680590937903
138,14,24.234697880875835,0.5664573427783592,4.872499830848826,1.1725765471335237,4.362105668723327
138,15,34.719788102919,2.7796694401900117,4.783065553383027,1.0520096517860047,4.282525948652058
138,16,23.866083700444545,1.6344328903289482,4.571587122920782,1.3410836483617494,4.741805452118946
138,17,40.81961546276898,3.2559374390053955,4.786269277900519,1.2320109346457517,4.825845515915438
138,18,43.209955584212125,2.4979623328306797,5.539921030729763,0.8495528947599169,3.410755567514168
138,19,33.420782547648805,2.1721199781688063,5.133460327815745,0.9033110622931968,3.6316822459274656
138,20,41.923877033514906,3.9746184406575495,5.341547469885656,1.060196868494046,4.1675083655658876
138,21,45.40826476179818,4.471950060663559,4.489317058801117,1.2500353856792277,4.695481980577128
138,22,30.89732749284877,1.3492298667658673,5.44727853187381,1.2059403609238597,4.628666684492887
138,23,19.058742414980465,0.6168415355427783,5.381553685469245,1.22563880819376,4.452862608482037
138,24,21.251280319235995,0.5756490047110225,5.4217597515117895,1.2111217624492365,4.4466878463470145
138,25,22.939578931189963,0.8204057942152585,4.727929599179802,1.4411514494742104,5.046543641172077
138,26,23.937769923288386,1.494722016513182,5.573138082346943,1.0928838979962654,4.217269589462884
138,27,21.33912949645709,1.0709347021192792,5.801151635640865,1.0965508821037044,4.131033759646613
138,28,22.306498628255024,1.3349601400073374,5.445478869071832,1.0459169600396834,4.044261824379116
138,29,18.296069323619733,0.13776519440196427,5.617717770186872,1.0334072684036526,3.749493353435705
138,30,18.212375742535826,0.6237650274479033,5.581890630489992,1.139036505319897,4.484279445086259
138,31,22.59981501796527,0.9445276400362607,5.1079758156884045,0.9044118294159551,3.5982809495818593
139,0,12.356720430804437,0.9727020533894659,5.385925340727267,1.1091811033357617,3.740676290865027
139,1,8.018179715429289,0.11289644494704493,4.109612059336127,1.0727793557923349,3.6248280594155466
139,2,16.895386928021363,0.045455005050026295,4.430205645445349,1.3387649734245013,4.793685174934326
139,3,10.763514313521219,0.018009748076731922,4.994014420425006,0.8440961642583833,3.2372554795361075
139,4,13.978886199267325,0.19612181608395818,5.207294215687678,0.872629592211462,3.3352995321852212
139,5,7.857260918582643,0.1692908389935952,4.9379032376628675,1.0978687147427326,3.9248522474037237
139,6,12.806592984876385,0.29770557638648815,4.866781410571378,0.8426164656054915,3.3170079648858244
139,7,22.365281882644307,2.5146639339755743,5.053752550682365,0.8295012545380631,3.249957370158443
139,8,22.646529933572893,1.6656386311455784,5.635532522182555,1.001982873781011,3.731287140085425
139,9,24.14399151136385,1.7561188797988576,5.56082496017504,0.9615597623901184,3.690951593942616
139,10,28.44184719463655,2.4537054113625376,5.254888126259011,1.1897384754538942,4.631033425777758
139,11,25.55436707723843,3.197425083979134,5.330002794877273,1.0354655156141401,3.9580213522081555
139,12,35.66700382871042,10.537644284522692,5.507151336227668,0.6076536997639108,2.60747512030427
139,13,35.948518108537776,3.356105249940287,5.860145462527171,1.027670669864933,3.9511569772958297
139,14,41.961164923734174,6.625273644256055,5.583583320858064,1.1301789698864946,4.361648705648951
139,15,61.73653614934244,11.76218623993924,5.533269786538547,1.2361227311943876,4.95475426777711
139,16,43.03563069819668,4.1148112169116775,5.512307283207095,1.2231393915425874,4.439154086573951
139,17,63.13008346671428,7.984222633757566,5.543621241701928,1.264024116340373,4.958913797877172
139,18,66.36042579725188,5.610965146006615,6.158347689382504,1.0657616126173632,4.174468871157078
139,19,70.10598524437984,7.428140736125957,6.0925638797167725,1.0866513141477876,4.313031980395221
139,20,71.23046355662002,8.713661258225146,5.726425179626658,1.3539185290817768,5.259031364844931
139,21,79.78564403489784,9.989401723141041,5.5173867173403455,1.3832954671871622,5.443756020652575
139,22,51.50980608324399,4.333327257449347,5.6883578723986385,1.4519983056955308,5.569780900584596
139,23,49.20890720603092,2.445377455784355,5.906151721941533,1.2913588841755157,4.818681593368146
139,24,35.11713675636527,1.2972816560280107,5.629290269567752,1.25546387356707,4.5937717114159025
139,25,28.18014411072143,0.8864813795267769,5.102112120429719,1.554602036152482,5.645658829265026
139,26,35.35402675432299,2.2403351550233843,6.0346729245224955,1.1839373005329747,4.577770821501913
139,27,31.084107822195683,2.7895985207092227,5.8548511387857785,1.2980842560102799,4.9437532590110695
139,28,30.83169512800799,1.7360365983148935,6.0900453598616675,1.1470844699497924,4.5660387469668064
139,29,39.330228667953804,2.189125303972815,6.469410644613014,0.930606889880333,3.542928400878998
139,30,30.895105817777573,3.575809629927514,6.038431435650191,1.220081363389502,4.921437118209463
139,31,29.99807248687241,2.322487533921771,5.401109724280269,1.0691291428665108,4.075737827157864
140,0,21.591908781211835,6.9728237117128025,6.106571661570635,0.8326899194746948,3.0478860202993667
140,1,39.94173614713637,1.7803572868185995,5.458674612367789,0.9969229695751869,3.8040559508315037
140,2,49.191234424298194,1.3897573884121743,5.164575011163419,1.239381085709062,4.314678874772567
140,3,69.10143251516473,2.8463840637168145,6.447915108765356,0.7518870173396177,3.140228827142913
140,4,45.000663413640765,1.7530992620991568,5.995287739906469,0.9035483099154566,3.479368213707982
140,5,42.32862180978479,3.495017196617143,5.409825549466971,1.1860335135257811,4.052085251423386
140,6,41.370824203336376,6.638375300900991,5.344132327768431,1.1303287673532214,4.123047675218638
140,7,50.77435083696942,10.209526081843137,5.435050236862482,1.0061287819548994,3.6695531176974536
140,8,52.94658035744235,13.357040547227975,5.155492756690256,1.2631843078954983,4.43397965830595
140,9,42.073625004345146,9.765880235685447,5.589177775095834,1.136038928790029,4.2872768626938695
140,10,55.37671074979037,11.739139424291128,4.766130794492766,1.2932388481190715,4.760160134256459
140,11,30.976318927569046,6.071222452626112,5.300730305236491,1.1422277890901595,4.205298192722086
140,12,26.03985597618996,3.0141898486176073,5.529744753152067,0.559415602569528,2.4458808703351407
140,13,32.44731234204864,3.973561125042835,4.803331242449927,1.115652846853453,3.9941978517822845
140,14,40.35276216723891,4.6792268616397745,4.515637773010996,1.0900712483983952,3.87658880664184
140,15,37.936085167149585,3.37766540024061,4.620045062070157,1.2936089628596958,4.749389849862588
140,16,32.693776245738384,2.449312341591611,4.486263449726615,1.2738706702341025,4.485842754719541
140,17,40.27249647986949,9.786656391754816,4.795293648760567,1.2475780408239485,4.433419219339549
140,18,34.705990471494275,2.054843524494541,5.268080775452476,0.9974277944057048,3.6937735173508335
140,19,44.4166688817992,2.5238755934044534,5.347989597828555,1.0934744861971062,4.267709756720451
140,20,46.59966238111863,4.055670302962763,4.938248524854932,1.2956554040454256,4.758089126029809
140,21,51.67639143814521,4.117808285747295,4.522525487089963,1.3803541603336278,5.10821333281543
140,22,44.41540631668838,5.4555180187281085,4.744262804137608,1.4234351415176318,5.237293396666985
140,23,43.541961943837876,2.060112057891402,5.03499481484781,1.390722835662035,5.109841305047328
140,24,42.71285532654678,4.836620310763119,4.9078438655936,1.3439391586593707,4.6762161142636325
140,25,32.81132758761066,2.5874329347617953,4.150406456688971,1.5662238945160958,5.370142463165288
140,26,40.796569240789665,2.9890473946217933,5.173291665955089,1.2494492927946252,4.556980443649881
140,27,33.18322456291203,3.7126278940572255,5.641052527081861,1.1816396193091805,4.421126529276146
140,28,32.263164677559715,2.6388948959703376,5.282082785430459,1.079824435653725,4.229465162053868
140,29,38.07355274388443,3.007110439909808,5.407796571582471,1.142019784334484,4.049380219809218
140,30,38.6053006805374,6.195560034193762,5.12803349742277,1.227095740739319,4.690682005018116
140,31,27.737549251035716,1.9504550134207996,5.185172053430897,0.9719350059248235,3.7914842591080453
141,0,18.429836417738983,2.636617057416503,5.263090714088493,1.1128368084438423,3.5821800760225666
141,1,10.791959757951913,0.17252117925349764,4.399403535682836,1.0640468721826153,3.59870585657417
141,2,16.298239005287936,0.3174060668150627,4.279625185279597,1.3558281458648436,4.489585645996421
141,3,27.068328394706004,0.4830278297350354,5.014169615596891,0.8844166389697179,3.35497423427352
141,4,23.17944519844341,0.6070725227178235,4.993606113508747,1.081406492940089,3.8136932281871103
141,5,21.404756715918737,1.0090892072825504,4.626722319790163,1.4408594423426795,4.8321342616064955
141,6,15.916848726240097,1.2253333749636817,4.712850140976313,1.3182066687422225,4.783277428366245
141,7,33.336659850557275,5.185444523863158,4.66620327293559,1.1673695658780243,4.074182446977554
141,8,19.181319170612703,1.675579422581159,4.808444757000121,1.329720937700566,4.8435857701837
141,9,38.46278579116182,7.695404751899395,5.01684287943895,1.2653701853952386,4.708714082390466
141,10,32.83340251313541,7.040679423135634,4.763445605297813,1.3590572106953553,5.252796334406065
141,11,31.254687346132833,6.067388529194849,4.909207011803395,1.2247632778621869,4.547148075495847
141,12,26.700464427643748,4.01993832053378,4.65315750419432,0.6414941558049483,2.629517419072268
141,13,29.27562434759293,2.914883793592576,4.748922565593531,1.2268695157164746,4.660743998347529
141,14,28.779036006329374,1.8827783558201567,4.668747497291768,1.1528208837860516,4.3681271282406735
141,15,27.964447676591675,1.8604421392158987,4.504266985301516,1.2411175489590844,4.61618421699941
141,16,24.993144798494946,1.2646973604584062,4.360701205100824,1.3528134756572996,4.948638257797248
141,17,35.18007197711631,3.0067853802432367,4.727406561787182,1.1263928533356182,4.388884560052208
141,18,35.169635744503864,1.2047928808098511,5.355402065461132,0.921548030105857,3.6713108185641095
141,19,22.943122847158513,0.4170651662809539,5.254002537235632,1.0152486411748445,4.150519981319402
141,20,23.980475097367197,0.6312507212602734,5.205774476954781,1.21511874347647,4.829737649105132
141,21,26.310605448323038,0.66122771176241,4.378127646131748,1.238035649881672,4.628688648101515
141,22,11.66129182207419,0.10004688695223349,4.5523176242392935,1.398595842699791,5.132477418240895
141,23,12.69611580373872,0.13220879744306693,4.605419337448497,1.4597920974016754,5.463574870608813
141,24,12.237473199664628,0.13921373418400412,4.402931251933257,1.4121610423046729,4.865105009009975
141,25,8.233860220092462,0.0,3.9448030718909655,1.652235006204772,5.731553635990052
141,26,9.291395873191377,0.03436941414167842,4.90466008352729,1.3286328155018783,4.9381710975365785
141,27,12.073314341443481,0.13978722285455716,5.418768925305524,1.1839464521429903,4.497159784743773
141,28,16.034941233907492,0.23554323828044443,4.8525684895350825,1.1230488069158895,4.392203749848093
141,29,13.489640230918686,0.3578939240336292,5.479897217851499,0.9776501447880808,3.748562581290982
141,30,16.716326397273235,1.3366981754844123,4.891218404518222,1.2043951256634564,4.756679224273366
141,31,15.9253846797136,0.3105189484006302,5.016769064594575,0.9614344344877832,3.7572297508063843
142,0,23.934761727419612,7.994383387191842,5.879963823287323,0.9442405038046511,3.38508611204937
142,1,17.95829511604684,0.6485091133541334,4.84369955464796,1.031811113275836,3.7239619501388592
142,2,29.175259290544673,0.6126278673962784,4.3967124884807856,1.2584482175809333,4.527592085401517
142,3,28.437094395815063,2.853093450334385,4.551504576505678,0.9277752652349474,3.3162108994688984
142,4,19.07059025724923,0.47760140080224506,5.0212504763742105,1.0322011851405266,3.735217503468351
142,5,12.119949813335445,0.6096194904316394,4.419728954370376,1.3956702793507523,4.741891953888655
142,6,17.219453372041,1.476137391255584,4.612490535367623,1.0617281809344394,3.907114653234228
142,7,19.880047316725864,2.419155514055203,4.517971293617379,1.0049010662979434,3.6573367991013535
142,8,16.84360376073692,1.6364627119169284,4.991241659919817,1.1007834602010345,4.034320691917338
142,9,10.52324197934048,0.23677110776642307,5.154633537663225,1.0379004950391177,3.8628126297950054
142,10,20.81137109557138,1.5185247115763947,4.7204971732818635,1.0445080769601152,3.9870973960357223
142,11,12.382327187500124,0.11073232447952676,5.032321875011373,1.026838841084924,3.8735876135150282
142,12,12.730573297761772,0.5700380800543599,4.386641004584491,0.5869122520216532,2.4587185186715574
142,13,18.256514817265188,0.37280235654786503,5.207047611346379,0.9973168015214764,3.8200040137992715
142,14,28.504188578322108,1.7706906307141301,4.425089146935756,0.9777483052869105,3.66555464271113
142,15,27.616781353283095,1.8009345453884091,4.736408812934392,1.0704161397581462,3.993319906388936
142,16,33.68278855138769,3.9250051393109735,4.741673969643868,1.1052824787217794,3.8208982290620486
142,17,38.31259201281131,3.4300269670913712,4.904243218740188,1.1607295308840424,4.226045974120447
142,18,48.20419283083994,4.577405929084068,5.416869740466051,0.982706023272506,3.7150485636274104
142,19,43.77728894625992,2.6357919804448384,5.673865266317153,1.0739969946007095,4.275479220753285
142,20,36.31996172600058,2.2629756733762756,4.985204791040532,1.3246663987993346,4.861427151732487
142,21,40.81467307307278,2.7734462254239496,4.833340086575552,1.307656490974118,4.938914411133736
142,22,25.516766909360424,0.7773935388338016,5.586914366185136,1.3136512685008235,4.94579776276467
142,23,32.02792569157642,1.0207852929990575,5.610295681636938,1.2349557734854981,4.533545527243214
142,24,33.782766040812746,1.7077925811570678,5.779089906651006,1.1582498996431676,4.265421036462603
142,25,27.923515065916227,0.7795950774402395,4.914270088212485,1.607352807049609,5.753960127108598
142,26,22.461533912471015,0.8984030929012079,5.883422404044859,1.1369746856778873,4.330835420799978
142,27,20.515459697311776,0.9886478786590569,5.5342373612404,1.34736040616181,4.961571451363409
142,28,29.176396795784235,1.038960418583125,5.833938348611332,1.0003218955133137,3.9338407772770405
142,29,30.37519740784793,0.5606986510797373,6.157699068698417,0.9047055648622555,3.38053008375378
142,30,28.291243637733707,2.9425269388766795,5.877816192760184,1.1191533187111427,4.350519506268275
142,31,22.511760166212063,0.8734917236840738,5.452646702418776,0.9376726183772188,3.651716887716656
143,0,10.817858163901,2.1339566635627722,5.662669508983769,0.9865421859017793,3.480186308326875
143,1,13.396011101927794,0.4910135006577311,4.719227512983112,0.9837141343148481,3.603414135319719
143,2,19.946640439606785,0.6265329818512148,4.184321702423141,1.3404752663072061,4.87892410525061
143,3,13.74814089271858,0.16628269369067955,4.5098007752326,0.9561150250026627,3.478307654432286
143,4,17.82561930344064,1.212821584707977,4.822634839157567,0.9944849830724536,3.6318580239791243
143,5,17.71597826448894,1.124477010764128,4.603825080446178,1.1643377964017425,4.158197666358139
143,6,22.7750478518786,1.8018313083930884,4.847133936415629,0.7249521474146325,2.843550282933355
143,7,18.97443301008952,0.7738177947485789,4.6191532493617835,0.7695894631556843,2.9682075042770353
143,8,25.19830509933473,2.0581397695271377,5.1031774833413355,0.9522377395666597,3.406668604166757
143,9,21.45527321354478,1.91283607625767,4.821723879381958,1.0845422456155145,3.848789477246771
143,10,33.05169205149941,6.588584102543832,4.841307761642055,1.1286820540171814,4.127296547715736
143,11,20.237227062061564,2.9776183974576043,4.75955358168424,1.0822098734761854,3.8067925297012
143,12,19.531889960274423,1.2649418867377122,4.751516743283643,0.5165677214959734,2.300350805585564
143,13,30.65484823032081,2.6343022636519553,5.343855688199936,0.9219876816996289,3.4597818120404997
143,14,15.371123519214024,0.4399688488802428,4.535163023250851,0.9644444672578532,3.542032052546761
143,15,15.367421243987941,0.5549990250118582,4.853594377980146,1.0818751640732813,4.069281868460172
143,16,13.711344030121307,0.02020629399448059,4.115741362781291,1.0848617350452265,3.6159338904688663
143,17,11.990763027604523,0.03229435981198796,4.746226051830612,1.2717111939521297,4.6192935147656105
143,18,12.22191801315376,0.09866989616042676,5.007384194244558,0.9714412091126858,3.591794433399337
143,19,19.641741152509674,1.3064382819037608,5.254607347530909,1.035825865915763,3.9550405264873127
143,20,17.558189194151154,0.22276171657303603,4.661247289341371,1.264578091772579,4.484415532354178
143,21,19.73637518389652,0.21465000008533744,4.860560579697371,1.2708570350675172,4.936587958014367
143,22,15.342261123633492,0.28338636283070945,5.2160860285643125,1.321593163346586,4.937189873784821
143,23,12.776618294649236,0.0963600425879565,5.418247325517372,1.2215438507659222,4.503203104625681
143,24,11.846481317300977,0.019689577776320882,5.419148020264895,1.2421858442975138,4.563987127072734
143,25,10.760075926895919,0.031837042930916756,4.5188632956325065,1.6206694996187796,5.66327564445929
143,26,16.860726983871743,0.20966416392143614,5.396182940478171,1.215131153734898,4.4751090980942685
143,27,14.66606170408853,0.5763603518605902,5.432398414809044,1.276782650692807,4.703086322680282
143,28,13.362262637061363,0.23494601152595948,5.357635118264094,1.0175369995043066,3.87966932068056
143,29,19.45455833613051,0.18523618929414126,5.751601297847793,0.9505291773148015,3.4848783849985283
143,30,11.064928887169192,0.23502079670829526,5.467117877470705,1.0951675714070532,4.181223316296203
143,31,15.847515272747536,0.3999311515205269,4.933986203646635,0.8904893680535189,3.4601845959245203
144,0,15.997165108244566,2.9873498664997453,5.838420673370532,0.9139229434812597,3.301926512858727
144,1,18.818379124021774,0.9379566375635499,5.016778690058301,0.952975625077153,3.5769639579150545
144,2,41.237368742155944,2.3204413238755848,4.732530827704313,1.1952794706546408,4.119807667017749
144,3,28.498064545205196,1.02274852619004,5.336840210473243,0.8294272296172345,3.1644825951321365
144,4,24.836679377396386,2.076087402165566,5.43778963087656,0.9538662538810918,3.4920740262407874
144,5,33.3561977780338,3.0721064000627467,4.829750928345221,1.3265193503156176,4.42034807126443
144,6,29.815058819190813,5.351181232410309,4.844938633528457,1.2119870606725947,4.257327093524212
144,7,30.53604529084432,4.4577383784183855,5.075036483928367,1.037466012490082,3.749043155664907
144,8,38.6791119473976,7.727707801823609,5.080367937343441,1.0934684487876662,3.923074530479205
144,9,19.468965614826217,2.001349872619474,5.27706902332709,1.150664833394031,4.269042703950645
144,10,17.61606543034313,1.0382561588842887,4.72877374291022,1.2059266474096972,4.539616379761196
144,11,13.486944142696352,0.9535940854240559,5.142122471001491,1.0087125608155052,3.8330869166729236
144,12,19.8133373186076,2.4392999832926723,4.85006780510033,0.5921610409883451,2.545449184045535
144,13,22.216678515828505,0.8764581359153949,5.296499622698967,1.126943519366698,4.329910090250124
144,14,33.34003480032092,4.333041169334293,5.000112982217605,1.12177257545454,4.2582927204828245
144,15,31.48213134051324,2.4053266606668595,4.8023786348440485,1.236903905999161,4.792840679691106
144,16,24.56276159620276,3.1147482956471535,4.692978759806868,1.384780880197706,5.161861099774524
144,17,32.85994907567904,4.464111416065659,5.0937917364121414,1.1501375344856815,4.538406031952546
144,18,40.10674532252281,2.382393732475782,5.701552542269741,0.8767028284657625,3.585050720192501
144,19,39.00546287950313,2.5986666413994772,5.411695622188274,0.9104671678494931,3.8358116414650882
144,20,43.55604050705445,5.754268707368198,5.430579347170401,1.1498172605146628,4.585427882461536
144,21,39.646108813996726,2.5364312876490898,4.866215542310767,1.194454021119176,4.613622554361042
144,22,24.448951649279486,1.6427719553216535,5.180293390980014,1.174913373631144,4.576941521719084
144,23,22.82025350869593,0.47472872167496694,5.186656587766575,1.2744447990144536,4.888909393496766
144,24,22.114955637019584,0.9131587473851699,4.851237305733722,1.2731197359380593,4.506652165316389
144,25,20.857729990206142,0.3777653414024435,4.171367915370657,1.7215763406809907,6.136303667469536
144,26,18.354506121131447,0.6154862639758121,4.952517985079215,1.2797913582670137,4.792607109217737
144,27,20.43694048289634,1.0215480274989506,5.792543593463511,1.0565274061568175,4.1615644564354835
144,28,26.129457666657572,1.6607817374848488,5.0210848136337605,1.2012020857681263,4.663219587136889
144,29,25.40691368676155,1.2231349828850833,5.656004574248994,1.0065864614681637,3.7732059449641357
144,30,20.051466554928634,1.364242341975979,5.289367317757673,1.1374221730158327,4.530481725889646
144,31,26.494231364383054,0.7909719486217518,5.511926640404022,0.9625869761443502,3.8860862102374862
145,0,10.383943271262176,0.9341693694015579,5.713602840131875,0.9578672851267118,3.398902407412632
145,1,23.946745787474796,0.5913786989599932,4.670397929631541,1.1319951693327486,3.99298526827034
145,2,33.70021352238994,1.2659757764204076,4.387386601539955,1.3717357280393223,4.761409984055385
145,3,25.028241417163983,1.171479786061978,4.649254639851585,0.8899132273924808,3.3834020751793523
145,4,28.8677834085588,2.833988022466672,4.911836387339116,1.0619138945924833,3.7872732676969862
145,5,23.9253503038304,1.9480483718748287,4.517396933729773,1.3488848129920878,4.850782275184457
145,6,32.99403707676492,7.224636878687317,4.437439014849696,1.033486116406734,3.6650205358187846
145,7,32.80298605172189,3.8130811649567673,4.621489599903503,1.0113771201229502,3.7666416151384494
145,8,28.771521580467333,3.5031328849415564,4.995014557143303,1.1038101173645893,4.073382068845882
145,9,39.42524419846431,7.894600450460355,5.14471292787143,0.9991598148661707,3.7719266617889433
145,10,49.60496133453145,11.43831960689336,4.605260839891608,1.1823282243858548,4.518344230277619
145,11,27.650155761928985,4.675779475043113,4.877435324990023,1.0793175692446821,4.037263600924632
145,12,16.050500429983835,1.666888974626664,4.54167586723092,0.622727153891014,2.550078210764757
145,13,21.08620487746399,0.9447779864707769,5.2510284051955765,0.9655195763737305,3.785089812114785
145,14,29.356025655009226,2.8719057872943057,4.604599431487788,1.170103759794924,4.358267260837257
145,15,28.463321789019524,2.6793711802941145,4.646895614719318,1.082927512949654,3.9812353568576686
145,16,19.254270518457954,1.1811282745147018,4.848248764535237,1.192668379389331,4.505523463067979
145,17,17.24362925035396,1.0881477450609511,5.126715864935399,1.1569428569311597,4.655158839344528
145,18,16.553339548545203,0.28601971255455877,5.480220629217075,0.7971621249519512,3.3445952987003653
145,19,20.88669628851069,0.2803590952356735,5.252465384076232,0.9511267232762917,3.906033825308878
145,20,23.689041927977698,0.9441620480334358,5.512269971689194,1.017649071999399,4.135748911131211
145,21,24.506127517994443,0.4822586433342607,4.917995037238413,1.1554096993520124,4.565598217778282
145,22,22.256508312194626,1.4751003573010126,5.597926134387754,1.0876476364048546,4.31889085517953
145,23,22.338412265111117,0.37967822571649085,5.704341435955007,0.9798762852782748,3.823213791261517
145,24,25.87732087642039,2.3162899985098737,5.420804140035905,1.1559207547938595,4.299829399782606
145,25,31.192171859916492,1.3533879849870554,4.890716785033053,1.4374670658533741,5.177892459470691
145,26,26.587339372559057,1.7680291430758612,5.637427854161707,1.0574080476358052,4.043155102210616
145,27,17.907221597006483,0.3311045695620008,5.782898665728439,1.0582394043253078,4.165286620701242
145,28,30.253711622934265,1.5857088397276011,5.4573403779816605,0.9384317797336603,3.8190041941487403
145,29,32.26393947616047,1.3025981401211977,5.865567621133396,0.8630166226049214,3.31864341214371
145,30,24.602214340899966,1.2408206428871371,5.9200780221146925,0.9630645216834068,3.910603890991461
145,31,24.806125434014874,0.8123285810873058,5.506396053931333,0.8482971046870809,3.434072505030676
146,0,17.95423716008622,4.4269939527328726,6.09139959984298,0.901859392672927,3.244255755620353
146,1,33.75583186477208,0.9414157168105984,4.909207327151943,0.9829052414235431,3.5443341672204585
146,2,38.14007225457537,1.4016897773115709,4.939347870829715,1.2768613323291218,4.608048523368022
146,3,54.41374537190834,4.355174965032599,5.643946832633573,0.8981849312086849,3.5138132424159427
146,4,30.17621697371638,1.9060062578512431,5.281119217087832,0.9951424649824947,3.6059341978715946
146,5,26.448295792879406,1.6268376112032885,4.723862553927285,1.264477196853445,4.539103584736061
146,6,40.06838023908793,4.229291815704863,4.790863676812428,1.0116807956370772,3.715042561699279
146,7,25.39274912628967,1.5086195268034608,4.653695631609601,0.9635998159541259,3.499784141874378
146,8,29.955844122644354,2.116132273475068,5.154480225370651,0.93582916920837,3.6318430533307824
146,9,20.112006441889996,1.5139654329664363,4.8547722222948035,1.0795251141990017,3.9996464099096274
146,10,38.34451666960617,2.0105897188874833,5.005668432448595,1.1588664844560546,4.451746718168484
146,11,23.71320853168398,2.422578601289298,4.844626804913203,0.8842868856664925,3.3275027185597574
146,12,14.542222825108833,1.7137749112127003,4.754819158307267,0.5421778455750763,2.3664636770349086
146,13,26.598259918437904,0.7416861839793083,5.153519536570583,0.9012609030586862,3.59695657441805
146,14,43.18378247014249,4.584775953316959,4.651793638842229,1.1153057742936516,4.074826772479377
146,15,45.39529884003995,3.274319448769422,5.038669128082546,1.0418796923660372,4.070452171032545
146,16,26.45558041596013,1.0289926577997255,4.926323641877634,1.1599702286476816,4.32857219210794
146,17,34.19017655663485,2.52506436797961,4.9991744257675315,1.1546296996040741,4.664326339420171
146,18,22.308590578990717,0.057752660922087584,5.259234416145303,0.8363306331362894,3.385666490286164
146,19,28.490735779112917,0.3203300328773582,5.461518948122106,0.8777412661338371,3.534774400068936
146,20,27.846079701690734,0.6694740351288995,5.4922891445350706,0.9066286646172594,3.673191645323059
146,21,23.945084579073992,0.3597544422865241,4.637349244374453,1.0925141533580511,4.014135222300966
146,22,21.24919929771897,0.4182596672788416,5.444086544138939,0.8957155420722573,3.5666595126485383
146,23,20.05084674959324,0.4702428053018456,5.671385807982038,0.862139302980995,3.4235260668867866
146,24,20.837873625603418,0.2923336543453963,5.6203394479009265,0.9255153877348805,3.6500254646491883
146,25,23.501707126211745,0.30874567486057714,4.683178903343686,1.2405118487674507,4.4847230685802755
146,26,22.21938263266606,0.5710491118500358,5.3426840647372975,0.8958641364699247,3.4999249355001667
146,27,19.78246129869713,0.5398085448886679,5.798958111444762,0.8713075398362786,3.4691023452828107
146,28,25.072941006999564,0.7612252620182971,5.304084850883593,0.8217851054640564,3.3122738456955716
146,29,26.34932897346342,0.8033650503070319,5.371950266860206,0.9569782934357978,3.551882490205772
146,30,21.182533751388554,1.0162348903939449,5.498101363269145,0.8925921201901073,3.5911749363842524
146,31,17.15406291337382,0.2861046288774258,5.159914448830758,0.8342173317732051,3.322506220992127
147,0,22.981162113246317,6.331086049678057,5.861637998128122,1.063366412188488,3.723689274888461
147,1,23.225183643977253,0.40355090147137207,4.561790753356293,1.0199279595205155,3.4449735565652455
147,2,29.88576125499231,0.5553649902790265,4.7545523913330925,1.324923503426982,4.874908104665927
147,3,27.846660832701406,0.8490930992498111,5.410831484916306,0.9519932301708627,3.6519065610439867
147,4,20.437027003799237,0.67238608016313,5.320108521429212,0.9872340506493869,3.7897424805927717
147,5,23.342940726017403,1.0560889759752643,4.959201893336374,1.2722029388562124,4.566960215343284
147,6,24.793290586778042,1.796037089812347,4.838465006286809,1.0129653826662244,3.766102535385959
147,7,20.163753218304326,1.4444341391070354,4.622649498630819,1.0979328414560428,4.043060346708774
147,8,31.43023341229654,2.9364074746733833,5.127183688144434,1.144295606260715,4.498828399415425
147,9,32.153232085275974,3.970066463393179,4.653570046059263,1.0157784954689992,4.0183636760697325
147,10,38.208039296422186,2.4444056981733695,4.654946580570193,1.2263841282058658,4.720307082918877
147,11,32.07856643778079,5.239579308341439,4.705973572192004,1.0275863209600091,4.004257147608905
147,12,17.94410892274564,2.9777373938401928,4.6286756020465205,0.70167277873482,2.866019947533217
147,13,37.54755260545245,3.429840121590072,4.844972521351968,0.9606370993541447,3.8070727646701155
147,14,49.641489327832694,7.686696525605358,4.898462415577055,0.8543292171398393,3.4129547226385717
147,15,48.09717832209227,3.190398686043931,4.610415179352997,0.7929750002933291,3.253282431736069
147,16,41.30096556147655,2.4759148092495096,4.688136546743197,0.8328883664151565,3.3435079568281916
147,17,41.680370070094014,2.454008849003688,4.555120721796937,0.8854685894430023,3.5442934134435053
147,18,40.13999668544768,1.0402500392523555,4.376117775267709,0.6646492707784573,2.768517495121076
147,19,32.095970726206254,1.0174782317084439,4.903776184402411,0.7172119284495722,3.1066459980728784
147,20,39.049337552939846,1.3094683483008118,4.754674652783326,0.7727919327784418,3.149804253979599
147,21,27.80837720843608,0.6137189588972236,4.370923764974229,1.1117447299607974,4.28902228537511
147,22,25.91175602209625,0.4358043020666854,4.896814349714418,0.9573296633625361,3.7643217913386464
147,23,21.971526105946303,0.301936382240633,5.340839194759361,0.8823530392893382,3.572878232768226
147,24,19.64634958842916,0.26996021657687985,5.112045707443007,0.9511197303712633,3.720291434143718
147,25,22.39358609276724,0.32714866169344425,4.504253712780728,1.2129632063396416,4.357201525069587
147,26,24.725327638426194,0.8335690964104399,5.5083013974223345,0.8143532557852282,3.339239492978052
147,27,21.74930737596221,0.7331075482351891,5.439231804149961,0.9805441320885553,3.8419928387826126
147,28,20.887294782262472,0.451783941156971,4.213945146354578,1.0076426638131748,3.826030314488503
147,29,23.297902137556786,0.5707736745259886,4.565303273615164,0.865931667535218,3.268462767317805
147,30,23.97488740108841,2.544338997087992,4.424217326019882,1.1279881496023298,3.966251254804997
147,31,21.35649439362558,0.2903696072594226,3.46941666819009,0.9124850253986083,3.2234252965528674
148,0,19.28580188289791,4.2016967958732385,5.545513684546517,1.0393890685937306,3.5929211565188317
148,1,10.943396750716524,0.3082166182673313,4.624817048572808,0.9898478721211061,3.3583098008508943
148,2,25.016661837904373,0.5736949444039494,4.4069328308894535,1.5062308972982104,5.402978375279175
148,3,21.07127171259426,1.0097601670828342,5.156663342184258,0.8465920193516112,3.2641357302012195
148,4,15.938836761127847,0.33105303454206547,5.497877803486335,0.94607465556156,3.6280448718561162
148,5,22.250278360384165,1.2857022359238566,4.444871229668484,1.5329810276802451,5.313844927073257
148,6,18.979301958441464,1.8579637137387799,4.91238850342131,1.092510646506967,4.043392472244833
148,7,10.945452119725003,0.21503923951440998,4.588596472365726,0.9966997469726158,3.589828052598133
148,8,21.830728385174393,1.4411077222909565,5.155655423098869,0.9706179820270817,3.782319019213108
148,9,23.85972796993608,2.5767153505578415,4.891938324271116,1.0324796310994264,4.065203268767389
148,10,29.270999092646026,1.8656308953995813,4.826243797700677,1.163514632896839,4.695128725422575
148,11,28.310248844704194,5.473252879385002,4.936723943630021,1.012481032682321,3.8256135124286117
148,12,11.337841261055226,0.9850440471943601,4.472038384494555,0.5788450584981248,2.476407266762534
148,13,23.268337980262153,1.4283949534748044,4.7636841243716495,0.8513928465931428,3.501307674625671
148,14,22.14476748486573,1.1795548077829223,4.982171455275946,0.8294949426972131,3.297070975748105
148,15,22.9007390859291,0.6946848402812351,4.567307810860778,0.8825333643086442,3.5623579383479322
148,16,21.783528067772682,1.332093896473585,4.571692752915363,1.059389647095621,4.021141834534258
148,17,22.651662837269654,1.0959859605014663,4.585295782571129,1.0771878235244046,4.253033973423607
148,18,16.323483568018148,0.17691436296218482,4.888141784120027,0.7018159894690585,2.9796928465671457
148,19,16.517630698719096,0.15180567297958014,4.777916257294119,0.8635202659455707,3.588718152779698
148,20,15.06010850436441,0.039921790024247686,4.905863170055415,0.8009586735602428,3.338856326507653
148,21,14.712827144876218,0.008951207512384743,4.411530167191572,1.0462149991191954,3.9253351387148094
148,22,15.53149929872604,0.2060460819029789,4.939127637972717,0.9243040620249001,3.6773199535300933
148,23,11.229021310714828,0.03313938281376471,5.280244129150857,0.8501987280545702,3.4447049025726035
148,24,12.844102043888972,0.11072547238031871,4.744134565534289,1.0939618206849104,4.114134990490106
148,25,12.345507589515647,0.07536518766536442,4.227333245147401,1.3484957916243427,4.944010640595787
148,26,18.796208431840597,0.5772076136511748,4.994429348634856,0.9600162300573638,3.867575834346489
148,27,23.205244869092013,1.3335240666337747,5.717534151945268,0.8595950091409303,3.5306637134182726
148,28,16.64924567394463,0.09735308017462241,4.875183165837729,1.0139273142153948,4.112784260357349
148,29,21.73809755694397,0.8564034125412284,5.097216434814705,0.8645375268880882,3.4597025257445493
148,30,26.175751479767662,2.9451648620374957,5.116333961871183,0.9439027909417677,3.8432099490426275
148,31,31.211376060985977,2.026680670808241,5.29141625711844,0.8431789530889278,3.5471656405158156
149,0,36.67487872527044,14.061540341169259,5.846183003792763,1.3063144093016383,4.7106514389980765
149,1,19.51675894306335,0.8632628738988908,4.901217384449236,1.067215954996822,3.78886952501945
149,2,33.04360890899336,1.066791807541032,4.911349496945482,1.3982945995597422,5.194182984677802
149,3,21.235637480389983,1.0015161438667957,4.867198965777815,0.9286349331059176,3.399127894385722
149,4,26.359322838521408,2.3306897422363893,4.900538528639558,1.0379570351767962,3.7634757186789747
149,5,24.021948146556497,1.8899863012677576,4.644404858760813,1.2284991216211427,4.477228287773867
149,6,34.43081280906017,5.2945016158059275,4.742773840408836,0.9513924353320595,3.5881359927181045
149,7,23.612169946314175,3.1683223848620896,4.303688229357171,1.0046691465366493,3.5792734916173528
149,8,24.637728518624982,1.7976640220873656,4.851275586511738,0.9560991266081391,3.7384256010929873
149,9,26.931363428489508,2.3022934380444013,4.736833513862347,0.8775823849518467,3.4750227643293794
149,10,32.42939127349909,1.938709593249003,4.607175536432512,1.0443844459132805,4.009210843444815
149,11,25.725454040660598,3.1575932001762332,4.588317489006001,0.7070839165275684,2.8908910508292864
149,12,12.500797248969686,1.4113755103208656,4.371797079975027,0.568171997282195,2.407734151566972
149,13,25.96432057022478,1.6539720556467463,5.018746088803207,0.7029810959571456,2.9811829814672586
149,14,24.894411777301016,1.4217346892619818,4.683567167341321,0.7224576021947211,2.957964790572818
149,15,23.88024901267063,0.9185152923634551,4.59740116250696,0.8473678867164951,3.3425092368358253
149,16,22.26289403416784,0.8656017063742174,4.452233342659799,0.9323211566825975,3.6831934739463437
149,17,18.71505940880992,0.7132630484412853,4.965592064125865,0.9050146355047914,3.6116795649416016
149,18,16.41385538579973,0.21869912887982906,5.117260209504676,0.7120158508665453,3.0480048259714256
149,19,23.57254660190494,0.419780990634521,5.190341240330689,0.7006683261445357,3.058423413054477
149,20,18.503809445572347,0.5724143244403632,4.861052085871043,0.6898464751902118,2.951379182184306
149,21,20.638240636895198,0.4623222057569381,4.874031213751157,0.9328564198919347,3.7038644808922836
149,22,21.25759476377868,0.49623732119315167,5.1052077544581955,0.9064814670628598,3.571496789302796
149,23,17.212489275750272,0.2653750130202154,5.617973276624834,0.8112391186620949,3.300185762029789
149,24,27.308830251298044,1.1880718740297973,4.999363168307832,0.9795388463738126,3.71321605909835
149,25,25.36162835881826,0.6721137635118006,4.2880329479664825,1.4140138640365487,5.202063307899275
149,26,24.204903535697277,0.7220786631608954,5.226720536915793,0.9570859872457653,3.752460784064986
149,27,25.52694834672804,1.2897314650199325,5.385017163404459,1.1318910112550942,4.3090266044338215
149,28,21.67461683445872,0.5910799653852497,5.135818802709275,1.0907348709389781,4.332980158487744
149,29,23.1855398932082,0.568251787325826,5.2379040746898955,0.9337697396673903,3.5229066103359825
149,30,19.972693338289233,0.9715935162751181,5.357333550504946,0.8386411675260392,3.4027848241370466
149,31,22.992961100702182,1.7843849702060246,4.950690605506592,0.9233938456611428,3.6361757461335933
