step,layer,shift,revisit,dispersion,disagreement,effective_rank
0,0,,,5.805694714706772,1.1508277266482043,4.3323204841684575
0,1,,,2.320575303088771,0.5013751878049542,2.0157859768058994
0,2,,,2.106404897154821,0.371937217173409,1.8116329282343235
0,3,,,1.6916168137938885,0.3043984669228774,1.59462915883349
0,4,,,3.172687425556008,0.639128619546538,2.44069273319334
0,5,,,2.8109968422570626,0.4777444976081977,2.0806745915714293
0,6,,,3.3697930658222854,0.5998375636021698,2.4485759719556266
0,7,,,4.524075160094732,0.547316495106398,2.442978315960888
0,8,,,4.425573427740437,0.6959965068105651,2.790899612372826
0,9,,,4.281805712875764,0.7289981180426279,2.8905136639993567
0,10,,,3.8091174729328516,0.8360002303498089,3.1220648994348825
0,11,,,4.673681268985328,0.5584014108006645,2.4393428111573066
0,12,,,4.771323811067068,0.584440649896619,2.474453277626713
0,13,,,5.3738912728111945,0.707174594641593,2.954973523039342
0,14,,,4.871860686536067,0.8605219925035659,3.3059852908605913
0,15,,,3.948555212648488,0.9187187961489265,3.331646052115387
0,16,,,3.4790871549018294,0.6018242490884949,2.4525699797313263
0,17,,,3.704794993781083,0.7575822021272556,2.8486385909809755
0,18,,,2.6709565541172084,0.4362124414884536,1.9124391721584255
0,19,,,2.987571879553149,0.5611460592829092,2.158556011973775
0,20,,,2.8977938345176284,0.5683310969266158,2.2418062484269012
0,21,,,2.768277996308217,0.5979365992635439,2.376238271249101
0,22,,,3.272743986816174,0.7727354927559844,2.793490204189419
0,23,,,2.6641210036360663,0.43692555214555817,1.923374248414678
0,24,,,2.239939660907485,0.4615219353282116,1.9566153427461088
0,25,,,1.875960732082632,0.5133433670641683,2.0466264618636507
0,26,,,3.0548052805159114,0.7919865411228453,2.784542294229286
0,27,,,2.651465243860392,0.7809527920950496,2.5991324624427286
0,28,,,2.574520606959113,0.7901721389309482,2.6699790843306386
0,29,,,2.3818568286274298,0.5936515327934551,2.1676105269704102
0,30,,,3.625859575792947,0.8966253915129352,3.1252869136440706
0,31,,,2.5635388029443624,0.6290635251899048,2.3700308417701716
1,0,68.16637476072503,,5.9097150839363595,0.9171474614396251,3.284695178871718
1,1,65.3516997591615,,2.4313699637619965,0.47645062604012534,1.9986421856206225
1,2,56.66369741352774,,1.1860155088668543,0.22281114494987686,1.434262276439942
1,3,38.11602317375818,,1.9684677528029861,0.266991370571549,1.5479624219412664
1,4,81.72566338399287,,1.71600379713602,0.23276950662104934,1.5030684842823063
1,5,86.00888868115544,,2.649691089622441,0.5115554691794086,2.089658077324891
1,6,71.01151950233047,,2.4477505994461337,0.3946262231328337,1.8607786609131005
1,7,76.43989091851846,,3.664128773041756,0.49497194243054343,2.227890475346303
1,8,71.23191185072426,,3.608787341919366,0.5527920765459706,2.3705055274936497
1,9,51.43862094218725,,3.6908150857110673,0.5677957410570933,2.394291293894253
1,10,61.17587762658203,,3.2191706452940436,0.5459802460038712,2.341874304877564
1,11,78.14821087889679,,4.320179542320586,0.6258612759839188,2.52468523891701
1,12,62.367196422534306,,3.526458001020923,0.3414190352129012,1.7780316141536319
1,13,67.38463368242984,,4.657934156322881,0.6013218232695934,2.5519361855216474
1,14,72.30865155331979,,4.417485973903753,0.8020781253311355,3.13557772137883
1,15,47.663846690386876,,3.1752188850806276,0.6426971547001123,2.479794154144329
1,16,51.27270735238495,,3.495256699503492,0.7190909403961667,2.6589802368687634
1,17,54.05098151107583,,3.195844367744007,0.7039448496953273,2.5805980372191786
1,18,38.39646060875825,,2.523238587721024,0.5527195774508007,2.093157677127732
1,19,35.251125498624276,,2.1819288397317207,0.4398187893372345,1.8850634506402837
1,20,47.86005609836798,,2.1312857074068123,0.40545437136872087,1.8703312712349207
1,21,53.09086783210615,,1.971379551835863,0.32240800032818795,1.7164258203077762
1,22,67.94441127026019,,2.2241412305064494,0.376401043566716,1.8051413808804295
1,23,44.1153204139148,,1.912850535180357,0.22970452503178596,1.5116123962495933
1,24,48.02788806670866,,1.5378974189969097,0.29784296691022805,1.6047517799446962
1,25,49.84823800286267,,1.4219444971278623,0.31255763503059253,1.622629979647016
1,26,86.56985268342379,,2.0561002342996537,0.32360775222937077,1.7092032091677434
1,27,84.11009188699997,,1.8535106231227996,0.3365894160250251,1.6651379964619721
1,28,71.98474107970911,,2.3928453074436495,0.3288300455790498,1.7405739243673426
1,29,44.636750723375215,,2.0611809896427347,0.3471943636130086,1.7384187821368435
1,30,85.30923557661939,,2.778376228439638,0.34390295517736513,1.7994986069160281
1,31,64.81431621271597,,2.3560007650423906,0.4234549502420273,1.90890132661301
2,0,42.53971495584994,10.117840362414771,5.363596496750333,1.1009963334573563,3.7912240810932634
2,1,33.99915467342342,4.590871340418689,2.171368718807118,0.41052439411863784,1.8421006555847799
2,2,16.086654134666794,2.5351124666438123,0.9689833218609591,0.19063567799557268,1.360768477377406
2,3,21.32904011310913,5.9580318063521425,1.7891959691218011,0.2158850313131404,1.4475723327161294
2,4,27.999663276648626,4.324338946948766,1.6592045875247627,0.2667696066136156,1.5311478405890515
2,5,34.26072638416309,4.518197562532908,2.534159499470875,0.5388628577030055,2.0991483585979114
2,6,42.14171814480058,13.661957102027111,2.7500783288339545,0.5481023127092306,2.140361031401907
2,7,48.73094700674501,10.917828001673593,4.178508155381587,0.5655024085974398,2.4341804590220777
2,8,55.094622380632806,18.329958118224564,4.2282451653713045,0.5881288481308555,2.4880394596762203
2,9,63.1129586351217,23.210080027385242,4.222418919680628,0.8466904534303019,3.083678987929798
2,10,54.718422797550886,15.630345946149253,3.782403673993487,0.8827407155537923,3.192878434124217
2,11,42.936793615463365,1.0932893299964648,4.80464611713947,0.7928687677165378,3.0620667832882664
2,12,46.06029846069224,6.463431386404726,4.507016986315819,0.45922639264890464,2.090995423602989
2,13,85.11938843245817,28.796602525503058,5.510604876520373,0.7794416081040962,3.1174062854340807
2,14,62.48213609879174,14.498290645574093,4.6364604570274235,0.9713534110243716,3.6454965796306786
2,15,42.15189741712473,11.946942534613667,3.7312118370066876,0.8727211940072732,3.1680584728640526
2,16,50.815653358121956,16.870640853351276,3.497664775498752,0.7762788347008382,2.8147470565719233
2,17,35.17282943348194,7.233838163096658,3.4108339172304936,0.6924151132785186,2.6203469602294542
2,18,41.013776682742716,18.980539175420205,3.008792453992695,0.6968432726536542,2.4615782831973516
2,19,29.968483174253457,8.132701031727455,2.6325022093275274,0.5624233978127728,2.16789171059555
2,20,51.93563904054176,24.322364381463277,2.944863518302727,0.6586611389525863,2.473450413198793
2,21,33.88423948625852,7.282434406167662,2.571607413666714,0.4357635656817127,2.0143109236403736
2,22,59.625107535727906,18.18738994917758,3.1536282962061772,0.6618853417189388,2.5015957242928892
2,23,27.33968940794705,8.076835088677926,2.3957148324152593,0.3585515571372744,1.7565137023000024
2,24,47.8321065828397,15.671285218677799,1.9912569492296721,0.5721503302598818,2.0458333313464534
2,25,24.91914811804104,4.335941648007842,1.5755936389269847,0.4554717036737399,1.8784101547421435
2,26,46.21815641351736,4.025048522923399,2.484028167580991,0.4904945392756037,2.0739756136384186
2,27,44.73880545284035,8.167982705102387,2.293061060481807,0.5934949214117156,2.1746624897845743
2,28,56.016596359043454,12.17133435469194,2.8922611497266257,0.5401534387079487,2.200776937903241
2,29,27.568302646195157,3.9340227245704984,2.168576521148985,0.4650061424061924,1.939366095882844
2,30,66.48133429304585,15.139693463007537,2.9581082998105717,0.6369362166864341,2.395938885995107
2,31,59.56564658792626,24.769217349246833,2.067762101772983,0.5175594731905826,2.0441685564726146
3,0,25.918729665239216,4.509739370534172,5.666809117814288,1.025031298893091,3.655847223644699
3,1,40.519440252810554,12.627023569227973,1.8887503277366062,0.3346937983204268,1.688497489641418
3,2,17.214453740414783,7.657763561864831,0.9252808062095979,0.22172530383196842,1.412506584758485
3,3,17.28910936069996,4.66577937727798,1.9006191003622588,0.24695743774354106,1.5129216029251167
3,4,27.764584888375303,5.08908765479949,2.1112475895709446,0.3585053538434364,1.7404024486584586
3,5,31.27112154014833,6.056435908391009,2.641104511999176,0.6650493231653951,2.3650272090758877
3,6,46.535097376879875,13.932819642567802,2.9670348494068715,0.5557763442161217,2.233739570821656
3,7,37.77354859033455,6.433032306821192,4.3642016562990396,0.593980392715098,2.4891596573358217
3,8,38.75993470660525,8.037375720006954,4.7159783537765305,0.6700172769246455,2.688442531034048
3,9,45.12004811586738,9.60114655147538,4.294541308182133,0.8622020105422035,3.1180132633917577
3,10,43.1154768295812,7.010018418321895,3.689007665189323,0.7210751505929038,2.7899418975929793
3,11,28.66272800510199,2.052724201024069,4.5480278995258105,0.7978826994631563,3.038358329959571
3,12,27.96275848707768,3.106055081965026,4.116009535948836,0.45860816300611873,2.0771240201405083
3,13,48.21595635896385,3.9826415476846324,5.3662767320159475,0.7147457610438108,2.9129413141493625
3,14,43.44623807363389,5.625289288614285,4.634246443825555,0.853477664055486,3.249008223164162
3,15,38.87637726817405,9.517819039817056,3.7361000450549557,0.7875465145979827,2.9537421520180156
3,16,40.50863617465507,9.167900161086289,3.6336845401325784,0.8213105618239531,2.9266379989036357
3,17,39.11694844089954,11.5048113591696,3.6796263977565973,0.8195255360693343,2.9967187807616678
3,18,29.493594393162695,5.740244949056282,2.971267171532661,0.7152752091507288,2.490682145926266
3,19,23.640353041463758,3.211086523452912,2.745230474872519,0.5923960962230632,2.235609884896311
3,20,51.27791040140176,21.257783368387738,3.1345165602613396,0.7635132587952875,2.728501372908008
3,21,76.78858404432094,41.4248692335818,3.0644660112620197,0.7638672628328131,2.8200768509648078
3,22,51.45222615297415,10.885885028996958,3.4723166897069366,0.7130951694800944,2.661877529791893
3,23,51.8864400517669,24.871267664074217,2.4850557045243593,0.5377040680597527,2.073336694166614
3,24,36.815508069941174,5.038665012365309,2.157598656940908,0.4916397525779854,1.995458449529012
3,25,21.132471100506514,4.236993938990063,1.6593990143504915,0.5031809898356996,1.960324385189451
3,26,43.639504385500445,11.652377985972436,2.3937135675339976,0.6205582779866661,2.3183832597466947
3,27,41.216394558541474,6.0985271046092215,1.9793915684284134,0.47325547996547934,1.93088399366961
3,28,49.99775514657985,15.258488796368946,2.5955145285520986,0.6221078294825437,2.339040614538638
3,29,21.824130202101742,4.394618312439682,1.9780967509462228,0.4708778805385889,1.911470678784652
3,30,41.22442695292969,7.636243114234938,2.9491797378691564,0.683409660646122,2.5371634167903023
3,31,72.51655990555473,35.66230490723957,2.1463349883173186,0.544976847842042,2.1215904487556956
4,0,32.43216302751023,7.785554347812396,5.782443924199315,0.9717131081748853,3.50743103650994
4,1,36.278178439697996,12.761227142999932,1.814611442855049,0.3604885930239867,1.728051614503492
4,2,14.688490096624726,4.918752327987341,0.9895938491902052,0.21111196562420353,1.4033075015199745
4,3,24.934146158922175,11.036133163238755,1.6196211442390926,0.18970033979669543,1.3969921216560643
4,4,28.371839972292314,10.34455991072129,2.1516147461882937,0.36123839400144675,1.7372456120395345
4,5,51.1549008319182,24.2463180774093,2.260395599305304,0.5598207328135216,2.115184850587051
4,6,52.945391198398696,19.24190882413363,2.7618430936448437,0.5019846570330664,2.138208288659453
4,7,56.437817129782914,20.45953424227899,3.6383728164743827,0.46183410330873986,2.1059342352092445
4,8,58.74172420095136,24.72636737212945,4.134132701874042,0.7978905127466485,2.960589565437227
4,9,43.40002642121998,9.1838499764956,4.221482401907432,0.7300253549080358,2.8222074882788144
4,10,52.002768739418585,17.582916354609225,3.3314577546510966,0.7316668365596479,2.771345241117275
4,11,29.208742157955296,5.520329186358584,4.309630647232524,0.8181288624668994,3.061917633900123
4,12,37.810872276346856,11.125905871592998,3.8289601072566217,0.440695697845884,2.01236725703621
4,13,43.912297080779254,3.9025071293204414,4.885949658732315,0.68816247125811,2.796920580794423
4,14,45.550663545083864,12.215890967300851,4.4236598606795505,0.8768375511949111,3.340797832576962
4,15,39.86361433787522,16.387209501860127,3.4994551272468746,0.7763254438871616,2.8915099035928016
4,16,30.50861933577317,5.437638189756527,3.5703752874260815,0.8426418242814986,3.029603106227462
4,17,29.188132196447338,5.370163349098728,3.6548892845953063,0.7135008063833581,2.70627386442168
4,18,24.361516899267734,3.7988260671507668,3.0401116308928753,0.6323419710758182,2.3267428348733574
4,19,21.708715663621312,5.218400139902877,2.7090414479973166,0.5549819934709967,2.1437975543745975
4,20,51.54692783706405,26.480392273181288,2.8213167356927857,0.6763669929662677,2.456166160453129
4,21,59.81473262772961,23.147704695416472,2.909983798075335,0.5912219600223869,2.3720679270213707
4,22,39.98716557727019,6.994180619244848,3.177573745285719,0.6750235064236336,2.5509513100042938
4,23,30.421962507019423,10.031640121208907,2.028323387686118,0.4229433822847417,1.8136285779931955
4,24,34.195441850199984,10.695291459602846,1.8815477011186843,0.45945658538797307,1.8505949775723693
4,25,20.468259628099332,3.167259324657664,1.5416721346784286,0.4133871341616393,1.7812166868220658
4,26,32.033671547969135,8.219435081520395,2.267029773529245,0.5974107882506745,2.180612102189889
4,27,21.08730786163736,1.676553173533435,1.9238415694785413,0.5204812881611887,1.972917894975016
4,28,48.8990533666205,13.859443343210671,2.4109692893601817,0.5054101339405284,2.058636976629558
4,29,14.613298419079392,2.7529981058354505,1.8558819022302204,0.51609415427547,1.9751637908003215
4,30,26.32781452706575,3.9549348785374066,2.9124334195180737,0.606295289231733,2.340558126640666
4,31,49.480716406461184,25.169714519761257,2.1634785275853132,0.5094738820507043,2.0525978996325405
5,0,22.064540126986948,6.124011187906078,5.838569059264014,0.9859685856051374,3.4607147964338436
5,1,34.42303265995615,15.99024633518119,1.9545145453965493,0.45605784706251784,1.9178746485827385
5,2,30.85654314877164,17.810177576774255,1.528214384725422,0.3984357153229774,1.7311539612312725
5,3,28.841325566445576,13.004917836470572,2.0561409161979576,0.24461932269560327,1.5300741987670616
5,4,42.7015312801407,20.811266838003313,2.521879040628481,0.5170454226291832,2.0484953804135593
5,5,41.320757006347144,17.394259209263513,2.5973640867802663,0.7218027049825979,2.5556755270550315
5,6,42.052144494735884,13.963101507874049,3.1560852825245465,0.6067707470974009,2.405212282310047
5,7,45.092950219663535,10.040579054414668,4.1132068097146846,0.6085596833450015,2.527008989791205
5,8,58.8183043218946,21.40382764271731,4.270801828074434,0.7978110849099531,2.9894389618726525
5,9,55.63471463189953,16.98826414539699,4.465539184874127,1.1026792159379122,3.928929787477424
5,10,64.40175837186348,22.45342825082203,4.050701141535624,0.9774216174337722,3.5588988684650955
5,11,40.382329741358795,10.05131443493904,4.54093010011012,0.8686606744352359,3.2741800891516
5,12,61.19638333676342,28.04113996082524,4.645471182166095,0.5847443073613157,2.3972344207966176
5,13,60.12235364303971,16.409772076057724,5.462268707530651,0.7506302587788873,3.021865888330902
5,14,52.24061239889579,17.858430133357324,4.746567598200464,0.9458593380793419,3.5035426257346973
5,15,63.0113610637021,33.65900513247075,3.7619121999943728,0.8559569035628858,3.165179609121884
5,16,68.87390461343462,37.903604300879806,3.5011957164390632,0.8121662416520086,2.983539755545144
5,17,77.62736228705796,47.54632518616019,3.7353630848757335,0.8489273938066217,3.1243410857266194
5,18,39.02018044738189,18.392581501792584,2.8029692206674177,0.5902976407048475,2.2456904417328154
5,19,40.035812631305525,22.85133102896927,2.6675621946253023,0.5895933730990017,2.2524678130706928
5,20,60.81779901708669,24.925294628249237,3.0228883892520035,0.676143558560625,2.5097081175703684
5,21,63.40488514819579,24.768965619703675,2.420847624268321,0.5113333452567845,2.115159825183908
5,22,77.22393596969766,36.66580701293385,2.781788691809658,0.6337820846232147,2.4508746562361705
5,23,63.3440615429046,35.45559979730969,1.875065643685298,0.36521376174772446,1.740494077306171
5,24,82.09323134953533,51.2070031248893,2.046212709393971,0.572333466633212,2.1277837597322633
5,25,34.886305205953605,19.129019553879452,1.6005665740629738,0.45800612040225275,1.8692300928781636
5,26,70.82010364476004,37.97840081018103,2.623836397601699,0.5547869322240797,2.190158276346806
5,27,42.57543863499032,18.704326179088927,2.279276572262699,0.5627465059491374,2.1211887232241327
5,28,66.94032025564115,26.52369690480434,3.0773373294708204,0.6680788376009805,2.5803953049058994
5,29,34.43883228378236,17.013901068674762,2.264346258817244,0.7129025867525494,2.445426159088847
5,30,65.4077535936591,29.950941169909765,3.7650046000972646,0.9260635772974428,3.4357900336583325
5,31,61.96251914241858,26.11466764272449,2.4617392299133556,0.7215257609491932,2.564835172886656
6,0,50.21865500005124,22.328267619937137,6.163510319918984,0.9033182891233462,3.352423235489803
6,1,67.82125667183855,48.52928272261019,2.203652822379925,0.46583923077503275,1.977327424887312
6,2,42.03776364259828,27.039607397341896,1.267806732764453,0.2685604164083297,1.5267847118126676
6,3,52.660868719633626,35.61071508273338,1.5936884416644317,0.33454210576580223,1.6505584093078198
6,4,46.81688624470054,25.554309472151715,2.1259049330818383,0.30873636105239033,1.6920259398267192
6,5,53.16378161997658,24.41151611445119,2.7576978550626077,0.6312033570670903,2.382482017603679
6,6,57.971916328162834,23.339081522674697,3.164123575946702,0.5317801001688025,2.2730274625114
6,7,54.464036994758686,23.919001753174904,3.996886641848965,0.5892351538916456,2.4720898335954478
6,8,59.052056985479375,21.08552778023668,4.314284247799571,0.7038231255365162,2.8448547230689862
6,9,63.6411806100018,23.68411424213763,4.240161956820463,0.8707549762355891,3.2980394807723696
6,10,66.7029883469574,26.9465097393427,3.9730511687178796,0.8461457714590379,3.2417031871997595
6,11,52.540470931548434,19.584266768416633,4.595239856744932,0.8226766121327369,3.2057225635556352
6,12,43.040625979745656,13.787923562442328,4.47685504607013,0.5911478194125426,2.463550946828127
6,13,48.23778713890495,9.92290870946538,5.598433587817153,0.8280708136470407,3.3538595197697063
6,14,67.85397259162927,29.779589738349376,4.863906677233495,0.8498577753470302,3.3917486545690787
6,15,65.16334408639403,34.10394874617231,3.7518614142511035,0.8565934374190292,3.1892069248015753
6,16,49.22410563670457,23.41635927346723,3.625319339026889,0.736516634994294,2.861338216253671
6,17,59.47891960604311,31.912494834015977,3.7979696059379973,0.7747208744933523,2.966727625510057
6,18,42.8069358124969,20.47326352202942,3.0341580628924065,0.5931689086829683,2.3012694942795324
6,19,34.578146571005185,14.984477187278712,2.697965316370852,0.5968748720789883,2.2482259643552944
6,20,49.153715272102595,17.458497435671557,3.0737953338811255,0.620943349588106,2.4095864493458397
6,21,50.113916013121724,14.666052385301091,2.9164409312532413,0.5980063760273033,2.4145330828668894
6,22,46.79528829273991,15.078468043884797,3.1699484902448,0.6509422287806461,2.5764621009536173
6,23,38.09689625147448,16.28713451007533,2.2023737337489826,0.34174173355586346,1.744911893553441
6,24,62.169836589312716,35.74199789203915,2.1035474160290457,0.42204657116017597,1.904348933000925
6,25,40.54283642278027,22.222280717710383,1.7698514752678471,0.491045025129065,1.9987836189249586
6,26,53.250919525988245,18.259428751494955,2.818139298388907,0.6034797453061889,2.3091213128187285
6,27,48.08494415037309,19.872623137090585,2.404273399540148,0.5887753468638626,2.198077405144475
6,28,44.71464156435854,16.22644097022028,2.8211360582595226,0.7989276036157591,2.7680259797462634
6,29,27.0278706852703,9.692171765434646,2.29236569750936,0.6602570439339939,2.2727112402190217
6,30,45.232358754399385,19.349999019015463,3.5143316452118096,0.9531570564824721,3.332533372620858
6,31,63.97868106286615,30.381457028482185,2.679989799462926,0.6548654496402726,2.42688877558683
7,0,47.574670093477934,20.44055160909578,5.583231832355311,0.9902622616294581,3.582564059497495
7,1,31.416505185750935,9.990355049448834,2.0656646502307554,0.4315307170966589,1.887569213063456
7,2,29.845842151912322,15.924171371966175,1.0943202191973644,0.1918104385656625,1.3822678138641094
7,3,33.23027744424699,16.534234736864647,1.5627760803572504,0.2296679618505204,1.4875490871830768
7,4,38.996088428299196,17.32847641759036,2.35316481115456,0.29194732494102027,1.6855833974527503
7,5,50.796554019083345,20.939527465607583,2.3764274030772503,0.41858535188809487,1.8981786351917709
7,6,70.72872548159434,34.66820558750588,3.0085077451673508,0.4148735957126197,1.982030708222767
7,7,59.179539400246455,22.919676848762204,3.964042471630458,0.5161848728006064,2.3158076249775625
7,8,50.10839418217671,13.623099642278778,4.179920113588303,0.6635981234199164,2.7267848128757897
7,9,49.6142929911191,13.275537683591473,4.232780037580894,0.6921660691492404,2.8059919702310876
7,10,57.56998414683544,15.61034332862914,3.591523146429229,0.675624158903557,2.7190525717039464
7,11,65.86806985820135,28.164508781376224,4.238496567355137,0.5883550364292729,2.492320062939595
7,12,60.802633375692636,25.821211397827245,4.029074630739078,0.4077539178176455,1.9741309056241172
7,13,61.729477069096916,17.593020874219803,5.0885665550464285,0.6833568237886132,2.834680879340994
7,14,74.64435058940325,30.709141014516064,4.413192069544757,0.7505544915255324,2.9749580139181044
7,15,43.57683366355754,15.53095441725307,3.767313524994752,0.706598181738705,2.7214531869230325
7,16,31.62908427516383,9.563163472250867,3.3889917977974795,0.661630052362951,2.5826317297272676
7,17,53.68782537346472,26.47416017403197,3.1617585062650155,0.7126929242424458,2.6323076348675327
7,18,25.805624825311916,8.583147791941247,2.5547743872478224,0.6467152858779155,2.3026564783932337
7,19,38.88307953382375,18.720506890606785,2.3836726158498713,0.5213186424430498,2.0708465266062746
7,20,27.649274145081844,2.4417747067083417,2.581220737451579,0.467471156974685,2.044309083513535
7,21,55.52496828000297,17.47869256463042,1.9680504236320133,0.34174816933726593,1.7543029583582286
7,22,51.20691974523968,14.742160464419415,2.729115509666392,0.5503082494766911,2.184724890064881
7,23,46.884032233556525,21.310229846469035,2.1318189840678503,0.27891783895678435,1.625276456221805
7,24,35.90189030819045,9.615833703766523,1.3653084318937974,0.2521018872789911,1.5283868618684502
7,25,40.524146280800245,22.12413586815697,1.2629268005172045,0.2733045624023849,1.5554202457834296
7,26,79.14163915132168,42.186611283535385,2.473915228424072,0.5074367422392969,2.049390849407943
7,27,61.94754134293673,27.613383163326247,1.6736683906871164,0.33616062002711566,1.629407364994023
7,28,68.23771822811338,26.778521921052754,2.2618666489339723,0.39004754323854973,1.8766638355331189
7,29,56.439677308103,36.87467505084712,1.9111674927961457,0.34134410757884237,1.7635909474281757
7,30,94.54468280095963,59.09079596380021,2.4962462030890338,0.42981910463462736,1.9569281491922483
7,31,69.73079123150674,29.52270322023051,1.8380396967184232,0.39826542810254484,1.8040796998081328
8,0,32.93785767280958,11.263541036436498,5.556638389870489,1.093223311327323,3.918169859716856
8,1,47.85210800961665,27.779105465683543,2.475934078430706,0.4729429783008059,2.010541913168309
8,2,13.760668829672218,3.4338979784343677,1.4074056535958273,0.1953364588476505,1.41494164654172
8,3,15.507901358354903,2.4323357034657422,1.701579070892313,0.23053502918569424,1.4959477811848523
8,4,27.015173468644285,7.40585913278839,1.8365399746959445,0.22712784057732893,1.5173589391722901
8,5,33.3742228695963,8.47545770114521,2.1034352233611466,0.3330144101256267,1.7088386520429772
8,6,33.98546120660658,10.116943919330524,2.70075445121884,0.40003119504627094,1.9005797719529638
8,7,65.80140099998222,32.07050114234127,3.2651382907062496,0.3926356682609988,1.9302974606633014
8,8,81.26016829070309,39.972833038282516,3.244221167137349,0.4128057280751918,1.9812899220082205
8,9,47.972151953531636,15.246559990019989,4.043534407698599,0.5821024659339127,2.434238495024837
8,10,39.30545171545554,7.6522036869844765,3.4070817500983104,0.6553387397482124,2.58033207275368
8,11,33.92710414445544,9.444139882966951,4.304583602131024,0.5624742849471511,2.4153281629709
8,12,38.85524696741965,9.942046252919688,4.2658457762798125,0.44559072871244343,2.0491049246993684
8,13,28.698424403168488,1.0070491144437368,5.07401654186188,0.7491739143055796,2.993450640017857
8,14,28.963613386664868,2.82900715477801,4.53661065124692,0.7985343208402371,3.1066618831659376
8,15,25.61419382016004,5.141343168847137,3.8055752108360497,0.7536531071579238,2.832841536441479
8,16,27.594375078510545,6.3537909730788265,3.5171975526661354,0.7800439705048827,2.8368125188703637
8,17,30.11143987828241,4.486933275285892,3.1899596400584294,0.8045352981909586,2.79682051496214
8,18,21.358998342058346,5.430545867220111,2.7645709757615666,0.6729401933190973,2.376728455361429
8,19,25.47673000950947,6.0546742119634995,2.302251351963072,0.5864088450837275,2.1265198432722556
8,20,26.455452327643197,6.600536807991201,2.9293150023743264,0.5827225219550929,2.323254979897546
8,21,32.26508469254305,3.6833345721307595,2.496656629008804,0.467642603883073,2.08574287859411
8,22,38.26166030453102,10.849105506879411,2.7957666630816287,0.7046043252483929,2.5507050378806944
8,23,32.919044884534216,10.882002790467794,2.2447901490975286,0.425132094314129,1.8731649995712063
8,24,17.47888366131425,0.7092483658871467,1.5411195534543067,0.34313198108546694,1.6739011050279624
8,25,23.445038820707076,6.622404377897785,1.324905682727167,0.3901489375096141,1.7274704432094246
8,26,48.72921629460807,18.185002458454306,2.339875992192316,0.42371582611186787,1.9151599824689707
8,27,33.23285076829775,7.674112473475326,1.8707855009572176,0.42064375749084126,1.825873307540691
8,28,47.23440383952916,11.207245476855775,2.624244870809151,0.4579900043366427,2.019879068754054
8,29,41.311663430030066,21.865947403699618,1.6693610978192972,0.4349493657867656,1.8333471038247353
8,30,59.056435859420695,21.336148009838354,2.7454498851975413,0.5494803420958125,2.2212600750442744
8,31,44.853347929178895,7.177718420154452,1.969453515981424,0.4353024319516057,1.8824305987640435
9,0,20.034843604867305,2.4084218863724844,5.645968453354083,1.0332312936715073,3.7469980275019443
9,1,57.95476943058779,32.43800916623468,2.134028028387659,0.425746500076321,1.9070371260726862
9,2,23.86470764843618,11.097429421647224,0.9558081938212106,0.1541872924052492,1.3238767515405636
9,3,28.957363694166972,10.950673827250316,1.670292272850254,0.26303093306463676,1.5419329714388654
9,4,43.840675408613265,23.184045250421704,2.413724615558306,0.361913794867748,1.7833487512677186
9,5,58.944274200411485,27.112230115941777,2.883136164964366,0.5729314184348029,2.202323404335331
9,6,57.489289152324005,25.977879673543335,3.564235542604991,0.565070115776126,2.3096721251264256
9,7,51.952421920288074,15.948430422547863,4.308340460378906,0.5352221893040294,2.3460759903674453
9,8,84.89470352043328,43.3494744154276,4.8040679847574586,0.7500990910588481,2.9898967961122977
9,9,54.18588469160034,15.553452076446188,4.578091285636903,0.826196478239666,3.1768689296261114
9,10,63.053655675632896,21.769564747733007,3.9748132892521952,0.9540726723624657,3.4527150208864246
9,11,56.33580479094664,20.034125822768665,4.857876090299597,0.8186530494520072,3.2112437282416813
9,12,47.85125117009872,13.757264774733896,5.1509039922228315,0.6032960292955227,2.5590139275985475
9,13,46.83992327796383,9.057268881641125,5.332660811324962,0.8358500384506815,3.3549101991240886
9,14,37.80020299845963,7.915327431484193,4.816234465171824,0.9194156631801089,3.5560283454068755
9,15,31.15144776115019,7.418149015261805,3.7889053025147557,0.8945807710013853,3.247362314672072
9,16,38.79925937151937,12.584531637473942,3.847105524846752,0.8414630857319096,3.0782368169383774
9,17,38.231573901482925,15.338473341570985,3.533445661627396,0.8276679450930535,2.968511936686362
9,18,31.597098345469963,10.281497286146832,3.016431556755144,0.7027874041556239,2.4906314658864663
9,19,17.469921957937746,1.4799307681211107,2.47832707028053,0.574208115801274,2.1231043469944124
9,20,40.89003517768573,13.053421191086548,2.8149907178067073,0.6802739274534884,2.514677426282318
9,21,52.32674505068436,21.531418601196044,2.9233273062964247,0.594015636125381,2.3829826657136093
9,22,34.5245663262119,5.39125715325944,2.8306797752480817,0.6396110870698761,2.4050280495380583
9,23,43.86207060551538,20.191136650534045,2.191167009893041,0.4652405762406753,1.9316807001370537
9,24,20.05229050199412,3.989357807046109,1.6189224168879828,0.48072842237659996,1.8761533882505421
9,25,28.445903161169795,15.06506791444222,1.3275929736608911,0.43137605199890006,1.791239471225637
9,26,38.65758455055038,7.916231742959317,1.9268805873988577,0.5629865638312572,2.0716521615719086
9,27,29.574513113050813,3.5092915438820054,1.5693229272392006,0.43276547286739664,1.8002141865458028
9,28,50.610745136090564,22.444238837639617,2.4733346206841462,0.5346630197326658,2.144407665754466
9,29,36.56276484927585,20.246160259303956,1.7508592372973348,0.38021426389176183,1.7279598622929448
9,30,26.485050833847957,4.896982259108373,2.521301155286229,0.5275310936777506,2.1224855762866914
9,31,79.2252998692443,37.547957179429766,1.945882010172455,0.48063791321555316,1.9659616832687765
10,0,38.26161331734756,14.73705047269425,5.687302252138264,0.9590465467605922,3.4156203776213716
10,1,48.63522523393538,22.80329223851264,2.1275005941606215,0.4126518261073593,1.875304985953772
10,2,13.810606580130292,3.4020856371640944,1.0519383517109402,0.22632251640582113,1.43142244789775
10,3,23.62408914510623,8.85654080022122,1.410248290884493,0.18466839981606453,1.399319539015502
10,4,43.5561130065384,19.15829611872845,1.7054124913801285,0.3324088295023029,1.635503495656901
10,5,58.30398129509882,27.89114207274922,2.2545516358048374,0.4949817276727324,2.0014608894457275
10,6,51.15682094585215,16.989679363829172,3.060147223529637,0.6023818620729786,2.3241406971317176
10,7,59.97985656433901,18.986426210390622,3.598193567982575,0.4346133516264601,2.0304006610678518
10,8,59.7812163756434,20.369052207814946,4.229037541695602,0.8172603515114005,2.878510092648365
10,9,55.970439645458825,17.348923979184278,4.477556669824287,0.9069335147555728,3.3775636443171675
10,10,42.48641167492192,7.315050266490794,3.79034594709617,1.0164791863779685,3.7269647720383685
10,11,46.95632660409339,13.018143760596992,4.586747657000574,0.6341704367765661,2.650045729055438
10,12,50.538717409793634,15.017980080654066,4.213602034136924,0.43235828196474024,2.044810782505868
10,13,52.63388269762634,13.559943810686477,4.601138308566057,0.6806348784421887,2.7928478082517256
10,14,51.01789003501602,17.177918310492142,4.559007602963439,0.8491448176746426,3.2944718326870515
10,15,39.70320334734761,12.221501999442104,3.8319286580118153,0.9397245517058206,3.384634114297326
10,16,41.90999687126234,15.636307151785065,3.816509738739444,0.9708502029997104,3.4728639952057914
10,17,39.96841357818211,15.83470518225726,3.347306228048242,0.9758842894926474,3.3605436881641255
10,18,26.429471814708073,5.0628467969936315,2.994999667541342,0.7172056521898158,2.576158636794852
10,19,20.063255050960002,5.701059084588302,2.3919830304808425,0.6442730149727316,2.2734303347911
10,20,35.26073336729027,12.082079276630399,2.7233930856435746,0.6690860836985317,2.502419752083932
10,21,43.77723178919617,12.805013249745649,2.981937470937749,0.5941753015990678,2.4568168394564656
10,22,28.04580761828698,4.361730337894258,2.7090110201151667,0.652164084101825,2.429671560182254
10,23,38.802481122531944,18.784089107796056,2.312329739335797,0.5202650533493003,2.0558970398126
10,24,26.260309303542023,6.234382082155548,1.8616026122969749,0.4308592802136073,1.886944257391755
10,25,26.210944849535665,12.512856583455342,1.3080914733161548,0.35189907149716904,1.681328128826395
10,26,40.131895045008235,12.542819575884923,2.0074040884764215,0.6488695092922847,2.282471886271783
10,27,16.56205550401586,0.42074266221389134,1.5742021717493127,0.4146318599352916,1.7647155061748938
10,28,48.65072477642843,22.286212110336514,2.0774396700294098,0.4755555120113768,1.9826786947917487
10,29,35.617522355684955,17.0617998480001,1.594515742746724,0.4464575850623693,1.8146391213469752
10,30,35.65008226398511,10.382751529750937,2.733171121147352,0.6004245041413965,2.346124635042257
10,31,66.76586129638402,37.58344914721224,2.203535980953613,0.567773978852514,2.1790760982063593
11,0,17.043114922321664,2.624074523299914,5.9106247365293205,0.9744278537627169,3.515329696981836
11,1,38.392053993418656,18.13928583253855,2.0987201696740474,0.42642773698695446,1.9199505292133585
11,2,14.149463480418378,3.5935662399366977,1.1165885146470989,0.2276115498545499,1.4491625650713587
11,3,26.480446732841415,11.071032470426957,1.5439222740000629,0.2132020274354891,1.4332862933574533
11,4,25.805342217741128,8.166536085911437,1.697162479191329,0.3012002798194273,1.599549615104253
11,5,54.96103717373352,21.41863801462722,2.8169244966603313,0.7452679151143307,2.6144469855963197
11,6,42.0695100946975,13.699736795055724,3.1901653492178035,0.622775811041552,2.4760293970049
11,7,71.57234250038675,27.665887487039342,4.011218934228307,0.5842760816762347,2.4663060370942653
11,8,55.97112441623666,16.52575509331151,4.3831227356437985,0.782641228596205,2.9845721876392046
11,9,44.84607392187836,12.151722676322148,4.43222350253513,0.9376227166946585,3.558053872645745
11,10,53.06141716057313,15.050658959297499,3.649181144341904,0.8790728056854036,3.3402803765752984
11,11,45.84701554356957,15.935512491191874,4.653606466697532,0.7100185440165809,2.891725939789002
11,12,59.87083199343323,27.170086960753824,4.219882952431689,0.5521668894560854,2.3854303045458147
11,13,38.70660895453278,8.318565768058086,4.678756381706238,0.7748892417191371,3.110801249861815
11,14,45.998206978125985,12.075926309076191,4.187249252388295,0.8862439643850344,3.329016787124586
11,15,45.44014848998152,17.666186198807235,3.7507417448083062,1.0405361851161468,3.6940797809183183
11,16,39.3868801189284,13.07588328980954,3.538215484466785,0.9489289568911765,3.355016182408888
11,17,53.316301583379534,25.747120657057692,3.3133499736747005,0.9083678104584934,3.1761833622297013
11,18,33.70652316054351,13.378041315218264,2.6729332315594183,0.669636535925779,2.4081962539519997
11,19,36.654183426323975,17.48616695542581,2.5365447480921057,0.6883462990753477,2.453093852376344
11,20,41.80700641678944,15.340464186638162,2.595695312645621,0.7324688925056155,2.5564590014062385
11,21,69.37218164638549,35.41851303735301,2.461344858291975,0.45342318986815666,2.0391749682489695
11,22,72.69105235856944,40.365057861930325,2.4207365152805584,0.5221325808931097,2.141974346278169
11,23,68.9474840902123,43.09524191967773,2.221674864237114,0.4328467501876556,1.9189981658356312
11,24,73.36318968656514,49.19582078414284,2.2161839986327454,0.5546267880239117,2.1289095227217376
11,25,40.2306288791745,23.35933953166798,1.615603991218141,0.42848721745278473,1.8484632822117606
11,26,58.66379520330024,22.227764540993576,2.389992066904311,0.4895367943995441,2.051664645099673
11,27,38.96523922182578,15.933196641959515,2.032365927726821,0.4358346446107899,1.84432888953104
11,28,60.9260023847218,29.713758327379303,2.537079637826116,0.47402821232593695,2.074927077513863
11,29,57.6105139217868,34.015503015126335,1.786850643419025,0.5213740642592226,2.025996520398863
11,30,59.908037832585315,26.098782895607155,2.71860226765004,0.4870687821402151,2.112205314371303
11,31,44.53037146807124,15.527946693862516,2.1398471735673725,0.5505477452939811,2.134374632855672
12,0,29.56753215485496,8.4028913197622,5.617300025539525,1.0258564657753801,3.6712408403309267
12,1,50.48101844839806,28.243666033526353,2.274011947067124,0.41658471887594395,1.9484681217751665
12,2,18.251437572214652,6.3922882496743245,0.912656793006613,0.171817951507369,1.3618108365869068
12,3,33.5290716477974,16.353657067035464,1.4898215643951769,0.1934729357116629,1.425539267042848
12,4,40.482678379445076,17.73664287001405,1.673442552892041,0.30967479654458363,1.6580474811321513
12,5,53.64641053638758,19.19254453396642,2.806399506064591,0.5866314040551073,2.290504321979983
12,6,50.78235650142645,16.877594218268136,3.2058967881597287,0.5995847698007108,2.3757103940481534
12,7,56.716010571978245,13.728067160572916,3.599351742078097,0.5059447590629116,2.1851017496009297
12,8,47.5641654845475,8.007203446286018,4.221295393989167,0.6606951407197732,2.6388204018188457
12,9,37.486036018810836,6.240539503292325,4.725669701127252,0.8291386701995993,3.208262084899848
12,10,55.12811480689638,16.81171355876453,3.822021405911997,0.8825976118303229,3.341293402621746
12,11,50.29256781471037,13.959052290394222,5.019619755794222,0.7977391898231145,3.131484574806825
12,12,49.37114437763792,19.454198972970758,4.646406627354484,0.5869636607311808,2.468801638900136
12,13,49.656839545897334,10.581151985445514,4.808324321314528,0.7109521535475061,2.8812378092192388
12,14,43.05529684752715,12.067304290321164,4.371674503804825,0.8493595034186372,3.2291807205761773
12,15,60.490296169218325,30.248573223734173,3.683139307093609,0.9062891386501262,3.288620444733111
12,16,62.66083924555765,31.61985369767855,3.4984710430298036,0.8512584412367183,3.025059240110073
12,17,61.49777316211187,31.497867989386243,3.051827733053498,0.8528640503959553,2.8574094245039774
12,18,42.81380027842735,21.0438363889428,2.9186380160148104,0.5312536862644306,2.1184248269820367
12,19,44.66131079813755,24.682811035391133,2.284335816298303,0.6670732283026553,2.279280487588657
12,20,32.92125778506057,10.726962839606964,2.728708540115582,0.8540095468350475,2.7743190381250624
12,21,42.28559445062825,14.86698711077175,3.1039483509575447,0.5373602180313934,2.247293783991383
12,22,44.76012507870216,15.4426940926804,2.852555046871723,0.614109277279574,2.337918051927167
12,23,55.13080090927286,28.313908267266896,2.2845232334535925,0.44755686723401045,1.9125040295612958
12,24,79.69801871794925,53.77952735085095,1.8590174774557457,0.4962298772357312,1.9577860108356397
12,25,36.75857587620544,19.143831656920575,1.4550128679418457,0.4086280365074544,1.776925379213424
12,26,55.708460780361904,23.435563093031455,2.7583973862238773,0.49003839366649915,2.0962627104960445
12,27,34.721390656774574,10.6138415145112,2.0703325346026347,0.425584554530551,1.8394925667349176
12,28,62.91624897046154,29.64941080308851,2.6263938170742893,0.36430576874202725,1.8379217706686786
12,29,39.88880626520691,19.280035062095365,1.607499830052972,0.4769416264789874,1.863479967505646
12,30,46.519912154606516,18.513925270178774,3.1121716770598002,0.5787671785063315,2.3460587404093514
12,31,62.71181066277565,22.730287789491896,2.212596572519762,0.5036458374004185,2.050860551335403
13,0,17.257335564184977,1.0814469468799188,5.7988851366836816,0.9868666996370816,3.6038976886871033
13,1,43.074658576849224,20.242866258652988,2.010109455666727,0.35852105437467374,1.774630555208432
13,2,19.14943701653798,8.141955645775743,1.1201376795042943,0.20468002794544082,1.4185420481898428
13,3,34.40930345666723,16.89517655971013,1.992190897310001,0.25101764720253583,1.5622566809235081
13,4,28.274342069802252,5.397579172353117,1.9951115380986284,0.38264206230703257,1.7827802497004597
13,5,53.24865434198996,22.073326981551368,2.74814438826173,0.5849368906006069,2.250006415233136
13,6,51.490350982592105,18.882349665777408,3.463308262738676,0.6508105753295568,2.4891230203004273
13,7,60.28849685371054,19.888951596213822,4.660386321420905,0.701334793549063,2.823489574734565
13,8,50.552573616405724,12.136250387806236,4.419888689544512,0.8897401152055728,3.241240968997729
13,9,46.13496880856448,10.771407771889066,4.584976710670315,1.1074101832928651,4.142499576891969
13,10,48.49041476820389,12.446476024269822,4.29895491375294,0.9678682288596194,3.697524976224628
13,11,49.930832801244435,14.065332557099676,4.968861529788067,0.9201441893065203,3.5519449497472904
13,12,51.4350492268643,16.5033532670692,4.908057532866536,0.5303133687057695,2.3221572993927384
13,13,41.540087016647725,7.595862246917016,5.437631319438189,0.7637644145716829,3.107525661084479
13,14,25.792216276580735,2.264453125194465,4.662842997005463,0.9067933170231015,3.444562191085583
13,15,26.7199597837418,4.165038566720069,3.5790027237759485,0.9324073664563794,3.2859118086975103
13,16,36.66223887242222,8.913203991224751,3.4436176304654684,0.8406696882869098,3.03414880031555
13,17,31.511091789336792,8.150550329043483,3.1779661248234756,0.6712583733560962,2.514317018460701
13,18,26.34258363798156,8.783396666586558,3.062015725970044,0.45960103253606066,2.0254133252447586
13,19,27.18346423572297,11.41005160067618,2.473786262253098,0.5059935140053984,2.0431310201536883
13,20,26.578850344045705,4.983807173712019,2.9479456290415875,0.7183571853708512,2.537329027644974
13,21,47.19323685307006,13.562207977734,2.4520735355901877,0.4269572383987148,1.946041079947238
13,22,42.924090149064355,13.07381801330365,2.7474288848971673,0.4770115876901331,2.0571030819130294
13,23,42.454579367541044,20.43124216767737,2.050335784080014,0.40267539980227696,1.785075366738439
13,24,22.632415564476034,5.710543052402231,1.6518969167388926,0.3442860315725349,1.689670815267038
13,25,21.955873496374306,4.862814412110218,1.2820050940436334,0.2880990625780171,1.564352922656704
13,26,59.48896542143483,22.233367056412593,2.2862241823951104,0.29837822624052635,1.6711438170553792
13,27,29.80727183054505,6.859052290129904,2.0392649932320555,0.4339645990652299,1.8191757639963826
13,28,34.44741778591746,7.023178199968224,2.7575394961652337,0.3790682770281313,1.8844015441221174
13,29,27.360684171128526,6.492624198847779,1.9169304556440623,0.3761759999740204,1.769416855860463
13,30,34.91548030595721,5.86156351601824,3.1873664872474707,0.5017694907489734,2.153118717586366
13,31,45.61774917414212,9.805182391467609,2.594279811918838,0.5104667968378531,2.1187691849978867
14,0,21.804810355488094,5.6321467967113605,5.42428066879193,1.0844947676669205,3.7896461031170037
14,1,45.40608074523316,24.074687155357758,2.6357678158537032,0.4221885585364151,1.9464600256814326
14,2,18.66888599609856,8.616592602377152,1.1975984974772467,0.25111988179838907,1.498584466420373
14,3,22.639510678623708,8.330881784235672,2.0085690292594207,0.26059156111580695,1.572508313859379
14,4,31.251008920710635,9.134312396968244,2.373636131874088,0.5557475891927437,2.111166713643205
14,5,32.781865620554676,8.505665759261543,2.791267591933243,0.732568168288021,2.6092717160515733
14,6,30.248651013829885,4.918976252376806,3.1976936785627967,0.7042606803968847,2.585503071499566
14,7,32.194750786117666,3.3309744988049514,4.4475133003615746,0.6762191052105031,2.7572537422511503
14,8,47.38286794244564,9.664697649787136,4.816456096912647,0.8582025342581154,3.2346140692799707
14,9,32.85363936339374,4.9655874779003275,4.694342133307867,0.9975625198453812,3.7891651643279847
14,10,33.683377333150176,3.7265288748217547,4.388015725769748,0.9739825036874592,3.6109086987157477
14,11,31.44816867401235,4.267052371149331,5.1470241882408345,0.8866992360881163,3.426426095669969
14,12,52.01031872866669,14.774104819869256,5.358182278547002,0.7139607978760258,2.813150929908407
14,13,51.11480550377347,11.684786797782628,6.038915934096467,0.8684177080582627,3.517311766168208
14,14,37.115752942873044,7.927535672727515,4.769741349633858,1.0782859283453545,4.049048197424493
14,15,34.880477187318434,10.269164957981953,3.640927657650737,1.0498211653445075,3.690762035529096
14,16,37.83289248003107,14.094314976708453,2.9802782292174577,1.0302318189688338,3.4678285091455106
14,17,31.608552284019996,5.559201025703395,2.8810852110484966,0.6824185868038195,2.489930303117252
14,18,38.7752089520827,16.235316036766164,2.5690996551715046,0.5111642117625945,2.060170141956331
14,19,24.71784209128738,7.734808189978794,2.384476720808635,0.5776043308377319,2.133024791729281
14,20,29.499088546486576,5.767773339106606,2.973393085007017,0.7854960578797123,2.7114055986912575
14,21,39.497389283611284,13.612951247911063,2.729954199825289,0.6448409224881662,2.4121520441740896
14,22,42.26170288438951,15.202070225717598,2.4531118027424292,0.5117475337251105,2.119250065710603
14,23,35.195558798497814,17.618432989934973,2.0760540263898957,0.42629590060186207,1.845194785604586
14,24,30.115050648174183,9.978800320793487,1.741646290746742,0.5050268377381615,1.969712280383375
14,25,27.48002422999996,11.770729983171577,1.4130378483480697,0.47000575451330207,1.8924754227372926
14,26,50.35600101018655,14.429637086197783,2.421332766695804,0.4540932963847455,1.9948201327890291
14,27,35.78188451091479,14.863496216302519,1.9744928814119962,0.5990627364473371,2.1272892638755136
14,28,50.82824621476988,23.15860382498887,2.757744738489259,0.5093042784685506,2.1240150368803854
14,29,32.88041469425556,12.122679417370067,1.8163994362863405,0.4140720187966491,1.7926341809640824
14,30,45.88114305493229,20.195521773043215,3.2179543007209803,0.7422255397388993,2.7092635935772265
14,31,47.456109807459974,16.379357719346853,2.497812046394528,0.5817529494998133,2.2717750419308547
15,0,42.58023874782687,20.223690007558645,5.741509863212352,1.0266739087056838,3.5980749629619067
15,1,64.61483242140288,36.980998899002586,2.329637858174607,0.5151829924357139,2.0614311291790632
15,2,21.918371442398048,9.321362364319778,1.4152161865115098,0.3883319312542004,1.738256534645361
15,3,35.615110922365076,18.85964972820902,2.3204259417824384,0.3331057478101278,1.705970557942844
15,4,37.26478538567984,14.250482738031206,2.233821856262768,0.49428706892325414,1.9891334076946146
15,5,37.232084972369805,9.835210179471533,2.8489099445748716,0.7791982468735483,2.7018491710928165
15,6,31.958400353176856,6.248571476037111,3.251174121108521,0.7075265667039243,2.5841622433303084
15,7,26.3099325230086,2.0772309776444335,4.39739744809239,0.7221932074581296,2.8375066773938546
15,8,37.53391728933289,4.585473603620857,4.531986461698286,0.9305667419052801,3.442612464797234
15,9,45.876865137950446,13.268303087956367,4.9870227686835005,0.9106202447504952,3.4874140094110686
15,10,36.858614899612306,8.734568450719703,4.407586425211198,0.9936089205991081,3.737242449676772
15,11,36.33685477033727,8.10296252456769,5.259271791012638,0.9387998246453497,3.543956870098497
15,12,47.01658138563887,15.079264048098107,4.87248630242347,0.6482802540015093,2.574799879439418
15,13,52.53413943477735,12.199421005115372,5.422905038943316,0.8660141543928273,3.373343712491755
15,14,41.09201390086706,11.521170653207413,4.732743663787268,0.985152907921373,3.6174147480985304
15,15,36.92848217597701,10.635720606997008,3.6246908625880865,0.9527004261386134,3.3845499620149058
15,16,44.87706419142976,16.99148288882389,3.3868250574431435,0.91762273059393,3.162233727718744
15,17,38.24811301199049,12.510412239657656,3.4196278831528,0.6673700413546646,2.591703184403278
15,18,26.72421968436292,8.923523873739116,2.7410480197918217,0.5187892237060101,2.12934163389139
15,19,34.48167201336261,16.15626261973985,2.0678650158175986,0.3926442592068926,1.8001375244462894
15,20,34.33895342812467,11.961097480829402,2.724625783343945,0.7692493605525219,2.622581203209415
15,21,46.9673602880666,18.890916176665996,2.3217027327930184,0.5198490643528375,2.1051828881557997
15,22,36.017334307581876,9.553038495977573,2.3620734819233125,0.5338278474291887,2.1003734505399287
15,23,32.987974161905726,12.964927051737007,1.7881171835438756,0.26262294024806665,1.5728401861829846
15,24,22.207301439202848,3.59091856808144,1.7314806498210582,0.4726631682751372,1.8888148929160387
15,25,31.89289270399034,14.667063196258738,1.1743946702340957,0.24230507870245965,1.4845454515717769
15,26,44.86629688248952,11.12280971541567,1.9633270220563643,0.47558885586233934,1.930241983432574
15,27,35.13373496675661,14.702606751100443,1.9453259459313181,0.4485977970435653,1.831538204067605
15,28,67.17747316907808,34.15554118576656,2.3641071791379034,0.4802007543925102,1.9807652410728287
15,29,36.742539927242284,14.713927204482196,1.6677571128012785,0.37796535851602364,1.7233353012021284
15,30,47.479090694564185,21.612499740949467,3.0320695067299672,0.6623135179959543,2.434426551691319
15,31,52.96901483076466,19.294373958752228,2.4156282388823116,0.569179801503696,2.2058021345899226
16,0,24.272819353115224,7.598387100387946,6.029481737468281,0.9538059660799529,3.4725182913534245
16,1,42.665239578631585,17.54984869094641,2.2339255898503305,0.4778355247416215,1.964328673516252
16,2,26.848403938587165,13.564602709892217,1.5144224599693152,0.5648106093116407,1.9876776267286693
16,3,29.14289322437134,12.811177088721617,1.8538928904573426,0.2992411528132739,1.6181260041183814
16,4,32.68402997376041,9.74901175231904,2.169328209248211,0.5657287155729458,2.0659529566336716
16,5,59.03611222365089,25.433641659186073,3.419133517459321,0.9591800030977327,3.2567498706535747
16,6,46.69483793192457,17.28202187782224,3.1350456886404037,0.8110279261212461,2.7748709322350376
16,7,51.55060531238474,17.116961153533964,4.233668484747028,0.7061791550152643,2.8048402843375593
16,8,54.45163880735318,15.413132617318507,4.3654597310559105,1.043327883344527,3.7889618257870845
16,9,50.35812183463882,11.537922880986052,4.922428873474253,0.8766790819386907,3.440537360093421
16,10,42.05426477246587,10.56129087088679,3.8482789876607053,0.9797599055994755,3.4794589447351805
16,11,41.45787116006817,12.156971038887963,4.95213511727988,0.8663790571240115,3.2737663175875777
16,12,40.29042510744519,10.86092739855566,4.498546323311714,0.5260726576419295,2.3092567048411814
16,13,42.805595736446676,12.32919566860004,5.085076320319452,0.8049918377094878,3.1905193610778033
16,14,56.48916581624753,24.617958898622952,3.8368584283789424,0.9668545755845708,3.3862324308270795
16,15,58.2578680577835,27.8323611190252,2.757553901723487,0.7667613303457177,2.6778296581450345
16,16,56.38986998539407,25.819317357934548,2.99334501692275,0.8424898960973293,2.94461262345238
16,17,50.60576505467945,22.67513231785412,2.4738648076959224,0.5633018148668434,2.2022101618241745
16,18,47.28804667878846,26.478044811374055,1.9999831906446046,0.4086533872748246,1.8005337235382342
16,19,33.16672428796038,14.298076104021902,1.4630869697115472,0.31827056022005307,1.5949201437631881
16,20,59.93565038389795,34.66709523524763,1.899521254609964,0.3885731737831739,1.7711868689301409
16,21,50.23112680297684,17.692766988072577,1.2886008640728437,0.3153035678465801,1.5927527610662755
16,22,47.94564008925582,16.104908359519552,1.265701899834168,0.25607558551803455,1.4743947046467156
16,23,44.62118749218789,17.286445119611077,0.764423020622948,0.09913904089869874,1.2085867759585984
16,24,36.72069762693625,14.084313235183972,0.8657580474134068,0.11076009301757961,1.247515045818086
16,25,37.41797624110232,19.273125135600853,1.0647161372160667,0.2551771021431022,1.4654928369411473
16,26,56.175979474480386,20.73750264565382,1.3721349095414843,0.24946590426309534,1.482995689907939
16,27,34.929565852915545,15.024642747686883,1.4555965753979936,0.34225224298143564,1.6237050530129222
16,28,72.4400076608272,38.0349904508098,1.5231541381890459,0.30965039812441164,1.592479396650266
16,29,50.5764916114577,30.237975049091567,1.149172104278462,0.28755083007673843,1.5233032124547603
16,30,95.5209385855355,59.829213968672704,1.9114211104383205,0.4377476092552337,1.8539850133600608
16,31,120.50941169701397,75.99410185991611,1.5741989796276785,0.4978421992728128,1.9663594055059384
17,0,40.37003333980253,20.951630578316255,5.310495629871833,1.0746888498909932,3.4834741566310328
17,1,57.264836318800135,29.091652145148707,1.4172415697495353,0.28192633320168636,1.5544394156593717
17,2,24.286583911140667,11.842439963554336,0.9196859702408078,0.18662087013003115,1.3743714426940317
17,3,32.76559096839584,15.803510102804,1.2952331007651614,0.16195686841650958,1.3346309883169056
17,4,44.65111577368933,18.283982230663224,1.2499415298278624,0.29216982786605783,1.529976219684644
17,5,85.00967785957923,48.294785788777666,1.9652335370052525,0.43649635169731904,1.9052985025175782
17,6,60.97479411263705,27.89914368927606,2.2199064170941494,0.3849858547680278,1.8461889734785724
17,7,91.35436856266588,48.64851569285037,2.8538901947163984,0.5816456642366923,2.2247998954104196
17,8,69.55646689993488,28.58791189124304,3.5167269391110145,0.804335267546501,2.8954984511870436
17,9,45.62354076442175,10.921130587635759,4.873812024238903,0.8133139435436005,3.1900440744197076
17,10,39.99750206174791,10.989192803127567,3.7515678271142505,0.9327748234790398,3.387678431349625
17,11,49.69049203372991,18.595205844706225,5.035115753253381,0.755077730599214,3.0279480036918756
17,12,77.04981545074321,40.80407655489638,4.269440308147363,0.6733209782833969,2.551245448821981
17,13,72.95936635811125,34.52036337206494,5.506239667644981,0.8728222494895048,3.4198357445066643
17,14,144.92849452511285,105.50397962759465,5.06456962607902,1.2871826257116954,4.792268685115872
17,15,137.95713047801647,104.41460529641975,4.375799390009609,1.1370327934262185,4.268322565906113
17,16,137.52425370004707,103.74531551455217,3.866048230492285,1.055988526501488,3.7653076661620544
17,17,129.80573026901766,97.19386189112423,3.980431200113701,1.1610877552018941,4.122449414155786
17,18,113.24967992120293,86.8629197131546,3.0562869366218894,0.7368749055261139,2.594967944865042
17,19,97.32558775689523,74.63634979956151,2.761151469062248,0.6049281050097606,2.27447661022458
17,20,91.55778967384136,60.700910882476116,3.2088580824005186,0.6727690186236281,2.527022961324361
17,21,80.50830804218651,44.11058194823076,2.8994542188988484,0.7678025781728413,2.750549155716737
17,22,121.66196985035788,83.99901353020438,2.900020024802039,0.7607171392326855,2.6834013495560183
17,23,105.39792677244921,76.05871289886976,2.4006209622227788,0.5673612741522223,2.19911093186084
17,24,98.30965949660589,71.68579734668097,2.3219376856908425,0.6206024134824375,2.267643013815202
17,25,65.42375194810124,44.068347660230636,1.7791358224482394,0.6526374816055283,2.2497670978482613
17,26,121.1457145626348,78.42643287281398,2.8827936515598154,0.6931813940322042,2.5612781797760342
17,27,74.75807100412302,46.98815408117031,2.7059311606402123,0.6141561634191142,2.3036502214914445
17,28,132.39239141690743,92.4715132843786,3.183499588450434,0.728833284163557,2.737221599874105
17,29,59.90976474842982,37.333109048955215,2.3529437931531536,0.6650561916067521,2.374932756345825
17,30,144.64771958799156,103.67542346526949,3.9412444460105465,0.8839208445693125,3.347641078342639
17,31,121.51419602160477,82.14802820638471,2.6348323979429416,0.679366968900752,2.5317527950194982
18,0,79.17385618705231,57.51406981436699,5.77692959881505,1.1585056262668596,4.387684052923621
18,1,123.9670115000191,95.91327198268797,2.9303918587308386,0.652537754793129,2.472316617755302
18,2,40.067937425644395,25.898813345708735,1.433455505916708,0.25671371780503893,1.528709416079859
18,3,112.01654483290613,91.1608667703324,2.2669513623417497,0.4515417353640361,1.9595220453173698
18,4,107.46277482966694,80.2327668670616,2.4326215778107354,0.46677524204701815,2.0455063370470117
18,5,121.69973795457817,84.254642009712,3.484715237590491,0.6805337364687576,2.610849196435145
18,6,181.54151709440103,143.47106755280188,4.003245439925882,0.7170488189769495,2.8081173298284767
18,7,143.2394793511308,98.61966270085645,3.8490470166114035,0.6422076837481523,2.576858612007411
18,8,112.10359530086512,66.79473911042459,4.823265304742073,0.8231588570932669,3.2304841389600836
18,9,90.95032216689653,48.15911154501295,4.433496101021915,0.8406855240324438,3.324694134480354
18,10,105.47631086051719,63.09286446613969,3.932375625519845,0.9149156375082077,3.438650118301025
18,11,87.6655848534852,53.36479396474273,4.754933163361472,0.6760243493953606,2.804138822670817
18,12,123.43299910713678,83.66036194028337,4.936639826761832,0.6129826822033673,2.5697963927583025
18,13,93.05681244547094,51.34307513589192,5.596146864002745,0.758625782518938,3.142751184299042
18,14,82.69525377894063,42.65035368928146,5.160405699535865,0.8199944440230764,3.3061381179451588
18,15,79.46327507708023,45.198087400522596,3.9938583342179754,0.929638667921223,3.3966591084671354
18,16,93.16848890009419,59.78646117047008,4.03887213836604,0.8158010982994686,3.1112689014111163
18,17,85.54243423525551,50.786847117333494,4.299481643123132,1.0962024055421482,3.9660026204591357
18,18,76.24649897414729,50.46441527299258,3.205910224738176,0.5867429935078929,2.3121563041007005
18,19,64.9478927435253,41.437836373434166,3.171123453868349,0.6088414760600935,2.3372374150535067
18,20,71.24173614912178,40.370961663446444,3.441449217725431,0.6775489826155088,2.5762696131358553
18,21,79.1074218904217,44.404660070533254,3.288060318382842,0.6415948370699769,2.5564847190796964
18,22,76.98581248639306,41.70133300030865,3.2943415867225214,0.7623307099704917,2.7404755283248368
18,23,67.58703723412606,40.986609866878794,2.49159096900949,0.40777990546061016,1.8805003092113166
18,24,71.77720032328278,48.448390228392164,2.1290317476387415,0.48391991354832786,1.9894369728216197
18,25,55.93832299832049,35.703814169096844,1.9519937403728271,0.5657204600363201,2.139275331346146
18,26,69.96319377346441,33.49706224511405,2.9620291257028937,0.7588127255228336,2.733850634524086
18,27,41.749672447094675,14.296495952999347,2.5951994119150066,0.638298679220815,2.3113084922390104
18,28,62.80469458170671,28.36562716233315,3.304393564222357,0.7924525987496231,2.840086053462178
18,29,51.23245794990946,28.35634385665967,2.3555118352672006,0.6722665494044526,2.317530273931448
18,30,55.98234724860701,25.063154958065702,3.9181746206813757,0.8494079870090343,3.0864589179900888
18,31,86.9264137268859,44.65220959064061,2.504982176428727,0.5939209801777716,2.3080990832736945
19,0,71.86867170647125,50.740919485950215,5.26430566441449,1.0465465888792842,3.5702668048613155
19,1,70.65243110834325,43.9691126424097,2.3235582219752224,0.5011063054198459,2.0347038842155745
19,2,33.197615724644706,19.564300970764847,1.0213472093633031,0.1848166059037908,1.3794484095230253
19,3,79.42000557731336,59.0980910808996,1.490464924337095,0.27768398487176427,1.527249686211069
19,4,84.46513237296412,56.931001828086856,2.556202176523192,0.4796481835855877,1.9799772715954769
19,5,70.52857610523014,38.02477018139477,3.1758494853784662,0.7424940449713104,2.646129109464882
19,6,113.56953264720121,75.36176486170692,3.119736692569173,0.48240753187343977,2.1129150002466504
19,7,79.98727673773735,38.204450889143175,3.9378887281219144,0.6716965724219661,2.557518104414677
19,8,82.47307696081504,42.35702694280291,4.123575306667094,0.7379988472994059,2.7115383534895967
19,9,61.45595990291397,25.808327793233406,4.39070858844205,0.758302088067194,2.966441834422533
19,10,63.71828152813701,30.284698468006162,3.6854220787612624,0.754882115948087,2.851247671531235
19,11,71.34972857857684,36.91418959683023,4.584528170197368,0.7212224457775473,2.82388464998727
19,12,77.76908145472939,41.34840273471862,4.1892452229922,0.5311673029181119,2.2168120224841483
19,13,102.88598847974775,61.80267597738293,4.982258096821856,0.8056247770622642,3.1518511417038955
19,14,79.04855740849982,40.47655713615175,4.919252956154823,1.146437466469795,4.27579809587055
19,15,51.75531540441741,21.5918851562527,3.8171179395681056,0.7741139404629545,2.9723598789361865
19,16,67.41750698263601,35.568852101884275,3.778349370325163,0.8091703704811266,2.978389947676262
19,17,85.63788535857029,50.71543370006716,3.555620097920085,0.8576234235689753,3.0830381020055433
19,18,77.01040274879323,50.6347154303922,1.8298055225404457,0.31603769472338894,1.6084799695557699
19,19,64.63220822391742,42.28737455828605,2.0996113786010886,0.33577540604651546,1.7186830067486434
19,20,51.90985279880586,25.654727481086045,2.558625087203078,0.5076354867473745,2.0597149909304906
19,21,81.2351358786656,43.208747481392905,1.8567640019926315,0.3757528654240452,1.8010918137827705
19,22,66.71754279728842,32.403361136361184,1.8519972214085372,0.43030430171381084,1.7925602237756006
19,23,56.421875386961766,30.580594839150717,1.6654657091736866,0.3007419159832101,1.6065901514076764
19,24,63.237381781685,37.3046637511799,1.4830465186628836,0.4247099081805634,1.7709005648923526
19,25,55.616407267267135,37.839621477510846,1.476847893856016,0.34103450571631755,1.6872995006445772
19,26,48.42605899470071,14.66941720674461,2.7068160577254474,0.5055653025727107,2.137067477346205
19,27,34.33930894892101,12.173798617540188,1.9397501102843644,0.408291018368685,1.8335415603604208
19,28,71.85122264667334,38.98795795017992,2.5079173289426353,0.6071672220847701,2.318123126833381
19,29,38.632729563060764,16.502653755626,2.3452195161805394,0.5807343830322331,2.1899064266883155
19,30,60.37785125866401,24.084795489678953,3.990238615288559,0.7753765719853019,2.9789494718772964
19,31,70.64024113682393,33.097586762974416,2.4647315891835544,0.6285757649950381,2.3962447253684713
20,0,75.94486690673268,53.25530619725168,5.780603650750981,1.337541704239456,4.985235180502611
20,1,24.299347280609297,5.642719333944009,2.2665823308460427,0.4189030030082588,1.8549538883942362
20,2,22.675412746424243,9.62187442840045,1.249135173258306,0.1954395778145679,1.396306985725099
20,3,26.10060038913749,9.909159979957893,1.708147576683836,0.27253825732072245,1.5517563586582126
20,4,44.232705179902155,19.561144116748565,2.8098743548116056,0.4247486759588699,1.9561095153416168
20,5,43.442352452966674,14.737045591947684,3.211940933729786,0.6593733694705675,2.5132829217146617
20,6,39.506256101836854,7.946060134530722,3.376721623302259,0.5308558115826143,2.2576666292464274
20,7,39.287920078590794,4.527241543573908,4.061452549230177,0.6553792267774412,2.5892047773769336
20,8,34.742230731282326,6.473311272065498,4.317970142631036,0.6880716546195229,2.70230183519559
20,9,57.22072721233032,20.86819016933199,4.231202739948472,0.8567133347017641,3.1607486712288555
20,10,55.82091733981089,20.867460188256,4.3326817020596184,0.8626070567163495,3.27122594812217
20,11,70.38466222130941,33.786148819026074,5.157112933091588,0.8027795542503,3.122608162769906
20,12,63.19717583215989,22.446487270931467,4.945059202659799,0.6403993374500638,2.5945791806872482
20,13,75.04628838374106,29.859558143856802,6.061499623903414,0.8722718790019144,3.5140215667089905
20,14,51.1960282780961,13.847643904106754,5.335359065042651,1.1095981344960686,4.228595082016897
20,15,65.59020472451454,30.635953420547686,4.426124776747327,0.9493882597830217,3.545386960922034
20,16,59.6589173181237,28.101545663395353,3.9896313476466574,0.9622960917710133,3.3716072446143595
20,17,83.49484284338737,45.099272508586,4.108832366926798,1.1061666330790478,3.7760504275513402
20,18,80.00598205260005,49.756514683560525,3.692631599396586,0.6942290097273132,2.547149170133839
20,19,62.09678677243427,36.820425283447165,2.972302917342504,0.6724393387554137,2.384460761968937
20,20,57.992679243051654,26.941691313203414,3.4612087827820934,0.7565463618451833,2.732923951961475
20,21,94.6346795882815,55.03183281972227,3.306658039176561,0.767529578465501,2.8071876282057295
20,22,84.38173189698122,51.39415298203683,3.4202661187092125,0.8833177219984631,3.0939290254042944
20,23,60.483473117236066,35.61470991860803,2.34194803627679,0.4725979644334375,1.9534656660535819
20,24,62.04866444555107,38.62481848636173,1.9182137995672972,0.492909044146838,1.960795889439794
20,25,62.706945808138315,41.37419865013085,1.7712170537993166,0.5986052682349552,2.152960564730095
20,26,71.93281410175953,33.28897893774085,2.8790314535520194,0.8634000399890285,2.9177075242405732
20,27,68.59054832277258,40.05941548204071,2.600740713797161,0.7197140586024551,2.5338041815522034
20,28,68.16636746192316,35.67108661708223,3.049468467833442,0.7094785679038851,2.5458402170681733
20,29,45.15744506595448,18.544180619004,2.067456201504266,0.5861844945786063,2.091443696744962
20,30,70.32799962603559,36.983093613447984,3.560945149905772,0.9112873032204152,3.178042620418415
20,31,69.65591008349988,37.80497819095357,2.2851195949147076,0.6090507586575526,2.2834084023386527
21,0,70.66001730066492,45.00501913144063,5.91054030454306,0.932169405745852,3.4055733065598006
21,1,46.315210368451936,20.34778039682762,2.087156321064045,0.45252434840287314,1.8834152430408897
21,2,35.129843070958074,20.664723207594946,1.6044814591743712,0.3797155444212674,1.7238044876859377
21,3,36.09961820174461,15.859804006951924,2.345051146869916,0.316015950714597,1.6681624751605832
21,4,44.645862033547516,19.44825021333974,2.476134240210099,0.6123497690452622,2.1761342052687054
21,5,62.290430439937836,24.333889448537384,3.218537214534597,0.9508953531975748,3.109755955030126
21,6,61.433245174989345,30.176602025465094,3.375357902904268,0.8504407975634951,2.862807990889661
21,7,52.270966589016254,17.16540867084245,4.115263569303775,0.7612618847160268,2.9011897317822655
21,8,57.798073679283405,18.913329626875733,4.417705352563823,1.0312794525951707,3.648934747277082
21,9,80.2687355033191,40.89423859244604,4.46702708056163,1.2371591005416134,4.467633144604524
21,10,63.60859220247473,26.88822876264627,4.265189260746214,1.1358193601019382,4.162264603976944
21,11,48.75409237000517,14.57930319838948,4.955164738107549,1.1076901218508128,4.178636443225197
21,12,41.525379635304546,10.348043749964559,4.770659934220337,0.5976538200705157,2.4601822302214367
21,13,51.041973480869686,9.92079467698002,5.483862576079965,1.003662497947908,3.9629930889377425
21,14,53.68535587198907,18.81718783239008,4.625804876660664,1.217690423677083,4.501951016948562
21,15,60.08877572754823,26.232776642665385,3.51604913573213,0.9523227459539347,3.326156856231243
21,16,60.620421755704626,26.590483045663987,3.101541015680965,0.8214422006548245,2.9088851124350916
21,17,80.96027945771957,43.44702438290177,2.773994366037714,0.5385996857182613,2.1593504080451997
21,18,60.86653720369767,32.36238875054642,2.0931820477224052,0.45365173939598513,1.8574533821197616
21,19,42.15989045954127,19.008312105560307,2.0762780367124862,0.44129298360823555,1.864184183600316
21,20,49.379842910091895,18.15478639613543,2.5701727341615044,0.5475453770659744,2.176548899162758
21,21,78.36946008989605,41.720254738499655,1.8420446253650775,0.448920051650453,1.8986486450876812
21,22,76.39196418147819,39.079690464385635,1.6347040590022412,0.23218822353328772,1.5087473177665451
21,23,50.27042661313888,22.01758730348883,1.092780408531873,0.12264628129224597,1.265832738158779
21,24,38.63591626509722,17.70031473405763,0.9071378117436303,0.1406438157841733,1.295589750706013
21,25,64.14260061013383,42.892733488407416,1.1653906179892708,0.3398501879047755,1.628562325022255
21,26,90.40512137447575,47.5585192149194,1.710751357289896,0.48962634567273566,1.9065154133973388
21,27,76.29293371184686,48.16217109253478,1.4260914129558697,0.4412899135392314,1.7651577604518227
21,28,103.5580852877545,65.43398523633545,1.8316586272137663,0.29317743326578594,1.6078858526233726
21,29,87.66505553699079,57.13500196974075,1.5946718801709152,0.4021682999643674,1.7270584548600074
21,30,119.81238061518985,79.18748581468839,2.4636102234474615,0.45507640911984737,1.9559966707617416
21,31,107.84506786195449,65.43227608759571,1.81228858385958,0.45800993499046294,1.9051614382564712
22,0,39.77455252850917,16.36885538648302,5.475170104683341,0.9474021708083651,3.2766742492396763
22,1,41.87516105459986,19.64246784645721,1.6457416957304791,0.3508013126185816,1.6827962967629655
22,2,25.805348617881123,10.898508419258427,1.1015064913612425,0.2709604261351961,1.4947034625265898
22,3,39.91210920257731,19.847786842961085,1.5337551498730568,0.22486228756248106,1.4570827578018126
22,4,46.8498769003217,18.488340768096496,2.0834321503102275,0.4354281652562717,1.8417449595204176
22,5,78.23401961902175,41.19373416172061,2.177978679288185,0.6208453375820566,2.2167225821533743
22,6,92.26255010910833,51.407562078712004,2.6248130694853318,0.6369393016821965,2.3398779617291523
22,7,85.86053291646166,38.43852078175076,3.517734513460706,0.6134511095456006,2.439096260571806
22,8,56.64801623391074,15.88696012570313,4.118260310958291,1.1598888079707947,4.026850528817197
22,9,96.18024385265504,54.16606355124138,4.3152481695681475,1.107580562210451,4.040573557179701
22,10,60.261783745814725,22.90000372701003,3.5729985502390855,1.1324015050586365,3.9539023104730644
22,11,63.758737627342335,26.434391638827556,4.819282449497973,0.9209849106618622,3.4513147936497006
22,12,70.79862375907362,29.352200480820677,4.3629613524701245,0.5448565850194722,2.2935755115040695
22,13,56.16600809869291,16.587166149312903,4.715507144167416,1.0993409765094366,4.063754910227286
22,14,56.3147953539695,22.26345326772912,4.31731471376809,1.098588678689989,4.080285114550979
22,15,41.453533916790825,16.999135670091285,3.7553658947065434,0.9828217099109877,3.467667009880518
22,16,68.1165704121693,33.899739317610454,3.3291755928865863,0.9867135325786887,3.4379809953303635
22,17,56.474718588740465,23.65400458967431,3.564761307570852,0.7364482525593674,2.7290985992440397
22,18,65.37876879995972,39.063612279696564,2.578759426760828,0.5931535663379672,2.253118417391411
22,19,40.52332231194666,18.951007843079363,2.573122788127878,0.6180180160494992,2.2823828421182677
22,20,55.50838310927405,27.313369438469817,3.2075716450656855,0.8703318188966169,3.027645776126448
22,21,48.117159803141476,14.14333553181892,2.550491827434618,0.6340408882201101,2.370414848713905
22,22,43.144897184837056,14.443476872031852,2.55269524161955,0.4657753840378369,2.023220254104146
22,23,29.806354659912746,9.063992724943699,1.7157892541593707,0.27579646018487747,1.5648739453555696
22,24,30.830792991522543,11.607417618748158,1.5803991746739554,0.34295256206058156,1.6711941331743039
22,25,48.20911192148716,28.91429835433355,1.3009790907374519,0.32885723455319105,1.6439976044554425
22,26,49.8714630798171,23.21786216577266,2.1008574303213745,0.5096574762476718,2.0417972223142034
22,27,37.41675596656722,14.075460786497507,2.182697759985092,0.5929686562396088,2.130743201754964
22,28,78.25254758770656,43.22878664798521,2.617662833168886,0.42953491261111854,1.9383988059737507
22,29,63.63993437256307,34.77471155865792,2.0086854054769203,0.4208489117143559,1.8214038741735166
22,30,90.2511033513124,48.39572084654004,3.1718577122432237,0.6971500965306809,2.5543581971346456
22,31,130.76648374710751,81.40524862823837,2.405907193317371,0.6349101354408102,2.3031788516278384
23,0,54.722073887383154,27.841626127149624,5.817839819808475,1.0302430930903608,3.6917489012115183
23,1,53.71940624154922,27.386752381174695,1.9751883729128692,0.3677715298840627,1.751318706811521
23,2,32.147903357270934,21.106346675998765,1.1084929193554776,0.354478980188877,1.6191293007089975
23,3,18.256142887493304,5.148942730421324,1.1796998749152243,0.18323640421068155,1.373697867250766
23,4,30.335166053963263,9.474767384039193,2.365211822046575,0.479359847598805,1.955888159768794
23,5,39.33119481834498,8.54515846988916,2.5241738833714145,0.6086669983034287,2.2881662465805275
23,6,55.43884248657683,19.515720916888327,3.0619376748422393,0.5487524023929122,2.272269148215312
23,7,66.16207447803738,23.136718440100047,3.911414582029593,0.721562728332195,2.7054543126871415
23,8,63.757546074430785,20.638658108913937,4.194518282894802,0.9821764808304847,3.4619305736050277
23,9,88.34432516380329,44.0747325698766,4.409120537711701,0.925704673423664,3.410861309213727
23,10,64.14840090148701,27.454527235957144,4.469354282450023,0.9096064569795068,3.510573871198743
23,11,62.71721278461227,25.695424856124525,4.957330448542928,0.9588292748239962,3.548479334033349
23,12,64.60024200679067,22.308258770981503,3.7986581021733237,0.5870850700035817,2.3794740249080046
23,13,48.770738565621,8.849896149292407,5.044945544881614,0.89395595756441,3.5038649193314075
23,14,41.194242769839995,8.112358040426605,4.388556183406581,0.9861158963772398,3.7114493690323345
23,15,50.493359182085705,19.42595101032765,3.4974926313960446,0.8871977682849397,3.2294762339653573
23,16,51.99499581112258,18.79763374592907,3.392385832307977,0.8857142657108659,3.1405671790202283
23,17,38.239628997883926,10.211830957051188,3.435608229092986,0.7360522943178611,2.7429823644631455
23,18,35.328763836647,8.267526621779334,2.8226861183616796,0.5064598391067263,2.111158326063869
23,19,31.455950022560916,9.204107434250869,2.639221444274554,0.6445362387911122,2.310529494338513
23,20,53.6431662245584,26.811303018825534,3.1506896276846863,0.8127844120481367,2.8264270597830246
23,21,46.87426483811106,15.289229311750596,2.455018589230585,0.5790125540476527,2.2451120341176036
23,22,41.35236294880029,11.973377317521578,2.8030498934309307,0.6006702154234391,2.309382528698611
23,23,27.84665208284283,12.084864255590523,1.6635108235610871,0.3723678176008598,1.685271211975834
23,24,14.565814580155237,2.254252273540618,1.5247621880516564,0.38836945726428995,1.7141593596378062
23,25,23.042239217498015,8.118543947313544,1.1294910990624896,0.2736227119884034,1.532365208362853
23,26,29.441364281671476,3.315346907016539,1.8932721186219368,0.542946159842975,2.02150419287079
23,27,25.661925377103497,6.198553856487845,2.12899859066432,0.5810845165924716,2.099860348131914
23,28,45.111284906961174,13.86141793591499,2.2733553074282025,0.5480941292546806,2.1044279819725404
23,29,26.50139239343156,5.666965441560571,1.5850090570148296,0.43281533950999806,1.7988309219490584
23,30,35.33961661076185,4.527932314878457,2.7721674726691443,0.6843973388692652,2.4717293416496275
23,31,80.40715092614718,34.49902807264176,2.290204985605906,0.5087221070522827,2.0927828349086544
24,0,45.54195809467154,20.349165213616637,5.9696655527608975,0.8719553678828307,3.207033009322641
24,1,56.42870796012109,31.173934823692242,1.7727261759869908,0.41944528243283674,1.789623322270129
24,2,41.97879010216275,28.91874152816342,1.0335861253053582,0.26484579902751504,1.5085446924323114
24,3,26.762929351270955,10.408678652854041,1.3326548065706532,0.18053308312595062,1.375452082984484
24,4,63.461668995304876,31.587567189914413,1.2888019209929609,0.33581545589489825,1.5859240717162255
24,5,59.308548024707676,19.35299979585977,2.330946442226285,0.5766861615013554,2.2013130381611727
24,6,57.1882722410607,21.584967601868023,2.336038149360795,0.4310326403486049,1.9450193361584478
24,7,68.26965406728826,24.363629230069805,3.0556451863777507,0.6679655222557228,2.4531358996509294
24,8,59.009597677956556,16.498777610605128,4.018176706148061,0.9912403423588803,3.5171214542298603
24,9,58.169762471368955,17.83576314700524,4.610155312777918,0.9717002765342624,3.6859749546596157
24,10,46.314376244098774,10.00778672609777,3.683221549198243,1.1765352029784628,4.1244302089242115
24,11,49.32733427469331,14.290422089246263,4.413180045289842,0.8182552304256685,3.1725769600406526
24,12,58.76423679927248,20.888757000255158,3.598830375764319,0.6059214289491677,2.3898475732348343
24,13,66.7991009839013,23.093503491397872,4.269762260680495,0.7089240976469364,2.8002558507951494
24,14,68.48944529448906,31.678385546666142,4.412918381091668,0.9276699541106748,3.409238395552763
24,15,58.09903562997317,29.137922529232316,3.410345968967467,0.8915845587186628,3.093144204515639
24,16,50.65335520306827,19.249260666722726,3.1138839098160798,1.0979499320117068,3.6706482110713665
24,17,59.58087179804636,21.315091473446564,2.683495811263225,0.720332333824337,2.5663738036470476
24,18,53.91648611470268,24.83953622210247,2.286466014583108,0.42507535948493613,1.893316396464293
24,19,33.94703799598563,11.821043514009425,2.169364951110814,0.5628852400290971,2.1289117385833105
24,20,71.02844318133876,37.383567150121216,2.4124780335653684,0.6431445123326744,2.3245164372758453
24,21,56.94902492839692,23.093431320657857,1.7710536109236101,0.5213253453076931,1.9817588394868302
24,22,66.13692138124213,31.13593941029127,1.6777918307869308,0.2695272730506799,1.577713350721228
24,23,50.135755426113946,27.618003109089457,1.1954692777875615,0.2800102823437678,1.509234363771043
24,24,38.67032898224156,18.067780448786337,1.272154913954843,0.2621295391422156,1.5110134970723548
24,25,29.16282352922868,9.717331725103396,1.0470992074156378,0.25764145034163977,1.4927611174174107
24,26,56.77862614520869,21.682163339799366,1.8921438728006494,0.47590884306319303,1.9214517222742633
24,27,36.758840393586965,13.22703419795845,2.0644260682996594,0.6274261862336887,2.1927307092516677
24,28,63.11450691652218,27.066529224507995,2.114145637383593,0.45004750502552593,1.9438539175821705
24,29,36.86266057313567,14.307067721399907,1.5203051509242849,0.4709025309207966,1.8450432652806403
24,30,64.06182583320314,26.404612867502586,2.311150507125522,0.5797995223203478,2.2186861658297357
24,31,86.01455123785878,38.729439860548794,1.9999892793831193,0.5037134355411685,2.04584582777095
25,0,54.212850957472824,28.473873974904365,5.513372189250431,0.9955078752602375,3.408382699775902
25,1,52.161990542343716,27.02625786668324,1.4515792510431587,0.3815721306960753,1.7000953582960878
25,2,21.61156742437059,10.93420791497402,0.9030746793246678,0.28003276350416706,1.4739547741050163
25,3,49.46772273374071,26.316088924104424,1.905631008657454,0.30261323502649784,1.6401028584573643
25,4,68.28713915738531,33.93073783047949,2.2512480878764247,0.46011014026592134,1.9436668527358008
25,5,71.63537353800061,31.11648722002517,3.015026380934911,0.6823716989989479,2.5733115839971754
25,6,157.4096809885702,109.8003267392348,4.014896320270554,0.7541272653572824,2.960744391365229
25,7,168.05280854585152,118.53139976099378,4.526352081073291,1.1330895684412088,4.275516942451083
25,8,107.46432053351563,57.49296490138961,5.26363105477502,1.0640006575394239,4.213227683828608
25,9,98.45117768842123,49.838522027944805,4.738745196177996,1.1175569154138483,4.142713621529143
25,10,91.81557057806492,51.05661504873617,4.2125015925311065,1.1308741015541077,4.102806718560998
25,11,64.06168480361117,22.255188898250488,4.998400969241226,0.7911147047181526,3.202005959105666
25,12,96.54130723381105,53.538652172952666,4.862140577101083,0.6427988025137354,2.6702661183026004
25,13,112.16205428823307,62.500849116620536,5.33037681356502,0.880813596810123,3.5599251481319016
25,14,117.87259695234255,73.16056468063607,4.836785060865472,0.9769454830649531,3.716619466525442
25,15,90.87617315360711,52.79396395111649,3.7624864725848606,1.0383833055817102,3.5013824496975556
25,16,94.51374457077227,53.02919650561857,4.170446198719238,0.7286093737597605,2.812875648610583
25,17,99.78023437419947,58.176679897952,4.339948569991042,0.9471035684291911,3.3746342519113903
25,18,55.75555883500631,26.89622009713104,2.5480343527041285,0.48941018665606073,1.970621262162197
25,19,52.11473821824474,25.210151771158106,1.855778332865702,0.36283194931454066,1.6951145224524797
25,20,61.05854480215834,26.84081620800648,2.4244068953027367,0.47978707219963423,1.976050490495522
25,21,73.53859257870639,37.49337211393495,1.9633062220531006,0.45451268225508645,1.9415538474590541
25,22,71.75737673404707,37.337225643514216,3.1954545797645535,0.5774613974050489,2.322473239675271
25,23,54.56770652641296,30.777410744629243,2.0512258841067066,0.31963589747754595,1.6567974149784663
25,24,44.58413231146141,24.481159396145912,2.3843432718601942,0.46227077349396506,1.955663850038082
25,25,48.73244375836704,27.969053796814375,1.5053341290000133,0.6140413775292362,2.0829616287525075
25,26,49.86366123912873,17.139529336640024,2.557707691105855,0.5652048276191541,2.2288280247804346
25,27,43.55635930350333,19.2071849664109,2.607397864680281,0.9019612558478762,2.7777954654123267
25,28,111.08438718724062,72.26528175959905,2.946987195022069,0.8909234535295032,3.0999487030236534
25,29,115.12284744597383,81.3423956936356,1.4397166214913146,0.9955413434881804,2.685550109839697
25,30,129.3287172231524,87.32001617393284,2.266240840380524,1.5065930839957566,4.442984220117494
25,31,128.83174043501788,74.28813931850254,1.9415593368682487,0.9776585070288153,3.0347588777499466
26,0,29.675606815044723,7.934782781949477,5.581646992110853,0.9479385958704114,3.2852240224630513
26,1,42.86106958652758,23.8224872862365,1.6447018287224389,0.41445384153319176,1.7688083180650749
26,2,14.264080088443839,5.470119261899651,0.9454249252461238,0.24070752704076814,1.444207041627267
26,3,50.80570117571461,29.29697799394404,2.1211523575369724,0.2625991502809275,1.5844566549385684
26,4,49.50501754084216,21.646588047455108,2.1629321633437173,0.4933495051089265,1.9948486306096156
26,5,52.69079511522066,22.742742720318084,2.5633757836114226,0.6809515566996294,2.487174576569569
26,6,145.9217131362783,98.14848144779724,2.344652529421374,0.484591143105209,2.0885427569913753
26,7,160.10743271294587,106.96579247939454,3.1838715105221302,0.7421393720257767,2.7084721598085233
26,8,86.26652084181862,38.048895806906785,4.121778650948108,1.0773706760874031,3.8790904811094666
26,9,118.30415107317305,66.7349471439185,4.722368544251768,0.9250811001599333,3.577443091371305
26,10,88.62022088260322,44.26564909683055,3.9388886126757696,1.1138452996358086,4.058515480473084
26,11,86.40038696139185,43.70901806872271,4.9247319540950745,0.8566588172835958,3.2628090001893892
26,12,102.15265601022766,55.35392356940783,3.821854210938892,0.6545505159516365,2.527226458234358
26,13,97.37562350726262,43.755327198419124,4.4520215293810725,1.0245451632409193,3.807659776528155
26,14,74.55311613610971,29.32625803345863,4.201262916843251,1.038579472656724,3.841292897692906
26,15,139.69959625022722,94.22471035661124,3.673407145339459,1.301463239710901,4.635399605958451
26,16,118.36011286219897,69.35456760226363,3.21456165295718,1.2185134336621082,4.260621045271704
26,17,101.54126860130754,57.62486497055319,2.993445342294296,0.9792830378869009,3.2638810581847553
26,18,78.65248891880074,41.546935724355095,2.864973817566679,0.5970172022961182,2.3320752382302654
26,19,101.88950091616542,67.6865259246454,2.6875550863969506,0.7189524526607212,2.5888648205553646
26,20,92.58482979252292,54.4849426125993,2.794905992235631,1.1031265938379522,3.476029427144141
26,21,116.43436965073806,74.58648986922,2.437198007343788,0.9331101819695045,2.944290162054337
26,22,76.88898602665891,34.466045072861,2.509653239309384,0.5891468977305756,2.321699532417689
26,23,88.21889829407536,58.11801728377891,1.7677850740573358,0.5390814902330701,1.9622148703389382
26,24,75.14915615789477,48.45734554986524,1.8957856429234952,0.5650273236965602,2.104588599974319
26,25,77.3659276069146,52.2239518461139,1.6180674174904919,0.5449503243796032,2.1052320478860245
26,26,79.03192027637488,33.46694045141603,2.435351857994743,0.7283005335062658,2.5728817314197836
26,27,76.5084021904168,47.833482870862326,2.1692270786750303,0.6940969588923727,2.3241595461041764
26,28,109.59981773744417,69.5365133894677,2.80209439300784,0.6741499027592917,2.5084238713667726
26,29,89.89364822473229,55.48705882208969,1.802711334622741,0.6726642323955812,2.201307043525914
26,30,132.97514087393745,84.92706650553505,3.1251931207202936,0.9174254363831338,3.1885044926073167
26,31,134.90031125992596,75.3788337911247,2.607029476392037,0.6654217726074232,2.4820569111185247
27,0,59.173426172005065,27.685799989401907,5.809233726998283,1.0024460572062726,3.614978201226648
27,1,119.75722403011724,86.7270717770983,2.3520371978240893,0.47999191970176147,2.0586871100804993
27,2,62.439420584660496,46.06697591935283,1.451503383276608,0.6066877114920137,2.0636577158152214
27,3,60.443216596613226,37.21741654333941,1.6288470254678376,0.2950939198684397,1.6077854970909968
27,4,54.97335352389697,24.87322261511111,2.101863199383807,0.567727430106896,2.103965037577651
27,5,69.79829640612331,29.289542056240123,2.3570476614017752,0.6849465536434827,2.416412128770277
27,6,59.9909605540972,17.80714808960505,3.0613282512466107,0.5490383223165796,2.287135945744115
27,7,72.03295356146396,23.693333020659388,3.6846840939348464,0.6836210096710627,2.6284483558770315
27,8,61.257332634223886,18.422956601245183,3.799194026756596,1.1335536582046553,3.782043424479678
27,9,61.15691447097052,16.38996532175781,4.782601966294598,1.1168420548985933,4.218529414499078
27,10,63.32641241039525,22.52829386478361,4.2156855610316475,1.173465607757656,4.28964166570428
27,11,56.71768476164311,20.882692403969358,4.782663921743627,0.9500347979690549,3.593817936879247
27,12,62.419438552388044,24.73599652748622,4.095957358418748,0.5212424444265924,2.1900682663928
27,13,43.03573622739683,8.693276385052831,4.890576115940631,1.0218330500160917,3.852329733628364
27,14,29.806515349721273,1.9090443806824116,4.303654862585484,1.0020535677616778,3.7422629906283
27,15,68.81210005130828,25.92381322532422,3.475571808539405,1.0375181484301659,3.5113453482743187
27,16,68.70123776539596,29.62585819403522,2.995642758635353,0.9822648019284563,3.319181491589646
27,17,58.539323748907535,17.265893640449605,2.869818567163362,0.6309783488073935,2.3584336901345146
27,18,29.166451571237054,4.14744371578958,2.7475239680629038,0.5896050427195334,2.272393324115768
27,19,57.27259477567692,29.34363210903775,2.295307431891202,0.610544373953883,2.2231305340308762
27,20,60.34597118185776,25.77670040898973,2.538406225171273,0.7188042876539433,2.5128836283871303
27,21,70.43969754735099,28.768334407666714,2.4935120948045433,0.5541793489295297,2.198506719602676
27,22,51.96155804588064,11.640315520262327,2.0379213598800945,0.39432729486628926,1.8486660770028422
27,23,63.04596871128079,35.01028929558691,1.6148698642761623,0.2357550951647942,1.508468023498719
27,24,73.88637479927823,50.17312033561591,1.2613051203268935,0.3344432435949338,1.6087013472127616
27,25,42.73407867419022,19.212073522232373,1.1362141340700682,0.3046582953227095,1.5857231095748454
27,26,63.697642473909625,21.419946492553635,1.8066743990668153,0.38853823101170004,1.7902781944637314
27,27,49.440193392630235,23.170373443928376,1.8606959197978878,0.4437773624996404,1.8254693629845558
27,28,75.29635141550834,35.79851810079816,2.4599006492386986,0.33081408774959353,1.7653275839855707
27,29,41.97435667674684,12.368512922501184,1.856215219357622,0.47828342869462137,1.9028668151646162
27,30,61.49512787681243,20.195868176689558,3.0623319151971904,0.5548459462186792,2.269859432959356
27,31,75.56079307850061,28.63340624266265,2.427671518584277,0.49334543317987034,2.0654995095396624
28,0,20.081119926542513,1.8199423963696653,5.576686205370745,1.0489702477406055,3.724539719858981
28,1,43.27780840665781,17.72021962296857,2.1160129726308377,0.38501578656795976,1.8125749188038718
28,2,40.43942437135124,27.606474241730336,1.0999680325445207,0.2288817688486966,1.4554138057094421
28,3,22.75189442062498,6.952911303571826,1.4147871755498855,0.21518800507338587,1.4539456557383381
28,4,41.08688854568139,14.024024168473705,2.1496049308006677,0.38972115261508744,1.8480719565925565
28,5,47.52659505656167,15.118136376889954,2.6606596430930476,0.555340565331711,2.2275920447562507
28,6,46.76906986098723,12.138354496216882,2.9437523846793714,0.4359954936069821,2.015199774871413
28,7,49.82822777529945,10.862891313901702,3.7225122498027066,0.6806104052378235,2.6157607486047
28,8,49.00528604243613,12.8185127210567,4.320414986259532,0.9124929384446148,3.2041349586344166
28,9,75.9735735814354,26.897697858276654,4.032006087981015,0.6905307257578599,2.8127811781907472
28,10,69.03773578937967,26.68975946851358,3.5830776638359674,0.7138365286134039,2.785690975318851
28,11,57.9428850864813,17.831171907008052,4.890769027914629,0.8449042079516165,3.206637712467874
28,12,46.889972777123155,10.576709942931203,3.8166122733986,0.5592403454681172,2.239307120158238
28,13,37.58575049546914,3.286387725499011,4.438764758076145,0.9235971338222662,3.431871947059943
28,14,59.076209835582475,21.289331490011648,3.833452637691124,0.8670339203788071,3.1255656796154927
28,15,47.637098004483235,15.451305309336004,3.3312404783044416,0.780684322298316,2.9104932066113056
28,16,46.977013006972385,7.651007422104016,2.8056605459046433,0.8533390327042607,2.896569663643026
28,17,45.33649027881083,12.357911071893117,3.09399007549005,0.716593777706203,2.601100888293896
28,18,36.73368237707267,5.664957585885476,2.374012479602656,0.5415610034924385,2.108091594074038
28,19,29.97615511857243,8.240297564171904,2.1687789747363486,0.5580486563449432,2.116677732941747
28,20,43.696711652962,13.406239596343427,2.5195744937184514,0.7016016764727091,2.5325119818777257
28,21,48.893844608523395,14.413012102097497,2.5128105108968954,0.6510653038564094,2.426038410690844
28,22,45.14474746999673,12.373233446239224,2.0157886116751413,0.5676120858387348,2.1531186499393145
28,23,31.91843776481629,12.13778964225407,1.6370730319676592,0.2664844606984649,1.56212974646187
28,24,24.8946285275632,7.472475804214206,1.1894426899411914,0.3873225327397005,1.6872135137536448
28,25,32.10867331240194,16.219768272785842,1.111590176284873,0.42908086166413506,1.7711980499436661
28,26,37.03973535847875,8.737399765556397,1.8241150719848238,0.5488678208725908,2.0871131273241827
28,27,20.693398689595764,2.555482305974581,1.6954159405019325,0.4912164479345451,1.898678236213602
28,28,69.27645090038676,34.88739918166631,2.2088582046322207,0.5053512497811719,2.047459072908932
28,29,35.44936594938573,9.159690965225348,1.4699718019021228,0.4662793274296473,1.8173395615974057
28,30,48.68822232516524,10.948421397232774,2.651150202813243,0.5982590450508063,2.310841441536381
28,31,88.55512997437472,41.48377325480875,2.562817435465217,0.60718831387973,2.359836052498238
29,0,41.11963654180738,13.181961259588105,6.1434808414551005,0.9235885220583082,3.2983798369882624
29,1,48.37317075113423,20.517760079040972,1.7381261917860986,0.3324516310390828,1.675997230188215
29,2,23.0309940310604,9.44410333470784,0.8724195260695983,0.16434127855373204,1.3365108501515737
29,3,37.01330810977777,14.925297330791638,1.197081364724443,0.1658605298201168,1.3352269104388488
29,4,52.927285063339816,21.599793432020775,1.313174189388155,0.28143780129263063,1.5423734261894677
29,5,61.543529780925226,19.89722859937552,1.8645880881290524,0.6006262100542696,2.122412921419172
29,6,49.36912151307674,12.771372082243934,2.047727898270316,0.33539452478971965,1.7428440058646588
29,7,57.84047189903514,17.008910495179947,2.9653487397544493,0.5134398167994005,2.144613080995654
29,8,43.70944441639034,11.197382339368103,3.8475881286256257,0.9388666119862581,3.2834353784135457
29,9,62.819816249025834,17.195117103308544,4.187437863664659,0.8452142814535364,3.2465069421970476
29,10,61.069061807309744,20.65431170177552,3.308897477685595,1.0119471021831812,3.625567434065485
29,11,47.452811796969904,13.814148956561427,4.839641208882083,0.9016683501363172,3.4003690167843175
29,12,66.83685009200603,32.15240739800259,4.041269141305963,0.6425576523111411,2.5000882340166632
29,13,79.06680654431403,28.670278063088766,4.555653975999232,1.2507403988809962,4.725438126875473
29,14,77.64108946398908,32.14801112882603,4.37158668013196,1.1019614574118428,4.066863088488911
29,15,92.32164688807187,47.906250934763705,3.9176050381864322,1.165590330212392,4.193450112267929
29,16,112.51988125788627,61.32868147326186,3.7604602266657925,1.1280837990535413,4.01330938115268
29,17,69.1097430154452,27.093237554560588,3.711705806862061,1.1180299704700358,3.8673484958355298
29,18,54.1917725306039,18.036055421453717,2.8972377649626493,0.6165001716862264,2.3315674484859645
29,19,66.72216399600677,36.316106977155286,2.5580167999893186,0.6432358448275286,2.374010348752745
29,20,61.84695077840615,22.91723773639981,3.0497537873622242,0.8531521154807908,2.9880488570037285
29,21,67.16213709537013,22.643946268366584,2.4988778275271857,0.6027390000272543,2.3095075753699232
29,22,72.10156566844626,35.87218385001839,2.6281970348541024,0.6403638975147175,2.3933529414020684
29,23,82.31790771796253,54.072830852876635,2.21569638739099,0.47863978686968744,1.9347498926656785
29,24,84.89638509378281,59.560747685794254,2.0073956978388696,0.6010739386009534,2.1532606757413846
29,25,56.62705746486292,33.94408542353506,1.8023301262708133,0.5828161320966054,2.156596980116894
29,26,95.98638985821928,51.44162887482912,2.795384872421054,0.7713415149345715,2.6826013614224578
29,27,50.72823713127654,22.97393380173403,2.3825697515434774,0.5669893253994776,2.1078354378080193
29,28,84.14459703989019,42.65585263587648,3.3856373863823874,0.5750428392749285,2.4111289168378085
29,29,38.04396049317883,11.853516148487984,2.1106367817597698,0.6035739962908289,2.1977171174262535
29,30,67.12745928392155,23.77081945937386,3.483329884494971,0.8735326057484878,3.198286346351991
29,31,85.4339451154247,34.0219942136184,2.614501097967167,0.672675759582186,2.517596228712239
30,0,41.33447307985362,12.68162511954485,5.5775759734351595,1.0240036185865682,3.669214786914842
30,1,65.90669164628329,32.34728008770379,2.0329910131269564,0.364751046482767,1.7979579719649155
30,2,29.87119532335459,15.379506810535867,1.2925415508060036,0.2933289112762114,1.5871150175547337
30,3,65.43440325036435,40.551184527954604,1.6853539866793161,0.2810322004650354,1.5812608816724771
30,4,108.19504635849353,71.43422498949376,2.9235678488278354,0.6688165325806299,2.450910038521884
30,5,100.86880150115026,55.76071949825101,2.936743052632612,0.9527190944269979,3.0900855289877858
30,6,89.92701575282936,43.10442588977254,3.02704392845555,0.7002738557676507,2.5715415182760575
30,7,105.60684667112136,53.55610318605647,4.091956069614538,0.7217423216289518,2.843917884120634
30,8,60.37887188254671,21.201108532701546,4.386489499235024,1.0768798299654723,3.90650465769615
30,9,91.79741486357028,37.620584539465966,4.852649579064824,1.117474892656027,4.201536495772924
30,10,68.91131756711462,24.92894295313316,4.111202200209469,1.1362480842963851,4.1998652355265795
30,11,52.74156616532276,15.686741586660677,4.93309253168905,1.0494778679924632,3.9374285922664263
30,12,52.55458251432597,13.92207500433955,4.4673790780045906,0.5433863646774135,2.2934022565430476
30,13,50.19598695368625,10.500978330043267,4.4853794734322845,0.9858339947149908,3.7290777373029007
30,14,46.968911639667596,7.155439489618516,4.289731797364395,0.9378031591433063,3.538253534980126
30,15,61.512545583474406,16.778821787121217,4.011320180087074,1.0449234808449344,3.7894467701194587
30,16,95.51580884561595,43.45008046251212,3.6396538680663113,0.8892131379129182,3.233899628162723
30,17,67.6526148198247,23.533714413162784,2.735623169135557,0.7253188800837163,2.56566287142682
30,18,42.468628611128075,10.646394185327484,2.5203986384839467,0.5417846203474577,2.1277769866194998
30,19,60.55614412061176,29.56327916123444,2.157982137403475,0.6870537112059449,2.2729022908375818
30,20,66.78706700994151,29.81015985752914,2.771287917609043,0.6543882701058448,2.4532869783911773
30,21,40.50575051820958,8.797344392971073,1.9934811367262821,0.5021212383809088,2.031583083464154
30,22,78.525857275667,38.67253009282821,2.034289895184636,0.46277933780500824,1.9338302939965744
30,23,71.45626705444624,40.21199884694089,1.8598390617300764,0.21131836175200802,1.4916261470586085
30,24,86.95210167906757,60.280780449774824,1.3911396108237994,0.45160896654328253,1.8062084815625434
30,25,43.95513818642251,19.959604728268204,1.270805630183204,0.4434650224127663,1.805658880659251
30,26,75.11782019443815,32.6000482665663,2.2096204137766398,0.45944948399776075,1.9874860730706536
30,27,50.96963134619887,21.536834068261633,1.9744562525977027,0.513307655772973,1.9781732274277322
30,28,71.05066796248414,33.914981450471544,2.9164479792166533,0.43668209897657473,2.0050364667398988
30,29,37.516577841187726,10.187248994136585,1.8518212398117582,0.43760772697714945,1.7995586425651686
30,30,69.25067256259891,21.704916211369124,3.110313345408337,0.7180732144911341,2.6664251754543344
30,31,69.3006420226822,20.52015940423862,2.0935936550612135,0.5032355435344238,2.0557874567111645
31,0,30.398368700366973,4.876137414739309,5.622249963970754,1.0662103779836283,3.766841109297183
31,1,52.40470692156666,21.89482069686199,2.033089822399213,0.41771594335459294,1.8775047827925613
31,2,29.49868585089346,14.073531899678223,1.2065515297229057,0.31123892110115836,1.5702753182928197
31,3,31.327888122600335,9.307369446769076,1.871150355651952,0.2557341726856781,1.5445504560215273
31,4,68.84043512235394,29.957993449358504,2.0984589456108202,0.45166651509500966,1.8938779823504361
31,5,49.394496484181396,13.813916652133127,2.8980286704578546,0.75634119726804,2.6321596475973674
31,6,51.00465436918459,12.246366157425342,2.804197388049465,0.5724696887840786,2.2427064864984323
31,7,66.38372245879269,19.617060248836257,3.1350860229220414,0.5923265729632634,2.345407044322452
31,8,60.89406405754085,17.87025081387829,3.5302014113372557,1.0288526141952223,3.545229130798709
31,9,57.12157190699511,13.593373126457482,4.3983798104602165,0.9139607268683587,3.487423332358378
31,10,56.57432336603977,15.849739170331304,3.940745311264634,1.0288490353538733,3.8300727889071693
31,11,40.16376244412565,5.4762712085250564,4.890197381666051,0.883480758615824,3.346142213427652
31,12,53.52032615749126,12.772663610390754,3.9330827312087835,0.5807401295230163,2.3390924233953396
31,13,35.83247405932626,3.3946253829912316,4.566056402854202,0.8366597658833852,3.2045254928678464
31,14,57.17173915661618,17.287099942249856,3.8978002648614156,0.8220643339088598,3.0754404350635354
31,15,36.1448526253683,5.290683313480235,4.3568579382631185,1.117261621020745,4.10048630760373
31,16,46.555955735238655,9.182613029188662,3.3794937629679698,0.9568578093442408,3.3695646419826533
31,17,51.36363365364908,7.482290329469098,2.664612429919772,0.8329921636390765,2.7473186232975895
31,18,58.966257991574096,22.616936666036377,2.846538878270822,0.7529634767630164,2.6665302494069234
31,19,29.490737340429355,6.802807027297565,1.9296492046451488,0.6371167214479869,2.1417938045718223
31,20,39.401314277194736,5.948917361145516,2.5839938542105063,0.8234833710750635,2.834596340811148
31,21,65.84267097509561,25.958803114789575,2.6991328564162,0.7351726893276131,2.6672072259230237
31,22,37.0826186853448,7.475501433049164,2.3853450042501567,0.49349894242224446,2.064783302765365
31,23,46.26438127528083,20.31876720430869,2.2320880967084658,0.41002780880816836,1.864590817501215
31,24,28.733319883395627,9.920984564841785,1.374531259157377,0.34876303592963254,1.6748276332892205
31,25,36.79120314619705,16.59011591157527,1.4295695108986803,0.37248188508483815,1.7566823880556492
31,26,37.23506295116596,8.836948135675144,1.830242476650822,0.45133788878012915,1.9128161867999758
31,27,28.777126870091546,8.087880389063207,1.7837033936311213,0.5099855562373918,1.9602547779303656
31,28,57.26265608850191,22.288756920469183,2.1844872393589982,0.4172181653845417,1.8726524187831528
31,29,37.93924517863709,13.021753715787655,1.711501190644384,0.49364177550967003,1.8892179129051432
31,30,34.60114197371292,3.649602330399081,2.9865400540174756,0.6510712846390088,2.479600249613812
31,31,48.294205753345,9.893832016839873,2.3347573752964843,0.534462955865286,2.1024947517269683
32,0,28.099207250502992,3.9029111419099602,5.528484879057105,1.1014456297912432,3.830261455508796
32,1,52.10437985167934,25.369533565040797,2.2389982180226147,0.5083136176507255,2.0703918047100704
32,2,50.42786586059157,34.47538524803904,1.6501380767894767,0.5150461251336664,2.021256700034443
32,3,32.441337175469116,9.309342225600416,2.1153295184830783,0.3362232804316272,1.7031334262579394
32,4,53.91781284569447,19.665740839398,2.6458940541595055,0.6277964655143529,2.3091274087530156
32,5,42.545944399297525,12.031485210601318,3.204876759839762,0.7511027644133836,2.752253901248214
32,6,57.295408477872655,20.246589674743795,3.084062350606276,0.6333876150244766,2.4704500021743
32,7,83.03700750357159,31.016561630942164,3.8343963506172365,0.7452878653088275,2.907419116423375
32,8,79.21739113984731,32.02044434494906,4.49150235687439,1.1821284436858193,4.279695509783946
32,9,57.31113279774647,11.617045594123683,5.080533622584363,1.0818592418069581,4.257327171511065
32,10,63.18461913933234,19.661849484105044,3.8073519449283912,1.1303315689517444,4.061665753373212
32,11,66.57441835604197,24.096588145168887,5.03169997210207,0.9725912452518966,3.6841033415247844
32,12,59.871327520347805,15.344931020363987,4.146779363032024,0.596204607714875,2.4065944322824997
32,13,50.8789921083883,11.563791333650183,4.409396011700775,0.8376505532519687,3.182201804551931
32,14,54.85061297586247,16.817915375422604,3.736292401066855,0.8109986282238761,3.049743961837228
32,15,72.94932009829995,26.709510814837948,4.023612668398421,1.0394295486732323,3.729125034948779
32,16,60.270433864811714,16.388763351110814,3.3994591844767825,1.034498125114065,3.5645770394030847
32,17,67.04049698627273,21.49015713846412,2.6959771297061703,0.9211521384319568,2.9890377519913267
32,18,57.17675296769678,19.35867884055638,2.4701175635713906,0.4890019185676575,2.033633285252684
32,19,45.78738325650028,15.044669503153756,2.147282274363832,0.7285276502845512,2.4381248860908826
32,20,38.91870451061343,5.733749648997471,2.693551011192251,0.9138060244838035,2.967078385558873
32,21,74.86399458086258,32.53708187912655,1.826259249476238,0.5133607406381648,2.0606656760716104
32,22,55.70926284267372,20.97377304213883,1.9713628142800506,0.38572417601923714,1.8104174263193888
32,23,55.68091211188833,26.704840842653695,1.580358976028092,0.4095158008252602,1.752819747333183
32,24,42.41806313337846,16.393934728956943,1.4274545544414825,0.4202423078888122,1.7799852885934726
32,25,47.692907689811264,24.941876862711894,1.2772304253924494,0.40226853329250245,1.7519279770872618
32,26,56.043604165496745,15.77821737390456,1.9177045786873053,0.4946155785357269,2.011246179750196
32,27,38.44428795195253,11.373780781802282,1.8142265729416773,0.5503426776758134,1.9943722155289256
32,28,42.73315536231654,8.47301072964898,2.043576698644265,0.42431927845067285,1.901495232254424
32,29,27.45436417649836,6.471130956752454,1.5102705900324123,0.4407351105355777,1.8160088604454616
32,30,35.31948372871436,6.303788351869504,2.530134197826822,0.6137338569893651,2.3502184770525645
32,31,46.60940107114291,9.188513698761408,2.1825795816662295,0.5158793110792708,2.056716733278155
33,0,18.4089734875425,0.600048785135805,5.590039360301932,1.0989257582328316,3.864426359232566
33,1,55.80827715308436,27.813912634892855,1.9781245320205816,0.429407759387054,1.8805226959920311
33,2,57.48233987424666,41.00144637410995,1.3125792392222024,0.36873845480295486,1.690560361964415
33,3,28.271213733757055,6.72066590186774,1.882244895508314,0.31198824601353503,1.6422805998372039
33,4,57.748240342342356,20.363836749198146,2.0904337442528256,0.5845892956053071,2.1237165565520013
33,5,45.77743626816327,10.227090680756824,2.642626600977813,0.7830392438977811,2.712698388743415
33,6,60.53848365031939,17.672717513946495,3.0852128152505376,0.7376573750840483,2.702675727874397
33,7,78.16725387654873,22.196215865552347,3.0516465897938145,0.600290057592372,2.387506410308582
33,8,59.7654321718197,17.09521456463558,3.6021549552556333,1.1525936309410447,3.9168751474713708
33,9,62.571426299549415,15.844158515650603,4.03589967222706,0.9489054561375019,3.5805779777685283
33,10,61.38989603389818,17.638559166461192,3.22411248326451,0.9384048893917312,3.3453866245090973
33,11,62.4860644780848,20.20608231787786,4.608173655299659,0.893838977702818,3.3737495627449796
33,12,55.85675085714371,11.649094514344126,3.701840236159465,0.6170643623296881,2.3781719896158267
33,13,56.641462207495096,15.250439290119857,4.548481629137781,0.8973346494130965,3.3878055524372996
33,14,51.29844321671444,12.389376153668302,3.807085284074254,0.8254912017280156,3.059143979528836
33,15,54.0884444870379,12.216601730241452,3.962320120275816,1.07603384905208,3.961689287719374
33,16,57.704761705074496,11.541592723403252,3.252779279122061,0.9964369426729718,3.4658769869608808
33,17,44.4368091783131,8.86772008911649,2.6527478275196734,0.7798588966917657,2.6884626418310567
33,18,30.997372238469183,4.440394176128251,2.341268323402897,0.46593268788803144,1.9797525195917243
33,19,41.618815691037035,12.184174730787381,1.787456077337235,0.5569463847721519,2.009357685695868
33,20,49.759228994820134,10.919380284082266,2.399415034714992,0.7344210696054896,2.5957686860382045
33,21,45.86082477900442,10.914516165612707,2.2963486085169333,0.6227063789571559,2.371853529929295
33,22,42.76298761200309,13.02245105898126,1.7473300451786449,0.3602442262503247,1.7630973889359007
33,23,48.926835422485695,15.873829688569376,1.4179700449306882,0.31432325937495276,1.5980114913035355
33,24,43.206751272324766,19.55853377557012,1.1070052929835987,0.41509796508372543,1.7046180162604188
33,25,33.732481697662735,15.722723270629128,1.1646470837006468,0.37681988409163547,1.723293422333323
33,26,55.93774455985903,14.085480929417281,1.842433201333587,0.5646686461200918,2.1183520973700527
33,27,36.542921391632525,10.603817472167222,1.6275003638946377,0.5900117316182312,2.068497860218755
33,28,45.70461832891207,9.440204430232821,2.107735360881243,0.4284559561266934,1.875169055372049
33,29,31.513298372867162,7.815652255195012,1.6063562919629018,0.38724703146053274,1.7287854667180744
33,30,31.74696763110059,6.143196668937146,2.7373588533028927,0.7523331152797397,2.6544099660618543
33,31,47.887086134895796,13.190472500288552,2.165605518527006,0.5196948524559928,2.0630217139370965
34,0,39.9600886767243,10.079223735887911,5.668670003552917,1.0025040481369611,3.54214254142318
34,1,70.83019465450235,37.4354118921796,1.5902507239225618,0.37250636545117266,1.7252726719023377
34,2,34.00544463122188,18.811336643675357,1.0395390135269142,0.3162420692686725,1.5560905326174015
34,3,56.392248525529226,30.737752399798033,1.71741651228263,0.26112915679542037,1.5384340178853033
34,4,51.36769209382151,17.43548359161394,1.9337269293930954,0.4306943012181037,1.8447276709905018
34,5,45.824140336581934,11.792598969151571,2.560365869551913,0.5783301301635948,2.244984789965038
34,6,52.79199084939371,7.196805721660396,3.0123259819771353,0.6092724831611158,2.4177369014360153
34,7,39.88146922980102,2.2308574965757044,3.1512056284907173,0.5598913611122587,2.3007772106519178
34,8,44.80079169987455,9.043776227798201,3.7130122814578677,1.106131680888093,3.7428393611483597
34,9,30.945473378066723,1.0996417616314318,4.285001759486052,0.9143917341769878,3.525993884484289
34,10,64.0407382272605,18.887530495440952,3.9859534108095223,1.0210151446325653,3.771108938098212
34,11,38.98553356589596,6.751156083771679,5.016840969312039,0.8860037634020603,3.382083069038736
34,12,60.23515279421791,21.93256480095794,3.9439729933259926,0.6062890346596372,2.387919575499932
34,13,50.07432687035627,9.858887358203113,5.083846286862504,1.1025379665515045,4.187727139336306
34,14,75.80464210890602,33.380708775182455,4.2864623796913595,1.0623014863365583,3.9445371431609604
34,15,58.89430199550607,15.070951794494022,3.303274615526403,1.1799515460804817,3.957915034641386
34,16,97.10696501141605,47.33652302567249,3.670989305207444,1.2749370485660263,4.430512187309834
34,17,64.30635133410681,16.652610499567327,3.1696349554915897,0.8128813828409411,2.9204170533309486
34,18,45.74908027056579,14.076838355266958,2.3090041430977677,0.46699730502028025,1.9760524149673617
34,19,63.45515090994353,33.51791746257085,2.4691663301438256,0.7192915346801918,2.508326221386842
34,20,82.50923527786695,37.23189853680352,2.7890115144961802,1.0607667767106936,3.3168199522663198
34,21,76.18940102258928,31.058238084731414,2.494511343346983,0.6513021170436883,2.399593729564764
34,22,63.62442556895134,31.036142251196765,2.0498162419665484,0.5030631206671008,2.0248515244632492
34,23,66.19244437257862,29.52874236407928,1.6808734149159443,0.3452617148686272,1.671845919383189
34,24,99.30034646787169,73.79556696178713,1.7731426272903992,0.7359274239722362,2.301818486420786
34,25,56.53894215548082,33.929960370128185,1.7639121893980463,0.5361830800464185,2.022440891749678
34,26,90.9731776923634,42.76917536566911,2.596734851671253,0.7662932711659174,2.684440975573892
34,27,65.85463137580746,35.05801123775635,2.179760239029345,0.5667084401764675,2.0740470520899814
34,28,63.196250436067785,26.161591164737498,2.657107392994438,0.579712988718935,2.2607115169671976
34,29,48.57309328555,23.72004278168621,1.907715274894021,0.577873476244414,2.1406465749499084
34,30,80.25420270619264,40.204758469619556,2.9677153926171815,0.787349998401452,2.8197477614922026
34,31,93.29409976576152,42.57274524230134,2.4608713632248547,0.7626831788473605,2.6342994369297847
35,0,49.20528380288881,18.483935072057584,5.689558139789652,1.075946296180895,3.8549917310488966
35,1,59.964853825088376,25.981612263340025,2.07175215136527,0.39743819143144377,1.8411998350382268
35,2,26.968234627840737,10.581288213714359,1.2525008214444753,0.45135656474750374,1.801408616125004
35,3,52.419121099453015,27.814866525493358,1.8684726748150247,0.2801070650600883,1.6012705212212655
35,4,69.15720475890745,28.226829896180448,2.381032873970494,0.6053028866101768,2.2293865849229415
35,5,75.62670897055422,36.93127818464218,2.924271760210015,0.728698040582676,2.6425467708162373
35,6,64.9107006952422,19.18655165963721,3.358946387857033,0.8303446764748506,2.9733233451340704
35,7,79.77205276184239,29.967083167441437,3.9076015419514425,0.7131423312077496,2.778507856380309
35,8,61.93378122749061,18.01145689507461,4.507725300478278,1.2294608258853224,4.339906483996423
35,9,57.459619047599716,12.018264498771426,4.687976713365757,1.14472270778551,4.339155025517653
35,10,56.878942995900786,15.524103861067864,4.46097071045346,1.3488996251419794,5.045652445343528
35,11,49.98890435077874,9.216265666358174,5.088447734530803,1.104568550689459,4.188301949203719
35,12,75.67741252927773,27.934903071474565,4.8545957757463,0.6705039264816701,2.7351114739180424
35,13,64.98652036533463,18.8956003223431,4.775697052972889,1.0801181071705575,4.0658117109294425
35,14,62.5037536887416,22.71098949167728,4.8403725965092885,1.1122460356661126,4.15375542038014
35,15,63.48926563485462,21.278461862900095,3.686288283082681,1.1566656780515467,3.950343991969231
35,16,71.9565635230507,25.619793870059762,3.6488528521218146,1.2413012547512663,4.1967168492408655
35,17,48.61086642428731,13.723230265505505,2.5751538988728893,0.8705259628925588,2.9356347441333144
35,18,66.37370420828456,30.725481113400058,2.700156027529011,0.6705985188334127,2.436813002576887
35,19,56.04405992802065,29.32926005283103,1.8489706301595943,0.6540420272673395,2.2158719364273294
35,20,51.99284948478895,17.838486105486282,2.5152583932531796,1.0048861956456623,3.1438086254463045
35,21,54.306022316833364,17.975881567718876,2.2653663738563727,0.7068338008614488,2.469553011275642
35,22,59.74115502896761,23.660613138108005,2.3938451952618074,0.4108112705621587,1.9140726176850427
35,23,68.65884696014996,35.81120782986521,2.099158602996223,0.49675426515947585,1.9389664492577208
35,24,87.72106769989261,60.39241031335447,1.6127104724205332,0.37095125209519364,1.7128620651505204
35,25,45.59567412762292,26.605247025328126,1.2661820392746044,0.2817045474933684,1.5641553236915986
35,26,71.97078957675448,32.95463921585138,2.1237013530699045,0.42026827064711725,1.8673681577560708
35,27,54.85069061489854,25.916321232249373,1.9668721740508086,0.5053877878507398,1.9330504163701332
35,28,51.677095227482596,23.388106131659008,2.67809063592716,0.4353174099863355,2.003101127395807
35,29,42.668161418437194,14.31157593233766,2.0467466033476964,0.5387934129764376,2.019085840388215
35,30,61.282320893143385,24.000143916614118,3.326616984480551,0.6617806900211307,2.532752086673549
35,31,95.36834104797826,40.263889965515794,2.418628781135443,0.5779113330440127,2.2319474609915924
36,0,28.277876551087893,9.966813822000109,5.546428825984318,1.1275843554661087,3.9892962035848507
36,1,54.59766284654644,24.17068393313062,2.321221340935322,0.5284768624808578,2.107035468831111
36,2,46.6353340213694,30.67216894947659,1.6298973157919014,0.5032832685900683,1.9763820381039197
36,3,29.687534578766922,10.266618668260518,2.046600130334254,0.3596498694224919,1.7612697535042874
36,4,45.68906882850246,11.197295417283673,2.3796717736496245,0.548260729804841,2.1011838581238105
36,5,56.794890559105276,24.80504194687139,3.3211510441711987,0.8663256505671217,3.059670682155534
36,6,57.42560320390686,16.735834168326583,3.059843182232166,0.7536964967046549,2.702077537238823
36,7,69.79390936364673,25.24293454855216,3.4927414873461413,0.6734279993872874,2.636152283834379
36,8,78.22917780960907,29.420343867220538,4.041905412750209,0.9875502561527654,3.5736560015009124
36,9,67.51937946694648,17.77163393614734,4.60635754467263,0.9661072699901956,3.724539800407195
36,10,71.62925957588101,22.083514430548863,3.995324547674998,1.1988223767927417,4.476087398422454
36,11,53.97202538911554,17.816146910268646,4.7829330194830995,0.9564150546836352,3.6410780077140785
36,12,87.0549090431353,41.57217850319954,3.898976747122939,0.6641902714046113,2.586599314999433
36,13,68.150753948572,20.828991352960305,4.373077106018784,1.0051660625931307,3.799298814164451
36,14,72.1999713179599,27.26882524260198,4.700945582912389,1.0241558249189389,3.988547983228521
36,15,63.36046513371505,16.658246423400733,3.716573411711858,1.1679479395130636,4.199090573841496
36,16,83.32360984774766,33.08183372197835,2.9926102706718347,0.9955614814308404,3.4219488310207873
36,17,64.70745730552622,18.30388612426344,3.302917701596406,0.732047383086996,2.758323329287063
36,18,74.34729695512232,41.037700793597985,2.423921487407971,0.40776912304759483,1.8742225229259795
36,19,38.33518414648397,9.610347061802722,2.395157285072903,0.674501500238641,2.3280138741359773
36,20,58.32042288321837,25.12019869073326,3.030378361514376,0.7747282540958618,2.7569885716508686
36,21,78.56147531476842,32.20889493570627,2.495838007458956,0.6546926071472638,2.431522489881764
36,22,51.39559003620868,15.016917108264241,2.043818229046166,0.4534507790465119,1.9495458819914209
36,23,76.2966696604214,42.27473760494136,1.8727507363212328,0.3996651193495677,1.782435903437216
36,24,39.46858358031882,16.494342593378093,1.6695568309548858,0.4753656633125143,1.9044481923783159
36,25,40.30944638775514,18.363869810151247,1.2975016731158744,0.504754927148727,1.9277550292501202
36,26,59.552138212820125,22.828487691063344,2.421294527143507,0.6018203236573427,2.301094653574995
36,27,38.37671019554477,14.753622486749897,1.9265717770961188,0.5472878949409907,2.0532717906332056
36,28,47.55105743556224,12.305335927332811,2.743633083797555,0.49397774321943944,2.128816192319487
36,29,42.41025247278581,14.014076252731302,2.089462905700781,0.5258408216284933,2.0483798338001056
36,30,49.610888192896624,12.042387446612858,3.336451425084907,0.8755474477798844,3.0941119290427856
36,31,63.38771588692238,11.246698930334972,2.5616925767180136,0.631448380840796,2.400590082527245
37,0,38.70335326030803,10.619993362706602,5.862008575512407,1.016509816847356,3.57269130992302
37,1,65.90451819508758,34.20762149108795,2.2797156203801885,0.5630680723167525,2.163322623070825
37,2,43.46619873963992,26.970018456800144,1.3752574873246055,0.49654667047110435,1.9030837003420176
37,3,51.72815531868012,24.574171005898645,1.9455556108886713,0.30617430200269524,1.6434742263558024
37,4,46.04965364863262,13.05565930858749,2.2036012417438395,0.5438869206030463,2.0735213432265778
37,5,62.945660947189765,23.54368712890531,2.9519570239022697,0.7391540833763801,2.7048561538853333
37,6,45.923649522928876,11.177927144022817,3.052859393314416,0.6147961665210011,2.462370244912634
37,7,55.853390324010896,10.700815513720505,3.5122510046973683,0.7046867258175866,2.693184989088677
37,8,43.99759181234769,4.390877638308212,4.250082540905863,0.9715461505497354,3.563670129138755
37,9,50.62172593441651,13.117888793109058,5.0966957374337305,0.9870562356864916,3.897582543679607
37,10,85.12079104132555,40.28174843630738,4.186701827448281,1.2324369029133324,4.612561092075575
37,11,86.07047974671609,45.467763555537985,5.560862262423637,0.9900165692816074,3.7714634302210848
37,12,98.21082864151737,46.99069654706293,4.150136610787971,0.7397660162086144,2.837803806909956
37,13,57.61668627845415,13.312414031138992,4.69298494506053,1.0572362532497621,4.010248366733599
37,14,84.7509669760394,36.53607571908698,4.66837758376068,0.997256441541122,3.8320053189205057
37,15,79.18223641247204,30.675658397943124,3.722152546129126,0.9730303086624459,3.6182285314275857
37,16,115.38030066626736,59.620032653032524,3.7806461969372034,1.0984311176188193,3.948959146924299
37,17,91.45570170024492,48.81851722008574,4.096764728304268,1.046699987018564,3.844664433504075
37,18,66.15955583963608,29.763693006533728,2.853715611712378,0.6953876573027484,2.5283363901744127
37,19,83.52533642909074,50.33690706091566,2.4811058655742464,0.6189020947987052,2.3013265777228464
37,20,88.91177642452703,46.25155898295495,3.483802689292639,0.7163713140762402,2.6746161698321065
37,21,107.35112422885524,61.52118500608566,2.4805941375530036,0.5514906558149724,2.204531236435491
37,22,89.06411826312625,46.76644363828305,2.6536947750881046,0.5789627862445048,2.2353122497014137
37,23,78.72995055715784,42.250832668024884,2.20758233548644,0.3677340277791066,1.771478084682147
37,24,84.05992516553539,56.632174721869674,2.5040400052129486,0.6180801083297438,2.253584905322361
37,25,67.23550530010431,41.58687878197651,1.8177663667839652,0.48675425884309886,1.962417734543934
37,26,78.61925669001018,36.031148552726435,3.05156516882532,0.6332467669553212,2.466763051446833
37,27,59.20168068084591,25.26630349941334,2.663942384253186,0.5782163470811388,2.2007791330732003
37,28,56.8427724723292,19.539493533790285,3.1126391809658043,0.6518774738875455,2.469573270560562
37,29,50.63796947271082,20.355752599205076,2.3896589814501317,0.62673686975032,2.3160130677498385
37,30,73.64400588114998,32.727200094145914,4.065086913911958,0.8930291591742012,3.378991468858546
37,31,73.90620817761538,24.26457060963041,2.5676086811555487,0.7195756358057066,2.607195450532147
38,0,82.52956355344482,52.91418771837505,5.673390743846021,1.3866111916895694,5.204910378628048
38,1,84.70660032121253,50.94440328887941,2.535106295876103,0.6031400336239456,2.2717413020188175
38,2,54.985088332774716,35.988407403674586,1.5890081933837963,0.3298924699352601,1.6917688466642753
38,3,64.32249682319866,37.185884697839164,1.9598831368455656,0.3797638785583195,1.7762004608826867
38,4,85.10708663798226,42.03296316034277,2.9296676882473784,0.5812790787803515,2.287203944301158
38,5,95.05960889277574,53.34727449745024,3.261777749225433,0.808162645428804,2.847368559276791
38,6,80.02972402164777,34.60281677750717,3.6832281925664017,0.6415083644134363,2.5762278322812047
38,7,80.17254994382972,27.329535113879462,4.01750665484053,0.6968598170229301,2.744962783054186
38,8,59.2287412653686,14.519773774565838,4.718248198405959,1.0474714029614134,3.8004273982059784
38,9,52.71232786028483,10.353066199802926,4.815230868547296,1.1990181134293358,4.47271725541087
38,10,89.54138459698814,45.44422621235018,4.219769903451568,0.9740486637518169,3.7648646246227084
38,11,62.61520225259732,26.252744158637455,5.1820677546189975,1.0401670741192133,3.9647163234989
38,12,61.02985867692798,18.62463410504949,4.689184527821341,0.7068281655298128,2.825288379247171
38,13,54.555505504219624,11.273798561618822,5.50843148169599,0.9844073220897585,3.986875609178487
38,14,58.04184150224071,20.62800153905487,5.137440168200412,1.1130149384577397,4.355803785324942
38,15,67.83539120040939,27.197832565404394,3.835473337152667,0.961978362264202,3.5872603708455717
38,16,87.30668657063404,40.56567520216591,3.759248489255548,1.0426196249788338,3.8006892019615988
38,17,85.85085675569069,40.05563738249303,4.065354519944525,0.9937549755522861,3.7196914751112065
38,18,66.93780281275357,34.68690026029382,2.354742562776944,0.6180430589982451,2.2398580654258162
38,19,62.288636857113026,33.95111311862922,2.6378714999481927,0.44831060792155775,2.020145028796083
38,20,87.30181498088866,45.430381091900415,2.3411036425795926,0.5616599594787717,2.202714967909165
38,21,61.78000590515393,25.949675107983296,1.9603710032124155,0.4152527586883661,1.8861471645972998
38,22,55.97785106143669,21.341550165622568,2.292433933326905,0.5977420871221368,2.1775210268722995
38,23,65.43530624327516,27.823715970691257,1.9751725821214101,0.40058524444758103,1.8357456014649092
38,24,62.24664389333381,25.29356356211605,2.2655819847944474,0.5556296949731032,2.1438771227243727
38,25,45.4650348574696,23.951961981352984,1.751249922474312,0.4274122677594243,1.8755837856745523
38,26,81.178919928944,44.374190088558265,2.73850023581867,0.6196899569164094,2.407932292892334
38,27,47.432931416424736,19.844728064863894,1.9251164042234874,0.5065382665925229,2.0055007288944853
38,28,75.53096214917662,37.13754329997626,2.372568012151783,0.709694830703798,2.5289653041657125
38,29,44.57339706804477,22.08598251369256,2.1021288814357195,0.5990573905420931,2.189892973834312
38,30,68.23051851843638,31.296943262125417,3.411935784309998,0.7244581844014011,2.7536004587920173
38,31,86.0426777024266,33.23481868839855,2.132835426348743,0.5433145885225459,2.1340668500051545
39,0,94.88298609564679,66.95246581676804,5.163675882661474,1.0680737140319234,3.603434474232909
39,1,70.77818631179564,42.26591296017722,2.2553608321995564,0.695723622280588,2.3868132939807154
39,2,57.24768245909864,37.297112815875536,1.2863043987726055,0.38489073608990076,1.7490165770789385
39,3,43.09886801385449,19.050979403745117,1.6346187869204831,0.35727071551384837,1.7036963293751304
39,4,47.813825181866825,12.81516931862993,2.7001975652837693,0.5313890487189772,2.1269421588210533
39,5,57.31063302123205,23.104452723668544,2.9836265269399025,0.8276154551931438,2.8528875565468654
39,6,62.666767378704826,18.8789040640219,3.4657942633112926,0.5656557459889315,2.335997419223535
39,7,74.22400238645733,27.192442214832017,3.6671920262488515,0.697951713930514,2.6413114439144425
39,8,73.42216771175197,27.161980348411234,4.475446904168688,0.8109814958334702,3.03637282661946
39,9,58.57499389564201,14.837113495934409,4.272469343631798,0.7837676703299206,3.0160481653980695
39,10,68.01669813767421,21.667371938511263,3.5465558700314888,0.7115599631651421,2.791400173808563
39,11,67.50345725536675,24.686552922609746,4.789579077692153,0.8554787176673138,3.236195309837842
39,12,55.46465379828469,10.335055971247915,4.6674452998879215,0.6376629065638335,2.591616717363173
39,13,55.784354226743396,12.737037760787281,5.410710498574206,0.9511473000635382,3.7814399959053615
39,14,59.9033447484327,17.69297069763296,5.263003345970054,1.2892956499775172,5.115597984360035
39,15,54.683116846811984,20.11182594150307,3.9897805433143003,0.9448295410034242,3.504322963185515
39,16,66.17061075753679,26.181348578955294,3.893141234083886,0.9853948126067498,3.5264203364819378
39,17,51.80295728024179,16.840523489140573,4.208121043557144,0.9920054543860282,3.5917800791186356
39,18,51.4685003311282,21.792844377515564,2.8325848162944998,0.5316366675597313,2.1248800431119985
39,19,41.16804222218877,15.28873685951861,2.5787634513482036,0.43447283264214054,1.9677426027564413
39,20,68.30823352213203,33.70238968033421,2.622793702053349,0.41925442469978913,1.9374861612245546
39,21,34.07047075183503,7.5950257819532805,2.109537699744708,0.4271839616158104,1.9187336072699788
39,22,56.178996185661035,24.941632122643938,2.120325501354566,0.547194840429138,2.0934321952168706
39,23,45.53365284922222,25.134291357389984,1.5766170019230183,0.33360982943451956,1.6482241462070437
39,24,63.53168719682294,28.150864413360843,1.7444665095097576,0.3100565050381081,1.6544599466407406
39,25,49.055209917459976,28.116188333232113,1.5847666891195447,0.3520107865767894,1.7362621075358953
39,26,55.49107184469198,25.23825326228648,2.391795199586303,0.5361552287678801,2.1621620241975146
39,27,46.15697298765879,19.522370998424122,2.0140362982638935,0.5644859763500869,2.1222037556431723
39,28,80.15764236477213,44.94433932109348,2.6289791657539956,0.6589129473482593,2.4727922061574628
39,29,43.60049187545951,22.0031411029675,1.9659048757970141,0.500011462076484,2.000605785653943
39,30,51.1758928489441,18.755462649884883,3.548655820023095,0.7603592158454671,2.865402894602557
39,31,83.3944438343611,40.42378055264446,2.588561564344131,0.6814119137527017,2.5255763184285227
40,0,79.44002934608265,52.05859465293079,5.814219461573267,1.3446835885946902,4.948812056608154
40,1,29.274764180161704,6.37056318837878,2.456727151878924,0.6146214337569136,2.235335683306762
40,2,62.26912332376007,42.81430599775473,1.585061704116195,0.49609847846108734,1.9464351008613539
40,3,34.37569029082221,12.234686240207985,1.850991209735167,0.3678012743340786,1.728425756298846
40,4,45.97460711983267,15.444810990757983,3.2089187671836026,0.48940175507600436,2.1467394821692367
40,5,63.73265328152513,27.99953388985569,3.036008738344183,0.6266718961451962,2.430324450907341
40,6,66.27880611125693,25.124765116114002,3.4559991144086584,0.5192683330268388,2.229294644563732
40,7,46.02339821458982,8.26623976421373,4.137870229262582,0.6888834443512835,2.7167731939266075
40,8,44.16067229085133,8.236854378234273,4.432410168467918,0.9394916072462243,3.3077026177665
40,9,54.41283300412496,13.354381028743163,4.615858119911836,1.04325485070534,3.7491693782723896
40,10,81.99648796463265,34.80676943991494,4.616238298393008,1.042989008745148,3.996763840517126
40,11,74.56291465492626,28.121895771015122,5.287707350341076,0.8591417838141258,3.3429232960040918
40,12,51.618063550158276,12.52303214354974,4.564390041191069,0.714239505402146,2.8405260380389326
40,13,68.77512200677404,20.953289436636595,5.95459423394697,0.995615502309235,3.919415700127797
40,14,57.44949566719224,11.263705862639178,5.27939574150972,1.257766245432295,4.905196221481016
40,15,91.25270756107184,46.02600370638678,4.548466648573638,1.0546876812023998,3.9665349062694277
40,16,93.83142382544308,39.739029598312584,3.957783748569142,1.0099831143357818,3.5598802860471723
40,17,82.32199020207926,40.270070863776304,4.1726534453285264,1.1286823998384516,3.8865817496977915
40,18,52.29253986269053,19.015720598560033,3.593304737578567,0.7107343123295626,2.6046117786493954
40,19,69.97766166567962,39.18612067793217,3.0014708117002944,0.6810899570406574,2.413667137166482
40,20,59.31583462954921,20.658356524992335,3.688032296058,0.7274828910187212,2.6951843516070784
40,21,91.47586524548937,50.364916652990175,3.4515747684104334,0.7702835126053755,2.816364791653175
40,22,81.23970887817876,43.513493904987584,3.201187315238109,0.661358880067386,2.521627838779781
40,23,62.8846966375005,38.60808369474267,2.362384191923058,0.490641916067061,1.9777314788513722
40,24,54.03150830673161,25.780683775836145,2.2620252752646843,0.4653921921709725,1.9531328954173466
40,25,60.32770416481518,37.64349709663429,1.7292358644474075,0.529371064403501,2.041337495137095
40,26,79.85968351717932,42.02908567480799,2.8979094398597467,0.7732378529745851,2.7697799897189603
40,27,71.17647019785595,36.68823725186206,2.713688531017991,0.6849685910830043,2.491566940739627
40,28,78.00020787209257,41.69401830299563,3.018945144472108,0.7854948017670975,2.7232286059675097
40,29,36.10426809032693,9.44670988345329,2.0733753397508683,0.5422102030099958,2.0105892919438886
40,30,73.85536155496634,36.9171647074416,3.6171424635428275,0.977523404245435,3.3981059666242714
40,31,97.90125411834067,46.717860129817105,2.4721551471271455,0.700933534950829,2.523079968737499
41,0,70.25538530744578,40.38318137217965,5.8120431865537405,0.9704199394155868,3.5173968466082837
41,1,64.12551542687802,32.90612531705108,2.1387351875141194,0.48343412850720346,1.94423699905868
41,2,68.10793911366163,48.14267142388844,1.4462524673106987,0.460104235242238,1.8272339456317446
41,3,48.402344450826874,22.622102929027392,1.5819326735821586,0.2310269314586233,1.4726170832447818
41,4,69.41723228411209,30.225226436693315,2.3794002855701892,0.5629070746980469,2.0548542046275613
41,5,71.96488307380261,33.69899057162631,3.036739902250137,0.9070953885464546,2.901155043982012
41,6,85.36195705653574,41.70478454015224,3.480726122244503,0.9429665599310804,3.127417785993099
41,7,64.99510470740209,19.272779334993785,3.717269972487135,0.8136659306342855,2.93093357149605
41,8,72.24146015207538,28.05215201319119,4.074103610025438,1.0253959680842915,3.575529094584855
41,9,69.61335822927695,24.01967154829827,4.72243297058281,1.2868751730936747,4.7908206328143805
41,10,74.56133904763546,24.454032871891357,3.9637813357497675,0.9874337910386304,3.719987990975038
41,11,48.73862524799895,9.410832783585459,5.214125323480776,1.1303590131710743,4.332232758553676
41,12,67.56968589095959,26.69981971741289,4.72884524291954,0.5470217448257433,2.4018964163352505
41,13,56.538839304038596,16.42130649460156,5.472180547444929,1.02811993373287,4.092177955910618
41,14,64.66468063905278,22.80906419117514,4.9159366538081954,1.3655201715993224,5.127752618420911
41,15,65.30067724637219,22.210004254249544,3.920230658988536,1.0149312667507369,3.5225737386252467
41,16,78.47048142728774,27.221525722689197,3.4134367319939614,0.97265078717846,3.2984668655531055
41,17,74.17508716605961,31.445599866304214,3.540870032324036,0.7000195402952931,2.586386763992204
41,18,65.89235473513514,32.66801111576036,2.3586916603110626,0.6588255063236446,2.247627108656821
41,19,49.401745528154585,17.477647236739312,2.191273941089401,0.5887643366642976,2.0910008918724428
41,20,56.065518904771736,18.77002716719426,2.419519273029029,0.5758765701931612,2.2156410919955976
41,21,92.30547516694936,47.41265653245431,1.8434002795994868,0.4697276058403037,1.9443215728494478
41,22,70.02211103140301,29.881672866964184,1.6109516878207644,0.24938499892597887,1.52403938367986
41,23,67.97732036927025,33.60676126022912,0.9588490704664306,0.12794400400025607,1.2723041073989034
41,24,56.37313299652576,27.8994735591736,0.8366069100941869,0.14871590136836854,1.3087044936862497
41,25,62.67610039654926,37.1252982309745,1.1082530561339665,0.30047388347558956,1.567236848479944
41,26,112.46654747335579,64.43237379773211,1.5322081146139408,0.3699056840558712,1.7211188419576628
41,27,74.00682316259454,43.264855811357734,1.470677657786248,0.44278716795388195,1.7740153882250758
41,28,113.12354312613604,70.33844380682635,2.0261174726665105,0.2914938751705023,1.6491025593724702
41,29,90.73874727787674,55.486850287293194,1.3760129971996913,0.3973205942177782,1.7113570052057643
41,30,138.0730387245705,90.4943957314025,1.9627352534303224,0.31703481638062136,1.677146823157834
41,31,102.21742026954695,48.53157481815646,1.924807279772011,0.48350860536840146,1.971764831798149
42,0,34.79019517520546,9.46336614145242,5.616522542672847,0.9873532877458686,3.3832617118561954
42,1,55.71128659936646,28.398478524323025,1.7045914007958558,0.32080194613684077,1.640895760669498
42,2,28.124885755152242,13.625789130464206,1.1676992404306599,0.2895954890163257,1.5404409926668534
42,3,32.69036400060073,9.85307763914645,2.2166810904346024,0.3276810775476009,1.6608135751389885
42,4,42.306517464022846,9.392081876808362,1.9466896876553192,0.5064225764243473,1.9274782127082133
42,5,54.052115383385186,16.27228078182256,2.6895576993540145,0.7518195335660574,2.5382416847244813
42,6,112.26750138631347,62.989135852349044,2.4102629516941563,0.5821362617540777,2.1732791719943596
42,7,72.82381019580595,27.17509605043759,3.5169737752764787,0.6378495828250959,2.5124834896204895
42,8,46.519883202493716,8.76392118451243,4.483280846810445,1.0833846687924709,3.8536343357336356
42,9,80.5684739520487,32.366438537565614,4.696319007130446,1.0912529115525658,4.0832332957738915
42,10,66.73531430067926,20.034017651456608,4.278762981207536,1.283734490792515,4.808126040627617
42,11,54.92867391932655,16.260891032833108,5.400682865347557,1.1589809076497408,4.346664583528729
42,12,47.38523405198211,8.036265403622219,4.397682629742911,0.6116272392776496,2.5194782661246213
42,13,50.515704892582136,10.629648481464288,5.016775836344539,1.028131257937237,3.9601765472106196
42,14,66.67997756812987,25.77509371437131,4.550421669299813,1.2022019825478827,4.4841850639880985
42,15,69.31340460886197,23.931175807343052,4.301199037908408,0.9259101818266879,3.515717118629777
42,16,73.11567902453324,32.43227979444812,3.6957203307610396,0.9796348590622248,3.5111446804367548
42,17,52.241795200086166,19.50223268236433,3.6035518949853387,0.7107896093611075,2.662499082993326
42,18,74.11326092153695,37.87378115617678,2.829740664951717,0.6644558454803415,2.4383910116278487
42,19,61.75560795190018,30.88692958150263,2.9244527894667227,0.6565933568908471,2.4155892972018917
42,20,88.12658387247174,44.52948994173854,3.2924145753721783,0.8540502074577505,3.0237965613663293
42,21,62.436029859126634,21.12441351073405,2.8654989257845127,0.6268702247888527,2.406557341512263
42,22,71.46550770601061,33.17769736793278,2.8595996202341567,0.5034183109386543,2.1349665714188055
42,23,54.55106546901251,20.18494890830653,1.9881775594967572,0.33565417422867094,1.6946382888117177
42,24,46.46505931565968,13.764323118813575,1.7974589968765728,0.3389787672421918,1.7002246671790322
42,25,38.25095031479491,18.471251900095695,1.3023407522941717,0.2818096464912896,1.5760613195695086
42,26,59.000877039229394,22.091206686090544,2.2148407052063277,0.46696029193089217,1.982988429718148
42,27,51.73607817452492,23.80114248795352,2.3170745148319924,0.5849192405545156,2.1377393383714667
42,28,76.01120482767774,38.213865258373275,2.8106334048425774,0.4839248249027164,2.1029345758397024
42,29,65.76654600653119,38.98259890138968,1.9609413311384436,0.4800029699291517,1.9406578857092684
42,30,125.21365642608262,78.49872439279703,3.394527534479442,0.7017307355762501,2.6253708224710297
42,31,137.9711281713408,73.50879210069792,2.545685904750607,0.6376313322185085,2.3603935061772483
43,0,53.26360653623043,21.859492050379934,5.789774526956188,1.0401929097936726,3.702495158005272
43,1,66.83395180706852,27.773479918264844,2.2373221235208867,0.4685920582101373,1.9492805206103572
43,2,47.553784787577925,24.690362807683208,1.678576119368582,0.5584449158138491,2.0728962147882046
43,3,28.51395542682865,6.606698535182904,1.810721276454637,0.29749817202390805,1.6098155535823135
43,4,47.63197224534429,9.841918394892055,2.333915946961577,0.5931177976103181,2.1256188510553113
43,5,50.29349780654513,14.301001153712448,3.0320686827575454,0.834749814569097,2.7923849601594206
43,6,108.3433970551419,58.782295719920356,3.538000448392704,0.7694805698995091,2.7314104370857653
43,7,69.7363893095262,26.173088530255562,3.4165285220411565,0.7254415685562705,2.7217616551872084
43,8,45.602639561472145,10.122331058506099,4.259018977489967,1.1456836685039455,4.003787596038281
43,9,63.982550331185365,21.533136801696042,4.854552940739149,1.1479735211863424,4.240832163072466
43,10,71.47766475989394,26.440782710406356,3.7747837355657667,1.275750349131135,4.694506200475084
43,11,73.10281007056321,30.901160529295,4.9823192404378185,0.9564158618004752,3.659661209683522
43,12,61.03500116348738,21.487888131388996,4.102549849900809,0.6146294186282013,2.461678113216474
43,13,46.56510409636519,9.244909871654668,5.026077404237818,1.0425004052019675,4.014228170751461
43,14,53.66485371904979,11.433768548541224,4.628230659236403,1.1988408805283113,4.674635226526965
43,15,48.71685519649296,10.232684998975344,3.487886053294045,1.042863141233898,3.6819465954713015
43,16,49.30771482936465,10.370318752044263,3.4887390480310296,0.9714893279625576,3.4859608673542604
43,17,53.277481296925224,18.612506975383162,3.842305239723517,0.8329391073016836,3.094126376523375
43,18,37.86178478491024,9.962846975977143,3.0187387728450563,0.5782700365937123,2.2899939908501374
43,19,41.01514787835477,14.387970580137049,2.836437937552243,0.6887976440250703,2.432600370516341
43,20,63.69930193130164,28.62341881223808,3.4348201538488974,0.8756454661862021,3.079974187293727
43,21,62.67753430356959,19.068699917154262,3.06548505083839,0.724701641723065,2.6242701487917897
43,22,52.15910055123133,20.96114679355214,3.192373559597981,0.7447473322912161,2.696467386308473
43,23,51.34725402127927,23.50857008865898,2.1648171827489002,0.477519669331508,1.9275363853134864
43,24,29.37490637744905,5.813526800442745,1.710932667526311,0.3857171183117234,1.7618133505615028
43,25,24.227592703409165,5.554707276252213,1.2240999059646698,0.3429295696435215,1.6570578142688899
43,26,41.959255114153564,11.829558461392285,2.057529857942827,0.5787008041519912,2.109590611201252
43,27,21.15016227107233,1.85174569170977,2.1333615158736805,0.5923100707466791,2.130976160589603
43,28,43.375115612366045,11.895572990793507,2.612313742571618,0.603943363068514,2.28123117766283
43,29,23.863825841120637,1.790164460763064,1.8612505471344805,0.45432929504626296,1.8654043392427437
43,30,38.02861675332127,8.81468021672762,3.292722925558748,0.7435616530457616,2.692136161762307
43,31,72.8867488485601,26.580687524756748,2.4059631167105056,0.51785788194212,2.1432696638400213
44,0,48.73716891385338,18.464431181447146,5.9125139272305525,0.8878243298372874,3.237272686069074
44,1,63.34279019007564,23.27185298376604,1.73785376170093,0.45019528912058937,1.8162021484137891
44,2,50.39399901067082,26.663804728570756,1.1209726205873332,0.38115762598487635,1.6998603336466407
44,3,37.79644314999997,13.14709131294482,1.6524886547917035,0.2592206236375465,1.5343175042255575
44,4,57.203907766472,21.50414498141936,2.1452527463842994,0.5623287559063712,2.1175509712040648
44,5,69.27869436859298,31.00198483560184,3.6994999369281643,0.8828718702629801,3.2204062013826817
44,6,124.64560951586138,71.910557421838,4.086969298840631,0.8252190908962218,3.113363289920611
44,7,169.16519160336213,114.45610136368538,4.709660196529727,1.020418370356328,3.9209262265680667
44,8,108.8353061083655,59.90650533867213,5.009233422142451,0.9976936334495239,3.9098829711441567
44,9,79.97103991329305,33.340167469652116,5.353072970964799,1.140790431321319,4.550861935254218
44,10,94.35651464056447,40.183721078177115,5.036581363747693,1.2966872570175436,4.971593241127842
44,11,60.89487153163442,19.350578072601298,5.3623478015803965,1.0725492524854134,4.176569558425128
44,12,78.42530906887455,31.792965036409125,5.076328156019951,0.8293856724955377,3.3277424644141056
44,13,79.7384768778094,33.85348761340287,5.523425753801273,0.9782800776298286,3.910114120175436
44,14,105.35029737252188,55.43114457589497,5.100628400214098,1.3126156790073429,4.9789078248917775
44,15,91.02414452430108,44.724098135702164,4.343665152975058,1.2527605653113216,4.728398869531961
44,16,98.60484681432129,45.91974904190688,3.1000501142848496,1.1475803035041547,3.6943735917350335
44,17,73.28279333854127,32.74153215448934,2.923521905676178,0.8566779878854418,2.9436925343309217
44,18,83.96055965941055,44.531364748987485,1.955851396859667,0.4767499031275033,1.9568207430658335
44,19,53.66247863715551,24.913276502054227,2.043293349113815,0.6706053971771202,2.3060091116159667
44,20,84.51591626428582,39.91143808756675,2.2935408380201414,0.784679034272731,2.5588437339167527
44,21,80.4404701007755,32.692969719266735,1.806990283744709,0.6948166334001908,2.243078250689512
44,22,98.45489930699023,58.93098010508767,1.7056297139719345,0.31826830022002417,1.6464799424204202
44,23,57.76912555405805,29.621209265202843,1.2482669924538035,0.28067295339926335,1.5078468244500598
44,24,43.764440598948454,16.189187012020867,1.1693367597925481,0.23592294713036654,1.4644077448009045
44,25,34.751484160497355,14.481182419143304,0.9412894978625033,0.2463140063218099,1.46131178460876
44,26,66.04419739046014,25.809288417611583,1.9982251535099862,0.5141017641127101,1.9886655391405301
44,27,49.170903643700754,18.83061945776879,2.1150258074544803,0.8255145160298278,2.562955603906815
44,28,59.8266070979737,21.802811278247987,2.210139111721074,0.5157250990038169,2.0942347323108605
44,29,46.1640846415867,21.18510524534056,1.5342819612201986,0.5777804686249368,1.9951519309097832
44,30,72.19284837771659,34.575597943233944,2.5840472827356447,0.6839649904399683,2.4651489713972223
44,31,81.99974066312512,34.49509745126362,2.1364212294594878,0.5179908978006886,2.1129718799086694
45,0,54.81172690536288,22.626966744565998,5.502702487187055,0.9976945272373916,3.426601687408018
45,1,51.9749788746871,24.090748195318515,1.452494985922058,0.4018203763175594,1.722497830929512
45,2,23.940707630805036,10.830626546688636,1.085922391454664,0.3763013241970581,1.6645896558595092
45,3,58.081244092983425,31.195437821700825,2.309823137800326,0.43744230931983585,1.888340480390612
45,4,83.74631703630017,48.67638174931072,3.354285199626678,0.6611295953018086,2.5360449224090384
45,5,88.149853292901,46.597909072940766,3.9067693355290247,0.7843550366016894,2.973922287709778
45,6,77.17829315100636,30.176174327012298,3.851038574538242,0.7153197015194372,2.7416610127146717
45,7,93.29827872799525,42.61125293989343,4.466039066231478,0.6729634531690083,2.755695683592628
45,8,81.53771471465194,35.69727800284991,4.85166569051149,0.8138657217846861,3.1497987844196267
45,9,101.88866469181465,51.42044262757662,4.712799683189515,0.7153264010018452,2.942205368370106
45,10,109.85901513303145,54.03847183044717,4.123638588444011,0.8501231565343463,3.2275555106143092
45,11,92.49007509696808,47.12776370634938,4.6699999700656605,0.6383280648100627,2.6714268315662504
45,12,80.09737152858878,31.984452467405312,4.938303233130362,0.626369868066325,2.639327437629676
45,13,107.77944398495308,57.62614499173968,5.074630314856476,0.8287226579304434,3.350826038366207
45,14,95.00097003810751,43.26147328090444,4.987729817467003,1.0067526935673277,3.864630393205248
45,15,102.73395485297986,56.13255902167134,3.3336114771797947,1.0522308657420556,3.5051860696204704
45,16,124.94376914793042,68.55380858735262,3.7705024555692774,0.812850002397894,3.055870581741912
45,17,122.01719227274845,71.93745958941747,4.3672588828684695,0.7703009492545227,3.143776760395643
45,18,68.14468250025158,36.19120002894468,1.8510096468956747,0.29488485625779726,1.5916203270591192
45,19,64.5812497240069,33.9062112708886,2.2614331351408823,0.3923618432709963,1.8208432209785446
45,20,69.40941856165128,31.56172312055559,2.5370567313432018,0.38998615256114366,1.87397707352982
45,21,93.9768476727165,48.26543213789962,1.811136049963935,0.4588338806989145,1.9452183025964458
45,22,66.11382343771231,31.8390733337783,2.397172145680351,0.5324146900704076,2.108463531421181
45,23,41.97507237777191,17.408973155250788,1.9160795237033825,0.25664184110728017,1.5758391380610737
45,24,37.125412548573,9.878845917754568,1.751553012856713,0.2708907064229851,1.5838455388065267
45,25,49.42732087254521,22.707129690666946,1.5949131540666466,0.4833540547477888,1.8724112236715427
45,26,54.991688731842686,18.136550589400102,2.3721123724742625,0.5874418524029581,2.233790208954979
45,27,49.397822495306826,17.627593104081274,2.382904826318308,0.9657199312063707,2.8328745311501393
45,28,86.72489763909121,54.32575590625994,2.841856515680818,0.8945932076617757,3.0531306741253066
45,29,95.56798980328979,66.09990977904337,1.6885875874815894,0.8329364688125824,2.443525042477133
45,30,113.87928435514151,69.74043304406831,2.380254101755699,1.3292640030175829,3.97232369629904
45,31,130.50226734675002,72.91455862062905,1.8650111932469828,0.9236548755519558,2.898962641046962
46,0,31.996701792265565,6.507554449932054,5.541401279317024,0.9487510045667156,3.293625918032271
46,1,46.029491407731705,25.73138533443167,1.698041858193784,0.4325831118434169,1.7971074902161057
46,2,22.4420020404664,7.203713560628792,1.1593567641436229,0.3497577523755775,1.648723288500132
46,3,67.60353532103568,38.7660973047412,2.2953334701098482,0.3204858512895097,1.7109273362321646
46,4,113.93579205685555,68.6200754515317,2.6831882244191445,0.6295941098816527,2.33460151511574
46,5,131.74541504133953,84.78996220885132,2.9915361202414283,0.9002468388609581,3.06864470650325
46,6,147.2679336517656,89.45767206078139,3.3454070672317036,0.7374409757714595,2.7904406155198913
46,7,121.81748557197483,63.049301414799274,3.6698370652749785,0.7754870341811886,2.912761096853415
46,8,126.85857124085227,72.10571895606549,4.55297789381531,1.1323917762280438,4.21365666983173
46,9,121.4776952102064,66.42567828650486,5.141422262921046,1.094628727347735,4.252109184081963
46,10,133.1609835011143,72.58738119748776,4.339128193203882,1.1771591013094156,4.423949861926586
46,11,112.04603545417974,61.02570334149288,5.2025792239906075,1.093069998883677,4.195928500943326
46,12,97.19174006240851,44.59519993228897,4.220879181204178,0.6025483649889303,2.4477037172603158
46,13,136.75412273852226,85.38064558282905,4.513448334836218,1.1163754764247642,4.086295500500408
46,14,110.18040755225886,54.71989723795875,4.83950610978905,1.1203671493349097,4.232467650100036
46,15,110.88336137198675,58.73790951486177,3.987652357233036,1.222524655284734,4.503751571854898
46,16,116.48331545115246,60.26540524613601,3.450399806120081,1.2508770523740447,4.46021583885752
46,17,122.76178240964042,72.7682004355897,3.6261694127639954,1.0396902111892272,3.575742863963781
46,18,83.77000601234272,45.08208874746749,2.6713677843667725,0.6528998553768899,2.3704682184063177
46,19,76.64158645077951,42.065282406708164,2.5176111005675317,0.6927711899294597,2.42400446246598
46,20,91.93368720547772,44.35892949367093,3.396318819613344,0.9352577807799807,3.207380874130006
46,21,109.9977571799873,62.317606536410494,2.7065189054488195,0.7255969285432338,2.6119318446874438
46,22,81.82558763131976,37.468814063728104,2.7610375108091842,0.5716648507162896,2.3069132062343507
46,23,71.18341875978079,33.557226180494425,1.914001251172266,0.5018008648652623,1.9420043060252805
46,24,71.87839767759536,34.382148472950426,2.064251514650502,0.5737329001090168,2.121948345277211
46,25,77.1943318121173,47.84767082819977,1.5935190037014069,0.46787929246260473,1.9238758879052804
46,26,72.72518993753114,27.597711338765908,2.408497794558603,0.6645459208264968,2.4227110494176647
46,27,90.89747608209903,53.33700449258763,2.5724796096029996,0.8349382617725789,2.6492014438536864
46,28,93.026566749425,55.45789059049146,3.198978944631114,0.6927068905107547,2.6501909790231877
46,29,87.08285948415426,58.04830374024617,2.018607386242608,0.668613055314748,2.2694461024499937
46,30,145.75253596371692,97.92710147648947,3.574967628471345,0.9236177701674393,3.32592142441274
46,31,135.38180689346535,75.03014883362673,2.6909239747817066,0.6793655847049322,2.577793671563873
47,0,62.79758668792266,29.635911377428695,5.8214970495128995,0.9986981352630799,3.6447486216482448
47,1,129.9428862999675,89.48778022336342,2.1957934629331213,0.5538184142957836,2.1827798375904943
47,2,75.99405080722985,54.011534626591136,1.3674229591691058,0.6186664811588447,2.0739284982165826
47,3,49.72885231216451,24.310682882979222,1.8447839655480776,0.31168956938287407,1.6436181125724174
47,4,64.72953258955309,29.860227184386197,2.243471395906064,0.6206157455869818,2.231198502788312
47,5,68.67173367883902,29.964737810626936,3.0400190130655784,0.7484360917905373,2.647858874424527
47,6,65.0175943831656,18.88922248276292,2.5729916121875966,0.6063861729687874,2.3055098400309753
47,7,82.00698945571503,36.02748728432867,3.2550841787384543,0.6456228120115051,2.5036138937652215
47,8,78.06881704133322,32.86761907073979,4.083244846781787,1.129643518490937,3.9395281048643334
47,9,62.26468181461666,21.646001736201026,4.65002995587248,1.1699174471293485,4.426275932696073
47,10,60.29015960871421,10.924664154100117,3.98260673779664,1.329914052660253,4.933947083841334
47,11,52.69249572154484,11.455586233023912,5.073500302595143,1.103459302178278,4.084563891951931
47,12,37.4803366599148,5.317957988538499,4.388714163264202,0.6318316550244205,2.546426050471264
47,13,55.47379226988645,18.734020606186682,5.015374543114429,1.1768110861428935,4.434840016946922
47,14,58.03280936459241,15.3006912271069,4.904740504138953,1.3385607918816333,5.297104394914591
47,15,57.80243892274376,15.527482999041354,4.010857364726406,1.0527716330044568,3.893619576873348
47,16,73.99790771196658,28.636225077917388,3.5429490288172127,1.075465593347392,3.775973373895218
47,17,67.87537637903759,21.418174555700276,3.8686399753537195,0.9322025537973051,3.2410147015791133
47,18,56.124128679701236,22.140639256168036,3.095745037584542,0.7703610791438176,2.6285442312943132
47,19,43.531451288995726,15.943597223930379,2.1640872643158944,0.6039180340543395,2.141799184673461
47,20,42.18996641799889,7.035978914506179,3.1461881514614465,0.9598832284480672,3.2070323843165527
47,21,70.29231868362046,26.528090837228618,2.7410657614673646,0.6188180611048675,2.43535433589727
47,22,63.759247867773354,25.14946231365429,2.6829478340830004,0.6845201757260022,2.480621404766873
47,23,63.62076909000193,28.47005190857864,2.372629002013631,0.5253991133884259,2.069908253647321
47,24,61.23180708557703,27.36079373354554,2.162490351623579,0.5238105427970807,2.0349804017587942
47,25,41.19159340904187,15.000562196567204,1.4204291482571452,0.37744275676879546,1.73142405118353
47,26,55.44777363992358,16.455708225215904,2.1951840955989317,0.440508980041578,1.965625351550776
47,27,60.11539181590405,27.96378823487038,2.411470588348572,0.5512530574355581,2.099134197475923
47,28,88.32985180208254,49.30877724144027,3.1236760046198913,0.5320752752760529,2.2419933326413837
47,29,39.457207524108355,11.86685516251531,1.853230725840361,0.44395105576140637,1.8610398824274723
47,30,68.36353266231714,26.27095622599634,3.4452681713433733,0.6849764691744462,2.6308210239703738
47,31,81.79262132124695,30.05613152268007,2.4179306314064593,0.5888685644659257,2.25611798414137
48,0,19.043653165307795,0.8652710669860545,5.655692662825605,1.0334667372595847,3.715345983027466
48,1,46.28640201405413,20.883327839076294,2.1632277117254346,0.40181119098280194,1.8612684068036613
48,2,40.98473764155114,24.35757139769917,1.1957731171911432,0.31919866932227303,1.6142118810399189
48,3,31.729538663752795,5.744614483273415,1.3710830463706278,0.19230910140843083,1.4193182308658319
48,4,29.059617459720755,5.83230154060849,2.572235477714323,0.5985673802618341,2.2495429126684767
48,5,48.385078160912315,12.81255427414795,2.814401441962298,0.6469710987599662,2.402809658547097
48,6,54.459651657911095,12.980251400021093,3.2253769613033887,0.6134868333499544,2.412494453717548
48,7,56.545072970418374,11.836470384491658,3.685155076806806,0.6934366650857049,2.628582920982634
48,8,46.73355233427224,9.72681745194671,4.748032227393615,1.048091193601782,3.715876761020824
48,9,64.43069689822667,19.50901807985391,4.9040676876559095,1.064435512764038,4.003946895927967
48,10,44.570170721481475,5.9092412332507935,4.203583626157474,1.127365335272824,4.153362512978307
48,11,57.68033205735264,14.462299070123052,5.3088118932966415,1.135902507517284,4.2872753931027585
48,12,40.049562534557026,7.0604461852681855,4.524369997840855,0.6353772171096059,2.5639456033741204
48,13,33.77997432974972,2.4092923245969495,5.584191279317098,1.072083388070964,4.07926392043439
48,14,45.34567327627863,7.398175004339414,5.1344713797590815,1.133095887752403,4.315104016419727
48,15,38.24764446903599,3.731325209532789,4.213200167804075,1.0079184968963517,3.7232817718184457
48,16,45.54586782730766,8.785774774759261,3.529163021848517,1.0847645602223355,3.6472130612445035
48,17,40.523754905655416,12.305654264269624,3.7419259473717466,1.0274198734737015,3.5253455030955125
48,18,29.325830948747324,4.38746285491678,3.0553631577340465,0.8422308052587795,2.8324652259631145
48,19,21.20443518147553,1.0278725680729615,2.3324292140391876,0.6872917002686747,2.352535030084485
48,20,34.866145921847234,2.7948495461232756,2.9772233857382204,0.9099164754899158,3.0726058450769855
48,21,48.67953976875479,14.672903826111675,3.007123822352249,0.8297466860333249,2.9695903434086666
48,22,34.07321887817432,6.453693076216268,2.5870002561484178,0.6633865699471397,2.4286208354065746
48,23,36.44642055213666,11.450971433377013,2.2464121755695405,0.6221524672558529,2.2159341305480353
48,24,21.87805340491338,3.6555042770816604,2.0504138842492403,0.5559794530017492,2.083392347877431
48,25,30.340648405465533,17.189705997259086,1.4746604006885902,0.5395248080586679,1.9898495160191974
48,26,33.52927081903317,4.53804751159321,2.2106997130943506,0.5402983063845435,2.162756745119584
48,27,25.48012333636715,4.148075719487772,2.288035029495049,0.6834952427334557,2.354968037859495
48,28,64.59238959902216,34.645372351247374,2.680001346075361,0.5859797874014863,2.290577402558163
48,29,20.958906744398096,3.0515320257072025,1.7132002526888461,0.46733772131597306,1.865823870614068
48,30,38.1108503908899,6.8889385558225875,3.103103671123839,0.702150272620643,2.6299622343430595
48,31,78.56633493170577,35.514910365341,2.4444845317216655,0.6429486923441385,2.3896081688667947
49,0,37.72855352107859,8.35613100540282,6.010955810916638,0.9725821919149915,3.481692533802813
49,1,50.06212091285398,14.633585804456732,1.9987535237549707,0.4140909850130976,1.8369679612676388
49,2,34.47428208724433,17.466756317793998,1.3387261778452324,0.3358387435998711,1.6101435276172857
49,3,28.466155831551596,5.390696430129134,1.6150025243146597,0.20314725621611585,1.4217703365895322
49,4,69.27278181147753,31.904985418442074,1.7293510151126035,0.39950459313254916,1.7389057586903667
49,5,46.06653422015718,12.636499490294693,2.572315758155149,0.5986354167802608,2.28284025683622
49,6,57.2102909616348,12.394244417862353,2.7209568173108147,0.5463443451843819,2.2105653131268737
49,7,46.38685015910238,6.984435367704027,3.6584672200537653,0.706134748322377,2.6881310123901305
49,8,39.55536668301263,6.818998497344788,4.672478535917759,0.9765644449460948,3.5355288862616066
49,9,56.87059757644447,11.679993323833743,4.708898930539888,0.9317441578594128,3.626188753834376
49,10,47.6665583241473,8.334007288157597,3.9764682690732727,1.0730332527179067,3.8202399223487085
49,11,52.67159017536967,10.783681619798642,4.938464381415997,0.9816777380970461,3.684776253486747
49,12,62.69206540467435,20.472774557907073,4.1263663132642225,0.5966818894423556,2.4135807100221993
49,13,50.028456422882485,13.603081665545742,5.010317541487497,0.9380760662127043,3.5017013331704914
49,14,52.85141661981079,10.423864546841248,4.544964510281163,1.0620644215584871,3.892988108496175
49,15,56.66334796702087,18.834089800494205,3.746721055318747,0.9514684533630602,3.3936063153373985
49,16,62.45920848101358,13.29500980556509,3.726280459702161,1.0380582584087028,3.6947365665637895
49,17,47.64995735071102,13.090446785155489,3.5492316047422365,1.0645812240814685,3.5320542596696245
49,18,37.555276604541774,8.233685585155051,3.022621040956628,0.8061447880302688,2.7670278731560205
49,19,29.63787380046548,5.412323637181233,2.115528981295321,0.5838320174400948,2.1544676979499724
49,20,49.77711846908748,10.320591181251437,2.518641485750267,0.7651256385047218,2.710629455718218
49,21,64.27503750880612,22.342632357026915,2.490238529967761,0.6860825951587484,2.5418033242110734
49,22,41.970337580208906,9.708958426782626,2.3255791636427263,0.5705188918562643,2.1476508934384677
49,23,55.31883983131526,24.72996234155253,2.116351233077957,0.4732606528583094,1.9835129061420926
49,24,41.785202845543,11.735670665383303,2.0838239442545152,0.5692618169248544,2.140929255425334
49,25,46.625410404623565,23.94160030732241,1.3873376799886783,0.38096960977698346,1.7274014420087114
49,26,53.110466178591096,15.332281543673313,2.37149396466378,0.6934987202151941,2.4771747626262037
49,27,46.89647976701088,20.335562953479158,2.163107244862231,0.688207946730806,2.391546545405547
49,28,67.6481002947478,29.484250387541703,2.299852682756578,0.5283682498206197,2.104966947195719
49,29,31.77224623107778,9.49904009450988,2.0000503241695813,0.5316290306789182,2.0290813682279483
49,30,38.47224000555539,5.587977360545026,3.1955094812853275,0.7473636139673214,2.7435012864012718
49,31,85.8845283646215,37.02129629349831,2.386006917256437,0.6178932230364103,2.3197104803419526
50,0,21.807153362374912,0.9836065197667148,5.782500623501346,1.0231373467840639,3.5963376065243815
50,1,29.773515820523407,9.859253592589994,1.8584178669188427,0.39706244830558557,1.815750516863855
50,2,19.969143310067196,4.740311147873902,1.0688344584407936,0.2814369253618949,1.5166851642491803
50,3,27.28984715485109,4.538635288515087,1.3345588174663106,0.18176896101905848,1.4006954565717769
50,4,41.71883468864566,10.853059203307,1.988825554095893,0.5284872572684063,2.031622915312358
50,5,45.55482834819132,9.559392534097244,2.768492042336326,0.8069425371389909,2.736294236855005
50,6,47.05240621597636,8.446827824235804,3.1127390980942127,0.6720155541211912,2.5756365740421114
50,7,40.15882675345247,4.577545014660944,3.70443837259714,0.6847060296322041,2.656337641021029
50,8,37.53761792046346,4.130825320963161,4.5900045247175605,1.010927611014563,3.7395300993912137
50,9,50.07536522743802,10.503168900945056,5.035682158664762,1.089644359413163,4.229296047240008
50,10,54.473169374573416,7.550611692978235,4.3751451496075395,1.1174545794578234,4.209589305073276
50,11,40.03736307545643,4.2985508288752765,5.213240532434169,1.0738554305047074,3.975138403710599
50,12,91.33493529364188,42.455831514223036,4.2764546972731985,0.623430871508301,2.532506782413701
50,13,45.81841682554489,10.153775460594026,5.361561540571182,1.1253745261811297,4.253966503354403
50,14,55.9542415188735,8.767145322075844,5.121756580310686,1.1426007839460626,4.376736702190489
50,15,88.74784902814025,40.76358288049961,4.4128146733259985,1.127445537281055,4.18417777566266
50,16,52.01751067147048,9.41145988682254,3.9142355522078356,1.1363829327590782,3.9965897161605817
50,17,45.27608897229901,5.316792285317888,4.16183968364803,1.0547860954439585,3.732367227514682
50,18,30.2583537354642,5.8655326600694355,2.9066576396530848,0.7514639380736665,2.6052753656488736
50,19,41.734186429284904,14.264866687645828,2.535598050299385,0.6026553471775724,2.240728981256033
50,20,71.3459177706182,25.75470123361486,3.507491538695951,0.893319548330294,3.1604836328636225
50,21,57.899267290093285,13.749005405778457,2.8099504693413566,0.6557615018049243,2.4823800834156033
50,22,56.82995041897554,19.782569496650527,2.6125687497010963,0.5536009912015922,2.2595651492111926
50,23,56.446774856535626,24.481419661007102,2.0038761637934384,0.5264196371926881,2.066233369946559
50,24,47.200584294497105,15.892322592211226,2.132349570592865,0.5795098240647176,2.177488612830222
50,25,34.357733179919784,11.280610852556908,1.4031103993935412,0.3596855612195222,1.7095001926815938
50,26,57.84790315284501,19.9609781605385,2.387156079630075,0.6272790873474019,2.38354226983052
50,27,70.63300603463642,36.29859455057868,1.891455325434999,0.5882581387975456,2.10699469468958
50,28,72.32212345231243,37.72182747397524,2.704562561044366,0.6410353881262618,2.492309553044711
50,29,29.78609534885106,4.078486506098903,1.8094603856001763,0.42179807093064214,1.8277514855904222
50,30,49.670817647450136,9.899903565974967,3.0229712826239052,0.719496287962603,2.680417294875604
50,31,46.28437244751417,6.193772828558868,2.1874689913299834,0.5935905836060948,2.2385211739476216
51,0,34.904993618669245,5.698081629465555,5.775377630355161,1.010594452999631,3.6259628898456686
51,1,63.86252962699491,30.311107218139302,2.3043595333428355,0.5067763276023611,2.1141920224712347
51,2,35.995880661930606,14.671490023449108,1.2577250306591006,0.30135309308142677,1.5987744657956118
51,3,47.62584541623859,21.88425534470874,1.4554072480577633,0.26831893348459834,1.5472352531053057
51,4,44.00532490723744,12.676597282868228,2.303304347385586,0.47574049937316243,2.0207203725055356
51,5,54.444807180782774,17.093313313964483,2.8665379790546295,0.6926473205360093,2.5222412894593402
51,6,54.88379021429023,12.55602206601801,2.71214262443634,0.4116202096658861,1.9539956421820766
51,7,48.4433915257748,11.214045908380912,3.95986549412458,0.6338069539270164,2.504849549533299
51,8,38.30527379594877,5.506896493194761,4.315798895356067,0.8818947961578996,3.2147829755928465
51,9,37.7308828610963,4.165292807186637,4.9483253018525595,0.9733131662353864,3.702433952086715
51,10,49.942358667054165,6.834311503526259,4.043481524301193,0.8783393785495708,3.3701386395167217
51,11,42.23819445730732,6.083658776106635,5.246200218955924,1.0617082850094164,4.001474541265838
51,12,50.99913508305653,12.113145949586425,4.195068392465449,0.6181331924135787,2.5005124815597237
51,13,41.986418786034776,4.6658815010366625,5.511404064329499,1.031197165045354,3.9020287304921855
51,14,41.26289873273393,6.328364501300382,4.924159920964074,1.049278360342571,4.001887079002986
51,15,48.48666392215551,11.110633896941316,4.211039749589311,0.9191005740873113,3.4492238234358856
51,16,74.03942666050216,26.90964884212115,3.6820034129576884,1.053601527888694,3.6034666996097586
51,17,52.06111968417339,15.109507181429091,3.688785619244996,0.9653000134669902,3.2938380294649696
51,18,46.301814603016865,13.78367902433692,3.3056452362806796,0.8117775076623834,2.7850941349587215
51,19,47.319169451515684,17.4598334187034,2.3352450380540066,0.6367500721927071,2.2441179003794307
51,20,58.39510117306399,22.762370453409282,3.242864041781476,0.8224130617332621,2.9163873826688556
51,21,68.0852878089716,21.592382741619225,3.072062820079323,0.6780957165355814,2.5637339386335802
51,22,74.05532947012067,32.97556939056009,3.2354560686427867,0.7738306569450923,2.7965708498137074
51,23,73.26904959192558,35.671034975915816,2.5573027724821102,0.5701062390791907,2.1785920716636813
51,24,71.64042611442754,37.53843729748015,2.039317338471494,0.5101634496054444,2.012150732941943
51,25,35.14114137885653,12.60742815941074,1.5176190473963036,0.4448174469590107,1.846443475712724
51,26,81.09753781906623,36.433068720083426,2.346292830705541,0.6195898231037003,2.331564749141633
51,27,80.49678417030695,43.453996189088485,2.3129998531209526,0.603367926331523,2.232647773783458
51,28,76.82779388885663,38.992563054436474,2.519734080965315,0.5742469134263715,2.2168633812576575
51,29,27.47776241274567,3.356406720976021,1.7317437826631759,0.42994023191732467,1.80233275497467
51,30,45.649387802763165,13.376565981802298,3.4537353192345144,0.7253586409043189,2.7119089768002302
51,31,71.87213131795568,22.700308510233377,2.3672552948235377,0.5419796301840893,2.1378729015712694
52,0,45.400444054047156,13.176443304283321,5.856207683073622,0.9134197747919002,3.264063806361835
52,1,71.79731198958434,36.731344711519114,1.8106352626455553,0.3681148599215034,1.7374304590845406
52,2,39.96033443441004,18.5384981194416,1.230658871339507,0.29186352243074176,1.5546479258350199
52,3,67.24938307402631,39.28113343576318,1.5904650227178694,0.23369403758177176,1.4664276266119254
52,4,61.55842941541778,24.582179346853373,1.6692617082062582,0.4259676776963919,1.7635977958260234
52,5,100.38158626081291,57.21310316649303,3.05252167785673,0.8905401401409949,2.9353527992709463
52,6,66.65955121067876,18.26707275892904,2.991537674694035,0.6328340277457798,2.4592877719620794
52,7,80.37921367654936,28.45323681991339,3.5483297128918245,0.7217382243908546,2.656865683336302
52,8,55.82175626817003,17.570782583583707,4.496710873913324,1.0377124166380396,3.63000178516811
52,9,55.19342443229344,13.52375072517594,4.896369661454569,1.0967140719783544,4.158888586423372
52,10,53.094969049037765,11.982601310452688,4.165175938493133,1.057677363484948,3.8027714718684242
52,11,37.465662164212034,3.434096715817673,4.885087873512246,1.0745123409470114,3.9658412074748695
52,12,55.74477204984694,15.387322290873636,4.036099681014939,0.6134936557835928,2.4763319965343182
52,13,37.584164393542736,4.741261830905069,4.876388507686363,1.066708467378282,3.970137550806644
52,14,51.57394824806764,14.076697399323022,4.44862137173959,1.0642517098695894,3.771252783791796
52,15,61.13952222965095,15.600530242264282,3.7709847920407213,0.8934652012324662,3.305114802646037
52,16,80.73019084871109,30.090519146672683,3.541119750898702,1.0305977365187862,3.698354044496897
52,17,52.982989966123874,12.697975865061855,3.80433975272887,1.0606709193583166,3.625961949427466
52,18,49.56828486132463,19.088110693571316,2.8006329591664927,0.7809116317653233,2.5956532087870245
52,19,57.20485014803242,26.653676619413346,2.3526331129694626,0.5655728407566634,2.194035509702768
52,20,64.61504050401183,25.51808054781407,3.4734770928229572,0.8866983442809859,3.1293862516236204
52,21,66.29570815904201,18.129273226652213,2.7889907560035887,0.5884060779108529,2.333705035106438
52,22,79.87253596367478,38.505627844880365,2.6387055385285683,0.6802651826955062,2.507011735304482
52,23,77.8432502547212,41.869136382291984,2.173163393531426,0.5582888676981534,2.105354478361014
52,24,87.34348048499106,55.40179325996178,2.208124358415828,0.6791817295644766,2.3626063423933683
52,25,37.384230451645394,14.573836921702036,1.5086722377681152,0.3969771137620315,1.8011748389734679
52,26,94.00924753053111,50.09104492685276,2.269046981939696,0.8309765863237408,2.7562875501289077
52,27,86.78336754027733,48.64963251007308,2.0047077497241172,0.7177099048059574,2.326183162224327
52,28,72.55358863157893,36.31468118537716,2.4391502928507407,0.6546298399908488,2.476082497221361
52,29,29.066664901226236,8.046852184141818,1.74103849968026,0.4992364587106981,1.9669183560093892
52,30,76.21335359718854,35.43442872815929,3.321210237353731,0.957587733605112,3.385839745321084
52,31,76.08545854054337,27.201358482637794,2.3758139530694855,0.7457306215815267,2.5989787823408004
53,0,56.07436281150187,21.77809046078678,6.238306087176921,0.8987496478159471,3.3173779089915336
53,1,70.63798844829375,35.11709486283246,2.2231543264489657,0.4650803573007418,1.967608649662009
53,2,36.146761284521844,13.220092065776821,1.3788132521548468,0.36939673455235766,1.711101289674936
53,3,66.56729806969452,36.95680182292956,1.6476457122125292,0.26781006345103275,1.554982044645531
53,4,66.33490111741494,28.585351882807196,2.3658193499088185,0.5943452499595177,2.176633593257039
53,5,76.66420375824151,27.451442500724294,2.851445639998249,0.7325257586289196,2.6124395849651756
53,6,50.273305240714976,10.86986264493678,3.3209338420251893,0.5773119547404426,2.3961516620322167
53,7,60.10852399970888,13.53291823769324,3.584541976003023,0.7165180277256704,2.659624429176203
53,8,54.748542099332525,14.678250777378192,3.9994321787669804,0.985917161039624,3.4642982736336934
53,9,49.47273953639447,8.342439679307608,4.8715877185351575,1.0578424826765493,3.9654923127625894
53,10,36.226443865553804,1.587512576255605,4.3404463650366445,0.9798954883840691,3.6952405631142122
53,11,36.90939374495735,4.8568602274441215,5.057420755266969,0.9884381141539107,3.6952159239829614
53,12,39.35976935124037,5.814478108137225,3.923944951925827,0.6128637942737174,2.4676397319171377
53,13,32.88285662563791,5.0532970758337035,5.341604818638129,1.008143693826069,3.802346745043876
53,14,55.26342420871422,16.392372101878074,4.695487063018069,1.0356746037081503,3.9263918141743748
53,15,70.33754981043964,25.58593242196618,4.134805456772604,1.0514340662669355,3.8750257611485117
53,16,67.12386573809505,17.84805927502259,3.7914976711658674,1.0003905020853425,3.6411889282985905
53,17,62.441185718368374,17.391469629771912,3.7563142459397305,0.9443550353389449,3.384654586724521
53,18,38.98833974056718,11.683814329560633,3.265698631523434,0.7748027436598166,2.7292616774789678
53,19,42.74527284939448,14.507695287379349,2.59280535285869,0.6238338610921499,2.327572276685776
53,20,62.94513322836749,19.05286649788213,3.419251304443025,0.7899907234926622,2.893641827001389
53,21,66.3217731365018,18.3988624898519,2.9487368935851115,0.702408608897843,2.6832672202903614
53,22,71.49712115777993,31.966729967882976,3.0144290411437145,0.7334381651837014,2.704524929734529
53,23,61.7146857962783,27.281438447428563,2.5575972289532203,0.5518189357734888,2.1977212819049488
53,24,82.29805700593957,45.95119963270823,2.0165912676626823,0.5217050148723832,2.0525711289735726
53,25,51.88923407511626,28.464063317527554,1.6144524149823969,0.5620177907865216,2.06333924575478
53,26,69.57504781353606,25.77507195455018,2.3650799114570793,0.6904327499175835,2.527478022674449
53,27,104.92999166165316,62.38972001906031,2.4652559013722097,0.8092351211647273,2.7112445014615734
53,28,59.70072541215329,20.959753311729095,2.548501062974884,0.6891659694441152,2.499145303429133
53,29,38.72006465190827,11.476663565584225,1.6422343146124176,0.442192311356981,1.7807905382775384
53,30,65.74824835299565,23.15034136800739,3.4761604548864904,0.816190809510454,3.00190937292821
53,31,85.65944352537713,29.948014419197616,2.3944247529514904,0.5833514002191138,2.2557125815215446
54,0,49.18630900544149,16.87037039233193,5.94408415320221,0.9127519040048098,3.2883553653081132
54,1,68.7968087285209,30.022608583325876,2.1537826744926623,0.4120007962236465,1.8711304967041555
54,2,34.652191929565774,12.72876041238401,1.0699501233629103,0.28917483317627934,1.5381508034576978
54,3,67.0281969111671,37.170269984672956,1.4843413348482624,0.2259630488327573,1.4470368105242537
54,4,72.77621347144037,29.249350266642395,1.8687659760215696,0.45099375335419545,1.8428735823844449
54,5,78.41974967383757,27.4275702772727,2.423549305192322,0.7002958427119057,2.4242216088371076
54,6,99.52986778729115,43.17183433342831,2.455529308260668,0.4790775065352104,2.0493129463903177
54,7,63.40106274961296,19.10466348424049,3.536015539356795,0.7485011322949586,2.7213611456982765
54,8,55.0369094822797,14.041354366762464,4.050252196363644,1.0001231089118852,3.428263160102365
54,9,53.20742521991543,11.537861608196621,4.691334190148956,1.2029921552714526,4.5107100482168825
54,10,54.08954533526449,9.49651322072901,3.5102134150752184,1.0844717926260494,3.7571589095458693
54,11,53.65480470553382,11.805496927817632,4.620950073396253,1.0090761233909937,3.754617349732712
54,12,46.68027064682619,8.702309022838183,4.070277491554672,0.5493301102117636,2.3014151876219513
54,13,57.622793664809556,18.118705314036305,4.522918101543219,1.0391357657789655,3.7776840557051425
54,14,81.85459140864431,35.40235297502291,4.214111650943057,0.9585534943018867,3.521816531923482
54,15,80.37169513508654,32.58537350969356,3.494449626842683,0.9344842614122575,3.332821363534721
54,16,59.5272140141,13.893641941127918,3.217628040283853,0.9013166370763335,3.2190553195760474
54,17,56.00281455197384,18.116635134083364,3.4754887843327884,0.9902582880450455,3.3304299464511855
54,18,63.251225140985085,25.87209140285311,2.4835667043101433,0.659367775971285,2.3230496179072224
54,19,58.781492233613335,28.177438076871717,2.135529216717172,0.5530676784046165,2.131841611922466
54,20,79.51296949395848,31.158375350793147,2.720763447595061,0.6218455842690398,2.36626969051857
54,21,78.9978574224478,27.776423102207914,2.3431870781069413,0.4664451735427977,2.0459895847894343
54,22,73.94802781916391,31.906096106750727,2.21573123090846,0.4510430954564293,1.9502944791421124
54,23,64.22629221829301,29.517705549431984,1.7930324182522552,0.31706514866793256,1.6360667841132193
54,24,68.0704988693903,29.73559059664565,1.9772469697019526,0.44942105461508497,1.9169099130900986
54,25,53.46683391837759,28.577806616072245,1.5243755866625905,0.31557608413882443,1.6508953742582202
54,26,63.92037612391133,25.180530578383575,2.4680739410550423,0.6277092247989131,2.3256570070713014
54,27,98.7864813672694,56.8058414250019,2.2258777213863725,0.5987471068664441,2.2005689246074582
54,28,80.25966483148079,36.03189631878819,2.381844702798292,0.5019762346805265,2.1259548574466343
54,29,44.105866076821464,15.654232714396915,1.820077209524138,0.47375553189605,1.9143513776999315
54,30,48.78732766716335,11.414717532056303,3.248254163345635,0.7660873653552391,2.819926143005263
54,31,79.72563356264124,26.32531522257113,2.383711291865578,0.6133550599320268,2.319657816820205
55,0,52.87412889888295,19.423175878267962,6.1196700037588005,0.9025731787634284,3.341233924954469
55,1,59.157126430623215,24.479120174959107,2.191064031406916,0.4216235614525847,1.9000553354891019
55,2,31.077278268132687,13.945737497718607,1.269425880103117,0.300764526745789,1.609329634398661
55,3,70.0486807562062,39.097428605733214,2.0697891104256474,0.3012099076502057,1.6578151336273559
55,4,68.99423844615822,29.963732058318197,2.617188366742863,0.606305475205926,2.274695698391865
55,5,74.85117200764512,26.786374118087153,3.1185154065182625,0.8285514707528319,2.883814305242397
55,6,132.01751861010757,73.8775178267132,3.7327083674478176,0.7850750041814907,2.990417359509482
55,7,94.2708913038915,42.32294254528995,4.047021231129755,0.8778479171209641,3.274405041523491
55,8,75.00829299414158,33.45964644302949,4.600533921580581,1.1777451490275759,4.301067859482524
55,9,68.6171239908936,23.725881501237208,5.16764840104912,1.4506896411280321,5.731156192711288
55,10,80.02851396562701,30.480940825923128,4.7734493410362475,1.3512660393704667,5.152979588721555
55,11,56.32260617586837,13.502832861913992,5.093935588738649,1.1383534471924506,4.362407418315804
55,12,86.01150987282674,43.63565331206233,4.635530487046089,0.7336801469688776,2.844661816135631
55,13,56.13040484565879,15.340674951719528,5.46137211987369,1.0724061633145174,4.179366043575919
55,14,65.64666045308448,20.15123170894159,4.765662779062084,1.0763794256209378,4.141602849852415
55,15,83.13360193201524,39.01473697352186,3.8580804973923803,1.1224047727437463,4.062526515391051
55,16,62.33735880557997,21.050417035902427,3.2771238149970365,1.0640752542638463,3.6699042474996704
55,17,67.61014210754026,22.24830775088584,3.6241933358655336,0.9081511791583923,3.1922855541202684
55,18,42.34398094206371,12.955291884005351,2.6596237209942832,0.6862951227812601,2.402202346455581
55,19,50.734081863728754,20.780072736966492,2.4946552641746034,0.6646154910831146,2.3778387901667273
55,20,55.64750284973982,16.730011160984745,2.8796787788000513,0.7862235572681273,2.7743531101641747
55,21,65.81787290340495,20.882911789566585,2.465221700018068,0.6343418670091934,2.3827373305479287
55,22,67.65770887826228,24.777717450355887,2.4541634207836376,0.6391374167728019,2.372087591761389
55,23,51.75497685792176,21.31051926440732,2.1904262264826073,0.4912647772908625,2.0107598862239993
55,24,60.17555794916016,21.216887105601202,1.8275570830096364,0.5035679682335716,1.9929236579485048
55,25,42.627749234728256,17.89409917647867,1.3826591074377736,0.3980314380636334,1.7580702960309325
55,26,68.55812724863121,23.133266012363904,2.044466931994881,0.5627495925877666,2.183879425022425
55,27,95.18255074337922,48.72107394039735,2.337645015318616,0.7798600988391522,2.6166462900733327
55,28,60.593158599275704,20.687816271249794,2.2424239675649194,0.4604684775546648,1.9898897175254981
55,29,39.719764826658,13.093004319868614,1.6518092567655551,0.39492546465971223,1.7358939327866525
55,30,51.84969018252348,13.263947007516466,3.2507213071436096,0.8292921503099207,2.9492891620744603
55,31,83.3098363032116,23.685259328946927,2.307581919284414,0.6103440766986115,2.3024861577720435
56,0,35.833320036331244,10.676042569321824,5.702210768412277,0.9973306619850888,3.628601646937875
56,1,26.973045031631482,3.735532892705854,2.343523619864677,0.47155472669903054,2.00848939573826
56,2,23.75454984583058,7.357400001078288,1.4407755575807726,0.3975977919137297,1.7994544247231123
56,3,26.462933556499237,5.933935278021201,1.8778068068651874,0.31120965382865884,1.6669243672215248
56,4,45.09411199452365,12.375727107065057,2.5763947169998787,0.6209245580690439,2.285922538213479
56,5,53.60874510180204,16.096628256144967,2.9815092386179085,0.7394026256990616,2.695022484481732
56,6,67.90006415694396,18.747273550141134,2.9802690357870327,0.6581532003061961,2.496810760870635
56,7,68.30706738733836,27.239813734138302,3.5890619438651865,0.8102007252608856,2.9322975343674686
56,8,74.7488537233171,31.30295443458244,3.610807949179404,0.9933007373345903,3.3366922110956594
56,9,73.90559241093288,24.078766209914185,4.543930658210215,1.0948722613702753,4.107718058538196
56,10,78.315412071535,26.16570799237629,3.841453228586075,1.1153097867430066,4.050411459631418
56,11,70.71914220449756,23.01744296959989,4.586065563450527,0.9468057704321229,3.581704600367769
56,12,79.25553543198575,32.80788696669331,3.8835009488717853,0.6017899586979079,2.423846001305829
56,13,55.503278620799925,15.971048772650843,5.026346225561695,0.9310241595932212,3.4984699504313714
56,14,52.63039923833014,13.510241004527163,4.192655926748269,1.105152891842251,3.968028989472537
56,15,50.85400854213927,12.655148680607851,3.9431159222399095,0.9921061083605189,3.664097563682831
56,16,78.54314060627692,26.782655234778755,3.9575570633530246,0.9905225760051151,3.6153721627962185
56,17,69.66872600002549,27.037443077815908,3.8887041110871445,1.0828353382801916,3.748068481333971
56,18,58.26205849496989,26.491473290058163,3.3939734039989498,0.8902089036463225,3.0440367240666775
56,19,57.11668970635236,25.90179826178305,2.71477441415219,0.6085829230842172,2.2752731194341047
56,20,64.23019602168907,21.69835669718004,2.620119050801298,0.5078124633777277,2.1237882140431967
56,21,78.38037152443442,31.77604542457277,3.361329827976143,0.9328636533252999,3.147686892497159
56,22,43.04971717190307,9.616380142273663,3.0970186602208725,0.6290980405242323,2.4503865394656192
56,23,50.9431890257562,24.45731845394141,3.035031544907903,0.5217348927384649,2.1690475668271283
56,24,41.66709564896843,14.116659987893069,1.9678747331588178,0.41870304028036065,1.84129917881481
56,25,35.211530711950815,14.763573955411703,1.5363048696192951,0.4137171013094627,1.7699407830448142
56,26,53.008306127640374,20.388209148810034,2.175620516582261,0.6231146064731101,2.252401805411272
56,27,67.79946226557375,32.869412744192935,2.1250291222682645,0.5388912838825455,2.0787279484477357
56,28,44.63866713393533,9.95946403100442,2.745881714304507,0.649892526928892,2.401965684067482
56,29,31.07148019908969,10.24809706546329,1.9852684275594417,0.5915722573022348,2.02416508491245
56,30,47.31275945380624,11.671464703750484,3.708434119028495,0.8362408053797132,3.0151536350974104
56,31,52.366713817300074,14.421253047631277,2.7685476593419507,0.6093976724142167,2.3596180097058013
57,0,35.558163050039084,10.589235348329161,6.046659468657394,0.9518778118788704,3.416007695902828
57,1,58.47268795282219,21.986177703526934,2.388708442612411,0.4209299656778165,1.9160493658623299
57,2,49.379629559162,29.62764858306054,0.9375957584620799,0.18945736965616733,1.374888842785322
57,3,69.16124477708982,36.72235723164796,1.3853391646507713,0.20384468031308156,1.4098377890733207
57,4,78.83408400437537,36.323003993451415,1.8721640915171234,0.3173051103131712,1.6868586982920017
57,5,70.78221987932666,26.891098686791487,3.1349140809878193,0.5281777903985416,2.1876830126255125
57,6,106.19842834069927,45.495219782049176,2.4598087838094735,0.4151353608776498,1.8787216930718464
57,7,84.22752980472453,30.307070127157587,3.4563351289688904,0.609275707331935,2.367812905004027
57,8,73.19362003952833,28.970312778107758,4.324204152384396,0.7046388466673497,2.7893918090736913
57,9,82.54877969111797,36.61798131737767,4.956589770324643,0.7730871833889861,3.0726309901898867
57,10,82.96080154716459,33.613745103555814,3.6515739317580502,0.8341404378526311,3.0407179943498304
57,11,49.97975316583965,13.762050151059013,4.916648875559244,1.0543786125869792,3.9844159014914493
57,12,49.753080351513674,14.054828237505784,4.082014525501619,0.5871163291486905,2.371992984635131
57,13,37.99922667948472,5.010498529521656,4.613352855494554,0.9497281615285171,3.4310162521426557
57,14,85.14163220002355,36.25581612527607,3.921772734572891,0.8511175298132523,3.147792090737309
57,15,112.37323508871671,59.37431981605701,3.139235290734451,0.7722655104457763,2.8211380893186084
57,16,105.80927542251086,51.16685185105322,2.51667479268908,0.7697840931650903,2.6306513263005606
57,17,86.0188355813557,42.61316529510445,2.7200282502603326,0.6602842476670934,2.4564975754839082
57,18,80.4670260914437,41.58760585659302,2.471746564433423,0.4667851381457133,1.9961990258061415
57,19,62.02011123202586,29.409850867793786,1.6789948637079894,0.22782445880800495,1.5015732213650717
57,20,54.29011856410032,18.04767432955567,1.6562261658987518,0.2721645206033174,1.574775076773288
57,21,90.19333788148057,36.85064810665537,2.103834354748184,0.39749852640942684,1.8283259310837854
57,22,64.09119328703069,21.526826624428693,1.91220204282835,0.32649178534320056,1.6772894230927282
57,23,63.3836128312729,29.778586169230596,1.653185152976929,0.20914224120952563,1.4533661205253627
57,24,64.33566356771416,28.054566605349297,1.322636321587698,0.208124401565559,1.4374354902012596
57,25,44.79549978092504,19.35221950362698,1.0249555730520905,0.20979615841642207,1.4108095643609513
57,26,56.75776265034179,19.368068514338383,1.6339115654897138,0.3350994355215502,1.663694368534238
57,27,61.000974221877456,24.607486311964845,1.4943903946562074,0.2922188110755115,1.536469239225703
57,28,95.25034441934564,47.71490263173622,2.172038173030786,0.35178229614932555,1.7490382940867566
57,29,55.9042288453814,30.081318341231118,1.4575663847428677,0.30887235688698356,1.5832032579907054
57,30,87.58770403171864,42.17003662189048,2.359506641609344,0.36997925676736365,1.7610670618915618
57,31,87.80247601520446,37.864244040092885,2.0233414548815403,0.41166484267590553,1.8561349190982481
58,0,52.56104910907543,22.46388118377311,5.105701167889794,1.1042432093831662,3.5149512901200133
58,1,47.96590040902646,14.450182504672652,2.0370663212269307,0.35635565459427543,1.7572810135864525
58,2,17.79378019740135,4.4645492556541395,0.98974068527218,0.1822597014466416,1.365658904229265
58,3,21.229848131587893,4.485804045189478,1.294042954798721,0.17191228233377465,1.3600840336614097
58,4,22.367990714411963,1.0471098530379601,1.9187335514002988,0.2985783062420233,1.6632424867589042
58,5,41.848503985392874,8.303646420544162,2.4778482421993973,0.5002821573378924,2.0703644524252542
58,6,40.1458634815628,1.1230561585518242,2.782172957099528,0.4250599664783792,1.9550056774054059
58,7,47.43890466057922,7.513267184649246,3.6076913567366193,0.6633223307332314,2.561752709099943
58,8,57.31429560257876,20.9389038175828,4.305182964425961,0.8168723436741283,3.1517644513864713
58,9,54.957916817840335,15.581050576782964,5.116828851338788,0.8724550312430948,3.4285979256148256
58,10,70.72114626793723,25.66533128145602,4.364339137923168,0.9426022190021879,3.589464495657341
58,11,43.95338082675292,11.919861998215495,5.25134199545639,1.164530155435826,4.397157877721599
58,12,129.56720220961165,80.40170281000692,4.597400762971271,0.7117000409003591,2.8372166462682773
58,13,100.13078083966278,57.04816515753202,5.5375854105071305,1.3516172066827368,5.292759727429706
58,14,110.05741594512635,55.55397830106797,5.21169603975948,1.2329038056926764,4.8324488640866505
58,15,107.91770670902983,54.86608298745631,4.246678633261655,1.1699668236663303,4.478207662638889
58,16,140.7537766811957,89.62274063513927,3.9910831690216675,1.37223560624067,4.925052944951249
58,17,125.14376056429998,72.1423074786857,4.3816269325136705,1.272840580356485,4.622471079916128
58,18,70.45637256752622,37.1564646862121,3.2226332913141196,0.9488991460646794,3.1077912627425874
58,19,65.21624440437216,32.37620690691698,2.6960757887009206,0.6009061506495539,2.2825647291597106
58,20,94.05329357133826,50.87506834909826,3.7030666739375895,0.9613993795604032,3.373966188100666
58,21,79.29102788735123,27.37974218393922,3.1926806000596937,0.7513558701395646,2.843368854412957
58,22,81.3994734991513,37.573896069543764,2.456242679148416,0.5954918980094854,2.278892593625883
58,23,70.71976138092249,35.23048907226756,2.2993298956286634,0.5614126947194173,2.1427385092359983
58,24,76.29933729522776,37.297956699041066,2.228611765057464,0.6651656635316421,2.307040080293728
58,25,47.9321532077179,25.744905399970744,1.5277617098215945,0.46881509219282624,1.8957744010602673
58,26,85.11909595355266,40.71047402875753,2.5308661328686806,0.6884488122391637,2.519071081065357
58,27,67.74018899877845,31.592514631417714,2.1246199850290965,0.6434125147110894,2.225740176210941
58,28,104.67537959076422,55.52578198276342,2.9310150587620383,0.7044449729859035,2.6968596069318975
58,29,56.89393644886012,30.259927821524435,1.8096958107919738,0.4909727663976289,1.952256650709637
58,30,132.0027963274701,82.25527424365,3.542636746874834,0.9420812034166701,3.413435838796741
58,31,75.16393107850445,26.56968291363461,2.4006263773521477,0.6986187473813432,2.5025264710675414
59,0,47.32240225446797,20.026888217579582,5.740270756806975,1.009267588468222,3.5928599374980585
59,1,55.10781638357667,20.70017001880176,2.143796606741759,0.41530706885472757,1.9162306389076784
59,2,40.160991532826834,22.620012846166873,1.2273792336338518,0.26485542321223465,1.5522203881517163
59,3,62.719020311017346,31.689479924044512,1.719815459994436,0.27157722965944364,1.5754240295331126
59,4,75.71619369843077,32.13230411186441,2.600018317289641,0.5137675035146523,2.123788665956366
59,5,78.47406695973697,32.84267678944355,2.8446126469130735,0.6161095231413705,2.404753384864676
59,6,70.07753903270445,21.881629271858678,3.1480533720450596,0.46277289587696213,2.081911900955168
59,7,70.46738248146352,26.49006770530829,3.825622428626994,0.6352577673620687,2.535591607203019
59,8,41.97054398423159,5.106754649304853,4.6128884334653595,0.8062128147262513,3.1674100709976476
59,9,51.38822165709613,8.051990387824773,5.476127467358431,0.9089369137383052,3.5164708307506833
59,10,61.3283741673886,17.60718056174459,4.629940235101487,1.1720400624115035,4.509950889539937
59,11,44.18688055580694,7.604650217887619,5.450054903629564,1.0462772674864054,3.9743921001151348
59,12,48.20339268266514,14.812132995278555,4.575291089027381,0.7448349301770145,2.928175129927054
59,13,57.20442499957849,20.459827549061643,5.724322594670911,1.1982360141310338,4.757407510785611
59,14,60.68449373522439,18.9285379440309,5.010933198833518,1.170090550007635,4.518681104025473
59,15,52.58216485840229,11.256967151916369,4.65841469770596,1.1010078477771588,4.24993964281072
59,16,86.36755694000472,39.18621411951805,3.937325696672872,1.0280236958975202,3.717955057388898
59,17,73.85204586986208,27.682785047733258,4.208951350611574,0.8951684599770431,3.332395966988838
59,18,40.91542454701792,13.0388077105276,3.0114856167000643,0.8898305376386588,2.921275363065601
59,19,57.40894128221626,24.76006222783091,2.4647711672601558,0.6280358700544411,2.2598587001185066
59,20,41.13256408242832,6.486743396495353,3.2126025328625687,0.7702300785356155,2.773957294711003
59,21,70.3642212739859,20.17353279317898,3.2720318205113967,0.5758124584869027,2.4174367634825473
59,22,71.6834196394712,32.661543354176466,2.5682177310742738,0.5937070917534646,2.242819877406545
59,23,66.51379989292833,29.147957173777474,2.575959945793664,0.4449514669018657,1.9632415089759832
59,24,83.16260811733727,47.54227914618432,1.993242589922893,0.45844451777125994,1.898345495583781
59,25,37.59080924054712,18.541438278605707,1.4302936699121096,0.37622805577402696,1.720909553691065
59,26,77.82849812873778,35.1910707041132,2.1131990087737718,0.4056948834808347,1.8756239571164874
59,27,73.90193214043217,26.924858091816603,2.270069297103361,0.5460256422282903,2.0619381643698365
59,28,109.88578890949408,60.862477793737035,3.141361245488529,0.5528653424951688,2.3046202770458546
59,29,37.89373855026296,12.879416666714611,1.949018787119942,0.43931792143443027,1.8824746507354526
59,30,99.13693535794052,50.22073867835792,3.563016921832526,0.626473979583654,2.5024660195459036
59,31,79.81362528940943,26.308182802840946,2.453218764040356,0.5787088156037736,2.2474614736402354
60,0,17.644263642777,0.6600019000992401,5.645288906045336,1.0282509684740742,3.65483150800121
60,1,38.82840701382014,12.97415732567687,2.331131370452412,0.4338067686205642,1.9342603097623494
60,2,20.45281968861701,4.9519389732724886,1.1383583797781178,0.2371833686261986,1.500232298687621
60,3,35.74445770931085,10.05505878304931,1.7106927389719946,0.23229170879969097,1.5064618257415177
60,4,40.1796943213503,6.998754046546432,2.405586457091467,0.46492984440196583,1.9860209243558755
60,5,49.009786828265945,8.128584024516751,2.8234095487739728,0.6367855563504659,2.4393414789110563
60,6,50.14955868619398,10.062895875208447,3.5335479571803745,0.5468604137246427,2.333080950788778
60,7,58.697596603694365,14.214178625647381,3.4817914506862575,0.6273719129312445,2.462508999903945
60,8,43.010459919168966,9.510340902879232,4.501184233338405,0.8621817539674126,3.170849530829699
60,9,49.439691864478334,7.784531776981149,4.996969428309995,0.9463287954455568,3.651988944675024
60,10,89.82472688612299,39.4550344174985,3.87917109381945,1.0425097374732268,3.908757126207354
60,11,57.902392818507835,17.755060663961437,5.081087991841915,1.0539380141246522,3.957517113024525
60,12,73.26391010992856,29.085468619115915,4.521219242356225,0.6131810883582558,2.488522414264958
60,13,40.32258550353969,6.38465423096104,5.596393664835068,1.0587256730789179,4.087554757225508
60,14,46.44710042740492,7.2262353689916585,4.876125291626356,1.0557036228645709,4.032254470378654
60,15,48.02661517793082,7.302078596757973,4.4852067305246415,0.9903738093994994,3.6967441024813126
60,16,43.39499202034356,3.790346744938702,3.826365240682961,0.902260116716405,3.287395838760754
60,17,39.44492115030985,5.64978374008226,3.98109460927889,0.8559399545901041,3.107825531809826
60,18,39.53896068316892,13.615817143137834,3.0224929661547915,0.69734263421668,2.465325425651803
60,19,23.48752086099355,0.8416570104342951,2.460606855700144,0.5474029742983744,2.1308504195145277
60,20,38.806868617905636,8.96094526180381,2.8913778005748623,0.8103633284381857,2.812321693557584
60,21,50.10092075082326,12.314114289864897,2.9974730967165653,0.649953851583454,2.512325887273099
60,22,29.609534317492024,1.415590188037859,2.4637359802054397,0.6051078009674868,2.2803310171752926
60,23,50.458168477375644,23.404940556387444,2.167772331517241,0.47834526501387,1.9413126491555057
60,24,24.699255466670994,4.026571511675913,1.8116407291904943,0.4622704460118685,1.8810784399938394
60,25,31.4505111510512,15.028917572803099,1.428941646201316,0.47051687615712945,1.8772322011103364
60,26,31.56449007462113,5.288574582721736,1.972841809375263,0.44412071064145797,1.9366792385817597
60,27,24.89193774219678,1.8897180379679295,2.026531197543997,0.525014774224414,2.0061556606259665
60,28,67.26352454633134,36.18724370638951,2.664928325800341,0.47717929945055726,2.0671388329752785
60,29,33.63405004958693,12.432972269136947,1.8481171713362174,0.41541354600634417,1.7940670582108647
60,30,45.29110035499035,10.323513652739553,3.141880767156243,0.6762385366893073,2.5327043654028154
60,31,81.85560404436167,40.53342874743371,2.5149598869946885,0.6175266539774342,2.3591270252840553
61,0,39.74250437229664,10.591989413410019,5.883958743300142,0.9943098911128665,3.548520919283428
61,1,40.029613932363894,8.130939485988463,2.050363343716633,0.4103653773764395,1.8480293197767172
61,2,29.51202096677035,10.23460907129823,1.1371875422291986,0.2906410572987299,1.5485785566176529
61,3,28.339976407796506,5.2521181607796334,1.574697971667185,0.19969293293720658,1.426466063935727
61,4,32.520761023943386,4.197702434536519,2.1768612665702918,0.4538378575665485,1.8970250614561168
61,5,46.65960460300387,14.970574058273593,2.481643030772297,0.702384214337124,2.431495368979368
61,6,58.68293697702959,14.986327270985957,3.1863696296883486,0.5499327226139474,2.2986787516253098
61,7,36.42013408770946,5.668586877814965,3.3226672042082734,0.6243759851170321,2.404475414892162
61,8,25.85015679303727,3.403242033381142,4.394963343069435,1.0210978799235466,3.5107400802051263
61,9,36.31940099265829,6.219984975545618,5.1199763723386456,0.9589413661530957,3.7496169583319414
61,10,43.908778211872516,8.220946583343334,4.022497005758565,1.2388686822073032,4.4366712694563875
61,11,41.96236529732729,8.271640509005154,4.9200036474990565,1.0409677632716443,3.830095893308842
61,12,48.81311500705477,12.439561150141852,4.442428038510036,0.5970917394920123,2.3869640311585725
61,13,36.331010000253805,8.65436201157873,5.226699109564513,0.903321172847936,3.462153880405236
61,14,53.24793106243875,9.557536831587372,4.345858540789178,0.9990658516764759,3.686550035711043
61,15,42.98583505395996,4.688261674378218,4.100601745543406,1.0175961879151814,3.671243009555168
61,16,35.248515153412306,4.7417720305200515,3.44756992110496,0.9325347751904145,3.318545421888399
61,17,31.710967084086768,4.330570318418242,3.7891579840027507,0.858853291492574,3.0225510696295017
61,18,28.608998094037375,4.23467564484611,2.8527207735140454,0.5758200417358905,2.2097131360018674
61,19,26.94085496722093,7.500729343830774,2.3674093062384918,0.5201594135403846,2.0395619896838832
61,20,31.48676731327984,3.687496325221277,2.7596516769017825,0.7063476998469089,2.5552351153631916
61,21,45.654107635033235,10.087847601418144,2.6532698096150242,0.6565306166427711,2.486699920843659
61,22,26.227632329348147,3.2518525821842803,2.3181004764535587,0.5079961474225101,2.080043051707756
61,23,26.93338658019939,8.958071098338674,1.8249257720484753,0.3152165484452736,1.67577906839604
61,24,24.374693108494984,2.5265620361545613,1.6201058400887152,0.4068079896933319,1.7840913401749028
61,25,32.46366696560678,14.286830243094968,1.2896764623437207,0.42237979326632624,1.779755204315354
61,26,19.994279258759434,0.8756191909228485,1.7381971954310362,0.4353063984984473,1.8715310025790446
61,27,18.611921108747786,0.7449745651829769,1.8443184573553546,0.5726139226145934,2.042026924846821
61,28,40.34886821791916,9.04892123318892,2.4291591564356185,0.43530329874062224,1.9647380271883428
61,29,25.35065713111372,7.32166963859475,1.6306763811426332,0.4693771802885589,1.851975021425849
61,30,35.26489542478577,7.231579225058685,2.8540786257934263,0.6822995282459239,2.5336263871685754
61,31,52.71652026407146,17.16932514641292,2.434132943619612,0.6682728507813107,2.4402845443388537
62,0,22.184757616285367,4.9373534878412535,6.029729174811131,0.9885451362615569,3.4521979258920457
62,1,41.57587542235662,16.38081995319815,2.226165261109675,0.4598273943989293,1.9635082349827664
62,2,16.70927797907651,3.8095008405767348,1.0069161488678844,0.2626415550099772,1.4734832873407766
62,3,35.72015199330406,10.74856622220686,1.9239105914076458,0.2525548528414596,1.535373504306004
62,4,30.441694118393784,1.9059353151245673,2.1955793198382065,0.5148597269963084,2.0079855979294465
62,5,42.948597969107205,13.563484894938401,2.965983928121627,0.7825682874943061,2.752221911496296
62,6,42.195348868342265,9.721007725607452,3.2584934514082495,0.6105184557370582,2.457716543290147
62,7,44.02410448503053,8.762662639666594,3.6505665222348163,0.7346459084394268,2.7242693443815544
62,8,35.94806357832897,6.721310186783692,4.492744740669362,1.0705002010744131,3.781175817182164
62,9,44.81788827792226,8.771960739796935,5.1579316932292905,1.1895248817620878,4.61824591690878
62,10,53.749459721751485,14.318175478024823,4.249441473514679,1.3417824181144251,4.9344663650790155
62,11,57.74985629119677,19.810424199113655,4.9688924413893965,1.026992706729236,3.8299574018123352
62,12,67.47852793536737,27.20004635168319,4.624221701646222,0.6400426403224255,2.5830191834301526
62,13,54.2560914442005,19.70807202017221,5.465430702203947,1.167657012664736,4.52333454907362
62,14,69.40174001888592,25.378836237759508,4.779088185799964,1.1804173050212565,4.4103616972793525
62,15,64.67619481097282,23.32414077504013,4.320206406275728,1.0120726034132401,3.8694995364739366
62,16,97.79474325392768,46.584436236708335,4.071161481278773,1.2358683765458522,4.411170947094252
62,17,87.54544785426114,40.96982222309086,4.112820615165257,1.1083722406700636,3.9216464279100154
62,18,48.85981246292951,18.024653515331376,2.722489380013367,0.6790117076578905,2.390924988506222
62,19,74.8173400516759,42.51925443399213,2.727483676908482,0.6634077881808671,2.4408166410850334
62,20,67.35402284046,27.281929839292882,3.343330728242276,0.8998369383470051,3.123937227562755
62,21,73.59028244798236,24.221014140447814,2.870020011506017,0.7236158811084721,2.6635007501159915
62,22,86.58079544675451,45.113041417726194,2.7683877375045562,0.6522163468865689,2.424207318897549
62,23,72.94665904222666,33.5660632134291,2.074771040855812,0.3964152882660601,1.837454562470678
62,24,78.82229940820159,34.55614943389628,2.187176001428753,0.7034368469124859,2.391349582596138
62,25,58.58017140898333,34.78631872905226,1.6617578548364091,0.5026394407858132,1.9966972588806622
62,26,103.84429039295046,55.701390939396546,2.638194534085311,0.8053007022946885,2.7868537711036345
62,27,70.63164465231739,25.652216295522184,2.2171242184856967,0.643545170479459,2.2400773573523685
62,28,76.83457284964778,30.787410799878547,2.6471303545356295,0.6395851864817641,2.458287949408679
62,29,49.1621158085725,23.231617729539824,1.680977190984758,0.5551345228762739,2.0545397464324626
62,30,79.67031326528375,36.11560130727946,3.7234842209923755,0.8821067383511387,3.3193409324345198
62,31,69.8320872251474,26.18590227481096,2.6124136822950996,0.7292779520484061,2.6310028358597615
63,0,82.00217257265498,49.818407425088054,5.8011589885617525,1.38892847331595,5.210902238662343
63,1,107.3448203372482,67.9443195066986,2.6749502519625645,0.6564792861521758,2.4181301912920827
63,2,56.93544499373732,37.50761085081399,1.5417864644875015,0.2969091899206706,1.644162167516151
63,3,85.45085089977192,49.65718894556824,2.1771670570482424,0.4015508385877591,1.845470091021888
63,4,92.2413604078196,50.694905066261015,3.046825576937132,0.5917128460302372,2.323389985804788
63,5,85.56846100685237,41.364763648717656,3.339302897283777,0.8332860596605052,2.9474127611364582
63,6,115.76663612147071,70.19701301692496,4.106034212627719,0.7367452179215226,2.8906046636071325
63,7,104.2655152396008,58.27303220879004,4.257395711648142,0.8843235283975588,3.345565285123521
63,8,72.60561656799774,34.651148029035326,4.820586977175318,1.1439246537546346,4.266130116169557
63,9,67.9441199010614,28.155136296634716,5.245338321991902,1.1750467931705657,4.587306545303301
63,10,79.30407642064097,35.59286331809009,4.8173834660053085,1.2381869563956158,4.857882046864874
63,11,66.10975570641929,24.86261495405284,5.120939086307116,1.122654472503025,4.213609726118438
63,12,87.07961804725008,43.04027579363885,4.725747693656176,0.7599408417536235,3.0314804940638496
63,13,59.07330831032125,23.04404573499436,5.695540687850551,1.1599191099752435,4.6172235031599245
63,14,57.4187536024927,20.177583168852323,5.201533197322599,1.1491605624265206,4.542147264483351
63,15,88.7861433178665,44.51458991423253,4.227797492645659,1.0096539790315635,3.8221955843367414
63,16,109.28212664272495,66.32612485941165,3.871423933798317,1.1132461079581786,3.9818057221497423
63,17,103.43152692578872,57.88751761947816,4.074700213205965,0.8929798350077522,3.321107984166486
63,18,92.40199311752787,62.271551003730615,2.5719627904250366,0.6883208452357881,2.422278032055322
63,19,94.53291672898528,61.084133929203645,2.873271360603188,0.5736423077868871,2.274170879699187
63,20,113.88052169332151,72.16823125112731,2.835180508617042,0.6407088621204604,2.4395825016175143
63,21,117.30782882560489,62.63855111119109,1.9716228570170828,0.46373168393428066,1.9530368698190501
63,22,93.20804671266167,53.23010444314112,2.656932983472562,0.7076430744321476,2.4682482384090125
63,23,101.78736874894068,59.40643087389992,2.106639464695218,0.40566745927736036,1.8419075372138707
63,24,72.9013820469095,36.87433791172529,2.347999178194251,0.5518778281457974,2.144706855839062
63,25,58.776932332125696,31.004893645108126,1.7201368713923093,0.34670955839268713,1.7307476826597927
63,26,100.16640107154359,55.67049817724934,2.8899702427750853,0.5881493679237417,2.3499724113737854
63,27,63.13132940255273,33.910764691980255,2.0667682041808435,0.5776628140421929,2.1695986315579487
63,28,106.47034923884841,60.3759534553026,2.660851788755421,0.7239890460464058,2.6439971612250104
63,29,73.62659062326675,46.6316015703186,2.017984651095117,0.616189592770517,2.209621938012043
63,30,92.86388566677331,48.536027110747796,3.4812154022885524,0.7697815902624585,2.8814181436726427
63,31,96.80951569545232,53.35677511064637,2.2255394402773945,0.5424636485902932,2.173179077293478
64,0,100.59362660527373,71.98158043582666,5.097354791217173,1.064332416578635,3.559267736965176
64,1,76.30092304580444,44.635444886124745,2.3953630548912184,0.7072540698084935,2.4314900483349438
64,2,55.86318595100745,36.552600357656935,1.3792368669844617,0.41225875638017806,1.816005469968171
64,3,56.6960765936806,27.27988292937625,1.647924902356459,0.3789847158988331,1.7412248529776158
64,4,54.12372127672168,19.51247505695155,3.054921209615037,0.5810631058188482,2.2878147877045407
64,5,71.83278332304198,31.28460868056503,3.244693774381771,0.9996086940051949,3.325494275532033
64,6,107.41523778847504,57.79851130335263,3.332533713519443,0.566402594791457,2.337577827108963
64,7,92.11091725586726,44.69413488631018,4.160177691547835,0.7507494268035657,2.8384991685575436
64,8,75.78025953059216,37.618632241475595,4.696792297645436,0.8328544737752512,3.121716312750978
64,9,79.7600654190983,37.40035547419383,4.405604180426339,0.7983541071118321,3.107651544612525
64,10,114.01118366001718,67.16067836825995,3.7366214826432826,0.6965797640282685,2.8063090454802593
64,11,67.37932606040323,30.644145431297304,5.042854089901548,0.7804460878084738,3.071847053747957
64,12,61.767495800901145,19.84004616022658,4.926275446981881,0.6773585519078411,2.7762343351135557
64,13,68.71411349245179,31.408957940203184,5.414329591138356,1.0451000591942963,4.104915013502275
64,14,58.37388399620673,19.490052287479678,5.196657952749976,1.254089670371303,4.940804101373813
64,15,80.6476070567394,32.44174743820366,3.892841160260415,0.9870975917025748,3.600900328104033
64,16,77.36572635627893,33.897756657164486,4.272943151035081,1.1073663567870708,3.9418717976166913
64,17,73.96877071456728,32.3320882545794,4.477870878492308,1.03493376319188,3.804212423914559
64,18,62.15234703382032,34.396292984831106,2.8505939300998433,0.5646363135302588,2.1812763246122304
64,19,61.00135760778921,32.04964109603202,2.842416484029445,0.5284145488378762,2.187766765949201
64,20,78.24222595744403,45.20982943727905,2.973951600506218,0.5439108927737899,2.2315633962863486
64,21,31.83249213523724,5.715553876444715,2.2820031416150965,0.5199389930395699,2.1037581995276833
64,22,82.07363408758758,42.5608691551659,2.4345824972517836,0.5435347033733846,2.152988970722995
64,23,47.279714351886966,24.092112894095372,1.7786479441059417,0.34958397494694404,1.7028854427600415
64,24,71.98711237847017,30.932174363127718,1.9990302224995353,0.37185378667833935,1.7888148925363532
64,25,51.2714842945545,27.171481078311686,1.558588273826233,0.39852737804837823,1.7992182271427126
64,26,59.896254983043214,25.963682045074684,2.549964035776853,0.5771338082499304,2.263655616770976
64,27,51.016866706476854,18.654069405155454,2.1179450448696717,0.6170336363367155,2.216333130522855
64,28,87.1569538143094,52.982744665224445,2.7668490590046995,0.7047808317778963,2.61202853944063
64,29,56.04406424901137,32.04168476172952,2.1419421900023927,0.5642506391793027,2.1599883987887565
64,30,58.19456508534182,27.85708840014649,3.785727317581018,0.7839050258533913,3.007710469963174
64,31,73.6938231348747,33.52262246967625,2.7000251813962666,0.7169532910303951,2.6715474599136244
65,0,86.36122640668307,57.50869305244308,5.903788123000814,1.3220299911432027,4.864565407588918
65,1,31.60203615228093,9.922143428167573,2.605094407078346,0.6412412956221725,2.3040625358407834
65,2,64.16377453609924,44.390388222960766,1.6708517044279296,0.49512956273391273,1.96071548281605
65,3,37.4598636090399,16.218853579978774,1.9989322212099316,0.37134080076926557,1.7541323927264874
65,4,50.26828271789941,17.584450114941447,3.2700867920675627,0.5628885652435001,2.2936821441581086
65,5,70.24184983250557,30.202926592201685,3.2600461131032734,0.7009506391994367,2.636532462391167
65,6,69.70192783940718,28.991409334772705,3.611075083772875,0.5487701153457052,2.34298327977236
65,7,60.734066492668596,17.06165021914167,4.398938239153027,0.7033628663244613,2.773571845372864
65,8,56.32782230735861,19.635984386326705,4.4379480670820595,0.9040750542936244,3.202077515660162
65,9,64.28773961689339,21.943587205678817,4.806322657111669,1.0230565545388748,3.7508182143706748
65,10,98.70298816070678,50.85962212949839,4.737589097899074,1.0624588261297312,4.078160968778262
65,11,74.66335851972224,33.27762561296052,5.2734052126268836,0.8327105511163619,3.23627029911699
65,12,58.90890148785918,16.496308171578548,4.684287504707335,0.670162167981994,2.7230979725379676
65,13,72.77842371365597,34.583445644541,6.101835425235054,1.0345073298499141,4.037665242579816
65,14,69.04585171121445,25.739398359234116,5.6518180018959985,1.1115590146665397,4.381292291911211
65,15,113.28408807558165,62.450405247221056,4.795638853500097,1.0198802243184808,3.93559864857931
65,16,113.30888702220912,59.75485751536139,4.210393602578006,1.060111356724775,3.7893934224626564
65,17,71.5115370866076,26.17751600169424,4.678856990302975,1.0057627536231752,3.7271205296069465
65,18,87.2367100505251,47.51698248069515,3.742893108885506,0.7632275225330072,2.821106784117357
65,19,86.39611566807832,52.05505277145289,2.898276377473545,0.6994573797455224,2.461596931726927
65,20,78.77267102977433,38.51340519181411,3.739969274163845,0.8519429283318942,3.0268209543968085
65,21,119.33369792320485,67.62227707418478,3.2061466647588723,0.8208979002280721,2.948855630480511
65,22,100.86380728576381,56.229185543079765,2.9943853882445506,0.6528065475855018,2.4765962675317073
65,23,61.54228813562711,30.733895297434653,2.14911660451244,0.4234850533281205,1.8525514265604057
65,24,62.02630786569863,27.11230939645726,1.9380764675729092,0.463021482608861,1.8949510816157764
65,25,62.67919027756743,34.59025982969311,1.5718480754526771,0.6140567106946784,2.1123973555631235
65,26,83.60322738649266,43.098250156649364,2.803079033696813,0.6610381915763006,2.503993650050827
65,27,76.47556053089215,26.540702463635483,2.5140432834058344,0.6535917151860882,2.388608633932486
65,28,69.7625264888785,33.722904928079934,2.784491039347779,0.6397867497956828,2.4029888283835485
65,29,49.47446144253021,22.170657734059766,1.8064297094542305,0.44046501279316796,1.8072740506569156
65,30,84.17710281780197,40.721736477585566,3.3610253885908357,0.9209293434788073,3.2081481489247388
65,31,105.54689925901252,57.69235022344636,2.44982543919748,0.7278521683635786,2.5462700909460465
66,0,79.63013218275785,47.89009765233684,5.712130533991547,0.930204455461964,3.347321670349675
66,1,73.8680894978952,41.01265019561753,1.97384738538791,0.4286457923750733,1.8354595539975693
66,2,70.79930575414724,52.45691814754461,1.3482950273342529,0.3186885337362697,1.5821330011491244
66,3,62.34268462522087,28.067507734071743,1.4883399757642404,0.19703777139215273,1.4107921945018642
66,4,85.73278223543828,48.147229938416146,2.5049680419056157,0.5462188337285188,2.0896569758702364
66,5,66.50137973626671,27.490419973274932,3.620000628728074,1.0112739451186439,3.4072474164865216
66,6,72.96522545340433,31.335763268591677,3.857284465294652,0.928239948297112,3.1792648156426346
66,7,54.51085041627128,14.169248127476086,4.335861100225706,0.891085183303205,3.2933230434069505
66,8,51.60361116570208,15.540887909192623,4.8671529294279114,1.1265295386073397,4.15098273213831
66,9,62.45979665869966,18.56953196046598,5.153603391512556,1.3754986555548667,5.2046323579394915
66,10,79.08709677939447,30.986290209987548,4.5274697126651,1.2987990474928548,4.799799266785647
66,11,69.04421720099668,26.59191260213519,5.1228290118951385,1.1468647438579627,4.372556049691291
66,12,59.22438798472503,18.213452760314276,5.100143603184477,0.6484703323906524,2.665677171265302
66,13,53.72443165818186,18.32675148533108,5.631347758844036,1.2193807935668541,4.779728695514057
66,14,57.8765952986809,13.876072945968485,5.26077723236199,1.3255293650892437,5.057488201044352
66,15,76.85980288520443,29.909259974883152,4.080918519198908,0.8568939972842742,3.2532418639543392
66,16,85.47900876016314,37.05593001554658,3.7862675160945587,0.927572804602975,3.2233576472646974
66,17,95.75362797780097,50.93473517172164,3.4162872115529,0.6104082386990086,2.3764513736192203
66,18,75.72340531726391,40.49566565628628,2.6136680242803196,0.6080382298763087,2.1997224197744885
66,19,57.81908340268994,22.728383305493914,2.0268948990166704,0.43542725553504624,1.8441169422605053
66,20,67.53551790689296,21.648556435412885,2.714078246857552,0.4632444623835559,2.0451333463035413
66,21,98.92123030196747,44.473713375836994,2.0128794805481487,0.49138877639775114,1.9994463670830283
66,22,74.53769066767468,34.72398805243124,1.6748576120225964,0.21536871941053026,1.4711378118423846
66,23,57.19577731450779,21.78595001759897,1.0714517067863274,0.10955898214897286,1.2465472422358719
66,24,48.58048409467999,24.996219926401814,0.8957185856932784,0.11881974728010836,1.2615187091416553
66,25,56.86213969193545,32.59455068938648,0.9993586536511998,0.20756284270560865,1.4081738462922084
66,26,90.74549560699657,48.09987939084713,1.1581583847439814,0.20250004713421488,1.4031901389312293
66,27,71.80955829383683,30.31191268097015,1.4035423074753546,0.3184821825115871,1.5817563035905682
66,28,102.83743722325005,55.54981984170507,1.6562810940714234,0.22398745952582155,1.4905019966315172
66,29,73.73656057748255,44.39690516349919,1.3766515945084534,0.27866487794449935,1.546761604537283
66,30,117.94128067469514,70.60638540515532,2.530208816327149,0.31066594821701177,1.6926090564740495
66,31,106.939334527109,58.396026270279684,2.0040177620399766,0.377821202464677,1.7756796611051442
67,0,35.307304988079814,10.638075590497241,5.519667969584205,1.0025166546489297,3.3520638000549585
67,1,50.648925376876434,23.48697330740151,1.4094455847278267,0.2953944738320158,1.5659580817054894
67,2,22.215187295746173,8.336462418005286,1.2644371215173569,0.3426607822805987,1.6062936594150292
67,3,31.471116438176228,6.1774207423289536,1.7164391934766745,0.2489385557074526,1.4948984863307953
67,4,50.689342950774034,14.618072288194831,1.8852853163812435,0.40598543621088456,1.7734444767665962
67,5,80.89573207744684,39.73086168733653,2.8104118650026395,0.7756872530754397,2.6132440472106855
67,6,102.51637184386014,46.48115652078057,2.772602904483941,0.5510379336147095,2.229239181980425
67,7,87.03260401316116,34.04026188386594,3.564923498452449,0.6527452209798521,2.5063786666294634
67,8,77.7549196360513,31.80100036725627,4.630608588883806,0.88967129219371,3.315773989557799
67,9,79.20568463068147,32.52528098213298,5.090695016699711,1.045522339883342,4.004025005619385
67,10,72.28275967991625,26.410870395288484,4.3872183350001945,1.1525898794371878,4.362912635378691
67,11,58.76949005713318,13.933409157524267,5.233878232169927,1.096521151756118,4.1390622473823155
67,12,53.5135523071159,13.50449001423364,4.6997034666100905,0.5614729296149221,2.4011244235813143
67,13,62.88486602596686,22.864909472446755,5.416205915649893,1.0789869103750398,4.166054135857887
67,14,82.43836318843464,38.13843476991183,5.184803264796722,1.0575686095479213,4.116495932237571
67,15,72.27885410293827,25.81157948494961,4.722862540972015,0.9731161314550016,3.7926969060244438
67,16,110.94787999570278,56.98754121282925,4.373026651297946,1.1664128181461608,4.312138992891836
67,17,90.16705799662523,42.945953803946935,4.253004269994491,1.0066839439597928,3.6093340338716615
67,18,104.81201243447872,67.53245426049236,3.5885002349895823,0.8074955935025168,2.896364437078198
67,19,53.281029426858524,25.367495480578825,2.5955739017760258,0.6258082461787144,2.325951806723983
67,20,100.4627296181587,50.49917352348822,3.8924634945726027,1.0504664451565606,3.646269114058878
67,21,72.06469347825907,18.90468682402199,3.2052682013631775,0.743966015125916,2.752677902661115
67,22,83.53400844406036,33.307923937015005,3.355185433531312,0.5256646160842569,2.228692446175203
67,23,71.92708240587052,30.290345587123564,2.5363972360773825,0.37650568211335766,1.8106205402590503
67,24,75.87664135277397,31.647350285117653,2.39499646133229,0.3918660884663896,1.8377509176562346
67,25,57.14520513166997,29.87380073538149,1.8076369880967578,0.38636425981604017,1.791687351510911
67,26,87.71080210746018,35.74479390445285,2.8097331796527416,0.49136216546940625,2.118958121998767
67,27,67.58213477811248,22.89286766841947,2.4544608958221295,0.5159625773422882,2.0319713291673365
67,28,91.87781326598021,42.84318552247473,2.9520226478963023,0.5009322859997924,2.1663406120531716
67,29,60.59653735984666,35.513541907607504,1.752580759816175,0.37701834328775075,1.746074537850261
67,30,113.58413352518454,59.41744584939543,3.5948553303317903,0.6167713707051687,2.5017032258028795
67,31,107.46697764676956,51.66186367880241,2.9855553245351665,0.6056773359364049,2.3622081833918847
68,0,53.77106334285613,21.46503985370428,5.860195727971376,1.0335754185366133,3.6713090826001356
68,1,71.22115161254844,32.775026155291826,2.017922258554844,0.41538202413719816,1.8491002060455681
68,2,47.15589494453303,26.161347600296786,1.677742543643082,0.5174338063941382,2.0012108256144394
68,3,29.581912315990188,4.470009220344277,1.495177480501021,0.21352917972344487,1.4434528606110475
68,4,55.90786684468,19.15094278880545,2.311328900000856,0.5239424803450135,2.0177683330887213
68,5,45.393845306704975,11.056310214664219,2.698161781771643,0.5808020946060255,2.237810573071307
68,6,76.00689676398082,29.36978133381161,3.3002713004799795,0.5668938811094075,2.333775633510167
68,7,51.8525074324003,17.00043797079581,3.4450684647586174,0.6449746650362682,2.497409197850496
68,8,57.52971676619079,16.374007773575478,4.526797641564363,0.8611241883748555,3.252091153895157
68,9,51.391307334546156,14.2542654685464,4.992759476261325,0.8813353457769919,3.402526777492742
68,10,63.26826294423443,21.408966923472917,4.36835628342326,0.9555190543467242,3.7572049583193805
68,11,51.37446697538352,13.756257468484272,5.059071100024952,0.9025343404648183,3.3877478172195596
68,12,56.57557762852069,18.750455563719044,3.9744951174379803,0.5682944414574571,2.3265696416045163
68,13,52.584101487149,16.62707989455944,5.559298739965721,0.993932274959934,3.9321765639198647
68,14,54.356489515790905,14.953767780548256,5.04031818973599,0.9225776991353198,3.568625762863589
68,15,48.60880573391255,7.622109538692917,4.235800857912012,0.8443397921315521,3.2961316882048064
68,16,104.11505857314172,50.060801973088786,3.8180124615162643,0.8520171296359274,3.1395921290550795
68,17,63.98045565748135,18.750093153958083,3.847072443389314,0.9074567886730045,3.243004928782295
68,18,60.94903411043197,23.275623578403934,3.767332767880755,0.7577623980223773,2.79198470990817
68,19,43.12317726569111,12.561935418275008,2.690922897622856,0.595677974820072,2.2491869013688555
68,20,85.6448687220041,41.09572260630179,3.0839791823356446,0.7893131753510931,2.78564154849765
68,21,82.50737110843082,30.20513308794741,3.068642552935186,0.7071815164243644,2.6380285642452845
68,22,72.17216185870925,24.157080150343972,3.0265378725738055,0.5768390414812568,2.271082198299236
68,23,72.38008017419303,37.63727285892074,2.260658084739158,0.5183122800022621,1.9950451727118028
68,24,58.142602696646776,19.53958057726318,2.2621903402025856,0.4408857272809139,1.8847079787293384
68,25,48.74570575111584,21.55274474688794,1.5095233445140674,0.4334246095458669,1.795935685651226
68,26,67.29939231241613,22.679569054668185,2.398708232678004,0.6013355839386021,2.2226338360962687
68,27,73.81609636495799,29.778358307602502,2.330655460492019,0.5708702733628339,2.1181499989165986
68,28,71.29204268989074,24.49304207054569,2.548577038900176,0.5685172698180643,2.1934019369255666
68,29,32.58726562455115,9.819775426702748,1.8724633566345221,0.46413541651237056,1.8607765815258333
68,30,61.64248733205097,20.726985869628635,3.4014951037983936,0.6918650456375657,2.554366228460717
68,31,90.43551327040319,37.135720132790375,2.571520425283541,0.5844815256155509,2.278509803914707
69,0,46.554814980559996,17.613652503342394,5.9826011911689125,0.8874462276109032,3.217559612782456
69,1,60.52563098686886,27.491559952762948,1.8037904059067,0.4577350841476959,1.8368705680306137
69,2,62.01203664283373,39.893072786077354,1.2291564304944096,0.4725282100401449,1.8383507681601514
69,3,39.423005849299024,16.838072150620146,1.7555879256671005,0.27604238673384796,1.5688382366191649
69,4,69.33976020715441,28.896741233953144,2.052305061129654,0.4980303194112645,1.9903808162395131
69,5,74.55309937091613,38.65168637658824,3.346610483324263,0.8143980291840891,2.93244032963643
69,6,79.98921272161672,28.313964867147916,3.6981483883740336,0.6851268627343399,2.6955622706038316
69,7,121.4800560635088,74.94710853587983,4.201395485162077,0.8097935978246422,3.1665678463042344
69,8,96.52626496503308,51.460531336960095,4.941763228771647,0.9200950088433801,3.6741047536114224
69,9,77.58422240593833,31.36200791930939,5.380085010038663,1.1477484676324679,4.5691667563061955
69,10,69.26948795532897,20.855590820566338,4.456298639085763,1.1004244633127085,4.204693662949431
69,11,60.604362393783035,20.425602977693156,5.211814770302816,0.8928503583268492,3.4788755710116432
69,12,108.46195658448964,56.256780688362205,5.194527493052441,0.8132589344941152,3.249392116121257
69,13,110.20691515544809,62.91603108079251,5.2569302728110205,1.0196512172755394,4.098028036546223
69,14,113.33112971634631,63.54732545792056,5.183290110841471,1.33057544082636,5.166250633415376
69,15,110.57364088480644,58.75397148134447,4.191435911157897,1.2109281293335874,4.593144471548465
69,16,129.41680855722447,75.28963723482896,3.2463379265605266,1.142537789218963,3.812256967744332
69,17,104.0671265744893,53.061724688670466,2.9454618628926004,0.7451823324514106,2.7235984856688935
69,18,119.45528041445712,73.52006507523609,2.6225997106929,0.564235541251322,2.182311043922417
69,19,52.358403167906744,21.7177308536234,2.3079505859462563,0.6479815004180511,2.327717410642277
69,20,82.46779036733119,38.185653836983555,2.436186837708633,0.8523309213598433,2.695634321173074
69,21,95.26534103242733,43.652563930027824,2.075539527970367,0.6909332805319304,2.3184999018082153
69,22,101.2137697584321,53.88043463830364,1.9626809553970317,0.3485531744692911,1.7266291353709429
69,23,67.5464839754918,32.76170193760433,1.438799502078421,0.3311919811550663,1.60716971212409
69,24,80.07323137648747,41.64397132098978,1.357100529973332,0.25786532418076136,1.522564308634699
69,25,82.14367185141504,55.3738834476419,1.0682625233280205,0.3846648762350815,1.6660754778482607
69,26,82.57038825948948,40.612745705283515,1.914752503008564,0.5010502130435739,1.948448234694152
69,27,59.9296592900844,19.586747672665226,2.2212802219506775,0.7996296309827171,2.531408915517072
69,28,81.7591511380883,37.779604478225565,2.2182143559958964,0.5304104314768372,2.122458733647495
69,29,67.69206693475283,35.65216112931331,1.5889672160637753,0.695961125505056,2.1872656655878435
69,30,94.97042140942828,42.62455358516544,2.685653240064553,0.7553125231815523,2.6135680424936645
69,31,108.56351379326946,56.8681658635099,2.131858781593728,0.5752043727038152,2.2093016770874576
70,0,52.41911769523905,20.008457172311157,5.556933125700793,0.9998874368514521,3.3993263979414334
70,1,56.47418870328261,28.575487485344162,1.4876176681677702,0.41044313360809115,1.738231128022619
70,2,24.753511524939285,10.422731867299204,1.116684447020535,0.37646434410263163,1.6639256160821683
70,3,60.014505812838564,30.528956205196643,2.394273737809965,0.4567603112532339,1.9263821439587878
70,4,89.98622884654569,54.23956468434446,3.3028431500671345,0.6765791239056305,2.5610959790118204
70,5,106.1195611544475,61.927968268048694,4.015476837537811,0.965634588376111,3.5131807206902503
70,6,116.86844677484423,56.77576077002335,4.294991887923897,0.8350425977196476,3.167324664743348
70,7,137.71779817110672,78.82789185647516,4.98615659044353,1.0373520167228598,4.02676902206275
70,8,114.21684811985574,63.68752618010163,4.921072477960514,1.02296585254589,3.9483368516436808
70,9,93.01202928335593,45.93905443566851,4.9664956922071175,1.0475047757296085,4.0896540266579136
70,10,88.2903179666786,36.079026276668685,4.66929569632452,1.1146790136492015,4.289371829009127
70,11,74.46999221635377,28.63504666704365,5.146812199815615,0.9107036238452411,3.545170536334495
70,12,84.49164497418846,35.61907319277963,5.2588975126146815,0.8747308589148055,3.4953651936404158
70,13,87.69050449773539,40.555023800491064,5.772542356469714,1.1089289648095093,4.490583977464572
70,14,73.19631987169294,26.36290942804423,5.12891306825605,1.2968355247910317,5.1543561130327795
70,15,88.62217521883088,42.27323666102928,3.809569785969927,1.200276982535839,4.225131966979822
70,16,123.99036510866353,67.63426712118248,4.392691065758648,0.9311897338061232,3.4447990670937263
70,17,119.12576439622498,63.71910511917299,4.229978028107691,0.8260275242752009,3.099112884865279
70,18,95.3127424198945,52.77466188441378,3.624165964943016,0.5528242428233838,2.2538444118069743
70,19,81.11479938781557,41.26898332379525,2.4380928614111386,0.41012660920495625,1.8662244732477007
70,20,87.26275476035346,40.410591241227976,2.363005414436133,0.32031874539099014,1.7039783675630882
70,21,80.46925100625793,28.784527546238827,1.996940828762782,0.5009529058719875,2.0162226302706263
70,22,71.78929355144372,32.18061951528419,2.2531942105154332,0.4362859563532271,1.8773032610518436
70,23,41.55185735544858,10.707005607411281,1.6087449812507932,0.1915134242837997,1.428322764538892
70,24,35.89346583814603,7.100320348437159,1.921104051581355,0.2896078195588101,1.6241648862818392
70,25,54.74835944103479,28.93820753099411,1.4897221318197036,0.5023953347874794,1.8839970033705224
70,26,50.10650194565794,11.418911029037943,2.283674964477618,0.6424025048552462,2.3210109610744576
70,27,54.26549153325041,18.80050031924003,2.2787903349364926,0.9955599361703591,2.8593205132720154
70,28,123.50551710539172,80.15612077058263,2.728728821100739,1.117523332212596,3.625987954602098
70,29,138.84348721031012,102.37303245380821,1.6727086860731017,1.062452619468736,2.926145770946461
70,30,141.42376386150858,84.0634180069254,2.3105370718807245,1.598478524278983,4.764325261097972
70,31,157.29538984733998,95.55900521929998,1.9368241202646432,1.0662575186937864,3.258767711042423
71,0,30.88525850374957,8.52403625851095,5.606190508401509,0.9531027089016293,3.280343398915304
71,1,47.9690339341424,27.53053779503083,1.667399299589754,0.4312008177044899,1.7916401917174782
71,2,23.332643502958433,8.92481465553814,1.2067153377656539,0.36047559232116844,1.671094699305164
71,3,76.80398157475605,43.274201189955555,2.3504085762218274,0.32431790398997995,1.7268518988362505
71,4,110.79748393841655,70.88064087776942,2.7463621198583428,0.5942590251782889,2.26883355277429
71,5,133.6048913698235,85.65639879796385,2.9445455266221283,0.7935013703204223,2.8073261563319694
71,6,158.46861990370496,96.02272405226643,3.1828686480183297,0.6425435260197068,2.567025605663191
71,7,184.0752935851358,120.63280179191182,3.7431229012339164,0.7683467060968665,2.850609337192345
71,8,136.72356231385868,85.16624622639799,4.377578165952718,1.0394066781074303,3.830937561741637
71,9,117.24894011557095,64.23318436436487,5.152687188774147,1.0595661547593114,4.132967701279658
71,10,121.70774858114586,63.56326031202983,4.371674317328619,1.0102405577375801,3.8634500091332904
71,11,94.7894874610063,46.793630128485475,4.977396399576332,0.9373568434304893,3.5856422015706766
71,12,118.9884744097227,58.49945493999692,4.473610313906419,0.5629461871429147,2.355574731390801
71,13,91.63416855844486,38.890954921364056,5.537611980206089,1.0422664506592536,4.016401780538096
71,14,90.0370376027218,40.96369138167594,5.353429923851468,1.0902059928601622,4.231968684373141
71,15,142.04825118077315,81.6463732240289,4.66431039180895,1.105346743471495,4.315233532354104
71,16,136.273910895906,69.03619174660216,4.039718106814599,1.1813678955858151,4.327148324162583
71,17,122.69332631929305,63.178453323841666,4.24548522267872,1.1751373032165864,4.210965180887985
71,18,121.92651106219729,71.26134309699364,3.5526381833270073,0.8178249093379182,2.9556094501928913
71,19,92.01648171367225,48.96279752693847,2.927177472531577,0.7522229458023864,2.645781718568848
71,20,135.14075879101426,81.44544601959223,3.8289580426642917,1.07261236299402,3.7214125487052194
71,21,117.6583135752457,56.712498332309366,3.1776693168660497,0.8305292572131329,2.9766886611542067
71,22,107.59465865930686,55.261008628857496,3.01209844672191,0.588553993567623,2.35026137111778
71,23,68.53987237491233,34.491329370209186,2.1382494081951613,0.4684661419073697,1.9400423773691942
71,24,72.1515636151546,31.91244025523333,2.385168751212884,0.5355051864417542,2.119466085427744
71,25,84.50661003045178,56.471023088603594,1.610395994687626,0.5179303088221721,1.997583655546994
71,26,97.04844472789893,45.766884715451695,2.470793093288718,0.6848747981141066,2.5293842814418372
71,27,83.40919468736922,45.33708645834089,2.3904761392106333,0.6969764712842195,2.401407081327416
71,28,129.05793110302966,81.68199387404778,2.8432871305770204,0.7104271772569826,2.676490063664743
71,29,131.7038067345303,95.04359767307496,1.686551835813322,0.4709032105804376,1.8620109137026757
71,30,171.43605717144686,104.70938848873658,3.5212291897362045,0.7754544118472797,2.9224424170641883
71,31,156.85535543590362,90.68101285941123,2.626069454403405,0.6797691442468858,2.510719757426417
72,0,63.48112296843436,27.863410123095743,5.783883240767958,0.984908889470935,3.5392410627670836
72,1,128.16713740408485,91.83360217300489,2.3866953812280634,0.48679400724501276,2.0572596781761887
72,2,78.8208031519801,56.919327256982704,1.4491400737624842,0.5350785152053021,1.9429010921227403
72,3,68.18201433138843,36.042869379449435,1.5073827173639198,0.2188211938080844,1.4643196439798039
72,4,70.36377260521019,38.41943411711367,2.165494404463078,0.5318078573787313,2.0859345564708875
72,5,70.78575472570986,32.79713491577452,3.140241628524692,0.6907287547773411,2.5910629557383866
72,6,72.03869516564463,26.823638896395547,3.4835770818729204,0.7052566052158786,2.7025608046414034
72,7,87.3109149599123,41.057297306884664,3.5890093495999005,0.8248809082679807,2.95485858154047
72,8,90.04877602387204,42.82279450358992,4.5517617641412125,1.0257976495472105,3.7971600974858513
72,9,90.0138048387314,38.31772616086049,4.959176671826841,1.0746979571527877,4.152136743277041
72,10,80.37908951072916,28.416380873925085,4.349612537848932,1.0278694869503884,4.018830059997906
72,11,74.12312586366522,28.773439997935277,5.438992363125876,1.2081811396406943,4.6137336274265195
72,12,63.025271842957636,16.01979754109547,4.800503392863424,0.7136246995167319,2.7620873958075385
72,13,61.79634249373293,16.946647778443946,5.547467132586995,1.0946081401900418,4.242683160151748
72,14,89.2136890977688,37.99857484512253,5.06379396531138,1.204471683798225,4.630678756980984
72,15,59.31545373598173,14.867751583201112,4.299449686122447,1.0800251387383302,4.027046045857848
72,16,68.13493722829642,13.665064037115403,3.7399074191677664,0.9802054893455519,3.499165941989397
72,17,68.9289137755312,18.718346816639052,4.233970315925607,0.9979038410779726,3.606030325494416
72,18,82.22674812545074,39.01525041009007,3.255147296645872,0.7038799003974803,2.548666473440898
72,19,54.477661253509574,16.10780153003512,2.923343974376751,0.6119051826463151,2.2804417822443614
72,20,68.49049778570388,22.54031138002341,3.514285557004087,0.8194247234316268,2.9168252103995878
72,21,88.72533680536522,30.350848492265442,2.6252612643620186,0.4856050693319309,2.1135207197554204
72,22,68.43223483736713,24.857763453478327,2.9446953750787204,0.5076998603501175,2.12673593645451
72,23,75.19224355587214,39.640029483624886,2.479182978871161,0.43682267704101907,1.9175180298897947
72,24,66.71603699034361,31.312197257093366,2.2745055370774487,0.5213262192821508,2.066675595822869
72,25,58.80101993885723,33.38545109528164,1.8854224671201925,0.5810663014941397,2.174800875719669
72,26,80.02706309022369,31.46891495769215,2.61796165169071,0.5027364092789277,2.1255751904798075
72,27,51.431267664094754,13.799109012611565,2.4485707950003612,0.4621923363779583,1.9651734926995146
72,28,74.21666850189774,29.97703076978077,3.4238534614343474,0.48439328175444896,2.201558826794685
72,29,52.264861036820776,23.73499288552754,2.354417703918765,0.5235307424383144,2.068433885933493
72,30,49.1498093016755,6.39292548948611,3.8932216349427833,0.6677254807435151,2.6505064421381723
72,31,63.49625793231844,15.604966976954621,2.7440613263793168,0.5144180942808698,2.1636321104773732
73,0,42.655230458564674,14.224136341086425,5.87414306974336,0.9984700565799791,3.638518263315022
73,1,48.562720698973465,20.387756930345255,2.274054745090059,0.45425486934036385,1.9424857534588493
73,2,48.811446068948484,28.488803157147256,1.513400434230516,0.42168947885934194,1.8027562887959347
73,3,22.906208726013666,2.469072610644643,1.7996175613782919,0.21844066362780978,1.4884314111043373
73,4,51.49489738601405,19.59071037244651,2.557685432528663,0.5855669452732579,2.200041076845319
73,5,40.68299367025847,8.100674573412519,2.9192172058518127,0.7259825033002842,2.545710007453564
73,6,69.18450510942515,22.218348796797013,2.925105203078914,0.5206392055154483,2.1978093128932437
73,7,49.59693146783838,14.504360636839245,3.587029469592712,0.6404784605191556,2.4585947021429244
73,8,58.3411013789467,13.742185188847392,5.098775369819895,0.8988088059623358,3.423919806111109
73,9,63.84886259168925,21.83191904418155,5.087169412372628,1.0514735032672018,4.034315821878024
73,10,79.75651881119495,25.834260252043116,4.117165971790582,0.9976892729973308,3.7204210956457464
73,11,57.87846012319676,15.660178546564424,5.367926364958828,1.098299387104075,4.174070657170292
73,12,56.19048445616229,13.414872693743268,4.801954579179654,0.6988153868659435,2.740163727371001
73,13,57.65847871087966,13.4446531021446,5.259183601132714,0.8511680917328661,3.345196590483853
73,14,50.950976870724745,13.276328305184524,4.849048050601579,1.1113588985204386,4.220460825469565
73,15,58.78419917935574,14.387056170599513,4.120789929785962,0.9524723878564609,3.5064924461346734
73,16,118.17976126738843,57.307345902008635,2.8023314963516057,0.7285707866924036,2.6087374252272357
73,17,120.7362361716808,59.87108505834729,2.63876415376226,0.7510301646410373,2.4874849400902415
73,18,82.88826487000082,34.98642254659696,2.667325669663554,0.6980806004221232,2.309079596268564
73,19,68.80787318198476,28.96221195876956,1.8938220459389374,0.542654903743937,1.9415004349034815
73,20,88.96365015823595,39.26615153177619,2.268406850148574,0.5319878847166093,2.062552440913363
73,21,69.85466607030236,23.022037977319744,1.3222888285382577,0.3241308079130898,1.5906371693673844
73,22,70.62512526658739,27.887491610862313,2.1406203695791515,0.5815599697544238,2.0708466474573264
73,23,78.78294898230092,41.35204000947782,1.720104984675194,0.41256647861476825,1.742539605653437
73,24,76.89225462539247,39.89325370965808,1.265388275802858,0.4694807652123556,1.7692995113492918
73,25,86.90795839623702,57.40941056029062,1.2709785100644353,0.575356713436435,2.005886029727218
73,26,83.57885710565107,35.36061282311522,1.654531986853548,0.42783088706713257,1.7943654192158
73,27,60.231592533685486,22.45792403212902,1.7551716754150979,0.6505032565218887,2.240578846734589
73,28,94.60137673931274,46.961494728591845,2.2580322384920457,0.5368338265262338,2.1238970983315806
73,29,64.82047753423302,28.788156485439014,1.336255668388489,0.42767368452460897,1.763481983710188
73,30,68.23902132068929,16.460039947591866,2.962608192123051,0.6815232584155253,2.532390233771615
73,31,90.59554778257986,36.283844979667286,2.3229385938766796,0.5729797724063115,2.2343884461667556
74,0,46.860843267645365,15.561403251842197,5.413022491810205,1.0615420760512224,3.67990262076862
74,1,30.905646378658346,2.6826547485092203,2.0258791523678767,0.42835539695689073,1.8791876684332607
74,2,24.801545047826178,8.066465334035778,1.4227272580957218,0.4215432146234557,1.7818191729158899
74,3,25.346280277181986,7.0288812234563345,1.9303942774041927,0.2712515112257492,1.5669194240378248
74,4,42.40897750374447,14.496156539356337,2.0452439480136126,0.5247187333778758,1.98885574280299
74,5,39.40417503702209,12.012783146076705,2.8360753426219065,0.8954967644313201,2.898754235931463
74,6,58.48169299814074,11.358750563636164,3.493584058523963,0.8003521070602915,2.8771500511960166
74,7,46.555769857148285,10.071042171680686,3.8730474569689295,0.8174266275816557,2.889985900947416
74,8,70.92746141988921,25.026774224181782,4.0877853637162485,1.0764870837682334,3.6126558451517257
74,9,50.68153516520232,9.610312842198656,4.791149657306115,1.213100677750596,4.5604110659534784
74,10,59.05057507184287,13.82039675349761,3.9570407925831135,1.2165925955856234,4.284512931056206
74,11,42.93508828567775,9.631712284229133,5.2117311656731715,1.154876810390336,4.2913841758416185
74,12,64.829765997767,15.435540991361759,4.839325034318259,0.6008554610389378,2.4762279157058695
74,13,52.12183007655365,10.709276220255807,4.921486535695009,1.0175064166410062,3.780939356871411
74,14,93.34728741598852,42.934698311206866,4.052062717686814,1.0891356174061286,3.7555632487566464
74,15,60.11411399267255,15.641661609454674,3.949468420544691,1.070693993935996,3.71984631634667
74,16,113.28225298284798,55.065089269868274,3.7159751517553223,1.0620491817801208,3.557939012464759
74,17,113.42851381019267,53.57685289055652,3.750267754838563,0.910091133266127,3.252160388671454
74,18,75.14630710178139,31.671955770282356,2.728301452938579,0.5616671743634916,2.15444196714994
74,19,79.99514795961265,43.08711762346638,2.8929735817810043,0.6823715417082079,2.42938629453564
74,20,69.67276999066229,24.68417385547746,3.0942339452822685,0.6795657625252223,2.5020794782819307
74,21,62.187614739449465,17.797185753989872,1.9255227777637032,0.39342143438881294,1.8307101346416375
74,22,62.61302029710471,23.188084951750874,2.3560892633981463,0.4923260936240119,1.9833968353434985
74,23,72.98582265407055,33.994210930548405,2.2952154388333086,0.3532733532914216,1.7574061701468051
74,24,87.03414999651083,49.22154937619696,2.040525894465342,0.45124850972492725,1.9260917955818588
74,25,89.62946494668927,60.92638818441372,1.504531401581516,0.38123262103508515,1.752410323555867
74,26,60.623001940778906,20.847597592499724,2.1755874064350844,0.4448547979172841,1.908390479703078
74,27,66.52673737878118,30.056163228474567,2.0716624045446865,0.4969153722684152,1.9650182614749598
74,28,88.01790053679667,48.72981660512744,2.3278855505292615,0.38543463929502586,1.8505786836560585
74,29,52.09532751032367,16.161581055281268,2.1551400215203396,0.5396425860094096,2.048477409655522
74,30,76.06060675675838,24.865535497974815,2.9534282393013194,0.594641652366406,2.2897641897859513
74,31,88.13228830514089,31.286553177836467,2.3373893858632266,0.5236193788723282,2.078322755533546
75,0,37.99495685871344,10.694887271307486,5.66917610669904,1.004401127058049,3.619241054290827
75,1,48.90863008710447,18.08695879975619,2.2843054279638917,0.40145051638451923,1.8655811305487617
75,2,32.882137857543206,14.034606804463428,1.6045407189927288,0.49685515282186077,1.8968541109411796
75,3,61.01392062748607,32.15544204360269,2.211870175108813,0.42588562973333133,1.8459450064890666
75,4,104.92693301473105,69.03027132513688,3.6359105631857753,0.6957428430393398,2.627843312421357
75,5,90.82917023769235,42.4284996030883,3.190923708737735,0.6985221103922079,2.559084844456397
75,6,108.03126910772424,43.262635931056366,4.286284127879127,0.7318311251414871,2.874631790695417
75,7,103.15527807676162,48.14695615716652,4.279577384229061,0.8776164937202902,3.330679998083079
75,8,136.81598165834882,80.15232413372485,5.439824664212585,1.2576340401319186,4.886345395732767
75,9,102.14821953548032,51.24121279487279,5.309892778163125,1.342880890338117,5.184968404475222
75,10,84.32476417210611,32.889325056083294,4.635914634077024,1.1587050450002838,4.484404277187594
75,11,76.74549674714945,27.90579291384158,5.155116573608005,0.9253556165501617,3.7045728497403387
75,12,108.65791285858339,57.59281586453079,5.212080296469597,0.7724496417268751,3.1281332472200667
75,13,79.8135802467757,30.016628607910636,5.5411704289615615,1.0624185615026223,4.240937510129537
75,14,107.43742363871716,54.636453454710875,5.450779527569115,1.2322947452207744,4.850555342695613
75,15,87.66861638130642,37.324753558098266,3.917425635680218,1.1215746204684645,3.9434095597784022
75,16,86.30562038238591,28.033884437510217,3.599830468113441,0.8875659296930802,3.1324607777378812
75,17,85.62049206171196,32.56880085378185,3.4522424509887886,0.734958748426636,2.7568023416873566
75,18,63.08180382198333,27.281637202248472,1.6451248401736565,0.3492079312712475,1.6554365665605066
75,19,74.26665444014793,34.83810397627039,2.5868677778601104,0.53189640461316,2.1583521583582925
75,20,60.11099687756814,19.634289374305634,3.180431469661034,0.6087248744851852,2.444022243970633
75,21,68.7360039521499,31.586406696484275,2.016875137457154,0.6166927080620681,2.2486337823341374
75,22,84.71711927473261,43.39378044251211,2.259066036701612,0.9084033817569486,2.7933235823170173
75,23,76.40998207505916,39.62665379330716,2.5484664870431573,0.5542192780650073,2.194780267993757
75,24,64.20781268989089,35.437662935000816,1.687662303945736,0.4936198668171474,1.93639251751848
75,25,75.4412035730986,46.329012504312814,1.7435531318573259,0.5167835430756917,2.048003960396785
75,26,82.07440223341973,43.18996653692436,2.283154360327976,0.6440485262534352,2.365180678115773
75,27,87.60075590297683,47.604490427693094,2.447327281640409,0.8494754736057182,2.797416581091687
75,28,159.95851866150446,104.69102738964648,3.0772779221208557,0.7165084793282119,2.768948261975415
75,29,69.91143353790693,36.26586815475876,2.282143562540437,0.7400738837904761,2.544807370407918
75,30,148.14333867703337,82.3072523458118,3.7287595509266795,1.0428078437725148,3.7754713642815387
75,31,120.24671380323245,56.53459736782116,2.601486463676959,0.673388945859843,2.571209545987668
76,0,40.51419899517043,10.004893184079876,5.87884713500682,0.9964454584878588,3.6660715433596165
76,1,37.79202326762187,12.3792199327305,2.2160299679458535,0.4352721722267203,1.9218249808398713
76,2,38.27096681752417,19.550709368370484,1.569412199109314,0.367449451096856,1.7279239409827385
76,3,59.30903531831326,34.11126019845116,1.6841567564854534,0.22024873196613193,1.4931192532265225
76,4,94.44717396788633,55.36998473566559,2.200857447874079,0.5086082205681959,1.9871013050014101
76,5,61.79615221107931,19.566012670602035,2.7223110244880133,0.6721153016921657,2.4475500289615084
76,6,102.92157167767746,37.198048247013276,3.3206962189113547,0.5842877632961803,2.425672879672777
76,7,107.43819632981115,46.625845196830795,3.6950383506365,0.6949924797805926,2.6507444566082774
76,8,66.33480995575505,14.370702201143894,5.533846915154387,1.0070242349879583,3.846769640078487
76,9,68.49954620948435,18.531689691607692,5.253645130328178,1.0717343868326665,4.1198962032784285
76,10,58.54008202188631,10.424211301011404,4.249347361668453,1.1035625310601924,4.12941057644159
76,11,45.57920821285868,5.195227255037681,5.393962810211008,0.9091212885044113,3.6678011119814284
76,12,107.90990829461987,46.57736654263573,4.666541330560448,0.5736044869962091,2.458405231380347
76,13,62.55120161160178,14.26730383696055,5.245539835542978,0.8481088636158578,3.341047464833122
76,14,67.41090479650131,18.212953367404353,4.483848552768307,1.0112769141220994,3.7699159325225415
76,15,58.24040719613808,14.42779736284821,3.3710472139474086,0.8396069020620156,3.048290183656755
76,16,87.27040989469458,32.02822904605039,2.0901060825118947,0.5677832796649498,2.150370553191606
76,17,88.63888092448951,34.930927819484424,3.42326891409542,0.8628233382043584,2.926326821767587
76,18,76.84196500600228,40.76291426833332,2.1120100470792336,0.7638607193423956,2.4127794845227246
76,19,66.70674064541444,26.832949665757962,1.9740524916724016,0.484837657232869,1.9265760166716643
76,20,77.5176874274722,30.17678862436487,1.9551769217512491,0.6012649608857707,2.129424764017968
76,21,73.53292158929752,26.78237751074255,1.452700398135854,0.47127705478052984,1.8404786280680265
76,22,81.86337426153192,32.26921138774205,1.883864045299958,0.6621885554995117,2.240557390999188
76,23,89.57172290858834,46.7363651235887,1.724529573195947,0.5338943358407418,1.9979157983186258
76,24,59.134599493151114,23.27900860039263,1.186196971571734,0.48692480511249325,1.813085972670761
76,25,66.0469563869539,32.04372265256042,1.186006952255377,0.5569828077700325,1.9525773112167957
76,26,81.62364463297277,33.29558736711436,1.55127897564983,0.5515062286838124,2.0168960288158555
76,27,68.798402167381,29.813775461797945,1.721390662535601,0.690155619712538,2.3338369992509707
76,28,101.51049044810567,51.22797852123681,2.4463581895786928,0.5182325317271572,2.155432921652014
76,29,84.49419608128004,44.605177962780004,1.2866302051982776,0.5359160406089605,1.9144316818097273
76,30,85.54757715109874,33.59101950255172,2.624558567906976,0.8714436745747025,2.972680828704962
76,31,85.74134230533016,31.561671606117518,1.9557338475559465,0.6552150716838694,2.332861090771801
77,0,46.74453852912707,12.36748000995245,5.4356649774634604,1.057892655973017,3.6804980935163973
77,1,38.31016137100309,12.065609275110717,1.871832522559702,0.44361992370858405,1.9075638336433018
77,2,41.8090087673294,24.38871674055828,1.2272015067712503,0.41191682377026106,1.7381683379531094
77,3,32.8662155534025,11.69267312427025,1.9813000333721476,0.28468118623966077,1.6199486715245637
77,4,29.911541936542683,5.511246033931817,1.8693211850813323,0.5291412805954376,1.9565174388983677
77,5,61.36781068039984,22.914750860706548,2.6222238670285636,0.8709100396921268,2.841366352299243
77,6,63.196008491976926,16.335094487473498,2.780024618824405,0.6283864682458398,2.4048958768400217
77,7,70.28697328802,23.666409329302653,3.552460067908847,0.8203869144861238,2.8759753163947317
77,8,101.02581246883136,40.09271251513579,3.9428623583496636,1.0384291445424259,3.607312439053922
77,9,69.30089805325105,16.976210858970894,4.766075553434092,1.0928500463591053,4.156135532371604
77,10,84.59616084187812,31.292503995727003,3.69084005903939,1.2638238096892191,4.437667356065863
77,11,67.16631386920761,22.807933153687124,5.150672905303743,1.1490397707463877,4.327561975088809
77,12,73.31276366729247,20.3233034629669,4.748259851036154,0.634522645066129,2.5974575131618014
77,13,58.63227914930924,14.467757834887358,4.8854869838602815,1.1657494251459628,4.2991480183414374
77,14,68.55614878244339,18.48262199904042,4.965943300247449,1.269898045795614,4.9126803229892
77,15,89.91616093721115,39.94532464681794,4.340168012648089,1.0919656505220239,4.104261080962049
77,16,162.61949141027065,88.06741551415399,3.8000104343527012,1.034272599159182,3.710614416736823
77,17,101.38193745437727,41.80959718916935,4.189721876866161,0.9292836199313923,3.433531764227218
77,18,99.50186712343866,49.62885496164509,2.7599610326758417,0.55690481597841,2.192112737670479
77,19,73.02196490153383,31.194235464225756,2.6475093529884637,0.6276811564540363,2.340674778454804
77,20,93.91377768101464,37.238123965638344,3.046974922724158,0.8631364694182428,2.9333430051060017
77,21,89.54279753061991,35.88145834128424,2.6042225054066463,0.6637106923642699,2.4617817239931883
77,22,82.03821302190747,30.248868505299086,2.5512002453228204,0.6141299042028132,2.286923048913801
77,23,93.43386035497566,48.149890738110216,2.138534796125273,0.4489385446784606,1.888306711649245
77,24,103.80676236738185,58.46944700943837,2.327324392092054,0.5463277880862334,2.1331338252418703
77,25,95.91417578919828,58.47278771736683,1.7480027391297117,0.5686684189675479,2.104212040812768
77,26,92.63452263108323,37.902619502220084,2.693756699545956,0.670935755556822,2.443041347623542
77,27,71.86644179288078,27.8938722644116,2.1768954424709754,0.6141650026343703,2.2272069499954426
77,28,125.27379322752066,65.47684810341181,2.894404205649456,0.5675365719174854,2.31744138394622
77,29,65.0585526135855,22.452925252515335,1.9085811609980161,0.7422800333636039,2.3770265369479877
77,30,96.37601448881786,38.7481219815591,4.03906500984014,0.8313851251575741,3.1444077710782543
77,31,96.5874633351643,40.885529130730696,2.534976623125841,0.5860988419077318,2.2619476775244816
78,0,38.0998929647058,10.85436630582006,6.080395836242825,0.9894972136103508,3.521582455426876
78,1,81.37249742675945,44.44628017751046,2.73155122230505,0.5582122657473083,2.2446121191407884
78,2,50.63300209708543,32.819046610129334,1.551282524492402,0.4104338112474457,1.8131020233640398
78,3,50.0483104938345,25.171788554702303,1.9079986817318995,0.28373750614185145,1.6082908452073923
78,4,45.058644570461865,16.24688419633576,2.0861669993651515,0.5353301399982775,2.055043443703082
78,5,66.4134522840673,26.52929283802526,2.5017664147754783,0.6032799718706938,2.294491361983393
78,6,79.64513179117644,25.33088213795923,2.6338285660360246,0.5146423621592295,2.158868465056284
78,7,69.29159740242206,17.72560786992397,3.596447144193862,0.631320112451093,2.4572977321568
78,8,60.178998731600586,16.468554956885875,4.502204323553867,0.9587290897716976,3.5289994122716806
78,9,48.72629131059352,7.535829699646731,4.895288473759826,1.077720375802489,4.160885944793898
78,10,72.52364105943374,22.090965117801964,4.26099328676522,1.1555850372870697,4.3398439492518355
78,11,41.205458979643424,5.069782797734586,5.420630052441359,1.09888496750935,4.2197224600234655
78,12,58.0507534484441,12.573928741451663,4.900437287601343,0.653675642003753,2.695898408742009
78,13,52.98223613548847,6.432406470330186,5.608217661193892,1.125054384614847,4.337632344706244
78,14,54.37781960985276,13.301086287493447,5.397079619898229,1.1920741703457436,4.731471317095572
78,15,52.696919129011945,8.703834251333705,4.557168641586378,1.0263848540924911,4.020385851620563
78,16,62.037449634062284,12.153247973096985,3.9966764404675885,1.2245571153881727,4.460845562653469
78,17,63.08358488634117,12.42549154087145,4.4870074804712425,1.175029949859577,4.263229348664572
78,18,52.60784705735711,9.964190018811802,3.2874302532219675,0.7708513263496606,2.747327859554501
78,19,83.03507405584628,33.8641543211362,3.1432988280767473,0.8258044342802444,2.8772087424693162
78,20,63.25442347070448,10.65610591108231,3.8073228862607658,0.9445041042751661,3.3479296040831867
78,21,69.10484002583448,18.312938709233936,3.097249112753955,0.8057282196116677,2.8846923247676486
78,22,63.891668004768604,19.401574776165877,2.8239287969364004,0.5491690154540283,2.2343017583895293
78,23,46.641384803561536,14.249987636304514,2.3503065335018656,0.44830609577359226,1.9381066088311742
78,24,64.62723570599213,22.890036670747094,2.467838200404965,0.685327349880799,2.4191197786131817
78,25,83.13690116234922,43.31790573906744,1.93993248999351,0.5095363548165821,2.0380026029861202
78,26,68.65215333070935,27.125442296179397,2.7976277399623233,0.7202148958570493,2.6343798984861304
78,27,40.196684430901385,3.9332235760941616,2.2701674703412174,0.5396502379071375,2.0656030761221795
78,28,85.316608142104,41.737260029666466,3.0415303561397407,0.683305043513549,2.6621004224891816
78,29,53.662390401214644,12.585896908383045,1.933164328367211,0.4803697860367435,1.9606930654888874
78,30,53.8524426009824,13.999386267961093,3.7943528217284874,0.7528494048174914,2.9302406643271466
78,31,57.97650627748986,7.4119830737308465,2.7368369067177887,0.6679728400339839,2.507725873989442
79,0,14.58963014441432,0.0,5.99699520394295,0.976015580079876,3.5377800230990037
79,1,79.83087824442836,41.805960620377306,2.2193821687443087,0.3958819653269732,1.8607996815832137
79,2,35.82533537766466,16.650414219441842,1.25747732596659,0.24238644646448448,1.4862372179306866
79,3,44.63466218638321,20.503427500307517,1.770552865434341,0.2692471337521023,1.5697437597826362
79,4,37.27337025364114,8.560896690480464,2.2841029756784326,0.4341563371363977,1.938381424006476
79,5,59.41331202098375,18.488311699535444,1.9000514797431942,0.39869064744199334,1.820877707633777
79,6,56.89506031400083,9.681373030957985,2.6363180754071873,0.4059830721849731,1.9299755611957585
79,7,55.28821856535167,12.288852595418781,3.6346120744886505,0.6718919256200664,2.5601525151420086
79,8,67.59990086061602,20.565888343631848,4.327453889734786,0.899896971958726,3.2043706434612718
79,9,63.222625850883,17.086840135193654,4.987369735238945,0.9453249310825846,3.6600559924454816
79,10,56.056610889239685,6.827499436900899,4.296771268318138,0.9791774473829609,3.6764744554969226
79,11,50.059530329884396,15.766377937914385,5.243871243804194,1.0819163629382498,3.9969626281360835
79,12,71.27441018065826,22.555842341645576,4.4829898923664135,0.61368262775221,2.4549567366978047
79,13,58.78959999152318,8.01591804432752,4.972610734899465,0.9766123160353892,3.7126190115801982
79,14,76.23374016757339,24.61352250776717,4.627224560446787,1.0225103625244545,3.8885265001152183
79,15,78.05771680050421,27.61818635774214,4.522263301864272,0.88324130928474,3.451472629232051
79,16,118.79627787703697,54.637649603287315,3.2462112832996803,0.8359683405721396,3.0030434972643447
79,17,74.86746259134831,18.768519396479775,3.8654570495027487,0.9410375724028146,3.2322350359893566
79,18,56.37838096912962,13.09102315686394,3.2045480663399113,0.7263587878234286,2.6174565794267224
79,19,91.89230057057578,42.145340612359206,2.348624380796774,0.524747273613174,2.06563664624153
79,20,48.77581581765632,8.14889139034761,3.3595678928511865,0.9074409994893595,3.1219481473394968
79,21,64.59397353377572,16.245080313528135,2.6937611286705074,0.5255400983253145,2.190656010364566
79,22,68.06943385164946,20.09420719802544,2.5016004956568225,0.5169342092322737,2.083909010146348
79,23,65.11426001582007,28.062105673201756,2.282637718896164,0.3318650027259844,1.7327372338601255
79,24,87.80863976884459,49.366204183310565,2.0624586501681192,0.5348712511902174,2.0444145677729395
79,25,50.05128318206438,24.400809727390254,1.6478788716568782,0.47996605665699565,1.9092513698457225
79,26,89.18413275349936,39.619652868781394,2.4136817862481554,0.48193785747238804,2.0438315665765643
79,27,65.6115868455868,23.60851342284544,2.232267721811487,0.4819140121476648,1.9433128412782104
79,28,79.86046028801917,32.7204683379766,2.7418297789174613,0.4052809104421806,1.9445837412062723
79,29,45.38982444817176,13.847187950412392,1.861717173694676,0.4880847892850686,1.9137992032133009
79,30,71.79033676017264,22.43971111650629,3.4799129881741107,0.6699479274573936,2.5550548743521198
79,31,62.91407447454735,16.67809617772238,2.7820423992466683,0.5586005594985815,2.2522359334231354
80,0,22.061908524071793,2.6610545198282836,6.012229120690845,1.0163805844962823,3.5418457590839063
80,1,52.0863014163368,21.493289949164264,2.1778650952732406,0.4754010888805458,1.9591674383584219
80,2,38.708648309963486,17.680510166013146,1.1936052712167462,0.28142574325613623,1.538858943727164
80,3,39.708472410778086,20.872143774786668,1.5481012099503162,0.18491527683452635,1.4006388744156977
80,4,47.482730998914406,17.01802067095067,1.9408612924411308,0.4248796543926052,1.8050649220962127
80,5,52.767654998581406,16.622525422348225,1.9738576808831643,0.5410159166397319,2.061544274694479
80,6,53.49228890645178,11.81244099538877,2.3236807062163667,0.4266104854511781,1.926701276891277
80,7,48.167545500854864,9.34908768667665,3.26937614626542,0.6642434267079147,2.4413269878160553
80,8,38.33629113094068,0.9322282341558696,4.086354714254526,0.9140537096495303,3.1586650005856
80,9,35.78651181072365,0.6624503870701328,4.8674707852143495,0.9198247869572889,3.5571470576088533
80,10,43.07612777250027,3.8224230953254477,3.8438166699679606,1.1577847310939475,4.063582190852469
80,11,34.28036041487145,4.582659102290554,5.269598276572848,1.1002931550072965,4.074963796191305
80,12,41.292482652769806,3.5170771606751807,4.256121926264075,0.619066799440751,2.4533763430273368
80,13,34.875121839429035,0.9404600989417609,4.598989826705932,0.9582394584218772,3.5854042747663644
80,14,52.25115780113023,10.324261572253672,4.144030925281205,0.9534304527193225,3.4997742432437304
80,15,56.79447371325881,9.66016170254969,3.9406847986925877,1.0288652944283063,3.696253167190948
80,16,51.14602958174458,5.291372617236714,3.307913010799296,0.906697115103734,3.2127863729362973
80,17,37.8580386418127,5.235926841235173,3.823929269828465,0.9281902217539351,3.226356953003007
80,18,42.25907521327906,2.9038198146515164,2.827239310542394,0.5708137289988935,2.2369345890893877
80,19,28.15797636268381,1.8501118102217171,2.077967173101569,0.5538520951337929,2.0660823889399027
80,20,40.011637453728454,3.978986267379285,2.9044168256241063,0.7004469771676232,2.5593049946160917
80,21,52.08495125713746,9.122330248769495,1.9739976662494527,0.4730991329945722,1.9848085813059257
80,22,47.09509991191955,12.622132673078527,2.4534436902825325,0.5213685617264217,2.1287993072709708
80,23,55.888342094747884,18.103919826125342,2.169362389563198,0.38860003457457903,1.8256408265533919
80,24,49.145087964597266,15.587736298855095,1.919559654469453,0.5673602464283694,2.0843467873164796
80,25,44.25398487352217,13.01413662946102,1.770544101232834,0.5298204108521938,2.0466088744893245
80,26,44.994954739793556,4.657991671689765,2.257056504236953,0.4894313744820491,2.0324710405939648
80,27,23.95707634754191,3.038131699881633,2.1577971541569214,0.5649400932789206,2.1003748915858163
80,28,61.80220719030486,16.11697386384544,2.7777471869793153,0.49419775668186716,2.1605334372923863
80,29,44.88487734747862,12.69102026281382,1.80283118244621,0.48688870461873845,1.9409183283932459
80,30,42.82751072456668,5.989086573444105,3.174615854430158,0.6447337660443724,2.4869421332262514
80,31,49.98445870244255,12.589343750781435,2.612451102482245,0.6470333863279532,2.425310606312675
81,0,16.52718823821693,0.8562412812025407,5.983907969640851,1.04012258629528,3.6183147612246698
81,1,52.501667422122836,25.047166165104265,2.0234102826408007,0.41407063920816967,1.8608229030159764
81,2,21.023088399373847,6.830511315716311,1.2158595676894812,0.2788318823001208,1.5490171045855994
81,3,32.21337831098502,12.17311113176772,1.6969444711511976,0.24684640067186536,1.5049267275100449
81,4,17.97710423731538,0.7332877228906718,1.9557879081493599,0.4360868233645532,1.840177568528467
81,5,74.25354801137381,30.59671744061523,2.8969382695235772,0.711892067207395,2.5860581463604038
81,6,54.67809182241118,15.838110009990682,2.7660581392388233,0.5361825283846606,2.2404253889530925
81,7,54.86098897895292,11.407219595016691,3.507199426406042,0.7036186443629298,2.6291930845159883
81,8,48.000215192014075,4.060352495923128,4.176137142628479,1.021854552477988,3.596542186009024
81,9,62.65997272027949,14.405253957959998,5.089798017862167,1.1870658906954263,4.518314431505171
81,10,98.18209869998344,44.79777645372991,4.249139289932661,1.3445186265245015,5.049402126313633
81,11,57.05066934518772,14.197725660147771,5.201359894585744,1.0022797938017884,3.8744164545856714
81,12,87.01289218042979,31.683901664229673,4.5583129308762675,0.6625545003772322,2.6932634218474423
81,13,77.20159347403178,27.404366288195263,5.42144138822921,1.2282020861779426,4.743746848317085
81,14,103.00782307630558,45.670569072072006,5.016834305414362,1.223023580677074,4.787833752065028
81,15,117.21392355702605,57.91785006392442,4.484029761189409,1.0737572463888503,4.163708577183271
81,16,137.11752995216298,61.732369251517554,4.2361192800153935,1.2679624587693752,4.740219909845046
81,17,109.13046980287075,45.38352753227518,4.701011245379393,1.1964239506025969,4.467791079048325
81,18,101.53550364066922,41.56585639988885,3.0630332972087797,0.7346793812403813,2.6420234189935403
81,19,102.59284075469473,57.32110309666201,2.6747620235364553,0.7561250184531598,2.6330041955516696
81,20,79.94829485945269,23.047014742301055,3.5057800192556554,0.8446224239945606,3.066540260928439
81,21,68.84342906607279,21.660156998484673,2.5532897473900236,0.5895142182770337,2.339977029820223
81,22,101.85083488814922,47.96358294683333,2.807687834910576,0.6335493436009361,2.3922693161814235
81,23,56.79791797450659,15.628706029541831,2.3712989701729117,0.46378522940338973,1.961529922307803
81,24,93.1068773549146,51.76683508348384,2.4764221103966717,0.6630527442206251,2.3635930402558643
81,25,72.66877131751669,35.37331933016742,1.7272418293970015,0.48279564059472246,1.9318636884041192
81,26,105.85819008131455,53.705951431750364,3.0117040276460827,0.8815002151608735,3.0685704628634785
81,27,74.07577040790625,30.021172864834778,2.5202020789198456,0.5880904472938804,2.2090420473001022
81,28,79.49456134168418,31.10534513484386,2.9928092408802645,0.8362229282615976,2.964667590338303
81,29,61.433353026398464,22.595599498532046,2.112143102032589,0.6214397357841293,2.257484299806643
81,30,94.39306449208613,37.59448567771706,3.8899258500470113,1.010059979871091,3.699605138654653
81,31,77.48565809403395,30.653686801709444,2.68587645457231,0.8025097654849227,2.8373572533484883
82,0,79.85817722784847,50.775128177841665,5.8127203286396005,1.416942286790107,5.306620585097884
82,1,125.9136380142771,88.91289632246962,2.7341392963277853,0.6414759429199961,2.386822309849434
82,2,54.92694791015425,32.97363272305305,1.4650904776704277,0.3064927655557226,1.6557691695217305
82,3,98.8974533409108,69.33850791294586,2.1203875941653,0.40368006901292697,1.852462975345841
82,4,99.19381843803096,58.69817374220219,3.0734836107473846,0.5871986253383206,2.317700116659398
82,5,82.01569093692594,38.44584330113466,3.4054660214936052,0.8426473871432569,3.002880373643869
82,6,124.69947038553344,64.06313892039483,3.8912174053063158,0.6908961356036887,2.7713691376973437
82,7,83.49654950082748,31.248831652228382,3.9624369551013707,0.8253347350966607,3.1046074036364737
82,8,86.12305433580147,29.38327691462692,4.731347391651482,1.1416903538108265,4.189639193224779
82,9,66.44573170819542,17.901829367657704,5.274824843348678,1.1944715652847542,4.569389727275322
82,10,86.86408384904064,31.58565232604714,4.826520682835227,1.1179416188650046,4.423580523863672
82,11,66.3098432993409,24.486130227247134,5.3726555684828,1.0550896562941796,4.057291803806927
82,12,76.64337731623718,24.31336618672989,5.08405921747937,0.7695836018724549,3.0617358378959154
82,13,69.12933860686687,17.648700785346158,5.654428600416129,1.1100414207201155,4.373970412124619
82,14,87.47283163233104,33.42996521668747,5.232231818096885,1.3193440096687343,5.157420114758381
82,15,95.09101806510992,40.151988939606404,4.147098006527255,1.0047572960695872,3.8385697393801705
82,16,156.06521117978005,89.76755724467407,3.640578481324452,0.9780156105623696,3.498867473249259
82,17,153.3678723461943,79.89898095791673,4.080960353138828,0.8319729519246746,3.1441813213708945
82,18,120.51139042446917,63.5638864334928,2.3430203984646027,0.5621986747432213,2.0936933054071667
82,19,100.57709897488552,57.48143472216057,2.981952612181028,0.5254870213525851,2.2125777148532064
82,20,149.98695332827475,88.46214424102777,2.6931096249337108,0.6954301359482136,2.5017021986447494
82,21,96.57289993870526,42.961254808654026,1.8400666379982384,0.4116668881243295,1.8283350264568738
82,22,92.16621789617015,38.37946444347252,2.413677139267216,0.6465191670177064,2.250033458843825
82,23,97.8215292372164,51.55456085382248,2.0853035533056925,0.37483072424887665,1.7737471352743657
82,24,70.28731239312803,29.286358353907552,2.480175836138761,0.532933788542783,2.140267631344611
82,25,57.96526983645984,30.404240807369533,1.7352624430222496,0.3412999288567127,1.71525238305063
82,26,103.23516876532207,55.26392504159571,2.7758623431687015,0.5865054611741414,2.318979705624223
82,27,57.62373788323653,26.66853195519098,2.1931423241122667,0.5138795542560315,2.0615691171840496
82,28,91.07212601253923,43.96428822432562,3.062077217536922,0.7197654145857788,2.6893171868144115
82,29,54.075261077809024,17.885398434322653,2.3559640909248127,0.6100385486081255,2.2356251484623764
82,30,76.28741273827288,26.667967802116163,3.6334461452629965,0.7158498068245747,2.755269551035503
82,31,106.77538705696293,49.16595713457647,2.3124362953736957,0.5366350700671041,2.1655819976369393
83,0,105.0264460372783,73.86536076746654,5.181778329975395,1.0832835343552398,3.656878977623177
83,1,72.40570727401912,40.847140358106955,2.2796850208577872,0.666914798343357,2.3422059341242765
83,2,52.584445019852,32.24482540193525,1.3136715349106698,0.3988274595874435,1.7619786235510702
83,3,55.414000065182876,31.67660882839984,1.781070052684726,0.37303952185683276,1.7424898788129382
83,4,65.21729132147863,31.856717430603723,3.021085418499189,0.5957751816689982,2.3017100496317466
83,5,75.73778926134808,29.24486020786597,3.0914395810185757,0.9040126531242665,3.041216301625295
83,6,76.48201847817731,22.133936297888724,3.760101557262793,0.6868618820582588,2.6912767450675217
83,7,83.49711114107333,30.80393752139546,4.368509108184704,0.7843029963905908,2.9401541771260877
83,8,71.14693068029123,19.35038323795614,4.687795676081588,0.8565439491752098,3.1235756330205064
83,9,80.68824303573277,30.847537873660876,4.627225390451558,0.8329822876098545,3.2088469791401604
83,10,91.23434667511177,35.53943631476797,4.227482103616154,0.7788525571798486,3.0588968658192166
83,11,62.84236205449164,19.718636147436712,5.1647259006048785,0.8330939360543059,3.273527314071336
83,12,54.07048977870651,9.169165495551901,5.106716334628526,0.649087076197854,2.702377788904684
83,13,72.22130089626484,24.606394245753016,5.6077336292113,1.0205787886216342,3.977701145144799
83,14,63.95919266703747,17.987398970288464,5.03607646643825,1.2432066926590224,4.856054509494919
83,15,52.334257231280986,13.981009403998668,4.156133579717396,1.0001446158835812,3.7849716236135222
83,16,71.02599671729124,19.370698851629005,3.9286253827130055,1.0664552366526463,3.8125880722299437
83,17,55.10859045858832,12.259326212560385,4.209491294649233,0.9475981638447735,3.473919959053776
83,18,50.92576045396524,15.198714537982843,2.562033883709281,0.4962234847201379,2.007883011753645
83,19,52.677287791739445,20.356706313690893,2.984834912026874,0.5972770329380688,2.3512405435607766
83,20,87.05691700807913,44.16726526910877,3.030727053799324,0.6257772773872641,2.398306629964972
83,21,34.079735480506855,2.960124750289146,2.2412155056166823,0.4933765365166698,2.0493212337589037
83,22,79.51785751999668,33.860754606264805,2.413319540580644,0.5584633099254726,2.16637787613364
83,23,39.73342110135629,15.037298314133835,1.7070116222574532,0.34193282460365815,1.679125217652527
83,24,78.80699520466924,35.78973740559718,1.9179080997616726,0.3611561688736111,1.7548427846175958
83,25,50.26426373274457,20.664916323317637,1.533614320541308,0.3239579310539755,1.6738034467737006
83,26,52.025376826979276,12.586628970700447,2.6437263007924794,0.5784604717993331,2.2692872441394196
83,27,47.8789745574076,17.837871879284428,2.358225566966195,0.6301751425730928,2.281200670624324
83,28,90.51171227508075,41.347536074150995,3.064767617525275,0.7030599841728451,2.64208901479733
83,29,56.24181244211738,18.52852351228593,2.269170021942572,0.5760163396916136,2.1849959338723433
83,30,58.389816867630344,10.847819999495014,3.89205679331142,0.8023755328678894,3.046732410971929
83,31,83.19052189667057,29.534942213970595,2.744588639669429,0.710694781729265,2.652597062996046
84,0,87.85328137269006,53.86858364403146,5.894728730321704,1.3342425167260314,4.875844212422245
84,1,32.37322870865712,3.6266791291906686,2.6378360917291093,0.6776560037348038,2.3816732771684817
84,2,58.31863284129735,38.84235434911191,1.6351138086581058,0.4214730718003956,1.8373937263935705
84,3,32.710441579561596,13.253896855119873,1.8060845295056802,0.3350170484450403,1.6712818997689025
84,4,53.08307776373507,21.05687012444143,3.350757419160189,0.560580569908292,2.2925066392927467
84,5,77.3249329209787,31.081780591520886,3.368054109322986,0.727758312222468,2.7356264108166783
84,6,73.65838690842895,21.475826030598135,3.7428181698222684,0.567937776753094,2.419008383915924
84,7,64.01674341699663,15.314558669722377,4.347719915931254,0.7190751328793734,2.8279822909784524
84,8,54.18489499297361,8.440762053055773,4.634299927753094,0.9300872422095052,3.284506774250006
84,9,56.80189760198869,11.148834513039748,4.827116941975534,1.084862234521112,3.971376392761688
84,10,98.37347395600924,42.038484864114835,4.883447793509368,1.1966196374904499,4.568292655101927
84,11,76.59449661055979,28.197820871386902,5.172055311016078,0.8193859606873071,3.222658243350052
84,12,47.87508661380739,7.763109200290499,5.065848522341673,0.6062708020657981,2.5629340632973023
84,13,68.93788193851734,20.354953047709795,6.035530787679209,0.9114914486537655,3.5999196976859764
84,14,64.1096731610992,14.97828358551893,5.508878443534416,1.137584148784459,4.4737418772905615
84,15,116.09648972263254,57.58345852180843,4.681025252694085,1.0753288569338393,4.13099027930868
84,16,107.68753488670654,44.526676122659154,4.5243770739673455,1.1551796089152182,4.080784927440061
84,17,99.71755252498099,43.519416373476986,4.557180668235934,1.1210990911094632,3.9774405478076464
84,18,80.97170175931755,24.96794993074871,3.8190822075667583,0.7709655081074409,2.793074999368207
84,19,91.75558532370563,48.281003218034684,3.1982030785024884,0.6495473944269463,2.393914640928806
84,20,73.35219076317745,33.4372391554296,3.679460127468774,0.8600091200110835,3.0149479126958445
84,21,118.02509483503874,69.895590858193,3.2089533785973883,0.8328177756131838,2.9033295311510225
84,22,104.84263546237584,46.520071559740074,3.2939748655388588,0.7558562067683656,2.7436530505616137
84,23,69.98206493094774,38.1023778710144,2.4823192036674504,0.5668364726426214,2.116704898193017
84,24,56.650642736903876,18.20187989293452,2.02868390273367,0.4650126158890271,1.9185830608347212
84,25,58.00422405485006,22.741380579630004,1.6631764203199229,0.5295422705020574,1.998264325556291
84,26,87.12365165734616,40.298114166583545,2.779723737065817,0.6934884296867123,2.539403545234646
84,27,76.42255397477246,35.11070781994877,2.853877712711577,0.6349959337317257,2.3888891127019938
84,28,74.58572525737065,29.877304239065943,3.1865640429489064,0.749776481180279,2.6956569506576886
84,29,47.63609924501874,15.25813656274593,1.8640991127997188,0.45684731166837667,1.841334227506111
84,30,70.24004599125917,26.715956672080214,3.8373726077164294,0.9850067850779087,3.4757880974276243
84,31,100.33972590468238,40.49294921250375,2.669511971774118,0.745135033905469,2.6337527767264604
85,0,74.41557501410938,39.57913368027016,5.878861489589186,0.9700514939658795,3.4866375518981934
85,1,66.55237238850104,32.57458412334687,2.3632505319938497,0.5560386938750259,2.097997596560917
85,2,54.05504521017077,34.77380072422238,1.3734746958413608,0.39047865350136357,1.7083322781385648
85,3,52.69523810738539,28.758309328976544,1.3254914602848524,0.18529703931455122,1.3843979947997231
85,4,82.40176170602567,42.23626963456528,2.4821269958511047,0.51758731457313,2.0112855720197365
85,5,68.0954716923081,25.090760401565575,3.152987468095187,0.9244669569495585,2.996209694565643
85,6,78.11049443185867,26.450084650752355,3.547167457129956,0.9303451869242414,3.1186686364517393
85,7,55.28274705315497,13.54022475409362,4.123362018449718,0.8419339579788838,3.040843974426299
85,8,44.307593467763866,3.837050086749783,4.468151488430545,1.0416562162169205,3.6117694312903845
85,9,38.85569312952006,7.636324567762337,4.84788744018905,1.1668075272124394,4.2660202616518275
85,10,57.0863369261478,15.091644926415146,4.548684278380995,1.2684819369401055,4.745706516235045
85,11,48.767039877848156,10.778934700197793,5.130671657838441,0.8969842018795777,3.4836439520288236
85,12,45.89483756817337,8.13199881680477,4.7807481080698695,0.5693634509419789,2.437271778983146
85,13,52.9130351630998,8.680232870628616,5.484923875806298,1.098529042056481,4.154246763669271
85,14,85.54520774211201,26.888120336212587,4.630625543044823,1.2325730424496895,4.655982105505757
85,15,90.81555370132918,35.60526797051004,4.124972691646655,1.0981968457998894,3.976206001294033
85,16,97.45106075972262,33.6913967387704,3.618829708201414,0.9969749708673632,3.416606298602004
85,17,73.04658655269758,20.44831124922456,3.8629969641564426,0.8249535473890273,2.996202643806851
85,18,59.53726818858811,16.060230471180688,2.6866232619891637,0.7292164778052994,2.489712939120377
85,19,58.269467580295455,20.523950162568653,2.0861053994832917,0.6226519302137761,2.1468762857671497
85,20,70.22094963681948,22.7593941432284,2.6154227059005057,0.6088277130210846,2.2924010746273042
85,21,91.78520322523474,48.2122514932123,2.1693753262007203,0.5077441578017599,2.0684080802704536
85,22,79.33259286933566,34.20721610613377,1.837203552829454,0.2682444101244261,1.586716338209788
85,23,67.02750569343331,27.750627778197842,1.2173206785070443,0.16530097508436148,1.3432869556088083
85,24,45.085603148287305,15.50009872230469,1.1309939508955271,0.2678823075917598,1.4902349620439352
85,25,56.74991051927252,26.43000325073816,1.137011157719172,0.23368463942893491,1.4632798325505005
85,26,99.3372060813711,46.790824677534516,1.879460877649937,0.5057944582782317,1.9689517168835182
85,27,64.63682226753758,26.382870702004325,1.8117147310944364,0.4436340697433354,1.8291788242115248
85,28,114.95429540249222,56.20229598798964,2.254846871632388,0.3759162846310127,1.8313393370347495
85,29,72.78668791583182,33.94844783355639,1.6370158531352654,0.40895492350986995,1.7733874598947208
85,30,132.1931381815866,71.76165379452215,2.726134724176423,0.40305485874465274,1.9230446374228534
85,31,113.41277661303369,52.51303645210325,2.1032451359673714,0.5091048765653912,2.048445103070391
86,0,29.71714549467418,7.5536786663974524,5.641291380842405,1.020598447956596,3.4347783124320266
86,1,61.29877679968216,33.17119237059572,1.7327621568354206,0.33458363132650004,1.6714092590771692
86,2,22.37119801944999,8.79476243166411,1.3685950738968256,0.30606283514480026,1.5867895846891649
86,3,28.33846915776329,6.968887343947657,1.5953118101121677,0.25333148801453476,1.4957706354213163
86,4,43.79446137357609,11.276555638593157,1.8702436805563885,0.39815834557062724,1.7436043692570136
86,5,55.3458710541356,13.672116388376349,2.5221190144445647,0.6533463957211305,2.3665972026257966
86,6,76.43731611482602,25.590855212099157,2.8020402774094215,0.5068948059417968,2.1368181831021835
86,7,69.05672843644675,18.75416601709762,3.5720743220048363,0.6400618107668143,2.483375288255723
86,8,70.58820660322317,22.212891918846097,4.316469853118967,0.8504217017909923,3.0337184273825213
86,9,67.0329743361479,19.780300411096597,4.9026219962184125,0.9456927106867443,3.5681541098169554
86,10,60.126396136209536,10.058805168984524,4.248634556397182,1.1199102508099195,4.218451769217404
86,11,64.70117418027985,18.316361955443032,4.999671148467153,0.886271255358535,3.4050951374483134
86,12,43.435917242425674,11.491138685497612,4.671286019098247,0.607652230036515,2.4840141646345804
86,13,59.12590228599525,8.634561742545461,5.164901757686291,1.0723533216337806,4.009866430557557
86,14,66.1110184644116,15.949235735400158,4.5696160316245376,1.028814338163139,3.8374539924481033
86,15,56.74579737937157,16.139780720527938,4.06759869297152,1.0215507715124525,3.692404762909691
86,16,45.6070557182446,5.85431628484073,3.570674130973552,1.0656969433503662,3.6511543833877544
86,17,51.150056819052566,8.133498997073788,4.002605218764802,0.8851327476608262,3.17207230290699
86,18,45.45828516939014,10.915808569239069,3.043698988407177,0.6711984692040756,2.491089029186711
86,19,49.52370163420755,14.380636689228705,2.476423936154374,0.5845891255015752,2.2108619783983845
86,20,58.96175883078787,16.368343783815057,3.2366639896061957,0.9811351812536357,3.3251813073904106
86,21,49.874884557087384,11.248997630563956,2.708471076945287,0.6645946517380574,2.4763787530440364
86,22,50.24596928770502,12.736285384654144,2.6110725350661603,0.5775531815051389,2.247425012016846
86,23,37.01850352519969,11.430745831264199,1.7937298814290183,0.32843678080285543,1.6693788688562456
86,24,42.056969413405625,13.192799919497041,1.7709737999498247,0.36799561870477326,1.7543892218145725
86,25,32.27167980893159,9.878219908004521,1.3254611572845083,0.34172593575062504,1.666716613271687
86,26,54.744138230651075,21.454470737754818,1.9521045151589447,0.4409739837010709,1.9055817971764897
86,27,41.681681430924314,10.461350380608632,2.1764758828546764,0.5477783542974026,2.059165794658745
86,28,75.62618929664828,30.02448038587758,2.8045388545454073,0.4572252020055787,2.0524608264484066
86,29,50.496917194797774,17.871053444030657,1.8364457756169184,0.3427856446972981,1.6998286438993329
86,30,87.28077660505672,33.78050671621618,3.5623753415041133,0.6438844961388641,2.5793889642719403
86,31,117.17569266702418,57.582978401034865,2.798417911353436,0.6355785741204087,2.401667992311505
87,0,48.21796013181172,20.758747547521146,5.771600236999645,1.061581702603731,3.7494663898618654
87,1,65.29975995067656,26.41629987645317,2.129885001162905,0.3863552941842632,1.796262727602031
87,2,33.6833911013608,15.43717996700861,1.3110166740885567,0.34565975201867816,1.661295946207901
87,3,34.41610100620185,12.189310034432138,1.3371988757016782,0.17147736707813444,1.3700036113268845
87,4,38.66343831259775,9.649052298364419,2.3209698729945814,0.45096854134388664,1.8937287050270777
87,5,44.26502227801942,14.808288452686378,2.534505054566412,0.5841816889894522,2.2471297326520197
87,6,56.658871383138475,13.205273998932048,2.964134176053724,0.5158824669680353,2.1805650257669953
87,7,52.29411590088698,14.453705931978725,3.776779976954616,0.6483087721051071,2.528599446727463
87,8,61.063188369685875,12.089318117541065,4.726452612910489,0.934619623642198,3.402676338796865
87,9,38.15509661294856,7.717182753678871,4.642541062101799,0.8793092905890543,3.3852755299114867
87,10,46.26983609664076,10.747203510609303,4.300191092491854,1.0830383774999897,4.081233681582241
87,11,46.61883497175978,11.588124658480783,5.139390722271683,1.0590420483348115,3.956351601449873
87,12,53.591568634055974,11.432209782201362,4.495893658386762,0.6767856088109889,2.648157805092078
87,13,40.43130839064521,4.357907727998678,5.353033695917986,1.0131546262450168,3.8791988767698147
87,14,52.13056182566148,9.706631884420156,4.804041790566666,1.0390649349342471,3.873799426674408
87,15,71.78209241896636,20.867815070703347,4.411836514666536,1.0655792852426575,4.0307327492391405
87,16,53.128724297005206,13.198363304554823,3.461710636200152,1.053590250573536,3.612569375654565
87,17,50.68480067146079,8.882985999020141,3.781166786538078,0.9962760960917825,3.469618276197177
87,18,46.034968005621394,6.861272885116932,2.9828425294464687,0.7704887465499857,2.639748886698098
87,19,30.053798552138574,2.6196541724294966,2.5256297506108334,0.5976228661855822,2.2377772096586948
87,20,43.48392620155761,6.236494739373791,2.9014264938169037,0.8625684980271773,2.9824855166101933
87,21,51.56524299519709,15.286682880109042,2.71121060557219,0.803034696928651,2.795783525226299
87,22,42.745669238196754,6.1321113213550555,2.534289685607088,0.7542520584825052,2.635271090608546
87,23,27.963434401097256,5.419763883743746,1.6419029439893014,0.36518331147188343,1.7058285158234399
87,24,22.398979064199317,1.2638491640288065,1.5322151201860716,0.36197719126731376,1.6980966266380577
87,25,32.10412608515719,13.323432805309082,1.283441714022568,0.3999107672954354,1.7612889268049146
87,26,26.61295861146812,1.4892946297235659,1.874828740881369,0.5004402000078234,2.004406604583955
87,27,26.587203193236398,4.951532161280907,2.0330052052701912,0.5583553324407955,2.084042405910959
87,28,67.77708999601299,26.644223551714035,2.505032418193696,0.6418177335329847,2.3652269405682618
87,29,41.16812471780236,8.862962572050721,1.484566168048204,0.3896030713885612,1.7201190890606395
87,30,62.77382532834911,20.58635309734774,2.9751137872586657,0.66411335791621,2.5452007302850905
87,31,107.56228422176137,52.612702844305005,2.7894530908575343,0.665042719818139,2.4860479002002642
88,0,44.87796284467153,17.61311008682418,6.01723518718006,0.9428229071575869,3.3618839387196537
88,1,53.178081867199,18.890403713542874,2.075780029148131,0.4321256845836938,1.8812420696450662
88,2,31.882851266408274,12.528963274902038,1.173608608504137,0.2531143244598928,1.486111360886882
88,3,36.39889981095587,15.577208799165449,1.7004914110861882,0.21919929288306705,1.4483657386495765
88,4,43.02997303888157,11.462664226873663,1.8691635243203284,0.40938899157924924,1.7729226495631725
88,5,46.282186453672956,13.170886004386483,2.318648358136292,0.5931616945479576,2.218697990307358
88,6,51.72447927782712,12.054717598349958,2.684027921959306,0.5232922369092265,2.186521494195125
88,7,59.230799657739915,17.448197919634765,3.3380169134548905,0.6363550452114528,2.435738476636184
88,8,55.165969646093444,12.391913984832442,4.220173380955008,0.9217450264478,3.294881112202663
88,9,49.1469246263352,12.650059798354363,5.074691868712971,1.0771647260068846,4.126009677079295
88,10,49.898081795822115,12.036325812071183,4.380197979038303,1.2000391442407157,4.47295257215707
88,11,54.35227942793269,15.027948399141648,4.970736914751965,1.0837658260397314,4.098780389242311
88,12,67.53874839655862,24.027953444736422,4.487226250967031,0.5879703559668883,2.429027415642791
88,13,45.25491067297115,7.408194277613815,5.263111767562748,0.9777908271295503,3.776636285545975
88,14,46.00451641736606,3.9435682795917826,4.681217363638768,1.0370259439435143,3.7722709708960993
88,15,84.3991032619032,31.884022813564986,4.342120790471387,1.230043033131218,4.572240256593763
88,16,90.21892092292228,34.2511986292577,3.5508931528201644,1.097502325096778,3.8517261689604663
88,17,70.45627861505272,17.526245583943577,3.5941109321993006,1.1196278054046473,3.7339513695884268
88,18,52.63207618409815,19.022363494638718,2.6832241848239162,0.9013509262708403,2.8754296378524966
88,19,65.65093234943932,25.030907989249464,2.623246205023307,0.7910604952502607,2.69396284357169
88,20,64.22284554777524,14.282523853786271,3.27592937561938,1.1064859617976635,3.6345418189682137
88,21,64.30004813513654,24.159240728109673,3.1455170481262273,0.8525849175206686,2.963008295548207
88,22,82.04369926098204,30.195982608062497,2.9019699946028243,0.6394615400589183,2.471871801111864
88,23,82.9667623236121,45.260464423523956,1.9781952780703955,0.5202356646075073,2.0443983652741484
88,24,77.50403702630385,40.39060543654593,2.232073205856738,0.654350431994795,2.3728236654572665
88,25,57.21186331474633,28.237004858871757,1.8055353701147163,0.47846265020993983,1.9844753869617726
88,26,84.78237056821155,40.07303331932566,2.673582281400058,0.7146681342738521,2.608111348518952
88,27,57.510993890006546,20.36257560162096,2.3944766861724514,0.6330225916597536,2.276906027913895
88,28,94.52011986364366,46.695669781501465,2.9791627764041415,0.7224866130997323,2.7247352263341575
88,29,42.912087265508355,10.94602205406698,1.7002120940214498,0.5603969105199846,2.0337407031646766
88,30,73.61848396745472,26.54375520632104,3.8452590040618446,0.9391078413476235,3.5016190579382447
88,31,103.50911704627971,46.538680502095744,2.9946094270477026,0.805652988843998,2.8910758249126016
89,0,45.28798765713263,18.434333734048266,5.642185905858088,1.0338409466350562,3.681724211637922
89,1,64.2630476881298,29.881888867629414,1.9281585056752881,0.3767170860751987,1.7948529039778522
89,2,41.60289602486213,21.9274559965464,1.2471637350508216,0.3357176305081171,1.6390235401573032
89,3,46.49964318810201,22.968572742666453,1.107812844198075,0.14999678454539112,1.3235490114879145
89,4,55.42183590916346,22.86326780525868,1.7389517314745635,0.38307395963177693,1.7364404080190508
89,5,65.06629445318863,22.22049825229144,2.2777172193774358,0.6737630919316091,2.385936796681552
89,6,63.24563003652976,11.986303295322026,2.6940204515958857,0.5250934979156932,2.175492612236577
89,7,73.6242496445582,30.30987536331951,3.284925348654371,0.7011974497143632,2.5580664234120136
89,8,49.78046811154837,10.762265849038977,3.8655846930826256,0.9794239513213134,3.328356043014587
89,9,56.72503566735955,16.055285917478543,4.447793022131971,0.9031471565867415,3.4076555211782407
89,10,58.59294296772636,15.0617134508981,4.0914081305301,1.2407484003870195,4.623869313641347
89,11,68.50833116081168,30.761753560528007,4.748308421850412,1.0148882566684945,3.7317395209802617
89,12,69.32137870494998,22.281731854964853,4.2022900839529145,0.63239182180864,2.4890119351630546
89,13,40.10311580392006,6.995004513190696,5.037805441914257,1.1105512933038657,4.178286981000513
89,14,39.80935198850301,6.643450839878916,4.572352042123553,0.9713904186027458,3.676884875381692
89,15,57.46709296000124,17.38255280878633,4.23562412168147,1.1455101481704908,4.15610586422906
89,16,69.86060426769158,14.742636725170643,3.214556423880962,0.8560526900783549,3.0637645064875088
89,17,69.78670802555658,14.0132798758934,3.682458660414736,0.8598671177941108,3.072254771875128
89,18,54.28169931852865,16.572792912704706,3.345847882078369,0.7396205288232323,2.630263597527941
89,19,68.11589496088514,22.073697024828093,2.296699347826568,0.6023663688999461,2.178714979951326
89,20,55.86075523023389,19.293881511497652,3.3034438003835174,1.1482004288320447,3.768092051985784
89,21,55.70814695655548,15.805197239338199,3.0481646404497615,0.7671399873219551,2.789557177609279
89,22,66.5978886683127,16.781844736859924,2.640533656883867,0.6121404285434675,2.287912080359794
89,23,75.20494781254293,33.66921838417816,2.0241029393674412,0.37902377637588325,1.8073231758517356
89,24,67.16772864849236,29.19226035387778,1.8599057326994672,0.5452748880683402,2.0293898836608815
89,25,50.97776807574624,27.046336349594295,1.6399432989653642,0.5768413596353383,2.0887542498565868
89,26,65.50819535747453,24.158385493319827,2.5309400009756184,0.5998012748457788,2.286130433214043
89,27,46.519442851485096,13.401733376031977,2.4024537165256024,0.6616648370074878,2.3010798561967793
89,28,77.17425392835904,27.595056372944693,3.123808899405349,0.5064886016971726,2.199625566010192
89,29,38.25046224007751,6.892842996663225,1.9831240897134221,0.5890788047559625,2.101394790912578
89,30,55.94127622977964,13.518728650231608,3.9126857816902705,0.8096178205546369,3.0162658154742745
89,31,78.99522704822326,22.975124993510146,2.902811776922693,0.6067200471509935,2.379576403824613
90,0,36.282443994294304,15.343378326663146,5.879917439811406,0.9804800362697668,3.5054113305466563
90,1,57.686654058339,23.115478970900913,2.0554667715193804,0.4699961399054007,1.9306090273290817
90,2,35.26476663108926,16.73405755687597,1.153118214495234,0.32962821448453283,1.6082523754573421
90,3,44.622442728337624,20.98443573897248,1.5717021816070496,0.22574701925285345,1.4811438725846757
90,4,49.230863551927534,18.19294958701626,1.8196918710877954,0.4529381142875213,1.8209990899571271
90,5,53.10547173581645,13.945542297365838,1.806070966064914,0.5154953694737792,1.9909742976603313
90,6,46.57170941754724,8.554848333364669,2.744825008937309,0.5014714869291481,2.141056872759585
90,7,64.55730218987321,20.548841440843795,3.4299955319381388,0.6792816809756239,2.513748127146429
90,8,48.99661466947094,9.213657056452368,3.776311750180591,0.953278996364622,3.1884841840254916
90,9,53.63164219687132,18.08703182441584,4.197755459457811,0.870499618971448,3.2889071747012184
90,10,57.9264947368059,15.97523032095251,3.7595724179328824,1.2438673142467342,4.366437287316926
90,11,43.52925994219354,8.176014977228121,4.561005022856492,1.0131537115440885,3.640442047232133
90,12,54.99750687012708,16.67563502820442,3.8881113449068443,0.5852337831814469,2.3130913682308147
90,13,48.40924440894744,8.427998455967405,4.561541206816981,0.9379967645770151,3.4757314266724464
90,14,68.73116793499727,17.082722939214484,3.852282263524696,1.0429279238184623,3.615263288216458
90,15,75.58826043269113,28.481222279426106,4.040593552951462,1.1880475610541712,4.144679135144364
90,16,58.87633029965131,14.702827450665069,3.379199746559113,1.0189449940126636,3.5124118432249176
90,17,51.92667924131712,12.565861122465401,3.6398077282965815,0.8176127085767755,2.8885506552027604
90,18,66.5666156607513,25.160868376428812,2.5198870371556774,0.603326168585554,2.199136767653974
90,19,43.716289729529876,9.135464236748891,2.127142327440205,0.575144086092946,2.104734510106957
90,20,75.75422360148961,28.456540316669315,2.625712075803429,0.7673124291486357,2.6521308551122185
90,21,65.96831352838112,22.662655927558852,2.232083605739917,0.512347438120397,2.0828057794121597
90,22,43.93173990715028,9.323574159875122,2.0713155333211217,0.44973840287134204,1.9427265595279697
90,23,31.681221817982717,5.500830549986228,1.7710674019634267,0.32184977549404636,1.6525850827638138
90,24,46.417697111789394,18.412295108626566,1.6319982520727274,0.5868850960593228,2.027105900842925
90,25,52.293983518614404,24.79084752330497,1.5260735708122384,0.45197845827494976,1.8823105750721296
90,26,62.64505906213417,19.05701592968662,1.8868244903160942,0.5140839877893169,1.9767170149701245
90,27,39.709229426533405,9.174009904693389,2.0298608007943915,0.6367728263721282,2.1975911172245337
90,28,66.38588399795509,24.33531433146476,2.3760746984796377,0.44666571094287466,1.9710642335993456
90,29,42.130892886788565,13.46464141497022,1.6911509337097939,0.5462884554804428,2.0017835561743023
90,30,64.75835996032919,21.11892880831501,3.1275618906001186,0.6545515523447789,2.444220584094756
90,31,72.59056580967372,23.20727578833642,2.410434325721348,0.6279735990557316,2.3361584516056806
91,0,21.45820272963396,2.115113054418435,5.504085190979479,1.0228603574070112,3.5306532350814486
91,1,51.36372974866733,21.54244031178443,1.8524457745509684,0.3732481038956401,1.748593736587383
91,2,28.25773961661735,11.53666383045088,1.0131857985965451,0.29307637776406037,1.52712641595326
91,3,30.85934671297789,10.207812474586735,1.4510853292589063,0.22066784535408557,1.4620666333199113
91,4,23.435871129994084,5.328159817278565,1.6834517841818486,0.4359659254296271,1.7829251460074826
91,5,41.949882808409015,11.003747385600182,2.1015898235513615,0.5771913677079543,2.1819672518555655
91,6,60.89959409799935,18.445754143859396,1.9547465128736505,0.3890303834458402,1.8368998601348738
91,7,41.72804436640563,4.772669482196152,3.0816520516882107,0.6277634369296305,2.377586203425801
91,8,44.62772743446752,11.894302500138599,3.663774188903334,0.9848421488917651,3.3263376832400913
91,9,36.634376337184506,9.362965852869676,4.5643434392903615,0.9017206918898824,3.491628115435277
91,10,57.726035067116825,15.47508981593307,3.548682721801952,1.186882148769227,4.195740617155383
91,11,34.79730401966342,5.208649930879423,4.472579029639025,0.9505436912684608,3.5240586858757372
91,12,39.053153768845455,3.7591287428295646,3.736964404307596,0.5870409032260708,2.3218966047525624
91,13,42.211830193591794,8.856768239290425,4.483045046200386,0.9978275299100172,3.6797350339998807
91,14,52.27844865065501,13.7037342018635,3.7490406366868863,0.9051808837609387,3.2239023691489743
91,15,80.88980562253194,34.665262328116825,3.5270233756150704,1.1465270930486229,4.097741576665123
91,16,60.81723124114481,11.880882937634729,3.02952863333568,1.0221606018588218,3.4787880439078895
91,17,78.92003340383503,28.31877608350198,3.1360108531288864,0.775657473408288,2.796477531205074
91,18,59.88901403559113,20.74065596208036,2.315820650755186,0.5616190022136704,2.130556859032773
91,19,44.21171229492077,5.887308512496954,2.2708557634813893,0.5698532339866711,2.1656973225215244
91,20,42.78727687625398,8.90999235153691,2.5368230790814086,0.7468254965810757,2.6113914584430886
91,21,46.050795047753915,12.661488161628169,2.222079860863706,0.540941408103774,2.1591937999034294
91,22,47.093472371331956,8.837907207178343,2.3040276467921004,0.5031027794131306,2.083182192162252
91,23,41.51726327903536,8.180906547681996,1.866637059912918,0.37570439687961255,1.7655609258753762
91,24,42.65511043587314,12.20869202369104,1.7788186705632754,0.574764119638203,2.0857387305134965
91,25,34.90059082896296,10.846188025177216,1.6692820376566126,0.5428837189116955,2.0460292767692962
91,26,63.11086731605781,16.889483952253354,2.449160928136895,0.6049845813193317,2.26742711836918
91,27,54.18216220449911,22.919509448775795,2.4254759010657647,0.6842299235634353,2.397672150479188
91,28,99.6110204113923,41.95518722668458,2.9639494878750243,0.6379725978795872,2.54355386410548
91,29,39.80091188287504,12.522433089560069,1.7476860926249533,0.5764302417191871,2.0779472839991806
91,30,105.36947030414495,54.58199118568764,3.3734136434134676,0.810141516453581,2.977192044353649
91,31,70.27434505077699,22.2013687185528,2.918464950530248,0.7398850297299249,2.7068762966711155
92,0,32.239606031568584,7.261357401946787,5.962004890136214,1.0117890362359585,3.5676105797135786
92,1,41.895506069533035,13.108956439090678,2.0087279910100877,0.4355248398783109,1.900334540655404
92,2,30.85578374428379,14.26980574744204,1.15160964103619,0.3020381328722299,1.5783567500970463
92,3,36.680715890880464,12.076696266626225,1.6178010616486933,0.23271461021292406,1.501761410692878
92,4,37.41450439734601,10.293841733315075,1.897984491919094,0.43446231974222194,1.8419642795096305
92,5,60.601652959897194,18.5441479593643,2.6423652017238095,0.7041436908086864,2.5294762631292427
92,6,99.17589656953972,46.64666554092608,2.8522790955369137,0.6295494302903966,2.484523119708475
92,7,83.56582834064773,37.19046602612031,3.4912418412042165,0.8023886649015552,2.841474594753615
92,8,68.27855612626757,27.067251473396393,3.9568756868115478,1.0498261941387637,3.5672064325424477
92,9,52.092948474050665,15.35219689675098,4.54171647810151,1.0514879738046492,3.8706732351052047
92,10,85.05766113957229,40.34384424732397,4.353378741028092,1.2369774186537459,4.674292002781363
92,11,57.07293055897296,20.886061256605107,4.930744361167095,0.9381213482261304,3.550739013456601
92,12,107.97630762241793,57.0187095784089,4.263237939957217,0.7237664909470345,2.781632062847277
92,13,94.8289994182918,47.47029850526403,5.312215332651048,1.2340129570674687,4.7375596789713885
92,14,125.9789819653066,73.35122523589018,4.500049049190794,1.1551073770445761,4.297979761210502
92,15,111.45945294043764,56.27887709770997,4.240655171396064,1.2041836511067388,4.528992865781983
92,16,86.45756937375515,31.489679136384908,3.4852258432285383,1.100904361757296,3.9032379270386395
92,17,103.99653525458189,49.91909029951184,3.9120369237751804,1.205426882150233,4.128079452680239
92,18,70.58962750094932,31.303357143242565,3.1670079841194365,0.8854726205620489,2.976220398221409
92,19,73.99238096834385,33.016738843043925,2.956863739344076,0.7867617383742038,2.781989968038861
92,20,71.51359346126554,26.02630736286698,3.183649453035488,0.9810482933069826,3.2831525678876585
92,21,65.69452143895256,23.37099770937958,2.6879780105114026,0.6058691843019499,2.3659888491066
92,22,89.56490327913853,42.19933380332968,2.528787425813162,0.638382754419661,2.320107533445207
92,23,65.8572067496797,27.426754082081814,2.0371577161077,0.5263112599596997,2.0061268754225705
92,24,90.14790675962618,47.20092524064218,1.9887852188384587,0.5593326319976535,2.0757370724419237
92,25,78.3142163023646,45.280855268190166,1.6794339611933053,0.45780878353254684,1.8910260572613775
92,26,81.16160058911386,37.689171337640595,2.70793161727412,0.7181220391636431,2.5804159606683883
92,27,67.666974822664,31.901187604847436,2.6968574064221595,0.7416945135141466,2.522019177993333
92,28,94.71734236330165,40.745812296831545,2.9276594291269147,0.7315946201211219,2.7335530390394047
92,29,47.6342980095544,15.361320915693408,2.142219134226932,0.62765407537441,2.2545007422948005
92,30,85.72683737946079,36.271826920323136,3.7714433133506313,0.8683944655990556,3.2445920824915997
92,31,81.1535131124079,25.994338624332684,2.751682105748561,0.7947737879437642,2.829694902589224
93,0,51.06174539280315,24.93703694944238,6.311713742876316,0.8962412838644749,3.296412562656266
93,1,96.46507007647261,55.48563668894124,2.3284900757615383,0.5144012977903225,2.0770849914259597
93,2,41.17983097524333,21.345157124480316,1.2953922049516664,0.3323347613786576,1.6418697677008256
93,3,76.7660115705585,48.702781358931794,1.9165059038954735,0.33959947578207395,1.7255781180402319
93,4,86.63280049623165,50.89493921814078,2.5904891941733807,0.6537890165520368,2.3430194983306825
93,5,61.61767776881214,20.57476225820986,3.201085741860882,0.8994588579478213,3.1069454386066173
93,6,91.20148945992352,39.6140072330961,3.531665580836116,0.7676869989562953,2.8664546286002444
93,7,60.89292499889401,17.054954993588012,3.9161992519199367,0.8406914627698412,3.0347571582163195
93,8,53.426346716235294,15.063963111847908,4.232042978223092,1.1034294048378168,3.761499921269658
93,9,44.12601920701093,10.539056713437821,5.0813354780763635,1.0385883367403324,3.9089807921641153
93,10,68.07236301600611,24.295028399552287,4.487005667709496,1.0958214549290455,4.226612118914891
93,11,44.142182782025316,12.632730111504996,5.346116879927468,0.9055644491643617,3.514835075153637
93,12,45.41369991056754,9.583833579528893,4.377851637854552,0.7033386349717654,2.7708982893213676
93,13,40.68502640677012,9.852508023519057,5.78901071366325,1.1533550931090426,4.5150783012267945
93,14,43.113024926391304,9.156009270077519,4.643927975726142,1.1301234559581337,4.341130877119829
93,15,72.07430576517477,20.819185441597035,4.506830108777592,1.2536774925507128,4.710371840501219
93,16,67.88875581933095,17.485924310781428,3.907141995992097,1.2114649127630415,4.3625524307994885
93,17,73.24634450230393,24.428380052500984,3.8811280421310865,1.0560168104349898,3.6836992979119776
93,18,37.96246963301493,4.133487655681797,3.682212381534799,0.8907472678532651,3.087761051370366
93,19,68.39598931631178,25.069740932329132,2.7003519138360907,0.6752379789470004,2.4162595314948048
93,20,79.43066829704887,33.29581279992814,3.1894124218649225,0.9194166581864591,3.1037079909159186
93,21,117.24605354314829,66.44262190059962,3.2721490432341245,0.7624670890544101,2.8646730219891823
93,22,109.2334390110918,54.22149080052462,3.383025227610683,0.8362446583449934,2.972242544455115
93,23,75.83690758815786,46.39654048137605,2.2968454419192885,0.5520881319086235,2.138156871097305
93,24,116.73656056188993,70.79510352703574,1.9889337781461975,0.636066783140695,2.2381147939562083
93,25,81.69945020251755,49.595035598727144,1.6076355413496943,0.5724997754441705,2.143044982918159
93,26,98.07246119817454,52.58168391361468,2.4918462602839972,0.7399663742933407,2.6049656893873356
93,27,118.26775608408808,77.48466009839407,2.5673571707501432,0.9373394804209756,2.9840388346916003
93,28,89.17121438982318,39.82093442508171,3.1312897293105637,0.8289114690979744,2.9393864744942353
93,29,56.093766659082306,21.288253384331316,1.8923214580100833,0.4713351942219528,1.8633369319062667
93,30,77.48672094667401,34.60103913518361,3.7269299614900895,0.8545656853809884,3.1534876673954
93,31,88.82488096849912,38.6926880320028,2.6084609430699612,0.6175248985514568,2.3522995559153888
94,0,51.46156069630546,26.269573773451587,5.75515111453368,0.9659881425081975,3.445702375681558
94,1,59.59975542397241,24.648455998247552,2.046362632423861,0.4091186456548015,1.8533480634227941
94,2,33.0716691504257,12.122703155655934,0.9462867503707211,0.2107350225700524,1.4113996464556298
94,3,75.47438102640706,44.81643602586738,1.2384464229209529,0.16767051304664027,1.3632661773377708
94,4,90.77402617335358,53.70363230994559,1.6418172927887267,0.4461951042273671,1.7910435934988953
94,5,80.82988756012358,34.226343712861166,2.6242001872233853,0.8383361892296581,2.7014472877536084
94,6,91.63359409359839,44.549138098960384,3.032861401484574,0.6897039533504028,2.531163546042748
94,7,80.99826598981033,35.42314240544834,3.9196387557407197,0.7441988702473852,2.7079213386393985
94,8,75.9364296630069,35.3083178550627,3.8346120223000373,0.9794469823197129,3.1683262669797787
94,9,56.287667664223605,19.438961941110524,4.6266151532508015,0.982035644961563,3.6977431418115416
94,10,65.44365019998405,18.466887932265603,4.048154412992959,1.2334038516798236,4.3373667687120605
94,11,64.33456291448192,26.532884872418972,4.708062638125036,1.1411835129592127,4.169289115070722
94,12,71.6048304629866,32.37963388606707,4.533945026953557,0.615067913901636,2.4868265943298544
94,13,79.90873398583793,35.776453484134116,4.5718208496159995,1.0890463665118242,3.8819199774642437
94,14,102.79518688579475,50.05760072959946,3.9756467373828444,0.9695551615413893,3.5483725642425656
94,15,128.25432676607096,67.81315938915208,3.8720091387657183,0.993807752148812,3.5263599051101604
94,16,100.30350099123737,40.8511046280038,3.3374577399225767,0.9032597563661722,3.1329712055893726
94,17,95.09110953354877,48.110877652529894,3.082987272218271,0.6992642727914822,2.5439503307334443
94,18,51.156857089488895,15.73090977284178,2.8080851112922325,0.6197058808635245,2.3585927370317403
94,19,51.29414880154574,14.11213716786849,2.3459809975424077,0.5619341776310645,2.110175105049138
94,20,62.91037725806371,19.674860657221785,2.5935635721907904,0.6465142824355814,2.376985992597273
94,21,72.36718696612571,30.26962200090528,2.7557971924877718,0.6920842189253653,2.545012179370203
94,22,95.88285344585998,44.38749117998531,1.986964750119739,0.2988700072446344,1.6530206648294052
94,23,62.60325263910043,29.179954831920945,1.5805519519321396,0.2903957387773728,1.5785839276064157
94,24,40.83284660927586,14.61428506434023,1.3576446688288257,0.39878425846615606,1.70699386784467
94,25,59.2956609592343,31.212938408730036,1.415923523681985,0.2806472385570298,1.589368343642295
94,26,68.48547404191585,25.404834032198856,1.9851419398425034,0.4331022284123036,1.8784138683670442
94,27,70.26374626693482,40.75665201678065,2.229664843471797,0.5246568340508482,2.065160327675924
94,28,83.25630070421009,34.02082486150411,2.4316827813245823,0.4121623748504142,1.9313241048854057
94,29,37.74266381304297,10.298206377574884,1.7537092374387941,0.5070979870422021,1.910173454415094
94,30,55.390155901484356,13.349317487804242,3.1091070838830754,0.6028928433080516,2.394501447492648
94,31,69.28447910587406,22.700154964501024,2.652115718604099,0.5826597045981643,2.2917957716880237
95,0,22.41792826678661,3.0953997566772222,5.712474703903733,0.9924063438779305,3.476960330404137
95,1,36.767659090594755,7.366203895435703,1.991439515012819,0.3794906038011716,1.7880101769848498
95,2,27.053550151227867,12.167629175884723,1.0242786297497244,0.34585685333073424,1.5956712899127108
95,3,51.96352478683149,23.578208800275256,2.000651998791067,0.3052071408814898,1.6284518779398798
95,4,34.707557737255264,10.823209396718823,1.9216959337982136,0.4484777817130716,1.8399225356903162
95,5,70.00969893709691,26.322013266770767,1.9296655529053315,0.5895072175612206,2.150141753036172
95,6,59.235515960433716,20.18121939066654,2.9076454568733805,0.6874237036577808,2.5004435403660388
95,7,46.4599830511876,11.431656909872176,3.5207013500371187,0.66298349894338,2.5170431167314264
95,8,43.28484699908488,7.706587817594388,3.750227134120197,0.9354706827716393,3.1751347471607354
95,9,41.735845876347206,9.411744017802263,4.607369349251975,0.8858074144023096,3.433431825767616
95,10,32.82077706467992,2.734860325224593,3.750495557244043,1.1926873492144532,4.184654850691126
95,11,48.376632837363715,13.33552400994466,4.632086386840479,1.0818889397791178,3.879142462550997
95,12,43.64552602163173,7.2494602950730105,4.206564667710714,0.5616222702215676,2.310465912723061
95,13,38.098847104628156,6.828046910845092,4.5663016786468384,0.9281000221330711,3.490203009396967
95,14,60.41624509307415,17.102513128487523,3.8291903614206015,0.9801888282409115,3.518657292002036
95,15,56.567019308649904,10.131610780918901,3.6437524794769423,0.9481912329257356,3.4450314013681185
95,16,71.99015294431418,18.574425450032432,3.4126201967331222,1.036425704512825,3.5791368639504375
95,17,70.24517220474077,19.01680178287809,3.4829344899226853,0.6673568984715064,2.6012399488713944
95,18,78.64082893254897,32.71504271975369,2.9450302641738406,0.8386948721268497,2.8425632323007517
95,19,58.09271393916314,23.667386316262274,2.640746602926734,0.686005865762525,2.4755680247225973
95,20,53.039851617516746,14.09915528585043,2.5985670208536,0.8182608909627618,2.7819110581702278
95,21,47.7410937710752,12.176207766945984,2.640964869756905,0.7094388412480015,2.5622940106294387
95,22,56.16074102447828,14.572559734673131,2.438186900248518,0.46109121167936973,2.0295690026357005
95,23,40.89811697417286,13.141928574647142,1.8057491906573906,0.408693889097276,1.813105848692329
95,24,41.994045048387235,13.099629338798248,1.4898507249115105,0.30628184654766333,1.6447382991532191
95,25,27.247373465694167,5.258988041540218,1.2110472808260622,0.3044379252374465,1.582104270596998
95,26,42.244851545814086,9.225943933927589,1.9280016718308146,0.4558764801829578,1.906999791529107
95,27,36.423410985152344,6.652632225864252,2.3192166231702958,0.590819437210564,2.181719419708706
95,28,52.57740838765707,20.852784417939034,2.745969555884135,0.480804074050039,2.1019638332060318
95,29,55.10570927130209,24.10433924482324,1.7195122141987644,0.4254932176410824,1.8017665816967496
95,30,49.567078423831305,6.688472248595801,3.3578481037592445,0.583001381022684,2.3767060052324878
95,31,72.46016304072211,29.90578255163472,2.887585552063171,0.7071265836985932,2.585258294898767
96,0,46.01919911007714,17.07177587293497,5.845890827646787,1.064668607509156,3.725137091102709
96,1,82.60417155085253,41.047903087942274,2.532739603363392,0.508779055083584,2.1061179054360752
96,2,42.0780477327766,20.839560628192906,1.1291244243278422,0.33924589297816565,1.6132486613631472
96,3,42.548374860573574,17.4509072308119,1.5462024540131902,0.2601316829749334,1.5458953768729526
96,4,41.687082161422936,13.481447378120324,2.036407554001423,0.4625185111056096,1.8973097870967597
96,5,78.02758881034295,29.971075867045762,2.7542984257389644,0.6041885261200743,2.367088965029192
96,6,62.68012008099962,21.28465214771062,2.9824744137984496,0.5802516244451565,2.309099632132745
96,7,57.83067986997003,19.70475005885029,3.582655516440779,0.6491965114860871,2.5311347226253407
96,8,53.028202547136196,17.869577148391222,3.637786396040319,0.9551279044305421,3.224415675337987
96,9,43.37086862389258,12.538320675107817,4.263593719657141,0.7920372143409544,3.100572422162456
96,10,60.878516893013426,25.704490940283183,4.058238224360533,1.0120749441069599,3.782075480880435
96,11,46.95775811689482,11.958125000112911,4.35114602364036,0.9704985765333438,3.456656035959454
96,12,65.64826524102901,25.314030021600082,3.8370949621617583,0.6215955260532806,2.4177678215977165
96,13,42.03709152544076,9.35182601060252,4.509103522950822,0.930931649409894,3.5614611726633343
96,14,48.05897179272639,12.03868374315531,3.885058533821029,0.9248564002755097,3.362035058728134
96,15,54.50334613153104,11.881764618009964,3.4827931707126023,0.9974462820464627,3.5887521364544805
96,16,64.64623349953149,16.22314656126372,3.0957466544307413,0.9793592894281065,3.362520252702638
96,17,54.08916280017593,14.906494273280623,3.123160790179436,0.7033456900192872,2.6507048434442493
96,18,55.76309032708005,20.48555576321001,2.9933117770930053,0.7893803710715397,2.7533748477552575
96,19,53.25703820722911,22.535962635557542,2.398880291526183,0.7055289996613445,2.4412458805445754
96,20,71.80424055836855,28.30583167475649,2.5068260523558026,0.8627838296256365,2.864178605799014
96,21,78.97080875935282,35.97307112691966,2.775546152355411,0.7113946027011551,2.6136133504729235
96,22,69.98809386345525,24.983082462748786,2.7754542855203606,0.7081328660350041,2.5965755620843747
96,23,59.89618628256318,29.074241097400538,1.9070361572998462,0.5195038404640226,2.031583914682759
96,24,34.398822080173716,5.759993881334511,1.5670332862914738,0.44067355165212496,1.842710151400208
96,25,32.11736587191268,8.643523091721134,1.196321320837001,0.34284670601086176,1.658689353711332
96,26,55.008190693689585,16.803247820133233,1.81106464175696,0.6470724543788946,2.193444809673668
96,27,35.75836349229422,9.36696224659892,2.1909817788325663,0.6385312829725085,2.2845002587773977
96,28,68.82717818818286,27.743461952071613,2.494240652592458,0.5895692675503077,2.262853657494316
96,29,48.054305884725274,18.230429046961326,1.4237564655652855,0.3503133478798912,1.641334417157384
96,30,64.657982767687,18.700320675219587,3.2632063078219953,0.7163098062140603,2.7245707340143004
96,31,109.78600665508841,55.177194313490006,2.811483562938286,0.6518299016124152,2.4987733387420232
97,0,46.295518718930566,20.07710370909293,5.848565495855522,0.9284023234638461,3.323134681887774
97,1,75.5411649621539,36.06324272082413,1.8972668921579807,0.34638989405612963,1.7106613332319194
97,2,40.449556949240915,22.36842575908047,0.8838610056709846,0.18417376824015363,1.3627700484034035
97,3,57.84005096246622,29.547682279752088,1.0879757005809665,0.20707763188041328,1.3691207730854162
97,4,64.37190340275023,26.377804572123058,1.1889362370678853,0.23500919008142906,1.454978935167089
97,5,81.16201727370408,32.60149012232126,1.536263060291787,0.406193283821759,1.7984902406188534
97,6,98.31552302005672,46.5894834383147,1.8165555349028073,0.3754378255881232,1.7838486867630612
97,7,73.20774546477045,34.06562390712091,3.0004948225117083,0.5248118739545533,2.1887471539930545
97,8,53.00967232194395,18.26631967485207,3.7051600035736545,1.0104833886676348,3.4351807991302024
97,9,71.99438201084973,34.90937946034152,4.594392448834638,0.898249522312927,3.571377036835553
97,10,79.13279108150513,30.393770835901915,4.068683812256667,1.2508735963061586,4.610785379003713
97,11,77.5631042229384,34.2712477427961,4.845385363724101,1.2042882346767136,4.432009265293679
97,12,101.53271187891869,56.952039420077185,4.057031612148693,0.7104405600257815,2.7339805629804976
97,13,53.349526966073185,17.162624112800163,4.617013062844768,1.2729333589693832,4.665446068472988
97,14,63.88372991287679,20.51384835952212,4.33821665441833,0.9987564659901524,3.661619168759235
97,15,130.98740805995394,70.21559618299065,3.8040772301941193,0.9139667418878528,3.481299544595876
97,16,131.24554022868648,68.60601230191708,3.5895128180426368,1.0118797572662896,3.595598660968505
97,17,104.4446617301944,51.926150922774006,3.993964830362235,1.0542936945456312,3.7313333647389144
97,18,69.54839814905768,29.77906437127616,2.930907518927938,0.7251551359675701,2.5907588256837624
97,19,115.43887954685152,76.39996682226739,2.818657218085617,0.8212213790106109,2.820770203700694
97,20,113.69708597172989,61.16635251677833,3.299228237961965,0.7261729749933288,2.7386859910437904
97,21,97.49936826333638,50.763737824566405,2.587084680283491,0.5272879123735521,2.2168376093661646
97,22,131.96934170183494,83.86265906025766,2.619177752472731,0.6289324808546981,2.344551031000992
97,23,100.62587175221631,60.71356918444704,2.320805117074838,0.5229149634207082,2.0766685808388976
97,24,120.75780054489513,80.70797388256324,2.274134155476833,0.6321825075190177,2.2891889931401175
97,25,69.8746554468511,40.587530676870664,1.6635399750981597,0.4574416875271132,1.8690280454931192
97,26,110.80457740345709,62.820310515441555,2.798117569380464,0.6086329291638504,2.37496603810626
97,27,94.65812668667161,55.37637912236236,2.2652229488943947,0.5019327046703514,2.0062215841127378
97,28,85.13610362366738,37.37454924990745,2.711568046677689,0.5232012056778066,2.234210627420578
97,29,57.09459306688922,27.981561038836496,2.0168357525458855,0.6038674411918392,2.198342554195188
97,30,88.2297442806773,38.19108871733144,3.756947760220373,0.9148490876652504,3.397445904185259
97,31,117.24454622280089,61.072994497286544,2.5993225023956197,0.8273306434324916,2.8542390396107065
98,0,54.5730886387273,20.983391495946954,6.241817582385494,0.8764257768363253,3.2619895482092143
98,1,80.02357142541717,36.764435812147866,2.3482914670776185,0.5189699990116408,2.085513728746339
98,2,44.1518113378389,22.483505693009356,1.1630400657015914,0.26621996546355553,1.5417558394774291
98,3,86.04314281334138,51.194382115024936,1.6268986731784727,0.3050033447616447,1.6434317090879307
98,4,97.86192552960452,53.55031209328757,2.2475748291258775,0.554075139171939,2.1289299475964034
98,5,120.28005072490721,65.82086150211322,3.01147918004665,0.8779877926999977,2.999293745747168
98,6,149.46193094048095,88.88118560589989,3.4271557005036803,0.6642517143911353,2.6271243650061744
98,7,117.79688027003719,67.18702921818257,3.7865747307149626,0.8213783685088232,2.992698724732756
98,8,69.71717221514953,28.56768087016212,4.357649116086574,1.1065642278594154,3.892766253342949
98,9,67.23835130707522,29.24790031617564,5.11151702912108,1.1307104007897868,4.311600392768407
98,10,84.00953826435148,38.85799791979596,4.769971448032946,1.215545693388294,4.6313040577137805
98,11,68.37298468591828,28.672454583231186,4.78582770936673,1.127519063334316,4.195078138047032
98,12,74.93383564295377,32.18524984209399,4.389438312307188,0.6635048381612076,2.6583557184566198
98,13,71.8412920189971,29.43182312947899,5.636072138470656,1.085738945700128,4.257577791414388
98,14,86.17896246279025,34.7099528979998,4.768630140114132,1.0528133513432039,4.108713986420203
98,15,86.13806138885025,25.993200105543398,4.715034395090244,1.0304397201009845,4.071814920767302
98,16,87.80781946385774,31.53937231024909,3.8507687352930846,1.0876570814202084,3.9189960634047756
98,17,90.7666718111765,35.17910262646761,4.074725885234009,0.9366075413514388,3.4521012125000965
98,18,52.652699728644535,16.892695734865796,3.382047307129285,0.8391103739792691,2.905640770416605
98,19,61.18901637215956,23.098663886831552,2.953233976163328,0.6910734763754602,2.5506909499707584
98,20,82.68382740360035,32.33240600099183,3.5203729061751314,0.8538845891823641,3.090089276698416
98,21,81.01759411457982,32.79680845849029,3.004359722950726,0.6324975582717434,2.483789364452188
98,22,52.09725163068855,10.547686165557094,3.1952850953285914,0.6273296510551263,2.464546382770289
98,23,65.82037274542955,32.085651002738494,2.4515298238949628,0.4621435082093406,1.9831491383643443
98,24,68.98740825882909,30.170235547041674,2.225058065786665,0.4958124904758834,2.050347283651827
98,25,52.72331019143468,26.914255210655305,1.6942513643911217,0.46101119748701036,1.9407840160360945
98,26,53.04201029704954,16.624851886731875,2.9163681756756117,0.6160962566850294,2.4221959577627294
98,27,91.68495046900742,54.680013619978375,2.520527636987814,0.7743826792534994,2.6006756879931063
98,28,66.3035170408018,20.038064975523763,3.1090397259162095,0.593030761876919,2.4111861435412014
98,29,39.939127822063845,16.893392081185517,2.115107871725891,0.5033994858817863,2.0251799743470476
98,30,47.163106497543495,10.907419790239755,4.115861167893717,0.8487264875084861,3.2449308411941478
98,31,68.20363653648485,16.438261794156634,2.6741359239017477,0.6426567297198207,2.4528987312135477
99,0,36.70184439343784,11.419210459226617,5.782396011565003,0.9610522978285729,3.512039347623594
99,1,29.616325120090668,4.2212002936675255,2.3031496553909956,0.585451138086698,2.1892925204778804
99,2,30.135425863126375,12.371313959667177,1.2820598857614391,0.2900827779131918,1.6021689582309395
99,3,36.22254185846312,12.777162142689978,1.6764720504126776,0.3510901715572241,1.7290759887954685
99,4,47.07378919949423,13.758135285347386,2.2887089951560236,0.5261093515087127,2.0709861702354875
99,5,62.60487233661519,18.888578781242746,3.2934903669828115,0.6681138357122833,2.6216723970691533
99,6,80.76673321323256,31.044378424461875,2.772576840136684,0.4814147609439767,2.082600933110719
99,7,58.44448864754659,18.68778644617375,3.941525305502241,0.6641899197862706,2.6136391277220614
99,8,45.82790701473208,15.683344211875426,4.8207168026477145,0.787014921964583,2.9931345384624524
99,9,45.970127273693976,12.664465255259444,5.209059622937774,0.8611139132064398,3.3702735765989558
99,10,67.73734507765616,25.404638525050608,4.367924438680601,0.9890578147649691,3.7571303433465273
99,11,54.760315880931316,17.756164299327097,5.136287559631241,1.0150560504911912,3.8739454921280942
99,12,51.99256313066465,18.14799519885856,4.569387392076336,0.6775663515766395,2.7137290675462578
99,13,45.67706489531599,10.236387026362065,5.830692028102033,1.0538354742196647,4.247720953742202
99,14,56.436006467060466,13.74158497183747,4.860789789839952,1.1223426885105745,4.334894407585813
99,15,49.159309880944036,5.617055663278261,4.922882034913831,1.0601686845085414,4.219051526731369
99,16,38.74729226504532,5.669800104824585,4.153930016213241,1.1175724922440882,4.067745056746241
99,17,63.00192959684216,18.335559362994516,4.41156239788249,1.0827099250870384,3.9798944548544135
99,18,47.42221095761042,11.70626376235997,3.9846703448327703,0.9781785668215544,3.398298626251705
99,19,49.47701220370746,16.55714647556184,3.042563887710025,0.7546550160357421,2.6318550898385817
99,20,46.676543315990315,10.636398236620959,3.628260389331329,1.0601400658625284,3.6542571143044125
99,21,62.39510965185581,23.799756944902935,3.340336775877199,0.864987380488238,3.0842959504468235
99,22,70.3898969271614,28.495844380345872,3.3920301733516007,0.7213687867265337,2.7390533501135517
99,23,45.064565119823,16.753979703889883,2.6715301040230894,0.6001972828495443,2.2816893428801985
99,24,50.101088161866585,19.547120174353523,2.0732248298488987,0.5666580823325789,2.1128828174317875
99,25,35.812441631551785,14.626571682172894,1.5700476776627115,0.5027184012224968,1.976410549221141
99,26,43.96911358019658,9.209307165234094,2.7791186784850233,0.6241046981680194,2.4040210418278867
99,27,71.36918804451511,41.52912401709048,2.7215657535028885,0.7375732267330752,2.6193430592011766
99,28,52.73270984684355,11.874642105520902,3.0410757173627725,0.7275671220127218,2.6817012600700547
99,29,31.895970354011318,8.658297241293097,2.0630723822967445,0.5312161576220147,2.0193928937561987
99,30,60.388050229560605,17.667543627898418,3.905496348221297,1.0447748251642497,3.7181183224313274
99,31,51.826117188845735,9.547986223514041,2.923635238082685,0.7151789855532038,2.619461036864729
100,0,43.54510339544889,14.10145693257768,5.876358817545877,0.9704616245468545,3.4530044305818146
100,1,81.50882046128802,39.92282158688165,2.6196393098508883,0.6108247677988503,2.291462437731338
100,2,36.29844771990124,14.423188410696596,1.4188889576420785,0.33901134999150573,1.6670903135085058
100,3,70.31265951381123,37.039524041617845,1.8967071170383016,0.3055422617614847,1.622395669545361
100,4,61.56159914462331,24.632749378731305,2.14059740250278,0.49115472145890626,1.9482562767208536
100,5,91.95179781802044,43.98406679934037,2.6036456635057967,0.596665277903413,2.286448405508613
100,6,75.72966820385614,25.438795614977508,2.9943119101626157,0.5076626612709205,2.191360213047904
100,7,71.9865791464068,32.43874522275724,4.0154832221493875,0.651170168550018,2.5950524876685392
100,8,56.56643248927025,20.192288923415468,4.92641125520166,0.9180335583921719,3.433836702395116
100,9,46.199970563071204,16.63864186284037,4.991818436008758,0.9384875561070363,3.6925936427122825
100,10,68.27319534786349,24.52276211499858,4.564422572566352,1.1160501977562616,4.270341641320855
100,11,45.79372251306363,11.46039255701656,5.331697370734446,1.0644391204438666,4.156962002772605
100,12,43.349024631289424,10.575326587191276,4.5489795376751045,0.6674973257929855,2.657870562610769
100,13,42.359705803040605,8.455581979902743,5.536437615061665,1.0486535822941772,4.175465913527311
100,14,48.824742963075444,12.106284909883009,4.940093638304056,1.212686374001283,4.650632716623681
100,15,62.44346804112596,14.494698352324527,4.716178856772187,1.1273654990810105,4.358760865862258
100,16,71.85934180559504,21.679804826406105,4.035415409776909,1.1069158403117711,4.005629853707464
100,17,81.64190752255143,34.099445716674225,4.414461295212279,1.002423230617186,3.6515827071975893
100,18,66.35735698025147,29.4256993028278,3.282301975608118,0.900466744534878,3.041579998752283
100,19,58.298252450677374,23.966508278764934,3.0191354444803986,0.6000944855053119,2.3410322980975717
100,20,80.71674433164604,39.90295003568425,3.8321744040986214,1.1513820662574767,3.93969876461408
100,21,79.58694352831552,33.9169103722315,3.313180874707399,0.7094341090886003,2.714212400180348
100,22,51.83584544720352,16.211180299999068,3.518493174056225,0.5261828089931448,2.2512146912819033
100,23,68.37597404375387,31.65977600082122,2.287643323814758,0.41317267477016006,1.8993055106111894
100,24,49.769899565939,17.1455373479919,2.1793696555003774,0.4055027864317253,1.8637452438317175
100,25,38.281993531925096,11.756904505078207,1.6901648301365964,0.35003619329135716,1.733063727025726
100,26,65.43197644509038,23.41618995665455,2.6154522901875232,0.5702721282127703,2.2290808502290496
100,27,76.69496046056165,39.533088452573374,2.618934226448789,0.556155228545899,2.1437467203989464
100,28,75.8531591171957,26.61188648752465,3.0070438404927105,0.5719300070447373,2.3437140959640175
100,29,64.89548548218454,33.77885681753199,2.203829921272056,0.5936254333145352,2.178699732215547
100,30,57.95408249310489,17.489300496006287,4.001528326466808,0.7833557199875365,2.9493324600987756
100,31,62.7741075247854,14.842256673627137,3.1119616386266395,0.7437178784944649,2.6872107958790314
101,0,42.329480195498746,10.58226023039258,5.793963717107895,1.0161980857308386,3.5905280822529586
101,1,76.69303591328584,38.372744772931654,2.3101991485306765,0.4624278542378124,1.9934907159388477
101,2,35.75717552899372,15.227974161027554,1.322530313901081,0.32300041652288614,1.6489248741796172
101,3,39.758020591797575,11.918251637708305,1.6407214376211272,0.24876516514796188,1.5236249414650078
101,4,40.53907716471676,7.69467507312887,2.1857920444780383,0.5593244991350188,2.060983740927676
101,5,52.27425330614784,13.571522459936949,2.7234530672543293,0.6023079671119258,2.288470348024155
101,6,54.94904645252083,10.674045997780151,3.343819994255103,0.687400087322227,2.5901158803183066
101,7,58.23755561515264,21.165923044146112,4.05017377160538,0.744001176964403,2.820102540349147
101,8,42.56791255941919,10.44429352634475,4.7831837662626695,0.9652498291940024,3.5202700215424434
101,9,37.888822564719185,9.446546441113924,5.036622062220309,0.9443339836709566,3.681005596044389
101,10,42.11241291911935,7.285151637800735,4.789957691887178,1.1633266677284766,4.557179734872413
101,11,39.55798738490709,6.466626169110572,5.429201316078315,0.9480993064019438,3.727013556052491
101,12,45.923444456458824,8.408556648354248,4.573280927904007,0.7648623205189891,2.946589218782519
101,13,59.0233407742682,21.67707824666221,5.74753978371254,0.920103763050272,3.7534965140111365
101,14,81.26551446959822,30.66318800624355,4.907131225376816,1.1258690419312458,4.324097624000317
101,15,58.15212699628583,14.958315915727125,4.507599394497299,0.9467122709719522,3.7074591788048497
101,16,68.5064832813276,19.047331069406788,3.7891488982732806,1.0362299215577035,3.6997657008030402
101,17,67.35289332566327,20.868103051264004,4.170839930395518,0.9262257418097919,3.462291181179858
101,18,52.78138780151663,17.12668980356343,3.392623944801183,0.7366174760828996,2.6393922800411476
101,19,48.849095916892225,15.63519333660459,2.9771193760822943,0.6743091771299543,2.407117380546745
101,20,79.26711389765131,35.89927003605912,3.678697075718602,0.9738675169414797,3.4214729626173654
101,21,76.47854709067293,30.210956637250252,3.305177690507823,0.743952015117876,2.7362362237543447
101,22,53.491806414717594,15.521455215073065,3.7680950151161996,0.7627696858332227,2.773845768152902
101,23,60.73451118876792,28.83590447671265,2.570527368693357,0.5711029727758556,2.1907979618003446
101,24,34.220532642962795,5.031360838317462,2.076029908011818,0.4812459817167434,1.96834312292635
101,25,36.48766874767899,12.672250084315094,1.4462370788315835,0.3684284928385979,1.723839918519664
101,26,62.51019593197991,22.062078779523823,2.2859787709969175,0.6197551780157577,2.232704296639559
101,27,38.83161772936409,8.998906689768894,2.385549293027224,0.5952696214141926,2.1830021463267073
101,28,65.1998802863114,21.72124847654206,2.6869072927132773,0.6624282374961252,2.4122594131585795
101,29,42.99177112741389,13.874860922460341,2.0186699979749494,0.5171857544245215,1.9853082817617889
101,30,58.502775149560904,16.860306286260112,3.5518013219526887,0.8132973670423693,2.90440305028526
101,31,87.67010037927078,35.52438658757582,2.6901975223544046,0.6320124554022248,2.4054651728681105
102,0,53.01789903568215,22.986372404756057,5.951409653110642,0.875137225348305,3.175118547887476
102,1,74.08313142058566,33.41642285740841,1.8506222134568309,0.4456818636741935,1.8284104583392184
102,2,37.743121175949284,16.28130518142237,1.2275239553829342,0.3629928237456781,1.6854958479447149
102,3,42.34603076425224,14.58160686705963,1.768456369944829,0.25927465728636356,1.5427210084705525
102,4,62.73710142412912,26.253391625752386,1.7606893095710867,0.42013943046184643,1.7761543644901057
102,5,68.59827078949327,32.619395508451895,3.2716673078504703,0.7888254692509387,2.8246548430351166
102,6,65.2741532312993,22.13472292089761,3.427238767899233,0.6736111994011296,2.6281013276627587
102,7,52.60392396296737,13.25070247752578,4.127465673298261,0.7512141582823606,2.850282541080038
102,8,62.86871423350396,26.41065276334713,4.2711929506466175,0.9511940615288479,3.4168001067515505
102,9,59.404042886383124,24.921459897404247,5.117644239942255,0.9288925808770161,3.6388295713430177
102,10,73.17332181763392,31.451248937441104,4.414069546051589,1.116945420315676,4.251742884435247
102,11,76.20125588914775,37.75876822967872,4.49901285800771,0.9148543785348338,3.490613160896013
102,12,67.83775294336834,31.156764312684643,4.317784933795473,0.6699105111976724,2.6573954547472716
102,13,62.286883766861294,24.8771663360584,5.254400461152253,0.9333357265923015,3.715112212629678
102,14,76.06236499659008,27.873391846378382,5.056759462901272,1.1436191285042003,4.45149857811406
102,15,79.37681733875368,28.38655788203945,4.267706297331497,1.0851254041108769,4.088143775691692
102,16,81.36649810678833,38.668191909451274,3.7602806981375045,1.2954293826615815,4.594543143172235
102,17,64.11454604888881,17.467881158637386,3.7852158970362537,0.8973421602750213,3.19285419408006
102,18,77.86903018593011,36.86113515558114,2.651015774032879,0.5965880603046827,2.2435086486300313
102,19,55.49486873410728,22.22189231407037,2.4054983119483153,0.6244763190861566,2.254873443582337
102,20,75.52586476844579,34.91504393915737,3.1473227278751246,0.9735005944181179,3.2489901944594184
102,21,97.45791130159701,49.829302177227405,2.3567475217508815,0.7316254769278294,2.479858932669074
102,22,97.76796311173919,51.90905417224011,2.4258399631029506,0.4120525413800187,1.9073390444148228
102,23,79.65221951300359,47.434367925562185,1.779143601217513,0.39536582770545214,1.76968983556221
102,24,58.00020670954338,22.151968731744645,1.7324871889008464,0.3536431143396679,1.7224367277319224
102,25,38.0264891282028,17.620734761881593,1.2382050656641241,0.3452672924733138,1.6439483788040015
102,26,66.89039280936551,28.65440727472431,2.0032218529764796,0.5782323954928588,2.092992232526389
102,27,59.93274930646776,24.45025589427466,2.2826205611599657,0.891736087741982,2.716429446693268
102,28,70.30987672362056,24.045990759698647,2.5847422901761945,0.6002971547719134,2.3081575546812063
102,29,50.3625015070207,24.9921556569155,1.6484563423976757,0.6522137143654672,2.118016536611551
102,30,77.56295236681126,28.49171429668428,3.1699572794301174,0.8076504397946733,2.8418093660512773
102,31,102.59803429002646,48.99306285196961,2.4429347156958525,0.5565297662785769,2.2256853407301223
103,0,57.086250382147206,26.45020302094271,5.56049569971931,0.9914056196260734,3.3693278791665002
103,1,55.6494819324236,23.887435935444373,1.5039823357818365,0.4101914400347553,1.7431630340079423
103,2,22.327315666581807,7.630911190530703,1.1631893550434054,0.38477920241512464,1.675562596335634
103,3,74.05596411838927,43.926525152118565,2.593261953315664,0.5150263043178751,2.050865958965448
103,4,125.26197637163457,83.96555651228041,3.433201628812616,0.6655653772418098,2.5334737990625404
103,5,155.8051753027771,100.88304386182995,4.326933041827065,1.0883644601751907,4.026601216426221
103,6,153.98458494331868,99.64241583813366,4.445849267515252,0.9295959240731033,3.5654751302328482
103,7,146.38089916797333,95.84255156749279,4.567704676052141,1.0797717804857614,3.984247787213023
103,8,134.3474115882712,89.56800125150471,5.055890997299008,1.116530834121951,4.229654464334332
103,9,115.32362504628406,74.50897049256234,5.493357786257192,1.1086162596311073,4.397669220184988
103,10,132.40595028254052,85.13769183883983,5.089236549678166,1.1658084672998195,4.5214066777121396
103,11,114.32479800678462,70.33923442412363,5.453441550458628,1.1027733573530476,4.275322811331666
103,12,159.39038680871934,108.10165173871488,5.380836770241841,0.9683320677499987,3.7990336578064983
103,13,93.01156722280376,50.931763332975855,5.936735222446617,1.0669327682470957,4.337611714584503
103,14,98.16809431273586,48.22325973015202,5.175282404520799,1.204299497343868,4.782904280738742
103,15,100.60717430676769,45.97037603244125,3.9526251209828485,1.230919662434522,4.386084450889024
103,16,141.11197885829984,85.939197125088,4.661751391641249,1.0637544484135564,3.9360223970080974
103,17,87.75730164287104,36.156278291950784,4.237023424945061,0.9438926050225351,3.369562291037311
103,18,79.44695112044893,38.59013648163597,2.961336581966321,0.6354304860352573,2.2852740489840486
103,19,65.2215222490033,27.75669266466899,2.3286637947065008,0.4638747204627909,1.9523044738630984
103,20,81.84240330469703,34.70355592859494,3.0646764854791275,0.5748587819068942,2.314184925846837
103,21,80.55546929098493,34.6809406189962,1.9561041791538072,0.531766339045701,2.065163653573984
103,22,75.52640860952317,33.05959690609649,2.5807948759984303,0.5033278690381531,2.059987389666756
103,23,48.90860041226343,21.471823748362752,1.8379890466087905,0.2635831812337073,1.5565047846750963
103,24,46.35228827713875,18.321290006690287,1.852874161328046,0.31071671752703,1.6521171400253236
103,25,51.44610541158441,26.429318438347998,1.4638378372798453,0.501867455665836,1.8860312191919457
103,26,44.61297959438732,10.846473726385943,2.3340491630014446,0.500722322562666,2.0597902106527526
103,27,59.37132248645402,29.019190715373384,2.468871059906311,0.8306684572754124,2.643200341422566
103,28,104.38944563867629,58.84831239942615,3.009966075597504,0.9147031465134403,3.2290861309186902
103,29,129.0821208093904,93.16229406381112,1.5316657899512405,0.9872420866850595,2.7179001371967546
103,30,138.9200228078064,89.13774105388197,2.6085951778890406,1.5731485605112203,4.855473359731543
103,31,167.7819359632842,108.74371837396237,1.8551719110827132,1.0788454328803385,3.2432571132107215
104,0,34.78135038549043,8.5631005866109,5.572124650821667,0.9374156732383394,3.223298055357806
104,1,51.95087254947026,27.75404632865809,1.706444198535064,0.4379506342093784,1.803622988041435
104,2,23.54453050082411,10.924005390423966,1.2761368026551483,0.38152376810567157,1.7037320614960068
104,3,89.42575568749209,53.724936913350525,2.3866339126473672,0.3435505435258084,1.7611429011448
104,4,103.20841673066053,62.1949140262104,2.629441583769761,0.5814002712097048,2.213587303223161
104,5,163.7343246673098,103.12403046592598,2.897493771733729,0.7326336672122724,2.6724796071705827
104,6,177.4507934818406,115.8464260547519,3.2848824864478505,0.6300976363183022,2.5613644421864175
104,7,163.27454335666835,107.36545875991571,4.0561460191168,0.8275021751098839,3.042419455080522
104,8,124.0986650698725,79.91558168005008,4.55702359882503,1.0769310769404985,3.9454486687699775
104,9,114.65825759169682,70.15106675504248,5.2486989609325665,1.0716646042037166,4.247462653848877
104,10,97.75537452663264,50.35995143292508,4.527182498480042,1.0948451621540043,4.314787848430945
104,11,119.76067936843461,72.88523066754341,5.187984792783594,1.0970901133938522,4.209668816944831
104,12,98.98305598130884,50.171332059963945,4.7549942407145664,0.6857013073734883,2.738477006829531
104,13,72.87759003350419,31.715986176028384,5.645982158742746,1.0769125610853107,4.25121278515722
104,14,81.29288381487575,29.37626012269098,5.00049161230989,1.1236936271446414,4.281259786604022
104,15,122.04520854852558,62.7640193748301,4.687206220736975,1.338668568235999,5.28178460191409
104,16,115.56340782340308,53.34542773181335,3.926506430406592,1.3950619653274243,5.057558352227601
104,17,116.87301589500625,57.735177517491664,4.256492870574219,1.2765349114781959,4.562457055922684
104,18,112.49448773904194,68.91882652213681,3.391244532604958,1.0271508878354716,3.375355111863646
104,19,85.53835144428632,45.67131521006728,2.973279658032772,0.7499433614281985,2.6610771891681617
104,20,110.28522471461469,58.86832475308837,3.6073205035839053,1.2303764482918642,4.170669517390341
104,21,126.66006765737507,67.08820191218919,2.992400276840432,0.9219441834493542,3.185136376406599
104,22,87.73336115528518,37.6600161672252,3.195726295079981,0.5935073823675778,2.3863262795533813
104,23,81.6899022120084,40.64589888407053,2.2566002019548557,0.5912252384856678,2.2035429092863117
104,24,86.42119239500468,43.99806029504816,2.539895250434693,0.6371815628936788,2.3733280520567206
104,25,94.22737946160385,61.05949706699708,1.7857983578465983,0.5272643153309646,2.054817862132145
104,26,87.1021357856844,43.26204609805673,2.654398503767376,0.6766621195312874,2.5728885324916666
104,27,84.16809347806759,45.06452526344893,2.5449746562880904,0.7083026464568469,2.4934028585116392
104,28,119.11104103009332,73.4169127911499,3.350196642368374,0.7699678040669182,2.9332436282339365
104,29,114.02273995773507,78.24339781225748,1.8762519521236385,0.5064510136642397,1.9518058988067417
104,30,158.08651992415537,108.33826932182666,3.850431545364438,0.8879235674905543,3.3232419591816633
104,31,183.11072119886626,119.28524395395887,2.934832333877983,0.7475553930262633,2.7369300331622726
105,0,68.78201158327805,37.4313944182776,5.817736607358575,0.9567692563349306,3.458268318912012
105,1,149.67071366394006,100.36832833490334,2.5107037009768978,0.566719801786884,2.242141928533086
105,2,63.07155111030757,39.71813904682039,1.49347370517265,0.5186380254530591,1.9727870349052847
105,3,76.4399309810041,40.11128789442752,1.5326118532297106,0.23392126051677842,1.4919193263075288
105,4,58.631053341606325,24.832055279051872,2.306832795242947,0.5738732589546931,2.150331690648163
105,5,73.46435958742455,26.39459738694784,2.7351574159932155,0.5788852506226876,2.315734585834259
105,6,69.26272857743481,20.209813359602336,3.4163053049012744,0.6538033005841344,2.581219674900018
105,7,82.78479888841296,37.312697954144966,3.8423816540521685,0.8144770820838545,2.994628027453603
105,8,78.46602976871385,33.958979814472656,4.587190806775446,1.1043101307313261,3.933153660977695
105,9,67.01730260406548,29.38140048440554,4.634365492297297,0.9744973580868042,3.76604258939819
105,10,64.11834181363423,19.758515577479166,4.162017923687023,0.9309504821843975,3.66630140825067
105,11,52.91568974415943,11.034460722449616,5.427084691638338,1.2074833099568334,4.687921931208075
105,12,50.71064738256675,12.251892115274142,4.851973614571055,0.7824527021642327,2.961267830680299
105,13,46.855727364386176,10.588863362079145,5.468652600408236,1.0867664927647454,4.2368310498211965
105,14,50.82712965877219,7.174487101629405,4.880074660819905,1.1584592299823697,4.410760868915463
105,15,64.19500635458024,18.202115491215473,4.459420164846982,1.160790884231405,4.3787228807464595
105,16,62.22716343372831,14.012214664495827,3.799614361560628,1.088400998460315,3.8709179880301265
105,17,61.375031776073556,14.495334666435427,4.121211645904457,1.0372013855527804,3.7066132015788447
105,18,68.41086678861436,30.996339587899158,3.1613839144237064,0.7409747598174996,2.5918002394070627
105,19,54.70298797421586,17.829739868684324,3.063758464629798,0.65005447323994,2.3868438009593684
105,20,61.43538087174737,20.312179459288238,3.505653758067728,0.9271371720910868,3.2049572896578917
105,21,89.77781964938222,38.48140412733552,2.6029872806339114,0.5023822792780712,2.165355700809442
105,22,55.807973730676586,15.89603224772457,2.9426734459042914,0.5541564936321923,2.217078326962502
105,23,82.95492785398092,44.11664016455428,2.5071299513484986,0.47573831180012904,2.0141200031525504
105,24,60.28102980124102,22.06608322071837,2.4146966115246906,0.588587528353532,2.2175877558551536
105,25,57.14281676416371,26.819241702870464,1.9341460027012158,0.622055687905168,2.259500929438898
105,26,65.61290031993815,24.510893845159828,2.8055926853516233,0.6116391121975182,2.3791524345297557
105,27,49.432639362365094,17.51440642370081,2.3711722596598017,0.47366468049000066,1.990461248414953
105,28,66.37629754374493,19.880314488236465,3.4212911974757167,0.530711341214003,2.3323995077720823
105,29,47.3014315976049,19.03682290543974,2.4349190770434457,0.5854946710314475,2.2250191446540666
105,30,35.97587571537291,4.2264999636,3.9054311462664937,0.7653160291862791,2.9598997008301144
105,31,63.16780305347128,14.019665417102914,2.905259644063189,0.6278003007424835,2.4469251665673366
106,0,44.10660289906642,19.097412686524798,5.927853583890171,0.9808294300337126,3.599622255211564
106,1,53.856977616924894,20.691872382441638,2.3737694796274305,0.47975785878638,2.003164960042217
106,2,38.06087424768598,14.790748811465196,1.3624050502350975,0.4331512317284456,1.798982876502198
106,3,25.321281030779478,3.1749868828966212,1.8101494383115027,0.22975963698732604,1.5112799603562004
106,4,43.582215428156815,10.943305872862403,2.479914201457695,0.515456361038463,2.0504514147470045
106,5,46.98012746946921,4.010530712435473,2.6667007190263563,0.6033516893342092,2.30816583901888
106,6,42.42612504226854,6.605239584343365,3.2423624827108855,0.5704269900813514,2.351647808705706
106,7,45.733777668135666,10.311399608643747,3.939731861531776,0.7106617837035092,2.7034695747728588
106,8,56.908278473562774,16.33190166310355,4.902192814463038,0.9877549136240598,3.571352193205219
106,9,57.7874769234679,22.547260178012472,4.683893458943041,0.868570838469644,3.4018444588402814
106,10,48.03312744540564,11.020867415852033,4.230223852282256,0.9893556316838206,3.812224054762254
106,11,43.966665523350045,10.185628018736974,5.46777493278443,1.095401836253326,4.209446718683878
106,12,48.54917797220104,11.60384181883562,4.859054106426587,0.7559277090959116,2.920479968808531
106,13,45.79100212681691,11.648972381284292,5.269829531027296,0.9360440240644206,3.6731526250636297
106,14,42.819257659532525,8.557118423566367,4.882398086966063,1.0535470477646998,4.025849900527877
106,15,66.703007183726,18.10703641095366,4.098365514766751,0.9967958600745934,3.6672850684832907
106,16,111.1710318081424,55.55937644747105,2.9348790834965133,0.7949116270111847,2.85009924139651
106,17,117.59902992302278,58.61608172736786,2.6542894639044006,0.8342702560444799,2.7023198030796327
106,18,82.82755995085589,37.00237448409868,2.478813238220384,0.731225339231202,2.3476027908679185
106,19,74.19324842151195,29.900886983588304,1.9467992978436264,0.5359320774104834,1.9325475612755807
106,20,90.19095361375369,40.898301470656634,2.3821767090585615,0.6339450538289739,2.2934556285605976
106,21,68.34544556683663,26.663289124172504,1.3791045631750034,0.34470471258367086,1.6488507968718635
106,22,78.29248348133305,36.02273301461718,2.1243717548638634,0.6745029787665056,2.2712473286686095
106,23,86.71758232345535,45.77091769462248,1.6578114808521272,0.48859290831022184,1.873347111734745
106,24,83.72701595449826,48.529028109187664,1.2250605581065708,0.43839123837431915,1.733515034980179
106,25,92.8850610637549,58.19098932386811,1.0946036806559092,0.559755019445209,1.9387284838332024
106,26,95.98220519573388,51.94397461070862,1.471570989050389,0.4332802418467785,1.7700140821389252
106,27,57.044715847535116,16.47071634951287,1.755699521200282,0.5622084028277059,2.0696010166563044
106,28,96.57592719255763,48.81455135596965,2.210115220440908,0.5000321207962464,2.0506385581319466
106,29,72.0063051249702,34.15894574036035,1.5113882236548128,0.4755450123500624,1.855705428959091
106,30,70.67077218447172,27.29814650882106,2.7066333283619013,0.6776169411661468,2.516143039382994
106,31,99.37975156448353,45.939889720950575,2.3812342877545096,0.6224627005064551,2.3308238148371707
107,0,48.87235400830362,21.81911007287308,5.409723741530344,1.0372454294291273,3.607194913020718
107,1,29.584912395139554,2.3666773699738393,2.4524851354990655,0.4732309188303909,2.0110756313036786
107,2,41.53983421871308,21.661756727189797,1.3692499461135703,0.4445562647467818,1.8199351894630742
107,3,24.1775333103511,4.801276119886128,1.9472458047111854,0.2865530707631403,1.6032903990787284
107,4,32.970133807951854,9.08290625212518,2.3573710360495994,0.5957342863197352,2.1464318262909985
107,5,56.02415785683635,20.195577095376255,2.8887669315664724,0.9855204336611978,3.165696046300302
107,6,60.650483560963764,14.348459209340728,3.7540284992388804,0.8442985589187506,3.109456759918244
107,7,62.34660249926278,22.495027603577718,4.11101302014414,0.9193790522212915,3.259020676706899
107,8,57.31556250012916,15.148001099741286,3.890783299692906,1.1953372423600372,4.001123873287664
107,9,41.84017541409422,10.925080270118078,4.494139348367362,0.95983225999856,3.650994659371481
107,10,54.22448545598587,16.82062542849998,3.9213484725228036,1.3086741103461388,4.735612062665224
107,11,39.563466486333404,7.20344806237566,5.100215671774389,1.0852851789465765,4.038644414609668
107,12,54.15691367549635,16.377443765560376,4.823965565592812,0.6688865378583282,2.677089147197726
107,13,44.884063584280256,8.61932618739563,4.599480752779995,0.935387770252218,3.51586442454276
107,14,57.92414071942551,13.168188323576043,4.201443288315886,1.0443002770974585,3.7002200986060823
107,15,64.53243386387513,14.876238674564362,3.6280721959154043,1.097082423411348,3.8263905319118714
107,16,91.30677980455178,42.37612122925656,3.4503576601839514,1.0574799416273164,3.5559171244732863
107,17,112.25125453419466,49.60180792451291,3.686806683030225,0.9349963831159069,3.298317282743344
107,18,70.54322374267149,29.19015631406185,2.5252729792585775,0.556173336120172,2.1038812425112075
107,19,74.15447734293534,34.97748226355809,2.7155934915203686,0.7060152695242787,2.428070103249824
107,20,72.91298619600042,27.723363484334165,3.032573570518281,0.7377776761201282,2.6182032299736515
107,21,64.48344005482815,20.335203467746837,2.166015541325672,0.4461265263687011,1.966842027938951
107,22,75.81145971109656,33.563001353854304,2.4690639290833776,0.5961689894989899,2.205230289845911
107,23,70.82348242530229,32.12462322693225,2.150170615132246,0.3744972476654578,1.781557264806309
107,24,101.22208355739116,60.28905287675414,2.062403182972755,0.4972238855551758,2.0065536457813744
107,25,96.65722515441603,67.73397216369851,1.5166020086272558,0.46781383011939903,1.9048948258266656
107,26,60.48010387537849,21.914549654744004,2.115197915340019,0.48616803306234146,1.9801065881499793
107,27,55.31821384308791,22.651013976806716,2.060149947024679,0.5036185223229621,1.985572144318846
107,28,92.55082587662483,51.28337938141149,2.4225029803762883,0.46990838314601646,2.035801260995292
107,29,61.26301189540116,23.472238171889344,2.1492679488082187,0.5685103767138635,2.1150137471759796
107,30,77.1462722270842,29.462953348006632,3.4566934380773184,0.7027378211164383,2.66433179738723
107,31,91.73437275168074,36.12806653620592,2.597057416003548,0.6125737095132044,2.3066854106826375
108,0,40.29930416943636,15.870080804581601,5.724328106722012,0.9767117591875456,3.537704425110409
108,1,48.57147193376681,18.562441966625485,2.3656210991806774,0.4231331066252051,1.9167576191063715
108,2,37.43574320524803,22.308030064402786,1.518355543865221,0.4703138210312712,1.877006797887455
108,3,69.3910457215367,39.13233529817964,2.407015775142416,0.5108515692253457,2.008718090867365
108,4,110.27882579684747,67.14123116227867,3.629244634501915,0.7115914288720537,2.6513968946133506
108,5,84.33432546688499,26.417344760319484,3.46305802758126,0.7763819984550819,2.836452544727476
108,6,81.14396786500437,31.58826914336428,3.9704476928283388,0.6386933224200586,2.583223104509621
108,7,105.72142815711754,54.60237041064549,4.5128800231632615,0.8683987813798382,3.334791535356162
108,8,146.6277461372888,92.51088592248324,5.793521428048191,0.9658471062396199,3.8798014115275654
108,9,122.78317234162064,75.52770981326171,5.511810412383097,1.1608773579983378,4.436432665405096
108,10,102.55645060236289,51.45605285410704,4.480287153827986,1.0835654975520974,3.932893926089985
108,11,97.56377710222469,51.903523685367446,5.570915061819711,0.9148003310381343,3.715427796383445
108,12,90.24216417717886,42.703316020889865,5.520499328875138,0.6854641095099954,2.8874759965652657
108,13,103.74702651134274,56.49686721125761,6.002701812379955,1.0836583745443367,4.27570715214383
108,14,120.04847756865988,66.01502319942637,5.349582710914426,1.176262438532941,4.75799281052394
108,15,119.1786377956966,59.93736636627244,4.0361236194992,1.0907458631997695,3.919997285949342
108,16,107.84301688853884,52.779845136655155,3.5058828000311824,0.7545754763575641,2.8588742931976805
108,17,111.80409751325385,51.83150527806395,3.5595212211762073,0.925680519878024,3.1475636489745122
108,18,63.638612026596235,26.450090307362906,2.6662146264636677,0.5205525722881914,2.0483059581045007
108,19,86.27119648537249,46.12813619103464,2.1115719497024656,0.4968736531742497,1.918745605233327
108,20,91.01551158707139,40.48693506596952,3.154440583828237,0.5976882046415155,2.3748823087084845
108,21,67.76376131306958,22.524750217198452,2.0302048713546323,0.625211856283272,2.2701363058113975
108,22,72.51915657500105,27.426530372364017,1.923687693510213,0.5596467769442546,2.0529777733549555
108,23,65.70090237729221,27.83673114724531,1.8472436954749847,0.41041259681692677,1.8251862504889742
108,24,83.86177834529252,48.99542895487853,1.8777827069386903,0.4716908353719298,1.938228733906061
108,25,66.49975293961086,45.6154495798211,1.5410478462784822,0.4310933373127326,1.852897625229791
108,26,73.48383739965004,34.28814737063401,2.4237468963158046,0.5986953984282608,2.274878152510247
108,27,93.92625560532736,53.02974040810139,2.7229358526408687,0.8645097772195225,2.8632465671140253
108,28,180.6133606939661,126.08575062347374,3.31166679587219,0.8752413309248253,3.236393393445506
108,29,76.55009428782412,45.59105994015946,2.170849816593802,0.7876244706009672,2.5892533008061216
108,30,150.71045270452964,96.73475940253505,3.7294503020467036,1.2536152543987034,4.4652780362861275
108,31,129.67968655349438,65.5223051424805,2.4901717253253857,0.7358657254357652,2.666725863865923
109,0,42.52340198680638,15.317376028227798,5.928369550239475,1.0059797862499398,3.7055022724609654
109,1,40.922335635419785,13.677491526368813,2.2982674917273638,0.4540755924267992,1.965764125657032
109,2,35.00114145923857,17.82909034658578,1.4291520166285343,0.36938977187505984,1.7294532400715357
109,3,72.61707722454051,42.35923411181979,1.7287858062749626,0.23222461397382732,1.521935444132849
109,4,107.17109337994285,64.22061713751302,2.1031656676076,0.4675851730195326,1.9171833203455297
109,5,77.25909229984987,20.536855895956343,2.7535383498538897,0.7227657861798189,2.606601406716792
109,6,78.92052824445227,26.160430982497157,2.8416099842726794,0.4818075375115729,2.1252373200116037
109,7,119.94312539450144,66.68050438127365,3.7574684425384444,0.8417567117886486,2.9771018672261693
109,8,108.50010118003738,53.96968111055412,4.8745755515003175,1.048098056592826,3.758871263534651
109,9,123.37965278734504,75.0374909872589,4.481827425665664,0.8128257410094886,3.1907284498488586
109,10,92.60876652113645,41.79872276768276,3.6929658021323126,1.0586541642513199,3.8431577424878576
109,11,84.01817486460268,39.993670329609614,5.189672214346516,0.949239523546674,3.6733312100668103
109,12,87.19151380489161,40.41612233892054,4.466083349743718,0.6182576596261615,2.488986366002318
109,13,102.3730912800903,55.90198832200586,4.968243052246807,0.9173081969816117,3.567143979353048
109,14,110.964670514945,55.82069931340865,4.562663815550046,1.0408234016356852,3.9206433054760015
109,15,115.84672057168854,55.33395713095106,3.4883212793545084,1.0183654683012406,3.5768418367908676
109,16,80.50141795206034,31.94198610466163,2.869861222686504,0.8556960703287197,2.9692919267510702
109,17,94.04013523824872,38.046950456741314,3.02684103560051,0.851963538265688,2.8230175401659636
109,18,72.44962224152026,32.67356576061514,2.3269233277822847,0.7510253618485896,2.41794578458665
109,19,76.64506323438214,37.0082321726173,1.9274411576146946,0.5287177655576123,1.9789743535754114
109,20,72.53280989235455,31.06099755717267,1.9317606180274425,0.5810794281234581,2.1230795035847843
109,21,70.45278139207086,29.551635691660387,1.8224187233960634,0.5152399301597259,1.9720693068534667
109,22,81.89969799227524,35.809356295147275,2.0741244606306823,0.6866158610192925,2.326089837591622
109,23,73.09652161145672,35.10632564375918,1.5404537259209743,0.5178433098472741,1.924240932123606
109,24,78.45315178176597,43.32129709287583,1.2998980443901234,0.5121180470727413,1.8515923909120326
109,25,70.10015096745576,35.864619255969096,1.1334877784942985,0.6210288768727872,2.0582756046967625
109,26,79.55666473179866,36.50343466159305,1.5614987278881984,0.5680881523321228,2.043741285678253
109,27,80.40231319695417,41.598127676602495,1.741510773715101,0.5954934150337874,2.1595838297863255
109,28,142.8098789202927,87.33512050072494,2.262304619580049,0.509147417287211,2.0966141913891767
109,29,93.1183842911145,54.677707094227515,1.2761639141010788,0.47172566954334805,1.8173859957901197
109,30,117.49409941609863,68.86097501977298,2.8620444200080084,0.8303843048972701,2.8419559648068193
109,31,108.97940830231838,45.83215709688812,2.3059126702448776,0.6256922803024239,2.3319504303883627
110,0,51.409131170311596,21.24977150699973,5.525060568088867,1.0409940411488332,3.632973557738554
110,1,45.16530762709098,13.038540891400624,2.1302624213672434,0.4855569376482518,2.0079201248442904
110,2,46.19002161860496,26.816287810314673,1.1632767404163529,0.41711534199541145,1.7507821792241525
110,3,27.12307898492609,5.551775858357206,1.6536523330287354,0.23760333879351325,1.512751261306604
110,4,32.879746007816465,4.9922151555654315,1.8977236738581982,0.46428097321856443,1.87810086926715
110,5,74.8929283700685,31.520453436116654,2.9229585002812692,0.9798595169007718,3.2188112104869924
110,6,55.42885796686773,8.36947735271113,2.9105746295002395,0.6664107845415925,2.5278105107136644
110,7,51.882204590277446,11.577848722001695,3.938007374390145,0.936014185318816,3.3026453981267463
110,8,68.91170310190839,22.42834900361941,3.7904970161676594,1.129191491246301,3.808819561240825
110,9,52.223465139342785,10.890814354728949,4.258780843634916,0.8926323583575293,3.406217405213436
110,10,71.06524737885073,23.27171436981834,3.6728715982669637,1.2682242186866866,4.528560856392809
110,11,63.393073544023004,23.878055627219652,5.469150835202135,1.1120202818124225,4.259492250187615
110,12,75.83283861879252,28.839485780282082,5.204019242661454,0.6671786410362497,2.7777681812059556
110,13,61.51764394771557,20.027772013319275,4.631936713549969,1.1754107373084146,4.40145264298174
110,14,52.809238824039035,11.29947216653225,4.84840726108441,1.1616997713580757,4.380994458851301
110,15,68.49157172078124,16.37582060508674,3.8630652892080004,1.1537575218516185,4.200974174045945
110,16,115.55466675392216,49.36219296327874,3.6972236037482826,1.068936985527948,3.8289808921438584
110,17,123.06477922026592,60.307411928898276,4.065630178503296,0.9416688471112336,3.3786586259990696
110,18,104.94454745622738,52.91131362671533,2.880192635784149,0.5904233435749715,2.278319972569408
110,19,96.61587988286908,51.09832581234241,3.0255697688098797,0.7089828551712207,2.579555929499563
110,20,109.03368052635624,54.59092654263655,3.1231893215940185,0.9540579493556174,3.2627766557957827
110,21,96.64444528835405,43.07993047755593,2.646292296874385,0.6568376168301682,2.4896677261028675
110,22,78.10057697116136,32.40539933298243,2.458341852207629,0.6237991720045466,2.3096507906691492
110,23,88.36010533754315,47.07931889041885,1.974549642256184,0.39275676521643543,1.7965431904485312
110,24,102.52599414463941,62.04815258062312,2.2486243422720293,0.5172223419586306,2.0684506863919556
110,25,109.6521673443655,74.32400318100491,1.8305600473006116,0.5525979164826911,2.112807879485247
110,26,86.22845624607997,41.328998108129724,2.394363837412041,0.6868345195979124,2.3992989623684404
110,27,71.28141765672339,33.49679258400382,2.1960252785356236,0.6048331127190103,2.2297710104733692
110,28,129.46823868233687,75.55530302626954,2.853844478232002,0.6080607849668134,2.4035040328041335
110,29,84.68801967497012,43.69045403065405,1.9603667119623276,0.8070387079509189,2.505326674131078
110,30,84.19809569668013,39.846798132386375,4.045094249245729,0.9034690329774611,3.3527569557830312
110,31,107.5274088045144,47.455373107429466,2.649667706341636,0.6411175313252491,2.4136593409755953
111,0,43.43395241382697,17.808658821977666,6.142008639828154,0.9540713940434022,3.4220224535500456
111,1,78.25097125439541,40.8216351725822,2.6990733322381235,0.570700524962124,2.259815147138232
111,2,50.93780826814469,28.756860570938784,1.3529452775805217,0.33761801426454774,1.6858777446445201
111,3,54.53760352426991,25.022916582262095,1.7734039483926414,0.2686329992444403,1.5764968808976176
111,4,41.629885951985585,9.363513629762888,2.010972558951625,0.4626307972788761,1.9055696653311114
111,5,99.97895012170926,43.27592584129081,2.339294110891599,0.5930656803523782,2.279026568165222
111,6,90.67588819768199,38.409102788417286,3.1613601485687863,0.5969266234789359,2.4340973214357544
111,7,83.6678918996406,31.98541009789625,3.743948244464883,0.7234437146114279,2.7148899304026988
111,8,68.49532508221472,23.347914153732034,4.547421334872446,0.9826361350445652,3.6622434077068053
111,9,56.271364394095464,17.240942568692468,4.33097586634956,0.8781403559210368,3.354213016345491
111,10,82.64345255086386,30.811299150893866,3.88324257552369,0.8803404096123595,3.406751270605197
111,11,50.34499904752953,5.782433646102719,5.221475699767554,1.0431122820399388,3.9144385753928854
111,12,51.27107360258004,8.469571289779017,4.8593103282758365,0.6093005633345898,2.583229976238643
111,13,74.01518516002508,27.303083265115305,5.188768640971933,1.0184308471258863,3.8813722712781296
111,14,95.85250393239743,41.986298731320616,4.194440543496178,0.8809776169732526,3.323814252057021
111,15,83.21667176620359,31.584493288550092,4.5721342220068655,1.1529410194127871,4.347911349759224
111,16,56.329492236704915,10.062457988268545,3.805436834380908,1.27566890174545,4.594044369437302
111,17,69.39421936057431,16.336087051469036,4.643920776350843,1.0934269546351425,3.9974032438517324
111,18,39.789283691464206,2.59558481351516,3.0635962989214742,0.7673178755109347,2.671430032640429
111,19,83.53462270266601,40.79597617867236,3.1981722706340534,0.6782756620346673,2.5916451596872165
111,20,57.97361652632998,14.283912252979796,3.357284208621707,1.0023503333377604,3.3824078272333447
111,21,67.70560074746683,19.975699704906646,3.0642380614762317,0.6986145653864058,2.6639536074997663
111,22,83.48923677958342,36.01035245910214,2.8756163759746856,0.5258280358401839,2.1837799855616438
111,23,71.0413127570859,28.254600790963345,2.3827478069992867,0.47496700643472556,2.0226846571089756
111,24,53.18034109887655,19.770857801946796,2.4341960382932424,0.6025476429755607,2.274778490849565
111,25,79.56465287230385,50.548853245905114,1.888574709687531,0.47975414608955824,1.9655301228275388
111,26,64.53317587047084,26.968175370684015,2.694059350992961,0.7855119992959172,2.746019711393055
111,27,48.85011775063596,13.106172521995678,2.2160811555879727,0.6543033994478318,2.291602405132178
111,28,94.11409050493383,48.17871615863194,2.8103141599673824,0.6523427335430454,2.5465567841916275
111,29,68.08436329878742,27.953648095349045,2.1704247933658385,0.5875588175762858,2.1961017008929558
111,30,67.05077271939375,24.896048357214124,3.7279752291540804,0.8602835726194753,3.246243790751391
111,31,77.30789639409963,27.749405140884573,2.7086437146672537,0.7700020381290074,2.742928252622481
112,0,43.843107633344644,13.401090199739583,6.341192913729135,0.8596776547888494,3.191017101150466
112,1,92.34477426359005,50.821414222229365,2.5246555863030125,0.5346110184529991,2.1202797633049704
112,2,39.20666512764585,18.60161975410719,1.4177358945667904,0.44856900118591625,1.8577408616012576
112,3,76.07178087862115,41.62290178685427,1.9122253971617014,0.3616407347147239,1.7501904724368882
112,4,88.83899041113465,41.847803450957585,2.777429654586723,0.6140639561946521,2.334444460754331
112,5,109.6834645054991,50.265113441573085,3.4562747233087316,0.8628147863361697,3.0954526435976475
112,6,89.07067478479732,41.029181775371256,3.746627073107443,0.7835628744259031,2.9157431054412166
112,7,66.47750151637945,18.355406907640116,3.9973631356583934,0.7374253777386088,2.802362953188864
112,8,66.03854901497093,16.27498323809405,4.802526160943394,1.1524734139144535,4.082463316021135
112,9,68.87516589534238,24.842119967983116,4.91140849128519,1.0275912535888647,3.909819016769519
112,10,97.67280954224552,43.74902047387751,4.628010576448602,1.1560041485705757,4.461506866980703
112,11,50.11422983841422,10.601722402987402,5.404038779635748,1.1155912838432158,4.239295254914122
112,12,54.80854659550684,11.563149145763568,5.137988846352739,0.6627033492849623,2.7503677588051154
112,13,50.626729191674244,9.338887653950984,5.965941863190162,1.044259075667986,4.113228594655433
112,14,76.19296412782735,25.112112366426125,4.6560734239454,1.0373163509628904,3.8792267578987865
112,15,61.91697724350859,16.75136451909318,4.3229866770260035,1.1627933941320583,4.2319257166484485
112,16,42.48344354593121,1.9216635788663576,3.69105008400959,1.1182464117202482,4.00336817106456
112,17,53.33823184265195,8.814057010755429,4.3260889420927775,1.0617912675623762,3.848445298806682
112,18,34.94492456166751,4.978757401847532,3.0950592158319883,0.7513214960015939,2.66644397301027
112,19,55.749227260382106,17.68650849609834,3.0884953266161177,0.7719758475653644,2.7135986846084172
112,20,78.60764055260029,28.257044883054277,3.2159389526291027,0.78272172958475,2.903715995914771
112,21,61.29260535679393,14.374752797485383,3.1363396650490643,0.640548400692817,2.51653775144004
112,22,55.55409660525015,12.05499011996455,3.2061256133694664,0.5996118538071995,2.4162395391220794
112,23,65.8432510944901,23.313356003658605,2.6576162407001096,0.4923590368592321,2.101729065517586
112,24,77.6857965759051,33.80577436173667,1.9819518208538813,0.5857332172981407,2.130427230385942
112,25,73.67391224421768,41.11024552574026,1.7139002053842378,0.5655513947580082,2.111826414511137
112,26,75.42826352434359,34.721849735451826,2.8353287972367656,0.6566011219737407,2.5312768674720703
112,27,104.72134077767566,56.889768554606235,2.4319747020057623,0.8116198784725928,2.6748214361230485
112,28,78.03664511785362,27.469700293957377,3.135636855946043,0.6991428320140054,2.629311911722355
112,29,40.41921358692262,9.992290199830338,2.0865742599505777,0.458133462274835,1.8911229880182818
112,30,49.57569918033738,9.247808636331403,3.7536342525464876,0.7958919107243068,2.976217863236105
112,31,57.33243718953143,5.270638700847762,2.672083561595633,0.6248095318309161,2.39592906236706
113,0,47.597566270853704,14.525194844664945,5.86877530271237,0.9827848826075964,3.529069963190819
113,1,47.24390505046563,16.412985067983243,2.5064305458654905,0.5354232146438802,2.137469750039019
113,2,41.10525947116508,17.09564122437619,1.0969259542084806,0.26629699695472087,1.4964926881649383
113,3,63.206379835181096,29.993009610275358,1.811478856720011,0.29126942916578846,1.5929003150240124
113,4,91.38200032184574,44.77715036512921,2.0443638134793645,0.48254226635202047,1.9238380549470513
113,5,124.23081230028254,55.89600666226798,2.2124414196244713,0.6053734245288838,2.2217652030383532
113,6,118.2948615020369,52.14699122140108,2.846251428303936,0.5080967079381269,2.1282431207094534
113,7,81.52076663158928,28.79140384396586,3.758366706744483,0.7049115379090152,2.5742775277501475
113,8,84.13960632487672,31.41234486400196,4.0451597318837,1.0398647742257907,3.5468072019940875
113,9,73.92479316534448,26.17334917596693,4.369312239831357,0.8035136150475264,3.115744964547092
113,10,102.21245304211527,41.59644328492486,3.6073852102994026,1.0727930719722965,3.7066162417091966
113,11,79.91789756470634,30.142240459333777,4.889134954414562,0.9646058168299056,3.597116675719819
113,12,124.16016692280618,67.87877790385377,4.312350604610456,0.6137800680189907,2.4384724031660965
113,13,73.18936738894377,23.238996452790776,4.397914604569251,0.9009201049068549,3.3394297803037345
113,14,100.16829931574226,42.195978435238345,3.862599293720145,0.7690535140777475,2.9478380613968116
113,15,85.0768557494707,40.76419457264172,4.1059879220495,0.9817661756627434,3.6401064334051054
113,16,85.31301213525035,35.05125656052196,3.558666314422103,0.9242271705849765,3.332412899005745
113,17,90.7846310909448,28.20243738292487,3.7844378364417643,0.691553300169895,2.679147311159398
113,18,56.6991379560983,15.999216305426575,3.2640296705858396,0.6186445492085064,2.412919192132217
113,19,68.91825095610372,24.795166959057998,2.8044680013219017,0.5134019626670407,2.127473773075558
113,20,65.65726602365702,20.08062884556633,2.922649074015197,0.9531672196914474,3.2382099658344914
113,21,81.98431240425467,34.5800615886022,2.4449141736690896,0.7326361248973443,2.5923971276108833
113,22,85.8715171848919,38.094177316218975,2.444932959646172,0.5755880618873395,2.1821847775929744
113,23,76.95348208757525,35.12134788342622,2.2410157586632975,0.5591926896871304,2.1053323364345036
113,24,36.95946893325157,11.694851125531134,1.7906543962581292,0.48602109426465456,1.9565719893151725
113,25,41.56466451318615,22.451277506103484,1.5713916790230669,0.42912648788073593,1.8529392045983841
113,26,65.54757838410717,25.557179988599113,2.21769112155096,0.6019281623299886,2.2003667590429457
113,27,78.19125279151493,37.735790828739916,2.0565340938390895,0.6063022194906158,2.143918072585274
113,28,86.31036671480499,35.84254210063983,2.532977636428175,0.4471306961081565,1.9961433779659914
113,29,40.407494104767814,12.176099426761601,1.8071034861710833,0.46951504256095533,1.890959881453723
113,30,47.74381315640255,9.772133458182601,3.2786099144390906,0.7568970908104373,2.7685226135030723
113,31,67.15149842688524,14.315361380401514,2.718690012441219,0.6200308182430829,2.3718821130326098
114,0,16.757487222515802,1.5378605251608006,6.187478940235174,0.9671179269290056,3.4341719808950963
114,1,50.018882080924186,16.492598852627573,2.104355841561366,0.43182469693381487,1.889742688573213
114,2,24.918775026441303,7.41283449030261,0.9325124494729623,0.2470525908008635,1.4515542868510487
114,3,41.11829330476469,12.38064204117577,1.536250013442058,0.20499418497934085,1.4399102405958462
114,4,36.53438903480698,7.345046237310102,1.8287678074931524,0.42142784952867274,1.8027643784877405
114,5,46.5218519636385,4.330228680367011,2.5707313731288735,0.5539803222010775,2.218237859548413
114,6,50.87704108885825,13.12368339918766,2.4119424581827626,0.494916797744287,2.0733270664276877
114,7,72.15619426001848,19.885397598628835,3.2875670677878093,0.672617378351585,2.453140478785765
114,8,54.424140794136925,12.002746760901564,4.220556461562025,1.1488527719836519,4.015851445266332
114,9,66.24209340199707,21.099520070514664,4.794025598802491,1.0447449604691306,3.9284876704434466
114,10,62.10002596092092,18.105005372739264,3.997924684810448,1.2224637295564542,4.348402951968127
114,11,56.70883847257254,14.48640461170851,5.2421761952821555,1.0140383561478776,3.794029885548208
114,12,90.81689259790946,38.96502738848953,4.843447338562337,0.6026689976050994,2.536909418057848
114,13,76.05258689077525,24.201682879026468,5.254760748731821,1.1449217961741383,4.379941112644256
114,14,64.73425059336083,17.571392462885328,3.731110491558784,1.0136886059734618,3.5658775064555646
114,15,91.36915740718902,36.0241150795645,4.1743739203991055,1.1636592260990195,4.282523244238063
114,16,93.16506796136773,40.49843241047496,3.5499375400201694,1.1029698655628786,3.9527055344844797
114,17,98.41317750322426,40.206023387340565,3.997548965225363,1.0296137644176078,3.713583905359136
114,18,51.064041410781705,11.6781162734436,2.739792019993244,0.6213848904039416,2.3367384392308246
114,19,73.05824384737724,32.15253756560709,2.9393021922667915,0.7502419927776818,2.70309534960306
114,20,78.58871328922217,27.315199681792837,3.1798222746361864,0.9333640057296222,3.2546688252699356
114,21,75.26626955777981,32.964326853529556,2.6156841951845804,0.6418593192745599,2.4581047720394396
114,22,105.0714707785174,51.096305036190365,2.40816369767132,0.6159148980510754,2.267212905098248
114,23,71.97368104345816,33.245726835243076,2.098270259074968,0.5420986165216619,2.097392316341902
114,24,109.26604063608829,68.73958868995422,2.255958203118259,0.8056926804437832,2.605002033561855
114,25,68.81771301700788,39.28019659759603,1.579052696712468,0.4836442318134999,1.9014961595567448
114,26,92.71925630415467,41.21544288106663,2.560801812978296,0.7912640902173509,2.6917999176386327
114,27,77.58200047802964,35.96722039431631,2.4635511480739636,0.5887246697611443,2.218078470109589
114,28,82.2689296341338,34.32416833908194,3.180780850480703,0.6246462613756742,2.5192351285413768
114,29,51.25099677162153,16.911490089961468,2.2875063342493753,0.7016771912333377,2.4575219491492875
114,30,82.93595210499302,37.8654455936963,3.7036006746421113,0.9112213081840816,3.4048323670766774
114,31,75.39457203846098,24.572040807435783,2.823409427285469,0.7716269918465253,2.7582292670096082
115,0,38.38256192116344,10.35396849183004,5.708958361394554,1.0569858376166499,3.7333789577004657
115,1,49.72219295573845,21.7974637404099,1.9679445079550182,0.4119427944016767,1.8655656546180026
115,2,46.25559256061149,24.95831504591359,1.3740220262318033,0.4740882655001766,1.8458754290053188
115,3,29.675782466933995,7.5733710773517116,1.8444619319034632,0.25741603086496845,1.5607859574974248
115,4,44.036027807144265,8.227249270807018,2.342793944341056,0.5582618943476896,2.116570193590159
115,5,37.75603764400098,6.264593602695154,2.3123176730209325,0.6034098989944212,2.255570240359576
115,6,81.5904792236393,24.932586722986294,3.2214682561812538,0.6522659683189733,2.460764392211813
115,7,60.791211377663146,18.787297162417488,3.779104062960924,0.7317684106403268,2.706529456955182
115,8,30.891558496208667,3.880493315965469,3.930459092354463,1.180656904911666,3.955320083713591
115,9,37.90289546025556,5.717869805008286,4.923271717347493,0.9756528083027263,3.745314971705542
115,10,57.854794575491816,13.907602145999734,3.8809679035214373,1.0882033205056088,3.8838074548186228
115,11,43.76752390039885,7.5817414547145425,4.940471048821337,0.9913644282242373,3.6208377279756765
115,12,61.6819231775568,19.020675438536614,4.5615952687086185,0.5488038802336508,2.3113531635169133
115,13,49.98934273906201,7.48745654070059,5.02013341413987,0.8741244063644675,3.3265613088001373
115,14,52.5373349128395,10.207785880332366,3.762480397958713,0.7535855765509005,2.9013809891311197
115,15,63.36616833934218,16.79423438707905,4.277748817212529,1.0887622304409375,4.004789561157027
115,16,85.41422689709512,34.8377277486276,3.4365737701461323,0.9672734599648511,3.4271031286035214
115,17,63.523695394899086,14.836356671446918,3.7075720869795585,0.8731523551324001,3.1215393239833196
115,18,56.962106351815265,14.331262348835935,3.275637362713005,0.6108438298954977,2.3710444207615504
115,19,89.67142013248056,45.06717239278731,2.753879045761975,0.6883441681719802,2.4239207533737765
115,20,87.69598812035339,35.31870286236499,2.9583896215898826,0.7998450179416281,2.823000369846452
115,21,78.78794687439515,29.972027118961925,2.7883016621215075,0.6566080604021938,2.507320192549576
115,22,104.90165910870407,54.5462633790066,2.3733584516695787,0.5481175595851,2.1777623229350445
115,23,89.39104019848278,46.62364323635197,1.922048034549396,0.3615871392168968,1.7749240600127454
115,24,143.65038168269786,102.8290355346717,1.4428043068357672,0.5924459913275366,2.042646708323007
115,25,64.14555651060658,34.8272673943973,1.3465080654995307,0.3497685663251504,1.6941130718507227
115,26,104.47339316606568,53.794117843462814,2.168016247843993,0.5299479112386476,2.118141506112646
115,27,83.11688173340161,37.76451545463475,1.8900568374789635,0.6400050144560256,2.197031598908293
115,28,106.5410393292517,50.19218403872938,2.8419546879135016,0.491041553575128,2.138634302597837
115,29,65.54065572960621,28.396783361887337,2.006954950754313,0.40262788184588505,1.8059821123711584
115,30,90.89915529651904,41.71829126700181,3.3643403114387613,0.7216641440124896,2.6954045631893937
115,31,89.29257244766748,33.43609247321264,2.795870607069566,0.6092992826624122,2.376665029959977
116,0,47.09375737060131,17.101024419060465,6.171397523186285,0.93296995877495,3.339459057741314
116,1,75.32714453258728,38.89553330207755,2.0561183763647612,0.46812801847510155,1.9484453508531792
116,2,46.21200441109721,27.675698805070773,1.2440062279947661,0.4351834009423452,1.77336562638965
116,3,51.26643915656872,20.381009649581223,1.9828467436911266,0.32463235856846784,1.650914276646644
116,4,62.803494593873424,20.91616594086085,2.1066779820084904,0.4754009199522278,1.9181281992189332
116,5,63.45628940318135,19.429838088461132,2.8839332998695513,0.7133386684297789,2.522981387684449
116,6,84.32676318623666,24.585989727820184,3.0362666116504378,0.651790812818065,2.483536786107168
116,7,82.23326681740046,31.545546885821388,3.8982097625862577,0.7289373706368947,2.7495339216856682
116,8,59.521827240432465,15.483094923014388,4.2134821911103515,1.0351010303386339,3.6002004260476532
116,9,55.188234440038315,11.434828797991813,4.789944760471501,0.9717801599790619,3.783551013338519
116,10,52.15570901432228,8.534151292807781,3.7822254998611458,1.129937180869681,4.081622794469783
116,11,56.30094752932294,14.009045418728276,4.9109395561159195,1.015570858832862,3.7225975796202624
116,12,32.536301312671384,1.5052686158468576,4.208302890863393,0.5505118752417877,2.3045315734953293
116,13,54.676245359253976,12.418401698815702,4.106503594796326,0.8301600865478367,3.0921356996316556
116,14,67.26507323312131,18.592738193442536,3.288256205059442,0.7103962021487042,2.7279128860911093
116,15,67.42783908643115,17.09690427668471,3.747522992366764,1.0627316224268482,3.8082531611823534
116,16,48.60301043005523,6.861435088126571,3.2221154025220957,0.9774273434803082,3.3350616106584328
116,17,51.478988808736055,10.517486802029289,3.4795647693297393,0.7395212236953084,2.7265482646755617
116,18,48.876442024708666,11.907693122447894,2.909055859682858,0.7124531291752656,2.5582406573781538
116,19,38.78121137178371,7.165248568308703,2.4072391378135043,0.6550168447281468,2.306587402446237
116,20,59.68468629729594,10.30712697997528,2.9436223171178066,0.8239926861757714,2.918464170386488
116,21,70.34643958497252,24.591957197481207,2.3325120142132425,0.6807266464125776,2.4643872294905935
116,22,81.10386661965094,30.66967118725946,1.985083172351649,0.5629894953115999,2.1312539154751984
116,23,57.113168150655696,15.966683089257277,1.9207644168375329,0.4719449765627075,1.973407893977595
116,24,96.31854400788217,52.68325718008738,1.7139683816474212,0.6803523078041196,2.3253698880606732
116,25,37.84013914330378,13.93929701730437,1.3064584324421271,0.43841537231189,1.8303931086861005
116,26,57.152822453964234,20.629492258736875,1.944558302914167,0.5648116399454362,2.112823599542211
116,27,65.95225457272329,22.762019229168367,1.7897612429666057,0.655777671119141,2.193309984891678
116,28,79.55045109234845,33.335175320755454,2.1871656641855663,0.4614814383380894,1.9926791740115313
116,29,39.36385071930644,9.539897889563436,1.7688075365089135,0.46505436169252157,1.8958279570822127
116,30,67.44246385915099,19.71183013824278,3.359761185411447,0.7622080540486627,2.8106944938651472
116,31,49.492576344077506,5.303890222335999,2.7640393837736337,0.6432426125107189,2.4338815852743743
117,0,21.221960999443862,3.737393887776866,6.305893503480554,0.9706432388569368,3.427987545004567
117,1,50.22004726279122,19.800861552848545,2.048127306078662,0.4053387161171438,1.8596733277383146
117,2,31.975891319879008,13.296432076073346,1.0960736113405507,0.3861878252027029,1.6611307649457288
117,3,44.53928083185596,14.858196549716746,1.4686877703687948,0.20132905775418442,1.4284571060871194
117,4,51.36532234473627,13.731117355314975,2.3728976116850746,0.5260855304404171,2.0564252379050854
117,5,61.847998163237925,17.869382094416665,3.0144782262260486,0.7549511397318738,2.6545780921224944
117,6,84.4228577441333,28.03458894790774,3.422013016129937,0.5734914598444032,2.4124941744484047
117,7,81.23429177085646,27.575154884768246,4.219918200948133,0.7403642442547849,2.7918754646146144
117,8,83.57770394917077,35.76145458221613,4.416941405804439,1.2230012993263921,4.2199765572094
117,9,110.89096306638734,54.785934453511366,5.310718355442652,1.208081071944319,4.7119728060931
117,10,127.6914533465312,66.93328890602949,4.5429507314475845,1.2463074648621717,4.776593892720939
117,11,80.02836817628068,32.45702179801742,5.583459174875919,1.0763081613250725,4.190543421157086
117,12,142.20781015628913,79.7497158759372,5.195514616153027,0.7574319015168918,3.099860428938367
117,13,94.25567124315893,37.90032631314352,5.659828805266329,1.1138129012004647,4.438812906363881
117,14,115.85156237857058,58.46320560558208,4.977756734969197,1.2062854802645973,4.536197826499857
117,15,152.28879554662328,86.90596947180555,4.676969160822159,1.0943741831078349,4.309047284304566
117,16,124.30532957766351,66.65309919198495,4.166595163240704,1.1129730273465057,4.1648516711022205
117,17,95.06401137014393,39.90936417336721,4.573978504164828,1.010463821966746,3.7998841474637337
117,18,72.11640932965989,27.799994362397495,3.115315613971685,0.7023634906050047,2.5334084251842244
117,19,108.84173047075974,59.22676060184464,3.179647513580676,0.7641842652619437,2.741263023590986
117,20,107.21255379072883,51.178489361976915,3.5459941772728136,0.815598070499135,3.0162081943610426
117,21,104.6500434502971,47.06112406067847,2.5770992514760698,0.6523551344654566,2.4711830572049696
117,22,106.05837087424486,53.48151900397852,2.6633497748177355,0.6275064797279515,2.326631571944546
117,23,74.01243758937389,31.58643426323502,2.122067395778902,0.4503590002078828,1.9205678229179457
117,24,88.54268120429143,46.58036102253663,2.511507575393643,0.6305776579967883,2.3049759949628026
117,25,63.920711536794684,32.7064874724564,1.7913456841456226,0.49126700335592854,1.9660643374085998
117,26,118.73053304894394,60.337989156219884,2.9200767572214286,0.8829288807020763,2.957445424855555
117,27,100.19744903105112,50.141188908231285,2.7843833339812765,0.6638340177335631,2.4439362115757133
117,28,93.05011802453117,34.45582036999512,3.2378490780236313,0.7210891258239998,2.739094149105954
117,29,52.84410319996567,21.328830880499602,2.327438418784501,0.7671869247914174,2.5759619212302405
117,30,81.29774865685528,32.678396615323926,4.066653019190622,1.100809228009303,4.089939529068576
117,31,81.86135066886133,32.805504488542354,2.745213848871244,0.8048933305505215,2.8228512360326863
118,0,92.18056375370327,58.76299626889583,6.032020594279172,1.4121487339922671,5.391058702107487
118,1,99.76507773451621,65.08081315929186,2.7541728383707085,0.6766945186708582,2.446060669439485
118,2,74.22235772649617,46.95801218753087,1.5145004385705263,0.3308905165894418,1.6998397252221156
118,3,92.96790971795852,59.371296380348944,2.357772018388676,0.47581900496927565,2.0135563330791166
118,4,99.19597312168719,55.73258468272222,3.4500600739725114,0.6028173707225735,2.4087186040496773
118,5,98.94293436332046,40.562260870254576,3.4157193169356437,0.859311265798453,3.0360809402076265
118,6,113.43851651126965,53.64754088382173,4.16932288449909,0.7724425904333785,3.041658464084476
118,7,74.43945866816931,20.383285559444204,4.401748223874332,0.8858570661658485,3.372634034452247
118,8,63.838081951006735,17.198931146446043,4.921863674394618,1.1705133734958224,4.293254158546286
118,9,62.771804179961805,16.651322680263693,5.186996899163528,0.9676366738481255,3.8347978067670745
118,10,46.82471564513844,5.697162226567943,4.985690243532558,1.1492615548633172,4.495962146331458
118,11,57.985530534894174,18.181939718443022,5.356550686470583,1.0537124018601167,4.063426986135403
118,12,53.5262214601734,13.945339316446553,5.433552102563906,0.7866068372285362,3.1497859015827134
118,13,57.61274590417436,9.265615350860491,6.067676768152997,1.0327515749843972,4.1834830605335025
118,14,77.50725132504715,25.205753313968714,5.157140574046795,1.2718706558820365,4.944934051940646
118,15,107.87971369842188,45.000831769231176,4.2709222640458595,1.026438852504274,3.8129438640012765
118,16,100.61612977838017,49.53026897588552,3.899509551846661,0.9883113452626029,3.6000420336571883
118,17,88.18472452412232,29.78853680992895,4.3330754158046405,0.9273440867857845,3.405092447151315
118,18,65.9521011127506,26.456308081596745,2.977705973907086,0.6583779329695836,2.402582364702131
118,19,89.12300428957545,36.880484998176314,3.1630012644176873,0.6753261819708314,2.5450694259705493
118,20,106.37942716140532,50.93634301854796,3.3208205756985825,0.8143655157127405,2.93924099214007
118,21,79.67342140889122,26.94678491884087,2.2275429176981283,0.5138202556788518,2.0804846579932548
118,22,85.81654169454836,35.18079978556811,2.764606324240553,0.7327522871222318,2.5398459368658877
118,23,82.86967271117018,38.00141207273968,2.320139398433782,0.43746045685481594,1.9214660107551855
118,24,69.97729431617654,27.365208279364136,2.5357083764676176,0.5794158485935998,2.23456502312196
118,25,60.19147776948117,26.851323835360773,2.0412453109019304,0.48321669410864665,2.026308078805816
118,26,80.70477706009657,34.27230881919,2.98633814265618,0.641244491297865,2.5012799571487614
118,27,68.57358298810118,27.205576243716745,2.404262298961578,0.6284319270700132,2.313614476566173
118,28,87.58220265809904,34.33942497589673,3.001729019081018,0.8011230310425588,2.88220462383142
118,29,64.65030150640047,26.7637667846967,2.487407053859059,0.6660326331678417,2.3984245462491676
118,30,69.86554958126555,18.823030017583072,3.8384182151267625,0.8270712810515768,3.0881557667859054
118,31,98.50455215601639,36.68818483337894,2.5858619872388102,0.5911864939516254,2.3028820378640535
119,0,114.97598933351252,81.67027442462702,5.182937403719435,1.0729440473396439,3.6042008063972535
119,1,88.68320885308836,55.91674288725305,2.4964486048611754,0.7016807816563801,2.4275773400575233
119,2,47.13700758294763,28.01479979124676,1.4307929188001705,0.3864396457005723,1.758876781866779
119,3,60.98066993050813,31.010939740784448,1.8662133862205064,0.40271680908306484,1.7930590490814442
119,4,60.7002764272987,21.26991839744357,2.9866041004428108,0.5100921796266857,2.1454192538294445
119,5,79.88410824141285,29.154725798484247,2.949468986977247,0.7471284544466181,2.686367766168464
119,6,80.49409497558,30.54554942482626,3.6499288610259795,0.5739701868610068,2.4000025426558955
119,7,75.14538125972584,21.602598903640303,4.4797178833100215,0.7309503872290986,2.8601869703879688
119,8,94.22498065991192,41.65393863646374,4.93076400797084,0.733357840020215,2.966613564968089
119,9,84.11049890371669,35.86884202267117,4.251013859087994,0.672349009959472,2.703794021066772
119,10,92.67428919417583,32.645239673720766,4.362039764279667,0.727923374189162,2.9711119701337747
119,11,57.71026383264417,12.775476289777126,5.122104874396264,0.8101122048532119,3.124946118257847
119,12,46.86355891981803,8.431222566236514,5.598782253091545,0.6542471325816459,2.7296633785510824
119,13,53.81819747065055,12.522150855902446,5.982560529699834,1.0311328315281827,4.073943528132003
119,14,44.850168588700356,7.1199209270076125,5.220941385933081,1.256140339783622,4.916557442996165
119,15,42.27621779442464,4.849912947824453,4.353857299601746,1.0612318596969814,4.00628768593904
119,16,64.86952775659991,15.952156434334952,4.188997659288751,0.9859008479131868,3.665579333657774
119,17,47.21256059840658,6.381690041218866,4.274695708892572,0.9837302409982422,3.557872477610122
119,18,56.07348496387499,19.543631779912054,3.127540949977621,0.6140309625106997,2.322663679464418
119,19,54.05185015613632,13.550534231405775,3.0979807942388784,0.6399505790106099,2.4506066158922017
119,20,81.08733533031861,35.499962575793845,3.3799217197121862,0.8196305608854857,2.9494191517622452
119,21,41.36765277369242,6.163838246332761,2.3716386179881703,0.5318809997019138,2.146464853197344
119,22,74.7456611747621,27.237472158658694,2.61203441295822,0.6587649362614689,2.4180632579029084
119,23,48.228265664191454,18.741411295409627,1.8895367471452533,0.3439517256654332,1.710320439753848
119,24,73.43353891649824,27.256049450112492,2.07220277730086,0.40329733083267394,1.8528080837219287
119,25,65.30321873744028,32.624319100300525,1.6585246789227188,0.4030081723922949,1.8195225916586932
119,26,51.30121181347434,8.693896708757016,2.8018022812156094,0.5481459553931605,2.238419140384052
119,27,58.86467032891048,15.043360173061863,2.6878709007301875,0.7344643348718218,2.571041831709483
119,28,103.28221382975647,44.252282515411025,3.292817643527992,0.7534723707608224,2.8409230523109095
119,29,62.14053463889996,24.497349419770693,2.3708795983601085,0.572105635122202,2.198751572184
119,30,64.6249802442225,19.23958744464001,4.066103769793354,0.7684654366112387,3.000359256203311
119,31,99.36926476327375,41.89331745136397,3.1377952584510784,0.8113533982697558,2.9934234696945725
120,0,94.6852509889642,59.38240887017485,6.007607207530576,1.3153079910395213,4.868618223774693
120,1,32.162904349728194,7.982931432396956,2.6441921244409174,0.6501276072276445,2.317097461749891
120,2,66.94896562541285,44.2675060088016,1.7963318997738897,0.5113849691922898,2.000187455598912
120,3,37.80742861159149,13.458392178042939,2.017425431657545,0.35643034365646065,1.7315104163396096
120,4,60.31857393576013,21.70085892226403,3.4045635136906176,0.5749117998252591,2.340533167928708
120,5,73.76737063176978,26.820636313473365,3.4576492944829975,0.7088598011043161,2.7016169206742355
120,6,85.35329974823551,29.858303259155058,3.9214792027728493,0.6292167317978037,2.5617253441953194
120,7,76.058289902735,22.585990044261987,4.480415069001085,0.7056421272331566,2.8162640058064063
120,8,73.06326855412806,20.952350815860072,4.978035821602335,0.8202613765720344,3.119380155719113
120,9,85.52518094808056,31.317735074405913,5.029800132635703,0.8771257637355223,3.3556434829499593
120,10,102.15755663677612,44.78291791407594,5.190331586609434,1.05142688167542,4.110329361732632
120,11,82.28075024801241,31.8905065456263,5.622945520804458,0.8110453579676902,3.244325710582132
120,12,60.8978558250671,12.580653809797944,5.4416046245699405,0.642201786596484,2.7012373817391957
120,13,58.75650691439348,13.174535353640973,6.4552043004733415,0.9649592485254379,3.8307773951532864
120,14,69.66955521222872,17.367071817411954,5.554436183553154,1.2067064096641555,4.686105547098656
120,15,104.16182546163469,45.336305860835616,4.7035282863854295,0.9408644950075438,3.5736781596708695
120,16,93.35289724828519,43.64908342068304,4.7395071860544755,1.160634730567014,4.217752743889917
120,17,97.80204300541862,46.60175689496128,4.596998717320127,1.113808608007509,4.061994395888657
120,18,57.68783811682815,11.72279233484669,3.916380341950571,0.7691694500180812,2.8012734345531483
120,19,67.39756410362403,26.275102972623998,3.3178909215533405,0.6902002894824628,2.4776702001186566
120,20,63.73799780528387,23.594102896826435,3.7341556136513168,0.829049207884478,2.985006266197138
120,21,117.85071417838475,59.14216019609637,3.5818867638483933,0.8533622206629996,3.0521235394709185
120,22,92.12160526103969,34.238490348292174,3.4852131270450117,0.635931110986494,2.519606035569079
120,23,60.74410155704589,22.44993771399448,2.6316539357534774,0.5090237390946726,2.068670397876282
120,24,59.66611184347859,25.20459793348241,2.219379099208622,0.45680598061832045,1.9459851374001147
120,25,53.58451425990536,24.008493731007448,1.8230101444606146,0.5364235323573792,2.0431707324449815
120,26,78.27171971497631,29.23365029676239,2.9291760497648927,0.6904150490900052,2.5685299293283115
120,27,69.50627360965089,25.469784969739052,2.9378157191540106,0.6858351960040467,2.536802837164654
120,28,81.28846517840918,29.799345431603825,3.3215041687595415,0.8023340233907419,2.848130261881274
120,29,56.49984258094916,18.556634031864746,2.2709424886668916,0.5165617855305813,2.0010968879902067
120,30,69.62043732215749,25.12841270854712,3.8603960243990945,0.9762617927264636,3.47795765395292
120,31,120.11124213153899,60.48177885022446,2.6862364975155533,0.7028076130140684,2.5377377675580344
121,0,74.09035761490202,38.28741472045502,6.257133569911341,0.9482110398176307,3.4430003477071773
121,1,66.40223978212394,34.94114454021985,1.9765724332131447,0.43609110017709063,1.8545310456049269
121,2,82.7751768272181,59.179743384175104,1.058662362967777,0.1773591351043935,1.3439626262865083
121,3,41.039715016938345,15.448532003912868,1.7765849018355937,0.2317637401707342,1.4756610168573188
121,4,105.73641924665776,62.94983529483633,2.191712356360097,0.25337264807749893,1.5727886942101839
121,5,98.36026305788619,44.27863569134745,2.4504252999548903,0.39049234641966724,1.8328120125432914
121,6,118.69552265124857,60.793920325448,2.7937849985791545,0.32760269140584386,1.7517460254543444
121,7,78.78713235799515,24.027347571268074,4.476008399360728,0.5357883363697553,2.328835731669765
121,8,77.23753971340955,29.947435400987672,4.770489662910416,0.7393129746210443,2.8588055162815307
121,9,64.25330741525985,19.336159075313695,5.220854934115138,0.8096239771376741,3.17396598052481
121,10,85.85301220196541,31.287927265816485,4.343896252833554,0.8650897183261783,3.2570464150465206
121,11,59.6485021418722,22.334687200208517,5.38744628775242,0.9136197295012174,3.537618398504957
121,12,52.476386446154045,17.528745604352476,5.062326108948591,0.6358232724634352,2.5768517779559086
121,13,70.62115153642748,22.17725378736182,5.9026273878060085,0.8772656574907742,3.5079548402722915
121,14,83.10431246011652,29.887474417768892,5.216159530939446,1.0319765541981214,3.884923066145128
121,15,96.75526542892496,41.80603748243066,4.059452216455893,0.9761398623439375,3.5448562277401297
121,16,106.80778985508121,52.12398500892921,4.207001856237062,0.9089659047441865,3.4067984583426707
121,17,94.6361142510712,36.502185891100616,3.9904930163157393,0.9207737382386898,3.237709332170581
121,18,62.337737094178365,24.93969883106684,3.2741613992981327,0.6010719564186693,2.339326233188514
121,19,62.74639419901246,25.879811082488217,2.843640487461882,0.48238889607668023,2.0544779093601657
121,20,92.51411619921024,45.23139531101583,3.174357393887126,0.5894680626784701,2.316560986834586
121,21,100.77348223144844,49.167807490510974,2.5198145835796812,0.43292180471112474,1.9664397211823632
121,22,63.764322705210176,14.641740785408043,2.679277863572456,0.3988532954141899,1.864552127265498
121,23,53.30191506597681,16.12172626694173,1.9981464581279427,0.278933801060097,1.6034157230501564
121,24,47.62318562932745,10.564706457324792,1.9457140231974166,0.308349229663627,1.644541094294034
121,25,55.92140742541632,23.388700552205428,1.4627005140957616,0.25150539509773284,1.5162309045649003
121,26,70.40250288438645,24.497077053037252,3.0646664474764487,0.5089111155001973,2.1498935304300524
121,27,56.364210015461666,14.87922335549751,2.734372650551048,0.5484007904070798,2.123662910316894
121,28,77.70182214771768,26.64806996799649,3.169102110697501,0.5353495404818198,2.2269531512408403
121,29,38.97300435727548,6.674582436206286,2.311278249934353,0.5069082449904307,2.023839912052362
121,30,73.10924478052762,27.313512424490387,4.090061764913058,0.7014679766208491,2.756915187248538
121,31,83.2409739735665,32.95755704069352,2.641295517404495,0.5845657462008824,2.269050375985653
122,0,52.54451582029634,18.50970924185367,6.212492974144823,0.9201698554109718,3.3296833013094522
122,1,61.829239775101726,32.611536881618264,2.0513464605982668,0.4539757095548915,1.924644864046804
122,2,21.24082569854852,5.840229394187438,1.1086356329196811,0.16728990003787758,1.3601040881931246
122,3,42.63321941894009,20.161776203793462,1.9393208368586639,0.33480250897538144,1.6757651050316387
122,4,29.815700651320377,5.506729298002888,2.046492629316263,0.2711280343176492,1.6130984779142616
122,5,43.640739322497176,9.09985909215601,2.771429239190753,0.4570107854645684,1.9903398149436633
122,6,79.25120589380701,25.159937159130045,3.6249851916695666,0.4858565003167601,2.1821773657894057
122,7,41.38960505155981,7.686504527426402,4.5938128660375295,0.5687416558942928,2.4227233591659476
122,8,54.16519166624538,13.399081337272351,4.875435092294449,0.8057319612580978,3.082598492959966
122,9,55.85082162173926,10.253215342801946,5.389040578765176,0.9330713652225597,3.585274061697159
122,10,65.1142433701161,16.107551247758725,4.7148811015859895,1.0853759499063784,4.060378527925894
122,11,51.327332339188295,9.6790764726287,5.825066156690918,0.8972741674041966,3.5662869904185794
122,12,45.85929352132601,5.38821016853385,4.862685482643734,0.7330169061385305,2.8318239002924983
122,13,81.75671453595447,33.5022844708868,6.219521155005923,1.137501368200903,4.450621548611461
122,14,83.80822916373884,30.988817401463677,5.581517211803687,1.234000122545778,4.807131506194061
122,15,81.29637312034271,29.90818259168144,4.594748100835556,1.1912801945243725,4.372865759146608
122,16,81.9639798442573,33.440442906572656,4.155028300219841,1.2569786280383228,4.471167937404917
122,17,78.59444067979726,24.716996597242865,4.37632766668296,1.2559125597353589,4.436758660083169
122,18,61.97873185108057,15.576821159018623,4.014931944645726,0.8518539653067299,3.0723021294443464
122,19,54.142945414017404,12.373592826805002,3.285713855779574,0.7398157670087859,2.6168302090287465
122,20,73.52491477165898,30.80975220527037,4.00759695699145,0.9571697370235412,3.3882938463210306
122,21,92.40730319125353,36.77121177385709,3.3855535551547113,0.8754140737906404,3.0470796684554053
122,22,72.23586460808221,17.347118315199012,3.533308517980017,0.7651835455875169,2.795996568679326
122,23,60.12377784423559,20.37730230477706,2.8229205155356802,0.6547195219695441,2.382233308938752
122,24,48.73808989190235,9.759431597208966,2.323090846395009,0.5631577741772515,2.1419344389182187
122,25,57.22954007221391,24.133053835752794,1.7301596153451442,0.5596629069803449,2.0938098151383993
122,26,70.31016016309235,22.703326455588087,3.2383073582430297,0.7961176032165165,2.8585699293149736
122,27,77.97022523555184,29.54183864300896,2.887142776439524,0.7526510684511631,2.6226310212801462
122,28,81.89771791744465,26.238255306585142,3.424164577289014,0.8478576159981968,2.9340229590552247
122,29,38.728811798895045,5.379966938000273,2.207487870586696,0.5639437811809156,2.049850738818481
122,30,77.18003283055778,20.565501606625123,4.125206006320742,1.0646004888892815,3.846339815964366
122,31,81.62014990353222,27.618007542314242,2.701540898315146,0.6948516136807368,2.531139558041486
123,0,54.583373766767664,20.571069919032965,5.986881553862302,0.9639524603800531,3.4594441296082543
123,1,93.05400053361335,57.60628626554339,2.435828389321972,0.5629088845212702,2.1388605749485476
123,2,44.15355823629967,23.758540200727467,1.6516461157709799,0.4026460120814166,1.799422836292159
123,3,68.32599309008529,39.88946720686366,2.0406139020510494,0.3258358484347341,1.661201168633697
123,4,59.824698046420686,24.94692086136606,2.338236770076661,0.47027459777827474,1.9575471581152328
123,5,51.105840046460315,11.080984861210249,2.81910756322743,0.6171660905329008,2.327364134238683
123,6,61.16577573431393,15.377149266341132,3.1768717569607947,0.5779332994671629,2.333721047019609
123,7,70.46509668985965,21.02254810982301,4.327432796093588,0.6404478862109082,2.578228521888136
123,8,57.195145128058485,14.095548746046031,4.651286510987634,0.7638796998513362,2.9255009919845847
123,9,42.636943923349946,5.38725620945525,5.339949990695501,0.9618927381850764,3.6885648959694883
123,10,60.46274432021704,16.315995756920813,4.81431339630247,1.1932949047169528,4.634055160465587
123,11,44.97947438665453,6.588342850639532,5.517420443203809,0.9036722656618785,3.5320168794788986
123,12,39.14522105956724,4.813826020478995,4.91144893402268,0.6936794536593869,2.6862211746058176
123,13,55.47275224938678,8.71133469272212,5.854824792256091,1.0915729173160598,4.299013212065696
123,14,81.49191262954764,26.87854572219473,5.42112244616522,1.2452180454236066,4.735572052692317
123,15,48.14267808286534,10.715450384933273,4.724524011515224,1.2469715518425417,4.698730476410394
123,16,67.06067453172034,17.188969345863196,4.147702470428461,1.2994211461241978,4.679469414187171
123,17,53.443361327037394,13.931811876553166,4.283367684452893,1.2014958165328107,4.253118541116067
123,18,51.415377446701015,14.382134179388542,3.478328164391233,0.8664412385066149,3.0078115902224978
123,19,64.43063995766292,22.774556460275164,3.0471333752714997,0.8010027273313542,2.7244995670234453
123,20,75.17375744793432,24.457194484708644,3.8359280905554476,1.1137172499068209,3.8394697222059575
123,21,68.93480287175608,28.329030712122083,3.3642318746254714,0.9208098408995631,3.23894822206831
123,22,43.42614797294728,8.651788675775466,3.4806005787986765,0.6990239306179822,2.6536575673224516
123,23,55.082666808512506,19.371845601896926,2.539858539889589,0.4909819778179827,2.07530631384925
123,24,30.7231046825685,4.081842595847851,2.2366885409003974,0.4882221657861434,1.9864412595027352
123,25,39.561244271700254,14.853766187125723,1.6718102490453113,0.38693981697734436,1.7829447440663653
123,26,70.13466647058665,25.229162392249897,2.520491743654657,0.6322140581299323,2.3269936491831973
123,27,57.95385386678193,20.790505329959302,2.613241479208301,0.6069725076606876,2.2411034029914747
123,28,79.65629347793052,30.24223291457476,3.0828653475674064,0.6545872856752442,2.4991181895256442
123,29,65.23760884820601,27.104319434944653,2.2723076174960166,0.6274914023543312,2.2265401779852674
123,30,47.21539628538929,9.892162380932387,4.203752324123268,0.8905455710731625,3.277651309654095
123,31,57.08509600275653,14.542238459721743,2.923883077925219,0.7469173836825593,2.636486977758478
124,0,46.77923810471506,15.798381582156388,5.899262792372131,1.0345200316910361,3.6960238291259624
124,1,76.45704417761132,37.83812770510013,2.1380476608143235,0.434878344129876,1.8822623725261876
124,2,41.27896791627957,16.577193045697733,1.5984946486865181,0.4890185275442589,1.9447865498545713
124,3,40.98185500035781,14.56024166632016,1.663942455247933,0.2542290246633654,1.5431173264898348
124,4,37.62544379863969,8.84345232074755,2.0932270071005687,0.5215792385605127,1.995381542504782
124,5,45.88418847773475,10.816382126500269,2.7959637423614927,0.6485811855960111,2.392356562639485
124,6,56.70961638357389,8.926221818552582,3.410664842870429,0.5979818457924813,2.422222242338283
124,7,45.56605574276129,7.5560136996714675,3.8941739143451266,0.6183356301671279,2.4905277775506307
124,8,47.14090903499095,8.133164619383692,4.6471591165040556,0.844134488487911,3.1010685846286705
124,9,37.322677550853385,2.561046690610302,5.180655835948851,1.0534205659205629,3.9439677411143936
124,10,49.14336438503189,7.443834327631834,4.760569800356084,1.214940836859788,4.678100682601855
124,11,41.280150098090516,5.307212760467878,5.43244796483589,0.9659664985601966,3.7902990016260265
124,12,51.05170890386696,13.334935060920824,5.044958141853898,0.6739808840656911,2.7285628151108456
124,13,69.0149686907898,15.949548241013447,5.029305672596543,1.0566756220259883,4.138759471648745
124,14,85.4059314954874,27.435758190728365,5.372176032806072,1.1080289328723012,4.367698565201581
124,15,60.86292035693732,20.59680180151074,4.407178109394787,1.1083715159054606,4.155714496906414
124,16,82.2842254290097,36.27141431589557,4.109523871745665,1.2932357060721822,4.58358578521291
124,17,78.63740172334009,29.83732678469274,4.072934854100649,1.2280733594835498,4.381238995504821
124,18,49.332433205704916,19.537188614922,3.486130496957391,0.9243196539941732,3.1650916327872856
124,19,49.039820952075644,13.54588732050508,2.6123791437134605,0.8644808262195931,2.7009108981345835
124,20,81.34843919950947,37.69738427245056,3.194729261425868,0.9004389090926113,3.074811039890831
124,21,89.00995160570503,36.476681137279094,2.969722227241167,0.9446589005876529,3.1536537803997358
124,22,42.95409397697878,10.461048848549323,3.110112075367393,0.8351157958784023,2.88055106200733
124,23,51.22579470007622,20.78906177686766,2.313978366651973,0.5767030388617207,2.150509287559913
124,24,25.13731723592452,3.445562284872352,1.730772476384768,0.4337920836408715,1.8232537947321186
124,25,29.040134508174383,9.21070686622729,1.299275084094111,0.36513062456225365,1.6871094473353119
124,26,47.5997854757005,12.083638676156788,2.1486631997891386,0.694424358610997,2.3327000756462803
124,27,37.43394434407326,4.72005962693285,2.20912383516915,0.6228973526253694,2.216674798929069
124,28,57.70686986524187,18.062379836046848,2.584126919951036,0.7107530192615679,2.4833203655649605
124,29,36.75005484290348,8.949788073879187,2.0091280785829078,0.5660830890563613,2.0411445982598293
124,30,60.005291403890546,23.744385150243524,3.602804608155579,0.8813260159008989,3.076625660331734
124,31,85.66521239779519,34.95471716910688,2.657704007957726,0.6567596700202896,2.4318046952698795
125,0,52.92853507979963,20.00133827083726,6.112413621527178,0.8668340276756226,3.17836506691982
125,1,63.464483701834,28.190696200816497,1.7848920723543915,0.4544421128911562,1.8248532862473181
125,2,34.40266283472826,10.852024417534233,1.205687080728982,0.40655496281408077,1.7304122235989159
125,3,44.802207390215166,16.710135256820756,1.7975948435414393,0.26538779458387274,1.5560214064259321
125,4,58.67209456333925,22.597699127633625,1.691212505940079,0.4221958494889624,1.7793255422403231
125,5,67.67179144497362,30.301909577195353,3.1826398645903993,0.8252808968178105,2.870236514476857
125,6,57.012191436047075,10.480209367559958,3.3780677631677998,0.643117850196731,2.5346854718487295
125,7,86.43571864311562,32.438690853378695,4.238035590933593,0.7198822644584633,2.853914929928208
125,8,95.45193843841568,45.65427307015844,4.605157950558747,0.8977301084189468,3.4742552036890912
125,9,73.31806065334928,28.029613920047325,4.999988216142333,0.8947523644066582,3.5827024173440876
125,10,76.29071217406917,28.551068217814198,4.521291034591375,1.0343351843899313,4.007676682293916
125,11,80.60782591906545,33.036685088901756,5.148780327608374,0.9269357374420206,3.681469887260405
125,12,63.95159398631573,25.54192034075593,4.943793065879443,0.7610690575263908,2.992076123566268
125,13,86.99488286748661,32.71399951862256,5.692350040814328,1.1725317450259682,4.654113080541623
125,14,93.10664391111767,33.632990118656174,5.1879595603561715,1.3939948667723598,5.420122248218016
125,15,94.59621944650253,44.220065049527136,4.129590477218688,1.2625847450470324,4.79489921496302
125,16,134.46026678555916,79.46387739053262,3.8170563176820482,1.4633423741087914,5.1963976444122535
125,17,108.92259257295048,52.86740009063358,4.032099679040163,0.9166261457960365,3.3544173649350375
125,18,130.23397836713104,80.29510440880604,2.47733643361373,0.5159969067457828,2.101704289698226
125,19,60.54405950527505,25.950544827906242,2.2651093229999426,0.5984854244875888,2.2019421837338005
125,20,68.70988962529665,27.395282049567555,2.687048535246343,0.8643056291781352,2.807613296018519
125,21,81.83963190715737,31.311031718990453,2.351750025847918,0.7320116002482311,2.490496516566334
125,22,95.50981980576887,44.78869260830408,1.9837615173873098,0.32808865735145787,1.7067711658311688
125,23,69.96476070488637,37.32740862632288,1.4742370391992101,0.2861861538169381,1.56535659181556
125,24,40.21570357600669,10.288214918951798,1.406217532255899,0.2647253188300631,1.5364554924425258
125,25,42.804373969124256,20.41501276585716,1.0980989715565983,0.3132149929933201,1.571227965065575
125,26,65.73618838648218,25.13688487553266,1.8992710511735162,0.5722399027093723,2.059519949785822
125,27,48.843528889632765,12.793041145622464,2.209528181929688,0.856677324910613,2.6100874511940595
125,28,78.38476324823688,30.27182213442049,2.5520534290119725,0.6267613422805369,2.3628271232652387
125,29,53.76406550805412,23.022083020658002,1.5964414446084185,0.6631728408305007,2.10235575832498
125,30,89.52838032905669,41.8912152770303,2.8537258612336407,0.8334790222894317,2.819892732574073
125,31,106.13372740972171,57.45870170736569,2.343579737123245,0.5455453586423387,2.183383567022065
126,0,55.43568157584907,22.45342717052217,5.665404578467435,0.9894645052026974,3.3955132213795203
126,1,58.16503512884601,26.940750038161347,1.4733778407881588,0.4193021038563056,1.7453524311592
126,2,21.057305070234495,6.912620929124116,1.186849144320999,0.39909280550672555,1.70386292129849
126,3,70.78773824843846,36.6508254409558,2.4833435559427652,0.48501101356849485,1.9851728746522919
126,4,126.606566707717,83.68109985264451,3.2551170712188755,0.6726144217553882,2.5272961837581143
126,5,132.83832622217164,79.93391523056567,4.090391001125748,1.0214331480012193,3.703220556521014
126,6,133.5500619628407,75.56699140917199,4.56831807918123,0.8200727483094639,3.187020550476759
126,7,134.07576746546783,78.54736394320565,4.8105733913697115,0.9396284461023008,3.6016582378136235
126,8,119.2118723190375,68.92791950064748,5.130582481344057,0.8643816111739069,3.4573020804755923
126,9,110.38752965415432,57.602146503326274,4.871884825291866,0.9986778452414349,3.8559239195049373
126,10,119.92794203127619,61.52495615460217,4.2656056992063505,0.9442753115236524,3.551151438753871
126,11,87.06778686770062,39.99668358807748,5.188602999326857,0.8739975657980157,3.434655467557064
126,12,124.89925605212598,73.6031639543454,5.59788866900314,0.7648844858999908,3.1700285269617665
126,13,82.19274865599093,29.50894448780715,5.582097123024717,0.9294267946781503,3.755175140635195
126,14,114.56223624334874,54.380993057871024,5.217196772520255,1.2298478808783404,4.817805079387425
126,15,91.55326125050058,39.17229763002757,4.38291830357206,1.0437684782265766,3.8929150160272767
126,16,151.94883966529818,85.640944668847,4.544865371390898,0.9844533147010752,3.7086679083212264
126,17,115.52977635034163,57.510654300048586,4.51693102420793,1.0055245702056057,3.6859177966908234
126,18,79.07318260160474,38.29514831696365,2.9409716794735976,0.6279694629805412,2.285193767585284
126,19,62.888352338707165,23.06184924704849,2.3223590826945593,0.5660623572052037,2.162053747256529
126,20,89.73139405290158,38.33328302311857,2.919208396049812,0.7046612265809182,2.5550649550697737
126,21,89.75217147628413,41.281845509741466,2.1924441272903823,0.5739106987874494,2.2353850669099615
126,22,82.51708977599117,31.22016511723467,2.59298212660613,0.6335881597246966,2.361354885344203
126,23,47.472494669156184,15.352755981441915,1.7989309298963438,0.30262663710393234,1.6518768883065313
126,24,47.210956301348084,16.029633349424895,1.863179112200787,0.4090442421551872,1.8455681476238797
126,25,58.929447408415335,32.11791582558181,1.2700713809342803,0.6182592154747875,2.024719440365747
126,26,50.83751410637437,11.890631044534759,2.505935990389296,0.6069105147073319,2.3022631981373762
126,27,57.45895974859948,15.766852670200475,2.7377517749462816,0.9738422416971573,3.004362264673266
126,28,111.13408389448806,63.51173636766973,2.8381797790829566,1.0331547110104466,3.4172324463002743
126,29,130.1605838027204,93.98968496254496,1.76300357566867,1.1496000120389467,3.137535797265997
126,30,166.00506760694645,111.10771320105549,2.65680999253723,1.7311063493106396,5.4218337042681215
126,31,182.8565759972208,127.65538874895708,2.0781032618704396,1.2085137345910857,3.6319964044332416
127,0,31.955124720771895,4.048629552349317,5.713008689610712,0.9326769595661482,3.236744348814904
127,1,52.78043493584858,28.021058607192927,1.6974749449405038,0.4465212684749851,1.8130425310980265
127,2,25.2077437931231,9.531615270041089,1.2607350545361007,0.3873374722007876,1.7143497769606142
127,3,87.18941360060099,48.58336267756154,2.375188411780698,0.3262605080848031,1.7284277137786668
127,4,90.41609649938745,49.941227326352035,2.626432804504799,0.5749938980091427,2.201041695711938
127,5,136.51871632236038,76.61361808040442,3.0112761881374253,0.806541903566572,2.838221129616647
127,6,151.55536030537243,88.5378087806404,3.260983377056245,0.6163267634841696,2.5053960889001567
127,7,173.3496187538276,107.16188552033329,4.137587432620603,0.7439850186729879,2.807466362124363
127,8,115.03252585553801,59.563478628045104,4.732820661342404,1.0067352521255986,3.698500011467468
127,9,107.7545250440734,53.52584907694079,5.432105509829878,0.9718974325784568,3.7812737391207594
127,10,126.38528274807832,60.79020028576869,4.779798239978597,1.1587530794420138,4.4950389209427986
127,11,107.47375978645186,55.731883575155834,5.3872582345813935,0.9419964698038328,3.7041617571477956
127,12,114.27896999689926,61.56677661871584,4.922856754141135,0.6785798224033144,2.718689548211451
127,13,102.4270424912883,48.741179403020055,5.725624031136743,1.2038357938166415,4.709302228533413
127,14,102.21010213179017,42.56351683044308,5.46720043951538,1.250413507378874,4.915931786314601
127,15,127.47187928868186,65.86825080762269,4.6724103317068675,1.4713281484091496,5.875193336430208
127,16,118.50905550885459,52.97801058469055,4.504307750384065,1.4439583831730278,5.548743348412311
127,17,122.70377725971946,62.48505594502754,3.9025342626280617,1.399957537492714,4.7603392395718025
127,18,101.79234841841684,56.362369859909705,3.5757836767091074,0.9747077598175875,3.33873735425295
127,19,53.81656246183455,17.913628760679245,2.6333396474049824,0.7463983176918703,2.5207253782349
127,20,92.55736372557361,39.946692118396314,3.747903014204349,1.084507897738165,3.7910219804628826
127,21,105.68906501338093,46.27179453699388,2.9565672193685533,1.0457100433392839,3.477859191502641
127,22,99.63861299258127,44.799514418801905,3.1502001439989633,0.5824331173442765,2.3696681801779222
127,23,78.74150397862513,35.0449734261237,2.4373397384681272,0.5919008367793324,2.2871226166788414
127,24,61.63915262022423,25.463243078544636,2.135435137825853,0.5554590516583886,2.1445241152679997
127,25,103.17138737931569,74.53140067165275,1.651068107067064,0.4772844838633019,1.933505198819523
127,26,71.83312937582508,22.360967302414405,2.5982589332043,0.7074288135090221,2.5600294221139728
127,27,101.07130021164966,49.35173038307256,2.452957351356546,0.5384052810690059,2.1117106911101224
127,28,114.79120889818925,59.25077334185059,3.534119896505011,0.7634962082101762,2.8650193021928594
127,29,135.92292395947328,98.13826328621985,2.0966511064276667,0.5507134191727849,2.0214372586837435
127,30,173.24729244957337,117.74246893717718,3.950813360839661,0.9047507586027268,3.3275978167045768
127,31,197.24570285309045,135.96103201655268,2.672624449446634,0.6828316624364792,2.506704913168151
128,0,59.331594197741374,22.996379425956768,5.9056033515398365,0.9744447412691315,3.5476847220591052
128,1,139.3789388345307,96.52040803227831,2.4751981800386496,0.47754596363806856,2.0542217105274894
128,2,75.05341123737078,49.76764901747792,1.5171512747065645,0.6218700111868889,2.07428083311575
128,3,57.313554102728496,27.662142179212104,1.9089702662417143,0.32638223161101076,1.6815009703345336
128,4,62.50698308829352,30.550826132984046,2.2754988379407277,0.5871269424294643,2.1828028132604325
128,5,74.09518753973134,34.51105644034579,2.80301233080525,0.7284941233260471,2.587075664318952
128,6,67.01559067493211,19.40159044584954,3.077982687315918,0.5946413394667478,2.393139101843785
128,7,94.59527716038184,43.25241109112787,3.8371430735751,0.7422720171161412,2.7778601356598647
128,8,68.87665934962091,21.97501554560658,4.507984799006939,1.1383444177480282,3.9186163040016444
128,9,67.7719969977856,22.68629481269251,4.989873494455054,1.0816253288600333,4.189880179292012
128,10,78.59435326926956,28.835650966967783,4.4983788891014935,1.4104418851109566,5.308384789666754
128,11,51.84792008590216,10.024360597705888,5.3315536621389,1.0157132771582784,3.976983166836582
128,12,50.33770988099798,15.605272279719657,4.664483315906267,0.7820718832231677,2.9095877670407604
128,13,62.31799886485118,14.943718552720435,6.040739634473628,1.1874594877564153,4.736023829679449
128,14,63.87259528135867,16.663874778777476,5.2243356036092825,1.3251670957251678,5.149594524983882
128,15,55.015980857498434,10.248920573483685,4.476972204281166,1.4012665349226996,5.323721152376012
128,16,47.03384708994218,5.814995746695185,3.9945856300606257,1.3553727736987886,4.956494126592423
128,17,46.53718302296082,7.270020650900402,3.909131288058989,1.2364326020100003,4.265613468039589
128,18,26.979071791120347,0.40566320800988803,3.475347338119145,0.9165373463976851,3.1906132255632884
128,19,45.282172787078395,10.263821839280453,2.353715686163819,0.7935532931814913,2.5474898308605005
128,20,50.97961304425702,9.884095294486766,3.3673580181119114,0.9081407964291959,3.219246445983759
128,21,57.73100000587665,12.897440230977178,2.4571391329984973,0.7293365149678452,2.584950832257948
128,22,38.71829347658992,3.46273680581273,2.8345401626460722,0.6953298648799229,2.5711781010261703
128,23,56.897572176511716,22.111774490883022,2.6587466160077122,0.47995180063756226,2.0844102592548235
128,24,47.83111893348203,16.70806154386873,1.8981925966383397,0.43097382872797785,1.8670833114204253
128,25,43.47823574049648,20.260778503110522,1.4839113025462563,0.4412436323302389,1.8284575736764506
128,26,43.87903947774751,9.791264378553043,2.3708630201904595,0.6688266756670331,2.4103787443878684
128,27,34.96601176959215,2.918361676526037,2.4004217621394695,0.5504586017160222,2.1384549228049283
128,28,70.51417938037451,24.00753046620398,3.3705804888164588,0.5776829922433415,2.3791550704657265
128,29,38.132230899794635,8.637858437263423,1.9543005403028473,0.5203680060309792,1.9994781369154848
128,30,53.70346665916799,10.251077102989026,3.8379971658958327,0.699225249413157,2.7450744444837634
128,31,65.20991229417561,21.208610719655997,2.6239502598528115,0.6165264607929601,2.322933556144536
129,0,27.717863902633084,2.3295993819504304,5.919422298035457,1.0086849809642384,3.6305276158259443
129,1,51.902651325946394,20.24926130511258,2.1721101382644012,0.37006502813185493,1.7952109209494103
129,2,47.015854313290994,23.597240594766923,1.3251652906451084,0.3532653249240434,1.6737285181864654
129,3,35.895881962898905,6.548360868706197,1.4541182590874615,0.20299783486499012,1.4527524758339385
129,4,41.118990003435414,9.92600773166857,1.98251575442186,0.43762429827298943,1.8828419575836972
129,5,36.08479641084726,6.109389682895871,2.8213325886760403,0.7133368142465271,2.5219611724244477
129,6,42.17309538142787,7.542713367646737,3.3033900764812314,0.6981186803032848,2.6378336699408256
129,7,56.405537582995265,17.628999412761758,3.957437941860368,0.722846135081026,2.709223848469455
129,8,55.91084627706462,14.900525701004572,4.366834828236375,0.97417166417027,3.4057189897071862
129,9,43.39289710021516,5.8669277323926,5.350829277587384,1.03334170946676,4.003625955371542
129,10,63.97789673748183,13.989127065662988,4.39651916537146,1.1487582472441975,4.310371228641053
129,11,57.47164394107767,19.808434148853436,5.306682399197568,0.9706749832815156,3.725381821629117
129,12,52.02482699726028,14.760746467658729,4.61947395863214,0.6963797109322192,2.7066999008256065
129,13,36.29724118466246,2.9623888284720064,6.000449341359197,1.1851287089623028,4.751168366323419
129,14,57.94018841497619,8.864878433563568,5.29891007110068,1.229062056392312,4.866794220599414
129,15,55.95268916731126,13.306254834275181,4.501452168435858,1.2553034579194895,4.658441536978755
129,16,56.29749393685211,13.196887935256902,3.4996075458024576,1.2674486082912502,4.407804165046161
129,17,68.5148494469718,18.130927332810366,3.6254977838238007,1.356292226673494,4.579371179291906
129,18,40.22460619319348,3.9926287716759097,3.3476560310206045,0.8718852541358189,2.9888628024727195
129,19,34.447945478727334,4.067174718715935,2.459507968088064,0.9851070319453936,2.949871828838529
129,20,67.45012392152472,27.545954019036152,3.084046455869793,1.0791143740339986,3.601876494024963
129,21,68.14451079640608,27.10102041751001,2.7381044402598063,0.8620162758523162,2.9675495875862286
129,22,38.14296596163759,5.926097297641723,2.677229095222847,0.8811528205584587,2.9198847666276855
129,23,55.78908907907703,25.866528321834465,2.5217700434660797,0.5448213874771781,2.156913647334247
129,24,21.727605164086235,2.524432428267148,1.695330036713704,0.5117316723566938,1.978415132495558
129,25,20.781245160935136,3.3189816040858298,1.3147478153661785,0.4615630168652427,1.8312383716392442
129,26,42.41260252694543,9.499689763998987,2.2895738516897066,0.7182048595319328,2.527543720781658
129,27,46.935171383127866,10.067987678723803,2.1020637045401274,0.6474233732550023,2.24469484772463
129,28,65.11107166465204,27.327815645369824,2.9379293186768787,0.6841617568808522,2.4829798975775157
129,29,39.68356495285015,11.561333300563803,1.702538521718202,0.4931910958361514,1.8786522676392317
129,30,50.44360859749292,13.226118232124742,3.397706673756129,0.7084017538642944,2.6863148477851015
129,31,83.95559055879622,42.45666477931521,2.6127293469166526,0.6219472455756758,2.37007367263087
130,0,33.92928731413473,3.8658765382700686,6.206246111945088,0.9507766554990802,3.456782278339025
130,1,47.47811639319005,14.215544580264734,2.0921232582054237,0.43759439494173247,1.8691754896519233
130,2,27.766851279959116,9.399591076543153,1.3649834004840546,0.4763000396392847,1.8422019774143723
130,3,26.01225090508704,5.187593438302576,1.630057341212939,0.21177696926904832,1.4683673833480635
130,4,38.52199543392119,9.441084884684226,2.1758075663111223,0.5430236922077523,2.0258617049660765
130,5,80.65030113986336,34.5124135289028,3.393713950500946,1.0924466420776642,3.5561107350824632
130,6,69.14599766651598,20.93533287580616,3.8264626569036766,0.9481566058337707,3.354364550880304
130,7,129.13046874268667,67.24470078655004,4.9317921943270395,1.0703644542183248,3.951042471494453
130,8,87.50059283456793,35.323127324762055,4.742676437873686,0.99926667963613,3.840147782436568
130,9,92.6617246356385,42.11365131557625,5.257968749786587,1.1989034549807371,4.619694503014518
130,10,85.84385884970564,32.23669625564822,4.519978584491096,1.384987157969122,5.369845440178965
130,11,73.07090859066707,26.13907208941139,5.3408927467843945,1.0571512147990312,4.2558039796517395
130,12,91.44862846358231,43.91212897746705,4.90930925112611,0.7782246047441728,3.052723163286721
130,13,82.23917014699796,33.18075494272712,5.897322916080949,1.241364039127708,4.792383925232161
130,14,102.22942093675374,46.180339849982374,5.249945756829669,1.4137245563619691,5.467721683547793
130,15,106.35952377896339,49.882699575542034,4.1759478580954035,1.1612090785276843,4.172014029162816
130,16,111.43097800125744,56.23689066211401,3.6893655151085802,1.1062937074860555,3.7564483487617695
130,17,92.36768643353116,32.908054016490475,3.7101701437496377,0.9973408134687247,3.369688168695857
130,18,67.70723459767532,25.681673052691202,2.6035911532660996,0.7806396157250393,2.5737411802886716
130,19,46.20240099854173,17.369175391967026,2.33025994453167,0.8522916752925833,2.6985268227269095
130,20,80.76456205065291,32.95246348929118,2.78843794318658,0.8465277014175387,2.8884164522055897
130,21,77.02466482703879,32.28013218195815,1.9820462098927374,0.7318564821636717,2.453125248726385
130,22,94.13648961867983,39.120095178771464,1.8382897691802123,0.45458024016132526,1.9032180435555734
130,23,68.90006588180881,36.628261645381954,1.25849614187619,0.18489575521379176,1.4058385515529024
130,24,47.56648111773899,20.500357245015884,1.1833451110498077,0.3548451089308431,1.648163399037101
130,25,44.91663123080316,18.697511084581873,1.110807595922482,0.30126865241724343,1.5843408679607858
130,26,78.60388576958101,38.64395637591599,2.2434600572177104,0.6718450773161209,2.393140177396259
130,27,57.570395516285956,22.1099630006911,1.7556905728972008,0.5634610193395448,2.036983882983371
130,28,92.60107700062387,40.84297853793352,2.2388124427761715,0.44350157432979564,1.9758933346839764
130,29,66.0850516195044,30.34509800891442,1.5843366388759796,0.5128640463269707,1.9476191855457403
130,30,84.68237682227932,33.8142023873724,2.6720725867135258,0.5252709263665216,2.1782492414262498
130,31,146.80024798502717,86.54257449058784,2.1614206759647225,0.5028004015728196,2.062147483907968
131,0,38.69991638681602,16.731797553604856,5.75014178246864,0.9507062184425976,3.256578575781569
131,1,47.751191008178566,14.397674340338382,2.0540568501856313,0.31289948492924236,1.6566233038636609
131,2,31.746915927666244,11.131522313911129,1.1000131602985324,0.2198418249007985,1.4278887015308064
131,3,42.408769007622254,19.821910982125097,1.8861890279975178,0.30418456286708806,1.6294381417188686
131,4,47.060399683269324,17.96675378998559,2.2939808931631607,0.6184415227263096,2.1970568659631455
131,5,57.30274162218967,15.449861829853175,3.4625494682810407,0.9956654665822198,3.340635836427705
131,6,137.43438669867894,75.32406264421313,5.091891995693551,1.0632365714589298,4.154866731119612
131,7,83.5610134723319,28.438622150222763,5.154500671855299,1.1039500417048114,4.254053315320038
131,8,92.55579785162377,41.23197911554126,5.076044967624965,1.0420071428526825,4.079262326508236
131,9,56.68688644408476,10.030603521271093,4.883415965539746,1.0349184389927322,4.082830257818131
131,10,50.062175148164826,7.6247787295681055,4.72887624389032,1.271337610784303,5.009983554692893
131,11,62.16291303478803,19.172514538731093,5.323991343156437,0.9640934096196094,3.829503451454088
131,12,72.24758779008218,28.48960310326658,5.488686792610251,0.8407894412924923,3.4037777840767216
131,13,84.61971877254317,31.1698219020075,5.937911536973938,1.1661475576091727,4.718074267519362
131,14,73.97730719836213,21.533939980055855,5.3618715640035965,1.3160545383394986,5.291419773151895
131,15,88.724666392512,32.75892610660753,4.154024564150655,1.0933346228506542,4.008692412676676
131,16,103.71927676916987,45.629680470782674,4.181384235509566,1.1109125695987325,4.030480607334597
131,17,91.86798858927817,33.221831469533115,4.3370621506540985,0.9828398536147933,3.544542648095841
131,18,72.26741889090758,29.689203621982493,2.8407704310347532,0.699103265944852,2.3897538574581625
131,19,85.06780466880116,44.597511898779736,2.5697486980609234,0.6219654826911514,2.2638243541668674
131,20,75.50524790199619,27.704348447904497,3.261097595348345,0.8291736469454554,2.8998008923531424
131,21,125.03340046150247,65.17270062767778,2.146489093458395,0.684393491987668,2.4245716654930796
131,22,76.00976825454745,31.604045417621062,2.134306551470244,0.5509791822255661,2.1134737787635203
131,23,47.172495548819455,14.148846307194106,1.6732160732932753,0.34543717816941055,1.7039387502694798
131,24,46.34078103046096,18.093677819218435,1.9746367977406125,0.476682633643986,1.9583861230476949
131,25,58.58740862326154,29.517709562664436,1.4711640072499448,0.6449058276091566,2.136672199458642
131,26,91.40760151896339,45.482245368104444,2.0411397758675527,0.5477832154656941,2.1226725958084165
131,27,60.182730270710806,23.111674201619493,2.445099814211489,0.7498010088459157,2.5370747124118327
131,28,151.8375782038787,97.64031917196574,2.5398640772204812,1.0041261085137134,3.338275886070473
131,29,153.36228089997505,119.09640191145424,1.358488310670726,0.9008143860818185,2.5520496958190035
131,30,138.35934613762169,83.91284717154677,3.0535585522663555,1.0841688436029764,3.690282982547604
131,31,173.2087764449244,111.80204185793814,1.4826231051732786,1.0678245444537227,3.008097718474056
132,0,42.93826892855187,13.5745905370086,5.629522074755063,1.0456964394443347,3.4947933062663776
132,1,38.192768635247944,13.222539309926646,1.7327640273865317,0.38457244702933613,1.7778839504055173
132,2,24.27966436919407,10.066705673747085,1.2377601572410377,0.2913434237741732,1.5684808147868257
132,3,44.67079657588372,21.37072699695304,1.338076689687004,0.18656955096461658,1.3810673648621692
132,4,57.601043666033924,24.56794212787578,1.7581468223289258,0.40335612456881265,1.7705199477184494
132,5,105.0763565408887,49.89119448207363,2.03268289934274,0.5450144308347609,2.1455032977858632
132,6,229.7287255102517,158.42063233843243,2.4365886186260677,0.4548945855192357,2.026270957387162
132,7,224.02039815519663,154.010459131454,3.3358932685194835,0.6315994212040046,2.466394801304307
132,8,137.8375111909736,80.00643397538374,4.079143753584363,0.9643662358515535,3.447742818094858
132,9,124.6036165120572,66.52355821817363,4.69868173867155,0.8870280278049849,3.46653140023822
132,10,126.0660290874976,64.63833140898208,3.932242016214624,1.052103100215196,3.904974403967755
132,11,110.85025831885623,56.4993188220902,4.769790869229385,0.824581164032753,3.2321283890728028
132,12,135.77611831942394,86.91888092625426,4.3070912144371345,0.6221615726467995,2.5218753464932244
132,13,92.77702358692211,32.837735174705074,5.616252722078892,1.1255240122277392,4.375251156364151
132,14,126.91760771107661,61.23013135595724,4.6200776835123545,1.122095583939469,4.153498039377725
132,15,130.12917749363623,64.88695128057225,4.179742671203423,1.1597885074460166,4.285762087369479
132,16,131.53826176418968,70.88236850820408,3.8324053553312836,1.302118248805757,4.694025463968037
132,17,125.50315396673122,59.94487284315649,3.791712627755051,1.145610350818898,3.9027860673635746
132,18,84.92063467369451,38.5379999265178,2.9626870239015552,0.6298779969644919,2.400502096722103
132,19,97.72946656564585,55.78851799701775,2.533303588948483,0.7556836116305741,2.5573651898271934
132,20,106.25519891203868,50.05118218535761,2.7871270492207803,0.9771921458045263,3.240739188889604
132,21,141.47118858154676,72.84757544320367,2.5055698025673205,0.8335585524097038,2.8538091693630205
132,22,117.53918108206321,66.43507809423963,2.459779900156687,0.5318357345566924,2.1501821697426124
132,23,55.3219971391035,21.801296449752147,2.1070121319040904,0.3810612049619957,1.8154257884870024
132,24,67.07631266956977,36.36318869550273,1.7539485550643852,0.46605453771342975,1.9341565096069222
132,25,77.0359654821179,44.25967721090088,1.2419774173038762,0.3480637480149291,1.6638659083621197
132,26,78.73224547356122,33.40667401939184,2.1932843009119933,0.8141879257047702,2.647377663368469
132,27,59.9091531082376,22.82343231792335,2.03506199549829,0.6299568671784637,2.1956936067728168
132,28,145.1419885805333,94.76915994971256,2.9785541925648817,0.6687589049093021,2.4989465000218964
132,29,168.54132086982406,133.84989929709175,1.6824020472718277,0.4848575553273917,1.882054873366481
132,30,130.24718286258292,67.86318777673429,3.5416782077306888,0.8599547804447232,3.0970002509794066
132,31,191.76799580475338,125.27109065436721,2.998220905090922,0.6338277369415182,2.4709153528323946
133,0,49.509763331199125,20.441066931166183,6.228078278213914,0.9404873195099723,3.3174413113981926
133,1,69.32249399735241,33.351184903200334,2.115671658755018,0.49086938810292313,2.022624947839991
133,2,27.481195453717838,7.924940393725764,1.5141027511885428,0.3798452064363822,1.764601881128803
133,3,41.23200165630714,14.444669942788504,1.8010819208145334,0.23855305522483716,1.5237273056470222
133,4,45.27296978366377,9.997975921211722,2.090121456907866,0.48650862158554853,1.9715295331644758
133,5,83.73944643499156,28.548190196575057,3.0142995970574624,0.8030277818235598,2.8466557863465876
133,6,100.36019850524536,40.73452128877017,3.2431178095271997,0.7178693983961812,2.765266399203613
133,7,75.82621043243263,20.864847687339218,3.7524058968513545,0.7246286419842205,2.7501052112531963
133,8,63.259031023018544,14.741551446474784,4.3880037720114515,1.067993012620958,3.798136920029404
133,9,65.23844841071819,16.378093879425315,5.158279939209909,1.0827541793346311,4.221381143215728
133,10,58.145668338902695,13.77520745569456,4.491485467203869,1.2169645812363523,4.71286076052416
133,11,93.94619521514034,43.32334320991258,5.411483895132117,1.1342670301639153,4.485733941451951
133,12,93.60616996370376,42.624557211668936,4.770253733016536,0.6603770577032835,2.6576295162457986
133,13,65.05477689365081,15.319340750444113,5.675778629463974,1.3611248098764541,5.442722364387908
133,14,108.5863626805039,44.98012430645997,5.310688593723693,1.2653189046015552,4.914988368474688
133,15,79.49785761752108,24.28963828921907,4.678659096856808,1.2847737108130532,4.99200924053483
133,16,91.57649301200527,32.96112989282094,4.324875494157329,1.3515133256395018,5.076209074158942
133,17,88.1962090211473,29.493846856732223,3.8902050980906484,1.310432439419829,4.437188201578842
133,18,57.55272589046369,16.97119263295809,3.115498234616985,0.7352048238152764,2.572515172788949
133,19,68.09847924399055,32.73030303190424,2.846310418617762,0.7302569810585187,2.5367356269507537
133,20,77.6548487667036,30.110280789635148,3.754211323289873,1.1565373647298545,3.978870610295914
133,21,70.97785928237748,21.962332664155973,2.8518909196714888,0.9529934558206454,3.2148234396811795
133,22,64.9393982804549,14.657828232270461,2.7575882757482475,0.49933303235594817,2.1326482358636674
133,23,84.67700982313396,52.15407194393745,2.367412615052836,0.4903481825365752,2.0503982967429812
133,24,61.63277820401445,31.23981722599951,1.8425268906547454,0.49821775065377016,2.0025567807555933
133,25,53.21368245217884,20.161252252035325,1.4653258524698032,0.4124426053219006,1.8142331173592958
133,26,85.97506842634064,38.6498830978009,2.386037255048503,0.7440020916299974,2.556822123303732
133,27,53.493644183370186,15.513726909711636,2.360078216106503,0.5741560452924377,2.168580799386932
133,28,66.1847373753611,23.634952579529422,3.1607128668050652,0.6429810867270223,2.598118036005635
133,29,33.089235233635165,7.489339896275907,1.7899944875969775,0.5567968414082816,2.004753610572859
133,30,62.62168863375784,14.523934317557128,3.382905270388664,0.9535792329125967,3.3908345779138487
133,31,77.03891474567459,18.633803165445123,2.4328440900392154,0.656709519373952,2.3980296209839365
134,0,53.46878293013331,15.82976895022878,6.44612320884138,0.8926953628196497,3.290477709900277
134,1,93.0179629656156,54.509282665315524,2.5342222495641353,0.581413393157673,2.229437770010209
134,2,53.85242539297492,30.77253202065441,1.677023173315638,0.4765531088407804,1.9650380847915394
134,3,63.673543065728666,31.288818785462947,1.657138738600397,0.27972076657240263,1.5958246539757377
134,4,86.1078414945345,45.160119990964475,2.557626261219979,0.5982082761165435,2.279840564375677
134,5,81.49157756147811,29.33934899206042,3.4444712418719936,0.8915668517300661,3.1578097774636036
134,6,91.41913781120309,32.295252217484325,3.6549900298495928,0.7981900173217262,2.942890113098488
134,7,78.57496819334585,23.794146202525297,4.090546103457422,0.7438526093042421,2.835209962476275
134,8,76.71272616108283,26.79183777924308,4.160538042700306,1.081596886605527,3.75099146343203
134,9,81.45379653832191,29.68991119960393,4.798194084937019,1.0814670437666294,4.13790599541789
134,10,69.88338098742793,16.322176112036768,4.805273793915263,1.218246341268899,4.706296150276589
134,11,47.431683254235516,6.739594784394287,5.587977296725704,1.0119258934009352,3.951177973682154
134,12,58.31880716357972,17.354728952550403,4.874977908364577,0.6968183764295919,2.765774474587911
134,13,58.50732257119706,9.712473009966805,5.969138691278021,1.2855462106445472,5.154148136144375
134,14,76.74457859807971,20.664291791518256,4.748442099058109,1.2541207839532023,4.847382374270838
134,15,56.730208307180305,11.41284437895076,4.51290735831184,1.190507346459758,4.4311791106184115
134,16,65.59059328947596,13.945266082427938,3.827280188037696,1.1300885181912146,4.099173887223994
134,17,68.7112395935693,16.9756050932183,4.075208854737108,0.9500604972653965,3.443546523525066
134,18,37.13932296480317,7.127687591316985,2.6353207319257006,0.5647994000585417,2.1895945688428524
134,19,42.52928935012726,7.366493978694336,2.59443770297308,0.6804159929506532,2.3938953140947663
134,20,64.88442596755607,19.999456602851236,3.3352976446734655,0.7884009212788037,2.8871385087652603
134,21,70.54128617912497,24.039911199589675,2.7893077961309585,0.710035280033269,2.6551527615830866
134,22,37.289566598595115,5.913680012104733,2.7521127135759205,0.4753281460094847,2.1019632454910284
134,23,67.13342826087322,35.32813318335673,2.118628697393396,0.3540470426970157,1.7664538169268011
134,24,43.08371068232215,16.102997122722012,1.5212690040188446,0.4454433421139452,1.824566189292731
134,25,55.0402505218417,31.811867572334386,1.4256971222486645,0.536325873852938,2.0121631427307936
134,26,51.4281235375001,17.315480585462726,2.4754802177369664,0.5937822368960415,2.3185169497275657
134,27,67.46503556979158,37.29494141345635,2.1602948503266033,0.816375639133947,2.614840045989749
134,28,50.92896463195804,9.919009264487558,3.173399792047099,0.6600013106112899,2.580472348490778
134,29,25.804891384553294,2.024033037541093,1.8300876146889333,0.5048881775899332,1.9142959994448907
134,30,36.35034645408979,4.350508952001826,3.530424201145,0.8381407913305887,3.063725210664307
134,31,52.45438045989623,7.205451045722825,2.487851747529125,0.5998306662924149,2.3263694770550516
135,0,50.15633901302496,16.027936170231477,5.922157783091226,0.989015875293962,3.570711350704466
135,1,49.664078304363315,14.161262648101365,2.418207418289363,0.5439768724639698,2.1666419973384983
135,2,50.80480556585023,27.14250660305459,1.2886309851542443,0.3756978436004621,1.711945615141099
135,3,52.518823981176574,23.43263810462424,1.795132025533844,0.2967161154135103,1.6074692342118506
135,4,85.79622240190089,45.5314530174424,1.9988262933919403,0.46162682615164163,1.8920366610402288
135,5,122.10473226140431,64.81527235577072,2.1028673832625806,0.5575562630131468,2.1452292289881134
135,6,123.40684447901062,56.137112836028535,2.894605676946301,0.5394940226694613,2.228203038590168
135,7,102.710893121526,39.9588711744602,3.708228751731014,0.6673201132223521,2.4922006721553163
135,8,99.85856229383694,47.0497917512498,3.8944188765502945,0.9109523555367334,3.1609216324837095
135,9,106.00890319937517,48.32869528274722,4.05990282472086,0.7321031786662058,2.9264779083092023
135,10,120.21543512985764,54.98055550012617,3.7133699256580184,1.110135641676243,3.927340610248098
135,11,74.83192091392182,26.589885972285398,5.043682289908574,0.9742853982891493,3.7011762957811913
135,12,95.11987692048437,45.2514132014377,4.3657858415591395,0.5939143801612969,2.3997881946501147
135,13,55.07084089146272,9.771710103263231,4.8685214000911845,1.1007807689472333,4.194994356546869
135,14,56.69845124584146,11.363530208761471,4.257604728578212,1.0153867857278227,3.7879523933870254
135,15,75.59473417246355,29.67823538960863,3.89847210489463,1.1002247285605868,3.982278851966904
135,16,58.6899786370107,10.83371239082738,3.414885791698561,1.0073946585303943,3.6179550284575788
135,17,55.57504368869311,12.264374970721947,3.4623737944763726,0.8093226892607475,2.8898891350181235
135,18,40.54976138818579,9.190839779040463,2.604543360209764,0.5784124729834392,2.2509030457389874
135,19,53.45056137448246,15.040277256632628,2.343635972290544,0.559079090391589,2.158614879085542
135,20,69.5431566459767,20.5823425814906,2.672944490483283,0.8267092951044099,2.875438974966012
135,21,70.06113155678514,18.199520533856486,2.4389619475712427,0.7504743153512377,2.635436139757925
135,22,52.75375984706677,16.243972354478824,2.0532623470591993,0.4589877034629226,1.9120703903378535
135,23,56.47153448445283,24.901034489488858,2.021945123757628,0.3119391433780363,1.6647082493075274
135,24,33.11648469645144,10.035875641972435,1.5842326304075458,0.4152144503897037,1.770695290172782
135,25,42.53331703381525,19.91425096851063,1.409625272957101,0.3581363178010979,1.6974116260695884
135,26,67.44035090440933,27.946099199735094,2.225105880925182,0.5019916620220246,2.011159760918913
135,27,80.29048808075143,43.93348479190122,2.189987148358735,0.5665810030767124,2.093957027630469
135,28,85.02547003487702,37.883838250000196,2.863675104629569,0.4395545198054558,2.0213345276535564
135,29,42.63829522708722,14.85052505996799,1.7314358417522757,0.4367744413340926,1.8334704033786982
135,30,48.32733780907905,6.280319636174541,3.6130681367321396,0.7581913040126897,2.8447956062625606
135,31,58.80589458652342,8.246330236758332,2.758182103341193,0.6681776969630819,2.4929376195933526
136,0,19.511640371304832,0.982484160864458,6.124289359952064,0.9660628904144959,3.472669078706113
136,1,54.29777673707913,18.748427703200946,2.5099361798750612,0.46136591378506386,1.9951132653691812
136,2,47.861579721476915,27.21707364247904,1.1955789475872223,0.48212069113584155,1.8038433636593816
136,3,45.81995114401779,17.362952284815712,1.6654579829449214,0.23279076108372232,1.504430360995154
136,4,47.823315898324815,15.372188251985811,1.6818956973424806,0.3785289676527599,1.7489925567200282
136,5,44.54302419800694,8.693020736438077,2.016772707872219,0.5990434720319113,2.1668398306656464
136,6,66.07853858232073,16.604800399111838,2.2445817980262874,0.44024891472092387,1.9564781205148205
136,7,65.12903644573,12.522550522502577,3.3122264645427975,0.6461932442476739,2.4381300638746524
136,8,65.01590710694104,15.536937713917279,3.7285679869187893,1.0217044829142718,3.518076522050296
136,9,66.74247156641815,16.68555812480199,4.366030384397638,0.9603856403361526,3.594005910479313
136,10,70.54265381286928,21.079191361025188,3.850951076802037,1.1777144042195227,4.236414481226269
136,11,57.95509034352219,13.621161789590737,5.639746335951425,1.0988084952667405,4.266201426810935
136,12,88.26567592296912,34.05972698452646,4.615191807630751,0.6263609019067626,2.5525074358891446
136,13,44.793857400813856,4.279780815520291,4.649105459461891,1.4230345324025704,5.288805089412842
136,14,42.665048934063094,4.828682731610101,4.3263786473177905,1.0711859659954346,4.022203321124581
136,15,92.33454171848602,34.01581425272505,4.304198848373593,1.1512999092918346,4.241885914880359
136,16,70.25482615572349,19.480528751557873,3.593893766470803,1.105158801680009,3.9306132880946913
136,17,81.26895830800208,35.05126991498481,3.7898584597167146,0.951039190332335,3.4126788843548455
136,18,43.62462737042161,13.420765932703498,2.731378957920576,0.6260276673153724,2.343307496383935
136,19,70.36286657416858,35.45618521058357,2.606242118470383,0.7864358860915948,2.6885619376232848
136,20,87.60405577618107,33.18823594100075,3.355707250529675,0.9319282424866886,3.263502827592322
136,21,53.550615248928125,12.808886422897537,2.4913723762166087,0.6295185866874413,2.407258263427388
136,22,55.88233164528357,16.711877680125905,2.212967809771011,0.40373205128214007,1.8735563318342403
136,23,50.52357964972168,21.061074446348435,2.0132090926264983,0.4551076588089895,1.9091205928927049
136,24,69.12866031698549,40.24837178815889,1.715252202317465,0.5096606719670005,1.9764365148575431
136,25,43.25502058314275,16.785854262993265,1.1818894533345174,0.287939205182435,1.5629974282581423
136,26,52.087377978711174,13.203969285627899,2.1733213780537826,0.6533974143377104,2.2876076140202612
136,27,60.32917459215195,23.802525213328224,2.0569501577567366,0.541539021256686,2.008684871838096
136,28,63.16493257468426,19.988272625864646,2.7105848771389356,0.41760123044468855,1.990732789021726
136,29,36.60148758470852,13.365509888889482,1.8813230891711146,0.5177446138257191,2.0144627560624317
136,30,47.51468204662449,8.66928616244794,3.5337894430413943,0.7279101807926187,2.801457456762978
136,31,38.499309686700784,4.412268637209836,2.751767817284166,0.6354554269066806,2.4299313139295635
137,0,53.48760171650377,21.25603477600055,6.327027538159338,0.9374974527952347,3.402004373293843
137,1,59.50970090694729,20.286783151681433,1.871515238626098,0.39647121201238544,1.8168240498897505
137,2,42.14042851041599,21.770726077271284,1.482308312886552,0.46738590810736724,1.8790997821130575
137,3,40.16282105625308,11.445022340561962,1.538022275656116,0.24781722404238815,1.5404950976834197
137,4,64.9869600110462,27.55977245182242,2.2962203981652163,0.5848917641025695,2.1739710146264297
137,5,94.46590199385551,45.337151761850606,2.938153648143002,0.8936517695676374,2.965934623973343
137,6,150.39443637223562,83.5922182503474,3.982032392516345,0.9291528653587715,3.3989963593892147
137,7,100.4638272840238,37.59816008656592,4.46374507818628,0.9050745945627057,3.2495675128676007
137,8,66.68641174001435,18.6472155018249,4.323213843201386,1.1754623483245226,4.094009924030749
137,9,79.522370488857,29.336074713899777,5.001785676667966,1.2766530806259233,4.907918479962067
137,10,68.92607101965594,20.38946797353845,4.586483383315648,1.3640673073129141,5.268206779098837
137,11,44.80637781221111,5.15535875086748,5.7135867102606746,1.1870837646258465,4.671856876746325
137,12,43.890057807864004,2.85971943136483,5.251023251916308,0.6688234851642152,2.768250857458053
137,13,40.37912968331344,3.015472254978239,5.337910073023018,1.227779529809366,4.809171856826437
137,14,49.88254677210887,8.697193428034488,4.61957749297519,1.0823748076072794,4.164976380805277
137,15,48.923200643742305,10.427527507167607,4.447839351836037,1.2267092007890676,4.494544108919349
137,16,50.34125560832804,5.1423577770852305,4.185422252336484,1.1364213673245684,4.2779632947218165
137,17,46.04086728068641,7.153727612355226,3.9323280131465532,1.0256129918756,3.7352891447435566
137,18,44.21906807485904,16.69582856883823,2.8293212739603373,0.6165617631707816,2.328826235743655
137,19,51.70741538204611,21.006505520867258,2.9531728944347413,0.727612275780436,2.6163894750156094
137,20,56.953501941773894,12.849748175874046,3.5082104549565973,1.0388361939163864,3.55276162570859
137,21,32.23333817403875,2.820623735163468,2.9892216106218634,0.5719296539935352,2.340145149688661
137,22,48.39688651729545,10.500337883244914,2.835063320552319,0.436637537108747,2.016024834621915
137,23,46.35720436573109,16.155368447632092,2.6219643118292986,0.46425293450576,2.015301961105638
137,24,67.59464801187893,37.136592798622374,1.984975752814215,0.4098679553959119,1.8478840187588388
137,25,46.16376989399727,23.336356111603013,1.4446660110421434,0.3607658809513943,1.6968444890181795
137,26,39.553876385118514,4.493540153337842,2.41124079098048,0.542493665181278,2.1527896552672496
137,27,68.10431770446397,35.54454757835033,2.4664048354876256,0.6155669082141597,2.244707726384301
137,28,61.37730372435704,17.081030242018272,3.158494266766401,0.540611367532355,2.3082491099654483
137,29,29.82666639346194,6.556498177083922,2.166839044636088,0.5081658333117818,2.0078845382075112
137,30,32.65247707154131,2.581570088650898,3.737651181493063,0.7287027933185692,2.822248698239612
137,31,39.2532987334963,3.1427799668205303,2.9991789235005584,0.6349957944993938,2.478637283577873
138,0,55.3250341351257,24.21713306132068,5.7347703880483545,0.9845548164580684,3.566128861338975
138,1,48.10574821366997,14.216817327038154,2.404611225219223,0.46991051245977333,2.0136431587187476
138,2,28.478975663716948,11.114959642180509,1.3422942622147582,0.30562868779071195,1.61456208641628
138,3,37.35217479463108,13.763824871397249,1.6374492604022617,0.26501448847625886,1.561392666012454
138,4,43.386101495941645,10.051643475385735,2.310542949465968,0.4830499672222368,1.993521128109648
138,5,62.85484890603342,17.28725283579262,3.383185796236462,0.730978378967079,2.689422111888579
138,6,68.96166928685122,14.6619901399678,4.189992316938774,0.7143298900764172,2.834732188182324
138,7,87.3032952434167,25.425484705274272,3.5587109635263263,0.7120371286341549,2.620248325129142
138,8,84.35628691403153,32.339098098201696,4.218713882163277,0.8056294576206051,3.111942415602192
138,9,90.87906054179456,38.92418607960487,4.483857100794962,0.8981829977773392,3.540906480861132
138,10,104.34422610175022,42.96821361809128,4.0417058322124655,0.8456706489243508,3.260056644621013
138,11,58.298832354981634,13.523826632498867,5.455336586223858,0.9965503877909958,3.8614286527913952
138,12,62.71274213540726,15.275596930620342,4.292168654777267,0.6909140617672325,2.651998840035244
138,13,36.25832118321389,2.2359159598265554,5.012855861867957,1.124875035327591,4.304109272418784
138,14,49.98860900445767,9.764539711753383,4.583651211679114,1.0420024488170565,4.034053460441591
138,15,52.71215121283893,9.015309865569161,4.244108991972022,0.9629204168444891,3.7541936643035174
138,16,54.10846643199493,8.2504066036234,3.846480622769067,1.1479691830920355,4.159218651022628
138,17,78.62443465040559,24.97924097168538,3.7261619352518274,1.0103533658542894,3.5992160637682225
138,18,45.82180625962954,11.02585641710062,2.9022426584038152,0.6931771984349178,2.479406469937697
138,19,53.70070804746307,19.39557078085741,3.1223106116355805,0.6951783204398025,2.4902380446153005
138,20,63.01854285663407,16.805971428944886,3.0357169217517157,1.0171749663041734,3.3331398801678924
138,21,40.73986795247687,6.109471390011306,2.553943453686952,0.48206884351129764,2.08559736945214
138,22,51.88380074189837,14.959393602898583,2.8540910268454445,0.5799454970153439,2.2851262924008755
138,23,64.94973071982254,33.33065296617065,2.3974533517307712,0.438687569558887,1.9316187502105715
138,24,53.7821485670333,25.974848326316643,1.8834360701024495,0.5212218437517147,1.9691825699096208
138,25,36.159902406952554,10.828239148930912,1.6331318372895693,0.5017827013922727,1.9635751876530037
138,26,59.99758687612798,23.793625375155365,2.5110936970415216,0.4980365651326557,2.0930455194286783
138,27,50.99123107847173,24.42965624155665,2.4303631595570554,0.5113589135259078,2.0308199341711157
138,28,53.94740742758176,12.101292320670014,3.327142523239381,0.45725263090091506,2.153090561461456
138,29,41.56621586837586,14.94629539254398,2.56521152292018,0.6360626854996165,2.347024463310172
138,30,31.591454847120062,4.598290416798858,3.9572145876398426,0.6887200152864934,2.717270815190912
138,31,48.11245051542123,12.466391427164876,3.0835084408368063,0.6662705262099284,2.5497353769881914
139,0,50.04951780257956,22.02446406892495,6.061897073050915,1.0073920556006337,3.7231343472445895
139,1,57.208376787060516,25.40403503092292,2.35851486509803,0.468921879964042,1.9841931303741678
139,2,29.742413142487532,10.673858930719431,1.5884188296327668,0.3369335736318426,1.6968345686985111
139,3,33.287231156825946,9.407689969042917,1.8663875077875596,0.26590465426548393,1.585662890022072
139,4,69.65934471946916,30.89611298421801,2.3273164016525905,0.5422585368210644,2.071239771004662
139,5,70.14122562559751,29.56239659940901,3.050682970980563,0.597897164049892,2.3836265831696912
139,6,86.3452460095505,32.12447784889194,3.5169099390438356,0.581044833875497,2.4496081867880655
139,7,57.44434529029718,8.27366350679462,3.858479454763309,0.713600904928505,2.678056172674394
139,8,71.10391619520433,19.28235802185907,4.583824494018106,0.8943280024033076,3.333064044114042
139,9,83.31214015696202,28.721637814153887,4.307435621136507,0.7628418094710421,3.052727707593214
139,10,44.02318602655701,6.394941704447076,4.254077288579214,0.9774554235020982,3.7212092128901904
139,11,45.688340960525906,7.039314477538873,5.417058920806166,1.0127421987698186,3.883169975790999
139,12,59.26054236388812,13.445170398126695,4.195702138272839,0.7514765770941016,2.7681224401068487
139,13,58.056282232671066,18.23964430793764,5.0124858593092565,1.0061600763968341,3.9436142636379095
139,14,48.134310476154255,8.400850218494442,4.334977617797186,1.0507157440262933,3.9408003865358805
139,15,64.14621985177514,17.085529729916775,3.699662196196233,0.8372553447144253,3.171382603869458
139,16,105.56050996206577,46.184706569116486,3.1725791434444663,0.9118896881969323,3.225449705847863
139,17,105.12573318649439,49.476490093050174,2.746899598427449,0.7764011292330277,2.658439702382219
139,18,68.74335523771222,29.98134742169657,2.493176598477473,0.6563908732587325,2.305693107101486
139,19,68.37140734564873,30.236756597776616,2.2504157003951852,0.6543813189464083,2.2133889513444425
139,20,67.45805621534252,22.199589507887975,2.485980473680521,0.7168548428576358,2.4729049197331157
139,21,68.62654034646143,25.256291464485287,1.6930193730564158,0.43664232103329437,1.8141804378997481
139,22,62.54303602228569,24.38291087699836,2.531247827302841,0.6419607750188074,2.286963250330259
139,23,68.4968640976819,33.41075764387638,1.6693995011929346,0.48332027536008937,1.8484286600830235
139,24,59.47069701840272,34.88772666132178,1.4733761143186386,0.4417229691609297,1.785076112771863
139,25,80.75682824076745,50.25955297971565,1.2894399307778432,0.6503944949647809,2.1183416229389347
139,26,56.055090214633125,22.492407004619498,2.2767384810656974,0.5851656873316085,2.173578163828614
139,27,48.657496117818994,20.927164012424672,2.0856105535644422,0.748898180740865,2.4880377692080673
139,28,106.46628458664753,57.23783617906143,2.6773381280558706,0.6795528829358788,2.5158200156023742
139,29,72.47148028809079,37.544332053685885,2.0263683873379663,0.862451675579682,2.6178631338713103
139,30,82.07708760607935,32.7535843339154,3.625384257133615,0.9655096891171726,3.443981302182702
139,31,112.46326824576501,55.23463521925994,3.1348314195160576,0.880252258045795,3.166357024043876
140,0,61.712724062735944,31.49411544112394,5.477753037387309,1.0458854123725043,3.6216800711247465
140,1,32.79426101987767,5.558674561079855,2.5795355000458193,0.5007374541021838,2.08822080870769
140,2,33.9801671882235,12.647964960337239,1.4929668818298776,0.4030173806414501,1.7838790358905907
140,3,30.01865488450178,10.879388543344824,1.905525948420412,0.3057839718698987,1.631253703324332
140,4,31.64788653441869,7.87171936903383,2.18884051864958,0.5142839649663733,1.9984059790887159
140,5,60.35106159020639,22.60805994622966,2.9672839910749595,0.9231713491311879,3.0739658000159658
140,6,61.843239821591666,10.459766948792538,3.8692362124779556,0.7487364138353905,2.879681939751781
140,7,78.64769450285608,18.463277726448457,4.238087551600348,0.9446051343361006,3.294452248760408
140,8,82.10913700301992,29.143544298575442,3.892264974789191,1.0657998957548656,3.6368665658027597
140,9,73.42265929770498,23.9091451109484,4.861349377938331,1.0078600696679585,3.929576270807322
140,10,77.22966025223579,27.634297595460737,3.741641424391191,1.3316666234003511,4.717741278178294
140,11,57.995866968375,13.592893144931924,5.398439827585966,1.0850719694954325,4.233290162075564
140,12,54.236908195902274,9.38545348279741,4.631708330106626,0.6617443814503217,2.626623454019961
140,13,53.26085123931938,15.442321802957258,4.4924407260519885,1.05197510453252,3.9515922257996716
140,14,102.94774777873457,48.92343553633985,3.738046118484493,0.9955305239483208,3.4074774801265386
140,15,71.08111410663248,20.82581946618392,3.9275016333934927,1.0732566168220101,3.8440274479204053
140,16,114.12387700858457,53.74712073828827,3.576389265104734,1.0157692617494232,3.5383697320495857
140,17,131.05864979015635,64.56936706568835,3.6391517814448795,0.8781657987874336,3.203324863574036
140,18,69.26668241630094,28.6382639719225,2.4261560074910427,0.5641119166011572,2.1120767936929417
140,19,89.46860822834729,52.48217923838112,2.6934893282033774,0.7796168266140322,2.579304138351996
140,20,68.89614926659775,20.464349557432527,2.711609677565181,0.7297319773966073,2.5581507076211856
140,21,73.58314154724617,26.74741523560869,2.1212483386102354,0.4943661223922349,2.046653420004307
140,22,73.64401521723926,33.06114454256405,2.5086637567660772,0.5006965183666794,2.0478140694521927
140,23,71.05105173335376,33.035496167162464,1.9797324711605806,0.3258061338951572,1.6795512942223538
140,24,83.52349640719439,54.98216032164951,1.839960961688098,0.4077439307769577,1.8137569525231032
140,25,91.26951856285235,62.32249013180515,1.5055380217564043,0.41428483166353613,1.8054045442582107
140,26,49.70764287733912,17.045534837338224,2.130664897231198,0.42711634671746257,1.8548228394802777
140,27,64.02479742981961,30.876934771683647,2.052465111197684,0.5107884299233136,1.9674339964692404
140,28,108.01227760754648,65.82430937962314,2.4207343529687333,0.4146946964247782,1.9170812023129449
140,29,80.90109966831753,48.335704107968766,2.2166963399471,0.6034443018912108,2.1991178811575303
140,30,109.4257795708385,59.44623101122637,3.4458036786817967,0.6702210142054765,2.5661621059476585
140,31,111.48671663349283,53.95863481984507,2.7559763636515937,0.6814460915274894,2.473183046352595
141,0,40.62364646402273,16.726715449564516,5.828886483539841,0.9834659528239218,3.5869590118370285
141,1,59.67528582864735,29.44452870045143,2.368210652351081,0.44782162870596176,1.9642953980477411
141,2,43.751786343339475,23.116158868134978,1.6596610782095529,0.4505010596236714,1.8824677598775685
141,3,66.79796950627195,41.2467872173783,2.3601976116502525,0.4683934614490095,1.9517708966233185
141,4,94.3309662366643,55.20509820630001,3.513431670947482,0.6411016140142651,2.4535291736633407
141,5,104.48044850847154,47.55503685692041,4.027005519187799,0.9114561625722297,3.2521840534701933
141,6,99.25840936426391,30.804720524669836,4.002317072985772,0.6817656002632493,2.762801098101421
141,7,106.59725755347145,38.824224350567235,4.677389397823559,1.108088828549457,4.115631498488797
141,8,154.7317581260815,90.22329999798384,5.092446205201286,1.4060997066725944,5.473800024498343
141,9,107.17813292623208,45.28815784150659,5.023766505222452,1.177834988079387,4.642213729348611
141,10,121.37970454343557,54.84324984156906,4.883195669522783,1.2742660310865404,4.965703965901043
141,11,101.29126047256032,46.79060067643936,5.402280151852444,1.0747709843004154,4.216964887533719
141,12,89.53836250994291,32.24450607949537,5.461190726134334,0.77851498123594,3.153082136722297
141,13,91.14721777378894,39.92467362264573,5.607699959778142,1.2762396252633774,5.064824739136373
141,14,108.90193232352259,46.566157430053394,5.164631150218249,1.1873589871809935,4.61063851011521
141,15,128.77761305388918,65.31882859428617,4.484862970864517,1.1210381145994717,4.157456277788092
141,16,111.28277586171967,43.48865446568965,4.344687521416466,1.2792791476714598,4.698468398760355
141,17,111.3332312171979,52.1305120745587,4.100140071469767,0.9593358044307374,3.4071026232924613
141,18,98.70256995520862,56.40611494195815,3.1021168984717855,0.7045656506796627,2.4450341344270523
141,19,113.35952731823366,68.24263995399482,2.6750893996850738,0.7202639541797193,2.4711804122014653
141,20,103.13795617478529,46.555169003214175,3.435944489269965,0.8589596273105924,3.023891585004143
141,21,88.07514074246924,39.61109442415125,2.1770218742456926,0.6514870684810807,2.378081374292031
141,22,77.94529788865538,35.932979860575756,2.4181294421177086,0.6570847056566325,2.4027825525128472
141,23,57.59743874552676,20.476210085384704,1.9415142302271873,0.45739081149585914,1.9158445861758273
141,24,85.51500821068916,55.48462159724371,2.0364650782593285,0.5269003121759264,2.048657349966519
141,25,73.8778438712435,42.51875235543682,1.4422653799979681,0.5054502056775425,1.9495893740701236
141,26,119.67512961344482,76.00425881773226,2.669398270272589,0.7241989843222112,2.5949750662676263
141,27,121.36129403623953,79.0548354979681,2.8443732034549862,1.0567072448280723,3.333911938434874
141,28,213.32851842601116,151.1189970602795,3.0865754833190766,0.9984186656176397,3.5699420820179806
141,29,88.87136611791534,55.25531848481653,1.9472920262904014,0.8921671494253594,2.7121387154969927
141,30,209.2775632688799,152.59517914373188,3.8818442238949724,1.3974392577929442,5.034166915151125
141,31,176.42138593746301,110.63889520679841,2.4484614111403404,0.9941374825444949,3.2963062128946463
142,0,43.96470040444424,16.213291528492476,6.049970132170556,0.9876305905552734,3.6786017223968632
142,1,46.0203769007449,20.757285685014207,2.3470317014283375,0.4616222657376148,1.9815881980200878
142,2,35.07868497327229,17.979325606964867,1.594591463919041,0.38635527301213,1.7708036261493159
142,3,61.94077511274632,35.24945117400431,1.8961691544070658,0.27278700912476417,1.6067824296880855
142,4,91.13896976579055,46.82730528132058,2.175985678185497,0.47318322721792994,1.9276070825296925
142,5,83.47291069963379,28.35126767108129,2.9861275790961703,0.6909867176523661,2.574424322504311
142,6,111.17375802702745,37.259599170468874,2.9513276635046575,0.47534539880710813,2.1330936693892073
142,7,140.75884523008915,60.14956772119977,3.883991513425404,0.8078362915881878,2.8975029791995905
142,8,135.68629033976572,70.56519239375952,4.6625246626886625,0.9505278859022361,3.4676834806261314
142,9,105.68781482915993,41.133661996355315,4.540644957576498,0.8274520583931109,3.285815860694253
142,10,127.20483202691831,60.88353205710173,3.6701188611572464,0.9597307911201218,3.6249350082396004
142,11,96.22573815934025,43.181031791827756,5.3168702818018065,0.9689298444416679,3.7013861327312654
142,12,105.17589401842332,39.43225313487372,4.0039900419999785,0.6431919409148392,2.5096598840247917
142,13,96.27421110265855,45.01622880058543,4.815890496534971,0.9833480341874488,3.7910283774974736
142,14,97.53680075974736,39.04542667593077,4.223181160577835,0.8985409742077346,3.394607972894204
142,15,121.14201997200904,59.123935094389495,3.350555025265234,0.9596722569776479,3.329120655566373
142,16,139.12053114735994,65.90490724606124,2.9933907820088326,0.9838078840886233,3.3392097404905496
142,17,95.50383081840455,36.509955771863886,3.1937101318009438,0.763005064354243,2.7608932269009423
142,18,108.56815751386796,66.55423467372319,2.4514491815997324,0.7516250683182393,2.4864556356658993
142,19,91.9321507484576,49.012417512833366,2.218440803891923,0.6714187959909776,2.3018802654923247
142,20,86.74327560487986,36.82953112610864,2.1076787555243373,0.6574653448788235,2.2608958033425113
142,21,69.9358016114956,24.582434367749,1.7655479864510766,0.4739935082750404,1.891124033660454
142,22,125.16515497266812,79.79390433347076,2.531979300022444,0.6647241023447097,2.3865408817738807
142,23,80.90283379273528,44.63574521234663,1.7587766428094156,0.4832508670348643,1.9214159585223969
142,24,57.20803048904601,25.960997719265244,1.4043122053622703,0.4472249353563016,1.7828661978344107
142,25,56.7754008298737,27.772030979787324,1.4329286088039606,0.5596162783826737,2.0256931810042675
142,26,94.34152508572858,52.35347945411135,2.132204174085481,0.6402098960139719,2.2736075070829997
142,27,88.77410709642719,45.79184392696892,1.9170752014849182,0.7410535695567453,2.431746820643551
142,28,119.7338048459115,60.22480433242965,3.130008235686229,0.5882823937085577,2.464149620426459
142,29,78.60845790841793,39.21161816773355,2.048724722803418,0.8008204771919041,2.5146225261008737
142,30,126.0557772101478,70.81893061904185,3.403641545943998,1.0262062369668215,3.5936223800459
142,31,108.39022542036577,47.2133372977289,3.1051288510954325,0.7831297375394426,2.9099364651926503
143,0,56.213807161009505,25.443094769468104,5.5523325968814214,1.0526240349291207,3.688462318373089
143,1,41.76839192484398,14.87455808082424,2.3463484191019504,0.5450474675926209,2.1300659310073704
143,2,46.83461219162038,27.4787714416617,1.4731859702419783,0.47156047143973745,1.9223145608392056
143,3,32.82659943717573,13.253027172442717,1.925198572708748,0.2914993449181287,1.6311559523361698
143,4,31.35562457514917,5.682442369928211,2.0961051465230387,0.5269352041649293,2.016672578688621
143,5,54.45247430943399,18.95335977878205,3.0256573409436847,0.9171077652719499,3.0899135655159378
143,6,50.1147267803138,6.097684387072974,3.2428763097922895,0.5944281345612028,2.4409168622513575
143,7,51.83823980740849,5.530959301623252,4.052105825523343,0.9371333256666228,3.266335622098556
143,8,70.29862609093392,20.063435490437506,3.863829952644583,1.1180285734051796,3.793719517195693
143,9,61.55396244862955,15.118070212570654,4.74957123145068,0.9499759870310234,3.76439138547816
143,10,84.21809000612608,20.396475317075026,3.8233526867466265,1.3076221258033973,4.706620519024354
143,11,57.825437479809935,13.569757262989782,5.163416455290735,1.1072352496329971,4.320851069071826
143,12,92.11069247522485,32.18790095570915,4.413267822608669,0.6726251695734717,2.691915317423428
143,13,56.32703403134646,16.150594753965308,4.614584447108214,1.23815851527577,4.713315720883963
143,14,69.39170923067101,19.357790174359067,4.7575789033750375,1.0504548275641135,4.0376021178142105
143,15,80.66121062046756,25.94032387231795,4.250026553363364,1.1544555194415196,4.392959897843676
143,16,108.37568999694084,44.17941437811997,3.649481458141641,1.0659781166482158,3.860961665361989
143,17,97.33330522188785,38.11486085603529,3.5880046068082487,0.8426295698873689,3.114290297733558
143,18,94.52169943214237,57.60883196505167,2.366911813436886,0.5724797209437238,2.170902854606005
143,19,91.3646800011997,50.10761001378205,2.734976353912461,0.7576447653477056,2.644553383266877
143,20,83.06930566874038,29.928932273958882,2.950894805584756,0.7997536390825601,2.7753835030718594
143,21,63.04986436233749,22.949797810408654,2.410257164766783,0.58166509675186,2.2753709838809213
143,22,97.77793250921906,56.21309818023213,2.388532081442463,0.4947799629859575,2.04679809544971
143,23,92.12781793280006,51.790739091962024,2.2393774758498948,0.38925063288004047,1.8159435979929697
143,24,65.59880351296952,30.00968884729484,2.0035618955902783,0.43783487149288014,1.879571533571716
143,25,79.30863394798877,46.517633503590375,1.7268332940918847,0.5227516759823279,2.014104040476455
143,26,63.13526744182641,22.29552542134695,2.7794261869923638,0.6965781177812627,2.4869269144035098
143,27,66.99086553651577,26.61538442292241,2.2299277046690857,0.6144130659038427,2.2269067476214808
143,28,115.7441442398914,67.40456953811547,3.023337280007528,0.6035849463230436,2.4114790699693094
143,29,64.39020675050055,28.926822608470168,1.903281018550912,0.7532149934289685,2.3831182229282217
143,30,76.60887944194019,29.74722395061588,4.139647875625506,0.9015039847101143,3.3656916484589927
143,31,103.35395231681542,44.87895252746581,2.745292454636613,0.6119080786902944,2.3579729956554174
144,0,41.533975333270774,18.20980824097778,6.249215905658005,0.9597224275552758,3.4391784468731195
144,1,74.00016522875723,38.346630640461285,2.847176331407919,0.5964258631009693,2.336543389539595
144,2,48.07350895687987,26.245686539226035,1.493406386288639,0.3425541924692399,1.7198781863814991
144,3,54.94816596585554,34.31723104459017,1.9886887914753548,0.3049220124646923,1.6539110512961817
144,4,44.40534724062425,14.639864615811572,2.153516755867763,0.5503781089210804,2.085090868996408
144,5,76.07254937311603,35.263812270172096,2.5763649908357174,0.622870731029662,2.3737711862302318
144,6,96.11079296056047,34.47761638835672,3.3752913453203814,0.6409773788832198,2.5721388591570036
144,7,59.41699148625884,11.0801956501515,4.104710773071652,0.7856328858790578,2.913188845722206
144,8,88.39069591758401,36.17735918875634,4.552134038115572,1.073712324034962,4.015621123287209
144,9,60.23107410944535,12.33275739564234,4.635353767444137,0.9765515747108058,3.840715760989634
144,10,63.060869384523905,13.370148569842437,4.3995822784054806,1.1864171186212706,4.614878355414604
144,11,56.10669394579055,12.239044495839636,5.566308421897112,1.0786666884949732,4.300159016739115
144,12,40.226853526698655,5.084421769749995,4.776583300042541,0.7497982846702573,2.9545831204354944
144,13,56.860551185850674,15.575624020768704,5.700980284028159,1.2736281780386438,5.1441100890000575
144,14,81.33118940130642,27.22198912501928,4.924526404738753,1.1559302571507821,4.5948110044570685
144,15,93.689249696377,35.050215902035816,4.938567398475529,1.1591449430367522,4.652788012383946
144,16,77.15052284259549,23.118468503794674,4.357242034682222,1.3538262773287446,5.159406817978565
144,17,91.3345393339626,37.47712165141705,4.5709517505598205,1.2186621591437357,4.628300413021905
144,18,61.015191844365916,22.502001605427996,2.731350312716949,0.6779653227391313,2.403496401627917
144,19,96.63369832224053,48.56875507088127,2.9826759176618687,0.7544030780790236,2.724446432207665
144,20,86.44215305015742,41.105579973081724,3.525163254880873,0.785620951074562,2.942141787515636
144,21,66.17715979695572,27.21336872080248,2.707079567759976,0.7095667555224776,2.6306633387741525
144,22,97.15729943904887,55.025615259210596,2.833722431515051,0.6974092362998938,2.497367690663053
144,23,77.85367622268,38.73450794660382,2.7586242792686457,0.5561720590494756,2.213092581970707
144,24,97.93028187823931,61.09505321244044,2.6442145654547766,0.6394570973330134,2.378851008571894
144,25,85.1079920574429,56.74730211821594,2.037792838589203,0.5550930412203385,2.124840944247083
144,26,70.80518042141762,32.39374831330127,3.2203738489434106,0.9029694126385661,3.101378485834243
144,27,71.80986379161249,34.38269748620519,2.8783435191142823,0.6901688563024901,2.5180616413340315
144,28,87.38688686511419,37.22416175554258,3.4608566730798502,0.7359498703728615,2.8164561004262083
144,29,61.884403509444056,29.848797577337905,2.347690539552104,0.6927035567278095,2.429625353465365
144,30,73.15828388933213,27.77748947327111,4.276435533446138,1.1386802850645363,4.295979659880187
144,31,79.66415779028715,37.02748090429549,2.9461359244060263,0.8473710825762701,2.9579940433027474
145,0,91.46560135113522,57.7402519934506,6.052394835528238,1.4440430455465911,5.477724656458177
145,1,121.60976604121288,83.67860535058664,2.9035683852252436,0.6586979660416312,2.437772927687152
145,2,53.22262849759907,29.759955771202208,1.6703215505260713,0.37392693921360864,1.8031756311461602
145,3,98.19919963983146,68.80435198032166,2.0145038814785696,0.40449967324183467,1.8413833016510057
145,4,109.76544734859746,69.34790954498035,3.218036548244747,0.5802181065779708,2.3402316414133186
145,5,128.29255875177776,70.40069509961377,3.5462422237729827,0.9023867958927427,3.194328564962898
145,6,137.9109720248278,70.58414096765819,3.9590453326744193,0.7119609080291527,2.85178739025433
145,7,80.44769440640547,21.323309730404787,4.481713565826121,0.8736342506061687,3.3149349659071703
145,8,110.4156481411925,44.241652970712664,4.855086247904273,1.0845632321351353,4.090379722811313
145,9,70.36387075551025,18.246284413082186,4.9417380933834325,0.7982321779889867,3.2588767022356904
145,10,75.12041733008294,17.67934541261316,4.946185417688941,1.1659744761540969,4.68309539692681
145,11,91.16492417482004,43.85909795364978,5.356799394701472,1.0206375850295988,3.976960922130638
145,12,87.34759013683951,34.02543479523894,5.4191527654255065,0.7421314040746649,2.9956530549031313
145,13,74.56682885143917,31.42713581302877,5.844144371006692,1.0836686163168654,4.330925572140461
145,14,91.49121017143437,34.567026881078434,5.069658809955575,1.3855235422585954,5.306956259944842
145,15,112.39918001245633,48.66545950500502,4.432759829677634,1.0841600073515956,4.213451489214068
145,16,109.24886121236966,53.559096948163685,4.158632855362243,1.1219030476984937,4.170746006490368
145,17,119.65782180172971,54.30870859014732,4.38434595188224,0.9734523010232099,3.5537196340020842
145,18,104.36457129654244,60.76038090824085,3.1749360386204986,0.6801085835481961,2.50776611607047
145,19,118.77517106329708,67.3801806340737,3.2280754008860018,0.7310750683378457,2.6458421975105164
145,20,146.5073342709416,90.23867116471182,3.3082400670627177,0.8333139750684699,2.9924405571865984
145,21,97.84737641816437,52.398016030790416,2.245113765405147,0.5276898495137057,2.1150196016896765
145,22,102.58630268667656,54.55844557092358,2.580056645597878,0.7341994957914073,2.4953594306941618
145,23,111.10083438704964,67.8784995059145,2.0846917068723845,0.4531330920977932,1.9168927491260006
145,24,87.17629605400724,50.95156760737161,2.2869927855030894,0.5578380948013257,2.163279689967142
145,25,71.32447728179157,40.35478132101432,1.7185235353006973,0.3863116023140831,1.7980754835962731
145,26,112.36011487625433,66.86521012136882,2.735474959403485,0.6316213956568819,2.4400760078990866
145,27,78.76686262179352,37.161672065120584,2.2997924964821843,0.6518845152490549,2.3274861650688017
145,28,97.84315916581899,50.185778373537545,2.8888354544780217,0.7744813338222825,2.7646739565469427
145,29,49.96422212093218,21.407585125464692,2.279026520185572,0.6363142671870543,2.2846989555100476
145,30,78.80700885456207,32.23338108087999,3.9095886372449002,0.8311806084630091,3.087333458948756
145,31,100.99369807720328,45.614659692913065,2.410404696185255,0.5415624155601848,2.175491206171785
146,0,116.97873271839234,79.45666189132598,5.270560898989572,1.0609539627187115,3.5871999072317253
146,1,101.91812962612593,66.40845602658186,2.281944795692465,0.6436002866536681,2.2857686901779495
146,2,59.03482772925836,35.4591013942526,1.3327813696260535,0.3782999862712726,1.7024293446970278
146,3,49.56149927761686,25.523162270134453,1.827082266750787,0.39179404069673485,1.7637811080650108
146,4,80.25736584096451,41.122014594781184,3.000120124431004,0.46655599832391026,2.075420784737952
146,5,96.43147012111757,36.073357657827955,2.864144162703604,0.7086628608365411,2.572224686494762
146,6,78.3562588167843,19.71722978591454,3.505644969933512,0.5305938077055115,2.2772867657625238
146,7,94.51700394971414,30.722270930621125,4.344823780581849,0.7653690429822184,2.9462819131488667
146,8,88.10316861085057,27.390674469333725,4.898439821251809,0.702924528447177,2.8833637984335847
146,9,61.48338481770428,13.001759552064941,4.796237953311151,0.729982204188766,2.922790710657437
146,10,83.78127075842568,28.731570557425787,4.253480174095737,0.769712654463854,3.0969949386611098
146,11,84.93973857971261,32.989324988135614,5.204533821160329,0.7663283798219629,3.0270597372275065
146,12,49.49325902962208,11.226023729777848,5.677635870507786,0.694661962102777,2.8500792840898015
146,13,74.75080884223345,28.271813629404967,6.059259372694402,1.015819021166413,4.041343536387847
146,14,62.334297968193376,18.789498652940573,5.157385167408707,1.3422410108311107,5.208612050395137
146,15,52.37830868483434,9.93305183171439,4.4579633580531475,1.0638482793736292,4.076692823487578
146,16,62.52339686923443,10.55964408433906,4.175261726255817,0.9338507252313812,3.505461071319839
146,17,45.44812457447144,5.47324786698972,4.50424122186269,1.0156826236520144,3.6980569828009187
146,18,50.784031365706156,15.737997911082285,3.3225165581838914,0.6304236195745707,2.371475967012446
146,19,57.251631557854054,17.431509177582917,3.1606972878408497,0.6462302211497675,2.4768799464885527
146,20,72.5359530650511,34.771306137025974,3.142040530503812,0.7436768111579108,2.6892065518756056
146,21,42.295933661140076,9.778852789311946,2.4009677856182616,0.5448542947199817,2.1773480424527825
146,22,82.47056734942926,37.160677091874376,2.3710413387755342,0.6514155868492231,2.3580869656461245
146,23,44.433489518334994,19.74887109348829,1.7226373349911492,0.34413023435400003,1.6873928728896155
146,24,61.747768127513794,26.900662752186836,1.9043611067672452,0.36969887342052465,1.769296783420491
146,25,58.41213056338633,28.98921995389542,1.5380878578996895,0.3518665186136136,1.7265423307762973
146,26,53.11347819588941,16.304401879265086,2.6529015076572655,0.539909103997795,2.1877882164311497
146,27,57.10693699180406,22.221246129083188,2.5006218422312205,0.6774330486231062,2.399703259884014
146,28,97.38307727204732,47.435794339710924,3.3149593896471656,0.7301328626470922,2.7653626035904635
146,29,64.12100494035495,28.11206576525125,2.438501641718231,0.5932937008676609,2.243048158391601
146,30,61.1630472236305,17.520692979040778,4.296250432367552,0.8477169745149933,3.284632340829295
146,31,124.53144398440475,64.18983287367858,3.461451238820861,0.9173446893021406,3.325434142134285
147,0,97.84588425822314,57.25189620428387,6.061237154298643,1.3351019941468572,4.971392514019679
147,1,45.544358253060835,12.576960926996254,2.7326472659736583,0.6460238014459794,2.3254801802582383
147,2,64.49852506821233,41.74490522285957,1.7740033329661984,0.4756230087606752,1.9452264287736054
147,3,33.9875432747788,11.44822630066,1.9093260993656729,0.33999246729770216,1.6951914271846504
147,4,61.01617194663143,25.050378163843597,3.4401371110293373,0.5776179397193375,2.3450104646156196
147,5,85.91008745084514,32.57004037022011,3.502632481379683,0.7413695500876614,2.821268447093573
147,6,82.01709450172287,17.600783511041545,3.8648439201948444,0.5999512539295448,2.4789801521908115
147,7,71.99048477615322,14.45372963209898,4.352543998241755,0.7129118188439216,2.7839720405682886
147,8,72.59331072292964,14.510563815903806,4.9456698455424455,0.7693128800393589,2.979011100612602
147,9,81.52660881093917,23.381561933354885,5.222734187859454,0.9204743380658149,3.5476903326952227
147,10,89.10219884152846,32.25668677166341,5.088420440350669,1.0839948267210016,4.154620460437488
147,11,97.63248153691922,44.45754685318366,5.906135647090927,0.8815379627187045,3.5622038150445268
147,12,63.34721222749197,19.75860254673973,5.573997764923712,0.694714293849648,2.883253714981945
147,13,63.665287626290024,18.421817941433194,6.458060656664626,0.961069483170796,3.8692010003033928
147,14,65.30730645260778,19.545113015605548,5.806639208526033,1.2143854293665477,4.736813180546127
147,15,106.06111738374727,43.41962033940938,4.808339390587912,0.9791142350101865,3.7361064806092084
147,16,100.21739415878679,42.53142785822756,4.8281663508062,1.207522351000776,4.3828038868014705
147,17,98.84198917602163,47.13228035954609,4.646144976948001,1.1503735150789822,4.180256000333033
147,18,43.771468442681254,7.10782838608352,3.7476055097159806,0.7563567389712569,2.746939266078843
147,19,70.49302612842071,29.945783933435163,3.3588335194329275,0.7341082304834297,2.576730084031394
147,20,73.28743522802326,28.975241629241857,3.6439735236836373,0.8854682274935937,3.117890129965467
147,21,124.34316641892143,75.87720074901463,3.6274673415161844,0.9331474787092686,3.269787992769232
147,22,121.83582606683419,68.37562603323968,3.6479691980329934,0.8083877479690749,2.9791155436489256
147,23,76.2272453824854,38.82288527471538,2.7750487245668967,0.5956740990136828,2.2492638963113785
147,24,57.62094112947216,27.43003339944358,2.1401913082242827,0.4934301061883173,1.9998861530266154
147,25,63.11769889001323,31.686729732215813,1.7915529728063309,0.5645334744266268,2.072568310965381
147,26,84.8719403753235,39.607582087186046,2.9223777211257413,0.7312708803182826,2.652423524130353
147,27,81.27564784911948,37.17803375044471,2.9325060109682095,0.7361200140863096,2.6308717108868276
147,28,82.47543110685044,34.40124556766634,3.3050788544093987,0.7905562814019489,2.8112068664018057
147,29,58.907052250224666,25.5383627184168,2.1933827716993677,0.5179697662780343,1.9842884159497347
147,30,72.77614469104361,24.477907910250863,3.9387125044595717,1.0498006700959994,3.7050227031950085
147,31,129.98266917104976,68.44528188425252,2.783216469378969,0.7203045271217756,2.6032109894437396
148,0,79.3173560053218,39.81822787384202,6.33093857218997,0.8792120505871868,3.189485193673428
148,1,67.77369818755518,33.63700779608061,2.4665148959653798,0.5261559870785324,2.093501678386371
148,2,78.51582363520403,53.93566225844749,1.6300985248277713,0.38203823508500223,1.7213008776055492
148,3,63.392952690900344,36.68769838900063,2.1366666467567454,0.31768492008431704,1.6269216045303838
148,4,105.67582367792829,60.43480694576809,2.4790223267422764,0.49834343412195237,1.9727704361942309
148,5,128.2399219038988,57.67225818734727,2.699068007232728,0.6289119587397765,2.363973123837983
148,6,107.15905900163256,41.37536970790812,3.4590744650922765,0.63416252899385,2.456211404384641
148,7,63.35679723729302,16.099411684507864,4.253443804404657,0.6281230183041284,2.5499329778096946
148,8,68.38107066806172,17.399170163570652,4.566220516527928,0.8476357359305835,3.0947628812075236
148,9,57.279615397796064,11.059261940797427,5.23854423674932,1.0235813333597736,3.881000305194553
148,10,74.65134834509638,15.247114356782566,4.625122611876749,1.0368172026994484,3.968864709822379
148,11,51.666674052833855,14.48092485032063,5.535988273649815,1.0103002940367904,3.916398522534954
148,12,50.44412316113611,11.335918500843647,5.374327152931193,0.6233959424637936,2.5979465143382594
148,13,59.89504098738167,18.52786098627368,5.500862047425047,0.9726198849350158,3.7958893411056165
148,14,72.47084380966218,19.370977060466,4.967495871085107,0.9962157548018613,3.833756932226056
148,15,66.64253217873224,17.717776331250523,4.276340426843206,0.9533607546519436,3.6063740702765985
148,16,82.36650473607264,23.72667634580315,4.173688785271623,1.001349875468831,3.6492339185200797
148,17,88.79635758526103,30.100136508916712,4.063696739426289,0.9361694210012965,3.2994130737374583
148,18,80.68936281078068,39.6224300455072,3.245640962337349,0.6980779494198628,2.533787665980946
148,19,51.74639059004408,9.042635452062655,2.7423530479250404,0.57562552715775,2.2351952494103293
148,20,79.15998574316771,25.39308589301489,3.629405136557753,0.8794740583379976,3.123124591330302
148,21,72.82885294871653,31.32702427700593,3.244805396242203,0.7125950908179295,2.695277065478148
148,22,47.361861826830804,9.955516734758229,3.215242254599903,0.5360156004597423,2.237424624583635
148,23,55.46406934246533,21.52330260997951,2.6150157728582735,0.4010516785864575,1.8775912341593572
148,24,47.95850531437384,11.795651159338744,2.3012840296416073,0.43164675935887553,1.9235678524970325
148,25,34.44918359746988,15.669598703121292,1.6544555411675437,0.3622211984067296,1.7414024743177514
148,26,70.07647095941871,27.284794451875655,2.629045269326709,0.5082983884411565,2.134587079083302
148,27,49.608877242127654,10.623454913522707,2.682460434526357,0.5736662115294573,2.193051128122357
148,28,81.02283833163632,27.88063834019332,3.1774160453688336,0.6049961608100412,2.383965389322277
148,29,52.38189640488394,18.240620964390892,2.0160755250765146,0.45591950245912427,1.891437747918468
148,30,65.73032463018464,24.349119135500576,3.833227014170081,0.6992564374263619,2.7380086812080986
148,31,96.85126294571364,44.4365433486027,3.154455521457111,0.6584768971982689,2.499564864520988
149,0,42.64338421377033,14.129789629998584,5.935719105547461,1.0069378193494902,3.58456608724802
149,1,76.38792020052061,41.536572053730616,2.033658714079661,0.4461361527569916,1.8859493814878898
149,2,47.271215260201906,25.93970920526583,1.1531667250976878,0.2921322426936155,1.5447531531400247
149,3,22.774132842088424,4.126077955082075,1.9968852220922806,0.29806636415050813,1.5992204211669667
149,4,34.489372467562255,6.732170350794421,2.2832747232179362,0.44024209009974546,1.887784051514457
149,5,33.73379666894249,5.13970319071947,2.415560804280668,0.5441604377667288,2.170311877477088
149,6,48.21010933337061,5.6598363088020465,3.036508541677647,0.6931788321669874,2.5022659628565393
149,7,35.41971040884263,3.123272810385611,4.1767096094300555,0.6683904720949974,2.6327208765203305
149,8,37.26250210798116,5.472589015764974,4.540081318704516,0.8824218360380707,3.233627850427285
149,9,33.60978169114976,1.136187839241864,4.995774226174124,0.9975866024914684,3.776237352248538
149,10,30.871388641252203,0.6841763528322151,4.382150826938022,1.1117835720612304,4.157245760899263
149,11,30.55964124149556,2.864690709948724,5.510866451377623,0.9987687171355404,3.8584283646173563
149,12,46.10982793808061,4.882056602353107,5.07622966715344,0.7086178156015013,2.7978606324646256
149,13,39.34574227206537,4.27399883947872,5.527210898066139,0.9636939921030319,3.7385980909210845
149,14,46.04961117670317,7.704636398697536,4.688505048356561,1.1757968594596857,4.400445203786295
149,15,46.8774006717822,8.252758148476639,4.478534651205811,1.0786905482542837,3.943397136761185
149,16,58.79304040666529,14.629507862096373,3.6218433748835133,1.0173125651609847,3.5731634118601456
149,17,47.614669185188866,6.832208916374668,4.069095370700745,1.0037669909430376,3.490121363088126
149,18,58.0437821042838,21.347217383138968,3.3568743410599926,0.7948322938568357,2.784231598716854
149,19,44.877620253399336,12.537379362153604,2.4802602063398536,0.7230066441419232,2.417029488746902
149,20,49.119262637717156,9.02445438936144,3.3597068201900364,0.8172867658063505,2.9026853870709868
149,21,56.446629846057576,18.931332264897375,2.8058449058386006,0.6022117207028215,2.4359157565836878
149,22,37.11709186770349,7.043130944245244,3.245472516555738,0.6126958015918404,2.4206327157124767
149,23,38.7849198868759,7.649654390394769,2.7457206508731566,0.48523258715510265,2.0549509238270445
149,24,40.88285934200193,13.932392360352951,2.213034407313228,0.523142666388861,2.0724734887061067
149,25,22.703646768365445,3.7898804071224785,1.5114865054423765,0.4025091946499124,1.7923606646705483
149,26,33.65603461763068,6.170618153174418,2.2139524462510307,0.4686703125946532,2.0311534849145723
149,27,40.78589731968832,7.860517484968495,2.459252079386543,0.5941498691335738,2.200084445051349
149,28,49.18447587153168,12.61992737647795,3.1287985124696798,0.5296180978801486,2.2138439820101268
149,29,28.64425177819483,3.8823911167203655,2.0313672951847934,0.5027488935302173,1.9765476863062386
149,30,43.67589641940893,9.158938483006528,4.033646141550273,0.7803671389126947,2.9681332385939636
149,31,51.605245536227855,14.794728649441947,2.755309099195139,0.654143486298238,2.4466240211781978
150,0,19.906477519790094,1.3231486662666547,5.949912372564903,1.0368752330447766,3.6882055444136292
150,1,47.436094780770574,25.97180494931174,2.014854371663546,0.3583415868438933,1.7426985398741828
150,2,30.384129277881698,12.39480096887021,1.3775564713663058,0.3819231427637768,1.7200288723673491
150,3,32.94021644661309,12.189943333564868,1.6791127300773938,0.23039710265999136,1.491618961881506
150,4,35.00539979380672,5.720404653752597,2.28216072119628,0.4835210376832637,1.9399463457778972
150,5,41.00735564638856,6.7610086634842315,2.816845950560449,0.7317403232931565,2.5423732025080135
150,6,60.512838285341864,12.842368533375579,3.5398099360223223,0.8544106262690012,2.941851867513863
150,7,53.961074815977355,16.97322305355081,4.01405808534708,0.6621742029753186,2.6224003040592354
150,8,39.324340362212496,4.194957250437607,4.200976312537455,0.8270426254092644,3.0933332151598387
150,9,70.4807232691513,19.817506954561146,5.258333300901917,1.0156969918408327,3.862701184895162
150,10,50.278783339898325,13.203092894667266,4.260081064905572,1.1769897214929603,4.330561971275095
150,11,42.283721318982636,6.506967800721645,5.2260187458458605,1.0057742167339399,3.8365657276609917
150,12,41.78004249259926,7.201934538604424,4.709153948792395,0.6293652358732782,2.5611778131212604
150,13,64.15002214954,26.50539976417989,5.677150222080125,0.9823949911000662,3.9456396229703694
150,14,72.59712598546808,26.695896554562665,4.781552828096608,1.1636405052841772,4.422753090153435
150,15,43.72608370214697,5.476259728604562,4.467951007168759,1.164350371265586,4.224283642196252
150,16,40.027721041017806,3.234736418426971,3.489767114154311,1.0206268008236283,3.5971788396991813
150,17,58.04416270680971,12.662098492658698,3.9507134081855377,0.9681816527685192,3.4148308749305967
150,18,46.967911924449226,11.61083693518859,3.83535220627339,0.7097227221680562,2.6402529104046426
150,19,32.31968947181586,5.496542974366054,2.6193772965678743,0.7558270953372457,2.48890224813437
150,20,64.41170747097388,21.45607243219594,3.198328636545235,0.8400749549467981,2.9389510385433626
150,21,76.28202993552185,36.438317072778304,3.3556353890509487,0.8175242407712955,3.0209051920778767
150,22,45.124129693779054,10.75821101342192,3.3733053563695177,0.6659400266533821,2.5216940584208527
150,23,56.721275043007545,22.00922315160574,2.7398151979842433,0.52858064927889,2.1004706337330803
150,24,34.51753977144453,9.56374710003271,2.104460167204489,0.5494589286000373,2.0697035814266163
150,25,30.393120943699465,11.002560392598554,1.5806296487506117,0.551918379542357,2.030909216823552
150,26,50.269332611034514,15.387244733280086,2.227621889168798,0.5562877435135203,2.186087194464903
150,27,38.87171649327496,6.435581727938196,2.2088552928876704,0.6462807438044909,2.2321978725386153
150,28,57.97073646737388,20.260726248078598,3.0435817563565224,0.6372519480212846,2.417801127106878
150,29,27.57472443021207,4.625204521766891,1.9456668885788257,0.4390064438634629,1.8290972013176894
150,30,47.80966494694833,12.350778614957502,3.517746000667095,0.7317723215617504,2.7238085274435333
150,31,79.64363612667825,34.284460485303356,2.786623870020353,0.6269308736039219,2.3873598509214373
151,0,42.2127562229436,12.48390613832948,6.223859307058828,0.9554220419617048,3.4134262268907944
151,1,56.61522944880322,24.712422109491094,1.9343934869759376,0.41765960664557666,1.8209244538773872
151,2,32.61717598587414,12.454693478104552,1.5715014046515237,0.46779490563305415,1.8599487040583578
151,3,45.38088063832707,20.965776226239267,1.8775357022776573,0.26658540332891345,1.5520163440071717
151,4,53.58483638409032,21.055983146804444,1.7658696106375624,0.43658077178005317,1.7959772671571297
151,5,49.1905387295768,14.961414247500722,2.854938350287605,0.7169668993228768,2.5569797565658394
151,6,65.91256986259592,19.133855920157213,3.282579082529452,0.6135525234045089,2.4395475155353306
151,7,56.693827686191185,16.106293335231854,4.217241044864885,0.8171172382217247,3.0345976232816256
151,8,88.24161401572793,38.327060231848684,4.7483688605078385,1.0008153299065992,3.716646054081393
151,9,79.34626355594085,26.400806431420094,4.8628724409281645,0.9916675005051712,3.825853434558005
151,10,80.67596469900872,28.68133081937321,4.025117215140838,1.0805004345647031,4.005367290158868
151,11,74.2121920918693,30.3605217915247,4.784187930474117,0.9686078593702785,3.6311318323909276
151,12,62.716426430773026,18.989026461136334,4.243964650525749,0.6611137733730033,2.598959714552507
151,13,71.86351258395885,36.88625301419188,4.965409712245503,1.04564745869793,4.070297150072355
151,14,78.59397942366653,30.040523766817696,4.246870639516085,1.2105451128430706,4.402520105434355
151,15,76.88512728140819,25.438361480606083,3.9805879379511557,1.143770937899597,4.089097302919228
151,16,86.99835003223902,32.03467387441598,3.4503225642745994,1.251933217172712,4.3222164531444776
151,17,77.79348824864158,24.24296873198338,3.5340014338738026,0.8461930056400604,3.0301098313072274
151,18,58.50976725084368,20.081161927339394,3.322291123515246,0.6408059833394706,2.4923458193480768
151,19,29.37338366928155,2.5818145715579615,2.353913455697333,0.6921749699291815,2.358746311904326
151,20,57.5189464646432,17.8882176069661,2.6603788010447653,0.8513735616336429,2.8821697517569693
151,21,82.06609560131854,46.1857875101807,2.5838093287131807,0.767314733971233,2.7189876916524742
151,22,63.2687431115703,24.756896753510755,2.4450303567212415,0.5148670593747933,2.0945766204551437
151,23,65.46406230888743,35.320050027561074,1.8928322547024075,0.4601363657297006,1.921444989945394
151,24,45.093300558599395,15.135891159590363,1.7291952348055752,0.5596845948294322,2.054105620358921
151,25,53.28316181949363,29.29305911835714,1.2552183303978321,0.4192598449287608,1.7360701585530542
151,26,58.25670107779601,20.02894677436666,2.147010073335668,0.6988561884775599,2.4330902209201395
151,27,54.126583507132395,31.402235218697072,1.9066922936476411,0.7862908750845949,2.514058575413538
151,28,73.69346088285488,25.61257894763514,2.2753764277619837,0.5192562790763731,2.0922957788096244
151,29,27.648924782156683,4.97403125806323,1.8409987798224825,0.48695590402295563,1.936419707363953
151,30,40.01953492821417,4.631194627971514,3.15978923033607,0.794494255982638,2.8304540227634734
151,31,82.55804877069112,32.377071767757435,2.328143265418162,0.6209023829397413,2.2919770663736507
152,0,22.779842951174786,1.6816841750863678,6.043804583090132,1.0125955421655624,3.547719671636367
152,1,34.97336345816656,12.71324698479831,1.8817320408401155,0.40311365203047056,1.8195124200670139
152,2,31.216581140183003,10.118922428841811,1.1047903454727033,0.347015027758214,1.6163720218205644
152,3,38.78832254511155,14.589721934959222,1.4062863402920598,0.18980250365822182,1.4217433104063932
152,4,54.47358443881184,19.979160669473696,2.063604497414231,0.5164923692754395,2.019879575449359
152,5,66.99891978651854,26.761204802741993,2.86990725032149,0.9361195210303181,3.044595341246013
152,6,78.46035550571486,29.52439473733316,3.505140858731835,0.830374229542679,3.007214660256873
152,7,45.40013072135588,7.608245982820561,3.878786901517938,0.7366897453551595,2.763763037742468
152,8,49.92337880594923,8.69887298088848,4.468522584364468,1.0798800788804774,3.936142154869296
152,9,55.187128324362135,12.830599130502446,4.997983057929515,1.0516607572979764,4.067291736991058
152,10,70.27511511777803,16.008788372523178,4.128676072513866,1.0900619179008437,4.106360721398346
152,11,67.22176318107238,22.632897007215774,4.926605480309736,1.0236452697362433,3.8542680410158576
152,12,82.28161017774698,34.25003493599799,4.68660280584738,0.6002720898827034,2.503937721868795
152,13,54.70883581935787,16.224065567874334,5.288778916290507,0.9954659795468199,3.859563481943586
152,14,73.33779584042229,28.39031923208716,4.32736166369848,1.016344527175705,3.7753605704085826
152,15,93.61134385596725,38.67302055847419,4.14930478625873,1.224201245139831,4.47824331840744
152,16,86.70300773090887,30.368827620791176,3.958579245032201,1.303975064839122,4.647019894734058
152,17,61.54511215517338,15.392126781438343,3.9042853966920914,1.0836981338822147,3.735819243356651
152,18,48.58881058173846,14.235398789679508,3.402944097624979,0.7054708354559294,2.613081488828054
152,19,59.897223815355204,18.98859049388767,2.4768073512083553,0.7417829657440973,2.5280081959253655
152,20,75.38767255154457,31.98765758982827,3.1668093971171647,0.9772306836942724,3.3392502764432477
152,21,66.6389554953555,27.61333004768862,2.9814892174751844,0.8135315787989579,2.9245787321095813
152,22,78.80105837134272,34.175993438825444,3.136239925776293,0.6969433761977748,2.6730133301003893
152,23,84.53514610804842,47.65309386726297,2.2034664485356443,0.5744792448977356,2.20370141673448
152,24,67.23726842115386,35.82454576249892,2.102743439457752,0.6674804446481701,2.353001206718735
152,25,48.524422318692935,25.105122115681652,1.639861499483031,0.44953283152215406,1.8925234045319193
152,26,74.5194661043119,33.40043549988968,2.4873959501642355,0.7369322572220605,2.618407361760657
152,27,80.05736741191375,43.188147856043074,2.344876473132885,0.7514493441428565,2.5269704398930957
152,28,84.19542001162858,37.481314483986736,2.8191216532468317,0.7796377703770592,2.8106392484459803
152,29,37.2732394931534,13.28091294421378,2.02729761060027,0.6598981368642889,2.249794508531111
152,30,74.20026823935099,30.95803239704168,3.836100567327261,0.9672110216417167,3.545910335314607
152,31,68.99812855021892,24.094782291493296,2.757878598862269,0.7509315293907921,2.719389784234133
153,0,44.0157268008243,12.821016968940395,6.042729516972468,1.009994053730181,3.6819080136519555
153,1,82.29958807260087,49.07781367452448,2.3091595821875615,0.5398824727441078,2.160758356460552
153,2,48.072532167117515,24.978013194875622,1.4177870870493203,0.5244724231365703,1.9311785813979112
153,3,56.555476371920705,31.957546317108296,1.7942213825586308,0.299810134986195,1.6266599692421093
153,4,58.760125063654876,22.514461318801928,2.4481327946423486,0.6452487859230986,2.299075404351957
153,5,90.41444608045009,45.82236649007881,2.6944214149371524,0.7919970350049965,2.7005558445287585
153,6,83.63528614745155,29.871534139457324,3.36445496775283,0.8623638105843261,3.024615756648234
153,7,90.17845511915358,37.39049293459038,4.237939701535042,0.8155669059056452,3.0642044716623897
153,8,111.23115289461792,55.42654663639338,4.0376308944865595,1.1357520021074219,3.9262012812940723
153,9,118.96581144500769,64.07291471169216,4.797029927543937,1.1823537895227183,4.513965075586282
153,10,119.84005226331318,61.932552304406684,3.9377680624442877,1.363893682756801,4.953171077659674
153,11,77.12488384115139,30.082043136955285,5.369018821075024,1.1766731767130567,4.436286755535077
153,12,84.76634134556724,38.65899410047818,5.283690544604104,0.6698189704947275,2.729709045502962
153,13,63.86946917424686,21.394856024564014,5.0107578790450855,1.0096354714816753,3.8138716120276706
153,14,60.098303040728304,16.05216281956385,4.527202200569537,0.9687105974283927,3.635417918900511
153,15,65.07713275019292,21.517127155664518,3.8797965878483898,1.1224965631606687,3.9822355670015557
153,16,51.40778292740163,7.8727232027474,3.9736272735261893,1.1976424972752926,4.28298290250844
153,17,58.84391653708464,15.233090046543627,3.6853297539849743,1.0151561341629485,3.4981478090809146
153,18,46.328502004735235,12.547936454621247,3.0361410971801224,0.7113531786266543,2.5310269712400553
153,19,43.41572462817609,11.459822949772358,2.315819965771447,0.874445712808174,2.7298423955625593
153,20,55.042486812100016,9.872623634182489,2.854480651578049,0.7678455307248004,2.7087933750296753
153,21,60.315003471651785,26.10232196852706,3.1440424281921535,0.6869870577286368,2.655002218744954
153,22,59.856275711305614,24.32330061589911,2.6866438758735907,0.6179519865275056,2.3610104465408366
153,23,80.60958924603986,48.99192373964237,2.3505386830286032,0.4958070359806874,2.0550353410105675
153,24,73.30615781810171,41.27494448236512,1.6497062027698788,0.4203598909111359,1.8309900491651452
153,25,40.50656483059682,14.59531493603995,1.1856614598019695,0.36705559271909616,1.6817945842551587
153,26,62.49528267366905,25.60029811189845,1.96687294080097,0.5066723538365734,2.0339868540145774
153,27,61.187812412800106,26.853693601093596,2.0926144597875256,0.6555864366237438,2.2350190386524096
153,28,74.14462746219638,26.68926437360769,2.6007176852828966,0.520001577816573,2.1750921794817626
153,29,39.99732800524154,8.934559939632715,2.0595662641009747,0.506827208176345,1.99130044690134
153,30,70.22769541885525,24.37480861776188,3.80423976857836,0.7259027642881746,2.7867142359447175
153,31,94.38826409284933,39.7655829240535,2.6829469169109994,0.6416262056471025,2.4354998808939103
154,0,32.49738215434866,10.174841357435355,5.873489849994445,1.0519945906121864,3.727052902994313
154,1,50.64372316539722,18.55657700905948,2.1119481801952356,0.4270965551353689,1.8938958333164546
154,2,20.157056524384274,3.5247928685516534,1.3368360662546332,0.4319148556223922,1.791975163995269
154,3,29.11416132439033,8.2355891491617,1.8792154600481907,0.27675054836188306,1.5980958147017708
154,4,45.5335680541108,15.608746788208919,2.206706284983349,0.5186901597207361,2.025386395192902
154,5,56.08593253621155,12.566370677510976,2.7770952960112334,0.6205679483948305,2.4332227474910604
154,6,63.7783857040328,20.307577415563486,4.048871168525876,0.9742107683284384,3.4530129468320068
154,7,82.96063800433276,36.4849681827901,4.306976993764869,0.7513209659784392,3.0211162099656774
154,8,94.04452960217972,37.28540990283421,5.230137470221223,0.9748246416341919,3.8988053481168983
154,9,103.45602788481807,45.09676570793833,5.515585493739222,1.0206647558858757,4.208081297822056
154,10,115.15438127278037,53.5871096382396,4.830451690294553,1.1718380800254238,4.577882071532858
154,11,82.03648250396436,30.805251320380826,5.186167203541956,0.9654378832148964,3.8476960734020498
154,12,68.86428945943082,22.958872225790895,5.304456087576814,0.7790003307891977,3.1899558524945526
154,13,93.29641186186338,44.44775123206783,5.51213806027625,1.0813613677207785,4.362267183867148
154,14,72.4560350135321,25.84087797684822,4.701555442447058,1.066860981108002,4.029534407837866
154,15,90.22284291303903,45.02847167464435,3.6934459203219303,1.3262284653704732,4.678813255050699
154,16,69.3637120286172,25.30285012303436,3.560073640336815,1.1063569150979036,3.9797840496403087
154,17,55.37768199683075,12.159779566930261,3.8929864823846128,0.9913848032252837,3.5579965223335135
154,18,41.99096348821685,11.242535836516485,2.8905970829948946,0.6161249852122967,2.3259664665318813
154,19,44.2286775042731,13.188340142002474,2.068477926751818,0.7618989552054023,2.4209158327158162
154,20,51.264466228255216,17.177810443109305,2.542909417209825,0.7646452687896095,2.700883071156653
154,21,67.36246480621827,24.159484541159756,2.7314596550506134,0.9337084390362294,3.202922549178059
154,22,41.756062653627424,8.812467421614201,2.2977593336852404,0.6346758711719276,2.3220310829420208
154,23,57.23444302283424,22.54701145124882,2.110645506778628,0.4562730107086379,1.9720637280017776
154,24,26.981669078913477,4.9819182987824,1.678393019916757,0.5262461365530218,2.003498646305808
154,25,42.442173521051046,20.057106695803743,1.324163525121378,0.5543887823902098,2.021085942142522
154,26,47.74402785286306,13.040237742334256,1.8390698297524413,0.7147546886549909,2.3689326485196545
154,27,39.067578691399326,13.448758150563172,1.9060057391060887,0.7612181554476773,2.4726294544571723
154,28,69.92672504215935,26.611633963482564,2.5658446023547015,0.6674764639964188,2.4965007645468833
154,29,41.868509786723905,11.326950587781468,1.8670092174079347,0.5186111013887089,1.9433436306171639
154,30,53.01568761733864,12.574999573910704,3.3639381484045217,0.7433246246797189,2.759476932757621
154,31,92.60465934877848,43.008296376664504,2.7192606918452746,0.7253290507452954,2.6620969821907012
155,0,45.19330392128138,17.297965799319215,6.569607634219173,0.911953724552907,3.276903914943386
155,1,64.61843223505278,30.23788952833463,1.8265032216578223,0.3486680194603553,1.7146681620974313
155,2,38.56056283396128,18.72640688673846,1.1078718724863925,0.3126608237943922,1.5501128261285755
155,3,52.25427940671955,27.973564351146592,1.8410968263492864,0.23994014727680013,1.5022325349451269
155,4,46.10489810758556,15.467144709444383,2.1936579345850182,0.4501453750653992,1.9236103012839072
155,5,45.30740881916921,14.663715642550262,2.6079367824688995,0.6831797042420158,2.4642855414829636
155,6,84.92486162827487,33.29365519171166,3.0058585512580005,0.6395942434779323,2.4598220823835564
155,7,70.07220407312838,28.4043032712123,4.071431961636815,0.5840826974505946,2.4550636654713696
155,8,91.43617339024202,33.49537238448262,3.8913017582341776,0.9195819152656459,3.3186958680172096
155,9,111.57372144376936,53.80979729600342,4.21386055686809,0.8641094106635592,3.332408749505439
155,10,104.58557166099905,43.12451506348472,3.7426734002509563,1.0174839654983825,3.7133320854688434
155,11,104.18371279778245,54.62464749766339,4.941544479502957,0.9005156826961427,3.4540219564330865
155,12,103.5174179491556,52.80777614933479,4.254715887693956,0.6046282592425261,2.418002235444477
155,13,109.50684772696334,55.209026863707756,4.4854298899137355,0.9419994822331343,3.505520491127735
155,14,87.54601494274094,28.62535613241177,3.8558777848882455,0.8997429146737188,3.2842601344429934
155,15,96.26822653243896,45.4123389312501,3.7262715459052718,0.9865223977876045,3.561014959712916
155,16,89.83129251530923,36.71191160841966,3.5209496433857534,1.010657057211355,3.497755508824261
155,17,74.85799189174494,24.629558502430918,3.780445816420539,0.9730291110995597,3.3611171586458473
155,18,45.782347893423136,15.25452645960019,2.632685764943636,0.6267941827666621,2.2864244810995054
155,19,71.02917443539327,27.032718903772754,2.4942551005108853,0.6831411280559894,2.4152199457151573
155,20,80.20756108463354,31.769936989406208,2.9335036732533784,0.8382558848400823,2.836716229737467
155,21,115.913542724766,68.70239997908702,2.392878903964935,0.4804871097556238,2.072019506066025
155,22,90.13577033645267,46.10489471041757,2.154136261281124,0.5499607929431418,2.118753160956608
155,23,98.0215976107382,53.44361678396315,2.334830021710529,0.4699152417836374,1.9797733903228627
155,24,110.5320198200939,73.45567603476799,2.0368203376556657,0.6745420541991334,2.33576910416963
155,25,67.2417402679167,46.2453275174737,1.6600641526308306,0.4414860397286351,1.855295798837846
155,26,108.81441951083588,59.973855281310776,2.4392654404362077,0.6103732596477784,2.2882285452436895
155,27,77.66019166280776,39.355549072836666,2.275155117033706,0.5443743119570952,2.0691463744028384
155,28,113.77818788247231,57.77271202885016,2.7019100755108907,0.6333030900088712,2.448018650572528
155,29,64.73093074051648,25.060158863990342,2.3804345405483835,0.6831075481902293,2.362922146032761
155,30,69.98265100545925,25.896654202700333,4.054587672651733,0.8232096545366661,3.1580409277199157
155,31,100.7403584935542,39.67710741158378,2.9276000347560043,0.8164330674992728,2.8649822095588346
156,0,45.777453897852595,16.130894097314425,5.972433654953149,1.003085204028915,3.646489660458396
156,1,65.10957313302804,33.12941628203777,2.167090929205184,0.44490286341938035,1.9324248789366052
156,2,25.348043319964486,8.015707942772714,1.327318281596631,0.3839937693412443,1.6963159544252795
156,3,64.68800749339727,35.798572669665205,1.721374030588074,0.27280213240786133,1.5690490612942487
156,4,67.04795815837352,32.053968703370444,2.223488756117019,0.5247910538027472,2.0763896078060484
156,5,75.27784014816994,30.660640152084557,3.1394761779859146,0.7722711361645844,2.7256596533031843
156,6,73.89815876790811,26.776497510461734,3.3886240515814157,0.7914357144780695,2.893522411294965
156,7,89.79786204531737,40.032402454715694,3.9282539519091952,0.7004249542563161,2.7025534212427544
156,8,62.888975366406825,14.074685243698408,4.1751862790721725,1.0075783281647572,3.544291314956031
156,9,67.17377913041149,15.97404740509482,4.889645449508025,1.0332365186647845,4.001713474737197
156,10,63.16511824582929,14.927528027847815,3.8528992205670916,1.1015655045205293,4.061175394860759
156,11,47.333487885076806,5.775752628133503,5.047737392803989,1.0004019502128836,3.813237713901124
156,12,67.43232714156044,27.42788328691244,4.484933202785562,0.6473041047916972,2.5602335127584013
156,13,63.38212227761804,18.779386723946867,4.026367118768633,0.9534118763818817,3.443246318896326
156,14,68.81689706639085,22.51160596301891,3.7093744821198626,0.7978417340689621,3.082351497930972
156,15,56.19026207871743,16.0290269153918,3.771077057348617,1.1015102340047842,4.0602522994545
156,16,63.85480589714722,13.297812127878686,3.3976376842314755,1.0860559597459387,3.7888486925706757
156,17,67.09673827891157,22.88383297456508,3.563825409326057,1.053901222450631,3.646499669646412
156,18,55.69654680033371,21.161470718046555,2.8151260479848492,0.6996956206756639,2.5224310547006863
156,19,76.08400747387384,37.0099339264973,2.349580880860903,0.7745494927656233,2.542696068745905
156,20,76.69334325285442,32.86486382554939,2.38092426388547,0.7265315120797622,2.531710317980817
156,21,94.6664520277069,40.27180622219879,2.784012195972942,0.6445158792724341,2.528781610961332
156,22,88.85474694124109,42.742090814406104,2.489054337294196,0.5185685023218372,2.126987719194156
156,23,82.73519793030593,43.76918266705218,2.1218632079819617,0.36286415795072813,1.8011796984356276
156,24,97.05515334719233,57.58717601430898,1.502618291805981,0.4957945914699573,1.888396425982945
156,25,47.60531562149461,26.47936675334592,1.3035376409384432,0.3657472746137276,1.702697666684937
156,26,65.89066582529969,25.21120102489182,2.1395234625950867,0.5050767583581393,2.062625889772675
156,27,71.72988741806623,36.47968753576962,2.086392493042644,0.6628789863267466,2.3211565747788208
156,28,79.77161613495628,29.636944410148438,2.92155882690355,0.5386697756440721,2.2635946075776747
156,29,41.32546784971338,12.638912336548696,1.8153053485121795,0.5175777936778152,1.951342707634817
156,30,70.21597744742114,28.02429999638413,3.5266720952277315,0.7696071292524951,2.818383659871852
156,31,89.73925480744502,34.40915664060672,2.9414580706561564,0.6853815195480801,2.6030400476707354
157,0,34.31279625960022,7.932328159335236,6.133323044419997,0.9962737820153542,3.539820152060909
157,1,69.85381774902886,29.101615256604664,1.8893814335137322,0.3357759865487453,1.7220857997086025
157,2,31.670868070995883,13.69450131034524,1.244083484847169,0.3707418413011512,1.6619368457382273
157,3,60.49097301323475,27.24429196512285,1.3936950062445703,0.18048382452588418,1.3886575949530353
157,4,69.33176768507809,30.106382010408545,1.9618323306999847,0.4535516894807625,1.88768485069949
157,5,61.56235450455178,17.15437415358732,2.9344406231011515,0.7010278016664864,2.5557894726904915
157,6,76.835172705731,24.81164178524223,3.4559976886004855,0.6869190230561979,2.6445692076504415
157,7,73.6452150797671,25.86133946776735,3.6623129220773714,0.6269444215120568,2.4624622094947486
157,8,59.44692195841187,13.526041467315727,4.254488117595845,0.9022482574415678,3.260491747577082
157,9,54.696836130884634,7.926650985075138,5.020558926899323,0.9702170374223424,3.742562943619546
157,10,85.2205888120358,31.289459813096116,4.5012153244873465,1.186150684944642,4.361161361306119
157,11,57.27985896243587,13.155894342915282,5.507099718166648,0.9295553824085054,3.616448899374517
157,12,84.38175394458267,33.14719966395642,4.962937441386831,0.6603626428164295,2.739339541858263
157,13,111.96367928857688,55.32338521824404,5.729670623500299,1.0629534770471079,4.167712098713862
157,14,80.9579593371102,31.033817970344643,4.802849883359262,1.1161200526586006,4.252277852664134
157,15,97.21158939517882,38.50237251870739,4.100055807544309,1.2673643628895057,4.765603715451463
157,16,106.46636710067065,46.975523167551685,4.261915451537387,1.1349098606171149,4.210814678322974
157,17,120.28541605919806,65.5978082125411,4.783313844012282,1.318164034491966,4.896545001268512
157,18,63.516234349877664,24.268123795980642,3.4545598537429147,0.8841261112381793,3.0086012897050627
157,19,103.46782302118982,61.60889773674295,2.9922224019099786,0.7048146526495431,2.5341578306849066
157,20,112.95265237689108,56.743710245416295,3.837608548984882,1.0153052474466513,3.588827949459312
157,21,91.86581413085534,40.569470346399605,2.9152850503067773,0.7644686098821944,2.777191640361566
157,22,88.98712444430709,41.868267872945665,3.0533492295716633,0.6726135660125174,2.5668090197400653
157,23,106.17229109283429,58.49735762988006,2.4462287805372247,0.6543999321677672,2.3517441773965784
157,24,108.67200220322493,66.94688875865934,2.4582821874029577,0.7214855422746034,2.4978947641558813
157,25,53.303796674630384,29.135443343421045,1.7285189063962942,0.5227220452712951,2.001669204525451
157,26,92.72232933811725,43.20469099250196,3.1241905504245633,0.8893452953156418,3.0890648432670798
157,27,88.58260205040536,45.90585134239118,2.961112904897287,0.6509589010612977,2.4262561581347986
157,28,86.68237888559744,32.72181131738588,3.143783236608666,0.8403279421703247,3.0139109302544873
157,29,56.41129100865963,26.890991075392805,2.3395235010358464,0.9356960303131538,2.8746415237436795
157,30,96.58346505346734,49.37493075076672,4.4308720445885825,1.156982197722324,4.438717815308523
157,31,109.00136931653543,47.03980482240695,2.901616927279699,0.7699563653911143,2.7634760492610555
158,0,78.88754184637625,43.03790098573435,6.24053507214824,1.277037401949488,4.7648848288002705
158,1,97.55969559628528,52.465690479085666,2.4487738956269225,0.5003486059668782,2.071603895447038
158,2,52.9669754252797,29.553333127076886,1.6142625176087302,0.44013409696031314,1.8518346357759008
158,3,73.59906532267493,38.57657108743058,2.051777886706519,0.2971400101471704,1.6387157482966506
158,4,90.47480551837748,51.97406082432339,2.479094473960612,0.4597668761912912,2.006539941901581
158,5,90.98454622187231,43.867376775232074,3.2283017302846373,0.7530218629344647,2.7411700833986337
158,6,102.65433313961647,44.195231537274886,3.6025063921322986,0.6424541584844206,2.4884842123686766
158,7,82.32042007322447,31.003432266154036,4.503333292938035,0.6178213226339695,2.5531290234916817
158,8,67.1464866406659,21.6447057385338,5.100614310278081,0.8657672027873353,3.1998925939231153
158,9,52.22570742892324,4.701099501825379,5.502313588171253,0.9898916570400784,3.836028672351657
158,10,68.5666645999917,16.546969619601782,4.920207863122411,0.9323656787867369,3.6995231293820834
158,11,73.49240519925661,28.14684588647019,5.382543409078846,0.8807604114054817,3.478363091335334
158,12,74.90061721180263,25.01885329476901,5.4820447297489885,0.749288595431155,3.1031777898289685
158,13,89.9794523118672,37.576653899544034,5.898272358787244,0.8495411146559491,3.46964148857362
158,14,124.80700906332137,65.3257092357693,5.5222485785589015,1.0561316047176792,4.136029788672036
158,15,99.03770592964727,46.01140071006458,4.346757724547107,1.1281296096178188,4.182938557934013
158,16,81.92552654827543,28.9966433927991,4.491872080185669,1.0707881850357124,4.080908258682835
158,17,101.31349604895061,47.112186726638576,4.797387616978136,1.0907883505191878,4.08605302540093
158,18,83.21164013885793,43.17533497281421,3.564788698739764,0.6369331219168268,2.4329120393173507
158,19,62.54882602378755,21.330012590947817,3.4170816801816044,0.6957723040406569,2.534471098101038
158,20,87.44971847924984,37.174769535569325,3.455138560237832,0.7326818660723493,2.7619832424677595
158,21,85.44896478876652,34.20866010633602,3.289694194514576,0.5883900594219651,2.4361447045665017
158,22,66.65826321125334,24.89902079083533,3.436500377879085,0.7520068924052072,2.810412947007919
158,23,78.8806177265032,33.55244498185909,2.7565600032932194,0.5762731424009098,2.238933995195875
158,24,76.57400087531337,36.70973554138864,2.7420827258379274,0.7198761347142497,2.5726180515504335
158,25,46.6398554248835,21.52031178360017,2.3901771443421715,0.9062419425889732,2.8806183591559837
158,26,85.0636658509339,38.57574477366576,3.8262056128014845,0.8935488940116039,3.215577674182959
158,27,88.15865742273648,46.606163899634126,2.939587074009596,0.7643679236281571,2.672100164022686
158,28,68.71026527047961,21.61229869580044,3.2469398631319097,0.8559534074177919,3.007879987499634
158,29,44.45741423508529,14.228817930089253,2.8069151260710647,0.87301756386044,2.8021014841429825
158,30,81.65125972186473,38.219518501442096,4.801298262084544,0.9406386151722934,3.591275669151366
158,31,109.79795220066941,47.11396885836431,2.8718794594230443,0.6924605960613359,2.5833656341655344
