step,layer,shift,revisit,dispersion,disagreement,effective_rank
0,0,,,6.671667716093447,0.9708669581360221,3.7506631276166615
0,1,,,7.041282323557627,0.8060121327941383,3.4745898310607966
0,2,,,7.065647792084478,0.6937118365749546,3.106308376480188
0,3,,,6.37911275662776,0.8564926221207019,3.5082134347004654
0,4,,,6.144132312835133,0.7832793912472908,3.255753657183247
0,5,,,5.600473736475369,0.9655167437432794,3.7166813493376565
0,6,,,6.122649661402081,0.8066808983912503,3.3124624755482786
0,7,,,5.594666907216029,0.6814274998289926,2.840726171478498
0,8,,,5.340410288837596,0.626363427522949,2.6234280924050934
0,9,,,5.173516529044438,0.7607413988127245,3.024752700579726
0,10,,,5.137040257452641,0.8051769930073913,3.2899461820303477
0,11,,,5.360388228287297,0.5849340914260441,2.5780716605932312
0,12,,,5.255651251158302,0.4294248177391786,2.1088609153149744
0,13,,,5.399714096592869,0.5152669760742716,2.40889661043396
0,14,,,5.556240931176683,0.7768272901501856,3.1811228708472368
0,15,,,5.18935682666215,1.1382766849466535,4.2724813992760176
0,16,,,5.197573559262139,1.015469253247418,3.868802364495627
0,17,,,5.925380168457866,0.8733669329646743,3.6851598319092114
0,18,,,6.691288694165615,0.7004234261875881,3.1222085351863016
0,19,,,6.828639216873919,0.7656588604391557,3.336889190054355
0,20,,,6.682007647202161,0.8600620827961558,3.624179247277909
0,21,,,6.030874966080654,1.1620253334224913,4.713490632481904
0,22,,,6.299868593015082,1.046775394730294,4.253335019092185
0,23,,,6.736130830176712,0.9009169359153688,3.7867010729612267
0,24,,,6.408273285790918,1.049154462947281,4.0886251325066505
0,25,,,6.248878630256131,1.1965422104425887,4.844339843348061
0,26,,,5.6146057130864975,1.1767239244505099,4.579233299682921
0,27,,,6.494751225525778,0.9345638412852422,3.8086035332975734
0,28,,,6.2244158568183465,1.09547900362473,4.497898605677848
0,29,,,6.605402656812905,0.8694846256369093,3.5390680064384936
0,30,,,6.366165855198919,1.0805333242226434,4.361848625775363
0,31,,,6.88906779831585,0.9176186111393365,4.046095408089479
1,0,28.4389808692339,,6.606171933200183,0.865199938596108,3.354069789810771
1,1,22.376332710995086,,6.983161803887279,0.9175457714306923,3.841942604213376
1,2,34.46240467350474,,6.3647194712046,1.1297432341886031,4.275970255386142
1,3,37.232022054819595,,7.019877360526946,0.7306581614778045,3.175333055053575
1,4,24.116736404872846,,6.546545712954702,0.9187591160780961,3.794840195723655
1,5,47.63186284397901,,6.016191320974222,1.1172584297163866,4.365354352989146
1,6,27.770841878376874,,6.067548024549484,0.8624744630515808,3.60798239102348
1,7,31.795558103034338,,6.020199268408607,0.6820938614433647,2.9300333590675547
1,8,25.32016076346853,,5.980638470974299,0.7177736801427361,2.8901653718050597
1,9,23.293727701271532,,5.81550764264925,0.8265624026118532,3.3694190330119
1,10,29.660030049275992,,5.718314154329159,0.9326980046253777,3.728000102642954
1,11,31.676740787547196,,6.325725516062001,0.5957015850592358,2.6645764275593864
1,12,18.395388562852922,,5.740163835888452,0.4426126184832384,2.1565634108895377
1,13,20.601070923200687,,6.100343206107553,0.5400716192632142,2.534012262361318
1,14,19.858678503066816,,5.412877166884915,0.9718463118172247,3.6527639538252044
1,15,38.121248717519165,,5.8659757940947905,1.1878193825382173,4.760845431737587
1,16,32.18749924038272,,5.678059736498924,1.0036247661675333,3.8575923119888413
1,17,23.034437180850176,,6.250429496096633,0.9816890290850058,4.106753009874902
1,18,20.329527413268764,,6.478145829740207,0.7490140614389524,3.2222281534434796
1,19,20.95817736272518,,6.580033971307797,0.868797544121044,3.693661297249548
1,20,18.552516462176285,,6.354174438588905,0.97206239068269,3.8533867365865526
1,21,21.284464773779856,,5.857244700549768,1.1485377147990254,4.550828721557037
1,22,21.28202978836378,,6.113656540730036,0.9182264433498002,3.6870185193448566
1,23,24.46262862509625,,6.248532398805976,0.9432015964494909,3.8086951595833574
1,24,23.367869695739614,,6.225770395767297,0.9681987805965697,3.7951194001117603
1,25,24.062780584939553,,6.191316653555887,1.1836603034792184,4.7651498091808016
1,26,29.044451205995216,,5.733745687578203,1.0438562157757163,3.875510683551927
1,27,18.100841576062237,,5.939708244431364,1.0624516984813095,3.9440662112375553
1,28,25.988168320637815,,6.452382505616157,0.8501470260754216,3.6692510279524857
1,29,22.155166710979827,,6.146962930202173,0.9918832093467103,3.9178101540304446
1,30,23.81453407077739,,6.276823676866824,0.8923577915890881,3.7565731729054197
1,31,22.030146754716142,,6.688773513970695,0.9643424169875034,4.258497126938105
2,0,11.628750361148274,0.2591976277606511,5.802164824994484,0.9337441461389293,3.297686479550636
2,1,20.601956971941185,0.19187423978047458,4.4775718959259505,0.8134507467705694,2.911980281241244
2,2,20.459057518331967,0.08056860467607081,5.498745520203563,1.2688733880648932,4.589314535236474
2,3,39.35454295942941,0.5141063538791814,5.80908966214876,0.8068033250051236,3.193087295100121
2,4,31.770681810960745,0.7562770378333539,5.324859271390164,0.8177940068747667,3.149192021422991
2,5,25.25051573032742,0.3248869950543327,5.116541398237747,1.303298571108562,4.787728775565066
2,6,40.466383206027416,0.9793329294177048,4.792452968544279,1.0252215721962816,3.8208763248632276
2,7,47.10776933267675,1.6387733603661288,5.551965930366948,1.0387991739161189,3.756301709705535
2,8,44.54647448630312,2.5549258658701044,5.685550985813272,1.1483007519117976,4.188103600708016
2,9,26.974112284240075,0.5452526413356535,5.623814637983697,1.0388835969714316,3.9893228635031215
2,10,25.609241164702272,0.941731575459476,5.251207447706755,1.2348622750237581,4.839764104407772
2,11,21.303686134164053,0.7656820657072679,5.297089471110117,1.024583808500605,3.7405164572736753
2,12,15.941359753049827,0.5986671682084245,5.464259795732235,0.7149343155796748,2.767737557930682
2,13,14.114468727185091,0.5700239795968913,5.873787106739624,0.7691763009834389,3.1968047046024024
2,14,22.898621318808626,1.9392103844498265,5.27809913626275,1.1405283462091376,3.983129363143125
2,15,21.02129407838204,0.2632194815566081,5.289639196089149,1.1371964220214341,4.344548499654408
2,16,22.603942435706877,0.33327707388517386,4.880287919122173,1.1134702229625324,3.9153073956002955
2,17,15.614842998580597,0.22334677341697218,5.796461643547236,1.0275576891357066,4.132770865505208
2,18,18.496544263390305,0.30421117575471035,6.2061082057363155,0.8424420533994548,3.5086947352735143
2,19,24.51193950174288,0.8321661946052632,5.951660650349417,0.958538673415636,3.743861144378721
2,20,21.480488588468276,1.219545667144518,5.990957475740543,1.0576257253344759,4.131943131765958
2,21,26.886532178631732,1.7880113369116752,5.1194411133097635,1.304910857431862,4.748587309239559
2,22,24.549923087271992,0.8394059470349068,5.68909173194597,1.0627446483604333,4.08020883921729
2,23,22.593792603373423,0.43871457327404656,5.8121808887051065,0.9727118143902116,3.810354046040003
2,24,26.36190973274378,0.6976827265410408,5.002118173930986,1.123959619998752,3.923336978671239
2,25,26.300912119804156,0.514069539906846,4.431006740772846,1.375225983388523,4.666023646863519
2,26,23.249808243493845,0.70798028063048,5.467704387178116,1.1197471886841042,4.245794997626777
2,27,23.528128973390647,0.8996369942388718,5.718565548703795,1.0387533038162555,4.054875888688101
2,28,19.430184107997025,0.24370159078921771,5.678149288308682,0.8691237392572599,3.3644190707183124
2,29,21.2756119247775,0.14468288964086135,5.687440162575124,0.8953297402502898,3.4634825060882433
2,30,26.207566936733606,1.5494307406651888,5.805947706092356,1.0371155475072946,4.0718470810296035
2,31,16.954058650408108,0.25628777842879696,5.64393389342418,0.8979984223812263,3.6239223348790057
3,0,20.003143476431916,2.3476495679261657,6.127160609143453,0.9681358311256085,3.4104910224507075
3,1,37.56687413751743,0.7222408383288909,3.9450598921242257,0.9688311705113133,3.20130945249737
3,2,38.30874106615852,0.3439177531857,4.624376668192384,1.3911406458002,4.925313947116687
3,3,29.922354211538856,0.19193332073331462,4.903652756347126,0.7379260582411895,2.8464827472509047
3,4,21.74623852923969,0.15989174959936947,5.044552538822069,0.9107438885277626,3.428209201997852
3,5,38.65319954040227,1.0704945235233103,4.906677772701315,1.2905870398207142,4.671710358052109
3,6,22.649913650449406,0.6576393649223624,4.468601140287751,1.1728585321908467,4.173789138486838
3,7,20.55566563623595,0.4377187167431547,5.087728798210181,0.9872092006480422,3.6008861675922508
3,8,14.756826176192614,0.15117765266579258,5.600486679671894,1.1246430765919149,4.136965291701272
3,9,21.108478557451246,0.7124642374003862,5.22372502472958,1.0826566555751498,4.008197937651435
3,10,19.8293165049124,0.4705186451074475,5.019328419765008,1.1226481070452072,4.277127297611356
3,11,17.380282100718063,0.3070114150572888,5.353072942502667,0.9288547698096359,3.534063045703872
3,12,29.694071638738414,2.7957446748692747,4.925901912658103,0.5837433750968852,2.3782943214652352
3,13,24.6223469554063,3.162262281088239,5.9662253888533066,0.7832821348854138,3.20139908439718
3,14,27.54759123332982,3.2838793898964873,5.485433761779643,1.056350511510681,3.886618004312441
3,15,29.80143243475608,1.622502404715768,5.09132264877389,1.173523287181828,4.472808814619514
3,16,29.096214528889984,1.812024294095564,4.451753790949234,1.1800525434281308,4.183326885326199
3,17,26.267377494362616,2.2796835169109606,5.3565681238969,1.1663346103116812,4.566939042012304
3,18,20.844160104697036,0.8437377704378944,6.010319829371208,0.9262488548276071,3.6473501160814683
3,19,24.017755160554355,0.3996866114281552,6.0057803412958535,0.9701580185804541,3.9019310838041683
3,20,25.63569319741023,0.6788366246360755,6.096462307367309,1.103819663648265,4.341489626499388
3,21,32.78148356317506,1.1245098143713848,5.312507657859117,1.315922676937129,4.891682406690492
3,22,24.156671215527233,0.7055657088411963,5.613284511210128,1.1510450088545978,4.376136634549512
3,23,28.994837006733185,0.6282867581767654,5.323717760068043,1.0381565739705776,3.9202234241961116
3,24,33.53589460385592,0.48231006718925884,5.319030385853614,1.2229458806832216,4.370386914545133
3,25,45.112692333639345,1.0109681269825483,4.618588152879944,1.3695915011251625,4.87156617906843
3,26,37.711945026838045,0.3793804787284291,5.27128195726883,1.227367782637958,4.65832214198006
3,27,28.05590029516496,0.35209516541751407,5.869902111776449,0.9611115780564274,3.701135559999458
3,28,40.721479009786805,0.637105436002863,5.362798391813539,0.9870553798768071,3.7670648694798285
3,29,48.438104403844704,0.763048746447126,5.780415215091033,0.9545696707208418,3.6888523468190413
3,30,35.74936028850675,0.9686621278599546,5.4910642500615525,1.1945579109747664,4.547358028915233
3,31,46.968619942789346,0.8866281160534305,5.12395662836982,1.0065351819896202,3.8090543810450126
4,0,15.432507142266108,2.388454077837486,5.949272861933596,1.0977223893560302,3.889851880640378
4,1,29.62177585215803,0.5435889732692976,3.844694134960632,1.128017527450647,3.6347231398437834
4,2,37.71974255666828,0.43239161899369283,5.0134875108333175,1.3273189185218248,4.730573801304676
4,3,38.69461411469784,0.44556922074329874,4.884219851463015,0.785457382010585,2.9511664768153216
4,4,28.66443303964378,1.0761618567575109,5.009482145366656,0.961179226701943,3.584884947181439
4,5,23.6238633660099,1.108276000287324,5.094252259028112,1.3023775566785574,4.779152933115506
4,6,27.684874620459073,1.334373059089358,4.150211991871201,0.9530894365163309,3.3882358111114
4,7,30.74674252724715,1.6530574475169548,4.787459910490748,0.9219013940722354,3.388286141920428
4,8,29.503614096262517,2.5111615250703423,5.218907080861841,1.0277474509832691,3.6472715354381693
4,9,29.032942819778157,1.6831476612614664,4.7423567576783165,0.9225643474489269,3.4302933254369314
4,10,27.464996379442738,2.1557548230630363,5.260268480543008,1.040443010414581,3.9611784287291845
4,11,27.42440014967518,2.596407541078249,5.6068638049836785,0.8072872269176088,3.1245526291244055
4,12,29.370460954220608,2.9851039159671506,4.829629952543649,0.6108176065876068,2.4512347989004977
4,13,31.065749269118058,5.463877600533569,6.366516010880236,0.8138693491620383,3.3641071266736824
4,14,30.126133624746256,4.6627254111312455,5.501338242153462,1.172347673690549,4.3031295718058065
4,15,47.74570579992949,5.913164026908107,5.331255869959351,1.1399861386531072,4.313800306792592
4,16,43.221908354038774,5.214761600313976,4.740413210162306,1.254071014948562,4.470536198236644
4,17,36.76974490285096,5.860873175492581,5.580267463926444,1.1368765034196668,4.431390225498877
4,18,24.211804526046123,2.1732395869622296,5.720156341250165,0.923922136624002,3.5784473639914722
4,19,35.53658027252854,2.396730569107832,5.984608862679526,0.9495049056688813,3.711460638098406
4,20,39.53139125322075,7.136180211750025,5.4728458810750125,1.175094632135476,4.415870776240844
4,21,36.5650088778056,1.6484487915094461,5.092786774429489,1.4260358788187437,5.233987318821682
4,22,32.237147417086405,1.7182497293962546,5.176886435081394,1.1072162900270381,4.050574448739042
4,23,28.29939018763811,0.5094221057423699,4.776330680825692,1.1399727328094214,4.089123295044994
4,24,26.91439454394847,0.467087341623587,4.990519632169931,1.2782127350544137,4.370206167137329
4,25,33.019929273947945,1.2786934875282694,4.229585031555228,1.458093879843335,4.982465742765872
4,26,30.680317346353874,0.8815668019124041,4.899568107838372,1.231556276020636,4.416362458988004
4,27,35.489247073085096,1.0980277074386278,5.277557443061322,1.0335239457998036,3.7382900386639077
4,28,37.964108452123426,0.7454053276940316,4.919592110813859,0.914696934581329,3.39837638901909
4,29,35.84210992201603,0.7514846178182634,5.1497458775401235,0.8972523172670197,3.3817882161258876
4,30,26.622874169256132,1.2199228652644474,4.93267764006896,1.278384732332654,4.632590052027516
4,31,35.417926995344764,0.7202446165265401,4.468441663898634,0.9303830781184246,3.377436369647363
5,0,13.731598238835296,1.1755450197040527,5.931504361641455,0.9810552038589009,3.586065018661183
5,1,17.833373866850355,0.4143694350408185,4.039744447024431,1.0599052647641969,3.574251352626542
5,2,27.464342633066188,0.1096340688363393,4.869971309447564,1.0339675583736891,3.7653256851870656
5,3,26.615026271787904,0.21510519024537364,4.403969634902126,0.84655297358489,3.1028421383037235
5,4,22.7525031258706,0.5487051010178543,4.858081377000709,0.8539875038530154,3.242663080364578
5,5,24.4423634421531,0.7745765798843718,4.881579893327615,1.2193473176205663,4.246143641622504
5,6,34.89429725926337,3.4823252248852614,4.724102317376579,1.019458762836945,3.634896154133723
5,7,29.959716194340064,1.4230832711048518,5.128741707290365,0.970823823630985,3.559589316161525
5,8,40.5329664151676,4.068628509903444,5.569732558295154,1.1751992247257972,4.352311299226254
5,9,40.09280495948131,4.578280985112674,5.651616354716438,0.9959490539284754,3.7845779998957227
5,10,44.515891429150656,8.848929494206812,5.655141509900503,1.1221381768956729,4.431882926848952
5,11,27.85145375144125,3.0276783280817,5.523169419823342,0.9468188937060962,3.6205113885988363
5,12,23.920155945759674,2.6284731194992816,4.918709550060575,0.6058106526251823,2.4817049977031864
5,13,29.752355244047386,7.51042052581202,5.99873734541624,0.9737677465809904,3.8614243545570073
5,14,42.77647904173001,13.730730041113619,5.212121809599449,1.2782998842934195,4.731478061310414
5,15,30.453201165981522,3.129897731621723,5.425573983360751,1.0570198361481689,4.129497773144335
5,16,22.860716798100583,1.083268349195618,4.705566479106557,1.2526589213965176,4.428596710501145
5,17,22.642169796238953,1.6739517724451605,5.497072192509423,1.032610393436931,3.9923454147229482
5,18,23.535000726555644,1.7386219416774853,5.680812714394486,0.9244444925373285,3.5839402036852386
5,19,20.377204053537774,0.7379285829590918,5.674582732945799,0.9930516413863852,3.7754788710412415
5,20,19.33586518667682,0.5603856592593734,5.310947723007797,1.1683341885485552,4.386186024655456
5,21,21.799247630495906,0.9836166866201945,4.833725073596063,1.3105719744112285,4.641677432601935
5,22,28.82421984729629,2.420977942263106,5.290418342128512,1.0838562304317696,4.047573518801321
5,23,31.884531740625057,0.8259686123346022,4.964029874796773,1.065407345177996,3.969054693145103
5,24,22.570031929311764,0.22590187184417945,5.0718448739356035,1.145385815470819,4.017519478320624
5,25,30.88979907582959,0.732706695654399,4.424112408654505,1.2281599124000966,4.208904082320741
5,26,26.93110809877995,0.6138226101133202,4.849105500430536,1.0705023830170344,3.8232285155878807
5,27,28.80429723176327,0.9142025073822753,5.395297369933442,0.9422729342659268,3.5128465522552546
5,28,37.72374567029478,1.4294791294753177,4.802002910917943,0.8149387524038243,3.092565925369892
5,29,29.157469001568046,0.4809272743046021,4.792798113868086,0.8450112092283408,3.2179215020468437
5,30,29.642180327405676,1.5605894055857097,4.598836320072787,1.0797023809284836,3.810368834397733
5,31,40.90391784408583,1.15571493767643,4.664417752840337,0.896605500814375,3.3509466418239047
6,0,18.310688432564735,1.3058710315484852,5.457379120964429,1.1842535704188624,3.8866522887421566
6,1,14.664210095095429,0.1490392656571755,4.303037213020586,1.0194561940500133,3.5122082790797693
6,2,17.438672160253315,0.030854724123648883,4.288418594499021,1.2548195305281409,4.169811398811864
6,3,14.926278981299369,0.06871793017700645,4.299324390982864,0.7981599000863886,2.936185287821727
6,4,14.763870377531006,0.7531283836055124,4.68567946482044,0.9973519690429349,3.597938871139075
6,5,16.163263745511955,0.3816868463123203,4.940362796784607,1.2034658424922053,4.248978597152322
6,6,11.273880959538534,0.14646227537508438,4.717024999571526,1.0403434937951683,3.7018976223236084
6,7,19.292107748445016,1.4669790685291852,4.969125288488314,1.01552522262695,3.636893368220424
6,8,15.515360511903456,0.41019569596308825,5.50260194837862,1.1914096566512935,4.3468126979552935
6,9,17.78634447828907,1.8431233897428811,5.618355467540898,1.0091639999756872,3.7932126971757687
6,10,19.03979806653183,1.188544516569435,5.488739675586823,1.1201714261055358,4.324315144293684
6,11,20.76319784595917,2.1076929788238195,5.679168024453109,0.9960210283115192,3.7991517355628437
6,12,23.541074272947107,3.455283283674485,5.151118307812945,0.5879177256583352,2.4717067910354364
6,13,18.70864103082797,2.20774249463167,6.013940080543801,0.9109555194277936,3.508918666417171
6,14,19.089824353163547,2.5949448141734894,4.97214376124832,1.2226852986053274,4.432175447788285
6,15,25.076698246418687,1.579704997383816,5.381998773089809,1.060837321386697,3.962304552860804
6,16,19.448185206460607,0.38117327605981155,4.486562080301573,1.205616925934514,4.116614474482248
6,17,21.56732925610943,2.0554541454213764,5.269568390020911,1.0382201368444388,3.828206485167544
6,18,23.032520172408674,0.9626125366735544,5.736590679591886,0.9299317641332392,3.518892401225962
6,19,26.383378049533807,1.4914000465980268,5.461606690278553,1.0259395504240052,3.83911105975333
6,20,21.743256963138133,2.129522763506427,4.913785292855784,1.2308678578668042,4.490019592174503
6,21,29.727162243524926,2.3823804961675217,5.129292573777823,1.3042689307167832,4.805405983426421
6,22,30.22816647491964,3.095956013762177,4.925646063748439,1.2052971037421178,4.303580524369332
6,23,30.033365230990473,1.2126890680131555,4.89534945077094,1.1328395853603368,4.094368553112788
6,24,24.346549850508048,1.1218253368031967,4.589798369980434,1.3210194376794124,4.389526957316073
6,25,29.539689064382728,1.1055884268142124,4.3313500040652,1.4626353070059253,5.080610085635301
6,26,30.894016401154232,2.0571561669504335,4.6665481671606965,1.1527961486677833,4.020439122378849
6,27,31.994102159333572,1.9761121068194434,4.854426284975821,1.218342846109163,4.231978503440628
6,28,36.753411892936455,2.076410368396094,4.929895081446057,0.8351717902770694,3.2344794866073965
6,29,45.580993052194174,2.255218263820443,5.443744359825301,0.8689574967571705,3.3626808931344025
6,30,36.622791184974645,4.688684090300267,4.835799097182316,1.174747051354104,4.2581294318506275
6,31,30.717419957203926,1.655191638364779,4.669276155248931,0.9759288533638388,3.580115650975272
7,0,28.397969760709977,6.969539869703584,6.071876932132238,0.9468597254758153,3.355169106562066
7,1,43.19814363241699,1.428768193874463,4.899500409102778,0.97980277517149,3.543792383025491
7,2,38.68861108504734,0.28452870644684214,4.110258433629839,1.3007263955557429,4.332825287550816
7,3,44.799998773065916,1.2156111777193344,5.228356710997154,0.7736036043088586,3.0212601478270193
7,4,36.08470606580106,1.0262742157890374,5.276991960908285,0.8837907704673551,3.3406433616455975
7,5,30.86672766752987,1.204195614298908,5.021721603245213,1.1588068711504356,4.002488339970164
7,6,42.598652201363805,2.0618883082717416,4.954802077259714,1.042545943217501,3.7887512835666715
7,7,34.46818822816364,2.9023729440716313,4.946092284456881,0.9145065786108235,3.349729112431096
7,8,31.503861540110385,3.9390575371893166,5.099406732969134,1.3444613624827113,4.77589446823538
7,9,30.815466600051863,5.9659293275608825,5.334169287208381,1.170343759116557,4.407546635868325
7,10,36.113268262811886,4.689084903800781,4.798921693648886,1.232917433698848,4.589411331875095
7,11,28.49394961659208,4.869878293758845,5.194101162924707,1.1162373538487627,4.107025454505684
7,12,32.109659703430914,4.042614121471323,5.211172905026838,0.6246576615203576,2.550554020244029
7,13,22.788545694487127,2.51738677788799,5.272645418121641,1.0786353128999124,3.992783388982979
7,14,22.624359382362343,3.4075483849693633,4.699948560912388,1.1020448169657158,3.874222641210279
7,15,29.27724184083518,2.3560166808428447,4.928008785958873,1.180976838815596,4.185506428891994
7,16,22.550040329175815,1.4659193286423398,4.292518753872321,1.1570356042103649,3.8793601768810753
7,17,24.894324544329336,1.5826707881442381,4.870245182176504,1.050361677251951,3.706008424427081
7,18,20.455111532843137,0.46219251825523616,5.345430793045465,0.9568468776724091,3.510693391642825
7,19,19.633249121031124,0.7146598026797738,5.282015413955241,0.9906872429129079,3.622117495463189
7,20,27.455496655634654,1.3989673555014623,5.004923817382892,1.1951832964265483,4.155895899830138
7,21,25.33970222110772,1.6613491276653631,4.862118618201985,1.149387806211129,4.041878762005783
7,22,18.399995282313697,0.4423017018999068,4.926260924583249,1.2025418368465273,4.32058302048363
7,23,28.942125394006702,0.4417598677908263,5.087538828201408,0.9907367900729902,3.6741947861552373
7,24,22.765391801839456,0.5769307971824758,4.957928367720105,1.1869783582673783,4.0589151087750475
7,25,28.314796895087945,0.3067085525989148,4.350256838504442,1.3223686723027983,4.407701173898347
7,26,35.78892286866554,1.6963106345300794,4.678139935363534,1.1914194545846346,4.145881753866194
7,27,35.733687552230876,0.999943553053168,5.005973514424477,1.1260855726130945,3.9312186470264208
7,28,36.82794662108913,2.3306227563864845,4.63248360658147,0.9757609670688101,3.6004554546219842
7,29,39.85799057781203,1.0816999088062227,5.156357133693985,0.9622322205098692,3.456274562034572
7,30,34.12848697045288,2.949086329410411,4.886916342518944,1.0592927207271474,3.942051676214176
7,31,34.53015846992765,0.9129664898177795,4.836842881360291,0.8961847644630261,3.3739926396497424
8,0,20.78604520565409,3.501419832763031,5.729102022014523,1.0537361172799358,3.7214913103841876
8,1,22.918582029740747,0.3712957199054554,4.1686925986717895,1.0889660204447047,3.6227724618201935
8,2,19.273388451304655,0.2853968116010802,3.783762110059322,1.3450714289948786,4.4712341018514925
8,3,26.74612607769694,0.45805311263990206,4.615962309948359,0.9194741492357581,3.2636298337560357
8,4,28.42179011561668,0.9131628467228645,4.665465629892025,1.097460767754181,3.7668362365721877
8,5,26.31770620497943,1.4459039107350289,4.38512455581057,1.4380768398840242,4.715111528405621
8,6,22.790715495131607,1.7805427686481472,4.529211023434502,1.214051875366854,4.286793138956297
8,7,19.82391983324984,0.9976672655207346,4.824813160144997,1.1618907347084004,4.1655936845503225
8,8,23.37110389250336,2.260067368530094,5.199353743611649,1.3555369890412932,4.991787073313779
8,9,35.59040688320016,7.140084105626868,4.896542405350189,1.265521441410021,4.620348066761208
8,10,27.5538468548784,3.841823000936048,5.005347133540409,1.387028511417828,5.23885111665543
8,11,31.473512944052665,6.677834390054093,5.0824820569923475,1.1590700303320087,4.282284332919507
8,12,28.865035110747215,5.410810400610568,4.6145879250672115,0.5588863829881037,2.385020632440414
8,13,26.714726018182006,3.7987823389897,5.517834105195971,0.9652154336266774,3.692204718519822
8,14,22.880305204164536,2.3920140513516976,4.932658669234076,1.1575882227100216,4.243632948571603
8,15,24.522385393325408,2.504595254948441,4.713054633457528,1.2475364740122679,4.4197131883143745
8,16,25.180304196526574,2.124378981646365,3.8802964483615803,1.397639880899467,4.684031745470146
8,17,23.565775333440726,1.8771904592420157,5.001289615353537,1.0511641436807357,3.7985436422496592
8,18,26.17677027334856,3.079120571499928,5.666992090311532,0.9698214375619267,3.6353586585435833
8,19,31.06340571077747,1.7758973558994562,5.457118567620427,0.9680324914877243,3.6680351522083847
8,20,31.582763156522468,2.4278690920347867,5.269735458657008,1.1280980535854201,4.059189415151132
8,21,21.05947658241842,0.6918998457779376,5.048722442728433,1.1548587306172138,4.186356913042454
8,22,21.837796131055477,1.7265379224273496,5.102765105742382,1.1318637333901442,4.031483121482275
8,23,22.772698287925003,0.6681515434381264,4.800379665634924,1.0262154630144105,3.715178906138928
8,24,16.952223288175187,0.29471696347708015,4.75996303461006,1.2227196652447443,4.23313405991088
8,25,21.95381921185225,0.6414534249437289,4.4212705812256425,1.3748289481887461,4.725040445770195
8,26,17.78377433529697,0.14417867375443133,4.529606133296808,1.1943915150655666,4.118307312378235
8,27,24.84060415218555,0.6758471904851341,4.453332556458493,1.2580905867311092,4.245101022672722
8,28,32.40469730363047,1.7796316371065817,4.615221705979872,0.7448327073217538,2.9290355817382814
8,29,30.741921191547334,1.352568493072935,5.095582646516195,0.8735897407746913,3.3122458087739197
8,30,28.221537782395608,2.821946174969582,5.044856123625633,1.12366767627248,4.113753801729849
8,31,26.085017955724524,1.15579082343277,4.436204367451886,0.8122772919111014,3.103876075126359
9,0,22.18142893136385,3.536177587318476,6.0366468274595855,0.9616237450889402,3.444926942234235
9,1,22.494953878127767,0.6852329107981455,4.337963076418239,0.9522623441395384,3.3935373996521108
9,2,22.95868752964968,0.3978872310329067,3.979419188293193,1.1755223140642452,3.8289242053123687
9,3,31.62674457920239,0.7914462968313221,5.410465126209526,0.8140501853716078,3.153686462850671
9,4,24.19992592436206,1.1824856890077786,5.051651816045597,1.0206725659842624,3.7235538804747326
9,5,24.80539096566189,1.7945581082777549,4.894114543806989,1.3541390963655378,4.767040369520878
9,6,48.44872565042899,9.50415164265463,4.246748959154012,0.9942046824755613,3.617903002498206
9,7,37.02597986600955,4.5087801767124045,4.0846280615013235,0.8833372512060134,3.1774373706723242
9,8,35.73738047416067,3.653176040122379,4.8595240009601905,0.9766616464335547,3.628785254028804
9,9,50.33987620469705,4.855154608601842,4.306271488434157,0.853309602690195,3.237436715407105
9,10,49.697261676703725,6.6231996359293,4.451703325105889,1.1467405234421877,4.254847395783069
9,11,44.705124399768366,5.989266628092681,4.894183439416819,0.8668291967277,3.3632072907462573
9,12,38.27175571838802,6.934019847136096,4.507094088266963,0.5812649574444775,2.4621296708061697
9,13,48.432787576766756,10.369254617641156,5.321050630763569,0.8008298708760933,3.2086822868221727
9,14,48.83495667137204,12.453557768923769,5.469263786780523,1.1187016775634087,4.203225796473333
9,15,52.980582626939224,6.07034550989643,5.250849362838145,1.2492038507792111,4.792006982991722
9,16,54.76601648287756,12.488283851124812,5.065533712014297,1.2828518017076664,4.485973482688062
9,17,45.3009990280454,5.0021063430636366,5.820997711191347,1.0003386618599661,4.041973896918136
9,18,37.005466280066,3.8098773446550016,6.339546758485727,0.8143730961149371,3.330515337238583
9,19,40.560927827291685,2.9150878059774357,6.005275628480192,0.8345536867463359,3.4470073338131786
9,20,42.52479051964717,5.084738603048489,5.599626285535668,1.1903315796546474,4.5432591207900055
9,21,35.57065106328538,2.9292256297701766,4.968914624866917,1.2309902720803017,4.5579612878508105
9,22,29.230340872280667,2.8927638531601074,5.072226412365374,1.1089508627419349,4.084366648481307
9,23,22.81653441077551,0.23824533071530307,4.923968138155252,1.0312886181988095,3.8030399483158197
9,24,23.918664015420507,0.37873285781027416,4.527934162191901,1.1511110489846628,4.014635578795815
9,25,21.429017404079875,0.15252759663344018,3.8381308506915217,1.2286621757316873,4.024084926605643
9,26,37.61773402688664,1.48445201720752,3.8761525972250723,1.2254381529552152,3.9835637155181263
9,27,41.887388270554865,2.4797529893413333,3.9351548321072016,1.3032228109803992,4.150773284357555
9,28,38.458572794623706,2.210650486832246,3.9097395905802257,0.8018234210881605,3.0491405295684206
9,29,37.82148463886753,0.9341708614416305,3.2710569251056234,1.001673207891145,3.2659151193784943
9,30,55.957792198967866,6.43910953071013,4.011682080807228,1.3057246321384515,4.4947607594814745
9,31,56.75469105030973,2.291071769889688,4.322742343997774,0.9435515798941303,3.5283753878188864
10,0,18.068988089804634,1.8280725966674034,5.604670897245653,1.0650951327688043,3.451933331498103
10,1,21.598869011380444,0.4820666717515055,4.642157773985266,0.9779702010697919,3.5435761588142305
10,2,14.047720927958359,0.2908347524642796,4.0597662111849395,1.2574218868650373,4.202537109279056
10,3,14.375018201418634,0.029967465440884262,4.9874905365403315,0.8149310840040211,3.1511386439003806
10,4,21.163033400604718,0.4640243883835994,5.014197868751494,0.9281822078611812,3.437421053429313
10,5,29.153198660392924,3.1186616843078427,4.492140759942364,1.3150269403057075,4.3875266879797525
10,6,52.069523046813735,5.296645905525682,4.873903219579321,1.1355613557535937,4.212991040544802
10,7,49.28019695658131,6.039508679361537,4.895718667656052,1.0282189642416846,3.7911817325633703
10,8,43.741360398931505,5.176475306754477,5.163303374076271,1.259004365070549,4.631338087773273
10,9,64.73267118834222,7.233836405257789,5.280253596112847,1.1389274697558402,4.455783055006645
10,10,55.33062659652222,6.673404308568432,4.696421751854938,1.207777887031492,4.60989502093822
10,11,44.67095224275191,4.758632762968928,5.3299797253139385,1.0672547180066578,4.123455477317913
10,12,37.55304178541823,6.301358957634468,4.471678099763497,0.6344275037833134,2.594048268786447
10,13,63.13000000614661,14.51030643631686,4.643850535292863,1.0340974761366688,3.8762328732812854
10,14,59.418753112876395,15.1564448331901,4.452919874692684,1.127071233767147,4.1407271339784
10,15,55.71235755695965,7.283615698314189,4.59424520435926,1.188504947674618,4.419031620631176
10,16,50.616278830485214,10.047707862851952,4.06569585091508,1.3175534633967834,4.590388455621716
10,17,44.62935319663147,3.588197557950608,5.115765701298748,1.0055415405817794,3.800045000210042
10,18,36.12483231673476,3.1759750571163856,5.4227727827189645,0.9728371610225155,3.7135156702541825
10,19,38.478406528863744,4.432262935419012,5.3820794807995815,1.0124885103814742,3.8757761544133467
10,20,44.61397319664116,4.7552575159104595,4.7723200460955635,1.2584083902967222,4.567985567939412
10,21,40.674996766853994,4.890884360989903,4.8693389566499485,1.3124163920585792,4.897232938050863
10,22,34.61964823167926,4.340275233012667,5.099005712506184,1.1682045753253352,4.380198260107763
10,23,32.321956703750914,0.7760609969115266,4.898319481856758,1.1367526958798742,4.257532829754171
10,24,33.29760216980061,0.6163304170093451,4.754170331630711,1.2929399260953351,4.572559399433063
10,25,22.04784566626212,0.927142068478346,4.288773878234383,1.5036348660468466,5.3192976896745225
10,26,42.54946595148138,3.594447487625425,4.521694812114822,1.1811778411082674,4.157865686106907
10,27,33.874954441578566,1.5492086835491123,4.556889174711447,1.2742249515348227,4.572430254322883
10,28,38.05878412086522,1.7675418702812686,4.337130773559241,0.9804418628900917,3.668942796063424
10,29,58.354652136477974,4.087651554205492,5.081180417281127,0.9157189977105329,3.5722661628875367
10,30,56.99031667967472,9.426702108787207,4.757059692681008,1.1720164799030712,4.343620157563711
10,31,38.83122570414773,2.0188293109359003,4.814290787757633,0.9938731119159208,3.708986587077531
11,0,24.484775599266943,5.266203425712933,6.088496585608116,0.9824173824452727,3.436307491303378
11,1,27.12015888510423,0.959370239508659,4.6658919355343285,1.0514762135426796,3.850567929840811
11,2,19.151795156157732,0.2714836373892016,4.248089394487948,1.3936725657360522,4.784797625512415
11,3,24.37539892641744,0.3217004630887642,4.771628933045081,0.8619529596459072,3.219688404738874
11,4,17.706214428108403,0.2308807479364518,4.626792793076836,1.024003891227311,3.66623259096065
11,5,13.457184021276134,0.2075814746725263,4.564957509124916,1.2720746330031574,4.22991845740081
11,6,14.21875221538971,0.15478837237925558,4.7499079456469655,1.2416521200717021,4.54122745088249
11,7,25.48467181612668,2.1037065103076884,4.610990215471167,1.107656120926741,3.9789025453696265
11,8,16.797805132854364,0.7841308794466264,5.157261365793933,1.3924455544687513,5.208619985006835
11,9,16.37814298832864,1.0397848973839832,5.544289448169245,1.2369191039885052,4.899581641406379
11,10,22.186477330108193,2.8454193303999915,4.781888732067905,1.3542445372473368,5.276483737954915
11,11,27.367814219767546,4.627955293352188,5.150537204139541,1.170202053002031,4.42843520586263
11,12,18.63359565101249,1.3898969172228037,4.429986622501299,0.572258301625868,2.432787435035547
11,13,19.79010251033546,1.0969545372183096,5.297649327983737,1.0658564187551907,4.102109385962036
11,14,27.5671949481394,5.196933976832205,5.022317362128564,1.2542606648975667,4.693949955549333
11,15,19.510107442617233,1.781658281540093,4.816578704455907,1.3220668800684479,5.0181482073776325
11,16,18.353061300179547,1.2274405689399432,4.4777186041855135,1.409074444708506,5.0469311637662075
11,17,25.2315687293971,2.891415576717506,5.101555886588903,1.2204847464544173,4.7002815107355165
11,18,27.16360778125943,2.2915351912514996,5.437404254704731,1.221077192904433,4.521734731007031
11,19,28.648161994655876,1.240451730353452,5.406499421729318,1.111162060788926,4.26574131544606
11,20,33.57281645084608,3.155844176390196,5.211920350353646,1.3810661859545164,5.2157423735010475
11,21,23.518043442876042,1.435255724877201,5.135158392014158,1.4728603030777778,5.548630968173267
11,22,27.992590472334253,1.9645949718087972,5.1667090226849455,1.3023280232517438,4.917387674413052
11,23,27.847242896597187,1.0601694485316537,4.876408060338388,1.2124306844397967,4.46688355083323
11,24,23.19775443608933,0.701132404396833,4.939928401695812,1.3373038685831053,4.782610189831238
11,25,27.63136409791243,2.338472347404065,4.396085307406187,1.5512360367721119,5.4569127943418145
11,26,39.38603382281047,4.407187451737481,4.899829447596185,1.244518247765197,4.581456469857544
11,27,37.44647553708771,1.4487214895385132,5.693847976456978,1.0319794591297784,4.002961986256825
11,28,41.42212751967428,4.244993162928772,4.701566032557155,1.0395069775487755,3.8345474360105696
11,29,42.85404403551523,1.029658049264341,5.309235011672505,1.0761600571431584,4.004519033508204
11,30,29.61037621896611,2.800283836030168,5.15370577366682,1.2309984164816843,4.627652137461578
11,31,31.20257978523787,1.8882122124937846,5.178661955383727,1.034362135254745,3.928555754433207
12,0,26.57895161106334,5.506242233395612,6.126493456019103,0.9722096331886023,3.2801403979886734
12,1,37.0273612973108,1.0248133948442846,4.757712150970272,1.102111621817274,3.94552625725334
12,2,23.903913008934932,0.8879803728536905,3.9937596350400133,1.4219047391216773,4.682129646809946
12,3,30.47463573780527,0.9791893333775905,4.625373807416458,0.9096781282937441,3.24070736441055
12,4,35.97683009181753,2.3614354290383606,4.772790690902898,1.1887702493831878,4.191648806356824
12,5,26.927201851755076,2.804056583795167,4.536800131693039,1.414276087991313,4.871328980911963
12,6,24.885211289795954,2.2820047143140485,4.433530038461964,1.1094263455537297,3.991351059769985
12,7,23.57982272474481,1.8030104061024574,4.857659395279723,0.9980669301729348,3.691580099367704
12,8,29.750167522417552,3.6536359024668648,5.266660496426818,1.2913933182876134,4.752003356880696
12,9,43.57584974431617,7.142159590579198,4.71636863912071,1.2345532868703861,4.542817959030626
12,10,21.50428607145205,1.0804250787646381,5.043096660734137,1.2974679780032163,5.167494252296173
12,11,21.199285998629136,1.6478495075775252,4.92194331525018,1.181376177138123,4.369225293076474
12,12,14.253656626432939,0.865232076084498,4.359432510568734,0.6115048051725962,2.507246405243312
12,13,32.52647716515847,7.436191388378987,5.7807700664945045,0.9358391819799863,3.774873183103152
12,14,29.729442915617177,4.287201000841206,5.262644833669002,1.1896057649858491,4.549935661957072
12,15,31.8802038669384,6.0169414483147055,4.868566626473035,1.2760991653155678,4.796144861403322
12,16,21.063133427368623,2.0833905888587325,4.723779345730883,1.4112945304427704,5.164350616527627
12,17,20.186481693576475,0.9764327523387528,5.133826592825534,1.2411561518856535,4.792601436985864
12,18,18.767464686031257,0.7364043071456554,5.48473252763624,1.210219883276654,4.551110916331979
12,19,26.271377348940337,1.0223684601242322,5.7167209931036975,0.9978102434678542,3.918744723716751
12,20,22.324446707432582,1.5798818265678034,5.656379188000624,1.236663164604602,4.817662302003334
12,21,22.8395559458376,1.7210900895853514,5.101701415991452,1.4384790645338068,5.408815429693431
12,22,13.340176627346448,0.16620897467403328,5.14513396176815,1.362892666045072,5.165123260162239
12,23,19.723310427540554,0.7403279081649645,4.907288457720373,1.2367604314003824,4.441644387912749
12,24,17.554734663585723,0.10630802241488096,5.096507022209728,1.3491552030705618,4.856644083341599
12,25,28.106114300547446,0.5515809087985819,4.351497551206951,1.6130280414475706,5.729381827493407
12,26,30.280043004988105,2.41739228712711,4.922301098852815,1.1489967420404739,4.165175978397792
12,27,21.708032370072672,0.26288663543995106,5.092044109789226,1.2831419615059474,4.644234694933279
12,28,33.69125431735351,3.095335428457769,4.454487497701072,1.0938510389292837,3.9825168801185087
12,29,28.949489252656264,0.6282143780511454,5.464661129800939,0.8969921754767061,3.486391104289177
12,30,25.193978693042602,1.6566308852049074,4.79754069018025,1.3349912066052338,4.892340208371859
12,31,20.34868282755926,0.35959015507026404,4.645827905903843,1.0335918334575016,3.7683525269694838
13,0,25.196142299005587,4.263901619308811,5.856683934185935,0.9178750434531553,3.405329471308091
13,1,21.770774423035697,0.959349828647921,4.474528304525735,0.9827956325847618,3.659186567021181
13,2,34.72392828185856,0.911941197155439,4.612936569719485,1.177097817196266,4.195365922252996
13,3,30.44512329362751,1.0558870573541335,4.869204016091445,0.8508353289061086,3.2306077364653505
13,4,26.71323393339049,1.3423529357311117,4.975022560653143,1.045218397303258,3.7572439617959077
13,5,32.39274549224009,2.3511094831974773,4.565646913233733,1.3078028361531935,4.305775864787224
13,6,27.927907447906215,2.145707820443209,4.720402578288149,1.125158998966933,4.064209837180344
13,7,30.542811835563263,2.500225414441527,4.671225177233883,0.9496412452778928,3.398629777420315
13,8,28.039657115230302,1.9987880247965062,5.44138446453319,1.2137094739117487,4.3491527100076475
13,9,30.251311657480283,2.7672854926160992,5.405963268526941,1.1221095591521575,4.106259618090597
13,10,41.758040870841896,7.491493570102923,4.8424259402384955,1.3325777174158269,4.886790618696983
13,11,34.909798432970376,6.557915255701445,5.213392688760467,1.0305766555250875,3.7667009359275023
13,12,22.06180037227358,1.7228364616797778,4.688868494982676,0.5245098045841763,2.3111778428319525
13,13,54.76967745920098,19.561332931137624,5.3082720722495065,1.0147809393078973,3.7984590349433396
13,14,53.528457757779975,14.293863490688487,4.497771129340158,1.229895719226274,4.346483750376767
13,15,52.261971913344624,11.354702952456813,5.14996802145789,1.1410017160526253,4.33725580447309
13,16,31.8767645218444,5.787451535707762,4.7325160802614,1.3046875441710801,4.55889906394472
13,17,35.76550501386253,4.84750430949273,5.424893170196128,0.9911876963612958,3.6773483594416776
13,18,28.484920518600557,2.3759494380703368,5.635642234424977,0.9964673121341763,3.7413058791446216
13,19,29.19387970066855,2.300515607323158,5.573335347312382,0.9273258145972916,3.4598283897694597
13,20,27.395303563178523,2.0847361939962177,5.432153122810988,1.0769095414237633,3.9518648268311933
13,21,38.24183293287046,5.273759888126726,4.948741515500269,1.3535526777276496,4.863613896997016
13,22,28.941773603101296,2.3756415316926254,4.93571323059952,1.2043941754787628,4.264517831010544
13,23,27.727749682290195,1.3262205671483844,4.863431623458673,1.239206259959257,4.507487538728711
13,24,24.886140219182252,1.5154107914311925,4.641728781808895,1.1926825958970868,3.9476596208041475
13,25,30.932630485980884,1.0467870176705187,4.536802010357318,1.3425166103000805,4.658447610727835
13,26,46.590731099956045,5.070201395730242,5.162611871207364,1.1032501206541685,3.934181938942881
13,27,35.61640014420011,2.4970863174720845,5.239442871379968,1.0334637217934173,3.6557139687856055
13,28,49.01206340478112,4.79506178234543,5.24350112299021,0.8174699402310548,3.1623429110526637
13,29,36.30619199015372,1.294311583532902,4.996995356510904,0.9277201820057401,3.3473883314590647
13,30,47.613908086724074,6.112864645312103,4.943830546659479,1.027044664353241,3.764849026429192
13,31,30.627294049545903,0.9813306693553796,5.024565019273867,0.8660072027657435,3.2994839477280786
14,0,6.447162367104532,0.45290934526463256,5.764186143325838,0.9784285026279909,3.47109718796508
14,1,14.506727336451803,0.22517363300785895,4.1960360580734655,1.016838887305342,3.5111902143170743
14,2,19.180601090593527,0.12498923421315994,4.116376511322066,1.2501095552852899,4.084339387795623
14,3,19.75318624710329,0.21965438319000136,5.008469663023596,0.7315785003870383,2.934109019711012
14,4,16.493653429148225,0.2723896195647737,5.076385775747418,0.9813712248846969,3.568178150725405
14,5,15.63169532761545,0.24121513838493963,4.71142773300428,1.2074473267362595,4.081373867162068
14,6,24.266485137109573,1.60398646652096,4.865544671405069,1.0678582198718933,4.008585127163633
14,7,19.524405227339468,0.6117203930675558,4.934562085522508,0.9321325562187894,3.399602040882593
14,8,24.993360749235393,2.2641425021489896,5.2071794390190975,1.2626519020230544,4.6872417859866475
14,9,34.725191799083376,5.933696657020278,5.41252553067457,1.1163389258621574,4.386157823456709
14,10,29.434386669893037,6.436786228131995,4.97137354115889,1.236797227725562,4.722153329295039
14,11,38.02857870998253,10.834706173097244,5.20976294764971,1.1943350543236555,4.3236826187694435
14,12,31.260404352654884,5.361833392910907,4.618586252266669,0.6931520425582329,2.7135038051622153
14,13,21.068361326897644,2.6582314927786728,4.615880014759486,1.07735749916168,3.8886446712338083
14,14,12.32152554050807,0.5779952901395681,4.026221934782603,1.2587720843297276,4.427264523623122
14,15,19.338617033230033,0.9101954268638679,4.9125774078474524,1.195803578377138,4.455428143191834
14,16,11.564858042339445,0.18718336772080024,4.179227137778702,1.4262492252958046,4.881452884083612
14,17,17.200271223765263,0.43941314670885745,4.787796044375801,1.0843267293680627,3.886687049656704
14,18,15.457309726783707,0.45003874491681417,5.578277985202526,1.1112304308404415,4.1275079879630585
14,19,17.174709541505862,0.31254983762327937,5.0413296668351,1.0727906518146906,3.9089703528551847
14,20,17.43075924721679,1.0153953305377788,4.8659266188551475,1.1860954621570636,4.294845238991669
14,21,11.13119459428698,0.0938941781587467,4.88249491087223,1.36074080463999,5.014648772811198
14,22,18.38691397027874,0.28618008087949237,4.833754544514371,1.3317721802095512,4.8298193790112265
14,23,17.108979960458214,0.2214744610058616,4.523087688499848,1.3297589998007657,4.705841624756612
14,24,14.050547089079837,0.13421274054847748,4.616901133941495,1.2391996802735674,4.241945753731744
14,25,18.879987975895347,0.20815401990274254,4.050823905263165,1.4010219262746766,4.751441527263657
14,26,21.68606318701748,0.525261710658118,4.849133102688116,1.1943433876571419,4.30257442261812
14,27,16.34688170397414,0.23433458512266553,5.45466240379409,0.9768764750638619,3.592143802050839
14,28,20.574211450014158,0.3840422757251755,4.754906157085521,0.7831166319169167,3.0589996138774302
14,29,28.497716387291185,0.4085173238541716,5.188895733381881,0.8886455759590612,3.458376297471957
14,30,13.086991431899616,0.1982121090532842,4.838104677464601,1.1014868649432268,3.9993691686077533
14,31,15.300212761456688,0.15937462327234378,4.740101511217583,0.9495856461635306,3.5577005784857514
15,0,14.170935127689587,3.021457276755805,5.573307167877754,1.0670676271193873,3.7153137354298775
15,1,17.330155686487537,0.19312606130631127,4.25527472848813,0.9310011011966557,3.274497642556173
15,2,14.21011201665035,0.08375628066559791,3.7479019507300375,1.484387303346244,4.849567069657795
15,3,15.808604884024081,0.0818437042500363,4.433123490342729,0.7814929790337768,2.876943165231819
15,4,11.134247583062193,0.0764865035412137,4.80085158697125,1.0445546439105806,3.608662198410215
15,5,19.888088447449878,0.7774156718765022,4.3395763745029665,1.3134545889950084,4.430179722310716
15,6,15.335076419631784,0.3380152250082659,4.58322320697788,1.1692214028927221,4.240345887468787
15,7,16.966265953468653,1.068938287606703,4.713016652877916,1.028784862078214,3.6141818999910718
15,8,23.397094677609076,2.880597743172406,4.879625748955563,1.366168160146442,4.903500266750903
15,9,23.102985025411083,1.5915581230662883,5.275760395130726,1.2007697970108282,4.563721385259328
15,10,23.903058592741843,3.366328756497381,4.547649271217297,1.356113591225089,4.963547694065189
15,11,29.105058460920628,6.385789972613121,5.152077215604603,1.1456817641876142,4.139563038424618
15,12,15.156154196942405,0.9337066390037639,4.931190944689089,0.5674189871483968,2.4365391474594933
15,13,19.6044673090974,2.751570814383368,4.8684263071882,0.9518140985151398,3.4513443841126294
15,14,20.101222863004047,1.9718853778820553,4.409116778238122,1.188644140619708,4.12319772764191
15,15,23.609422501118956,2.9629239688946747,5.076747740364463,1.149276142533398,4.246053015715592
15,16,15.934069791142905,0.7588094599169195,4.004802192436086,1.4256223336320915,4.750455605145735
15,17,22.204147000716297,2.0904072927428192,5.060724608734905,1.0656738656323554,3.842355135088438
15,18,31.064782461209745,2.420458376222337,5.788549675254921,1.0179153019085545,3.8447917784954813
15,19,42.289806098584435,3.10945596052135,5.36096965952457,1.0893754207530923,3.9893960367109633
15,20,30.898004848090785,4.759835047411323,4.9126813436331975,1.2332081705881386,4.269812271970597
15,21,26.4915981965925,2.0100672292978023,5.252901199541852,1.2317505811954996,4.39834359205739
15,22,21.23915673999853,0.8204451556340404,4.756862124173835,1.4194256072515694,5.0100094584777475
15,23,25.178069442321085,0.5534665496546098,4.756115215978443,1.2885350500629,4.421809438577712
15,24,24.511422823343118,0.5330397285191912,4.886099710751081,1.251516105934189,4.177541840202488
15,25,25.8617631491391,0.9599306173621756,4.4027211868063,1.38969952276479,4.667810681893539
15,26,34.323883024302035,1.8126065279368289,5.130188665948731,1.1400282747080874,4.034098347155438
15,27,22.240718434097644,1.2241643498400627,5.01232575004245,1.2277454248188189,4.270176810344253
15,28,31.524131989476796,2.1263171579307407,5.246306278715979,0.7999048947688365,3.1869473087761553
15,29,39.48538630264898,1.4502472909747688,5.567603610554535,0.9397246279129305,3.4807652128630524
15,30,29.969417209036237,3.0742010385077285,5.108771815254789,1.1397461286882784,4.156454333061762
15,31,22.941140215226916,0.7683114705788411,5.086817045670194,0.9559981977435648,3.4973336178932124
16,0,21.032504269341224,3.8558985005159334,5.875961648258731,0.9601564914469556,3.458133487432341
16,1,44.58612334003716,1.4186741559170624,5.191490439480325,0.9758668409603342,3.6942163554631384
16,2,36.81140971283738,0.5592579033277104,4.504051559183597,1.2658189338456696,4.417023423259568
16,3,41.05295607125312,1.1518654779866506,5.260256983422718,0.782035182082649,3.076791427290442
16,4,22.608354486029757,0.39386654951325617,5.131430531392125,0.9791795851116616,3.539038954574788
16,5,30.01491524208128,1.9455800685070443,4.649986882573843,1.3187550990692722,4.370627200655597
16,6,30.264983176929817,1.916485796855314,5.101820541379071,1.1126018416279928,4.030067202861046
16,7,26.158439046462806,1.9793343940972765,4.7320842094556275,1.0787582586190076,3.7658659712271554
16,8,38.50516033761629,7.170530904789539,4.858095016251737,1.2432886532175642,4.385280369569075
16,9,24.144093862942245,2.4033888784263775,5.274359957443886,1.147074372123992,4.2908347238588584
16,10,34.230478153452964,6.127330980702391,4.454682360308045,1.3224379016162935,4.82045214825081
16,11,32.34417723189906,5.361707640086425,4.999806277994654,1.2567540804129775,4.557052909048615
16,12,24.024123389556635,3.2253713088043043,5.065725611040687,0.575666022639699,2.4676288249382075
16,13,18.235657861534445,1.5960404385079165,4.921493193244219,0.9800454200216642,3.506404236196225
16,14,14.59835321838862,1.1477392673799134,4.382930205204211,1.0484246874402885,3.609634428422395
16,15,17.660813346600136,0.7969659096837491,5.05541827367025,1.1181709081838491,4.116976986670251
16,16,13.69803014306831,0.2260401409682709,4.390742688714296,1.189336678442804,4.058829662374483
16,17,17.2651046150628,0.8980036771063589,4.8401667694091675,1.0877229692833206,3.8521202777084294
16,18,17.916219540901913,1.094387507049014,5.503114964760295,1.012604814153173,3.8193031875893966
16,19,19.296820947543033,1.0811522481690659,5.301484894046558,1.0108532848264735,3.7794046079243513
16,20,18.659731235790005,0.9168018736291693,4.799626707487153,1.2049439006118394,4.182055072068162
16,21,16.268680432720814,0.6169923192777601,4.97117157083323,1.1556058508764622,4.168515826265088
16,22,19.89392820658546,1.144712796623076,5.026233300134027,1.1782150902781385,4.316067848247565
16,23,21.307780215007973,0.3215475370882014,4.967851210890877,1.171931626516379,4.292031308033029
16,24,18.743526606835694,0.2649596197933091,5.018292034229553,1.2287916927834512,4.368432410335619
16,25,24.804635634932573,0.5899319117550201,4.096311605604701,1.3803087852027804,4.554827485905563
16,26,26.52459990277953,0.9492684375196334,4.815526052658647,1.1436552950669965,4.011646978174068
16,27,21.38062064741905,0.4342764625130586,4.9968049928828435,1.1590520816025798,4.130498011569807
16,28,29.506299379134113,1.0181315533135884,4.64989181516723,0.8516519121507464,3.263343829901658
16,29,28.544371533638408,0.953107258385133,5.033045710534676,1.0364898056413363,3.689973266558399
16,30,25.921145662963895,1.6600398726218548,5.233084459698713,1.0300599246791187,3.8361148911523206
16,31,24.971809352669723,1.3774885948961715,4.973614133858571,0.9485621145020735,3.5965224056729888
17,0,7.851685223077549,0.4363960825515068,5.673290659325972,1.0362129851697714,3.629971577069525
17,1,18.408084747511403,0.15710524122137293,4.431430074232272,0.9918895924064222,3.486213791029312
17,2,14.537580220051812,0.17987295024630123,4.170022279816523,1.3493604480017423,4.425963329255054
17,3,18.816951670636357,0.438479006889237,4.896844405812566,0.7987788284718462,3.021028251379755
17,4,21.57419881892821,0.5735099574950268,5.053195576277112,0.9716485096344787,3.483233482276612
17,5,12.043744116550489,0.19475742301882473,4.394124350365354,1.3870479305129058,4.461094305253869
17,6,14.401551577362778,0.17612604221760655,4.89963560041557,1.2175577580375183,4.362032179920197
17,7,17.080449777608678,0.8559651318383443,4.811796565936804,1.0775158907558824,3.79831526672993
17,8,34.571239961076515,7.828643229032577,5.1859544901218095,1.1966997377439403,4.413931917909245
17,9,20.2714652425585,2.0899447850095028,5.428282448579207,1.2156809759146352,4.743948822459143
17,10,35.63698016099657,6.713126483829349,4.82452601620733,1.4408891008659017,5.563309649183064
17,11,30.29952027197191,4.946804079443705,5.382042057799533,1.180603465459222,4.340568588940233
17,12,30.837468790457272,5.108425849454372,4.659104202597765,0.5969601964056945,2.5083810815026726
17,13,29.459745954852274,5.209918778329076,5.4361192013601185,1.1888788733681812,4.480626381035874
17,14,41.751835798117895,10.129140214461508,5.165466473284276,1.3212143151752276,4.87749441135746
17,15,49.319536346492555,9.815965023508154,4.908206164621914,1.275899823934763,4.788502157209349
17,16,34.16624976497188,6.528769330634893,4.848672851548426,1.4372737167965033,5.240596590299959
17,17,33.44835217935559,5.450500319265081,5.122049462302735,1.2403275589996596,4.652110331186304
17,18,45.916515407827674,5.3304450558810785,5.62607592247071,1.235045839328186,4.571875236061573
17,19,44.58744684191426,5.232584880927554,5.554038460033526,1.0233629910354427,4.075283925846795
17,20,41.20652016054014,5.260916892680472,5.6554350494522705,1.2163267925956909,4.671632317113237
17,21,35.23666751548758,5.236637958780179,5.2131613927621,1.405341507177262,5.402118476188456
17,22,31.920347365838428,2.3623088370549623,5.560554896702827,1.2804162658835123,4.850374114905265
17,23,27.128988309975895,1.1703028464131453,5.364908797001659,1.1796205198344358,4.4099539959481815
17,24,33.00881938879078,1.7890700265227908,5.452898778583945,1.286435716729697,4.787227715416681
17,25,34.55335141587346,1.0922387290670477,4.83876505016749,1.4478524922961507,5.113084040984288
17,26,40.01743786667991,2.6618090271993786,5.264432088724315,1.152921239427683,4.403852450831056
17,27,28.09630855661378,1.1000064751068999,5.934045162544913,0.9865457159220989,3.8650509171589076
17,28,37.836143561103796,1.894697361467358,4.951669417358742,1.0264636904429763,3.9309390232995773
17,29,39.1216968239738,1.457468806490848,5.348991967049258,1.050286849516751,3.9356949358004263
17,30,36.37675939147492,4.349181510495286,5.343324597099833,1.1531362090563562,4.43169009876204
17,31,29.53797977695271,1.9252839464130205,5.04059440999554,0.9949836027845311,3.8619443412134915
18,0,45.20954952312307,16.588492333126425,5.998309237158846,1.268897457144572,4.578185715298209
18,1,38.575067517829595,0.9920353646384554,4.8645592696805355,1.1178707455978047,4.01928835517684
18,2,36.91175577927282,1.6147535791653802,4.354115275084446,1.6378476365091519,5.618064155867271
18,3,38.62274149734802,1.3565104138425195,4.99393921317807,1.0147158784606347,3.6770904603890022
18,4,44.86200291189441,3.5499720612600085,5.039610486073121,1.188668476692122,4.25288411769463
18,5,41.71082735247544,5.508653868868052,4.473976926514769,1.4837253261389147,5.012411247081346
18,6,34.772153202363235,4.288815444447516,4.938394704806753,0.9229464638008205,3.494968634687911
18,7,30.329184211970052,3.473564744750107,4.635862204706443,0.961969219023592,3.4065483927392597
18,8,39.76107708526877,6.014082208331233,5.563242886644677,1.0547985841601966,3.8538174914940573
18,9,38.04726617775582,5.118200208034596,5.259261569184,0.9317091854169561,3.5544243357278464
18,10,41.645488476096745,9.11854703287417,5.379918354046132,1.0962547017013593,4.289018351621096
18,11,32.060600757101405,4.227721734151874,5.405152646026658,0.9497111383826571,3.616357107001873
18,12,13.981721644259636,0.8376922837373667,4.634398032201496,0.5627106593624562,2.3840010016735884
18,13,53.55891978515498,22.704648084515348,5.862394816865752,0.8887684038920467,3.640393792054554
18,14,51.601883655508395,17.128365868365265,5.441940377307786,1.126064011987129,4.319817789467841
18,15,48.792192019467954,12.568022622330322,5.588296513524101,1.1765084104980206,4.83923051794957
18,16,45.399535517263544,9.4293686398868,5.3529704066783275,1.257735520501912,4.713246202370559
18,17,48.226432400017046,11.191016992605752,5.732974215691948,1.1174365261501373,4.417343491339449
18,18,29.693183000727725,3.1112033963212498,5.768467482886065,1.0587923626093438,4.200944519277688
18,19,34.929097035523355,1.7844838289426423,5.991537313160831,1.0274340755085696,4.116763453515929
18,20,45.552604191867985,6.645103413286111,6.140589899246676,1.0859961798200217,4.28740742594762
18,21,45.717639556338845,3.180276843962943,5.718762902301937,1.3643173717548729,5.450772410256351
18,22,35.39317287153041,2.3432965796143073,5.816921828517774,1.1754143893462832,4.520785334824793
18,23,28.707574717519087,1.369197874802566,5.520606818577871,1.1987885191256913,4.520028042160203
18,24,33.19851964886692,1.0067903383091144,5.634651470155209,1.216635826612122,4.445379944864722
18,25,48.891859858524455,1.4966267718987292,5.054399308307508,1.4776777456922652,5.425090201440108
18,26,46.11648257257075,3.127177038520104,5.491794777980687,1.2500152270040878,4.8130624079804525
18,27,36.34031484765284,2.449619907979975,5.703398218298412,1.1702379787554804,4.439281664926868
18,28,41.533376716404035,2.8950675500425818,5.441312124366546,1.0539226278311142,4.065251429726506
18,29,40.824680316570465,1.131546949133128,5.629055606369498,0.9225583579795016,3.600118418864312
18,30,46.570803932655934,5.2133460773577625,5.706903464390583,1.2222554013074447,4.72084644908323
18,31,41.84535033854789,2.2730564773791277,5.379285645159188,1.028644365208419,4.023881668852727
19,0,35.6240103805918,9.912826670947215,5.820650699789528,1.0057750003810568,3.6894649759642415
19,1,30.529796129862653,0.76508679490357,4.682468983337053,1.0479601661271216,3.842196707504619
19,2,43.75109016904925,1.645469120334009,4.749306433516546,1.273527859905899,4.51577999033926
19,3,31.486838108398675,1.47936395649024,4.948248942656579,0.8827111099218081,3.378867368920429
19,4,32.38218928662063,2.1723714005053605,5.096607694088659,1.0163583908104883,3.813639651633305
19,5,42.234230366771314,5.6824349223067525,5.145392229966409,1.124064995324905,4.09741213398036
19,6,32.425557077742454,3.116661816206102,4.8669390540816355,0.9767762527109536,3.714216700344791
19,7,24.80182957879523,2.1550600661820822,4.845062504635765,0.9823236682202454,3.538276739750488
19,8,41.45616917305692,6.143946400998766,5.47982918624302,1.1487834531783934,4.352576268632194
19,9,34.77888783998091,3.1970425918392316,5.7070748963488365,0.9884560542734215,3.8730837619224823
19,10,32.79003906333071,4.901417384293945,5.792529190488619,1.149505128891252,4.585331798865496
19,11,27.427292097935442,1.460900008339721,5.603607181125499,0.9836210045608542,3.6636972485284507
19,12,24.76898685752053,4.000219617662636,5.130422418579144,0.6301211564824163,2.562605529262092
19,13,33.40462725996587,7.922451902735882,6.345752494828584,0.9666664803485077,3.844447794833404
19,14,32.67415918311715,6.5738896393023385,5.548017947399867,1.193322743329916,4.465026229270058
19,15,25.316597108175774,2.2733675667451676,5.551407122020128,1.1798647176569785,4.577239164709859
19,16,18.518663307740866,1.3521844422217566,5.020883902130746,1.4574599664455947,5.356781594144803
19,17,28.81818666323753,4.55745847066875,5.530840486252625,1.0585725602979466,4.117104823556433
19,18,21.951923059051502,2.531962700979794,5.640588277074295,1.1737688756856821,4.529164734195898
19,19,23.063726676072186,1.0825544030451248,5.692496128951769,0.9699638416567877,3.7672012270348483
19,20,22.61718012820388,2.0162065665195668,5.63382859366261,1.2188669245384078,4.677942634887518
19,21,27.82170110256456,2.546619233609107,4.83162097856764,1.4812579844017257,5.449279818389495
19,22,23.30005803851541,1.7070030201314288,5.417097877890619,1.2867508568633994,4.776420167377076
19,23,20.41933424014972,0.613835998379616,4.995067790343425,1.2414584985498944,4.430716451983257
19,24,22.32151116169099,0.518748505762474,5.024445480299166,1.2760836323086222,4.448152324359822
19,25,33.8834661203786,1.640221754500197,4.200672579445191,1.4785983157774387,4.966085103171771
19,26,48.13634707423076,4.507443325815638,5.0242124723407695,1.13958879545193,4.219434560223898
19,27,29.104571328478762,1.986668350764033,5.4407686988745345,1.197979149900438,4.356454616091795
19,28,28.683534963621852,1.2841993566685805,4.808763981280022,1.0929649538260158,4.000813918462158
19,29,23.374300199035126,0.5268907594232057,5.107742912225422,0.9221848642867094,3.4170782040426624
19,30,33.94059514542433,3.6302775107900973,5.164401535758,1.2152355339309855,4.498479554096679
19,31,27.377818324264812,1.1411668196735927,4.5805705801746175,0.998329852069288,3.657436480829813
20,0,13.043731779537959,1.752800960369806,5.86135812422483,1.0225174809690571,3.656504472368818
20,1,25.786784055649257,0.4984077403328201,4.809081745851785,1.0277630647114329,3.7494874832112295
20,2,30.7874198925331,0.716736296886241,4.735105900710184,1.3685665657857928,4.877018908876564
20,3,28.39029074018962,1.6666139390995407,5.015746863907944,0.7861928302277219,3.0277438374577774
20,4,23.209475773518236,0.8906276498615392,5.040261154630745,0.9412481691634902,3.4469439334572383
20,5,18.374795847231816,1.3005713405920944,4.895650364841391,1.2302422154265766,4.239886200054484
20,6,23.390635663934326,0.9546714678860215,4.580112285102457,1.145001281458784,4.071009829047229
20,7,30.014720247659646,3.8673419726753337,5.0982980230456425,1.0321870958288786,3.7491953872819237
20,8,22.253600494608193,2.4731031259738074,5.531343573944705,1.1911962141575438,4.306119324974958
20,9,15.643989828626413,0.40511392306209276,5.6608234698088875,1.0169950780240304,3.8697836152036413
20,10,26.273216635143136,1.43984287747351,5.577253038693751,1.2824498482337265,5.083389539450236
20,11,17.474012127690496,0.33980706066243216,5.45131145388876,1.1309406829533657,4.1687357547254935
20,12,21.48366296964167,2.123537877101228,5.342637507814338,0.6530992282160986,2.670980419549415
20,13,17.855088026568005,1.4340067680605435,6.336087364624163,0.9575886440924535,3.7796182929957993
20,14,27.80709525547953,3.3339723083445496,5.357221650795628,1.3285313530773077,4.86792978471734
20,15,24.650025124550837,2.7735067201533536,5.363635090504422,1.2691079320265013,4.821157863776054
20,16,21.099288055738548,2.7900282914820007,5.1129012906979385,1.3835753413589424,5.105651747754411
20,17,25.9518476026612,2.5579579590698134,5.747623382908416,1.0292134773371018,3.992436931741438
20,18,21.357426369429756,1.390417798861625,5.863307233413292,0.991601576550357,3.8672963132133185
20,19,23.676855552161175,2.0527839470172893,5.713550262292133,1.0010148625876347,3.82175208393592
20,20,30.70418075743185,4.79892819727096,5.6981104665157964,1.2165529431496651,4.632377856498523
20,21,27.594699705445546,1.4946352335322328,4.98306163215787,1.530612769550312,5.752892539541108
20,22,33.49092298164201,5.564887184812964,5.589453007863007,1.2634918782219398,4.795918459108697
20,23,35.989817256699226,2.284552654069935,5.224233291848139,1.2654321530865102,4.646491841078859
20,24,21.896551682542015,1.3070598524755068,5.356107824176161,1.275654328494908,4.506711418118189
20,25,33.23035374332457,2.30255534896237,4.834213719924137,1.4391220629249046,5.106666028407167
20,26,44.17652656043897,4.482289247080095,5.429159853629441,1.2444671743154068,4.663274885613885
20,27,34.84978702936911,4.172279724113744,5.540419423601695,1.2459986177658982,4.717425886665394
20,28,29.012495991815225,1.9547961119912547,5.221985682755358,1.0877610546991576,4.0307795169424905
20,29,32.916500052169496,0.5356378358541886,5.574002338088534,0.9362679157485898,3.5472193799281153
20,30,32.687989603402556,3.7353738063459225,5.477964579295613,1.3081767341680743,4.995731180034515
20,31,31.691980697590125,1.223514089078118,5.3189899782734305,0.914216376238242,3.591133724324343
21,0,15.038788800580846,2.4582555011035443,6.081291379777102,0.9506613303984288,3.400700723305495
21,1,30.31300413526663,0.6925595856385428,4.860258696592979,0.9300949438223407,3.410757405452184
21,2,29.14874144281479,1.1536646291037782,4.502832927220096,1.2581116546072275,4.320600469761457
21,3,35.12369801037262,0.36723052555870966,5.242286081282931,0.8083489259400842,3.13418963698308
21,4,25.593305675593406,2.7175356079019726,4.891927151096457,0.9840589351065425,3.5539840019073408
21,5,28.560304081194083,3.7708026868726496,4.903521808347703,1.2606640741485275,4.311726521200173
21,6,27.553748663942265,2.9399376891587523,4.874821334539664,1.1998268004568722,4.373199817911769
21,7,20.93076623824623,2.857579774421546,4.840838921933477,1.0061584545396567,3.6652329539048876
21,8,43.58515396446719,15.48145843994044,5.444104505834293,1.2703858091550186,4.696936435710746
21,9,49.81116214788551,19.46701152050259,5.1153370012617145,1.3591098948055285,5.015858729625994
21,10,53.6428861524866,16.080770093807242,5.241851190336291,1.2938552577982279,4.952860873016258
21,11,37.48753521562732,10.77020004326009,4.9743068214028945,1.2947105249125936,4.692759984318132
21,12,26.47104983380067,4.28824680479669,5.10094732402483,0.6644934301099594,2.715337557178258
21,13,73.97088525876813,35.95608627154628,5.601643757061098,1.0285503845010453,3.9012572631957836
21,14,66.2427822355418,27.854356221551193,4.936107962530061,1.338566683489149,4.7176654183541125
21,15,50.97126778637802,14.466191281302146,5.286008237859949,1.299839353041813,4.9330998272802535
21,16,28.407544187171673,4.7120169063219794,5.032389225579186,1.1368965813527456,4.045728617944565
21,17,43.64254757490835,4.576455289736575,5.605023967563441,1.0004806991916775,3.7827888480796483
21,18,36.367466513625516,2.779086396835641,5.58784228028136,0.9805518158004842,3.6844435865531904
21,19,39.45631777123657,4.290427136325659,5.635071944918659,1.0510136810321447,4.025831192934879
21,20,42.609925120371784,3.6109526755258563,5.464341933791209,1.1211451650198647,4.088339811275455
21,21,46.035630176309894,2.0211762251218186,5.259910740054649,1.1637543939115451,4.236744266565649
21,22,29.690420510367947,0.9785812902500801,5.568254943519522,0.9878314795723195,3.7198403938063733
21,23,46.468765096659794,0.9045171825425657,5.3631757093545795,1.0436763370899484,3.8346441456588662
21,24,41.51247321283355,0.9638882570348568,5.789682705635527,0.9793050104977228,3.544348931274248
21,25,54.80458408200591,1.1223923756069838,5.208510417488689,1.0862530328707756,3.901738610579619
21,26,46.2919056538247,1.5955075888108137,5.6482164136026904,0.9989328426297801,3.59820588514118
21,27,50.745928195036555,3.609616348807245,5.620081759053223,1.0842235306067955,3.9222084592561153
21,28,56.18177824938721,1.5295068117474264,5.794741590697667,0.7947278803621778,3.170051721830302
21,29,57.92565219307421,1.9441160520860556,5.238078903569095,0.9899995747034671,3.5947986448481952
21,30,47.55557207567968,3.427583132419998,5.878486429727948,0.9359447946544934,3.5485538452990615
21,31,45.363150120420904,1.1926622785560705,5.441739719966645,0.8038316430819474,3.238405989835244
22,0,16.824550262090614,1.6114047874559208,5.463263844664986,1.1322455134020153,3.6473358495637807
22,1,14.404575693956419,0.02413123562987028,3.999212150880519,1.0507838241772833,3.485458854552919
22,2,16.74300331031165,0.06363602610362695,4.25708078528637,1.3020809879610074,4.342588645344513
22,3,16.211807213192515,0.2611597153925738,5.2812042308677905,0.7967177859251926,3.1536015205712453
22,4,18.677313840629196,0.12541866361477197,4.994391379751555,0.9234819106244299,3.4472818658502415
22,5,18.24803921158648,0.6340680086784959,4.803595344714809,1.2852922290629554,4.363748473348302
22,6,15.281754893836826,0.492390575355862,4.793921343481602,1.1534287122085987,4.201849282009927
22,7,26.434734834083706,2.967463186112545,5.1557731601826875,0.9777331838149168,3.6563996934386758
22,8,23.968906542213112,2.184312159867055,5.635596632265486,1.205744020922321,4.596695059357255
22,9,41.59275335774579,9.960099270170911,5.684162212444589,1.304080772943359,4.813524416462775
22,10,25.980372392945725,3.2978219984051047,5.086237895096213,1.3032031085789715,4.956776830782941
22,11,34.890777505778274,8.076172142000562,5.376651409083125,1.3050708764022216,4.8659925368380454
22,12,24.39456862777655,2.383278842135362,4.999060388550772,0.6900385332499104,2.743704651014127
22,13,17.69656282951229,1.2267406416521716,5.327168502575706,1.1188614174823446,4.218090982296079
22,14,14.66843908631005,0.1322994578506682,4.819132697590366,1.1865538530413158,4.211988767568989
22,15,17.77033027634038,1.4584527305767936,5.1160512911388,1.3721416945751832,5.251337004007229
22,16,13.753560318285686,0.9280621630841841,4.904586124559255,1.322870216219882,4.6931570878347
22,17,34.87457322664626,3.690212071965997,5.271269574796994,1.2478588933150991,4.593570432027522
22,18,26.34543539951906,1.6788804061460314,5.507447419370318,1.1609240125722833,4.307735164293499
22,19,26.003936268253945,0.9953536682199633,5.619670125442591,1.0805866508828004,4.149806556437893
22,20,26.20255440589245,1.047163532724955,5.326870777321295,1.297058303628698,4.776824807621757
22,21,27.417352091187126,1.0678641787692458,4.978127157266142,1.47848623250316,5.456344183881776
22,22,29.34140408586516,0.570345075500305,5.339498635265446,1.2980757320117444,4.824972127380438
22,23,34.11394712064106,0.7325181302727557,4.816252889786945,1.3598783541831523,4.830693149572286
22,24,29.39716917333912,0.6985967568688696,5.157411286289966,1.281386443653183,4.544153866442645
22,25,30.36197869055872,0.2828613600294378,4.580932541156756,1.4886924100186203,5.2062390844012985
22,26,33.30407123767717,0.9933030687608727,5.46226804594442,1.208840409816828,4.527885204394728
22,27,29.855620966739828,0.6705303136397269,5.66094458291922,1.1332336363467599,4.212841496539994
22,28,29.473877099493407,0.6671054430280117,5.340112205762923,1.0101057955940176,3.929534462816249
22,29,26.416546720981696,0.15615555223265842,5.456267996329483,0.9653639067179185,3.6294053059098794
22,30,36.14986545576019,1.5617336503262707,5.490865023777648,1.213854556701829,4.669305023880104
22,31,32.91252454754544,0.6728587929488778,5.158341472318186,1.0261682614862213,3.988830458365702
23,0,23.813815110239943,5.161607793768465,5.888183852656875,0.9925632669576103,3.5227700644632067
23,1,23.49963051961757,0.4805254163127225,4.297036812849877,1.1666567006224398,3.9120318534849825
23,2,44.97010977589464,1.7949739866653311,4.187102399988479,1.4200576678557946,4.961976138260695
23,3,28.695321626135822,0.8329270530885962,4.379731215354887,0.9622150881042622,3.426626410395624
23,4,25.53077802763556,2.206028762543166,4.707764226091947,1.1020119214431583,3.7867059411178947
23,5,22.848528068355968,1.5929857266638259,4.598805247072162,1.3983670068161853,4.809482427651155
23,6,18.228301782635683,1.0477233450275079,4.410487794272906,1.0409108953918427,3.7842120112988646
23,7,32.05574547889482,4.992017166445211,4.555753663577498,1.0813861622837617,3.7543532565134545
23,8,30.728741430176544,4.237772004079,5.3646907903684795,1.297902526358099,4.872562875406493
23,9,35.15681498440745,5.922541400655643,5.4386220446958236,1.2042668781333061,4.424178365308834
23,10,31.002350860843695,2.8669084273862966,5.005606412408633,1.2386362700844833,4.7172926254655545
23,11,28.013764120597337,5.3019491844332665,5.179704036371685,1.2260252499288882,4.499770934905487
23,12,13.757459236550329,0.8003394287692834,4.260391136685115,0.6887786768670026,2.6396038312721988
23,13,19.286380131867055,2.168427979996575,5.531081398630253,0.9334479049595785,3.5479888705117464
23,14,17.9772134956901,1.1053117255902696,4.788535871418088,1.0814839581047266,3.9312666439805737
23,15,23.912822140329293,1.3627089656978764,4.785532275740172,1.077209577809537,4.039726316825951
23,16,18.19920410689454,1.9111203263802157,4.649849843493456,1.2504023420064048,4.286116953676635
23,17,21.235758289774235,1.5422598820594253,4.712663143010396,1.344228600390153,4.826786942181699
23,18,26.642345537775714,1.2217543446197343,5.2996839265092675,1.0943909764921065,4.052487566283072
23,19,29.612981759550724,1.34984566127729,5.344220173965618,1.0301258858480828,3.9518186704807876
23,20,24.234922791320724,0.5978672287905249,5.256829654402496,1.1803032772421993,4.273089414301165
23,21,21.59630400312357,1.052654622359277,5.143852381007248,1.174660126839571,4.42807605014203
23,22,20.852932369496457,1.0605027533688611,4.90346140114727,1.323122338538341,4.729860499190568
23,23,29.76249691066235,0.9459779291483074,4.80301298104235,1.2484084290152504,4.503990635949764
23,24,24.76581564975482,0.7821571513033959,5.119379826744881,1.2808629886633938,4.506391433389139
23,25,30.517849582274955,0.5921189338505541,4.656154802826846,1.4500909610743715,5.03994567925033
23,26,28.61098827443872,1.4519094582766168,5.234305495288774,1.0885154843257068,3.9110721931753734
23,27,22.100434301613333,0.6106268312474962,5.044333603944365,1.2915823741569312,4.657038291291222
23,28,27.123402885084115,1.6526945046519348,4.671464137064039,0.986906083282233,3.615017254352063
23,29,35.63212336143536,0.6630756667503397,5.41877791518504,0.9122461071335453,3.4636373188840284
23,30,29.387783320806612,1.3685859818262582,5.338056185231546,1.1609883715641676,4.29501399637942
23,31,28.345988118765725,1.4058559454140322,4.7535254650989005,0.9100359929816468,3.494395752466634
24,0,22.708488361765138,4.336607863403465,5.988618383845835,0.9477658098511945,3.4037253190425423
24,1,24.219730651096892,0.4993819002754477,4.913854154995056,0.9254671234833136,3.449995094698445
24,2,32.25826592348023,1.332881410933531,3.9975114117437798,1.4154172656270916,4.791804753954701
24,3,34.7409129256326,0.9894139005202041,5.430840953065484,0.7447532882549428,2.9574886944589305
24,4,23.61988548452205,1.115413637949558,5.188217945602118,1.0192008395147552,3.7605722724210633
24,5,23.3718302755374,3.270752177770685,5.117016553000249,1.275995569136005,4.5729376071273
24,6,46.990069821161306,10.340208681392028,5.373913160707195,0.9928083738605133,3.7524751636904257
24,7,54.86930893866346,13.290822038445896,5.584300957631973,0.9609842341032291,3.8453628451143134
24,8,33.99174039561961,6.802848414841552,5.967510340201312,1.0394964100853201,4.0975305021085715
24,9,33.713103995430515,9.981839156990102,5.436207285912826,1.0604653301185696,4.120368276989529
24,10,45.307634196991,9.077451911217441,5.7598449257754725,1.1392562172653582,4.485725430336675
24,11,22.611773679294757,2.006474490332603,5.312865526716315,1.0039075151726378,3.8156246210393627
24,12,19.345093833340712,1.7491030145941613,5.073756182696565,0.531018628253876,2.3313011043985674
24,13,55.410215023193665,18.836566672307136,6.066288315530182,0.9275122292460134,3.5755619575494935
24,14,58.478527429576374,22.606003577906698,5.652838370310228,1.281260847689829,4.622253429482011
24,15,31.18862405092959,3.527803075602244,5.1149708945414325,1.0092551919551696,3.9055742719269553
24,16,23.095431631380492,2.882212141828795,4.724005468912399,1.2813463612206082,4.44748467724204
24,17,28.88826174243121,2.9258041442122993,4.953081457794978,1.1209548458793055,4.024561094815025
24,18,24.073859819780715,2.4085920716951303,5.249295202609332,1.0514510685722858,3.9140522966156945
24,19,29.281582569505474,1.0084914731067696,5.507039389477484,0.8548941213874581,3.3867455089301175
24,20,32.94215986834115,1.3751163635697874,5.563692341104951,1.0763149085615469,3.9604333024494385
24,21,30.096588307763554,1.370173665716265,5.378706370195576,1.0230568815915175,3.923849258463958
24,22,28.45047609848537,1.4720739888699854,5.321928348543768,1.119014116088703,4.160632021337503
24,23,35.388691846030284,1.1916832617831152,5.537234880592203,0.9735440074986705,3.7029168107379054
24,24,24.810803334274183,0.3197107975628851,5.414937577399151,1.0469234705944928,3.7330219501241024
24,25,26.787501012194152,0.337243299793402,4.802829063065424,1.1523897648106942,3.9446169652791685
24,26,32.21943953335427,0.31966082433853116,5.1948202124082155,1.0401631700683254,3.723629644821494
24,27,31.951011020702733,0.7527220721422231,5.2901982086694925,1.1299206926001037,4.168868104450284
24,28,38.557498001251744,0.8394297609642905,4.815413854292738,0.8361782680118859,3.270461797846921
24,29,42.469926748790726,0.5521374189831808,4.9069532885143285,0.8288208028221815,3.1931719604339133
24,30,31.255774180922934,0.6368015220114119,5.504465632735039,0.941947321031444,3.595026821105765
24,31,37.12763106973961,0.7092593440519823,4.452690711802948,0.8088256565809626,3.0760925542668205
25,0,17.836198994881272,2.35800116570939,5.615077882000911,1.0365841180968012,3.4442929545681693
25,1,13.400200943876618,0.5815680929895779,4.115868182043849,1.0844983652810534,3.835965804368184
25,2,32.900171527079735,1.3249655774725888,4.1199403222221065,1.243855798170764,4.275994232219176
25,3,15.422001887669566,0.3734478290636348,5.549492787488282,0.7706174634688239,3.0892821750377104
25,4,21.163853508268225,1.7407357744156962,5.314932847469658,0.9009207794883292,3.443847331634973
25,5,24.044607085908943,2.1028852463048167,4.771472741539124,1.3026467269576782,4.440021706377039
25,6,36.83868578232779,5.412892929621923,4.835333962119648,1.0149587638324107,3.766513946947465
25,7,36.44771574237157,5.741129916932298,4.971976426594684,0.9983243520163372,3.7080029690750695
25,8,48.85976806374074,14.067475854508583,5.37218963167503,1.1899988250435767,4.413980254114733
25,9,42.32339085846533,14.463094006680254,5.515241868623926,1.2623005842966544,4.706716170863285
25,10,44.11373799481123,10.116837476734812,4.962414392607794,1.1898100640588387,4.4476361940051445
25,11,30.40947587179714,5.062673622038404,5.253238254039275,1.1688901094326019,4.299601041774465
25,12,16.854175572532977,2.14159984369971,4.579417256660413,0.6037058888068003,2.4826024859779556
25,13,63.05108855184523,22.80085627418845,5.343182618236273,1.1299046519250542,4.2495673786973605
25,14,55.04258673727208,21.31686235029458,5.156061179730155,1.2342029820540086,4.618867371789828
25,15,37.41101948439952,5.107767568841515,5.17052340319692,1.2367204783868626,4.810147542497427
25,16,24.22162735808356,2.192438738555291,5.074738016770156,1.3189456415080816,4.866565367136703
25,17,31.04254127557762,3.871144026815802,5.244922087347341,1.3496568492658279,5.0629956172037875
25,18,29.19664851225377,1.5602137623358305,5.53960452559018,1.1473657035025475,4.416719859477175
25,19,37.284065957648544,1.1438853562748934,5.411184749776707,0.9979832636580559,3.9277459695341017
25,20,29.420485604829665,0.9607313689428894,5.293500072918517,1.3288929372767182,4.9372800037266735
25,21,29.20536309927042,1.1654535111573727,5.1442370842568375,1.3610773869841521,5.1404066342940276
25,22,29.338210872924687,1.171974050856684,5.423535264030226,1.2869250682707332,4.877846538082439
25,23,34.826749601903,1.0217526926147535,5.12800772874037,1.2575448015066772,4.612063998323634
25,24,36.582598563366425,1.0906877144623812,5.238389624695132,1.2788336084496557,4.645170194285244
25,25,38.833854825707775,1.5702234893953742,4.591660245002375,1.489418594595664,5.3123600695306035
25,26,41.89057929595198,2.3846940411056985,5.125972495878243,1.1619176953110832,4.361848184465253
25,27,31.437434184407444,1.6207201792917918,5.72685162301034,1.0757402348227911,4.095718734936686
25,28,31.51528018904826,0.5933376664061591,4.955826352363317,1.0109862404219303,3.9448755848353825
25,29,35.44517746508724,0.5336896255305826,5.398883958379236,0.9600610743067337,3.6810655334693694
25,30,42.56769951634549,1.135336386809235,5.066879449664684,1.2540627287228334,4.806535583673308
25,31,38.81104087980527,1.245494960894418,4.931921042564983,0.9725654817163125,3.7730582042405008
26,0,32.845805627069495,9.685060725733713,6.086139404017581,0.9459433516932361,3.2740530950005358
26,1,27.89626547568241,0.8016226271415534,4.717532119881744,1.0989557812422595,3.9788878718609793
26,2,35.05903874514329,0.9562913584331312,3.857543824374775,1.4708294036938399,5.1231016665209
26,3,36.450882247437384,1.8660673704946944,4.405743254288155,0.9338816792141715,3.4280546531570373
26,4,26.2285393653068,2.321017788520736,4.751309682856995,1.1107934633289167,3.9125500687967167
26,5,25.145929125308026,2.3014623101123175,4.777830723081707,1.3797411377045652,5.004503792085855
26,6,23.729007579991066,1.8142874987523325,4.263719981350303,1.1482594185891735,4.033513153982313
26,7,26.465793790793356,2.521612532719546,4.762089112532317,1.1235249782136014,4.0019339751534275
26,8,29.838006563030447,5.6569181752003646,5.338615155991581,1.3266928419011226,5.1110189325442414
26,9,29.155034742455726,4.103587240742148,5.233645562378653,1.2044403339618945,4.5385492235764655
26,10,34.6553121161018,4.172839419540834,5.309891320247481,1.2031926161880406,4.793936273513794
26,11,24.597466747838507,2.415170865677894,5.131287019665006,1.2717619406485836,4.803279097203446
26,12,15.077112817890931,0.7228774380435463,4.451045140256687,0.647203118905944,2.588612956139847
26,13,21.65388949279552,1.9704402837388404,5.705775345088069,1.0639385597869042,4.055146557675278
26,14,25.774292108943854,2.7641082828914,5.330744527730636,1.0954438603959362,4.20397754133832
26,15,24.29725375826976,2.1640899607554838,4.874975113517953,1.1862147682377095,4.3910716028679175
26,16,14.79697802859646,0.3917016235099759,5.059734669713941,1.2262405068222018,4.4236035563353
26,17,18.281957866718813,1.0296306287342798,5.3886174765192445,1.2694762449760129,4.808660891946717
26,18,18.350566362436982,0.7170509493377821,5.512394111343046,1.185931583165253,4.43371724894329
26,19,23.670803106309048,0.46915794233864194,5.378261546894796,1.0114802912105985,3.965098709935688
26,20,14.219890321746362,0.10069695511545648,5.529073481799983,1.235421093497565,4.702979124374746
26,21,25.76328127841166,1.7790262605641411,5.334836347960565,1.2260191402189706,4.715137632615455
26,22,20.045548398810155,0.8352495291401711,5.2437871941895375,1.3393894714667862,4.9616302404986925
26,23,15.841955329291173,0.2292504122833363,5.066137479527775,1.2851958485329487,4.582792993217119
26,24,23.996974332379473,1.1419950896519815,5.29147748344578,1.3608497575616063,4.9206657853626306
26,25,31.621460383600237,1.0836097255036803,4.48505934411765,1.6090797310591096,5.701104124430962
26,26,21.415567225063903,0.7289432761766752,5.111331969149411,1.0758254355894943,3.938454506869239
26,27,15.740695530883894,0.10448858591604795,5.412570072489158,1.2244811068772048,4.509882979003502
26,28,22.75761575728112,0.7328502114671452,4.71431186406707,0.9707560272403422,3.6583954394890297
26,29,33.94243747527306,0.40984121569079984,5.373930829933057,0.821384496161432,3.2312536417304583
26,30,22.946050469878916,0.8221273601035479,5.175395846326367,1.146883275649742,4.399478724859622
26,31,16.01358826805023,0.2572273891404369,4.736825214181523,0.9540684284911016,3.5847632788345685
27,0,22.774142840210935,4.058010942299668,5.5779489173317245,0.9245066532490958,3.4620315050669634
27,1,12.676708327518117,0.06755427557414474,4.6198304576588045,0.9946089847268338,3.6890164402532575
27,2,20.774009397821636,0.1745428718482096,4.326558832655175,1.422696912010835,5.127150358113579
27,3,22.367442008892738,0.4011073209173388,4.630502242205651,0.8808327525389483,3.3216569680656383
27,4,18.90814331489699,1.3257851198869148,4.913388883413128,0.9948483362931544,3.580492170515251
27,5,18.03008494146714,1.2405404981803743,5.00959385689554,1.1335430533321134,4.002127242431905
27,6,17.05221512464264,0.48564488692877317,4.738696603024127,0.8939238128628268,3.3159316292744645
27,7,17.11378900796128,0.722559584616128,4.726753441587958,0.8643764905365554,3.081688133398551
27,8,27.06426468458281,3.3970097093469507,5.942011613229682,0.9618484580221933,3.6455506342135306
27,9,22.558676834766445,1.9650042816116897,5.6843064787584785,0.9922408730513919,3.735401250623687
27,10,22.938259959529944,0.9697022298389188,5.588999057632552,1.0003038503117265,3.901368805728777
27,11,19.95813191863289,0.8829468862198516,5.569027248593439,0.9790625895968281,3.619661839278151
27,12,15.813439033590406,1.5868536679094196,4.879231855607385,0.513854396219954,2.258917704983648
27,13,19.61263217209155,1.7762095694143079,6.123388553096008,0.9047220873170634,3.451400291049815
27,14,18.139284924825695,0.6664982728650518,5.7065585611455125,1.0754469674905165,4.141320987679739
27,15,24.555260934577426,2.0641652103969013,5.318745963531456,1.1294833054337614,4.386606391434224
27,16,12.952853975507699,0.4387076197997587,5.179001502243867,1.261881844742934,4.453581576345954
27,17,19.24059991987253,1.6022315848150588,5.5462582307327,1.2009048089738803,4.493126730626985
27,18,16.586321477117643,0.20264787952791943,5.763976062452194,1.0965185420392967,4.201131232095876
27,19,21.918346950676423,0.5108186784344484,5.552086960653295,1.0144028514096162,3.989853625670069
27,20,20.529619984785754,0.7190147091179658,5.685357932311102,1.171255935006676,4.4424903161904785
27,21,23.714108279882616,1.0264460490671705,5.268518542571212,1.2749610031661058,4.898223699130982
27,22,18.00273046475044,1.6664440454045684,5.044756726615331,1.4551305885789088,5.428357772437938
27,23,16.227562181627086,0.27790294081632444,4.9458904465133795,1.4093374023505723,5.133772499795025
27,24,17.367950556599688,0.4775725335988822,5.332920189768904,1.320121458116537,4.769315185892642
27,25,28.375947797257368,0.6482981128525801,4.756700239774872,1.5135586578020286,5.361839993916556
27,26,27.5566303359917,2.1133934171883877,5.326474356451878,1.1217052281635551,4.200441972870252
27,27,18.460577045640846,0.5332505019834322,5.3839348979969515,1.2454594612311656,4.708153034968184
27,28,29.582750495185508,1.7592031314190115,5.099351328036133,0.9484476173465204,3.584111114121545
27,29,26.74738301783862,0.5649938703542773,5.602466562099792,0.8960056076361349,3.4139508841847968
27,30,21.703945766598565,1.236872951019078,5.316324118458759,1.2656905608816675,4.795791067672438
27,31,22.051905696148268,0.42979793172502373,4.98078290920118,0.8905057458510379,3.4246848036753947
28,0,16.752435790155396,2.8007650156007706,5.735576063034449,0.9671594099245429,3.6106533038453024
28,1,28.897094193874054,0.6863319056047114,4.726872940949505,0.9533385799484897,3.458282495035398
28,2,51.03446504301992,1.0634045662213887,4.677547043328522,1.255225905407607,4.447728306391005
28,3,34.16218452817173,0.4129674780642222,5.056721309554723,0.8420925481312205,3.159669182443888
28,4,26.98337455984641,1.8973548825467226,4.923067716956854,0.941692841835355,3.42243790475923
28,5,27.055518495037333,1.5862716484322057,4.815420634097791,1.2106262847807248,4.164515127828838
28,6,26.540140557948476,2.129715713509361,4.396708736125568,1.0698537920146558,3.6656475223595355
28,7,24.880984888640597,2.704356454564578,4.4598193191689965,0.834476073370503,3.07848549944883
28,8,35.304199147222015,7.114793842001518,5.277452647862807,1.020650597108614,3.8596998348994127
28,9,25.912483828144858,3.5633273083479517,5.240936177523253,1.0565918315923213,4.01497666186135
28,10,30.94831730328495,4.148887507268225,4.648168341109076,1.1648716188147974,4.405959284613205
28,11,27.827341500984947,3.8734328574432384,5.1542326141740755,0.9973188610057964,3.631683345279524
28,12,22.185181995381186,5.881065654551906,4.1137300725191,0.4609610236728008,2.105610779875876
28,13,35.25938722038288,9.218098826952856,5.3051799385001,0.9930226955176229,3.848188816017894
28,14,32.12445413798712,5.731503607613561,4.862551708216483,1.1744881791465405,4.191654551801604
28,15,24.32661253717739,1.035578617145766,5.057777803508988,1.2257801015449452,4.555737695869063
28,16,21.389396696600365,3.424718476480964,4.5833494877284835,1.2666761491328948,4.373208416877577
28,17,28.29191228415901,5.24197579132904,5.475710425594649,1.1116490154571297,4.2403979004054415
28,18,33.8368957852671,8.953398546514098,5.127455001231141,0.9107584654256833,3.493779930304595
28,19,28.914163785267732,2.297611296371228,5.458855344759761,1.0843922831886053,4.110859350785512
28,20,30.537598418519046,3.738353197868805,5.173315774111997,1.2169916950661062,4.551551971501494
28,21,31.270980640374496,3.0017255173963546,5.185291369785429,1.2069049485735972,4.454535143928374
28,22,34.9930785453433,2.914351003579132,5.523265199317039,1.0953406088086997,4.183558104660295
28,23,39.194458581515974,1.761070904311879,5.385490791716942,1.0968198431382428,4.0570960308177515
28,24,31.108252869940014,1.696288566351165,5.35623955499933,1.0957983194918608,4.005385178078048
28,25,48.992459479091494,2.1875445695201807,4.537417271791974,1.2570836098138205,4.26177251549766
28,26,41.224288367939735,3.439146875818639,5.276137524476713,1.0338165253555252,3.7177410451480526
28,27,50.928504325239594,6.1992754160380485,5.04633465336881,1.2145720171503616,4.302106823969915
28,28,38.817608983056665,1.2002457666963042,5.199894616603611,0.7670693755605491,3.106260087484428
28,29,42.39838546259429,0.8428165254177103,4.667821046768427,0.9959257431010577,3.538333305592526
28,30,44.585351104505335,7.13252815737806,4.771884044449217,1.1395335136298055,4.0533631633825555
28,31,31.849266277223077,0.8634142485372494,4.758458673746656,0.8974464023762136,3.3955666469654417
29,0,16.98057395502571,2.6927181954319033,5.717288948414913,0.9058340098230335,3.1843251176015377
29,1,30.461103484408333,1.0835385096482335,5.246116978278761,0.9619985986904505,3.6009539992976123
29,2,17.76005565169761,0.2387651821701786,4.593514818619131,1.2550624606528205,4.352507902841764
29,3,18.457120224325383,0.6202961537476972,5.349508251733788,0.8408583696108725,3.259353907377542
29,4,20.317549532634605,0.6324266734243247,4.95858610133719,0.8283910997161623,3.2280741032127684
29,5,17.57745889775472,0.9297918996704984,4.69910984390161,1.1679326009089168,4.128481092373054
29,6,14.568081433287979,0.9516882465397907,4.72408412018301,0.934072139620918,3.479818845196374
29,7,14.807928580668491,0.17571837228864529,4.63395604935449,0.7932244022023038,2.9695399781194536
29,8,17.49680247368789,0.6421168364754726,5.250829029919286,1.0388490687582905,3.9418260126226508
29,9,31.32667899520376,3.8420069836123125,5.7380633758913335,1.047819280549163,4.030726068581479
29,10,16.37644244938982,0.2232047294103341,4.840816866412535,1.1475105235245877,4.475578378904944
29,11,17.89889497083356,1.053973684891155,5.3926860047455545,1.084347656487049,4.069897552197243
29,12,11.76462765921831,0.6847130172748106,4.515104117415575,0.5721167882378397,2.357897759093544
29,13,14.395572647069743,0.19283863723450217,5.234221275763881,1.1254533718006448,4.247955727436749
29,14,19.952241097304544,1.369936983356828,4.713707876741199,1.158921681589356,4.23730845175771
29,15,16.958889343127765,0.6816865224642551,4.951415404325042,1.4169288288225506,5.365218111353485
29,16,22.818244044706326,2.955282324245344,4.660622449192418,1.3978023639171262,5.010982069479499
29,17,27.907595022250383,4.974013981383013,5.474115266694515,1.1943830006789522,4.493683001748306
29,18,30.77159809631741,4.937927025066707,5.511234655309453,1.0840945758207123,4.178146805886733
29,19,25.158595151631026,1.8512824342476701,5.7175388526209865,1.0975934723213934,4.158701434963654
29,20,23.770956293064895,1.1651476792958508,5.366782377329937,1.2683989998566094,4.681834880250918
29,21,28.6395533652368,2.3344677037911747,5.15288138529236,1.3925151332537284,5.182150688773958
29,22,27.878945756195336,2.8320445315004568,5.5362874079461415,1.1283463964892304,4.2245134876036605
29,23,29.48190720094265,1.0758271083296487,5.1596580223858055,1.2694598956955074,4.5813302920373475
29,24,24.414349231348524,1.3712209875500767,5.434842838553717,1.1735333026235235,4.2448443831352325
29,25,27.70514296736478,0.7899021969910254,4.989158620064544,1.3910580510456265,4.919037214756283
29,26,29.057353658690655,1.7703736296536423,5.831435450979439,0.996274724514306,3.8067731684692347
29,27,33.75119126446053,2.711658953766423,5.873314083366913,1.0252956740637087,3.935581882768464
29,28,30.001061015083536,0.6746604596625487,5.357085369953442,0.8906234559373853,3.472484398499648
29,29,40.090263966946516,1.03133153877218,5.7871386888390495,0.8390118523431118,3.235367253948614
29,30,28.574406298518937,2.257756566318492,5.702869473268338,1.004490924433333,3.905289992273276
29,31,26.6151861282195,0.7330317028244273,5.255114456593779,0.9669618460103289,3.7873209739829323
30,0,16.948315784760425,3.065940657950158,5.833778251947212,0.9616622138432778,3.412806857367939
30,1,18.333509317776887,0.6938426374915587,4.860666731826466,1.0018025708565172,3.578945346689422
30,2,26.962106968755897,0.2658363994769902,4.652703056666361,1.2844234786853619,4.569701726962082
30,3,21.750191155454775,0.18519165503964377,4.752528870381455,0.8349099764594277,3.1196637675770136
30,4,24.735374552356127,2.2859940573466835,5.019193858155266,0.9889154299073102,3.5059145585118094
30,5,22.106424188633724,2.737300629981485,4.995411865709226,1.1962076969185116,4.0938094426542895
30,6,17.26730391124999,0.659148809062956,4.592596930171264,1.1074834133778086,3.9973172766846568
30,7,23.259671158063984,2.2370114918563995,4.795736223667132,1.0191448441675748,3.538539832539352
30,8,25.827751195497857,3.4560430068359635,5.436985604515339,1.227065853200071,4.451420829952713
30,9,21.58348815578998,2.65175375092041,5.398048406627112,1.3546574904553346,4.968942984033463
30,10,22.29546530209383,3.5705128230963354,4.849793666395696,1.4039786339833062,5.244063014326328
30,11,19.619108373551533,1.7180721329132878,5.286356016268247,1.209801713321344,4.361249543803117
30,12,25.142002211267428,3.030632884740996,5.192346575586411,0.5527913293860092,2.396111495161352
30,13,19.470869826774305,1.8024752412265856,5.170416909582172,1.1039477878027473,4.0774844412083695
30,14,18.276820560348114,0.8882095517273555,4.623690881684514,1.1560074848433164,4.174296623309479
30,15,23.193813819276592,3.246101264379116,5.272346745577971,1.3101620765473667,5.0091637499065955
30,16,16.867770977541873,1.4883473188964111,4.671411976042286,1.3425761447704438,4.621734416800992
30,17,22.48616195542386,1.0708931084671696,5.050015457741061,1.2134275945823783,4.30218170208104
30,18,18.095664744599922,0.41777710051079675,5.342024864049583,1.1139979011446934,4.102660729734685
30,19,21.292196670034933,0.7486487114663495,5.587770314467432,1.0526959959349291,3.9207780421687835
30,20,19.44284579597533,1.4269981096230573,5.134002930338799,1.272014435152852,4.564085374022236
30,21,19.317412360218178,0.2545463812687008,5.0015982000303225,1.3606442427571332,4.9239058505070465
30,22,17.19485611492822,0.8682858864731337,5.090487676814025,1.2271257129646918,4.274600538259465
30,23,19.101416727576414,0.34321527908367694,5.135880936315818,1.240962700517894,4.593161909144319
30,24,15.525959364033092,0.11946261481905743,4.86264727243236,1.3049763923266386,4.467687553345502
30,25,23.338326019057874,0.1766536369289905,4.918254060977832,1.3989297858559713,4.992146607691487
30,26,22.223082697669046,0.33666353973199525,5.44460382658206,1.0581378535448485,3.889706496076155
30,27,20.23507659931851,0.22139335606308713,5.639549472866679,1.0865824978072984,3.9200743309369868
30,28,18.895188751925236,0.4277210775827084,5.237738979910304,0.9302779971508714,3.5706115216942247
30,29,34.56157148918713,0.2898158245508791,5.339143691235698,1.004131372763963,3.630961800057439
30,30,22.079280875357906,1.017915423188536,5.197681418018899,1.1276829413781462,4.148770721503437
30,31,22.683893783695343,0.4985760002657049,4.960374794414095,1.0473728996018803,3.9060837963444133
31,0,11.119822798644316,1.3273783053815404,5.994068587376162,0.9669188654663978,3.4897115552057785
31,1,27.213610791836693,0.48261843690760564,4.719758089100523,1.1099790924624164,3.9970016918104156
31,2,28.559865193350085,0.35562541603552245,4.198390476078894,1.3001780084179808,4.376751791387334
31,3,26.058909310709446,0.3302705131278579,4.785350772639997,0.8274706651881472,3.1320869911343405
31,4,18.551622546335707,0.2959537272625239,4.8145325249385404,1.0553823652426537,3.678534344197767
31,5,15.942145721178163,0.7360276276012574,4.438828149776154,1.3751310451195078,4.510372913488164
31,6,12.860391044627596,0.2092586090573099,4.359721025878633,1.1612487013525543,4.10489778413529
31,7,18.200353697575693,0.5453372271631545,4.5497112924317245,1.0867995193709827,3.7266700253367846
31,8,11.308660540221481,0.02884607911710138,5.35688536296407,1.2225876622104437,4.50517884875176
31,9,18.354164732198022,0.9191258577321217,5.254956067802302,1.287897660101569,4.711853152804134
31,10,14.838189204451503,0.16158520905471552,5.026450424457554,1.3111812638525357,4.877584722684766
31,11,16.1767204077169,1.194460596364935,4.980210320903467,1.2663846096089761,4.482176540989659
31,12,8.756332544150652,0.02355954072613223,4.5936445103202495,0.5083813365884806,2.259191122271163
31,13,9.898780540812588,0.18987774336141172,4.832821589515379,0.9246800093321905,3.345393653191651
31,14,9.81194508488882,0.04355811368854744,4.133941642749424,1.1111461679367434,3.9350834027528263
31,15,16.558836633348946,0.7284531944067472,4.728633987774059,1.2189606641294253,4.455555095467354
31,16,15.64985428714412,1.338181548928952,4.185975219936698,1.3817362309388512,4.604150201601307
31,17,24.39765536996014,1.3853722066449856,4.765443712829132,1.1273156255180243,3.860471081526584
31,18,13.748703804985954,0.14847432377583733,4.817668941853039,1.077428556806451,3.8664341769324855
31,19,16.223459453490076,0.511935949151642,5.049082244919393,1.083098207898673,3.8761600397397573
31,20,12.104964546238435,0.07994098114412156,4.592078829481269,1.2383407898816134,4.31195660627028
31,21,22.402986222951313,0.4735682458244579,4.660741171139243,1.3620922762556678,4.893853652285879
31,22,19.150251419272664,0.2988468137619001,5.106586253662806,1.1543463806100105,4.087871943560727
31,23,24.26164848419356,0.39722994655501004,5.083526067695026,1.1656107365296036,4.310751599924694
31,24,23.026235616070345,0.34101498880738035,5.029547520754774,1.2870769770971346,4.562980858556713
31,25,22.50829106877559,0.1844017024861007,4.805590953810226,1.2930187872929286,4.5444271400744
31,26,23.69696725584481,0.4100874128038462,5.1001921410585105,1.1439447165205952,4.032941255631342
31,27,19.83549309699984,0.22352644690831125,5.12154802042517,1.1463553020440482,3.9863863266297686
31,28,27.904034409443813,0.5632307082726336,5.099494609186162,0.7582274588674585,2.9926627333420086
31,29,31.05936276226815,0.722751517533268,5.212727604143184,0.9500436049046739,3.509242904241202
31,30,15.78445197899748,0.07277415175101587,5.028481647577569,1.0782340271280644,3.9699299283127853
31,31,24.589149407734023,0.16883090618692684,5.03882641034492,0.963377300605079,3.616018068734017
32,0,8.75252213547695,0.5819880088638644,5.933961606440631,0.97125924950089,3.480530234612948
32,1,15.767275946543462,0.15132216279446054,4.0499768169611885,1.1004959643632262,3.727700469876155
32,2,18.046636351270905,0.05486460819074567,3.9736159586834097,1.3301838701178443,4.3006076574399
32,3,22.867173829198755,0.2701689768329747,5.254606949497353,0.7263468557771056,2.9099559839870373
32,4,26.060542909234705,1.2572969938853793,5.432542292350144,0.9289840625242292,3.390612717116933
32,5,23.62976925410751,2.096078667880816,5.132065035035599,1.3282720443621452,4.584272436415305
32,6,62.8117424869299,7.815759254479431,5.503424766400685,1.0792317752682417,4.258599432251831
32,7,57.68211869841905,8.962823975804621,4.829623310678337,0.9167657598806169,3.4737063231777214
32,8,76.84449053741643,13.288833020113472,5.381445182406092,0.9471662830304401,3.5670016233194577
32,9,52.66304497129953,5.294472945365786,4.641620934334252,0.9074068190803501,3.417667119151608
32,10,47.32609025579906,5.462296111176391,4.647206649519283,1.047788926119324,3.925367987892023
32,11,78.97120481404929,11.074164046873028,5.18536207299003,0.8169259171009031,3.2052817719957
32,12,31.02959243106298,4.2782608201780485,4.404202243924145,0.5566176552275337,2.3537496111112435
32,13,80.80839642725866,17.0114796545341,4.926824616093667,0.840413044028554,3.3729086420312338
32,14,76.9908010684264,20.395207259541184,4.962905636118207,1.1364651831198627,4.18666824776144
32,15,72.310328752247,14.03617675859348,5.208297973471903,1.4192794119300016,5.668135553427983
32,16,92.12270673708471,27.918921257285437,4.768347319080686,1.5404241024266856,5.513372465668263
32,17,120.96973859034908,20.83050955120789,5.4362972791121,1.1967573093968982,4.7199520010215315
32,18,97.55906289556515,10.364140513861877,6.254424737843117,1.0219997603449613,4.0936972580872375
32,19,72.83762201126315,5.165071607315084,6.184404871953136,0.9062251954029081,3.764553766207299
32,20,101.88185478973085,15.016324724638245,6.2275169870655,1.1433052131271069,4.652564739131949
32,21,82.8142479513171,6.48076071717148,5.224698353562439,1.5774026574300128,6.26099450215842
32,22,74.62284153756788,4.413721465505139,6.143270333666669,1.2853581438505666,5.13368025282053
32,23,61.296785787283014,4.167760764007115,5.595560228235218,1.3357521078130805,5.108584227705114
32,24,59.466752986758934,4.345316077873633,5.371527521184229,1.3834099048055828,5.0375869812701035
32,25,45.591807290058625,1.783276611124251,4.4774584304810245,1.5595866107339669,5.270348866825242
32,26,69.93671903449768,3.2996131831534137,5.535376959740756,1.2235585847699717,4.575221162531473
32,27,46.20599060045526,3.952125142303055,5.880127126975696,1.1320523518621481,4.348270726779686
32,28,33.543827683081126,1.327710546890776,4.43540345079451,0.967223325726934,3.6415507524468707
32,29,49.32538129456536,2.915347346600564,4.703394246911175,0.9887865657370218,3.5881405512143454
32,30,40.780560515248226,6.293364076140634,4.986103520946049,1.2639603992650574,4.672224563411566
32,31,28.676189399142334,1.2503320092259873,4.098944661619727,0.921365181500513,3.3806213968142718
33,0,12.218758244838432,0.952769393144725,5.555557258417383,1.1011415436670964,3.793659387473155
33,1,12.13685564579234,0.14059242808721223,4.29195251742105,1.0472286644424393,3.612027082660723
33,2,10.963570800477314,0.012620935375161886,3.7454123502836314,1.3565010563513225,4.229384108712192
33,3,15.402434995290434,0.22967774083085776,4.55150171546025,0.8548190955773443,3.116931940177075
33,4,17.053099452691878,0.7583670460235254,4.8238195136165105,1.0411975623957987,3.6509457742161193
33,5,23.60883887971315,1.697801313026367,4.309239680406214,1.3575499567721767,4.309832297698756
33,6,60.10274758125074,7.380731140264835,4.218432193728663,1.22382431204825,4.305616017062722
33,7,59.741967079407566,9.333522548679692,4.532482471318274,1.0892549562039768,3.736327538050582
33,8,82.68606227473519,13.563705843664358,5.190839909195006,1.1606024162524866,4.263854127983758
33,9,56.935436141519254,5.574779218535489,5.219544118219726,1.1638466416302107,4.222304903535817
33,10,59.31304277723231,7.607820849224241,4.579807907115294,1.323027722330636,4.761108098496043
33,11,79.08487963558089,10.838729626239385,4.83864547236418,1.1637801732630502,4.012214138999739
33,12,36.12604730509449,5.095639656802837,4.712574590620337,0.5692144892361553,2.4118868000440563
33,13,86.19479798677351,16.02789123851177,4.555562986840947,0.8765270122185935,3.1476064655315783
33,14,81.72663709602548,20.577007674955077,3.6671535782477367,1.0760948316427594,3.670539298485425
33,15,78.57169867451636,13.928517440675709,4.363573448330898,1.2714682324452085,4.572619243091497
33,16,95.11720261636175,24.297974723995964,3.9152709704349604,1.29971657394404,4.261108808280908
33,17,121.94920291458016,19.252611993399043,4.656299690013107,1.1187112167319473,3.847756133507615
33,18,96.82146661036211,9.446196140032212,4.802396137116163,1.1495653639892263,4.197263767908059
33,19,68.35628576485388,4.946413778693161,4.980338270059938,1.092600095987443,3.910292227427511
33,20,97.65889013945967,15.046555953358038,4.5689547871961835,1.2166750466912868,4.169725060443909
33,21,66.86785546104191,5.524979040217054,5.16465637225733,1.2811909499968515,4.82817029176231
33,22,61.64355118070197,3.320500088058921,5.399366605071179,1.1536353085712765,4.253563210717055
33,23,53.569072573388894,2.9569142795370826,5.309984463101255,1.113788526380671,4.142753235425673
33,24,47.6016037979861,2.479081909679184,5.066289773691748,1.279197047625992,4.5650064374072965
33,25,39.595055498248215,1.0003427297197762,4.715797566672775,1.3624628809797237,4.786003054928302
33,26,62.469853375372956,3.0526244896603654,5.129703637413112,1.124807453133437,4.040413125868705
33,27,42.88060524033278,4.158251964022949,5.115890351450991,1.2053770686588008,4.225440379322206
33,28,43.22188349766884,4.1099683420595365,5.196896424601746,0.8039955847691287,3.200740214710101
33,29,47.58444408875265,3.625762575934599,5.399435194684975,0.952907156487635,3.6801891082887677
33,30,39.28236608700146,5.270563701251342,5.238726412926523,1.1159754889568676,4.281041350512548
33,31,28.74155568347571,1.6779059226903192,5.142997840028927,0.9680622280976552,3.785173292632677
34,0,15.803223837796615,1.5984089609762568,5.682663581357347,1.0302379411126346,3.6205444221686114
34,1,16.83462638813764,0.2703931693002617,4.7054414459593685,0.9551904979588537,3.392556423610602
34,2,20.393542184829883,0.4104751081046633,4.437397016294881,1.407397302986423,4.768285045129169
34,3,11.489439748012277,0.12634783898426843,4.7938551616001135,0.8649069065625028,3.1026025802305335
34,4,12.939695662224855,0.15854778963835658,5.1015836908101715,1.042404768585782,3.6659200052675294
34,5,12.73294961343099,0.18168788373055156,5.089907121143444,1.1670329992395327,3.925997304317863
34,6,17.8079816518991,0.6149836125388266,4.599853243033701,1.0675709497924988,3.6966670341165515
34,7,17.6535473412813,0.4409832354622161,4.776184334836683,1.0078942310957455,3.4479725194167328
34,8,12.579722726285466,0.5198552045669272,5.181531281789931,1.0343360100352754,3.687305843055787
34,9,14.794011283294761,0.3007602771779585,4.965305473466987,1.0607338504495063,3.7940013245026685
34,10,12.747267335169425,0.025929989259672125,4.695796323230741,1.269660379606222,4.524983365377164
34,11,14.030605642709094,0.6850710973346923,4.835011131886087,1.1386264775983053,3.9784317217247955
34,12,7.8731296538664886,0.023067483129402988,4.49401414901957,0.5451230238407438,2.3450233217838212
34,13,5.328651980353007,0.0,4.517183421461429,0.8515229058485785,3.1289758865807693
34,14,5.460376541870802,0.055008726666437587,3.6701565081202614,0.9274164599996859,3.309795248406268
34,15,8.802765198168121,0.05620067163543045,4.391145498541023,1.1564903819732972,4.176681700888996
34,16,7.699809935264213,0.1785656443929936,4.027457419793399,1.1429402268421613,3.8458061165878474
34,17,8.346726517021505,0.008864507034117373,4.413754580116683,1.125072697534418,3.7832996744361624
34,18,10.842528189180786,0.346141026529391,4.924233826205089,1.0608809870983116,3.955576122541123
34,19,14.110207315997256,0.17054269916195194,5.234424678766795,1.0529762860551184,3.833314365371669
34,20,10.12868006856665,0.032380276416085235,4.446704223573642,1.2215457130669503,4.161662341100792
34,21,15.2560972960679,0.06532093072602871,4.982646330195448,1.3000866251179248,4.782896956696302
34,22,14.958574032540504,0.14450350753885316,5.253871815684525,1.1321240171361877,4.10492774154986
34,23,15.685698088498244,0.06986483469327359,5.088586402563317,1.206882018920389,4.352471476160444
34,24,14.918598948017236,0.10102590016810063,5.125436263596521,1.2462530647504861,4.395513591535867
34,25,18.967622348887375,0.11906700868401258,4.7038475470125665,1.4099401542129977,4.925336420984356
34,26,17.084372751746887,0.35050689510500965,4.737804589634219,1.2701184604490585,4.379581539327068
34,27,14.220950001702763,0.1747418490028106,4.907066426568183,1.280771801557541,4.475267752015322
34,28,21.803876976259925,0.628295853080318,4.945315208466795,0.8711104098759588,3.389931458051046
34,29,25.494169291609445,0.25121996551591286,5.341375162820948,0.9600256503662683,3.5167845176691475
34,30,15.88729553783367,0.2587772829501195,5.0482528833837215,1.2237452478832793,4.615008412656737
34,31,19.22717530037373,0.4123980543914644,4.744522286383492,0.9550994032736719,3.5879709875252055
35,0,20.59045745436076,3.232196787372995,5.740167970176994,0.9610560992346464,3.392454139371272
35,1,24.592618027784887,0.6858975567899119,4.906174288932929,1.0212469879310682,3.5880975873022787
35,2,20.34904008698584,0.34621507210737407,4.077636638752137,1.295927331638282,4.202933200099923
35,3,24.725416757083778,0.789948218007146,5.350535428457308,0.8052813452070877,3.114782614900067
35,4,20.129636431273305,0.4991722322420884,5.169535635762637,0.938139566667803,3.3672155843416918
35,5,14.333122030801338,0.851496426791202,4.49079548924202,1.204783342542168,3.784964342163615
35,6,10.955565015478495,0.2990359513112092,4.893173960678775,1.0322519670570536,3.7289591315556656
35,7,17.192712027054686,0.6767690349005935,4.938727351374737,1.0167909794987633,3.568489933248118
35,8,13.654295142286175,0.3272679474710576,5.270080464561174,1.1166342915671006,4.071211287728673
35,9,18.49056585994959,0.6072779533231424,5.567109339704931,1.2134560057497659,4.57555079579286
35,10,23.587030882405905,2.3543205862816183,4.555455942193866,1.407854832596473,5.16251299480706
35,11,18.303515595026965,0.5405282385601081,5.174940599404828,1.1276533275749605,4.125380837555591
35,12,17.84734793207612,2.1319620093007368,4.30498556803307,0.6353448246592963,2.5440937841135502
35,13,16.74009181970548,1.3513561174354454,5.023757209820682,1.0957766069611585,4.037041782702338
35,14,20.33418785036896,1.8088922297550742,4.712701088720948,1.128989681186697,4.084366673535585
35,15,29.79907497216194,3.042532747091624,4.784169448038519,1.2964188255348654,4.901598627869023
35,16,17.64697693672165,1.0588648970358312,4.751516745246565,1.2977304231290416,4.782063654869337
35,17,22.696234443925164,1.301460786009295,5.302285801799641,1.281179890887322,4.735200364756804
35,18,24.529269111971253,1.9866892304671433,5.268786751487922,1.158176144031125,4.349259760905781
35,19,37.73126648367197,2.2750489181124056,4.9977237335973275,1.0535309871621825,4.094107907032778
35,20,31.604212782634846,2.3563942599276815,5.238210522451808,1.143055782173823,4.276260024372229
35,21,30.98525426871351,1.3582311539695349,4.986741344907964,1.2734566188055148,4.649906918298672
35,22,31.431818222638373,1.7294520824919521,5.283979607213883,1.1254948266302964,4.322820868993398
35,23,32.98609377047043,1.4872988631051807,5.10254339096577,1.1242093170236362,4.237186747349725
35,24,35.50099317565457,2.136707185358146,5.105265366615052,1.249785471270683,4.5845170600141545
35,25,32.11193905198722,1.0623168960117289,4.695397016293494,1.4094903096775164,4.843367012038712
35,26,32.64753823978977,2.2728603679737436,4.887564538178293,1.1119453575126208,4.069679568744514
35,27,30.60199865858001,1.1834361583592172,5.927689281417999,0.9111820768603742,3.634385355397518
35,28,29.72976340913243,2.5162647873124464,4.918395736357109,0.9501410768876921,3.7787886016311507
35,29,36.064962532037505,1.1861044320391256,5.005211705191066,1.0940499348742891,3.896784782287991
35,30,32.216182257151864,2.8220445979337896,5.269771527043193,0.9714501566226819,3.8095228147012388
35,31,31.10688060318791,1.0904065395328324,5.105618449756867,0.9358565677934481,3.7460545246446038
36,0,26.80672540089527,7.70859548623992,6.0411802549999996,0.9040564745763744,3.2209371155762816
36,1,25.716259243397786,1.0689927840913673,4.826031880916262,1.073117906648334,3.8593295963341756
36,2,31.759986646431223,0.8147844131263894,4.326124842810277,1.3972648021439635,4.957092629075051
36,3,26.971277963952048,1.4063811743156136,4.706199486475407,0.955046977454054,3.5010907675536176
36,4,29.473493769286318,1.8085787439856178,4.998454614029622,1.1235476778828462,4.016371544949794
36,5,17.530231481526798,1.9734078693136683,4.64927264582534,1.4010195860695305,4.801316183809665
36,6,21.933729678314222,1.7898739651010351,4.814758011825781,1.183789249006665,4.431968504204135
36,7,20.09161241494028,1.4951236521382931,4.9183426116172,1.0998890734814495,3.9597469536370986
36,8,16.332883076618554,0.6327165304791198,5.471000743477348,1.1619570684829155,4.379097675208182
36,9,16.340201331379955,0.6116633934279921,5.4684515415102,1.3311299942974335,5.004413377063988
36,10,25.55330964687694,3.4110514035655344,5.229851203162877,1.216384563149517,4.798496813448069
36,11,15.308905409027627,0.8894077926510913,5.2781081436215365,1.0928734752474636,4.109373980388793
36,12,7.473927858983096,0.0930353036477461,4.5622230419190375,0.5923040937533921,2.488955184365861
36,13,19.308853496860767,2.08221306927315,5.506617924683098,0.9911728460112776,3.787356127934167
36,14,21.016097738399516,1.9542431844217185,5.2261672514318604,1.0003721138663728,3.8605862601161136
36,15,21.25959889473757,2.2982367556405605,4.9927700887396895,1.074442661949118,4.0680601875640345
36,16,18.373413873336897,0.6733872797764531,4.974723668657301,1.2932593016914078,4.7588644656744155
36,17,15.961084308288566,0.7141763779758379,5.316529789476014,1.350012774209353,5.1529555955035775
36,18,18.64259446381766,0.47032146061934466,5.30834618436327,1.2510765651718483,4.670017515846121
36,19,25.441589821441628,0.49763391548313496,5.313631757432173,0.9935215538326885,3.9970924354170956
36,20,21.34921209972699,1.0241411269923137,5.707950655755481,1.1633187040337942,4.501073206755703
36,21,34.12538733842562,1.782564325048292,5.585041407329158,1.225835951561236,4.8496509680473405
36,22,25.656225885734813,0.8658978465698342,5.459875456567184,1.3519464253813824,5.139296500970686
36,23,24.804100837714387,0.9043934711613402,5.2284850417095,1.4114859189097393,5.341975079130643
36,24,27.691679189704992,0.43622875543722595,5.2975783687088915,1.4555751814128488,5.363729567309203
36,25,32.03853277906937,1.0119650455115912,4.730624341392583,1.6292442938882443,5.840216808456514
36,26,25.73137415575445,1.1030425448048953,4.978777550662951,1.1689133517971797,4.098229205299224
36,27,17.78319643400585,0.07444155624217497,5.30928861757223,1.2979184468910487,4.670263672086368
36,28,25.37539583583115,1.0282507286768208,4.57205478710841,1.2196997253663655,4.456143004726054
36,29,29.829593690659575,0.9112152129881235,5.213099456362768,1.0577152194788368,3.899621554208027
36,30,18.802623463445986,0.8118869690399069,5.18218870041681,1.2694159378626386,4.7970238447328555
36,31,19.816896987380684,0.5031904829886948,5.131434630148191,1.0250387112526695,3.9338213952674415
37,0,18.425977928142107,3.171965765596038,5.644448821634985,0.9060906354695923,3.3670139690304284
37,1,15.903905351137153,0.24780111473806427,4.871799291546488,1.057143690571694,3.883512905959209
37,2,30.979838047120577,0.716845273054755,4.317400711970686,1.431070686760389,5.200178093949882
37,3,15.791657826722526,0.2364795648731893,4.647944485081057,1.0289605002907294,3.8119418799822884
37,4,14.138551486913062,0.6329505101006249,5.150255700537027,1.0089400104992094,3.7389901236949763
37,5,21.914022285386565,2.3126731542349264,5.110044877491144,1.2076905042539936,4.25210128286148
37,6,17.45259973586566,1.5577768242377794,4.813521817516914,0.8483950165777987,3.347216782854809
37,7,14.528006456373612,1.1031734505110524,4.8783568163835245,0.816778435206575,3.058826233882939
37,8,18.254894173063526,0.5063470373477003,5.765809997726345,0.9856442505983392,3.7002253117705117
37,9,19.03995446765521,1.0415889238193454,5.7924939405271525,0.9714314033793015,3.679146164125776
37,10,17.591120138763408,0.8086401816644594,5.500594921358328,1.0430626993314052,4.068777286434338
37,11,14.041427347515164,1.0243314655469238,5.405797339863144,0.9325720699887068,3.5833696379489184
37,12,6.550451313279606,0.2113136679552817,4.566662879293104,0.6380079198961486,2.628779380130908
37,13,12.001857891761812,1.4963340702584593,5.372937850911377,0.9765415455945465,3.646269922667343
37,14,10.326445533392558,0.13838171251033793,4.960507914644508,1.1139156612565264,4.132206838180393
37,15,13.777816000772088,0.15999753327082838,5.083195195473402,1.1298933033986014,4.480994304622941
37,16,8.29817303201644,0.1929191536450332,5.114208798201154,1.2622164965330285,4.635927241953132
37,17,18.110721068601112,1.0353895108162439,5.26825057560831,1.341730013674125,5.053146462252103
37,18,14.651145123464959,0.17776853522188227,5.33943977569575,1.2871026997396875,4.838265743152841
37,19,18.172069031611088,0.3326578708767554,5.412688834714206,1.0344101476367182,4.078673484548323
37,20,18.15383259559173,1.0081277540297777,5.643884069503841,1.1946116673583047,4.581401428419682
37,21,15.137409414827802,0.07230956236347866,5.262280142755108,1.3275123738972603,5.146944092574283
37,22,12.644674957685208,0.25594844847098047,5.235725433123108,1.4442372632491534,5.36519855936372
37,23,13.829791816797474,0.03968453835386586,5.235788556197745,1.3638075294205123,5.1153044120296665
37,24,13.1153806607595,0.008656546482042109,5.388578393955241,1.4012065809636827,5.073225771861446
37,25,19.737400208272106,0.05876397744024181,4.891322635553973,1.5551024370201594,5.615220327185049
37,26,12.737805469511496,0.02357753189364127,5.0657593438604165,1.2259600775688062,4.401926616414355
37,27,11.588541846752047,0.050874293075704895,5.266810869919045,1.3946198402133252,5.147976842354365
37,28,14.002492486677987,0.12200396759784028,4.717026838431646,1.1841875845153096,4.324450792878231
37,29,25.46495515590312,0.07047797349934942,5.466513156399052,0.9625164882768287,3.655267868437946
37,30,14.2730323829812,0.19527426979367615,5.167089716459107,1.378204862117376,5.247021425044688
37,31,17.720317999568913,0.2989234804364132,5.114735989177112,0.9189356714091899,3.5885678982832476
38,0,25.279020941528685,5.9649774556319,5.8149999326646045,0.9209585148128427,3.333215983839061
38,1,30.507066446820097,1.2658643463174397,5.219983138492007,0.9079797640693128,3.4302642211015364
38,2,55.99355899067404,2.6827855309085282,5.1338178145731295,1.1296729367712954,4.044755113527126
38,3,46.11451515033161,1.091184353285641,5.701025229856491,0.8555127671023888,3.331664848630047
38,4,34.5289230415735,1.7266149240982676,5.417280647135552,0.9755495049784564,3.5754504517404104
38,5,26.18431322736943,2.1521149121485137,5.019263625230393,1.2637595892906814,4.2742344115914515
38,6,28.27081588247994,3.7227334936659235,5.12808431550536,1.1078866998451185,4.082424595117768
38,7,25.683353984589473,1.5565373915344498,5.0591687921409,0.8897589418289868,3.3693139711928546
38,8,29.571841283024984,3.4425425847846487,5.353609788779206,1.1929314468474104,4.284787618560879
38,9,25.26213007400365,3.2004967020417894,5.5252413767682995,1.2047564912463784,4.479378208487072
38,10,33.60925260642556,3.773904432076881,4.980640057346788,1.14488017327358,4.280715784629204
38,11,22.252907925549824,1.7355087738609898,5.32122348444635,1.1024569101989243,4.190662336062632
38,12,18.685213789856,2.736239723374671,5.122167216578138,0.6310468621269436,2.592419770937568
38,13,16.99004102965644,1.7693459508275478,5.019611657095275,1.149842017301169,4.249227474130362
38,14,21.985148044155967,2.991098506667819,4.776943695746249,1.155959162046635,4.131204654495596
38,15,27.532927053871543,3.8946880558343495,4.9418335486199,1.1909516165579772,4.6299182307925815
38,16,21.586452038364456,3.4315616181434225,4.457011583346372,1.4388429483336251,5.007231794751436
38,17,24.292581384410035,3.435085849926053,5.075627088309794,1.2857972685414252,4.713449862567472
38,18,21.48834241476963,1.3856886103627206,5.070370433421036,1.3448957065251923,4.86999805822999
38,19,28.173046139596735,2.9330017745994894,5.023210534658077,1.034261579245305,3.9053757106096203
38,20,25.999474802427574,4.791638382655756,4.868314449059169,1.37542962672463,5.0886584357929845
38,21,26.890973984945006,2.1487136966940925,4.934695345485819,1.3138526663945411,5.041248648391331
38,22,26.515623658788385,2.022139810392394,5.083213975190882,1.3380719577328009,4.964227371533553
38,23,29.00444555212089,1.6720523640906382,4.89967694076565,1.300924587472668,4.754412602842816
38,24,28.07804481471857,1.6310956945903254,5.0389750993643165,1.3085284897771432,4.650561561667756
38,25,29.08536080237542,1.0463527849574643,4.7898675438165235,1.436425956593605,5.065513516394472
38,26,27.501717045045513,2.1276400458906446,5.146012664269691,1.2134132032929266,4.446165472926898
38,27,25.01088551409502,0.8316574220982781,5.62974291877096,1.0979671140974085,4.060896324398571
38,28,26.58320063279032,1.7738721202273906,5.34250038304337,0.9739814527965711,3.808466189565195
38,29,29.34242056593275,0.8954815191646395,5.3108704294516755,1.0376318681957866,3.7820238806179067
38,30,26.959723680740584,2.2739343988678353,5.310737484678252,1.1605108820271601,4.3574159231522
38,31,22.412104999041514,0.87537147912888,5.332643095819102,0.921000124477632,3.6727466497797177
39,0,19.394296958243448,3.6637985372542823,5.669901123860889,0.9817174965396287,3.512874147115027
39,1,23.83977650085632,0.48567034024636824,4.722415266438129,1.0923555912892127,3.9924478884243952
39,2,35.184590935327456,0.8467726598026423,4.706242818115744,1.2796830427774282,4.7920934846005245
39,3,27.534456008466062,0.3958992724809041,4.50807718307284,0.9518081529303286,3.5548862265482137
39,4,21.57320107465938,0.5733796788182306,5.011769104587687,0.9785735557449282,3.5924435810867856
39,5,11.516584299424169,0.2581527626555477,4.625205886587434,1.3862208597072172,4.757202560990151
39,6,14.914075980559776,0.3720402484155079,4.340935344758359,0.9923171872654342,3.7023739286319715
39,7,13.84893004546213,0.17943650309088272,4.353462787291406,0.9698307893380402,3.4466341874548214
39,8,14.599346271855138,0.16901496937712535,5.306839042877284,1.1271258262620956,4.14205543886417
39,9,14.00582811314084,0.42545695364035974,5.1738732087862305,1.1817880888008947,4.2786389634113915
39,10,19.75576022301742,0.9476235681387206,4.863484532953275,1.2235862179512038,4.658630431076825
39,11,12.984009946743303,0.36473064575210973,5.406320588184357,1.0694942137103531,3.9998466916271425
39,12,10.382188542861023,1.017774144552636,4.594860509494206,0.5512348977840631,2.3720712064375964
39,13,13.966899591077805,1.0668498789123666,4.887017621162277,1.0575706656625643,3.8688400848349054
39,14,18.463392609165787,1.8735657489217155,4.139915767579318,1.170865314946612,4.069759168376791
39,15,22.311711866766785,2.1851505816856127,4.952567958243991,1.145358042445439,4.445248247340665
39,16,14.792201076937367,0.7729738075166489,4.2465820494138615,1.407314216743356,4.887689946378889
39,17,14.355252298789535,0.703512323245758,4.889426522885341,1.2158429729859197,4.221246555593662
39,18,10.390430836049898,0.28400090711620624,4.869073799977059,1.2390117081305023,4.408787433087742
39,19,22.895094880162908,1.3978989346986936,5.014874171662122,1.102176893169121,4.058361168175268
39,20,16.431796977174653,0.5786057161446423,4.786406870696927,1.2854053684270177,4.637002848575562
39,21,24.943633793389644,0.741267001524716,4.803542037552741,1.2504859736427019,4.582270040209451
39,22,11.670708792297843,0.05231393567108992,4.8557452490448405,1.32188654116284,4.602494247503317
39,23,12.781618817335284,0.06736925543939024,4.765922261952299,1.227923260357782,4.329978867319646
39,24,10.926268590547725,0.05107090830646836,4.717415734545055,1.3415014472800157,4.52194820724421
39,25,21.638294352500733,0.10260846572938853,4.529136624503323,1.372617066182647,4.653616944495243
39,26,14.479084550509388,0.09760558416247864,4.7745745660076375,1.1926987008237893,4.246235829692029
39,27,12.377530683367588,0.07296296573563955,4.953380590823754,1.2350593576976703,4.232273588819209
39,28,19.302906619601863,0.19233074283780915,5.064249744309974,0.8733164416527872,3.4162090143835533
39,29,24.367013259988944,0.09331819628876788,5.237171843957246,0.9509177719645683,3.439390002521463
39,30,11.40680008353349,0.08153880199820603,5.079881327320914,1.0687341362372242,3.8931600576850323
39,31,16.269677016092626,0.08035322455569568,4.660662821607754,0.9208724419937067,3.464012512249853
40,0,17.04467256471178,2.740416839139151,5.981873490874339,0.9396908669783866,3.4136168414629218
40,1,23.18130419378884,0.43533127016278517,4.836481463496111,1.0701656216130138,4.003548423838294
40,2,37.51450796654642,0.6060694993568316,4.371203966800842,1.3363913219547392,4.620678579220967
40,3,18.33755098069816,0.16188609691435407,4.372246638771907,0.8297404474725925,3.085840218268266
40,4,17.60414928114514,0.5119577851449266,4.972207610151218,1.0140433980706245,3.6936678305531276
40,5,17.951391190383006,0.9382158439132847,5.006748070286072,1.184352295853211,4.1334064240742086
40,6,19.118155178655513,1.1029820889418493,4.3152728156854785,1.00575369966211,3.5613012897317025
40,7,17.111654053550712,0.5252007923688263,4.483036990890856,0.9560130953805999,3.352173040424646
40,8,16.51589975891978,0.5968932887883875,5.036363210787332,1.1632415388660915,4.168749591587567
40,9,15.052417850096948,0.4273264746903866,4.643415795465632,1.1282740284015587,4.066086866774459
40,10,27.706318021985556,1.6833774904461292,3.957408747811042,1.3881812754179879,5.089072109225762
40,11,16.312916401513345,1.2964989239328597,4.718785762347026,1.217425204592569,4.36518804814379
40,12,19.16178447381192,2.2331179307382625,4.681402206082164,0.6084170475633828,2.5103017882866747
40,13,11.280664400454075,0.4810881580549642,4.360166742128671,0.8798238653314678,3.1227171768800184
40,14,12.45578833399054,0.861209546120203,3.1540401722087337,1.150331293418887,3.6341135352483773
40,15,14.382846830267795,0.5630103026666032,4.428131271796508,1.1914216170068093,4.306008647734876
40,16,12.9454978311789,0.41817018098496683,3.8752823370932115,1.329323507808394,4.3481852088201824
40,17,10.988700398510218,0.26006656765477837,4.703170339619599,1.1218763371714244,3.8011850773320597
40,18,9.83953302052921,0.22096231073635683,4.693906317118715,1.3450076576833334,4.857688634657331
40,19,13.667490486601825,0.13233850055488638,4.9725572079649085,1.0812348835543766,4.011502684002053
40,20,14.391321029731142,0.6315290338252996,4.667243310819719,1.2952179089120524,4.570874380355341
40,21,20.419968529456327,0.8801856974136586,4.616976298063019,1.3755963972590939,4.9685477698714395
40,22,15.658793497373914,0.2841022010880933,4.951259182182335,1.1700351738982224,4.0412485083170955
40,23,16.7221215836904,0.19260240664212658,4.866717836633201,1.2256739328194257,4.3281325420562755
40,24,15.200572874015856,0.06617564668413069,4.806483593130725,1.3595493601074287,4.6426618739674055
40,25,20.968909410137208,0.07331419019041813,4.735525031964864,1.2851398239082936,4.403338374003731
40,26,18.240027357010298,0.445328873495851,5.066611086407068,1.1402692761308977,4.074106607416775
40,27,15.975410081413136,0.3344378173111492,5.2106685972497235,1.0963990234400818,3.8202557586937678
40,28,17.0115308780104,0.1693537323109121,5.015833743233195,0.9043538307212922,3.4506903087695955
40,29,26.92721428640208,0.5115598498530748,5.3107880721482035,0.9522798531301149,3.5357983511434323
40,30,14.773386491403006,0.2176104965210755,5.397288771311352,0.9794603046995958,3.698074714292304
40,31,25.280579491626156,0.667713887530483,5.247714024704182,0.8486306563128023,3.3648259979483077
41,0,7.497916723481207,0.2701715546898322,5.930460136000633,0.9472748076911062,3.4170599065695635
41,1,17.508312331163488,0.3121462415215288,4.164764932120352,1.1014408613774194,3.756577715770944
41,2,20.135935080541532,0.23726213364031953,3.969108508254928,1.4566004480296093,4.832758096012769
41,3,21.157680225961375,0.37261473138380796,4.824690024168424,0.8075254108420946,3.1200340996052023
41,4,18.57694171345897,0.8686393010194744,5.1224159626961026,1.0229664268153016,3.7074271972256407
41,5,17.190472451457758,0.6780536619717943,4.808374339197387,1.2831734372317092,4.316278127928499
41,6,38.877980368182016,4.876774302919421,5.574366564632701,1.0706150035243853,4.184929310087393
41,7,46.525741496158936,9.866473785330015,5.362015845002441,1.0165641990085863,3.8370107317200226
41,8,44.533137385306766,10.456361596094512,5.904678449200585,1.0694736776320148,4.168432603474484
41,9,42.260693382189324,11.257196006343229,5.3235792300100115,1.1470975423669127,4.3424871886815835
41,10,47.939390791154565,9.940505486519887,5.396728512885425,1.2952480584383954,5.177467591044107
41,11,37.450407691619205,12.151655233892225,5.167482883068221,1.2124732700061145,4.63476953741003
41,12,30.089486483415875,6.984679698958951,4.975530679870298,0.7037228972349725,2.811601694447133
41,13,71.09830894208312,29.772178812441844,5.817691228335358,1.0518096770769407,4.239690909110553
41,14,80.93631909920315,41.553456471407785,5.434708806214299,1.4096177516930393,5.305176683654129
41,15,60.2588262353482,19.354512074410838,5.423462511959338,1.429329216810208,5.4776978630746065
41,16,65.11012091778248,13.815179869998023,4.942861409953239,1.525510363978218,5.2980139104851425
41,17,42.056898645926125,6.322416128359974,5.09016508844028,1.3171344001834289,4.591975628713178
41,18,16.987993209571226,0.8825679453541904,4.321522865171369,1.2396528024504736,4.322199903175517
41,19,24.044332024449773,1.056816829541261,4.87535564707259,1.146173449632606,4.133881764860858
41,20,19.642361287323297,0.6951444728941609,4.631502059069918,1.26480260151473,4.565990991690262
41,21,26.448031584781727,0.9653093684203622,4.1257681551691014,1.2891880144886816,4.528752968110305
41,22,15.16226486859546,0.1988972812610837,4.432470947553009,1.313893169963304,4.458402901190907
41,23,17.607722984604102,0.1075124508735841,4.488556162273415,1.1865113959130156,4.247339716859246
41,24,12.51673977890535,0.04970306857847108,4.435781920652184,1.3364895746337826,4.452966570452744
41,25,19.65193030367556,0.12971391135121677,4.07608168080612,1.353563714598451,4.3362635540644865
41,26,19.85143898848599,0.411633402756804,4.47132626490753,1.2273253418117775,4.234728060358731
41,27,19.285633755920905,0.7037616094205913,4.8024804329095625,1.2466555789537352,4.232705242393133
41,28,17.76549457920469,0.27805687104280086,3.861952413788926,0.9291708965346008,3.2862669934361532
41,29,29.675110036900954,0.29836384117651726,4.656723609310706,1.0278484475035414,3.703645296860342
41,30,14.854790639410687,0.4846204850900278,4.659900291103489,1.0677872786570326,3.8527627506759203
41,31,12.668700034726601,0.12274027249494202,4.198546473666179,0.8775695379377577,3.249311875953973
42,0,11.020141557130295,0.5859566125389584,5.523575415079083,1.0842553226804723,3.7403477730962673
42,1,14.464780187850215,0.3072585786561232,4.552718326408837,1.0506924314916866,3.7073376512776295
42,2,12.401382198573856,0.14106170554507041,3.3446340130295305,1.5767941991674466,4.890266778398658
42,3,15.282207131865151,0.45507760135078923,4.410732068994961,0.913014479864457,3.321915432002991
42,4,14.00203001834953,0.290000293787968,4.845562327636422,1.0188937944087275,3.6345617526101477
42,5,16.701976146211397,1.573667217977878,4.133618902686325,1.4200599065452097,4.580206528816345
42,6,35.185789671105596,5.123936768219079,4.21813603747359,1.1934092774703666,4.1399051412586445
42,7,51.88019520008106,12.619936717907311,4.074692863730828,1.095051182227782,3.7099309659097033
42,8,48.365341064449915,13.120764096245662,4.773684812019951,1.2328840735441053,4.380625707055483
42,9,44.617630059563595,12.262484460898383,4.446359133409873,1.1240941492507295,3.911316648290019
42,10,46.9280784453799,9.020594511773844,3.9799545506700205,1.3216051226553218,4.778132151840077
42,11,43.521176648363195,14.40298733371732,4.700073473514666,1.2270882184066965,4.378087823264605
42,12,28.165832610864335,6.46634499802507,4.618812841816113,0.582950950095035,2.4503230576854422
42,13,73.64245757214044,28.788219839454236,3.831563455240219,0.8369795826737843,2.9200641465733828
42,14,79.63271423950457,36.89471582842189,3.007361682955008,1.0356765944328852,3.373532773394263
42,15,61.122896775306444,16.385940212039962,4.002045000145008,1.2919114767222402,4.587878688827294
42,16,67.59767757787414,12.821705332067511,3.631036700339566,1.3101116871165939,4.323020745049752
42,17,40.82654653423304,7.41781936067939,4.22909299066571,1.19549988451514,4.00319645220161
42,18,23.38919787536605,1.3055351805477473,4.915893688836171,1.2373551172731077,4.617483727212675
42,19,26.461960449493052,1.8373014466327358,5.017149059691137,1.1079005940869049,4.11109027017709
42,20,21.14672028048205,1.4404044865698817,4.433576678233093,1.211615586823628,4.211590861918682
42,21,31.432180428556304,3.013931121843262,5.174078596016566,1.2301195616665979,4.640336932120656
42,22,18.01037574641287,1.3811634071563021,5.162172948913695,1.07483081055818,3.8713891372339813
42,23,19.541943523251298,0.63907343036053,5.067726413580737,1.1211647752068705,4.083960611598792
42,24,15.114520400930978,0.19035907767868704,5.08395081334407,1.243754103612135,4.403971228879334
42,25,20.326585914323317,0.5883033523401916,4.805019323042432,1.3134053552517724,4.5797190053255346
42,26,26.7475736382044,1.3909547075918522,5.080925060565974,1.0599039711572082,3.896412227205385
42,27,18.328598831184138,1.0043597546452785,4.913310429725003,1.1993661402797864,4.081288622306464
42,28,23.70161940502895,2.027723940233056,4.775541025637448,0.7943664648125885,3.160012643865537
42,29,25.79433752288824,0.9046924553516533,5.519020228904642,0.9083799097257845,3.5285737782716575
42,30,16.287302693739278,0.7167488685038226,5.297715674899539,1.012844646433833,3.906421452967424
42,31,19.755705358337224,0.9476810074255637,4.890820452835227,0.9482202763149754,3.7486859579371044
43,0,13.134035342274874,1.710856867326073,5.709391464096969,0.9909136391469744,3.491516618277846
43,1,15.191258140260949,0.22384846020334093,4.723536067707586,0.9601276536645482,3.445964136227425
43,2,22.103301811901137,0.6388706807087698,3.958321090686967,1.4325938938303144,4.851088000979741
43,3,15.431724580371192,0.36491536814305053,4.606665225291642,0.8653780222428384,3.1233922068874715
43,4,15.2810534644198,0.8839434074443397,4.835808523367838,1.0699338773730416,3.740353735034689
43,5,11.333386125773933,0.5633751551883365,4.6683414861870585,1.265796451405894,4.280131523020175
43,6,16.207321495085896,1.0603662340892774,4.258442607953376,1.0605322766837952,3.6297707913227337
43,7,17.353264017553713,0.7876738801609192,4.163619978279883,1.1092976240548138,3.6987208375446285
43,8,10.964399347128564,0.5597124911816682,4.672813447275768,1.1398369128006047,4.027465460353349
43,9,15.363429744995122,0.5615953342748666,4.262501952983833,1.0151098042605096,3.512258888805486
43,10,16.266634548309092,1.452517476070955,3.7800046072059343,1.2704654223443246,4.398414588748952
43,11,14.797279076621036,0.7874522495085081,4.39125544032691,1.0867763045689793,3.7385325157221483
43,12,8.670847436728327,0.22067239330836047,4.456488498682262,0.5249211104290028,2.2819509293325715
43,13,7.277031845435244,0.33331322373455063,3.3782417015636943,0.7720426968263938,2.658077263895079
43,14,9.133912899915982,0.3817912710421819,2.8039082725315723,0.9162653646453984,2.980354234718879
43,15,9.847164274094728,0.12050712569596994,3.883665180208856,1.267310760826827,4.433160602272489
43,16,7.760575958798539,0.04723034867637202,3.71793886484764,1.1943981816310627,3.966918448374293
43,17,8.855469494547087,0.056938134266504986,3.9297535940202204,1.2357272780799509,3.9949885440606345
43,18,13.551286267846272,0.4625141730905351,4.938439113541037,1.0631226484864902,3.982472294188435
43,19,13.681449723575513,0.19121011883678576,5.0040893127177615,1.1669424903092018,4.225024685917631
43,20,12.664731496046876,0.41864903907399487,4.344632255388893,1.2219845131139708,4.1544509038921955
43,21,15.952446560065232,0.23202622921580163,4.952108042089849,1.254799062931375,4.626129212374568
43,22,13.494655008425758,0.31652402596718593,5.0692132252146305,1.0347532258687515,3.7656106816653283
43,23,13.218183872512691,0.1556811532612556,4.858393148420705,1.2304414189148662,4.341774100543576
43,24,11.584399917081534,0.04051380806131112,5.062393313688739,1.2368529668544923,4.33571838858941
43,25,16.563060035504353,0.12429009961538548,4.71417194199179,1.4031347242482148,4.863267127105008
43,26,15.993135054302945,0.2056609188980259,4.60075016115721,1.210858716412301,4.1949178068783235
43,27,13.964763835518813,0.1868783760132735,4.670275938459293,1.311006601681859,4.399033936166403
43,28,21.575065249388373,0.8529155490036622,4.687129198791302,1.0090939222764739,3.7633780821997105
43,29,29.130813006468145,0.6271510460934433,5.4614083473367225,0.9479438643092344,3.4846840049222485
43,30,16.502016288449237,0.6953786449213126,5.245018501239203,1.146870030272698,4.355297860987772
43,31,21.09517979961776,0.7341999394775416,4.66999920499744,0.9815600543944099,3.6816085690333353
44,0,23.44505791633128,5.3187415655486525,6.002850032648772,0.8909051234285146,3.194817667765888
44,1,27.84433843255359,0.9616808325870341,5.140116313798606,1.0038979059912796,3.6841492824529487
44,2,28.80333119580817,0.6200965925495071,4.132029804270671,1.3558669355315107,4.412393999398893
44,3,22.457741332083252,0.6113774606357709,5.1127096636603495,0.8329901078574471,3.1610284674903757
44,4,25.30795788744486,1.9737473476572827,5.278986428883543,0.9855881832347535,3.5314732607281547
44,5,12.446776600442506,1.2409946499851252,4.565462113760113,1.30188297506439,4.151431863317408
44,6,14.72078066840896,0.5907995761815117,4.78611543373646,1.1309715979953276,3.985925872520754
44,7,17.12666474351379,0.5750149742293742,4.660281990013271,1.0792263882383777,3.79947488730792
44,8,19.296835701412494,1.451074083710779,5.245658709930458,1.1801083675436015,4.36547051610182
44,9,29.119818995066304,4.334426538746739,5.497953243711213,1.2670868044236077,4.751439178212931
44,10,26.617725300456613,2.9601911250670874,4.969042527376641,1.3088100680477313,4.959773569879057
44,11,27.84588066818514,4.0235276504371305,5.315508644139943,1.156555392624778,4.375291538811336
44,12,19.659508282328595,3.0599397803332025,4.547156833744732,0.7399688373917943,2.867829609540012
44,13,38.51643711247175,12.224388530886344,5.5037528751199245,1.1752998848671234,4.38203290717563
44,14,37.89143455086072,11.591128918261496,5.074533696921826,1.1824305403830628,4.381359506406536
44,15,33.69386974202912,4.815354111421717,4.982645274401339,1.1280679613711797,4.371913516215995
44,16,21.943677628684696,2.5013720047636174,4.639772714642949,1.399471346485682,5.168437003100173
44,17,28.221740765204643,3.9892210493999047,5.31820051876092,1.4095380453401853,5.281025336691565
44,18,27.04148660774762,2.737880948705305,5.401954511362437,1.2909697856410078,4.8409475368126085
44,19,30.35856203735628,2.095056377511193,5.175882377038792,1.1197144840367068,4.389421178070385
44,20,35.97023621947343,4.479241548298171,5.5098398719292945,1.2871302239428992,5.01967903923835
44,21,27.143565594044063,0.9410600775931136,4.903829688578494,1.4999940836104093,5.755420613509908
44,22,27.123979987001324,1.9352287840574347,5.360634874538648,1.4003119590159798,5.302045939365746
44,23,28.98016750328681,1.2055234284810588,5.18521768768197,1.3409877918555928,5.09552572940167
44,24,30.563080495387055,1.5104543007681013,5.33872821769745,1.341580357643135,4.871701985898968
44,25,29.76805916648142,1.1018236138617534,4.903841321091012,1.5834844799245582,5.618041537861284
44,26,31.480239128365067,3.1590906280510884,4.899149933954405,1.261198842383683,4.6665757903032
44,27,34.336386517030974,2.6603317355091587,5.992953871824636,1.0289926387650699,4.089818781765919
44,28,27.79053423126056,1.914653988824538,5.034772427399027,1.1079305513308801,4.350082775755774
44,29,33.62116508322933,0.8454842892760106,4.987998014708577,1.2770923171930457,4.535596886234255
44,30,31.5079852245293,3.31578348581548,5.347882696119918,1.3652548038669368,5.370891509665433
44,31,26.211405110033645,1.4586972018562263,5.186318273884294,1.1031179129081847,4.343681473125945
45,0,46.47787165175296,18.338367678335878,6.075293125829598,1.2328269275254877,4.459303547771444
45,1,28.542039468758283,1.0507243447761998,5.304785610347277,1.082818535630338,4.034446093015891
45,2,41.77151585843983,2.276168196870197,4.802150496825519,1.5534021925827126,5.580907241770221
45,3,46.62674906858061,2.5172162641339275,5.584163820076,1.0512775607225375,3.9695236666161633
45,4,47.97091808013743,6.826457486174325,5.52272071593641,1.1813546524826837,4.287021057476293
45,5,51.668628404648956,9.637414245455364,5.155210735462505,1.347889738529732,4.8492340956595426
45,6,45.984648481607096,6.002063623814807,5.270214892182761,0.8667968699686401,3.3890481117136058
45,7,37.41786030239476,5.705844582865806,4.97144230818939,1.0216228158383807,3.636579571125513
45,8,43.06517588768501,8.30980098925681,5.837508517319044,1.0231361563295316,3.851975820562966
45,9,28.111738830189246,3.3778936432476954,5.2616607604862144,0.9827119899391725,3.6870302615325183
45,10,36.077174206426676,5.42812181568388,5.389980320377032,1.1203375547396508,4.3695226257071695
45,11,36.119846078910115,7.732473744771304,5.358877429709429,0.9829954242056598,3.736934283763923
45,12,20.185390115815725,4.684692385411097,5.020317486396353,0.6516040391358553,2.6735290153904554
45,13,43.74123770634251,17.47088983340017,6.086590933617264,0.9607097448070023,3.798813219554553
45,14,46.88863022340635,19.34497702015564,5.33308378570352,1.2841848613019735,4.8691642659146375
45,15,57.38404114106211,18.35453726106333,5.705707183253679,1.2649430234005399,5.112217377013738
45,16,51.86655162034096,18.474203008998288,5.648702990512242,1.3119181827324358,4.94443975215605
45,17,57.47946931441781,20.43050678602358,6.0709116758349015,1.195888471248125,4.743372403751958
45,18,54.04372024343547,9.80439072053386,6.144644136528251,1.1426976082227682,4.601698958226024
45,19,65.8303487102783,10.482311406819033,6.233248466426249,1.019743366276324,4.158797048883151
45,20,65.62823283346039,14.10395018424055,6.327492949560449,1.1150801600608,4.46801999067569
45,21,71.0074335325524,10.109750248886572,6.05944486128698,1.305498467544294,5.330771305760723
45,22,58.23857288365963,9.355491103805479,5.925881993863307,1.3669606779773273,5.331859097578242
45,23,50.00436667867081,5.367654077792137,5.779567760737358,1.3159461361499147,5.065331722053058
45,24,49.24974713182483,4.435193084967412,5.752077996700992,1.3532300097546344,5.02205126609299
45,25,60.65615849679227,3.0361004595743513,5.2390262470859845,1.529182180217239,5.7244083826704975
45,26,56.61425920212835,7.44470954718999,5.673640649240689,1.2734870039381718,4.862484778187579
45,27,39.609040007118715,4.2315271486285475,5.879854335271821,1.2930292552416223,4.97183388740016
45,28,43.16076382056,6.77920553949121,5.68065815389345,1.194176933986351,4.68503378806783
45,29,59.18445283582692,3.421835647378918,6.105202656370288,1.022414648175312,4.015922307270432
45,30,43.73128379554307,8.855022398784978,5.778247316329681,1.368990010282089,5.448517053846875
45,31,41.885932631578584,3.6888608945609684,5.6425358568655914,1.115674414381819,4.453816133628692
