step,layer,shift,revisit,dispersion,disagreement,effective_rank
0,0,,,5.805694714706772,1.1508277266482043,4.3323204841684575
0,1,,,2.320575303088771,0.5013751878049542,2.0157859768058994
0,2,,,2.106404897154821,0.371937217173409,1.8116329282343235
0,3,,,1.6916168137938885,0.3043984669228774,1.59462915883349
0,4,,,3.172687425556008,0.639128619546538,2.44069273319334
0,5,,,2.8109968422570626,0.4777444976081977,2.0806745915714293
0,6,,,3.3697930658222854,0.5998375636021698,2.4485759719556266
0,7,,,4.524075160094732,0.547316495106398,2.442978315960888
0,8,,,4.425573427740437,0.6959965068105651,2.790899612372826
0,9,,,4.281805712875764,0.7289981180426279,2.8905136639993567
0,10,,,3.8091174729328516,0.8360002303498089,3.1220648994348825
0,11,,,4.673681268985328,0.5584014108006645,2.4393428111573066
0,12,,,4.771323811067068,0.584440649896619,2.474453277626713
0,13,,,5.3738912728111945,0.707174594641593,2.954973523039342
0,14,,,4.871860686536067,0.8605219925035659,3.3059852908605913
0,15,,,3.948555212648488,0.9187187961489265,3.331646052115387
0,16,,,3.4790871549018294,0.6018242490884949,2.4525699797313263
0,17,,,3.704794993781083,0.7575822021272556,2.8486385909809755
0,18,,,2.6709565541172084,0.4362124414884536,1.9124391721584255
0,19,,,2.987571879553149,0.5611460592829092,2.158556011973775
0,20,,,2.8977938345176284,0.5683310969266158,2.2418062484269012
0,21,,,2.768277996308217,0.5979365992635439,2.376238271249101
0,22,,,3.272743986816174,0.7727354927559844,2.793490204189419
0,23,,,2.6641210036360663,0.43692555214555817,1.923374248414678
0,24,,,2.239939660907485,0.4615219353282116,1.9566153427461088
0,25,,,1.875960732082632,0.5133433670641683,2.0466264618636507
0,26,,,3.0548052805159114,0.7919865411228453,2.784542294229286
0,27,,,2.651465243860392,0.7809527920950496,2.5991324624427286
0,28,,,2.574520606959113,0.7901721389309482,2.6699790843306386
0,29,,,2.3818568286274298,0.5936515327934551,2.1676105269704102
0,30,,,3.625859575792947,0.8966253915129352,3.1252869136440706
0,31,,,2.5635388029443624,0.6290635251899048,2.3700308417701716
1,0,69.88711594141029,,5.556062325484733,0.9944860335411541,3.539024930367168
1,1,59.585201345432765,,2.394110926955854,0.438905721976417,1.9306168600747136
1,2,57.702152774477526,,1.2477762475686303,0.22074379247459253,1.42702279013043
1,3,36.47292543758418,,1.5936324426677257,0.2428802974687787,1.4705410809540016
1,4,70.28063811711256,,2.135763775383003,0.25816907714005755,1.5853319723233184
1,5,69.76292269260219,,2.8698089126619895,0.5379695251348018,2.142711732318513
1,6,65.42471870274622,,2.8082062247231816,0.39382969360732734,1.8511554266615677
1,7,75.64101885956961,,3.778223006301518,0.4258916880804593,2.045045095147333
1,8,55.01200533771562,,3.86503508210423,0.578579625532698,2.3488008984798894
1,9,62.966960679122096,,4.175174659892665,0.849377251223034,3.195746726792494
1,10,51.46930734670298,,3.7469906766822967,0.7759179077183282,2.9441093562280503
1,11,41.854039974789174,,4.717820696061965,0.7410486651992629,2.941657515370269
1,12,48.147048854998175,,4.5058530980508396,0.49446789971757266,2.1770524907639293
1,13,63.00421518488895,,5.31982810117947,0.7565391383221822,3.084263103121269
1,14,56.99571409149648,,4.455764565420901,0.8360156778303969,3.294524812964412
1,15,46.952287021135724,,3.4394115267726026,0.9269700207293563,3.257545919393326
1,16,63.892676925102904,,3.6034387266759937,0.8160623793185087,3.0111084678942848
1,17,44.88542153115364,,3.2088834759470366,0.7499046667604023,2.72470822931991
1,18,42.170926115348635,,2.65286983454494,0.5057736660312062,2.040849171425845
1,19,32.49010543296709,,2.4271048214976068,0.5470024201078463,2.0660527949928227
1,20,44.70760637419119,,3.0398994453561548,0.6444382934800901,2.448545996614315
1,21,50.01142132249382,,2.8252292689827394,0.5968526871901263,2.379618708248876
1,22,52.85646134394749,,2.748416579607871,0.5874725444523818,2.3124008833125718
1,23,50.69442202101139,,2.232196306501292,0.41587736873026415,1.8308716948148516
1,24,41.127056605979234,,1.8561678016232814,0.49875486019345305,1.9520830255163177
1,25,47.70121224647568,,1.6321194856130323,0.5018186818354304,1.9949490473274614
1,26,66.6052023342001,,2.572210064065374,0.5188234910722422,2.1126566982812247
1,27,76.29869104340516,,2.100721414437679,0.546295675573004,2.0545887266935634
1,28,68.97557768729052,,2.7715604210517357,0.48916551848459733,2.0668927789503053
1,29,40.25609207745913,,1.7439296456410194,0.37001902904948514,1.7081073366518038
1,30,58.94048428330892,,2.948023148232772,0.6103958796214028,2.359357201610977
1,31,64.06245007965262,,2.2594105649233107,0.4510858748416511,1.9505527188128435
2,0,38.92209210336526,7.843626133534853,5.657149802584473,1.0361226740503193,3.614774380204451
2,1,49.92237213232909,14.309795182944887,2.0464834089527364,0.44122509593530035,1.8762213386027882
2,2,22.954937956922066,3.8085553618317425,1.2167679631946526,0.26948109097472694,1.5149261938987435
2,3,32.93002995433077,13.237001310611666,2.1045489545203893,0.31653685417813815,1.6349278851847062
2,4,45.75357637200907,15.499514869800201,1.9657451361661007,0.42417895970875596,1.8053203497586021
2,5,57.506925124071614,25.536164834172432,2.9876036528598977,0.7439245279190434,2.6294041643380086
2,6,57.24833472343527,23.22822475605792,3.073864424226736,0.6029987446403773,2.3487378535048182
2,7,56.49654200085315,15.11620304247726,4.030968535597651,0.7059170138628126,2.7121346343006145
2,8,55.73238798015916,20.21257527104509,4.402765327684743,0.8790422721751385,3.211672538759028
2,9,48.40138198330791,12.219260482200303,4.876671770208533,0.9207261039044692,3.4929193146112554
2,10,46.847571182559804,14.792058650500806,4.168253832741367,0.9637375627580473,3.5877746618023254
2,11,45.445633956142395,13.059060064970222,5.109982717662126,0.916859018022075,3.4933094078883444
2,12,38.03185459711188,11.517243343543221,4.724946118693705,0.5755659325110205,2.3690301102256663
2,13,34.67153594373596,4.501175311293883,5.424164642564297,0.887065471734374,3.478825354676185
2,14,54.021729518339185,13.292342845278556,4.748838535787358,0.9414746481395655,3.5434942944183105
2,15,43.7405113504837,13.74985433327543,3.6153587988206413,0.8890312733549584,3.2032043562834813
2,16,54.40811762611204,18.260808316091733,3.380400696302261,0.8480360518856509,3.026561920621181
2,17,51.36888278620749,22.4153964870198,3.3220676257214947,0.6609806801489424,2.5597792700539865
2,18,44.844558386004486,15.866169815926584,2.565654466619307,0.5111589367389735,2.0899909146364317
2,19,41.98600114710149,21.10262610891731,2.1310213879182065,0.42403791568862736,1.8525694907509682
2,20,40.724396298219936,14.847247844360083,2.8182184140145665,0.7188185437134265,2.548281654447598
2,21,48.71235977855842,17.343543276262942,2.5043882851410135,0.5331832712741713,2.1618420419841415
2,22,41.52871330361077,13.652513380148061,2.304116076927925,0.5045126759709144,2.0479121291853275
2,23,37.309929408664225,12.47940769604135,1.8043489068381366,0.2593300308291231,1.5575023924656524
2,24,24.182237227915657,5.6007775664723525,1.6619162759053847,0.44458260686076634,1.823528510481779
2,25,33.96323134315121,12.47497708732094,1.2716935247420822,0.27377161827915963,1.546113197639696
2,26,52.11152229042934,15.64947002405765,2.0090239267923664,0.4814511591086874,1.949532842237423
2,27,28.554728310843906,9.679064104832097,1.892631309742385,0.45753863721606103,1.8327120137452726
2,28,57.704237652777906,14.645255908250714,2.3778962327911506,0.47822581241371687,1.973639020170643
2,29,31.177074256056425,12.073927955618817,1.6802918643596545,0.3964246152370343,1.7565103028032127
2,30,31.70853474153041,10.555583663179235,2.9141828470305797,0.6253991808552373,2.339365235951083
2,31,45.468791750447025,16.557099787315778,2.226468778346131,0.5249819388274548,2.090351622732745
3,0,24.071814911497214,3.2883661581060397,6.0037338918208185,0.9442223279302873,3.445995679980121
3,1,37.034756680891846,8.603003356076398,1.9661858912800807,0.4401816690049887,1.86128147191842
3,2,23.557068051725,7.462196758836027,1.4397582036666279,0.46511512552109013,1.8300238812207283
3,3,27.01713164676005,6.015897907152884,1.7613842007020541,0.27352410266069693,1.5611697404917297
3,4,37.372776908602404,8.660918876803553,2.401117456130378,0.5554767921751518,2.080317481628422
3,5,53.136795423080166,13.109099022308348,3.410748881362315,0.9279119197170309,3.1637286089781664
3,6,35.71036280893233,5.639656388583443,2.926742697109334,0.7507574408794819,2.6240821235458043
3,7,48.06815060065854,7.107879586310405,4.0718713988956905,0.694228945670452,2.7527335323902973
3,8,52.54151056864775,14.09572139940574,4.335035662148415,1.0312394183435005,3.717415647161573
3,9,45.474306846294176,10.328409396524217,4.878567862705907,0.9735270066790003,3.7211254509710563
3,10,42.263682879678996,7.418642098449726,3.8959071014416797,1.017317454068555,3.673627286108232
3,11,35.8757142771764,5.907608245617852,4.838078916865788,0.9064556529719416,3.405464948300852
3,12,31.038174963914805,4.371517150501794,4.432969658440497,0.5059866294157498,2.2413634840312664
3,13,37.713470973986375,7.665611504611523,5.134227597149892,0.7539009225293922,3.0661725040564742
3,14,50.65617781411619,14.880184451056438,3.9948673600339877,1.0217722892021293,3.5806237139185746
3,15,46.667344051818944,13.10118242227637,2.89090483121192,0.7798022788951307,2.7541093369730056
3,16,53.17549570188808,12.95660501994799,2.949070177325753,0.8597753815142779,2.976285502451542
3,17,48.340909809241445,12.930135497180363,2.4268111071163965,0.5600242559000099,2.202434708292821
3,18,44.11922809098583,17.754539195836724,1.9321767476536928,0.41093137649007616,1.7962457198912847
3,19,34.317169990040284,9.133576511673484,1.43265403156197,0.3364252114130173,1.6103764447087294
3,20,54.22386671411506,25.498943594874305,1.7908965075528536,0.35923885580330595,1.711443217604621
3,21,52.21195228431016,16.29587463083273,1.3334871204487855,0.32373037873796395,1.6134866177904217
3,22,42.185786690853234,13.527660139447367,1.198580630015233,0.23958260859806035,1.4425215437135
3,23,40.39599062299209,13.197770506312708,0.7188078833877317,0.08940816430874532,1.1913740236387889
3,24,32.744037930771526,9.761067837335252,0.785019352035334,0.09972168773557377,1.2249393673686146
3,25,40.135714385146244,14.096422121054335,0.9805442604276031,0.243240711812867,1.4402192333669919
3,26,55.819786128327706,22.242657334544297,1.3197417983540083,0.2469562984642124,1.4758092808052525
3,27,31.6206325225307,10.944104388876054,1.4301143937120895,0.3462799356390338,1.6294340314419564
3,28,66.41132809195011,30.795280413707584,1.4602837989023758,0.29536994188441046,1.5620662914940013
3,29,49.71288343750244,27.617733401765356,1.1330355718518366,0.30300470309284977,1.5458135044270358
3,30,81.65290202237101,46.63270641976398,1.8426300282187589,0.44046493453676727,1.8474464076337198
3,31,104.6038928547022,58.62838958321397,1.4978644513094872,0.4785042312897221,1.9197192455596503
4,0,40.55595821266321,12.963080214782693,5.310900162617753,1.0820075778670892,3.5453286853621115
4,1,50.0643091324074,19.568171096906454,1.3049419393410306,0.2635323995306189,1.5107732018092899
4,2,19.81421331077094,7.39383139296576,0.8891820520839011,0.17238662714087916,1.347859860686638
4,3,30.463108968436504,15.214520041183679,1.3563904449323183,0.16815100470895317,1.3428442571105612
4,4,54.99870236415795,19.47146406421035,1.109626859594269,0.2392182129800926,1.4477865393812772
4,5,92.9152543233202,43.76893112154018,1.5796522005140454,0.33426083146431984,1.6778363604977613
4,6,80.4342088344432,38.340820588648086,1.6948855927024529,0.2764318065239344,1.59909424332839
4,7,107.89786809253853,56.97833424042949,2.288058667101895,0.44204108381437823,1.8960296987217065
4,8,95.33538551239027,45.582589874195065,2.9910303815229238,0.6268041483867544,2.3878004533228894
4,9,68.14082515672303,23.938827419936587,4.376679522698195,0.6941226779441871,2.750604070590865
4,10,65.27249224214303,28.817433603789894,3.2485977365251246,0.7220867960503812,2.7225234937701472
4,11,56.8932188457826,24.595785086403794,4.706163861968452,0.7065989826330368,2.826301957909618
4,12,78.40427123870114,46.951541126018,3.6358236650158293,0.5966836059526637,2.3156511754482096
4,13,47.233100227202875,16.55178944058293,5.160123339024663,0.7820707668505911,3.1085105939578774
4,14,69.06367070133703,26.757435291034597,5.1003753600179955,1.0614312269494501,3.9457259113204737
4,15,93.82985502895582,53.64718208383881,4.2686713593235535,1.1889932763616429,4.500405873217199
4,16,133.52329513825867,86.44454504945854,3.725299969813512,1.1798353130970378,4.182867748827813
4,17,139.85661648282218,98.09937051651735,3.7522491784679217,1.313766605368746,4.603163212408975
4,18,121.5303342105094,80.09973566427237,3.326243116781362,0.9192846992390846,3.0880068488912413
4,19,78.60553060540785,49.65610677131731,2.457016541871582,0.6028100435881432,2.2315621202927707
4,20,92.48643331699164,56.04749459013273,3.4418103652903502,0.8335012216383095,2.9795687675356466
4,21,95.30067686997475,52.34032407539076,3.295353317625489,0.8519910674944731,3.101633227908618
4,22,120.33860687745047,81.54244045513524,3.1417200720432454,0.9404394182811062,3.243424494182598
4,23,100.1185371124464,63.450659941574635,2.4525387934593788,0.6619961537288992,2.397426554109361
4,24,94.66039682751503,69.14736767430396,2.3561799380266013,0.6979284307905376,2.4567175082276806
4,25,72.5222214182962,39.32529793434931,1.8701676955128317,0.867438164330983,2.7035222024573935
4,26,128.12079007735645,84.05531340854296,3.224435673695289,0.7935883453474433,2.893462248714175
4,27,73.04150065853848,45.630274104795035,2.668483405350285,0.7507440512604933,2.577135300728321
4,28,121.73340898014919,79.96727034410004,2.96295673036723,0.7189302647839613,2.6092336305393538
4,29,59.788925148541125,34.07467119570393,2.2932304747340986,0.5484690907553222,2.149050261600212
4,30,123.29212790734132,79.76753456729855,3.6723978285387764,0.8610954354944331,3.2401843491878575
4,31,113.38559846937915,63.35120861112209,2.4177343265921163,0.6305807336857487,2.37462421247314
5,0,59.551677185541706,28.257054248667863,6.1818286580608035,0.8988975378012203,3.329089331584701
5,1,80.23051255334865,42.63499317614534,2.06217161059441,0.4432705186673469,1.9248923128894726
5,2,33.005161833281974,13.614132985992567,1.331738233884932,0.3079783644292635,1.5907368574038279
5,3,56.271389005489745,34.351867687737446,1.5608594004192309,0.2791021128379838,1.5615583998325457
5,4,71.67975480910923,32.384921068834736,1.9405887893304117,0.3414526826909947,1.754595539558591
5,5,92.20110960830013,36.39648289492039,3.3521640924414564,0.7393697032221871,2.7075600599382
5,6,136.30984388126916,87.81557499692705,3.5495108845090027,0.6505821425164404,2.557152899336224
5,7,108.85136896359745,52.341205589209565,3.909494866227803,0.6516168209925901,2.5771568531896696
5,8,82.3684043012804,31.29202121410915,3.920784749732894,0.8557225011250313,3.05929232769342
5,9,69.7052713882627,23.722578831949725,4.663591183714773,1.0178797456604052,3.7856238392245922
5,10,88.57139325780624,45.58001807061376,3.8540758641317874,0.8392511704279064,3.1624390751410094
5,11,81.80183064423308,43.982739884298624,4.94644761261852,0.8136856218749644,3.180718514785439
5,12,122.88789637416241,81.98678157155868,4.602464203221286,0.5543901249589389,2.3642800464599114
5,13,71.26059287891317,34.27592673421846,5.986817222111165,0.7591836839143307,3.1750154927082916
5,14,94.15838453220482,44.95541932902313,4.921630409223923,0.9058579563259341,3.4508295882928746
5,15,54.49230430518058,23.109726364957982,3.7233028355385707,0.8103595619289456,3.032292448975351
5,16,95.2377183825009,47.10046572369384,3.8300390104045876,0.810723765410585,3.0255512980915107
5,17,70.08441906496168,23.81887183648407,4.00710927883055,0.9578156366464707,3.436555658155281
5,18,53.338162147628,18.669154421913177,2.7312646238196256,0.6060569926249761,2.293374132619565
5,19,37.62651169259596,7.81829968886227,2.6821757937892707,0.4584341023732734,1.9817531545796707
5,20,59.234647589567004,19.07741479109101,3.2339109720636166,0.6100273880481226,2.403007546847192
5,21,55.48787439580358,17.94855109636955,3.135039261530688,0.5930695857411545,2.3967365093810487
5,22,58.82058367970501,20.836633305963247,3.194057861524917,0.7416209479391633,2.664513109705382
5,23,45.797845158445554,15.638037345497175,2.608919885596322,0.43502930660313543,1.9277328181867253
5,24,49.86452958771016,28.989494221227993,2.4508995516713297,0.5170755081335345,2.1016882850129246
5,25,47.40413661578586,21.233305357469053,2.079623761876082,0.6618416215649061,2.3549247652969565
5,26,53.195645933524844,15.181065044820588,3.106498838541092,0.6557233878410473,2.507014610263103
5,27,41.38599961776781,17.00888594434553,2.4547225832486603,0.6955502071939028,2.43547982301148
5,28,39.38050500872764,7.73645398225383,2.985139877852098,0.6763622537343772,2.4571888001519357
5,29,23.93628640712661,4.293225564954235,2.274538719811689,0.5455374758479592,2.0838728395770016
5,30,41.18849671668345,9.670983927898435,3.5348138068897894,0.8265091702145595,3.012160196219738
5,31,58.0016887801694,10.681567622933228,2.453381091563159,0.5332372308757827,2.1583035922581555
6,0,45.69729258517971,17.014227964498062,5.732650405533674,0.9730048481851288,3.546267771594668
6,1,44.14539751334002,12.374261677494735,2.3121069478654968,0.44758646801317203,1.9548073111802224
6,2,28.76791881996921,11.45368491614899,1.2389585764926718,0.28905386325768534,1.5337505983440294
6,3,27.882712627569763,12.089514449525025,1.7046787130372971,0.22359889669155653,1.4836727284152005
6,4,51.222502495497736,15.416017707108132,1.8364194041355437,0.2706755897597357,1.6039660511914584
6,5,46.09489265902042,11.897700952814326,3.023163213827821,0.5631137107896582,2.263913543325335
6,6,74.18477312769727,29.338176058507866,2.959987709034583,0.4447694758013716,2.0441536911313265
6,7,56.59953473711275,12.455255206291032,3.083888672126395,0.4474907027769923,2.0406321320766936
6,8,44.46948369192572,6.546492346031065,3.9143765278139857,0.6221677452424514,2.490449058055831
6,9,39.27002405647572,7.348898729013961,4.352116842436195,0.7940651877480729,3.035194941929536
6,10,49.4268989931962,9.85467235487256,3.3574957419647644,0.6816902540214089,2.631737795455556
6,11,36.43847242538066,7.438562708366991,4.680890607360359,0.7835040101324946,3.0123833156935724
6,12,34.881340145577845,10.073161512703726,4.340627098206939,0.5078292991610338,2.16876443869232
6,13,40.569188049938404,12.532810840075186,5.626521877927213,0.8270765543741136,3.2658349292339217
6,14,45.785440562036904,10.165320215710278,4.560847712325688,0.8057253401748463,3.1652802995671574
6,15,41.520324955402444,11.548385058687142,3.6823086657430206,0.7588387777720129,2.8457466341882602
6,16,37.36305231370919,5.127081077916278,3.5257747641838346,0.7136564813188198,2.697998148468063
6,17,47.55108068533172,11.31600570661043,4.088742170430945,0.6951302696869979,2.7426792962616044
6,18,47.68963156999215,10.483037912061388,2.869356588680898,0.6591768723530307,2.424223027848969
6,19,27.932186763949325,6.761515056875887,2.4985191322723894,0.40424202850355506,1.8567010196668245
6,20,46.758246096580095,8.041864517787692,2.230170972798863,0.33531624508507996,1.7294044833344893
6,21,49.472340229426095,13.289640938456891,2.2198611502342267,0.32324041717613694,1.7377209209469504
6,22,48.15198285289194,9.663993396400917,2.6740316874456243,0.48080673251131323,2.038254301330579
6,23,33.48054650933388,7.121191447009418,2.200979995724527,0.2774887536032802,1.6173657894640636
6,24,34.99688732461934,13.227871825184675,2.1483109103482567,0.3814197942378592,1.8004644570029262
6,25,29.63071083151921,12.65661978229432,1.876771678872275,0.4147183584683112,1.8482525142250361
6,26,41.12242542056123,8.910627412282466,2.511487370646217,0.4385459308596249,1.9412715637681643
6,27,49.380667418011896,24.123420548199192,2.1478600489241946,0.4378621322092031,1.8583995608227275
6,28,46.567239303531835,14.017913321215088,2.8239003983743,0.5384220602753871,2.159195313636535
6,29,23.1316872206703,4.837770062449115,2.2768784524162413,0.5029417199565813,2.0078223675568423
6,30,40.80313717918233,12.48367841025607,3.336544041969421,0.74818195137295,2.747259456572602
6,31,41.94348707053737,5.370871061646436,2.211284725019149,0.5436055635979695,2.0989647645270924
7,0,23.441265676366484,4.274701722132697,5.738230270349411,1.0443634529073913,3.756499024721517
7,1,58.34026007165091,30.290559494497057,1.9399666556379502,0.3753631647009721,1.7886512284498257
7,2,25.50317423907501,9.498260775197679,1.0270193194467987,0.18749730250513874,1.387022860585545
7,3,27.307695602032346,9.173677086777676,1.7239452985571164,0.22664885402327695,1.5003056494922618
7,4,25.284658249806583,3.1637370325188154,1.9426464664693635,0.28015079559295897,1.626423445288061
7,5,36.154541574324675,5.500560325533488,2.5024009880441405,0.4854182632690902,2.0324747371547307
7,6,29.9914151455856,3.9435173177216427,3.271888254597454,0.49469411158717547,2.166204472510838
7,7,33.144722530145486,2.7340257501114165,3.3173638461235284,0.47147788263298773,2.0985813539411198
7,8,19.474819987163883,0.10544789821060374,3.885283002497377,0.6503387372026497,2.5477592405680967
7,9,30.844540685666846,5.118450168604956,4.199124892830312,0.738303687882345,2.858218349238618
7,10,36.02507899998456,6.546539615633798,3.6085932714523263,0.7190024005678985,2.781711425341754
7,11,32.012710034585204,7.769217985538883,4.730500923793138,0.7100136418008889,2.8216430477423384
7,12,33.75804911927919,6.835293138251869,4.4916742388278,0.5152390268463432,2.18986541704767
7,13,39.53889301335306,9.933359034902004,5.707394649638182,0.8622253715413901,3.4517575472446795
7,14,55.50594714189721,16.805731232042437,4.63593897271753,0.899972980775197,3.5231268463834726
7,15,40.438451772694606,14.375184415112958,3.586762665589472,0.7975452350454044,2.9805535061972734
7,16,45.496836975441994,8.955582020497387,3.863325069594075,0.7501108504755631,2.8864872370311776
7,17,45.83629578240409,12.407840846449876,3.873908902289627,0.8660302988021487,3.186450234765099
7,18,36.28677711216504,9.474674531010548,3.228945124363076,0.6531581504799675,2.481940970834206
7,19,29.593564056689353,8.149795954477714,2.473683407804609,0.4479782021792684,1.9132954005932128
7,20,41.26669460692063,11.243387904472531,2.454436165938074,0.438121914097481,1.9375345687498373
7,21,61.905445771561986,25.073304520955755,2.939228577597221,0.5435040454507081,2.2701275636732303
7,22,53.05238964911251,21.017733693222702,3.222165989237004,0.5746032841272815,2.32451691219764
7,23,47.401742208795994,21.6793636236388,2.5025810410901985,0.4767804028864213,1.9940199812178783
7,24,34.5141568897383,9.809805120657765,2.007377473579299,0.32926414671790516,1.7023862623866801
7,25,25.30944170306087,6.3825527190185944,1.6456994274582615,0.4381512551710507,1.8498810585033447
7,26,36.47090632711816,7.982321579559821,2.2703941970985486,0.5510137021136856,2.096310166993558
7,27,22.250511616986206,3.452108951258868,1.8986643248608956,0.405555897245093,1.7786246695123311
7,28,43.98664773613032,11.420014719458164,2.6178958694381107,0.5120753434882674,2.075482770204219
7,29,15.004150985389659,1.5744788429596934,1.9618749298206675,0.46034288690474057,1.8708583272822072
7,30,28.259592182445957,2.8623730091065545,2.858936823534346,0.644998933433313,2.412982146445899
7,31,63.59592405887932,22.82865817699966,2.1326832600285233,0.4843272120593918,1.9915740769345716
8,0,26.86559051252928,5.664521118830878,5.886932991669417,0.9971218374732373,3.5655795093037725
8,1,45.65891765435077,17.083604715724228,1.8105337390216056,0.409074145606672,1.8238960157741395
8,2,13.058520548201965,3.2959019121338673,1.0924678615078334,0.17120149484702818,1.3647930780061897
8,3,23.707076178340007,4.739575500355182,1.4920499439385622,0.19631343606824503,1.423449194337288
8,4,25.134254766128993,4.656434055355951,2.0758899283166405,0.28789568624065653,1.6334711338644023
8,5,24.409693956111184,2.097625535311591,2.436431203895469,0.44932514942226254,1.9268598843724485
8,6,47.29342622431571,11.905930388316806,2.985733401420226,0.41588195999087807,1.9567714433437597
8,7,46.3995091813828,8.427291579338082,2.87655894793107,0.44566449216390147,1.9860119887673149
8,8,30.793131827762345,2.9230282225665354,3.6740386916349603,0.6247973176894766,2.487965739959442
8,9,34.14367920643987,4.690378639892396,4.346075342116405,0.799146651896466,3.07573901559929
8,10,32.270975496039945,5.153673803745093,3.5700358102754706,0.7149163364305657,2.758874737444839
8,11,33.114494201308474,9.519170127222363,4.942963673689065,0.8272432724498282,3.227739877688366
8,12,37.504688354825326,13.620316104207536,4.427500759815636,0.5533942849301043,2.302888151355785
8,13,46.06318143582021,13.323439412417855,5.708143569558116,0.8499076539667172,3.4072904641224806
8,14,35.984152361846256,4.536826276332602,4.800420093815895,0.8321965814249914,3.2976032256492434
8,15,61.645499853558846,26.225281950230993,3.6055351328418466,0.894207242021583,3.220722933234305
8,16,63.630993142637,19.65257809676384,3.593077012873092,0.9096175755785563,3.276931340111485
8,17,67.80191700827264,26.77592535258318,3.735676789660753,0.9370622964299655,3.417487718383209
8,18,46.377932128078825,16.276872062809737,2.7062425627901314,0.6071102356864682,2.292493027893517
8,19,44.49624739835322,20.320375037292195,2.479016292141977,0.47256744294528064,1.995405433442096
8,20,52.54464057193091,15.418068942389425,2.71594019940138,0.7131627155139104,2.5382603936181227
8,21,77.861926721284,37.34145839055645,2.587265887199466,0.5157110824793647,2.1750075946106775
8,22,91.12698764230127,51.99205196125535,2.664434433209618,0.6936944431775629,2.487875011406689
8,23,66.57447488365965,32.10318069200899,2.1520370148709596,0.42712565720134377,1.9067269162988807
8,24,76.80963834230639,47.2034434701496,2.3201269761183,0.6203761753191843,2.283750972461387
8,25,30.642614508482943,11.432016862828311,1.7238392564482843,0.5988834276882673,2.1474772896264813
8,26,66.89849737902836,32.734240188330645,2.9136135747007916,0.6639794560048555,2.4669483694374166
8,27,39.67833242196708,15.637668277090773,2.128502514924555,0.5725494327359648,2.091858896017839
8,28,51.536723396943856,20.85830699706481,2.6980585423091035,0.5554047310300314,2.26218055188278
8,29,30.887700313380076,11.46786858951299,2.0809086754575414,0.5449015310027221,2.10927294526484
8,30,43.70034833498955,19.185872686010782,3.193247196813859,0.6713852496863906,2.5875507444074137
8,31,69.483868565586,24.15834264500879,2.112470981535333,0.5754792541486982,2.1892521225264003
9,0,65.31485540265282,33.74322169567244,5.677079417846011,1.1666463179498159,4.432392971052115
9,1,79.9131681658377,47.16883179836269,2.5545683097927236,0.49927256709339574,2.108278945353649
9,2,26.676636129150825,13.038779091445637,1.3232361823090213,0.25195737524159245,1.5165426518436702
9,3,44.725223983325485,25.82239089973261,1.859863451184601,0.34986147952494706,1.72984234184794
9,4,62.11065670076857,30.335484741928298,2.4157639897254146,0.389917111478594,1.8979863451380827
9,5,56.326395851985495,17.77632112616184,2.94050328587837,0.6577545739955988,2.420969182675666
9,6,105.72532610945503,56.2141828171613,3.805696238265769,0.6700287184959297,2.6367258426823894
9,7,84.10120645240421,33.58558573902139,3.764966097847995,0.5997150919478358,2.461535553551724
9,8,74.02852409398831,27.750617392837984,4.485660463426592,0.8538255712828757,3.229055768081695
9,9,62.70394991057895,24.716989298524947,4.221097306686261,0.9271334909751268,3.497402285361293
9,10,63.29985707294115,23.780705167985083,3.7280153593268404,0.8612955209361237,3.201592346846864
9,11,47.00481232132023,13.82259237175412,4.819339099570679,0.6987911829095621,2.8281230555503636
9,12,50.47566942306272,19.79622589019656,4.581391872767329,0.5948566822138215,2.484721791630116
9,13,46.31974728816663,13.058855968850628,5.580020358934339,0.8129045871917562,3.304362949508723
9,14,48.24146444304817,12.635662019227972,5.031817060609929,0.7913557809985221,3.2364326789778906
9,15,53.25501728707383,19.037564412473767,3.9771838992123048,1.057711870110694,3.7979063467409513
9,16,70.96816895355465,26.831363446032526,3.7626173553019218,0.9629361979087356,3.4077003865618334
9,17,77.94842306570402,30.685636425477544,4.288938178502891,1.0469020634052377,3.755685893357265
9,18,52.81225953683428,20.707797598215713,2.8360972686118155,0.5627020592477638,2.2114324148244897
9,19,46.13944149354582,17.385867954482357,2.792631981367453,0.497701839615325,2.08588810238474
9,20,60.177362750971994,24.816978690977553,3.303284031272548,0.6277778360254929,2.4703129006733806
9,21,55.48081546891062,22.9992600167756,3.1183280718280666,0.5233532652739519,2.2946146398662775
9,22,62.991236748694654,23.223951362701193,2.9207863133934158,0.6811735722635421,2.459163269911973
9,23,54.785491149246035,24.301764065559077,2.6258668309628854,0.4382807253808605,1.97165299579884
9,24,65.74535626834673,38.02402628467946,2.2776766197713503,0.5639086676390046,2.163084990348395
9,25,43.477223942920105,20.119153472226245,2.075314080573054,0.5444951455160494,2.1404604473928064
9,26,59.06176473214519,24.75084338866568,3.043967534497824,0.765634727486761,2.795111351820495
9,27,47.42881735340202,21.101107129760564,2.555079580758138,0.642888698250879,2.334417124730922
9,28,56.79247724319453,20.094169426144138,3.3101425832776314,0.7726502588782855,2.8482029814400915
9,29,43.7519472379632,20.526234263272663,2.4283005912969235,0.694040663458074,2.3849343944140435
9,30,52.559983085018494,22.482785033019702,3.8651866250486195,0.8903727102881209,3.2337139807608715
9,31,76.331309657802,29.9052020535536,2.4856545465319333,0.6148118575437378,2.3463684495506274
10,0,72.57032391376097,39.6510426689095,5.225931334479863,1.0407199047092428,3.5791447444643367
10,1,60.89361004035264,29.606955099640018,2.2678447740254257,0.5004509343901762,2.0525236362771566
10,2,29.524949050821817,14.11121480992304,0.9772730311137292,0.18254178801260013,1.3766907233141843
10,3,50.0736297677569,30.85807064736411,1.428358894925549,0.28807922435118494,1.5328707758064273
10,4,65.21027774035352,31.738989358069105,2.5270299239464533,0.45905197811155984,1.958446732250502
10,5,59.18121077024823,21.252094381534032,2.932835795542431,0.6746414261261386,2.4720001593857077
10,6,97.3403952286759,44.43869082836183,2.681569026965118,0.3897820672806027,1.89050337993001
10,7,62.886881894895275,18.134369546853826,3.713852301795696,0.6236065228388581,2.421344851240761
10,8,76.31760032850686,31.271273501968892,4.0113964194424305,0.801397349951964,2.8410153450888713
10,9,65.59564416042002,28.670933550692787,4.198204611917219,0.770574357413703,2.992976012708203
10,10,52.57940294699955,16.547057430453513,3.53421576100476,0.6703217026109991,2.6158638345733953
10,11,54.68943278332874,21.740156110791105,4.493138191791933,0.7416184742748984,2.8513514773058866
10,12,57.44335321062451,25.42001383846079,4.225218910794357,0.5038057442639463,2.1583820981063337
10,13,86.07440896215391,45.99647852537238,5.2988263393765385,0.957301337872206,3.6399532459357564
10,14,55.093353005500205,11.665585081388883,4.950984272439242,1.0024018359345535,3.801604353399849
10,15,47.55395587723089,13.56019197500325,3.6217021616063043,0.8714850207680414,3.167619267142274
10,16,42.5685843820348,10.233914534691445,3.7625716729432055,0.9913513801900189,3.425822479476699
10,17,76.513416896973,28.16203325030254,3.389420207087079,0.9243695472156861,3.18434688430739
10,18,58.625169396953,26.560595234816372,1.752338920772723,0.3516388825756751,1.6495998620829535
10,19,44.549862015875405,20.822103553329384,2.392319943007994,0.4625625328716989,1.965395500880413
10,20,42.882641291356535,11.702956375262396,2.8225127379606096,0.640307744002405,2.3786111803933783
10,21,57.80187253202926,20.170614139896422,2.0115173461872566,0.39665834482196205,1.8546327396897844
10,22,47.82539626548028,16.974325321440915,2.019538987511225,0.4553043550798641,1.869688965526601
10,23,40.136443884593724,14.6461039274053,1.7803968498521994,0.27921137623166725,1.592864304652814
10,24,54.05668571617572,28.92142762958487,1.649115829358252,0.45524473986910285,1.855525099141497
10,25,55.82901766571507,34.090001617151565,1.5295025338405406,0.37280307886190567,1.7573851142695036
10,26,30.637521229293,4.892596403034231,2.7487845861261797,0.5564874067690018,2.245988127613943
10,27,33.95760349300859,12.398161702187604,2.0084300182512322,0.4750943543847348,1.9673234148959122
10,28,64.58754817765018,30.533386209305263,2.552755488677457,0.6512141076826348,2.4088094045599604
10,29,37.25597522583292,18.709494756831404,2.5258169322309145,0.5493977486653723,2.16752087891144
10,30,50.064875939915865,23.015136436808774,4.142565591604182,0.7779751580564511,3.0143213138749205
10,31,69.44257041146427,28.72830940872975,2.4815419655779927,0.694691967842977,2.5216511076505403
11,0,77.23029405457591,41.68114859533483,5.742578977422459,1.3468609172819175,5.031929465136506
11,1,28.8305655177832,7.726045770253888,2.1799789533587943,0.3931591051457137,1.8134566564695211
11,2,22.119842696767563,8.951889297144163,1.1729576223723166,0.20049654056939348,1.4009410013341397
11,3,30.939609268152516,13.644108403916809,1.7165539868183104,0.2759217660046893,1.5670645969248131
11,4,50.75925923991208,20.769006314385287,2.6279746919003735,0.37672323167305066,1.8476114881963184
11,5,51.75459006250293,16.58752818387987,3.118994077932372,0.6058004165078077,2.352152196849395
11,6,50.72372683761279,13.400538755099813,3.1990460454737426,0.47684100744992497,2.120032998075152
11,7,43.198750057681266,5.099967845194687,4.146312447938648,0.6437925082044114,2.5696135509414066
11,8,45.34279832407364,9.106941231141743,4.4314573711427006,0.7926937993236969,2.9670636533307215
11,9,45.437122870804686,12.090697810570614,4.62695508217742,0.8837317476089082,3.2690693013910215
11,10,63.5060211948318,24.826052363838027,4.571448882839564,0.870087435896175,3.2703276757724233
11,11,56.085729208248594,21.52071584920901,5.337623301110176,0.8742305831398589,3.301760883931965
11,12,49.94976380789197,19.76730033625823,4.749596846553626,0.6465086847126518,2.615642877057184
11,13,53.68833885405183,15.458563348496948,6.090941504011292,0.8462177379152145,3.4026892725884563
11,14,50.21163517829545,15.389689320281061,5.402363497493374,1.041319483214032,3.9819648170960917
11,15,51.86357411493285,17.00139694198969,4.223245524968132,0.8929253704617288,3.293415240034757
11,16,53.145582278935535,15.16660608841995,3.6477984832997667,0.8878870258636584,3.093014336829034
11,17,81.7758837693863,31.666745330088947,3.7289833448041207,1.0590445736805547,3.451859901494303
11,18,72.60826774197224,30.718138630121793,3.652054211839925,0.6766650856525738,2.491319014008396
11,19,53.41289896398226,26.555828844675762,2.96992189198383,0.6966149838942175,2.4255784747450218
11,20,47.9687792877372,16.908481307185056,3.3008552508372677,0.7668939330259423,2.722215036639437
11,21,82.32957653361734,38.43533758546137,3.0675395569724744,0.7021964374069651,2.61125298682607
11,22,77.82078698327453,36.45573892087687,3.2735013998333624,0.8593173116431974,2.974540427485829
11,23,53.11412340190732,26.357289691844244,2.2686589725474433,0.47431917300688564,1.9479059914173986
11,24,62.50362163927841,33.16644194648728,1.8629762979471942,0.4846617011749732,1.9370348388529361
11,25,61.47715693490528,37.79626430420599,1.7605796163200798,0.5853393757637009,2.1263618871604497
11,26,66.49940344037844,31.944972161314947,2.792583625852326,0.8212435383936794,2.796747730949457
11,27,60.49017027136028,34.29967520253132,2.5723859655757177,0.7007887636849688,2.4879123600021478
11,28,61.27261304256503,30.531986569040143,2.9932816895358423,0.6691945140984572,2.4603215935551273
11,29,43.89136945479906,21.497555317353527,2.039825364879547,0.5370266566208746,2.0107281283438803
11,30,63.010493008194075,34.205209890855286,3.5298336046158076,0.8897925715626109,3.1298942905329343
11,31,71.33358586493773,33.746434308582764,2.3533842681058688,0.6174378269345229,2.3066847437387676
12,0,72.6691461339455,33.231579046174545,5.889979321582198,0.9240148453828434,3.384529190259102
12,1,44.273015231765434,20.88514837137592,2.036313923205532,0.4418226092756514,1.8667978207345208
12,2,36.68504273319892,20.374318541180013,1.537811625816322,0.3601695686803952,1.6920191323509441
12,3,36.064367736048965,16.323661314635554,2.286278657150902,0.2909022732954094,1.6202677499507505
12,4,39.779610487198326,12.998582789332067,2.2874105682393093,0.5587426414255052,2.0528575794022856
12,5,55.47543372458451,18.591921221683524,3.1578526227358146,0.8673361707388634,2.8755000546780725
12,6,58.161751704409994,20.691683497823046,3.3713825859635422,0.879751285667651,2.901763686251989
12,7,45.10363366303787,7.874560429412855,4.1517771595136175,0.7287832588062644,2.808019192604238
12,8,62.92247708628517,21.657062558095028,4.506011048702687,1.1080870096283562,3.84630078629878
12,9,87.19074531351444,44.8098575140518,4.637949962047317,1.2921515750204158,4.7127678828899695
12,10,64.85836572109167,32.211719713235354,4.159264606259045,1.1998925733893824,4.347775350451919
12,11,54.716298591181896,23.752525191237318,4.748920952698859,1.161546992523978,4.342211443955263
12,12,62.570628696904905,29.54664174582253,4.924806189565638,0.6159353042208995,2.523332106106048
12,13,80.84086505934302,42.447860273605784,5.377418407832191,1.0082030670483801,3.957847309413354
12,14,79.17625897154792,35.81642486847774,4.704891734798238,1.224560962955282,4.503104180314452
12,15,60.09855546257272,25.307787817832306,3.4816127058389146,0.9773420936659836,3.3429897141511815
12,16,60.307130106128426,20.616107680003243,3.144752025339069,0.8256578451333638,2.950806384964785
12,17,81.55189974143696,35.55825684856097,2.832033121938685,0.6354895997677481,2.373439900605045
12,18,63.04107122799506,29.510823536990067,1.777509823925664,0.4409416600406937,1.8162745896571821
12,19,40.74982137896801,14.607686291196858,2.012193582280003,0.4824677648508233,1.9169620854500786
12,20,48.13175327951103,14.479985946852482,2.572369209466494,0.5918066102866888,2.2660075923241814
12,21,80.18242082474475,39.40449316384895,1.7673565589952918,0.437709743305148,1.8649283770213776
12,22,69.34215474684393,27.23795517207111,1.6423338987814278,0.23171493111312236,1.5098561551383265
12,23,49.19311820589225,15.949807659080204,1.1043466229926935,0.11825370651291456,1.2583701303292618
12,24,35.218815227441006,12.105218116224549,0.9562089357710917,0.15001670774732756,1.3120531287948332
12,25,61.16356348160257,33.42033328692118,1.1772230775952925,0.3230684037372218,1.6032178818744867
12,26,86.58355072008251,48.691247021201114,1.761115833798025,0.45973175765212604,1.8609093134880068
12,27,73.63326015668798,43.982545795738446,1.4724685907875554,0.4245132165845422,1.7449789295877063
12,28,100.23262839201051,63.13931553377843,1.8451958061427127,0.30181549196447777,1.6220690113538105
12,29,79.98082454997085,56.37179948945635,1.6467569809968272,0.4199971568903753,1.7614280068841044
12,30,115.93018892254445,77.28920834158166,2.618516853810134,0.46633417537796706,1.9894011831276817
12,31,104.83698550343972,58.05483938266961,1.8943750199711642,0.467861479447947,1.9271144635645339
13,0,39.15225419265908,6.773944577568397,5.464835443609282,0.9513810736752593,3.2858396102961853
13,1,40.3328083251787,16.577071159735986,1.5960486150947224,0.34279424571365613,1.6666663629087217
13,2,22.969234946421345,7.027059735159959,1.1015105137267756,0.2671613635007861,1.4915447388867837
13,3,32.4297529659828,12.518336813979483,1.6841580358361257,0.24456032048066545,1.4992992607624624
13,4,36.4038307112447,9.550904960499311,2.1467074189257103,0.44898976186685857,1.880210985012501
13,5,78.24697521559031,39.05660597459889,1.8665506201447342,0.527209140823836,1.9894987061214535
13,6,92.95740567207184,37.74115111869147,2.4285944080990087,0.5453662814470119,2.1270126319306897
13,7,93.4242356946996,40.585743577830954,3.0564468629227473,0.5317159748732525,2.180410173399601
13,8,60.37749410652316,18.881649449927007,3.7992825681732407,1.0245146620899952,3.493141501088425
13,9,108.43053341917397,62.69222905659773,4.085623623814635,0.9788695958510969,3.572837964700681
13,10,65.04380387090845,25.452037642893067,3.5837926713777772,1.0942650269903798,3.8649684752960853
13,11,75.34388287233779,38.303633743922305,4.793248261151506,0.899881886155697,3.3954433788850538
13,12,84.76209031868386,46.02930995451412,4.319714870496682,0.5588337794286682,2.323970442906327
13,13,71.30136955403863,28.751355628651673,4.708349125934715,1.0748123044551132,3.9910653358053017
13,14,71.34976402455212,29.834926035814178,4.19936507582953,1.0578114608253353,3.921891787708166
13,15,50.38803783938105,19.00880185282029,3.7368153052937303,0.9810601821504199,3.4791018065136488
13,16,70.49293282855679,32.7958111826176,3.2103370619177736,0.9981093547882147,3.4794357492510803
13,17,59.72442217632923,19.951352190379914,3.57822149527605,0.7361543263919583,2.750289731501597
13,18,81.6525481412491,44.0944082800367,2.5082661971356384,0.6531798051033206,2.3675165984584585
13,19,45.033662658721056,21.141452092897694,2.6141700683433773,0.6423992140457044,2.3308681168433
13,20,57.4185955023235,22.81972112908094,3.2037461117043318,0.90348713222253,3.131732585483618
13,21,53.93043809954373,14.649778998104685,2.5629496439676567,0.6551594553892715,2.419688211139307
13,22,45.073547181752986,10.875041051691994,2.5417884421515984,0.470799283037453,2.0335979748517596
13,23,33.810801483886536,11.484712944546343,1.80190598952953,0.2966068137041602,1.6086662403295664
13,24,31.94570143466908,8.918029029723751,1.5744033510574218,0.34731625238488273,1.6739091280246108
13,25,44.65231285886091,23.5401911115757,1.3157915327039342,0.30493917798285786,1.6092821661010968
13,26,48.61136961426379,20.697682479904742,2.1386700474994926,0.5110716119924659,2.0487160930525437
13,27,40.019253022586945,14.711239936706301,2.2137744163222237,0.5937506270687951,2.1374123168679207
13,28,77.99958500022232,41.112252282300915,2.554458038557026,0.43109668726832995,1.938737225808955
13,29,62.959313323752006,36.797528680714564,2.001603801801962,0.4085801910042903,1.8011795523262273
13,30,86.08097232594282,47.61508735585485,3.1551298608961345,0.6927206028827659,2.542222405012272
13,31,126.26608681597605,70.52345499502039,2.435085203322318,0.6251327917790208,2.2863599870404627
14,0,54.99924747387854,17.259730640984603,5.808352855547835,1.0413460547220037,3.7362948315830056
14,1,51.32481948042754,25.78553297836737,1.9033039362254147,0.35341409860493656,1.7234055589640223
14,2,31.464781068984948,20.14062778812488,1.055992396244636,0.34284947749668016,1.5915036282106145
14,3,21.85947565976494,5.68722750681653,1.1661035737542733,0.1691636731313495,1.3522963878692889
14,4,28.951216743428134,7.426988060528837,2.1799219456664733,0.4108887883625272,1.830259749133373
14,5,39.98655838393459,7.753701799006977,2.2041155958354217,0.47838198442493596,1.9929506019617502
14,6,58.08193373541383,19.547255935543877,2.8683555020107345,0.47703508949214957,2.088205917256861
14,7,78.84240130537789,31.97014892943496,3.7713406002945113,0.6924432629423674,2.632736805343849
14,8,60.29229036350934,15.357763001639064,4.110722439517151,0.968741177861979,3.421566895551595
14,9,75.56468002657468,34.09479083019367,4.298369747050126,0.8742530144501206,3.2842106422597395
14,10,69.43541626489508,29.70588463486152,4.336303474724456,0.957760291465716,3.6453333789787576
14,11,67.35765160656854,31.126441554951057,4.849770855014711,0.9436830675575987,3.526005872327313
14,12,62.39442617484133,26.982992231767195,3.6742477764419825,0.5864792475304221,2.3602053719968006
14,13,55.31392736726323,13.136750773793544,5.098106618324574,0.8785369346254184,3.4688058016931698
14,14,43.53610866428079,7.025805735925387,4.351826210854166,0.9574869524412657,3.579853611370884
14,15,51.135277746168455,17.796196571957825,3.5702370733583533,0.902306620243333,3.3118040224287832
14,16,59.89493280312438,24.550588624349537,3.2884931198250493,0.906959819487251,3.201330785034485
14,17,42.437607115730486,8.391543762703947,3.3015776530394563,0.735599418419306,2.731869872971735
14,18,40.64697768423959,8.529510744172972,2.924768294151001,0.5506280485448953,2.2208893747606484
14,19,33.50278722027697,9.2986821170203,2.7051978771484375,0.6861567102465371,2.4060332843708125
14,20,54.943448529174844,24.163683259857176,3.123188625558958,0.8536003380452422,2.932405692545629
14,21,46.64051549154087,12.807187610238412,2.584959380333543,0.6130349857310131,2.3518994007519294
14,22,44.26233194657694,11.762319368070425,2.830263678688632,0.6086466415782223,2.335333191739724
14,23,31.74247614602684,12.93946232914216,1.7728050436380376,0.389302729846023,1.7282533751780051
14,24,17.497491906457256,0.2905849318491132,1.5615577851163036,0.3903931299496217,1.7254056735974952
14,25,23.099226941177328,9.260129115616461,1.1527689839710211,0.2742722677364986,1.5341987487764477
14,26,28.135613991940797,3.575463824248124,1.9212126049367226,0.53801702249124,2.0186603054654872
14,27,23.82237000729021,5.735570900362047,2.1072015329007705,0.5948159843097969,2.123250778703099
14,28,43.06555256448678,12.809860160531189,2.270175956093203,0.5369519989884157,2.079812825747931
14,29,25.911423592006606,8.721466993076726,1.6538067244580386,0.4423720764129755,1.8271874332452147
14,30,36.378832139680355,8.052805359521674,2.7760307971367215,0.6863049052057173,2.4756537453667873
14,31,79.5136878449512,29.119170878689598,2.281705948148809,0.4986276684563311,2.0681292628266505
15,0,45.91984970979341,16.821961657580488,5.955660394469179,0.8695584587139429,3.196782139123369
15,1,54.7398408925798,30.166453554549307,1.7217465534458107,0.40984275699716455,1.770503938305883
15,2,45.388998311874445,30.98675956019015,1.0754506021262182,0.28984597199127826,1.5542045539501292
15,3,26.498071785896492,9.15296120067694,1.4252090681701652,0.1834555358291765,1.3890961681220058
15,4,51.35623753341794,22.541664875321253,1.346325760597602,0.3252119697427107,1.5861522982911769
15,5,59.01766550342516,20.70090588007853,2.182345768077739,0.5450647713208334,2.120786374902625
15,6,65.10327321210117,20.89963411735041,2.0097494954644732,0.3525643344429885,1.7553367191659814
15,7,69.98653531397406,25.779187479064703,2.803026580490746,0.5874740301166042,2.2578524349122424
15,8,62.40165048421114,19.099585787159178,3.628510634159867,0.9307490325351733,3.2362415820601207
15,9,44.25797410177945,11.739175624177241,4.4110560401937455,0.798475699161755,3.144071950187297
15,10,46.97264241992005,10.156821213481635,3.526420753112421,1.0704204305741305,3.7627637402349103
15,11,53.16510595843454,16.384184111609745,4.443738559471273,0.7896360834566316,3.086323392346797
15,12,59.250925703031946,25.513640488734822,3.502133153789939,0.5972967523855677,2.3510755383409183
15,13,68.32408263713577,24.31404641211744,4.117350459251822,0.7096184333924116,2.7923095158982636
15,14,66.21257688703719,26.71040299757355,4.282327309605135,0.9098040894458554,3.3060437045453184
15,15,54.642437482215755,20.06022720655335,3.4931416426889346,0.9186205605194164,3.1830114905116247
15,16,49.97041939187892,18.292947728731082,3.0618202532984835,1.1318161794233284,3.796779079379489
15,17,48.9020553494653,10.443340353808578,2.792615508648754,0.7762822291457887,2.7171878917100836
15,18,56.77959729574658,21.446703131522064,2.3802894039800213,0.4593080585861573,1.9766866564951457
15,19,30.2274943964446,8.21873311361163,2.2932540996542357,0.621809935790469,2.2530728489675735
15,20,66.02454546027926,30.47334364431812,2.5475424147438597,0.7182282708936722,2.5130318711447988
15,21,60.75625625637545,22.664460108537682,1.8151977857067836,0.5435334651142241,2.03497902020537
15,22,65.34174314242287,22.643931351776164,1.7290277218791714,0.28913865924985105,1.619598319909906
15,23,53.561720366594976,25.683010326601796,1.249566061072862,0.3118259207289982,1.5639224722493188
15,24,41.262529283516926,15.744967852675558,1.2870788715789745,0.2820372788775687,1.5429300445388296
15,25,29.033056198402633,9.492231803494796,1.0522463855372945,0.2736141116898403,1.5198229933168863
15,26,57.90708510742869,23.06266009256491,1.889053531260335,0.5046292340708729,1.9744395455363706
15,27,37.85692124351024,14.776939628784248,2.0562340339647065,0.6493020854937637,2.233975120121857
15,28,59.89045882104695,24.99687198779897,2.100476319303042,0.46378617759280916,1.9710983444740708
15,29,38.474099125339855,18.20415065887206,1.5807416499854159,0.511109332742079,1.9151429723155353
15,30,63.780489334321096,28.261955597840473,2.325750709221425,0.6256789694457332,2.3147208292081016
15,31,86.00774112122542,36.25286018285974,2.0502168407062253,0.5129683957330844,2.0745509555212958
16,0,53.118104329466874,15.725030656773898,5.499856979554529,0.9895179420288418,3.401321508618265
16,1,49.50647175689735,23.630835332565486,1.4405611098000701,0.37618337258506296,1.6942353731830742
16,2,23.28895308735993,13.155980738089175,0.911521705193131,0.28553432772741805,1.4859152955442863
16,3,49.74273588880217,30.156020829644362,1.968158930318096,0.3062096119909634,1.6513633388622304
16,4,68.82483351332617,34.09013213614169,2.339220209330032,0.4521253105442189,1.9494141899754243
16,5,59.292031002003576,19.57072729583811,2.7470749368957703,0.6214068388691212,2.393104466680583
16,6,97.54814471622771,42.441891921655994,3.4141030745745837,0.6058406119873645,2.476508110867466
16,7,126.15725678032484,73.85842182680716,4.256136473857317,0.9682410123969456,3.6498177010318593
16,8,128.885672956093,77.7280711638503,5.592515140072738,1.0563022885677897,4.158312894749128
16,9,105.47597371720097,58.79613415196803,4.968461975437204,1.2385601028552529,4.6691539424767825
16,10,101.77578403607068,61.92331784781588,4.033359351557863,1.079325079427215,3.9040474066942816
16,11,72.66381079483345,30.214292262164026,5.203527882026753,0.9333219152650178,3.713323980944662
16,12,101.93753795186069,61.816759246747864,4.8532032677334875,0.7176983241536705,2.88986940035749
16,13,107.57179963513607,58.05756530811971,5.599565725189317,0.9900718512435374,3.9458010950389086
16,14,101.18324627686448,53.20789513647075,5.097587922619736,1.083940751696355,4.190292760851822
16,15,87.4525230037187,46.513533235760015,3.874928893743716,1.054066469262521,3.612681087809665
16,16,90.40999700539251,47.67561533590312,3.874319723463125,0.8112517099399179,2.9237974597707352
16,17,82.24136757391459,39.087783744682895,4.075561060102956,1.0764953291674013,3.62456256833075
16,18,58.990775692948475,27.478042204051558,3.049021067019707,0.599640125800307,2.2340777654242174
16,19,56.33230050260957,27.278364717416807,1.8290871003992695,0.5247151673892596,1.9335026174753749
16,20,59.04195694794384,22.329337673600612,2.492266682825967,0.5832630869563156,2.1801123567363847
16,21,82.00636423456962,38.66568519231263,2.3093457375065687,0.6334602468861719,2.3332064824534147
16,22,67.82258453054962,30.937006207414974,2.9584948631402055,0.8183084085398535,2.805653275655844
16,23,60.554559748311824,31.89692431440117,1.9288559750250052,0.6051803361248833,2.078037129140776
16,24,40.55535049207418,19.564495073483513,2.2770432179043896,0.6000751875609107,2.2031946528112116
16,25,45.72405839064071,22.14460302342432,1.407633052628415,0.6735191451188656,2.1729849248425053
16,26,48.38476261353222,15.26272467235921,2.2997522563583903,0.5628087111757787,2.1958045958474073
16,27,40.32496632493715,16.182082291129657,2.6916424794389053,0.8999095110736581,2.813435848695584
16,28,94.72955326996318,56.5634184528282,2.7241528786694094,0.8581388512215016,2.9472260069113236
16,29,115.03691619157544,84.23815943995997,1.43068640429575,0.975550241517448,2.63616565667814
16,30,124.62958000029299,82.65608271113236,2.3668874932314607,1.5450599576147575,4.610623097815833
16,31,131.15838207298503,74.3875221084885,1.9691220209328129,1.0887027930766844,3.31902525964001
17,0,28.70335910044419,5.125693459054778,5.568271131277544,0.9410679403690416,3.2662554834612503
17,1,42.479242056343764,24.223455857309485,1.6306269507301572,0.4088948212544117,1.7587165349465879
17,2,13.996741926968939,5.375801549033652,0.9454396996695404,0.23830700961122364,1.4435007281283139
17,3,52.26487660168557,30.830428322932704,2.207203516877299,0.27867574692590624,1.617371738126169
17,4,48.41280875973036,20.00388793128686,2.125103321584047,0.47400729988418755,1.9601378725204137
17,5,44.216176303705936,12.300772972266532,2.2436440890073923,0.5958252782725761,2.2552435907564834
17,6,89.23939673266777,37.27057992167246,2.0135889855001032,0.4056344611920415,1.8849197932786452
17,7,119.88101632931497,64.09781640763165,2.950231090298865,0.6492402151435197,2.45648831839822
17,8,112.95952565037707,58.75041215326592,3.686796765506741,0.9366504763830639,3.3454692494790383
17,9,111.08100764411721,62.55118323098987,4.583817392270241,0.8168163168523499,3.233640564596631
17,10,96.7472692947793,52.87352113112537,3.8296529946405213,1.024264030523887,3.743212104010551
17,11,90.37589320937984,48.01388092446865,4.769776934946579,0.778116544653356,3.0437338147877413
17,12,114.2052034154916,68.00877690246047,3.788937014212575,0.66412676172878,2.5354714319990737
17,13,93.11898243479197,43.01657711354241,4.4834800525210285,0.9952781519883658,3.7051563493568334
17,14,77.17304382493265,27.719011427719437,4.027730545493833,1.0203425779303323,3.721599632316875
17,15,145.96477587374872,101.57513980112014,3.7412444655995074,1.3221921138266115,4.736419758136817
17,16,144.31548776615662,94.44634258900354,3.2082402017156695,1.2511436173245163,4.421699575739776
17,17,109.35806587803984,60.805194141328684,3.007499574330523,1.0157972768581072,3.3978292547339506
17,18,76.47586133164205,38.370263384095864,2.8092602351083835,0.5956932750128594,2.321886492224531
17,19,96.12591150210719,63.883846104153676,2.6734613021405544,0.69286407060468,2.531397453007781
17,20,98.34386940515276,55.84890994226939,2.8145945771566305,1.114283950048459,3.536701860017679
17,21,114.88839509717712,69.96462962262035,2.4131445710763857,0.9225538513125149,2.9198209353899833
17,22,81.6184042578366,37.82410692719421,2.5039552795922635,0.6105853980049902,2.3649881295312656
17,23,96.11323459894199,60.82563236851805,1.7403418609348815,0.5304432483180745,1.9501023850244141
17,24,70.6834114044585,43.1299676338695,1.8613469849746407,0.5745909687209507,2.1063204361220644
17,25,76.94937630808953,49.55669106770935,1.6233918717769964,0.5516596941586671,2.111704357420503
17,26,87.0657174811443,46.695336099991295,2.445260126533644,0.7538331990007796,2.6297632996298965
17,27,72.62558516377018,43.238532342089115,2.1403876641195314,0.7050579064889426,2.3432830361781933
17,28,113.48231793918536,68.41173659239678,2.7573750129030783,0.6936898470001429,2.5549462467211446
17,29,88.92816345277893,57.96785329020326,1.7850581794212939,0.6843691313676679,2.2209479291332794
17,30,126.85765967533922,82.9046689797773,3.0545069232477555,0.9542723518456757,3.261349738455268
17,31,136.39010478039555,77.88506114363942,2.602091576924057,0.6878702076057803,2.534115418023341
18,0,57.71210908603978,20.310612589762385,5.8031215545949575,0.9865816900727546,3.5844249025310555
18,1,114.98750158110573,83.05203668463398,2.288546303670236,0.4730466606167476,2.039350599277133
18,2,60.626403824210584,44.73889058872159,1.418527983882012,0.5961741664424891,2.040991260026893
18,3,60.85180536131837,38.24745850361908,1.5835742009826346,0.2814533612111174,1.581227025344125
18,4,57.07153813059519,26.545424254336943,2.0581796634438576,0.5385032916349464,2.055665710160711
18,5,75.21100545119295,37.15826207403198,2.2015198987670805,0.6132676637381662,2.2550760845377598
18,6,69.68570404104366,22.807801769785463,3.039528074880665,0.5069549210806406,2.1963462137031198
18,7,73.84827711207767,26.64405892003657,3.4592006309772874,0.6440397144343093,2.506617799063156
18,8,60.8943454756711,17.718483903604355,3.676708033184945,1.0743511343249752,3.5766893622773765
18,9,54.4611185952857,13.877604412139279,4.727117840612628,1.0557346450173482,4.000707198076922
18,10,68.05177054303527,26.362981466484683,4.133427482209266,1.1991897149484085,4.3600496294009705
18,11,65.97790646343734,25.523402992515095,4.720378467916685,0.9286106316160234,3.5324500819226743
18,12,63.637123517951345,27.368691804037475,4.053534346245145,0.5391847177727831,2.221217979051794
18,13,44.4173277176132,9.577100663354367,4.91582246857142,1.0045323331450167,3.794695681893987
18,14,34.47175202121431,3.4522869478165834,4.25250357901729,0.9612527362128365,3.5996879225279708
18,15,68.79153811389048,27.744933492164883,3.618948910812814,1.0475653880511286,3.5879857217589577
18,16,71.92848544971143,35.39222664146018,2.9218158024317678,0.9366105862319714,3.188762489138099
18,17,63.88982677487091,18.284894505123624,2.865524260478167,0.6055001949829708,2.3225351303136734
18,18,28.67196482615912,3.7469726324254693,2.6786194902195137,0.5677642470999635,2.214192045842989
18,19,55.566260787333846,28.7042602535787,2.2216526700095827,0.5698023286376173,2.1346737135701597
18,20,60.954194537696914,23.4823290624618,2.5365480263091986,0.706757384697791,2.497541813541715
18,21,69.26732543352097,27.346936003928015,2.528078293178909,0.5513477034658707,2.1991460372965497
18,22,54.049527168487664,18.76070908535413,2.04639898018866,0.4003524882454128,1.8588969437902332
18,23,63.16231299700914,33.96962562927324,1.604579279345696,0.23108176171668715,1.4989085514377871
18,24,74.72278568948164,49.859122174002366,1.276086734738801,0.3407472403677094,1.6162294304412554
18,25,44.18953719983281,21.8907888951205,1.1496338012851077,0.3121113742429875,1.5977263091847964
18,26,66.33921125618316,29.307346837792416,1.8226357675858251,0.38573396058805853,1.7908211076097775
18,27,50.37753259597322,27.000207455726,1.8548525140910677,0.4583717504873732,1.847107740196013
18,28,78.49951278945724,36.039123473078796,2.432980159490235,0.32869658807635105,1.7620139304347289
18,29,42.622199219976146,14.967230080326049,1.8620833356772306,0.4701583399274192,1.891173776478864
18,30,65.52897279598521,27.863137710199045,3.0539042155907525,0.5514499171841463,2.264837273691362
18,31,75.44787897157524,28.883831124631048,2.483816630683489,0.5065604385522327,2.098213024363786
19,0,19.783077814448994,0.70004009515603,5.5740045523334345,1.0303028445304978,3.686971457161357
19,1,41.938783671913114,19.218978931778373,2.07401802864113,0.3744722288427269,1.7907092496510206
19,2,39.24085070980739,26.967684361124668,1.0706526484605219,0.22344012865939678,1.4424224751652006
19,3,22.924301955163443,7.311978762724164,1.372592503806223,0.2066341245209069,1.4364735000115751
19,4,37.89697252030945,13.42068167761946,2.0657281588614387,0.3741121687704805,1.8139407335334696
19,5,44.4610996621864,12.447650826022304,2.4673541906728764,0.5006596771891094,2.090590147585738
19,6,44.28783856782123,8.487533239275132,2.8943787730616917,0.43652467337241063,2.0019806885487825
19,7,50.39189674987905,11.551847486959431,3.5263604960029156,0.6361251076490078,2.4923000798674155
19,8,46.787898697776924,10.680161291815477,4.13529256150909,0.8718687556588129,3.0631649398420855
19,9,71.99385368628013,24.363613452722973,3.861471839425918,0.6436629601270853,2.6564695252409694
19,10,67.20588528214779,23.41186450279033,3.582817432731746,0.6994332554800939,2.746491988822404
19,11,56.83264101520635,16.668198112821095,5.000369857855153,0.8298551679609218,3.161442954625968
19,12,50.15010513447216,11.21242413802684,3.9016490714404655,0.5667946289226937,2.2575490961431752
19,13,38.474282498976635,3.611885755756567,4.470930517873999,0.9166088242756381,3.4148457821514078
19,14,53.52212086507046,12.091609372378489,3.899376675812711,0.8470802629074976,3.089216105047231
19,15,46.92043395555277,15.596194279591113,3.4402791437609013,0.7660590259583557,2.9093319589845983
19,16,42.86978343422685,9.780389357114707,2.7800671713491845,0.8540827593055225,2.896900017242005
19,17,44.130959764051134,10.77737556259584,3.048488092750728,0.6959297956634445,2.562508964717913
19,18,34.85541577828468,3.180723467228081,2.360383979933037,0.5464276812980589,2.1134729986018983
19,19,27.72630243349179,8.185717350810297,2.1149979766457934,0.5521389128613547,2.097187358502837
19,20,43.16496785998636,12.181380623163292,2.4766666388184944,0.7157726207551307,2.5574269517950636
19,21,48.56016839194105,14.295832062815402,2.507669353829667,0.652520115811364,2.4255029077391437
19,22,44.22178750181299,10.800740980841635,1.998344773286929,0.5669274968596616,2.150441079975796
19,23,31.064564126971355,11.505656238173994,1.6125566006707692,0.26186117566789546,1.5494464890804296
19,24,24.648406914659788,7.178005424930688,1.189723692128321,0.3930881560771087,1.6926218846871406
19,25,31.813925440347425,14.971372197647813,1.1156533128166504,0.4358174950640201,1.7840081696576435
19,26,35.2082509623861,9.031541633108517,1.7954889582237232,0.5507655780068257,2.0872062415559705
19,27,19.41573645664696,2.5750071251937476,1.6807340005488176,0.49155394423352616,1.8976281379923194
19,28,69.05446648708607,31.595201305143604,2.1706757117389497,0.5080179076613325,2.0508799840929384
19,29,34.694033194824215,11.049497813842356,1.4570467491647645,0.4650888025671669,1.8148949957085878
19,30,48.01517904690213,14.028623206102862,2.6377078220903734,0.5909386035332012,2.296064584628785
19,31,85.43583615850139,38.449398258894284,2.548320171315238,0.614706281698651,2.3720267547322607
20,0,40.832976036142014,10.932697101485202,6.1467722647240794,0.9124133850084704,3.2780236362553126
20,1,46.53099040919444,17.068400994509165,1.7059597208148578,0.3305102548733545,1.668871947709715
20,2,22.13850496508085,8.640338544364637,0.8544072826191808,0.16089751018534304,1.3306719110275296
20,3,34.66635285894992,14.185649264430602,1.1773776887945302,0.16471827434628694,1.3307475356714014
20,4,51.07141639392434,19.531334338089493,1.2968994476844924,0.2790980379491379,1.5393404355577944
20,5,57.97524916208195,19.24382542629775,1.7086000107623707,0.5391245899807049,1.9870654471212532
20,6,52.23085996860612,11.697164322003443,2.0200318201838248,0.3187669123012937,1.6997593621682048
20,7,57.47799261963442,16.344814431506272,2.7927319541516975,0.4686720310517125,2.025559488994751
20,8,46.497449159094955,12.890228008682367,3.55998242044768,0.8316930810908794,2.940244631159469
20,9,60.68048690255131,19.346511381711725,3.8228506935691624,0.6992256767820026,2.7845749504716726
20,10,55.950241020903555,18.97366637369374,3.2328360172565924,0.909104632221565,3.2937412923649725
20,11,47.967169463809086,13.763429447459949,4.776601222419447,0.8567417210675536,3.2572648481477127
20,12,65.86089919948597,30.2186087559197,3.961611674249951,0.654122654690457,2.520156430652828
20,13,79.37015941525684,30.218392747729133,4.549866848014167,1.2452604071661861,4.698668833449705
20,14,74.28114408299118,27.910941695686805,4.214458829681625,1.1254582647789793,4.106418451462026
20,15,84.03400642439254,42.15290175868587,4.027350808026876,1.1464419635004166,4.164788851672989
20,16,118.64120973422197,69.33794102862826,3.8512006223253916,1.1582076265962868,4.131554739321396
20,17,72.15119508096792,25.23220521012498,3.749488762993754,1.1387547324995007,3.9628148619726584
20,18,52.82498595274029,18.60288521120086,2.765525690833133,0.6003129239529548,2.269765905664679
20,19,66.86024737928257,36.169237660137014,2.5073202960001235,0.6148044466835976,2.296790151534875
20,20,61.66491372865629,22.63993159317575,3.0343574474021207,0.8457945509761085,2.972523609175543
20,21,68.18138066473804,18.840230726074417,2.48143122213671,0.5992481115522081,2.3069985615958433
20,22,73.78149466494457,37.74860732384717,2.628657511194385,0.675455975336245,2.4578331224512793
20,23,78.93206798818031,44.097735630395945,2.1009395093415915,0.4497239816122427,1.874289653585184
20,24,81.87874994557683,51.952466859104966,1.978676430988961,0.6044898868478299,2.142704548549056
20,25,59.49319642651861,35.10677920321535,1.8331202772383053,0.6084783485072323,2.204961435209312
20,26,91.66251147556062,52.00242215562466,2.8369576932527645,0.7642496592565422,2.66192803521947
20,27,49.4396721442643,22.876779682497276,2.461803441409568,0.5629074486325276,2.1161695363685338
20,28,80.41413744335571,42.009447289361646,3.387567384931301,0.5742481566608224,2.404987043033488
20,29,38.735598279108814,13.68090943014543,2.0856658676621618,0.5827328175954167,2.1613118361251216
20,30,69.10072391386012,30.379593439906103,3.450065122036113,0.8796298914242744,3.2024525572905476
20,31,83.44248889191968,34.443244373572355,2.633648887135557,0.6800833877480175,2.532829784857276
21,0,40.10417343864614,11.23757656340889,5.571274205965354,1.0045170938930283,3.629238948655555
21,1,64.51553277075996,31.991415500984974,2.0327856926517986,0.3643298300958082,1.7969985665974582
21,2,30.736497532734276,16.447097334305603,1.283076043372345,0.29538390512608137,1.5910229597960852
21,3,63.748806648198084,40.80043454935425,1.6389147335420444,0.27677162239304187,1.5742969581608615
21,4,95.9379840162904,59.83815401945574,2.6503687528226187,0.6075462301692887,2.2937594786004314
21,5,93.03455184654413,51.84492070139615,2.741280444009841,0.8193556443845003,2.7570398962241374
21,6,85.9755393488877,33.85651645803414,2.8712063444566738,0.6533287672133152,2.4509010650122636
21,7,103.02575288400223,49.26574996651572,3.8800158616991425,0.6777653135640014,2.689263488541551
21,8,70.80620240024824,26.26054312581222,4.239315421259501,1.09121245686672,3.88798114226987
21,9,104.48017846590201,52.656175441983265,4.816458471207808,1.0418723068502267,3.978616934564671
21,10,69.86765158643618,24.64730270334379,4.087420980569027,1.135208116763705,4.20603822612894
21,11,54.108318998215886,15.512565983125665,4.866875268234207,1.0238170999778564,3.8379979362355603
21,12,49.98746871792709,12.64649066555389,4.4276175316384165,0.5573757223606055,2.311276476484348
21,13,46.446539439263006,11.309019082489712,4.60967221098872,1.0006959071277155,3.7743783588661906
21,14,50.19904802236303,11.294436949985771,4.201383976003141,0.8955176258945334,3.3894268939525523
21,15,54.926641635076265,16.936200859774655,4.117771199234511,1.0527776677720881,3.8330075484961994
21,16,97.72607132432529,50.8350803693686,3.6175863483959887,0.8711012472021933,3.1947961945746255
21,17,72.96177974366024,25.247846719798606,2.677580819947055,0.712903620160652,2.5310724184881117
21,18,41.38683052970046,10.861232686884636,2.4992932637232745,0.5536573492959942,2.155158791410928
21,19,57.17206519776282,27.93734881631853,2.091419934190981,0.6766639126923799,2.247229511384103
21,20,65.98277773099882,28.216043511560716,2.697883459632709,0.6496158612518315,2.434944819699835
21,21,39.79016776820588,7.306919803257851,2.0162485035952273,0.5072480237926165,2.047469116102654
21,22,82.84812828568394,43.775889333552456,1.9718642128262376,0.4469512762979404,1.9022347907220614
21,23,66.09315245251692,32.10419843857699,1.7848908303671336,0.19911898065327316,1.4685479941691206
21,24,87.00332216941008,57.50536730174322,1.3366997252990178,0.4350759093471621,1.769097178740397
21,25,45.06024355847352,22.340533975425366,1.2738480424438736,0.44200009990694555,1.8040129055191039
21,26,72.77340193822238,34.181914347373066,2.1484730942229184,0.4383311474492606,1.9420066428839675
21,27,48.74621864198969,22.01985600582714,1.9426331232362597,0.5008382243910554,1.9497043780436205
21,28,69.01905333413738,31.485320276421355,2.827296830899488,0.4269965122134196,1.980686019776599
21,29,39.203105002978546,13.199676105508402,1.8416094994771475,0.4334910857398395,1.7945490613484378
21,30,68.66874911129887,28.566963958233515,3.0363106687080066,0.6824537166368714,2.580829267690495
21,31,70.94238215809669,23.146639203849503,2.096165519514577,0.5062287156757965,2.067635165109357
22,0,30.394400176453466,5.506391739511535,5.639913021960864,1.0496881853726432,3.7409295506062468
22,1,50.39153217783395,22.31010231155591,2.0476804726980906,0.4201404274861229,1.8845606071795924
22,2,30.116404543989717,15.84390444948379,1.1888631747051575,0.30875474120795676,1.563649369394315
22,3,31.9906779855638,12.144163427582711,1.7775367160394004,0.23731918937616236,1.5089248141284008
22,4,60.66261202313152,28.890254164866327,2.0629420902671525,0.4300379679070012,1.8643863945512107
22,5,45.1168763973485,14.439828403865375,2.7012162691706068,0.6642473612114741,2.409633193566199
22,6,49.6220805032833,10.308600100074202,2.6224634400505176,0.5022342976499234,2.0886332918677453
22,7,60.24697975032207,16.35652745647659,3.012818254436404,0.5297109702137694,2.197871757070609
22,8,57.364901190911624,14.202673056984748,3.4143459169943586,1.009178506910227,3.4316621762513937
22,9,56.930924081536865,15.090809722776573,4.258735643577587,0.8439953750631517,3.2566109530418963
22,10,51.69004761816953,13.463429769654574,3.850890948110079,0.9830353734599893,3.6499496325726324
22,11,38.785507221298666,7.434043626512308,4.813280765341275,0.8600692855556833,3.259489727976973
22,12,48.2793213784107,11.419575258574504,3.9922999044710026,0.5614691134617202,2.28906772132912
22,13,32.92756438556813,3.0765770959580907,4.7012781389101335,0.8398156379565718,3.2188298813695204
22,14,54.74439875146443,17.914064866155048,3.8336332114561436,0.7979687307670482,2.993459743797892
22,15,33.17014547352675,6.2521186876233426,4.409757187098748,1.104615579375885,4.064317072970237
22,16,43.54341132561771,11.699263685424828,3.306340894909906,0.9236897544118738,3.2763882440853225
22,17,45.59434589957898,8.217059750624776,2.6116559347024193,0.8106139870358797,2.6941096778999647
22,18,58.75718289700242,22.741054235460837,2.8201803945195154,0.7400011352132547,2.628684437133584
22,19,26.665692578248347,6.519808694143801,1.8849794658568901,0.6358327987872567,2.1262583359309866
22,20,38.41587075332832,7.1548753738692135,2.559193346174279,0.8127803718291533,2.812598161734535
22,21,63.20397951949241,24.84442064121788,2.7039860922037144,0.7115174972281686,2.613328498241701
22,22,35.292141267644844,6.827554272236622,2.3341474866692,0.48439733395512796,2.0441292452780377
22,23,45.197775847044824,18.778031082247693,2.1777922507072667,0.3980914775552109,1.8339768758240358
22,24,28.035697473266776,8.085680898783474,1.3487191347063443,0.34168490255254724,1.6576670020670767
22,25,35.900541325896214,17.873869436553314,1.425657604808567,0.36091962407248435,1.7362727227205712
22,26,35.598921850765855,9.712500932620344,1.794272151290551,0.4479098026045065,1.905703276943246
22,27,28.228068534179897,8.034663594619005,1.7744052243625974,0.5120309275271875,1.9628865013738186
22,28,55.714025843710246,23.492500509132377,2.1875385512044874,0.4177186536960371,1.8781112937617317
22,29,38.47810968613159,13.782732923400886,1.7185338901768707,0.493912546837608,1.891713723008742
22,30,33.917520223300635,5.555734886314429,2.9528569647398193,0.636082651672103,2.446307123712249
22,31,46.428930070876106,10.869780200117075,2.316070078366291,0.5344276474679392,2.1049722111079627
23,0,28.970066870184677,3.8982222825184554,5.52891148192314,1.091002987600918,3.8361622220242317
23,1,49.72256048400587,23.057993842635405,2.1467888956290304,0.4883231763136271,2.0260366989096705
23,2,50.18557823660777,36.39784360687297,1.6117720490640237,0.5203875399353195,2.027693959762567
23,3,33.275796326429486,11.871012853425956,2.071084037305971,0.3256805494561763,1.6878126389062535
23,4,55.96641945120513,26.24948392590681,2.6825000876004284,0.6070913206908859,2.278128242360982
23,5,50.74089113810894,22.24152680755435,3.2443174444024137,0.7329616827057102,2.7179734757257177
23,6,65.02742348755196,24.227102870479786,3.045609156426148,0.5929688130994344,2.366477583691896
23,7,84.68981913709813,36.031327001175946,3.720884297369579,0.7100859199802811,2.7735465523413327
23,8,73.65256370578066,29.04468519311249,4.217897574825081,1.1316187496566243,4.019004988626906
23,9,61.32573845184448,15.870967348623246,5.051480464532045,1.052361484922864,4.165511342747056
23,10,57.561927476666625,16.406785502292408,3.8266209351323894,1.1187982622851287,4.046117484449729
23,11,63.32307735905157,22.68864704621714,5.00831363108849,0.9658758047527689,3.668233003765685
23,12,57.88000252214468,16.743147940939252,4.0842941193525695,0.5723417122170966,2.3325166930526398
23,13,57.50120128243459,17.90874830206637,4.327980236477874,0.782524228257099,3.003460081817008
23,14,54.45034757573498,18.623557412102684,3.9404425394517295,0.8192126781188591,3.0937405658575217
23,15,73.93279736531609,29.318431363847665,4.005104140221429,1.0171633094152748,3.622964261314139
23,16,60.00605747994973,19.366298512494907,3.4650050816315585,0.9930853857802702,3.46829365368209
23,17,66.55408775432738,24.715087457748734,2.674595810840893,0.9069286866845521,2.9447728728553066
23,18,54.98782599632166,23.227814222784904,2.508002235743879,0.49812911377545444,2.0517984353705065
23,19,43.786234962223396,15.41249366364309,2.1135126273317586,0.7225537934130495,2.4184534213295668
23,20,42.01760927634639,8.480660918607825,2.6339487761404206,0.9162965290737812,2.9654606496398115
23,21,72.35056299462082,31.58363947518646,1.8412334039907599,0.5007844664312362,2.0423311721905755
23,22,56.00767276332175,23.50032757000578,1.9042325254019015,0.3800128095563857,1.7932948568487197
23,23,54.556891350472235,23.774779344850423,1.5326160760913639,0.3932358183177851,1.7249850814933991
23,24,39.79584112039472,13.470924473721793,1.4233087993395035,0.42092105410317204,1.782361789668828
23,25,45.66127162660473,25.63886272615902,1.3072406752295305,0.4017415651574707,1.7610251325800939
23,26,51.64634084097065,15.237225343527637,1.901545110104833,0.4784739757605958,1.9839185684321166
23,27,37.974103317917,13.208526647787071,1.8494495963681579,0.5579461873212535,2.015377192802302
23,28,42.99316617244046,9.184370293053767,2.087934726639863,0.4457469213160872,1.948269275405637
23,29,25.679331997784455,6.066985977879577,1.5236823316986814,0.43152121928124587,1.8047110126564232
23,30,32.43946834489654,6.7204145161810835,2.588698454610527,0.6295404080553224,2.401398953762992
23,31,45.25951800465884,10.000102608774764,2.151510827430581,0.5066823115454486,2.037844897008567
24,0,17.878753409456802,0.6453981959023274,5.614339735521053,1.0804467622526532,3.850467622971307
24,1,52.46867545229176,27.295274956312852,1.953441930809665,0.42187327416519294,1.864039330710549
24,2,57.80640505485259,42.685704689261975,1.2697251764410276,0.36617664984036247,1.6790290765006728
24,3,28.50333013757985,9.041493474416582,1.862229453069535,0.3014144162913279,1.6219853662010295
24,4,59.589965521601705,24.802157293247802,2.0386446393843096,0.5585705655845201,2.0857545714782484
24,5,51.55341330584593,19.015412295011252,2.4800943438660994,0.7033708498632287,2.523772278099671
24,6,67.01244493301417,23.203086601679097,2.893174084558576,0.6867886634989162,2.5593902222031844
24,7,78.40888587467627,28.68237541122101,2.912158889415482,0.5716303876077622,2.2972806632492344
24,8,53.80274897211451,14.951942781725684,3.508873441375154,1.0976872122544452,3.7016791598748755
24,9,65.68021189347591,17.600171642623714,3.929326321739069,0.9290863899970443,3.494918620557384
24,10,59.12272790559196,17.52837867550307,3.2059363049676017,0.9032735334633823,3.240335637947972
24,11,56.83327330617911,16.32689800962767,4.57926139223463,0.8854969560221635,3.346159213055166
24,12,51.40953027978692,12.287614223496155,3.7477119615843937,0.6050830466263304,2.353118363172487
24,13,60.16944372592063,18.592340759959278,4.626385690538549,0.8925056280435948,3.373548633053061
24,14,51.869803957796435,15.502512410928759,3.8820282342247396,0.8184344474159757,3.062907943838069
24,15,53.11294862406499,12.478034515775308,4.012481817058955,1.0490614871245176,3.8622206773043857
24,16,55.22015187402785,12.384637867999103,3.263117139205119,0.973729148900282,3.4050508445702703
24,17,46.94643871248905,10.40064150195906,2.6471814816298007,0.7559608712274599,2.6374599766379916
24,18,31.575114105219228,5.216109750045122,2.4051293508049634,0.4785181122396538,2.0127650026767183
24,19,40.305609434604875,13.428025013418903,1.7705737506361698,0.5444510367546558,1.9839458046886251
24,20,49.17765031800418,13.158861791797285,2.3857067252320636,0.7412353066952444,2.601713359267982
24,21,43.54746195469332,8.00958990975419,2.2909238393122147,0.6213820134316141,2.3604611881432347
24,22,42.689237059008676,15.113743785309008,1.7216572625128623,0.3508056014840306,1.7500308728699343
24,23,46.983080985000115,16.76209919232825,1.3464680432492875,0.2998638328554215,1.5675524697857006
24,24,42.397783488992836,16.816338016349643,1.084787964554493,0.4091278089491597,1.691722230635427
24,25,30.668805633398833,14.237022446785303,1.1715891718907274,0.3804784413599671,1.727854475844424
24,26,52.90554296125475,14.942043935774599,1.7915953594921166,0.5860248405066328,2.150084430265779
24,27,35.416241295172085,8.337298082529857,1.6140785751086923,0.5912539617816881,2.0735756971703636
24,28,45.431410176691806,10.159394879369934,2.062952473840433,0.41952763040809415,1.850152309535977
24,29,29.079077081427428,5.994236806532827,1.6197824844430384,0.3939295789458672,1.7423700354215725
24,30,29.6559345315138,5.273977831387226,2.6975905399702453,0.7349940014104055,2.6143094668127524
24,31,45.08722634464805,12.975018966327223,2.1222630705794088,0.506295277295147,2.0342905483614135
25,0,39.998440840150714,10.377065857837326,5.680752501516361,0.9920400255233828,3.5344858150848064
25,1,71.18313856642553,39.819655807712,1.5415730653113124,0.3580559764967637,1.6962040096828592
25,2,33.57332378648222,20.039645707954307,1.0484193790596106,0.3212852681682892,1.5651243298557298
25,3,55.54620190990117,30.836343197560307,1.738109227477343,0.2704571567723997,1.5526469921388364
25,4,51.16712068802413,21.925452225964282,1.9102435869824461,0.4137749193934295,1.816136825860603
25,5,48.825779445977005,14.346324313493412,2.3582719834679935,0.5160817444402404,2.0890720673026895
25,6,53.96716271113537,10.25107059057683,2.8874062914269674,0.5502526251247284,2.2746494025921926
25,7,39.65158637226624,3.218628185938978,3.101444065919634,0.5415141401442662,2.2518788127072757
25,8,43.55693406789737,8.697358301523904,3.5997308148426566,1.0510861607656228,3.5490090550792295
25,9,31.42223815636268,1.9087941580559682,4.247967215321871,0.8488018876669061,3.312580367857871
25,10,62.43832322265831,18.009954975191494,4.044458814869607,1.0091671983526922,3.7456569724521405
25,11,38.55059980440508,8.128969194290502,5.055922030860499,0.889579093152995,3.405260156429601
25,12,64.88304721363983,23.821024180948967,4.015225523022545,0.6032761129236208,2.389754252505346
25,13,50.56653819805267,10.791757679830349,4.972495970452345,1.1059786049355038,4.1875815262328
25,14,70.0179825757289,27.880133100355366,4.098813425539344,1.0492158436138421,3.867159943984313
25,15,57.20802232894492,14.879928025149084,3.4100764731347755,1.1616258914055808,3.9433803225111204
25,16,100.31772543454602,53.44536663986353,3.695113903838108,1.2650228733627222,4.417953679863432
25,17,63.31447684948267,17.159425755139335,3.2147884029313936,0.7980419496036735,2.9036553781407055
25,18,46.819948508046444,15.642367832848667,2.3052002367757964,0.47611716229590906,1.9896807827126473
25,19,61.181845971012876,33.81175788571733,2.4032947742474393,0.6942719183837793,2.4466998826914708
25,20,81.46890124479235,38.75072940806875,2.7653190720485785,1.059809039658472,3.3184522873300994
25,21,71.431878098889,27.7515726811623,2.4908517287460157,0.6401188727645319,2.3799564637817685
25,22,62.84750316583659,32.84565556221258,1.9970541132915895,0.5174842191777638,2.037051177178238
25,23,62.46014066058332,28.632671542612737,1.6118437882761785,0.3198058240220969,1.6283749101600837
25,24,97.40764455634353,71.80561444789801,1.7336938888032607,0.730225614439661,2.275895182108257
25,25,56.21353742972592,33.359891107289656,1.7380974108483356,0.5246396028937799,1.9978554814258906
25,26,82.61967129322787,38.04663280691864,2.489438246912509,0.7439007515381029,2.584444999332418
25,27,64.8830356601417,32.96385783610445,2.1776307225377316,0.5674691427612721,2.0800168295800905
25,28,62.142150744726614,25.108045516496496,2.620905126517961,0.5566095509157591,2.2070373639688627
25,29,47.5604188959026,22.918549945721267,1.8913393559146474,0.5739113229349684,2.128729865973747
25,30,78.25040204718421,38.853212695647855,2.9449546696350444,0.779482361259709,2.799040082970203
25,31,91.19645400469724,40.58810221912789,2.4052252965062313,0.73569274149349,2.556068520738797
26,0,81.12511072088724,50.71119049181789,5.648543560600655,1.3888829473546638,5.226270442838592
26,1,93.14406965697606,63.199384394362795,2.4091964770216077,0.5740546083529985,2.214186048092356
26,2,58.886073887765846,41.22969278829337,1.6272963280302597,0.30958220846056106,1.670376019167051
26,3,75.63314776251572,49.29784426394664,1.9679801124626084,0.3675313726618685,1.7665410072875247
26,4,91.66542922152026,52.89556328629776,2.868396150478463,0.5630151301242954,2.2475616171920847
26,5,93.20814752206496,53.64619031068686,3.2215921318354317,0.7011776774533796,2.6163468643163927
26,6,96.52340072474362,46.37301299069177,3.6622270295967994,0.6236630153096971,2.5354857490203315
26,7,90.12797765351107,39.60944285503554,3.754845778163981,0.6661222802186142,2.624442495495884
26,8,71.35267529629304,25.863124654216485,4.781423429328131,1.1296437366530494,4.056175593379903
26,9,67.37306294848766,16.613785370479857,4.947568419866773,1.1921673460811757,4.484191643429843
26,10,63.77222922851007,19.160262133744325,4.437292895451767,1.0317307300777872,3.989111557500923
26,11,53.5106081858407,15.129446340618646,5.0900336813491,1.0293556458181463,3.9263508524255775
26,12,91.51604231752997,45.100956270406925,4.531195857818455,0.6905288904852132,2.736220603175533
26,13,61.19605737818752,18.81457603521288,5.306939780846136,1.0235018666255202,4.044361155114257
26,14,82.60766321206108,39.47630023893095,5.0943300139579115,1.0208414713707672,4.009940908408164
26,15,101.15087016973511,58.36354580426322,3.969423018382488,0.9762295995709871,3.659746861317104
26,16,105.24493453686374,57.45396902303363,3.825100230500454,1.0553220249071518,3.8554246636068044
26,17,115.15986947425627,61.98863299259163,4.062281714478784,1.0630710580784317,3.868019102141752
26,18,87.13056832485704,52.756626301046694,2.261938504483032,0.6700571260006276,2.317548115865599
26,19,80.28387547552336,45.48178908327643,2.6410440877915544,0.4841011655372829,2.0801966134052954
26,20,123.9204526470105,81.89340124230574,2.555735305351158,0.6156617358837564,2.3463062498734084
26,21,103.69015807726885,59.98181496500219,1.9014509243497706,0.44494427518214197,1.9301195527749833
26,22,64.344473765684,28.020266020987567,2.2923989319796894,0.6416920794381991,2.2636613823880274
26,23,83.14363798759886,47.23416664080856,2.056294118443475,0.416899601226258,1.8749018746956048
26,24,69.92468457124264,41.251168939872414,2.4017885764171214,0.5746997187692697,2.2131217123218745
26,25,52.31953742848393,28.633376485506894,1.8504881272339917,0.45346722285184793,1.9419665768196896
26,26,92.71354353898602,54.54470131569519,2.7640136880730517,0.622353661250354,2.424416111115794
26,27,59.95921086206426,29.184640610027774,2.080805709935202,0.5743446501995391,2.164694947410707
26,28,123.32564885199301,80.48455836448642,2.4391732544691664,0.8236090580387923,2.7916028687225487
26,29,73.68138899543979,43.76158233434582,2.129331565842781,0.6647098136598633,2.3216306693124666
26,30,110.9536131167513,68.32548341489468,3.669231257353169,0.7458842309811979,2.8573330110265855
26,31,101.99185830631549,46.24970925549465,2.1912887615357244,0.5766635630107046,2.2090358876349163
27,0,93.71204414424432,63.73972216739663,5.164721557506377,1.0612209885627415,3.611689056857383
27,1,67.79036966759973,41.713177518580615,2.1612903669930486,0.641968229346217,2.279494532837874
27,2,55.076270248390855,35.45758699497793,1.2807514049917663,0.4047106479314273,1.7842808299377273
27,3,48.98368037698323,24.332615193120184,1.6028888257318747,0.35605030600602783,1.6976081020953626
27,4,51.80370028559344,16.135208591425823,2.6639251259804455,0.5196456144121813,2.1223987661775774
27,5,64.39114660686053,28.723975495671294,3.0322795071431266,0.8177658207123781,2.8516998295045215
27,6,62.95073352621876,19.729609086072866,3.337992336641392,0.49388342220351467,2.1814358700324155
27,7,66.02930837965518,22.582583915885536,3.626205864645288,0.7085158033234555,2.6769112331641414
27,8,69.58641733313206,21.43955103602436,4.381069147882849,0.8433491348037423,3.092315713093612
27,9,53.59740502067645,10.888348194306609,4.274326063847525,0.8709943379760867,3.292298378598191
27,10,72.80320185548551,23.77206056053018,3.69374072405283,0.7414547559445115,2.923125825468625
27,11,59.15145388330767,15.535790764474438,4.943222701783052,0.8759342067736764,3.333113908896312
27,12,50.81497519764031,8.305906203175358,4.431002491333798,0.616195793255236,2.53381636995683
27,13,52.2124460181892,9.557008569463214,5.635101423607809,0.9992377527425411,4.007985072542199
27,14,60.351614601645245,18.331453580625272,5.4138750958243556,1.2808262808486965,5.065883060706744
27,15,51.89482831517747,17.508658641093415,4.153346169763726,1.0518397246241058,3.915938511823079
27,16,75.6994249564642,33.54221575039075,3.9000343533250996,1.125555635575143,3.934331588063476
27,17,55.46071859508453,17.6234506424705,4.2138431598128845,1.0025144279339182,3.591927553941003
27,18,49.65574373827746,22.75683950560003,2.825211705183441,0.5673382057832033,2.1865023638186103
27,19,38.803370545973365,14.283597155629387,2.7314571402654386,0.4902842794503983,2.083696006693367
27,20,74.24214341577772,37.823598995635706,2.9575847220809344,0.4973828535785887,2.129423029719616
27,21,39.641389123709544,10.166583526782595,2.2989690665417526,0.45739277148376045,2.004826570940616
27,22,53.4954476648594,24.722461764576856,2.3460158220994334,0.5960060948565147,2.222936020389419
27,23,37.902883747422564,21.211786875787404,1.691944702456403,0.39277540228398133,1.7443802332894691
27,24,67.84091907877519,36.972632157482295,1.932791237955533,0.35261111003069034,1.7372491265001175
27,25,51.545302930066434,29.743092553828447,1.6574312785649181,0.3987347066842175,1.8251512825660052
27,26,59.035223569665945,25.19125554457277,2.511554113280482,0.5854704131454511,2.2784168599656067
27,27,48.194307513036975,21.833546435518464,2.1680914268132865,0.6399557825415583,2.2946797433359145
27,28,87.84659655213872,47.435305550445605,2.7725880092629476,0.6620172148632317,2.4941128277006777
27,29,50.75737074665838,25.643138060905557,1.8849306022945513,0.5204702349857642,2.0194715847696765
27,30,47.6551450139613,12.233303174399051,3.5675126422572285,0.7914457172419818,2.9649404080804818
27,31,75.29400395663724,32.6476430015562,2.4732498188252405,0.659135098105962,2.46168802494409
28,0,77.96792346001422,48.47761397216635,5.795070620507688,1.3452752334106446,4.9662483117102285
28,1,25.96395533129641,5.578395445793586,2.3818458679295578,0.597526316739668,2.2088544956504648
28,2,63.638368405872434,45.08073681021379,1.5526054468509538,0.4950554449254603,1.9462225790558583
28,3,35.26489886468884,14.607004861865095,1.744902845228118,0.3401505568589127,1.680829895376232
28,4,46.94490111842863,16.64161229143985,2.927085505283755,0.43872965122984864,2.0303270494520445
28,5,70.88784511222156,32.483198629997915,3.029989702321928,0.6036162556220055,2.3823252534976533
28,6,62.90167969608958,23.049594393970686,3.1622646033892416,0.45303581577367513,2.0631150409921535
28,7,48.29795126056193,7.371135190783507,4.056042708668482,0.6521554236730811,2.6220470938443423
28,8,40.54115368449868,6.639158131690731,4.34177161074278,0.9183459721139577,3.2529526914466222
28,9,56.53569673340478,13.36254631219854,4.803904352463143,1.0843279196605673,3.9609833490363653
28,10,83.14990213933113,35.927225944500194,4.544657653238513,1.0773600216506605,4.0760391442483375
28,11,65.56730571829974,22.94642996549034,5.216941972432218,0.9273546957629142,3.515793660558567
28,12,45.66020188278483,9.777311296381864,4.403517015633615,0.6660528538879804,2.676630870916156
28,13,52.60496545211782,8.578863380721643,5.817423171290471,0.9538302183283749,3.7605563179907215
28,14,56.25269278975378,11.345847058122214,5.161326929931331,1.177790510910178,4.561961352768093
28,15,78.86714149162793,38.16893566182297,4.615833667649586,1.1124324294551888,4.170695660529554
28,16,88.26766611355217,35.70163532490611,3.797919486437057,1.0491530120534884,3.656372860598857
28,17,78.10581362829029,36.0693306364412,4.151559984895721,1.1442127479658906,3.9444846079359213
28,18,43.499586649436075,13.230524016631449,3.5496630423326887,0.7310208231099771,2.636288024665781
28,19,62.809539315872,33.53023587044991,2.976671750043365,0.6931231308874013,2.435283822376072
28,20,58.359640531693465,18.81419843815437,3.6765817269952796,0.7917056342772009,2.8338074090779517
28,21,83.85615015638221,41.49268476075108,3.3652479295276043,0.8019633498588563,2.8865059788771603
28,22,72.79538648085318,33.939005423685224,3.1501835742199997,0.7103027567245723,2.632542844887121
28,23,56.23829868303546,32.54823435714402,2.3185093072912473,0.5030251897680538,1.9830917130587302
28,24,45.52119981247569,21.37743409810649,2.296618898997937,0.4754732610117234,1.9643043439365346
28,25,57.39762586238831,33.64664476897707,1.7107330912760919,0.5304953720128966,2.02558285852369
28,26,72.32545269710909,36.92024952307879,2.892479586661667,0.7297220235220032,2.6562901723439576
28,27,69.99745096092316,39.07255017457588,2.7408070459684573,0.7007144996338202,2.5252156197633853
28,28,74.18204779539015,36.86240289307426,3.0080978079313914,0.7750263722047404,2.7031144176314146
28,29,36.5681389247832,11.727094732527691,2.0052042326635044,0.5254939060101536,1.9758014558519328
28,30,64.25349841481902,27.4533309247248,3.668008732207462,0.9813518368371712,3.4168951048273986
28,31,91.11619409573831,39.700668924445345,2.5286589216678146,0.7135470940538196,2.5597135633863464
29,0,79.65877887478317,48.58258014011398,5.51778421949985,0.9385517325297812,3.330980881467769
29,1,59.13093853836006,27.980284310856135,2.368440256851548,0.5695662483889232,2.166671963198
29,2,68.99882345584709,49.57657361957982,1.3436996608241396,0.3367601459925531,1.6428296721183913
29,3,50.64555887082006,25.941941069224228,2.1274137536523883,0.33136612034743695,1.6821228788636244
29,4,64.26220647836777,30.333160964017466,2.3541580083282208,0.5236192724683133,2.006340365717883
29,5,63.40711770108456,23.765267644245444,2.5745139899964964,0.7093503344679326,2.4288737360511177
29,6,65.90030925647196,23.496532048853663,2.943141730190674,0.5451195650207055,2.2173016391469837
29,7,51.94199325950195,10.477255315502276,3.7457257374000514,0.7210415861043247,2.6683931194895183
29,8,48.48510081047548,10.617075858877962,4.396814832588337,0.9333776078663103,3.258455953401157
29,9,31.862437362120623,2.3739052021787685,4.949708882277211,1.1482705488925813,4.284261067317539
29,10,45.38462460723726,9.742764618256885,4.364301902682363,1.2762255633979303,4.571362546449402
29,11,28.019645247359733,1.7483651215298497,5.1069405207366385,0.948870530132,3.5969420617643566
29,12,44.1301659387117,12.899851442720824,4.279708490547578,0.5426409815366879,2.301613673028977
29,13,32.06579690445008,0.8938267406064226,5.392054513665386,1.0244853600343653,3.9173543288796284
29,14,60.932949807429125,17.904104215944628,4.651661363634416,1.185974124176493,4.427025710169626
29,15,39.36370616212149,6.107372290733714,4.001416265822549,0.9635594213383909,3.5378057888560974
29,16,47.611441143478125,6.933809646742157,3.559988071402873,0.963682007449965,3.447728828527955
29,17,51.608811427608174,15.521264568554656,3.881239334843959,0.9175491588421436,3.1986278296343054
29,18,69.20671475017441,35.96039295966217,2.951099539388082,0.7578643941679557,2.6296638269133656
29,19,42.711144903677955,12.858773360395169,2.7047848760638793,0.6815776180404969,2.4222495547161933
29,20,69.96087958916476,29.256444791045908,3.534280307949563,0.9127179500865776,3.242877730101806
29,21,57.98762129762624,16.426176743627458,3.00508055091172,0.6226858402512798,2.425148835989795
29,22,53.374839258893346,18.058491981248004,3.0216573982498662,0.49781246299812576,2.1336935847732748
29,23,50.442942717289256,22.25435789219977,2.2293543639656277,0.403374246009633,1.814763839769097
29,24,33.43103301018824,11.7316829939216,1.8597338983312541,0.36405183427676135,1.7146359380872072
29,25,37.095119474418965,18.033820349591096,1.3940517784342732,0.30787831082861117,1.621369728089786
29,26,77.26094489018227,35.65057602131458,2.41387606552303,0.5268735210574125,2.101952751752212
29,27,52.08664418259634,25.097776962676676,2.4337267094215784,0.5434839305306753,2.079455044716204
29,28,78.21363066646333,34.282309250632366,2.7551381985555716,0.514147161368518,2.1155710970225536
29,29,49.54512109963649,18.74576919788563,2.00615553489187,0.4811995439093826,1.9260638687953187
29,30,60.851782211621966,26.040516350429726,3.527867997010171,0.7393020678864151,2.691649882975214
29,31,84.09931021313807,32.44107809776759,2.6049348778445713,0.6362901127122589,2.3358151098496487
30,0,41.397450787493305,10.295535027732669,5.701974110542624,1.0698964394522719,3.7483756162185125
30,1,57.74101201170803,24.27074824131123,2.15439157158068,0.46941384464606584,1.9360679918725145
30,2,21.626603325416568,7.469356848934502,1.323813785250601,0.29194749468578296,1.5785032064098685
30,3,32.44826649644081,7.89571855467964,1.6057913505977184,0.24109740513082967,1.4860251175361185
30,4,28.27395068464845,5.402421297665219,2.0486983069131903,0.43841105259107005,1.8430093807936516
30,5,36.73481155933422,10.929488711686604,2.266727998075882,0.4984751876019806,1.9892031030060324
30,6,39.990803197918495,10.323153700564438,3.056210326071985,0.4785968112347123,2.116377054798266
30,7,41.901771893230546,4.373945034571041,3.6604394182426327,0.6568604265482785,2.5478072667530083
30,8,30.71811711338627,2.170206404280113,4.744795158125633,0.8002533622257193,3.014118289766399
30,9,39.347298773289964,7.578214551682497,4.744191013067148,0.8497853723990199,3.2306753518322577
30,10,52.23943805265387,11.235078256679301,4.478966099688593,1.0123110732682257,3.8683657811650916
30,11,33.98752018428673,3.8100443234824075,5.057493308557975,0.9016697012143062,3.421747196271115
30,12,48.19606237154271,13.195256296739416,3.929343861329122,0.666670779326183,2.602567327813838
30,13,33.71835081872619,6.57588454324204,4.982677763175882,1.0302264240815262,3.9153645951291347
30,14,47.241031121789746,12.252457542955813,4.609457786692603,1.1330088325259142,4.226406035737283
30,15,44.00390674459874,11.129980500298787,3.6939553601408326,0.8208358979668233,3.1469148999647647
30,16,49.14079648034472,13.207729863113713,3.5058181177928347,1.0015502029401748,3.4861120224590496
30,17,42.57276407709348,11.0213651906178,3.647244758073814,0.9156377414773722,3.2167752209058484
30,18,42.75215316262653,12.991048667427167,3.0410889405848156,0.6748133393435314,2.458436057017051
30,19,31.3921401162225,5.986197918784417,2.766299883749344,0.7503566614691275,2.557602797474042
30,20,55.66099427017528,22.808042394687515,3.4562618654272876,0.9034252990866518,3.1481506963280252
30,21,61.93501427298588,15.44813010942936,3.150402700628896,0.6900019453305895,2.5894473663578514
30,22,48.03350601062134,14.088894561249585,3.1603173050262696,0.7445485142299186,2.6652185517829383
30,23,51.85183901342359,23.276387418268616,2.3580808246598632,0.5508096202572208,2.0618556296703767
30,24,23.44319650009014,3.9703834440136117,1.7583093468218935,0.39865748259961276,1.7713144172365405
30,25,20.979775215123233,2.2510275647230373,1.3014710841518942,0.35655757878630023,1.6812062952551945
30,26,36.948060439687815,7.570351586406257,2.052389975378107,0.5899279503979287,2.126811297767484
30,27,20.87511794913931,3.5680368100453577,2.2007827709372876,0.5795797910304898,2.126288515947572
30,28,43.88960394094219,8.48448375462607,2.440907313370175,0.5765348189287445,2.1778018932847094
30,29,18.979039250708674,1.3158124309757326,1.7923131518027995,0.445357792154337,1.8343491987787814
30,30,31.26845259497268,3.6630091292972384,3.160176585738739,0.7320893145899725,2.6144004828084912
30,31,68.2291590575595,20.64521296659725,2.473079651846995,0.5135522436906927,2.117232709305312
31,0,45.6226136492898,13.238139600169792,5.908918126183286,0.8976466940295493,3.262076118084694
31,1,57.1034000661309,21.508324350848497,1.6861404118391738,0.44309622268086013,1.7981094986029014
31,2,31.52621733390036,13.532148785637823,1.113078235777187,0.32689164496058565,1.6124234515146556
31,3,26.919153363319253,9.80306100880523,1.592059233673822,0.23782054228683203,1.4886988051282937
31,4,49.195035481164,18.203374031863028,1.7988210004052398,0.43834802665600914,1.8279899293389392
31,5,77.42725023724849,41.97467759285875,2.9797545829594645,0.7311486245099799,2.64600736996614
31,6,56.54813857327426,15.536624788556434,2.750127190699999,0.4710510518358699,2.081816953883791
31,7,46.68384022921005,10.885246550692683,3.423074767791313,0.6491236442339092,2.5280029679626015
31,8,57.86722649010551,22.2250531309946,4.347759638745844,0.9550143904823658,3.5187951196286567
31,9,53.13979928041876,11.530167046171712,5.004591248599986,0.9483563443625034,3.7145715413292635
31,10,66.40508318034819,18.176253151456898,4.514189424196351,1.2430455957858682,4.664697744128562
31,11,66.17501557383123,22.811470016461833,5.033618679608191,1.1541841096898011,4.382720731791921
31,12,55.40231105955184,11.812416590013544,4.55561502666764,0.7239579466234982,2.8046618814746473
31,13,64.27839048319015,23.287077208503582,5.464221915514056,1.0258972538647795,4.095892231333721
31,14,71.49634970952957,25.607051258992804,5.15109042492413,1.2227216336250022,4.512513605075733
31,15,82.55534016311891,42.23242825086327,3.57898626801174,1.0473276712133823,3.7364352747282505
31,16,79.52852757331547,34.31111091415903,3.175236634887953,1.2160763312677831,4.044742008980025
31,17,74.91587238789407,34.03839502916902,2.9897596232363832,0.7466976458440322,2.654493845235213
31,18,74.49830244310807,38.09131126191366,2.461900069623925,0.5199153618331231,2.0819102199206267
31,19,43.15521590168518,13.675004612724614,2.1118739080756725,0.6117974817591572,2.2079773393964843
31,20,83.59831150979784,36.52343223756979,2.240017244171347,0.6430922752974659,2.2842314515145827
31,21,85.47012484846643,38.68462177242788,1.868186045571647,0.6257363259669386,2.1499293209996524
31,22,89.65578726178427,51.52511024314667,1.8617964376998353,0.28493095023882753,1.602966409371494
31,23,63.22269198889174,34.53690688821897,1.3841839024115419,0.2322495821552164,1.45707236712331
31,24,47.182428755375426,19.529823785311816,1.1956507114919026,0.21853556460849233,1.4413750858794143
31,25,39.27753990562263,16.23550151249683,0.9618977066886019,0.24452103550071724,1.4606360643191334
31,26,61.6191518350644,21.734309650868788,1.8564267327333548,0.45813131881483127,1.866721220919498
31,27,43.59168725429455,14.06397613852259,2.1129232979467747,0.7210904444842199,2.3869179683152035
31,28,65.44040620108339,21.785345761713973,2.2031298219202604,0.493394801606045,2.028691686736163
31,29,47.14545143436307,21.939956472121565,1.4860436646186916,0.549462725898723,1.933099803040636
31,30,78.92859372518787,35.980769195984465,2.5669697753890244,0.651576424140111,2.364409606041774
31,31,88.19607965927895,43.83217318897066,2.1202142045523447,0.48313388401484847,2.0194366128465386
32,0,52.31492725767481,20.277909224574657,5.476761626338201,1.0146688311614405,3.449625579258143
32,1,52.363373219789985,24.872576716278193,1.445411236400362,0.4056163685407743,1.727085834856505
32,2,26.275449203639113,12.846986360574299,1.0644723397939866,0.36193932853533517,1.642092948774929
32,3,64.50622232645365,37.87613313376341,2.253533820099334,0.4280911404449972,1.8695939193634141
32,4,73.32955872244136,39.34100864621371,2.9099258868728928,0.5559213256872173,2.241748114724836
32,5,118.16219429227645,76.01771037360815,3.7935281523333892,0.835510876032235,3.109402551805505
32,6,159.2643974644117,111.39572759626827,3.961779933667355,0.8217914423230113,3.084237094496109
32,7,125.43294044026808,75.34870250961374,4.566255177319645,0.7933164332408325,3.1255832872336873
32,8,132.0748554814476,85.39572418193242,5.119875767752052,0.9929124252346595,3.7986230775862735
32,9,105.1947921077539,55.418430650023694,4.480739360801341,0.8572290656537627,3.37594368154123
32,10,110.81114581046093,55.76554903272776,4.1264364142616135,0.9691196661914212,3.61774938783114
32,11,90.1079577161621,43.581658687417516,4.962949398508222,0.7502451885981145,2.9994458891558553
32,12,83.89259049276814,39.35065117799691,4.8476708222547344,0.6655525424176947,2.7635814221745902
32,13,105.66867970146535,61.85420211672073,4.913412652249598,0.9988069732483815,3.9223810291112207
32,14,138.0465351830232,86.2160480278987,4.672177193591182,0.9924165934806535,3.7733192448875355
32,15,113.81206177494666,64.42440733849892,3.2965231928892145,1.0529897004358837,3.559504372862549
32,16,161.70135693532663,104.96413301874125,3.8540118624429884,0.9198289573412306,3.434861698989096
32,17,124.87622649351312,72.97609862698191,3.93062315981438,0.81739874698403,3.134490664770083
32,18,74.4846313145727,42.9392487274931,2.1115249106596083,0.42578125916115317,1.82858414188518
32,19,67.50043279827241,35.01947590705349,2.054723918764871,0.48709403472200696,1.966074190952951
32,20,92.41971229225634,50.272587157503146,2.3135821492826687,0.5565588352496706,2.1763784485459676
32,21,105.89007001442758,55.758666306369776,2.1332385581352242,0.5668917286221853,2.221689170056051
32,22,92.26297029077836,54.95455871544911,2.57358249107968,0.5773974416372347,2.22393485425426
32,23,38.54997609022506,11.648816070035544,1.855139555228988,0.21066604861912275,1.475722677332431
32,24,57.32302529137565,31.129365329231533,2.0961635316298732,0.3703588092820347,1.7744864042826385
32,25,55.25242774322184,30.21842263082883,1.570338033079003,0.4591122916005146,1.8501036261381223
32,26,45.127435850315734,11.27740680436294,2.2736243028872916,0.4479744203160805,1.9583328987643935
32,27,52.3917029479655,21.448979694959327,2.4419836077259327,0.8276277983695497,2.5750790904490697
32,28,85.58267993348014,41.65830269462698,2.597809091493587,0.7724242475019527,2.7187403351706343
32,29,90.24419330112339,57.64568259513899,1.6896622371875702,0.9932116517213219,2.7261116689901614
32,30,145.37661047222244,97.08271051574854,2.797581798605243,1.584546715601792,4.95017964948696
32,31,150.1459114246634,92.34317443163907,1.9545468963106665,1.0959278018286331,3.349133398519403
33,0,29.981330028330145,5.057094851245769,5.53527528196434,0.9630740893657634,3.3083302499955236
33,1,44.275768932116314,24.755065559778636,1.628923898395306,0.428158039338733,1.7822889944098501
33,2,20.199585246251907,5.923653443367227,1.1220937132029105,0.32812924059890136,1.61148741898873
33,3,67.25072831608442,40.32788003922761,2.349768060367661,0.31510557466175193,1.6966434448494976
33,4,75.88754146700066,39.98071577294637,2.490972295865305,0.5692254626318025,2.188235041724823
33,5,130.4272391002992,85.17842527351333,2.7765874710077467,0.8080285021104565,2.8103912566460036
33,6,174.1729458971598,121.84630028358171,2.833198017458564,0.5579841761466189,2.3093162846670663
33,7,135.26487292486638,82.89051528578517,3.4709699939053853,0.6659847037340278,2.5891967781711522
33,8,132.0550478570123,84.16972023996152,4.355198734720617,1.005156290714556,3.7072467663670285
33,9,107.44864186940173,56.289754091989806,4.959245669876973,0.9156732022611642,3.5305195222013275
33,10,115.83844654047427,61.078883365016615,4.260822235627964,0.9315979900353177,3.586803047889561
33,11,104.49140073848724,57.35086763185502,5.291978099041987,1.0800518833845238,4.129647323978195
33,12,96.90491677966233,48.941810778182564,4.214489611530519,0.6568352772537862,2.562646074758119
33,13,133.23758282512674,87.60978815485393,4.787238010239811,1.1369372369983868,4.23563877074782
33,14,121.18825947912424,69.16832656360918,4.742603883058303,1.1725356222344603,4.396000883809544
33,15,128.53762468873524,75.4932072887459,4.091327504849318,1.1631784911963745,4.336887147821582
33,16,145.12002718326363,86.50084011923684,3.5242378731414328,1.3504576642538137,4.7617625451418295
33,17,136.85044401511948,81.10827979371504,3.8142245607810215,1.136616384782982,3.84959210627076
33,18,86.87666407640552,48.51661798043418,3.140705631062857,0.7245912184577668,2.55467932359066
33,19,80.7831956914317,48.12601345565302,2.5825504954792065,0.6708824520864223,2.3865049650599706
33,20,106.5431074258978,57.05666302686036,3.4143592235265907,0.9618798488655993,3.295049372313031
33,21,133.5471589360106,78.90625828489394,3.07348954803503,0.7593145706024598,2.7469287443730863
33,22,97.7466255310927,54.8258600114312,2.98906398122584,0.5772697909119304,2.348564936782198
33,23,62.14573058922906,24.913629411763687,1.9275919066770781,0.43951245961675567,1.8396172902945271
33,24,83.97313711913333,47.13631531066174,2.163271980465357,0.5488184587699649,2.0765580184034733
33,25,79.3316063796361,50.874303356047406,1.5314408731292148,0.45445273574098444,1.8886751141660119
33,26,73.1480099398475,32.4015735987622,2.509484162799901,0.5774852446720988,2.277298327343987
33,27,104.51582075150623,65.79425626862508,2.6621436448016085,0.7569810464553117,2.510250201558973
33,28,88.94794270024974,44.32909713268556,3.197974717473764,0.6985552575230076,2.6359312315784718
33,29,84.26711836070402,54.0098756871316,2.0177113602310612,0.6338674590632354,2.203502838323024
33,30,158.02488726628488,109.65265947861312,3.585981880681181,0.9172342709513335,3.319591572023987
33,31,149.83146901399803,92.59767453196056,2.918142642302096,0.707266248252111,2.674857288367294
34,0,58.87175171527731,27.53425909676789,5.769987743676472,1.002016049379189,3.624025973994806
34,1,129.0161541490725,88.85204690068575,2.1695250038359037,0.537474290260147,2.1515441961988166
34,2,59.892703436816134,36.39391571195808,1.5227491863968714,0.5391459123708606,1.9731810336843385
34,3,48.69185790776015,21.229458298811224,1.8866516577021746,0.35232997480319383,1.7187297818914549
34,4,52.314634504735025,21.940011151201556,2.3341161417696723,0.5512682407830516,2.1198769739796823
34,5,69.9706490304884,34.85360816711328,2.36873818748841,0.5933764387758567,2.2461776535317144
34,6,45.572938139296525,9.520305135257068,2.824292770960288,0.5725240002035039,2.2789694950931696
34,7,74.8097744589295,30.813918940682626,3.3718219835829606,0.6827183452866317,2.615267863013508
34,8,61.822852417387466,22.239726009326176,4.173967084055489,1.0992366132123088,3.8185007454172046
34,9,57.4027467193046,12.877616569196174,4.851909331941606,1.0941186690170905,4.130333083276854
34,10,59.00861097495387,16.31493774380477,4.206257125042771,1.2216018237752664,4.394860493753373
34,11,41.97738895320352,6.76302169352717,5.137138027493285,1.1298358964276272,4.201641860383047
34,12,45.987850964247855,9.287448642710471,4.463804690597481,0.6305515328852174,2.546903675657805
34,13,37.439766935307716,6.3710938322012165,5.495669410616481,1.0778569238018143,4.09766963482978
34,14,46.8485618993887,9.072678998473387,4.981927140019289,1.2215617678893498,4.727032142079079
34,15,42.28907776764796,8.139082980297044,4.314956646036139,1.1455829479261102,4.21402070019639
34,16,53.911928749088936,12.62873783837969,3.7076683315147534,1.1179981508142465,3.905521495976104
34,17,62.438776295264894,15.341938469698768,3.7744646276079004,0.8317283605215038,2.9516877087975715
34,18,36.058865259708696,7.43565354366366,2.9765843318605913,0.7560362054009007,2.5570903937354914
34,19,29.279394947857433,7.542254987675127,2.442707922134859,0.6631852998160945,2.3009328412051975
34,20,39.8552592960866,7.144729723772418,3.40596293220315,0.8350010105186163,2.94776162277304
34,21,57.5364869709819,16.34192010995782,3.147083395782437,0.5380289444394348,2.306408322613581
34,22,40.42256828674289,8.54775666616434,2.5982871918137223,0.5722453835338248,2.219387436216877
34,23,51.29964629486392,21.333668937675643,2.385237399746768,0.43647011800615854,1.916923036160558
34,24,53.31791419563132,21.955211465323874,2.0886127113643322,0.49336605653785437,1.9602229756937894
34,25,36.20760313734018,12.693868456984857,1.5657592581121136,0.4207214812303879,1.8179997452029069
34,26,48.73241709860259,10.775308641075238,2.437863996359338,0.47413825035872836,2.05463620319261
34,27,47.473807603709034,21.519379159499387,2.5342959832359386,0.5918532021675267,2.1831618688272103
34,28,87.17167064154262,45.7479593257041,3.4037916398059207,0.6284024131313273,2.467769946091447
34,29,28.67726875436457,8.340018717844274,2.1151787538602145,0.5222581612062527,2.0509700211601904
34,30,62.32328428174979,22.66760341192043,3.831027865824836,0.7458359727441466,2.865953752114828
34,31,75.80544870343562,26.113088354465937,2.5814148332569022,0.6061497805075429,2.3352107131512483
35,0,18.2070333562576,0.35961000718404645,5.6044461768898834,1.0402909445822353,3.7036489517929394
35,1,41.16538215079546,13.777399148335485,2.133615927336528,0.4193137993710381,1.8973691252894895
35,2,34.439238875144305,15.614860907173673,1.098355196142939,0.26797608549710095,1.5246501394954262
35,3,20.72555746377691,3.50143317974121,1.7499766809544672,0.2658047541591033,1.565874416149135
35,4,27.240324325587334,5.015852598914135,2.4353369944974412,0.5237389108346204,2.086059698989628
35,5,38.33908283024341,7.529125307813777,2.5142491272164444,0.6363808096947845,2.3446972557089594
35,6,44.25372100887918,10.609178476210623,3.1170869120165174,0.6128964232312111,2.4161437814443416
35,7,53.35423166493608,13.314359427245282,3.60511454063053,0.6716829046647366,2.5592021226391806
35,8,46.45233945736024,10.946537327972656,4.926312679522097,0.982560778893312,3.480122202341052
35,9,40.33301844605721,4.1312354445714226,4.859177968772084,1.1511818310178992,4.351732854621703
35,10,37.32765850126208,2.752551528079491,4.072788916689259,1.3149698817612343,4.61939173889728
35,11,46.888362478067094,11.023927406810936,5.265553231387008,1.0605487686229669,4.087619509024607
35,12,44.18349011616506,10.21632180498155,4.8135195520653955,0.6561986027721991,2.6039754546077254
35,13,45.94973505289934,10.620870787412791,5.865445364825541,1.0987930181475507,4.254369021490521
35,14,40.11930139842518,6.9108652220416324,5.330696512156771,1.1956800195668338,4.5627955236008955
35,15,35.56257872494615,5.338064261930358,4.355831770805018,1.1617940098206754,4.1534402331205404
35,16,41.49156133894931,3.201636794672364,3.3198435229951224,1.108849007425559,3.7008142973253824
35,17,33.7930620057867,5.830219541471958,3.9424518362414496,0.9390662563604089,3.2872464341275225
35,18,21.729957844407018,1.4860642156022803,2.937407442599526,0.6471848360647372,2.324700446189069
35,19,22.047682633807252,1.510617035733893,2.6599294474209376,0.6499182531887646,2.3336827990853135
35,20,36.39232884248395,4.77915224649682,2.9673334055180094,0.8393396351728231,2.8933160430737397
35,21,45.46319402358333,11.20578378466535,2.9706313086765053,0.6604359080157383,2.5334137220780266
35,22,32.83931865929565,5.951634050683482,2.611000185959747,0.6600141120372598,2.420867230366781
35,23,39.33843577235221,11.517967082649436,2.0539786157004603,0.5297888410920351,2.0013067162736187
35,24,23.89303427743831,3.827304451077755,1.7436835419987797,0.5128622928098212,1.9413430851525488
35,25,26.554774699471757,15.11410543250971,1.4894725710786534,0.5062928548446479,1.9497949258910485
35,26,35.236387298282764,5.2591865674216365,2.196601798910846,0.5439880911935613,2.150435544101535
35,27,24.553125323152337,2.6344296875409086,2.122840918353987,0.54444047133806,2.062276705136041
35,28,68.58541392779071,38.609358712313345,2.7005978806922935,0.5227752175015805,2.1327095427376968
35,29,26.93974605706139,5.49984077301154,1.9853759251104455,0.49893203526952856,1.9592199320583208
35,30,39.96962861922266,10.207274191089812,3.2681048136846567,0.7067330632236,2.6496706706885074
35,31,69.21856629289752,32.25231220106738,2.44335648913429,0.59636668862156,2.304260353957365
36,0,38.1363033136751,9.129606586540792,5.84743499366963,0.9976473601937279,3.5767235375059925
36,1,39.26179278280979,7.684458578634155,1.974599524803486,0.4155523155467611,1.8534948503135202
36,2,24.981193036878846,7.7325519931399835,1.0861803964061287,0.30367472953500196,1.558999349781634
36,3,27.118722469957532,5.462255386129267,1.5027536422622356,0.1933404853482399,1.4175135430451258
36,4,35.36468015499955,9.112603882124327,1.984169917295377,0.4263095790949549,1.8364996954739352
36,5,36.249925810149435,7.909400090993596,2.119781344503407,0.6049115974561952,2.1891604064049215
36,6,49.01718646377137,11.163735051362506,2.7789283764024986,0.5404287052576002,2.232940424792358
36,7,28.440227392037194,5.0504218430901675,3.421106572911058,0.6205198520988136,2.3870127926961016
36,8,41.05496819377893,9.812072044894093,4.311824974021171,0.9911118486853869,3.4557437043552284
36,9,48.27432966997798,11.059018352091408,4.802572836994479,0.923867950400667,3.5703033499457204
36,10,40.87883340273305,6.043908500094968,4.081558863999667,1.2780997981824438,4.503872003584096
36,11,49.16884525252564,14.887975536050442,4.905349956462775,0.991043032753705,3.628147862507229
36,12,60.56540151994041,19.075233787377655,4.347489599220738,0.6239914084816727,2.4533962567709406
36,13,43.32915921542843,9.885505398988805,5.2326637471098945,0.9388640521510192,3.538246862773875
36,14,57.06579146463393,17.171927086842775,4.3383824768187065,1.049435999641818,3.7882469759049484
36,15,42.28999921340926,7.8775507291571865,3.9577370633618503,1.14530345462147,4.024517815898853
36,16,39.93562584797918,8.522887474487074,3.3821114855912966,1.1033108980591337,3.8570132635957273
36,17,27.259505540319218,1.5986757763384134,3.7712900740226303,0.9471912896683108,3.2472866654125836
36,18,26.883017092107107,4.047841620698501,2.598433900495417,0.5442879166967041,2.10015751981299
36,19,25.475895611758105,4.911037858904196,2.4490754935185457,0.6084526952564699,2.202492303082767
36,20,31.861415841224936,4.573008834348569,2.7878278870796076,0.7748796127832347,2.7201509717331374
36,21,49.230380108487324,9.815244323004613,2.747316858044542,0.7218263798579438,2.633033024429617
36,22,37.452912591371415,12.603693251045819,2.3052662147785945,0.5093604096393456,2.070236340624607
36,23,29.206216401914396,8.427467464130773,1.8376467631844173,0.3215721835974801,1.6777878702679554
36,24,26.884150011588122,4.917955110803371,1.622499324632233,0.4131997716908167,1.7851091505225485
36,25,30.160087776078846,13.544417688833803,1.3753589200319734,0.4185855061341337,1.7996239871091448
36,26,24.670714798146875,2.2042872107253935,1.9502112116129422,0.5080934787341973,2.0368231232098433
36,27,20.646362428858417,4.066268031613422,1.8804815486401663,0.5790296377125133,2.06211445496651
36,28,42.7231739325522,10.624147917411355,2.513318168065273,0.5143515858825212,2.0903323923703936
36,29,22.673686506615244,5.238135049396027,1.7796392397154681,0.48302695589498845,1.9005272276028187
36,30,33.779182906669135,4.1857501119842535,2.856491976155696,0.6760938231028693,2.5110838243393703
36,31,49.8714246188242,14.241658763649543,2.2989539933529337,0.6276741295694959,2.312667337594186
37,0,23.58963217830769,4.759269498672107,6.027515502987843,0.9850181506617872,3.4600785029269603
37,1,39.936157377872725,16.809532133657093,2.1652134271459307,0.46133131450413245,1.9579220734264857
37,2,15.681281711448365,3.5597023443922993,1.006595767919922,0.28285613999622705,1.5049872766793488
37,3,27.881030958691372,8.711179631534948,1.839980305864844,0.2778649014107739,1.5539869427890507
37,4,26.542663215403962,2.703294508292015,1.865757858671134,0.4269545862209352,1.8390866531320795
37,5,36.98293681027046,11.331064124846776,2.5332647255045626,0.6781471020111693,2.417315451552735
37,6,40.5036639146992,7.0782047763016145,2.75503408503351,0.5406582300827241,2.241411235683221
37,7,34.599636052395375,6.195610573330939,3.425601430329605,0.6378026988226821,2.473547177499351
37,8,31.999998496529223,1.8607266594521945,4.1576176103871525,0.9272401580148824,3.249825289911813
37,9,43.977254533729145,8.8147138974015,4.788319796143796,1.1172771711559504,4.259594645745782
37,10,38.67236935217679,4.504399687475606,4.295129370425564,1.3255020296432516,4.789113719626591
37,11,49.642120191590315,13.843961147981139,5.147574882584238,1.034437051422045,3.8223340234788856
37,12,50.25524771298045,14.902527319675983,4.468907418660788,0.6345988522255865,2.5079499441018798
37,13,33.91648727927431,5.843935070824848,5.441279395051524,1.0435148561623695,4.002456922881767
37,14,46.87702701808614,11.002262421791631,4.911957517115708,1.1501590304725244,4.31560067961732
37,15,53.18232139755646,12.472761883883289,4.119851578962059,1.0146704073011925,3.742251855868676
37,16,67.10108858543137,21.281200827226286,3.6250897867636382,1.1930554969339457,4.1485361463840995
37,17,67.28785015159237,27.737497061285083,3.953653698906476,1.0935443217349574,3.650496214939025
37,18,33.01069455796923,6.120083496891502,2.5153971801750155,0.6541096909727306,2.2836759239371083
37,19,46.89040106928148,21.4462038510078,2.448304537491342,0.663657738927379,2.3536068141344573
37,20,51.836286058077015,14.22471218351729,3.004043126065163,0.7399228189097853,2.69447954730486
37,21,78.36536882126241,33.10866633650479,2.583563523495008,0.511788887793184,2.173995874053632
37,22,68.61965042743319,34.85136785126345,2.4938317285315805,0.4470253998188083,2.00473591635016
37,23,60.6628824955137,28.66660420840133,1.8551265248028068,0.37662459519008085,1.7662843799934769
37,24,49.115701531129034,21.67731684330593,1.9142180226530328,0.5083603462252082,1.9865332472999684
37,25,38.46741148670428,19.602319246019995,1.3319472046137826,0.3172299147348596,1.6422428234941886
37,26,68.4707818560246,30.089767381651598,2.5594615185529705,0.6565171338039337,2.447715131014686
37,27,46.05334045814242,18.869522744207416,2.2243275501488986,0.6250246143261124,2.209152817474754
37,28,61.75808716889289,23.913747042530836,2.7995073060580804,0.6410368234384087,2.472354202567308
37,29,34.576483193767544,9.416523696819157,1.8154551651783053,0.48694262047864756,1.948987177992971
37,30,60.48277205627299,27.495028379444914,3.6564805127329274,0.7710210495541547,2.9608327214275554
37,31,70.02863288557592,30.52355526907646,2.8135397052361664,0.687083949050058,2.610552560697764
38,0,38.69421268990512,8.71145062688104,5.771444285225366,1.0128895102657571,3.6104223490919787
38,1,78.9850716241919,43.77195512592779,2.5072150643042774,0.5210699784994541,2.169222051942807
38,2,28.27512698205649,9.22228539956625,1.1353492191971741,0.2755090716957982,1.545800343692887
38,3,42.9192746160938,20.45716063236479,1.3568523175950071,0.21444510981689158,1.4531079040070563
38,4,62.00760056954872,28.542036011980233,2.2757469758902156,0.5170703788258324,2.068873619411654
38,5,70.4022424588594,34.92151558660322,2.9809763677532106,0.667665417088406,2.4873629598575575
38,6,52.1927670968138,15.93551141911577,2.9285649141497325,0.5841435311973582,2.300571927450226
38,7,53.42018698295918,19.06331537289362,3.503638185856188,0.6535818563345295,2.5160022934064594
38,8,39.260437869826625,5.710540732581803,3.7705499272391405,0.9292894193908925,3.1853621048383927
38,9,43.52941515690793,9.08920944357616,4.241464462901816,0.9799580559407062,3.62339982537709
38,10,51.01240807672622,12.184954929081517,3.941549278012685,1.116035759247353,4.100611558078658
38,11,54.68121286451277,19.4074622452072,4.924486162344337,1.0701085488618718,3.9974396091591378
38,12,60.91326356739656,24.704689926509058,4.556313472424458,0.6640632261500627,2.6456919312917724
38,13,38.37387713137807,8.459185824717522,5.146594723345887,1.0994672679897288,4.050362437711478
38,14,47.33588967212029,8.489664854355834,4.7756488033440565,1.1169019178086526,4.313022497653878
38,15,60.1536203813411,21.88525259449878,4.2753110445030655,1.1283214625720381,4.088044063390969
38,16,62.23309748716858,17.362174862660837,3.470153505074525,1.096771946487494,3.7649479533878507
38,17,48.254299338193185,13.012567970424808,3.6714192412686213,0.9613475000652496,3.281344444350141
38,18,49.91046606561483,14.888552906672883,3.0877106891210815,0.7365620238084101,2.5742429981909645
38,19,47.26770849904079,18.3560230937416,2.3346914786274944,0.6778733991283454,2.3349841042434067
38,20,52.68728917486284,13.864803677631677,3.2206428092724764,0.8644724181659136,3.0184407993693996
38,21,59.55488727720227,17.012549495937996,2.7674903236555695,0.62274514536095,2.4078690953916464
38,22,78.36584384006254,39.26919414556099,2.9567736054031597,0.717353072186421,2.6508800308526066
38,23,63.9828382951554,34.14035603942588,2.3559459619871874,0.5143981602360062,2.042138898151387
38,24,62.690881598081205,32.19892578134849,1.9671747611480592,0.5025173975936363,1.986828365479358
38,25,30.77856462022303,11.817686030114439,1.4814040131511328,0.4101537731974727,1.7789971482462605
38,26,69.98049421962546,31.181711008100017,2.2955781436734704,0.5484918768430056,2.1600802862144315
38,27,59.77510312892959,28.411479341428855,2.423200410672543,0.5728343563986247,2.146279676523079
38,28,75.44243229432688,30.359910411332223,2.680180267158124,0.5055193676504111,2.091439539867936
38,29,30.125308779113663,6.830853934716315,1.8571432644901822,0.4298933207464899,1.8207245504806175
38,30,50.505009844088676,17.42289047850538,3.5817867209768623,0.7275522795243115,2.714299979705569
38,31,85.90895806099886,33.83866276146883,2.5120486744839647,0.552109135019287,2.1820125300422815
39,0,15.918004356443191,0.5293710538870675,5.70135645153655,1.0262200927888925,3.6420579278695864
39,1,56.206229929361434,20.731314309042226,2.1328046488876025,0.38756687400288126,1.8241499890489685
39,2,18.008398761372607,5.017697739096456,1.0944171391546766,0.2694139849400581,1.5308260885168188
39,3,25.11773653853301,7.8456030609144305,1.6041206817065228,0.22314863942832242,1.4840331896519643
39,4,32.098220597879184,7.858879624675399,2.3262790886625586,0.5394811290462229,2.056839685423363
39,5,37.192520974661804,10.01594030463238,2.8119708813585933,0.6069233026706238,2.306456705008557
39,6,42.22899512169834,7.9113092875878035,3.012755274046428,0.7236060560063398,2.54811754575165
39,7,64.90810751454958,25.42008589234787,3.4052329192632724,0.6297189889958936,2.4585273555936804
39,8,53.469366809012435,18.94897699124026,4.167608093710399,1.041051064319924,3.5854671285662274
39,9,49.43495712582155,15.149258516952138,4.724213658699,1.0301801336792904,3.86198730698954
39,10,33.639497381639444,4.221311592797713,4.174827648773684,1.0425254598499585,3.8011860001336086
39,11,45.15189010226204,8.26707274914394,5.141434669023347,1.0034194585600655,3.7867414924668865
39,12,53.970072627443855,17.127282969211798,4.389915516606885,0.664679199405044,2.5991874012251053
39,13,27.43397191590939,1.4805038692887376,5.415158095393956,0.9279471568964563,3.546341953155503
39,14,38.11890667619421,4.543474814573006,4.846484009682374,1.1028465648782984,4.149495696716583
39,15,37.45966612948155,6.277196732416337,4.060426394125594,1.0946964646757769,3.8968162128763884
39,16,35.42795235395505,4.358227890547263,3.3672136940256947,1.013197651803774,3.5234921554031033
39,17,43.70229727787101,5.632333241673026,3.727250553933273,0.8307283145894697,2.9947903640481677
39,18,32.73906027143297,4.2029746372168555,3.1808754424360988,0.6425963254563021,2.4049598666882406
39,19,34.4946173526816,10.211342766474619,2.55682277778791,0.7232008921837316,2.4693885152869717
39,20,42.9609752281071,16.5188318437145,3.07066205594123,0.8811746775823792,2.994738679299859
39,21,35.999653764662526,8.729573935510828,2.9274780832766973,0.6682459549963404,2.547436485078529
39,22,31.384114250875093,5.7343377930556745,3.0535029491960697,0.6533885602703169,2.495861922535138
39,23,42.15234286359288,18.745197896431613,2.458301774307948,0.5812992444567078,2.1708788057286954
39,24,15.757428586063433,0.3083042857302505,1.8709777562138346,0.4385891935681152,1.8700965952823678
39,25,19.33558234704806,4.513791929004128,1.4727982826210284,0.38884590285985743,1.7516094203630095
39,26,21.870679297434876,0.6405011287555747,2.372056157602294,0.5500811018733551,2.1706419289410315
39,27,21.47219443891785,4.2532815728416695,2.224039955297762,0.5889587640993303,2.1568548541906845
39,28,44.71716982573786,13.301456511939355,2.5801512096719645,0.6728173793091918,2.377016676743757
39,29,24.219471543795677,8.551300766184472,1.9483397472931085,0.4877161117551094,1.9216362231768567
39,30,23.760601845255707,1.7749802550436997,3.451765536831515,0.6795117015744365,2.5835575006535536
39,31,52.06370204790521,21.001241495808788,2.3871611323755006,0.5590949431614742,2.184270064831672
40,0,45.215109872087595,14.992661838161926,5.841713694390181,0.8973157995041774,3.2132636382083466
40,1,63.97868737858424,27.105649558653894,1.8986651599604167,0.3813358130265714,1.758692068037511
40,2,35.58977345331169,16.195114912554697,1.3219500147803673,0.3573361018814776,1.6621515471311894
40,3,54.84141598082927,29.66019622935826,1.5769350920041243,0.2439394058580291,1.4753415385407778
40,4,51.04958128043016,16.722202015518015,1.8145285911339961,0.46329305044240554,1.8517801235873526
40,5,78.90040575812073,43.4129716637857,2.8801119514567004,0.837952246505183,2.81754218996816
40,6,51.49238981074123,18.824235518796534,2.915243504650248,0.6062674553026892,2.4029775148466856
40,7,56.43266810036148,19.192179138690328,3.746598093513204,0.7668013142150878,2.7859554909099673
40,8,61.004188515995,20.986253183293726,4.71209031403429,1.0709882296184112,3.874750350420507
40,9,32.58132965905048,1.6978253961564873,5.007522373195929,1.1057532622288804,4.206516643540938
40,10,43.662839625638206,6.548835530989184,4.281832872269849,1.1339598994223197,4.0341217783215715
40,11,42.23856367126089,9.676769857704613,5.147808056707108,1.1129598384300117,4.121445549155737
40,12,59.926602852650646,19.794440426657165,4.368974630858064,0.644270921295444,2.581170558772789
40,13,42.047570595497774,12.277828766789423,4.717120362700426,1.061872920194606,3.966724435786955
40,14,49.581715078103215,10.195363048945174,4.14132682848652,1.0832420615348868,3.878263646480059
40,15,56.63123529637345,24.249155717012812,3.3957098105925656,1.0573116028634333,3.5157006695372184
40,16,71.07680703210711,29.20381991714943,3.2988012230685997,1.118872496369797,3.9105894787644857
40,17,54.674215086627996,15.572170645126523,3.4383533248399876,0.967827641465481,3.198243176089159
40,18,41.43568955601137,15.214625740646147,2.726627579189041,0.5536638187036629,2.148591865678354
40,19,47.74770291894776,18.690986373260145,2.324691940681062,0.5333271813756055,2.132380007668362
40,20,68.77295438711606,32.31425434251207,2.8329295638377445,0.7988282296657054,2.792566356322067
40,21,77.39423720851659,28.374322819586414,2.3144253952089286,0.45003256721893514,1.97591490150948
40,22,85.69855472138822,45.029548426918765,2.163923133092351,0.4634063320705746,1.9389120839398644
40,23,88.99908714934688,53.202890954863676,1.766355177117174,0.36582562504308513,1.7019791214667377
40,24,70.76920659332139,39.78073501648474,1.8543726142372492,0.4908474913080596,1.935465905816158
40,25,43.543434703995054,19.95164850896887,1.390095270129517,0.31499665664243826,1.6390276776460302
40,26,68.00307203373578,32.28873465213952,2.272093783554049,0.5628334953800191,2.162083354588198
40,27,54.76265100046427,23.059912958912374,2.450021202060179,0.6466528419974793,2.263076916870569
40,28,60.14856003847658,22.353594735900696,2.4185573748959186,0.4476505258982364,2.031055668119686
40,29,32.83911259756073,13.264731312892115,1.8361530820354113,0.45593660936768154,1.8998334514822717
40,30,59.53596370182611,18.698482956771493,3.6041497462782726,0.8235028166652238,3.0575637379984455
40,31,93.14417511881676,42.676139153149876,2.5099166529323136,0.7026286416210037,2.515034301302964
41,0,53.88816653772497,21.465251000643647,6.199971668164473,0.8953601020970634,3.295115866964525
41,1,71.81059382149775,39.354962327094015,2.313458784967909,0.47911525008308553,2.004906103781787
41,2,35.49563073375576,16.4772277318937,1.2987374638268276,0.37321438885788494,1.6987038182669343
41,3,61.085417717216394,32.90914818982025,1.5499288241914533,0.24577916776763886,1.5246390276404986
41,4,63.846145968243135,31.28898960469117,2.229595849827301,0.6177109921401871,2.206730430663392
41,5,88.48500801015567,44.089360484022095,2.8916436449365506,0.6890714413557282,2.5334052785466294
41,6,70.2617339170785,27.929034167395223,3.4688526274095697,0.7102935275960114,2.7511282846890874
41,7,64.09593849842639,27.59803723137386,3.5330054120089156,0.7319557244245032,2.697807591468737
41,8,71.73688580730467,34.197564700207224,3.856156852302248,1.0582466226930984,3.6479558444212814
41,9,49.61381755728388,11.381554450306053,4.62906374201965,1.1156604923108882,4.10482731148613
41,10,45.30620677871291,9.532634954672481,4.239004085844508,1.1041222982441035,4.075850511798495
41,11,47.6753162009274,12.449837371508966,4.932933033172331,1.0199507099020764,3.8366522360399378
41,12,44.26140050515652,9.501058976840929,4.40854772565405,0.6625882375322396,2.6344731188410146
41,13,31.861175392028095,4.30479708439601,5.25517335060933,1.036820015565298,3.898939732303262
41,14,50.46943297135707,13.980377462318383,4.568333848733619,1.0079195991791918,3.8363454741914573
41,15,48.45594346237716,14.625933066738718,3.946240366524961,1.1185567055528907,3.883329674300276
41,16,55.00640808484757,18.49798948589044,3.6172880357355934,0.9968697146574046,3.53781347457762
41,17,60.4338073248536,18.39070468387263,3.5926220277754375,0.8337183687634546,2.9825439873071384
41,18,51.725768450046644,22.02017669898062,3.6639502913979065,0.647342636476365,2.4826025300724646
41,19,37.556207106564784,10.769237843222806,2.7652607891896586,0.6518154145392345,2.3788984755068188
41,20,62.18793049737444,23.136757449938443,3.1235167213703603,0.6979229172882633,2.594889440148601
41,21,69.88782322070652,19.82692690374256,2.9854723336860887,0.6109553143842299,2.421591032819194
41,22,78.99347283166807,37.549626955620695,2.881691741033083,0.6250752385101808,2.398122708081256
41,23,46.220430992628394,20.449581846478047,2.3510348834899624,0.3948433055214897,1.855256629542403
41,24,71.617291598552,40.38807784211392,1.8139540897139095,0.43877105874179856,1.8520381651283202
41,25,40.00863823499843,18.63204084412807,1.5525794027086484,0.4193753373753286,1.8195621719011326
41,26,57.59748839224943,22.789608312620775,2.717067318606099,0.6604358435391395,2.460499323848008
41,27,70.25240525455482,40.84840192375375,2.5626241026754366,0.7386567409128659,2.5256112823905257
41,28,59.823300519951175,20.885866442184966,2.9261595798297133,0.6091969412722253,2.348429898097022
41,29,33.30595539390785,7.010037873829137,1.8255150142282135,0.4443999018615936,1.817970605135437
41,30,48.92865709790428,10.38871373046408,3.521772955696383,0.7732277985729281,2.8737425089010857
41,31,92.67074962244882,37.533999478728035,2.459449605150629,0.5465495774963958,2.1820297746885173
42,0,48.26186070457793,18.446728073623866,5.916069041596375,0.9020791702998414,3.2441401598705943
42,1,68.84803111402488,32.5539584882671,2.213256018691415,0.4293682839633268,1.9087814365397964
42,2,33.37552714192233,15.056246088158868,1.087838547287841,0.285320663536913,1.5316124718108493
42,3,61.23956378293759,33.24237563489736,1.4994907808561284,0.2336694913116133,1.4549765207866312
42,4,68.54960071439487,31.959646403565976,1.9715072316985571,0.47479119248276547,1.8920902717965025
42,5,83.0831081175875,39.625547842058424,2.178357148338777,0.6158551898012972,2.212380096860707
42,6,107.56849616775551,61.25860910589576,2.513706652432939,0.4621309447322126,2.032038518734178
42,7,61.42623243194981,22.22923749234464,3.4613569995061955,0.7312708565971402,2.6475144269489497
42,8,53.05451216972242,17.298792176274,3.9506827249578222,0.9445225035450715,3.2713465594692446
42,9,45.09022674466014,9.70245565951219,4.599673246213856,1.1633144715204482,4.388525640825629
42,10,47.2119664856589,10.785264482379633,3.727961782631076,1.1286864069656781,3.936579791771537
42,11,43.30368829382648,8.815906229941907,4.899642651919926,0.9912587949854599,3.7546379855444694
42,12,41.70521529856114,10.440911582205018,4.270513129956088,0.5782475437001438,2.3962248775780726
42,13,38.37456771975047,9.580075845502304,4.586994099849569,1.0446309831389513,3.8851793870140705
42,14,63.45591129161637,20.98761693097619,4.215901679008832,0.9600500127895408,3.5344331283866564
42,15,69.32561519537892,31.206149842810216,3.3910983242337163,1.0612295108944552,3.583575725912053
42,16,64.83310273819635,22.377979946070766,3.206442144737618,1.0409993527289605,3.592910825767364
42,17,56.4628035797997,18.03146919688342,3.51721202835543,0.9412697189796946,3.2018929049205247
42,18,53.34487708309603,21.837582802833325,2.7189613709073566,0.5826168426890521,2.220712250855001
42,19,57.12708042470738,27.77518401184254,2.312861009882991,0.6156470508291259,2.2754301634717646
42,20,76.09599622554502,33.54727850670845,2.80566468768224,0.7370714777070635,2.632791716424635
42,21,80.36682135211768,28.447467522328957,2.0203773039565167,0.37618521982853803,1.8090061296222024
42,22,83.43939893131201,37.9874221876246,1.863963027854191,0.3417080432425972,1.6975884798046956
42,23,48.96326115042981,21.806597577309994,1.6888178947055126,0.3085206917611236,1.5959225813170712
42,24,65.50518355605931,33.47632042035484,1.724794743530417,0.37311415316081575,1.7319804096617153
42,25,42.04044587398546,18.44660312192316,1.2691148907648642,0.24189714695890507,1.5024479163961104
42,26,65.93920650309349,30.628471466197468,2.4106500220309814,0.5719040564075737,2.15378900812061
42,27,84.2551460704486,53.10933700567475,2.2701834862200454,0.5391781852735593,2.048617048546495
42,28,74.80051223171824,32.06483303261429,2.578639440966279,0.4713006518867906,2.0760055439013234
42,29,39.70330042540539,13.594557571092853,2.0653789756826084,0.48828017943202573,1.9676208275328335
42,30,53.80218464325529,16.559805111757825,3.794530165530074,0.7990219745714864,2.939239358290237
42,31,106.31289478924452,46.35099557549228,2.494776437931995,0.7192119809446162,2.5917665592786343
43,0,51.95539379630024,21.606766596346105,6.103613543910908,0.8909905774741862,3.306083991079099
43,1,57.18369671623789,24.86139775270508,2.2123575253275436,0.42488840059703703,1.910808737801806
43,2,30.59775582821859,14.346369445881308,1.2502866673135766,0.2911151462265995,1.5864910848754716
43,3,64.54078462091466,35.192570183148334,1.9049797556866723,0.2804254628398777,1.6131403695688806
43,4,70.16860058621931,34.734088083964146,2.7497585328190017,0.659571690073125,2.4164071790259283
43,5,76.83256528030978,35.7759515722108,3.115042071132563,0.7248353111633383,2.656697858291261
43,6,131.53422791470177,86.43133602760639,3.737775824115316,0.8028685114168828,3.0346883379761787
43,7,87.58072272732358,47.5285900329243,4.076395168303511,0.8133159542831576,3.111917525851217
43,8,96.96663460769804,55.241150996816906,5.044855800587483,1.2314940650159691,4.6369492103763745
43,9,71.17554275980592,32.23366718778661,5.107237878377032,1.4674971344551953,5.851288847021568
43,10,78.61859613590855,39.12724315850375,4.768317517780169,1.505164695714809,5.835147329290745
43,11,52.00229328029534,11.551404130400051,5.256203093406223,1.0956388803704211,4.234864933376593
43,12,73.60278727906116,35.66493764806914,5.0524413883010695,0.7622912431428244,2.986526717485825
43,13,52.33443910461223,17.546809371379204,5.744313529498148,1.121590359876933,4.409020713127829
43,14,78.52756866777634,36.106640022475815,5.172090507607331,1.165566670224246,4.639540160578881
43,15,88.94895180038763,51.46945531036019,4.128434696224256,1.2863669993766331,4.679994996909343
43,16,51.23924052669297,19.634342550537568,3.401768364270331,1.1288919285428785,3.909649375094613
43,17,51.23273466551508,16.636244907693932,3.9835555330905548,0.9351604071229822,3.3750711397077544
43,18,31.053965902101943,9.845080502904738,2.9513976386289826,0.655716433626703,2.3881496251855485
43,19,39.16916474730642,13.208615327719832,2.7753000277790387,0.7989921216049365,2.697454139189248
43,20,43.06768456357801,11.06466091745788,2.7768785395009625,0.6657527780087094,2.473847599757712
43,21,48.30366317422482,11.486526845611406,2.32514614355163,0.5145585898766001,2.1113199935921156
43,22,45.39793586285644,11.609710735891575,2.3906871450146063,0.46584805717083855,2.019823697785838
43,23,50.73209152437258,18.777097944890585,2.3173274344727175,0.49241151798679494,2.0467704309068444
43,24,44.30902660768891,15.59640885957829,2.0149061751001036,0.5488724386119253,2.1141246783866667
43,25,47.09153251689855,24.525536610643822,1.3977368755964448,0.46195805920690614,1.87241820910807
43,26,40.06532160431546,12.635951866816065,2.3789508424137438,0.6251435952290905,2.3497356426773472
43,27,70.53743854729396,45.698651785783866,2.481370300860111,0.7956133722486909,2.633935170576957
43,28,69.28700912962935,25.50585161723521,2.5527474922197957,0.5604654908300803,2.2439875945042083
43,29,38.41668119994585,13.598948887196643,2.0074451470568175,0.44074783075811785,1.893767163164311
43,30,54.618679098929526,17.988337780608042,3.761748522862988,0.8855449145466889,3.2222119649859033
43,31,90.4106638313181,31.994645886774865,2.691948302322667,0.6909037979857624,2.596106413270576
44,0,36.0342493684064,11.40011738760633,5.677941876983564,0.9760884572280659,3.5523602225411834
44,1,26.451519066260055,3.15351977364466,2.411689290726805,0.4799758534557559,2.031758645271877
44,2,23.42259487749935,7.619403853020997,1.44749414770449,0.4061814768185059,1.8068230970848598
44,3,27.050572904388925,7.1157621526752415,1.890311077031168,0.3135363759841485,1.6793985812463288
44,4,46.79427341957027,18.075109616914997,2.456245881218566,0.6216278781504099,2.2742799373656735
44,5,59.940201697370725,24.79867452426207,2.9283864700396256,0.7031248901000229,2.607379672648993
44,6,68.47218350550115,26.2921335888636,3.1219700191699027,0.690559449594708,2.6205953446890167
44,7,86.7062605435118,44.74348855743957,3.3927087152115014,0.704736958912271,2.6391484770738534
44,8,96.57717963740626,54.22120152044864,3.3889716340860736,0.9536679616898955,3.1837165446501774
44,9,75.77885636852918,35.07011093082568,4.464980263216342,1.1023576353486462,4.056798920803066
44,10,81.23995415541702,37.628433140629966,3.9556579387731023,1.1055195220106047,4.017993820327057
44,11,74.33201626325665,32.86610326447488,4.852720903662721,0.9916361483410938,3.7765600999694526
44,12,62.69306431753041,23.301226173005208,4.351222457745376,0.6491195886598611,2.5809141486236324
44,13,59.36743723124537,24.766736805461406,5.3407126245094085,1.004088538048432,3.7997525708702895
44,14,42.83443373097393,7.134419374436733,4.723786740240749,1.0660870524785446,4.104727706950391
44,15,39.84551863109283,9.776386810036533,4.145054683024551,1.1330126900390578,4.091858946146441
44,16,69.99561377150509,26.501270725839422,3.65054894596384,1.0406984830190464,3.7167565897421193
44,17,51.46504452064485,15.782523413717069,4.130779541021368,1.060454944577324,3.8223590956563154
44,18,29.80822760660493,7.0551584602943445,3.099914867159997,0.6293826574939878,2.4081218173072414
44,19,47.71705105809199,20.95804379953534,2.765375814620831,0.667579601659531,2.3971345729857667
44,20,42.802461034149985,8.75437517462822,3.3174091878655756,0.7833835830627307,2.839534820070793
44,21,51.18922942478675,7.6017873854750935,2.73841522126917,0.5784402850150236,2.3395194052066324
44,22,49.75675389124516,9.923551534478264,2.8460974311062115,0.5960660174880519,2.3555475274178246
44,23,31.569347143393482,8.538006832540812,2.4686206486895066,0.43600479857018515,1.9466228628153972
44,24,44.80486776994057,20.403213577570273,1.802919172172662,0.49840252112088734,1.9447842192034366
44,25,29.76437975042682,15.89665487427808,1.4639088574532024,0.4247103799802161,1.8076451493981818
44,26,37.58415954563875,8.845162895169468,2.559187689648984,0.566989681367434,2.232475538046136
44,27,56.55451309479345,33.39361928986268,2.4360776169241873,0.665535583161732,2.3392263177468604
44,28,46.49086621356744,12.110046081026677,3.095882353826471,0.6070070183438219,2.403626742735752
44,29,27.68548465207063,8.967749273260187,2.197965941874415,0.4841627911768409,1.9689925556853431
44,30,43.80776089721974,12.815467430952175,3.6795812973325854,0.8074290617329658,2.963721223282224
44,31,53.628275791855316,8.556727923952838,2.702981359590628,0.5644199245134254,2.2784442818001915
45,0,41.72209256946546,15.31238757874812,5.927296992202178,0.9596773675872754,3.4221796034401724
45,1,71.54586402139475,35.072807416323315,1.9147064834945837,0.4251953253193195,1.8519732808168476
45,2,38.341221294119016,21.07103878753214,1.3349329901612077,0.4061492524202104,1.7227450856539113
45,3,61.8235581029883,29.71977396717011,1.6883202127624464,0.22660032901802363,1.472667182870982
45,4,69.37272487425679,32.77850410794639,1.9942170104354013,0.48759582819740777,1.9162459060410661
45,5,65.71063633183444,26.052767332828886,3.0790821637992294,0.7530293483600561,2.68761936504433
45,6,65.91958809627168,26.116146467246914,2.9366210726906723,0.5758819976188003,2.3154101064085055
45,7,65.55697632349614,22.115385113128294,3.7270785262050037,0.7775101495879717,2.8649937514546764
45,8,69.88065230290607,24.924627998669703,4.517778557548312,0.9991277700190455,3.6197499072069186
45,9,40.031729950246785,8.775251785736613,4.972731052633307,0.9842620122543648,3.825641114852457
45,10,52.26167382903948,16.524784570990477,4.374648482718722,1.1793254665768789,4.351365441630907
45,11,34.34322960243749,3.057474636829233,5.206816308002706,0.9639858157948211,3.6690512825571586
45,12,57.93702103402158,23.63221624034768,4.561045918135333,0.7242541287060416,2.832241322080364
45,13,57.6276084603507,23.545001023877106,5.615338213349405,1.2135227364106136,4.6853123634133
45,14,47.12281964818572,9.819419416564635,5.001485585085674,1.0540334907099753,4.0784685536842
45,15,82.48239989418158,42.044615625396574,4.279469524015781,1.2237360273871802,4.610032653177418
45,16,81.66836778819345,40.231058135671866,3.5991595980442925,1.3243721092379488,4.676654622437513
45,17,76.83777513271605,33.62853008575127,4.124838181155001,1.3234765243813431,4.6913458283767
45,18,58.37580675912092,29.520341369994494,3.008039869852436,0.8270556608795094,2.8014064930710263
45,19,69.48559799278947,43.68122690991505,2.5677782411872676,0.7123656102940759,2.5042677928092476
45,20,68.88647550688505,27.319011622015932,3.2179158249696136,0.9865608383679398,3.2792293525842786
45,21,62.438930232530275,19.65012574364236,2.7644587888210133,0.6747389696877071,2.513774377057821
45,22,69.10963987861106,32.613718081697414,2.623493557394712,0.6482144095629665,2.390472975988762
45,23,65.9720864436466,31.78821794609691,1.8740781970935199,0.4412289285845532,1.8497083658824276
45,24,83.51482369538792,49.01960685803394,2.111435689849081,0.5927220611874695,2.1684048890560628
45,25,55.39943843949708,32.82050476719736,1.567085462468488,0.454783205629135,1.892118083940471
45,26,71.9991136356656,36.96069052700028,2.681526593409641,0.7587383530806187,2.6525127751487565
45,27,82.35651778656677,49.87382019503967,2.303981226907847,0.643409639605165,2.2786879541094014
45,28,73.84608900188296,34.41062121223565,2.91017811448211,0.7132224007703281,2.6675392461353895
45,29,42.33614459986913,19.143587635286785,1.9986238044093687,0.5984792762155315,2.183904538518617
45,30,61.8261678305695,24.326135440642233,3.8907941680715936,0.941382171159459,3.496791441513835
45,31,93.35048934961893,37.98703302268038,2.598404653817294,0.7687259453558637,2.719278243101877
46,0,84.66320502415245,54.16227742552058,5.703456491121755,1.3945164496989664,5.254539033337743
46,1,92.26465800950253,52.601005524203316,2.5556690397926585,0.5966974756515655,2.2996834792704934
46,2,61.61590816298452,42.08578590285772,1.5673700366140415,0.31873407207755045,1.6940846133965117
46,3,83.14044042662215,49.800555665437855,2.0671234192447985,0.37714595058849554,1.8036986031611912
46,4,88.35974920448604,50.53523436579937,2.8948795913374,0.6009565497647835,2.3203195611881235
46,5,84.59919282603084,43.66879241877821,3.172334065668619,0.7426820714105693,2.7242868675398695
46,6,124.5241303663483,76.95420057241472,3.935309788350026,0.7353669872940869,2.8965459770905
46,7,86.40016820207373,39.65666104580416,3.6050623353582667,0.7210393977980205,2.7660792701094037
46,8,72.72713482637236,32.068363426011274,4.533298816576146,1.19651130553747,4.31029708938729
46,9,69.0123233997355,31.682273848084733,5.096740497291215,1.2951668606452102,4.963923057106005
46,10,65.87427878155884,28.57445431869099,4.662811912731541,1.2271435201175276,4.765163774928173
46,11,73.443543066057,34.91642999353115,5.219360465680663,1.0747612721271205,4.066708342861509
46,12,68.57497136742316,28.895746044902076,4.632054385749763,0.7589432441477175,2.9941948016701962
46,13,41.27619700141935,10.556270558237413,5.806694057401636,1.1705999978411619,4.6017738067962295
46,14,64.6525696796112,25.0091774651248,4.610882515432751,1.063696469297228,4.092751525191206
46,15,89.11173609453542,50.88228736572771,4.185865646430836,1.019814457636798,3.881229336127906
46,16,103.52607245633307,61.91953147681597,3.774312504509244,1.1426473992947153,4.052337165076076
46,17,110.45986283989473,63.75303408601212,4.009533611531983,0.9945850017131974,3.5154821663377827
46,18,88.5392645445277,56.01558978197928,2.4926951454746282,0.7299311030144935,2.4889178211471417
46,19,84.47280878790536,56.52808781121627,2.828904225592675,0.6464536227873574,2.408872746392805
46,20,102.37162995621732,61.02940653385113,2.9414258516189626,0.7639044467777651,2.7328136486652927
46,21,95.11381207507304,47.51987776628326,1.8858893284148082,0.4345653711630957,1.9049373432703862
46,22,83.97170755163195,46.76571548021421,2.3465166462798672,0.660424765267213,2.317995770898763
46,23,96.51496212201107,64.10698301759312,1.8201255276813564,0.3617879553500085,1.7241105518551205
46,24,48.517954696061146,21.153839278267885,2.310953064663665,0.4888149388945551,2.0365690146005444
46,25,50.98454384516609,27.740175046065808,1.6717574282244172,0.3889411879158833,1.7918733210643465
46,26,113.03286300511469,76.23021034441734,2.6726758765795675,0.5803024815976161,2.315627218561444
46,27,70.674197462996,40.02491958623942,2.114188587318788,0.6756528322814521,2.3737301296357973
46,28,92.92178293325398,52.874018579906895,2.5167606496233064,0.7130821954612139,2.5932114902000434
46,29,66.96996099140542,41.77320848762204,1.9882808642124292,0.6162853027518489,2.213232516395126
46,30,83.79763344765485,43.67220534670117,3.623890642514665,0.7979800082587198,3.008328695937066
46,31,93.63335694688098,45.34999331454726,2.356541026605063,0.599949159331933,2.318816668617109
47,0,99.22857282415659,70.21785200143088,5.0452154914895395,1.0574904401247807,3.5467371618420387
47,1,70.18372128640925,35.30648349211485,2.405373499532152,0.719246395540003,2.4756841040123225
47,2,53.9665699028085,33.2514129404338,1.3591278055005354,0.41966505508884056,1.8263892639182542
47,3,58.04231699044134,30.1306900746804,1.520652601391225,0.33781993433131174,1.660039155568481
47,4,58.920652207217074,24.92940617498848,2.9700792354903234,0.5566198540002105,2.2375646436876226
47,5,71.76041967842596,28.413771952936038,3.168974359604655,0.916791382895731,3.119774159393821
47,6,91.81546354347857,43.501137776915364,3.3880648875684964,0.5382716506540315,2.3176857573731002
47,7,90.57353482065483,42.005060970300875,3.9362496249499808,0.7642549041661342,2.836752767740787
47,8,59.97123018898225,19.458685540140856,4.603076647484716,0.8995059073124949,3.3347048089005336
47,9,69.05213093539152,28.308068952380864,4.477038544210533,0.8956299286334009,3.4095458753731833
47,10,82.21988308510193,38.00310416655238,4.10952388606989,0.8565903602671696,3.338023906922797
47,11,56.79690908245219,15.622141695064851,5.152018555757291,0.9883211545580153,3.7155663856407566
47,12,53.84239093688147,14.905307433924829,4.8209048572595,0.6576694795227729,2.724274911972587
47,13,55.884692701015965,20.598841858066464,5.7728748843483215,1.0225029859731949,4.079341892656538
47,14,88.40739098066018,42.477312337084626,5.458794741691002,1.2514734820964142,4.838750467888846
47,15,74.5905740847382,32.30287017168921,4.01555047705239,1.0307029107607848,3.7493660340006874
47,16,78.16097648226993,37.31935406535386,4.216282668798669,1.085186449721487,3.857370589581685
47,17,67.53882817652072,28.661899092959235,4.583124230286338,1.0090078317251328,3.6863755153862843
47,18,51.26628167086477,24.873757741808173,2.996528494900992,0.5936617311771526,2.263490211581437
47,19,63.474884704052144,34.17977433213379,2.881213927396665,0.530641405920603,2.1891749022068008
47,20,76.77933700889743,41.78546964892338,3.1591393711927758,0.6106341312889008,2.38338737258809
47,21,36.95605168052832,3.9153626561332846,2.3723272112127907,0.5289888304821839,2.1354811909062184
47,22,76.33490317743512,37.26126042424421,2.512195806389861,0.580113841119895,2.2327302624875474
47,23,42.35840338446285,21.926478198534227,1.860398870334527,0.37159588229383633,1.735048201186084
47,24,67.73093372105896,33.41047984715805,2.011434221035223,0.39404235235129415,1.8101994842442704
47,25,46.46218859868509,24.10100606150065,1.6190795004257135,0.4049456440966992,1.8278939898413546
47,26,62.379448442534105,32.21831441924796,2.6673865977639752,0.5969182706085445,2.3221927015854655
47,27,45.88313803695675,17.893816920321804,2.290426689460528,0.6804437397580139,2.373077710268196
47,28,89.24758894545482,54.66456294159376,2.7897649123899333,0.6852833326221539,2.5584448410717138
47,29,57.22504932696306,35.543950604194634,2.1046575326356756,0.573903643166902,2.167844889922988
47,30,64.55948244571346,32.89066914778522,3.7708660700122665,0.7931315130528573,3.025938785726135
47,31,71.14226827801852,26.355610981342146,2.693374064976207,0.7398747858417232,2.7339096450884885
48,0,82.33125631412217,53.32258383898282,5.846653687836614,1.319257206232428,4.857767523432308
48,1,31.705199927335677,7.232433097694843,2.541840225582089,0.6363556750363211,2.2972881678359056
48,2,63.285909573736305,43.48391846592976,1.6412624312093635,0.4828898498113414,1.9507941106915252
48,3,36.50378166494255,13.277572907640097,1.9497542404422445,0.3409045259421324,1.7057146675008303
48,4,51.0754548864776,19.302655661776402,2.9566422152371947,0.4831489119224459,2.097845957001197
48,5,71.1467574680274,30.454303134412637,3.150241442337987,0.6597526043282302,2.524864011078289
48,6,66.90390273835364,27.436060767543882,3.1932349221626692,0.45686528138282156,2.098773837117714
48,7,61.65572617080318,19.80841698775562,4.216422371416273,0.6516103712638062,2.6225467691409157
48,8,65.98107682415946,22.62261611060429,4.242187852867773,0.9574618256727065,3.321426067009215
48,9,65.60108648630779,20.834207175639122,4.708864879300965,1.100719715885396,4.016002358873511
48,10,74.23223653399889,31.266300715645343,4.600043352092294,1.0483090730905937,3.974317451651338
48,11,60.11268231167499,21.657631442799236,5.240276329359681,0.9248263903564435,3.5212337107676372
48,12,50.52868198148789,12.167662921391967,4.672158649125402,0.6433433386870231,2.6235333120053
48,13,51.393461082427585,15.992172664833323,6.004813997372783,0.9958647391386108,3.8814560695498135
48,14,63.37882083569462,19.494290556273718,5.474953550769495,1.0604107262498426,4.168812393501053
48,15,101.87472635414318,57.54454875477918,4.55174618392155,1.1339002966834837,4.279774027305457
48,16,100.52976181603044,52.007689721654,3.83944428350501,1.0785651642252212,3.7952125227798184
48,17,72.27224779192653,29.71347023137308,4.6453851876053145,1.0899604795916744,3.9080403722787858
48,18,69.24629787738677,35.30376238106683,3.517088727872529,0.7379322408207796,2.7107787452685925
48,19,79.12463893807885,46.99347693937281,2.6831460708290495,0.7020558060518538,2.3999575276305154
48,20,73.7990901769936,32.915381095675755,3.4225855816966004,0.8608156933902582,2.9882737830608495
48,21,101.00024592010172,52.43494963239413,2.9705568907486755,0.7748402627075173,2.7810558972861164
48,22,96.93614267473907,48.77684209363557,2.901138314132754,0.6519722783368609,2.475188484216998
48,23,54.41507924108815,29.103436879462432,1.9703245043882647,0.37621667489246136,1.7554430384221174
48,24,50.59832312398565,20.797785738916154,1.8382470665246173,0.46337109384358754,1.8712151051793866
48,25,57.77141240795454,33.332244057039034,1.5166345483773926,0.6077016129799042,2.085662100162728
48,26,73.29247530821863,40.71768072031014,2.772000656773692,0.6394666837006513,2.446363071930966
48,27,70.2043906086986,30.5239882506646,2.5244320943110132,0.6550623885753915,2.4090275637130047
48,28,60.62109681362759,27.27065697753506,2.691667585617867,0.6063911021473403,2.319064085987799
48,29,43.72438624562882,20.805965865655914,1.7624874395690642,0.4398755449738079,1.7983892018971979
48,30,69.18159415332644,29.816275160720245,3.3608390103145225,0.9106816770714325,3.185781052657544
48,31,102.62777138475616,44.367364307525186,2.4597105704255604,0.7343750504069688,2.5771232470119836
49,0,78.74206447385843,45.27803266931315,5.52375603380856,0.9163638479280065,3.2532201149393334
49,1,57.35395898661582,22.871379407145078,2.4037431177680832,0.6099701482824158,2.25113894742632
49,2,59.91035807284982,40.239060703049304,1.3542444570738654,0.3457412743721333,1.6741973332201336
49,3,46.43476529363637,15.955847707533668,1.8908137513336825,0.3024538430212753,1.6175299738822995
49,4,58.63220241441462,24.633518911571002,2.4998539191320037,0.5368503132775628,2.065630343904408
49,5,77.97987761207926,32.92528044395771,2.451831498472763,0.7368412211364896,2.4849203366365504
49,6,67.28710128851982,24.07505791996975,2.971174622651939,0.5737206342712153,2.2861380608046304
49,7,68.35427598547409,21.54924774929625,3.6136214318202744,0.6170078933910559,2.433882581178906
49,8,49.56054339096315,12.676498520966438,4.196093382102118,0.9192407565131511,3.125572274886315
49,9,46.15829143466867,13.691700739921762,5.009599662503833,1.1853180234978051,4.342337423755103
49,10,55.38064046622047,20.531147060484535,4.230970079716892,1.1937368670620945,4.216593539224518
49,11,45.226294009229065,15.738646488245145,4.725595240915835,0.9517148785400575,3.5207098108152137
49,12,50.38075188477159,15.944665769676192,4.365661817711281,0.5408674131760325,2.3117403688848097
49,13,56.26737621466926,23.602975814383072,4.929810834880799,1.1280689164020767,4.189265667554626
49,14,91.28654307310207,43.267897525544655,4.093479753843187,0.9846623835771648,3.5760347448231995
49,15,56.17971818588171,16.87790614431222,3.829559724338939,0.9973608960738489,3.615195168146901
49,16,72.42544862501629,28.353617173036106,3.2508367088559496,1.0036122829164507,3.4878307793632493
49,17,72.21866223134225,33.18699039031494,3.678498893156392,0.8311352267634566,2.9143440824165068
49,18,71.46081148209082,40.55000009819571,3.005276049371729,0.6871510035228736,2.5001148186107405
49,19,36.32951304824628,10.562613681080649,2.390670325276032,0.7260953565362125,2.431458328002857
49,20,57.11418483233048,19.322407791371162,2.9140019072376226,0.8606823490603048,2.9057473662680477
49,21,71.93085098324784,25.94774596154554,2.5513076180906635,0.5984066167725164,2.307891779294415
49,22,51.26821214159656,15.953996369153787,2.386958816745283,0.44547164602024303,1.9456952190646708
49,23,48.739988428963194,22.582894656955467,1.688926584341474,0.22582995789323612,1.482934335074559
49,24,36.6408974150633,11.922121542436253,1.3963290258651262,0.3547830670442109,1.6338444127602196
49,25,47.43873812958314,29.209560995793368,1.2759229460552652,0.3691876242904193,1.6826317944991462
49,26,71.28023878143323,37.73337392605066,1.8135552357104294,0.292760481993084,1.6334713108903194
49,27,52.09088746670267,22.177090073274798,1.811680085343818,0.49378087604519094,1.9093236939778533
49,28,69.2316323096783,30.015697432567727,2.5144431679697496,0.3524993115173385,1.8070430135925268
49,29,50.286534827388124,24.39056489157589,1.9913836610524427,0.4402270310683518,1.8697541619014522
49,30,61.315904296904165,28.20994155553988,3.131813897148727,0.5209738822866368,2.185862515210059
49,31,84.87634724865352,35.77426640439744,2.5891908092639007,0.5459784633191118,2.1761047368377557
50,0,42.47956008030756,8.709751396413191,5.716667214487348,1.0610290530143187,3.6926834018334884
50,1,56.94132647008646,25.18562016661449,2.233629024830459,0.4957229304587214,1.9937105714680228
50,2,22.117679983577226,8.797455900519532,1.3539676771910962,0.36985000659919476,1.7052126227529179
50,3,22.58372092714055,4.034409463100137,1.660906525409961,0.252792660760216,1.5213007016624485
50,4,27.778960663464083,5.373659792001243,2.2342505312037138,0.49717950692380297,1.9723476679292813
50,5,27.968323544952835,5.758584783002692,2.4145661906021063,0.5544089666554726,2.133790561610467
50,6,48.20975164121633,10.507404171363957,3.2764297373602806,0.5719787420074942,2.3408549528838525
50,7,42.36001363011532,11.24573986615243,3.680282212458165,0.6224439404685107,2.4635884964666173
50,8,44.96512000848411,6.414853545769853,4.547846326383465,0.8505290763548974,3.091738960998896
50,9,51.51113358822101,16.637402667902087,4.69605591504159,0.9412914778013217,3.454834250358299
50,10,52.49687370029277,16.745313830548387,4.369837202120031,0.97188931907528,3.751058006890966
50,11,46.4996726759757,13.896146291504495,4.726846125030118,0.7942714570097555,3.0249780512199016
50,12,51.55595935915096,16.406746673410144,3.87201810080263,0.5857225096777832,2.3604115547952187
50,13,69.39241874416359,33.65827318079508,4.7201905028354325,0.9385254968732131,3.595862863290823
50,14,62.55711623182255,22.255876606036797,4.2116696023738935,1.068626368868685,3.9616246424102886
50,15,53.25650067293297,15.666908966195194,3.6483415436429376,0.9182035730989546,3.3545976514326408
50,16,51.57909594459967,15.812823252823097,3.3217923286797433,0.9996096803006322,3.3588812716325678
50,17,50.37075130607643,14.856557829248272,3.219072430967514,0.8831358609491486,3.032231804479833
50,18,49.381309926573465,21.472978544133618,2.8826167165185934,0.6861965310419231,2.4791449356946824
50,19,40.26461822606031,13.309051500983248,2.540470789486799,0.7838120828238764,2.575604278371291
50,20,72.52287808615534,33.34079099474682,3.0005943100909125,0.8102533740375031,2.8171657594360267
50,21,84.04995295355738,37.54910972922689,2.9461344802123035,0.7734415050517365,2.6994364677737432
50,22,64.53906869398891,23.5076654782589,2.8292325208949505,0.641700996618106,2.388184639142608
50,23,71.18074319792039,38.16386221477387,2.1187593255667694,0.4648504609528463,1.9082101963496576
50,24,40.20080127592284,13.750026653795441,1.8316299180883147,0.4425472903910874,1.8507868775200909
50,25,29.920249159997418,12.424489390903393,1.2723197716397083,0.42575855662725304,1.7578557663602854
50,26,50.43191486122885,23.714892021720484,2.0770168466061625,0.511179573944391,2.0562607560535557
50,27,32.235664384489986,10.215029609154623,1.979698756345166,0.5881352256144652,2.092350270601882
50,28,66.91662176370968,31.9575265374773,2.447396281484139,0.5149500286860658,2.0837881909051843
50,29,38.51017543826699,14.401292866755082,1.7910656185237723,0.4822587702442829,1.8974310889736998
50,30,49.29666698960823,16.525449941145354,3.1107816381196924,0.6481335001068893,2.483551829760495
50,31,73.07191073093341,29.15121498218952,2.50101653777362,0.567578681431391,2.251904733784641
51,0,36.80290714298441,6.141109009031613,5.96205862502919,0.9721302461878105,3.445302738806981
51,1,55.84632625976741,25.480044558568277,2.181173800371181,0.45928064487487763,1.9149767350045575
51,2,36.529791050082245,17.148284419153843,1.2165079447160554,0.32423585675211286,1.6165189764027965
51,3,37.45674487829675,10.728925932068032,1.8502101353869418,0.27164421052802856,1.5581592425794604
51,4,34.62995101893695,6.062522085558272,1.919785854082215,0.4491636487765367,1.877583126126491
51,5,61.36636989239229,26.990045562519875,2.714393912676931,0.7853837747809851,2.710962692695626
51,6,57.193248126992,17.98406562098582,3.10176501572046,0.5468661899304248,2.3119485934728767
51,7,54.2465565088332,15.595320501588894,3.4040015142812026,0.6302328331590363,2.477863595482226
51,8,41.535105945306185,9.055445191315648,4.109538098905812,0.9830510927679788,3.468426562467897
51,9,44.02647264533721,12.375564274725072,4.840032884638109,1.0041561699592272,3.8301298868311777
51,10,58.89152949207221,23.498522463345015,3.9750879542365976,1.1307658829222005,4.150630232147913
51,11,45.36051248416763,11.222793651665222,5.114406076364146,0.9846135152759361,3.821981021551572
51,12,72.62593511392436,35.39241266176975,4.148285726008946,0.602830273198502,2.4251972507660597
51,13,63.47696695703573,26.19655144773215,5.164926915603274,1.026289878363416,3.963118218788439
51,14,73.18363338495263,34.30474726105754,4.795559690996361,1.098810645175158,3.9937463171511376
51,15,72.20287359326524,30.773719174998448,4.131352621433157,1.2717362542841517,4.641375290017855
51,16,64.60609639366594,23.97768329872008,3.3104294214530534,1.1733941208363308,4.029378966855865
51,17,72.47246101340878,30.651375176103283,3.7931325560977265,0.9620749229641326,3.29504241654907
51,18,91.33504042228667,61.05416074748604,3.1299459371122293,0.5856036230873669,2.2810060159014283
51,19,67.05426539655454,35.559390942368296,2.4046511951783236,0.746569148521858,2.4972964308617738
51,20,81.42091132081576,40.471748069364544,2.9244275057729108,0.9190220294351321,3.0643659848443074
51,21,90.54107648336858,45.246257163235455,2.8659356658361674,0.722499496141094,2.6337230337218176
51,22,90.31909543395605,42.26276648158333,2.3480982543970925,0.41921795920362737,1.927097341973128
51,23,77.18014726709683,39.943963912365746,1.7694794851020015,0.2961305910260752,1.609103524380696
51,24,51.16295131047001,16.577190755297067,1.838619604787934,0.5629718103353749,2.0559508754254856
51,25,52.55908910286256,29.159127278325165,1.6312210676480592,0.4509378705581253,1.8901814739591944
51,26,64.06717279004451,25.604595834997184,2.274203843198146,0.47718221263169047,2.0384171012763788
51,27,58.26048002751067,23.11788932519621,2.2746803569319436,0.6254127878983384,2.2088307699364322
51,28,64.73736634322674,26.235118083967013,2.5398233137366018,0.5700239948280905,2.242892722281361
51,29,43.09535919029874,16.5645437982336,1.8281033818079733,0.5056353410338481,1.9645184504771485
51,30,53.449795009496974,22.39667550217817,3.328754552041348,0.657003782545766,2.5665537328679746
51,31,68.44022875135315,28.72833226114379,2.7010128052548557,0.6377287428030058,2.4243717090760852
52,0,24.316220063801907,1.460728216422715,5.871771730732051,0.9659668194973374,3.506257459268332
52,1,61.65629032079311,24.08280554299402,2.1093229477314077,0.445056695642259,1.9301791528766206
52,2,39.65668775615212,23.000373506708065,1.168911216958234,0.3284521241562457,1.5823346924290569
52,3,31.761323262366552,5.611994513565415,1.5311853991414754,0.2509806215338022,1.512381248842727
52,4,36.5258481367288,12.286285906000758,2.110043926932014,0.5109012173032248,1.9795676068057737
52,5,73.3944732027073,35.80111796449574,1.9854929003128068,0.5805164279622774,2.1412321387107682
52,6,51.614846843825056,13.150490671413971,2.964974326475571,0.4615721337653085,2.0774997940356
52,7,67.62232089573362,30.29072362206612,3.2086326687178213,0.6599518949783092,2.5034359736424534
52,8,69.97661491836143,28.539700469812097,4.1848919923774925,1.0646546005102646,3.593349484798207
52,9,68.18760242827747,32.83999629902737,5.0228601282832255,1.1718718131096297,4.37539254982894
52,10,67.2530000856998,25.356308033175118,4.313848993387946,1.3142597211913891,4.727072704496509
52,11,49.689740836861674,16.206657295029075,5.3708497083451,1.1269882899778203,4.2566588417901565
52,12,45.52947600263985,12.188177029881789,4.579436041794248,0.5911128909354995,2.4313395816459624
52,13,43.263630473073185,10.553787960714963,5.136901681553962,0.980096734859556,3.77296573661299
52,14,53.382076774309894,11.77466054493856,4.547368405389021,1.035961193886343,3.8673909316229484
52,15,48.97223728805748,9.503054067398505,4.19875924331791,1.097176634677151,4.039402343389499
52,16,57.56210665085328,14.687471656872631,3.3039109570749807,1.0417057954521316,3.5983435440465854
52,17,52.09401651902756,12.521842372369202,4.096738976313684,0.9256718853469872,3.223015674791661
52,18,33.09787940504238,5.645809893258832,3.1600257462902865,0.6925416768696833,2.4911151037085695
52,19,42.75390638323822,16.332859268495305,2.3068997604415102,0.6448469486535298,2.2506099556200168
52,20,50.490644073708815,13.040696739495798,3.3821189434401795,0.9176780180179707,3.1887052911880476
52,21,50.70813522257512,10.40435338557361,2.8489417683302714,0.5771426622659548,2.3311395109923256
52,22,35.76214697720057,7.855079629287754,2.3745455413100345,0.46337510905273005,1.9696406318905033
52,23,45.03970223079557,17.956166348540506,2.1225210211454906,0.2998712586039689,1.664540205937877
52,24,42.00312450741993,15.605045272038685,1.9134344331701496,0.5270842376372991,1.9897409981642153
52,25,32.763290749884085,11.375828042685328,1.6256148100701597,0.49490297074563405,1.9356965943176074
52,26,43.43076450775513,9.164567334189663,2.3960105431343615,0.5083983200257132,2.080085101846383
52,27,47.81120615741334,12.508003097278046,2.323542585180593,0.5422306521209324,2.073667610847573
52,28,66.89654145634722,22.38968986705482,2.8383955367221754,0.40232917008503843,1.9389252116354394
52,29,36.12753677067545,12.415729658342661,1.885926315766605,0.5402771066713685,1.9844274028378919
52,30,36.16590157085186,6.84905817307983,3.4046293185860432,0.7236251646221787,2.6953008423212914
52,31,53.70240409517456,10.781172491750507,2.746046309490902,0.5749405763891131,2.2793322146411277
53,0,21.52091950390981,1.2654093710339576,5.893616129551646,1.0094942871843546,3.538713418136309
53,1,55.08555521884239,19.168995961023057,1.9578721428996617,0.42778464194780264,1.8592369783002314
53,2,31.570056810131604,15.950641317922937,1.0906825145010492,0.3524385379693722,1.6064108756665605
53,3,23.44275472742879,3.149955389438532,1.646157743955888,0.21031490091538352,1.4470846459625153
53,4,36.601138316378574,9.542545214117698,1.804185918795806,0.3698163325478081,1.7023154217729937
53,5,40.140706424059836,5.522176803814332,2.117776276799664,0.6030588607644485,2.1761776826220336
53,6,45.778985650786346,4.817364454288178,2.620415522103671,0.4711041967320737,2.056184159335981
53,7,62.61701341647722,22.548163680046073,3.103392572648665,0.6399293343925159,2.3639168564912714
53,8,41.35177731736162,8.417574676876963,4.106901552668647,0.947450788585174,3.24502914333912
53,9,40.61153682295199,10.692755544727401,5.121507776983245,1.060078465170152,4.021614870238125
53,10,44.76218038301935,9.395740936717042,4.23339971250671,1.3394049013073452,4.779562867952908
53,11,44.14726787251418,11.845538099698825,5.621515535601695,1.1146676033164944,4.198936369576554
53,12,40.125709900941956,9.437924677501359,4.7236926124171745,0.6299512999342163,2.5069607248432844
53,13,40.535095062885375,10.201731359068187,5.269937291656976,0.9920246750109873,3.771001361431808
53,14,55.401470430758465,12.363684309321865,4.376343895085256,0.9461679084782428,3.4446882885903625
53,15,56.89636258305015,16.631458722972717,4.017495585664566,1.1437341672360182,4.104167959311781
53,16,56.922849141215,16.75369012085897,3.2359298250402793,1.046254739780914,3.588353053246531
53,17,42.45229033087828,7.5294216831202,3.955239936257861,0.9181795038418885,3.1653275760825905
53,18,46.843560096077425,13.61531763118246,2.56931054299335,0.49392764463307826,2.0144889814740656
53,19,32.02293081234864,8.804386500840373,2.266434648151564,0.6675469719876164,2.286619127238274
53,20,44.457723529557086,9.680847824558814,2.885326498751543,0.6269986072906764,2.4138997911343134
53,21,43.04417904017366,9.675036215042828,2.1278760028523425,0.5153271712247163,2.0762575116162294
53,22,41.94842662820556,9.525451340627086,2.2469354320573185,0.4799086813336757,2.016062393038052
53,23,42.47790996479617,11.3783145100561,1.914588079393102,0.3259882169318704,1.6770064061809586
53,24,44.88638613570177,20.440322373289668,1.7519360423760002,0.5364695979656018,1.9769567706843794
53,25,43.90969195242573,19.830760834927823,1.8037905663514064,0.5167530283928561,2.0355647667746806
53,26,43.32168081485274,12.231306470158877,2.2765657644747104,0.5084582689295813,2.050101416986487
53,27,21.498822231310783,3.5231309536012914,2.137551094413528,0.5943845976676565,2.136217773613934
53,28,51.6609025937196,17.426335642204677,2.834490331724239,0.44330295610916437,2.0480518354859365
53,29,47.699359913955405,23.721987278032145,1.8887604646827636,0.5592255473991481,2.0856420532327733
53,30,36.9840696123395,9.18075057003638,3.1247041543562633,0.6414210791612849,2.4734837527092557
53,31,47.27237943033663,5.607694685667534,2.577620479199993,0.6097226894558716,2.3268238045089675
54,0,15.665124267863657,0.45348954534410146,5.889402007033256,1.0357144398633604,3.6131777516706394
54,1,43.13669120269651,18.414316888985624,2.0015676167252723,0.41369546454531925,1.8709258821369548
54,2,25.564739474561364,8.75546829957241,1.126338213650339,0.2887204203485412,1.5500786250032372
54,3,28.715616160381174,6.917632869481745,1.5222673260180937,0.23056239865176842,1.4654955613143321
54,4,23.191980160065377,1.732537448730511,1.8282999790108332,0.400515840569319,1.7784688568324099
54,5,45.31282827867366,7.547168418489636,2.7373570733927406,0.6372147492801798,2.374759960561793
54,6,44.930532776028585,11.508324816610203,2.8797680615240573,0.5498920692791085,2.2703542476255403
54,7,52.06108418681823,14.006447344346297,3.348527367226951,0.6597844576128704,2.491142402132685
54,8,40.41616805228628,6.841110005324152,3.970944195014561,0.9271673339745847,3.2746815919684518
54,9,38.54869289144168,9.441934445033912,4.817802456582781,1.0418150183360062,3.914260806790961
54,10,50.86773918420239,14.69671196691821,4.310381696676993,1.3290558339573177,4.850904967414128
54,11,50.53697094927361,14.08590591732917,5.079288155163706,0.9825833210318882,3.7877627156143547
54,12,64.3059908649636,26.591852009881933,4.32171023371553,0.6414340138446697,2.561791918017656
54,13,70.61910153663331,31.161406743388604,5.154035146649818,1.055722200120524,4.048920471174487
54,14,52.12398567094732,8.987822414858062,4.263862639358253,1.01447379310323,3.721720384611501
54,15,72.66771703604908,30.099041705188146,4.188715276679085,1.2438163718290358,4.444838631387606
54,16,79.30920381268058,34.116029645217154,3.761822904615864,1.2656471872171946,4.415453021841797
54,17,69.04099366259237,26.840274996053594,3.912418784775326,0.9796494322363745,3.4431865630180836
54,18,42.810211002546964,13.071802139147547,2.529779419683911,0.49687951390382823,2.0302481710552898
54,19,60.29500193603992,28.259124549533873,2.670388734764301,0.6272146597950226,2.3486256783736863
54,20,65.13286230819445,23.544625142572446,2.9660296890264504,0.9838082572442057,3.219756928342508
54,21,58.35881485539074,18.68045773363557,2.5923966554931663,0.5814684548991846,2.2739451818717393
54,22,62.30749128711739,21.116435357484068,2.1543268752641644,0.3774718698753907,1.8005250346531312
54,23,45.655754111898645,13.683832989905154,1.8377662063107383,0.3394022008373081,1.673744589264503
54,24,65.8023514385174,33.04216747114267,1.7455676999143397,0.4529753811013584,1.863569828993013
54,25,59.51359037098453,33.454890785802,1.5635030492505615,0.35636567120835827,1.7200609706977366
54,26,67.6645005572916,27.232425081310943,2.6113987654223854,0.6064828365673907,2.321422338559183
54,27,51.88423957830162,16.61953449453925,2.394106170145077,0.6002214272804367,2.191549722556124
54,28,66.38429944119734,28.95003204848513,2.718272121830294,0.5267641087501094,2.2258744039735556
54,29,47.5112597116101,20.183222398518673,2.0319682409833333,0.5622430482260126,2.125595644844253
54,30,68.0329807286838,32.77551271262118,3.420178902491987,0.7896789370105886,2.9375852581499213
54,31,56.045731004699306,18.956203902066505,2.7089076941298087,0.692805098312109,2.5751101056197747
55,0,38.18184742021296,9.963058444593289,5.909530135647952,0.9738279511544041,3.50901062607542
55,1,87.11114149085287,44.32286469444773,2.2466902600942533,0.4971707726347878,2.0582595758835716
55,2,43.86127443842613,22.423765805288006,1.2725433539271216,0.284871011817577,1.5733603194280774
55,3,58.217565646286815,24.4453462291989,1.5088903751150184,0.2654227256819113,1.5635476378351845
55,4,63.22338718244112,28.270140416740425,2.2510163436826005,0.5638441938308922,2.143504958774152
55,5,75.86007891114203,31.056164221720824,3.006993496992766,0.877170791942234,2.977761791344938
55,6,85.37108352530271,39.17260385843478,3.2938438675155752,0.6913932550663815,2.705050309374104
55,7,68.07535351403615,23.59563422704018,3.6706393625362006,0.7516063315594828,2.752897250899441
55,8,53.1616166545905,16.929276040306075,4.0680147954899875,1.1163317350590285,3.8291652097021656
55,9,46.46475792829723,13.74052640800019,4.674623637371443,1.0724098334722,3.904366310117521
55,10,44.924759313780555,11.24201820506053,4.502873237886947,1.207897733134267,4.5132704979392475
55,11,45.65215518854015,13.167576132265381,5.338453825282551,1.0520198582951767,3.9625612275114657
55,12,82.27410526350025,39.8267287120426,4.816154101194009,0.6798319855350705,2.7189668281067134
55,13,53.020347518696276,17.596631061765496,5.9693683351538995,1.0926476083910943,4.334978843748966
55,14,71.45083600059641,23.24429180518858,5.177335887507452,1.0858143380840888,4.268270027322351
55,15,52.88271189813116,15.817724865072126,4.313021415083517,1.1330077205293874,4.215087108554245
55,16,55.21653188734925,12.92808377011891,4.006501425189516,1.1703323927217966,4.233791266747576
55,17,98.3714111374345,47.00815639394301,4.630428214848267,1.0457635529467701,3.891023750882412
55,18,80.11654634666182,41.16798251374543,3.753660388518183,0.7625321924090036,2.8008035168634007
55,19,71.63842957510687,39.56055699372805,3.112459191710764,0.7540464878617015,2.6095798080053014
55,20,72.82770174206556,34.88600855283845,3.5639354005014914,0.8914464393622907,3.1393248942794245
55,21,91.24324602375657,39.77581837691146,3.338183533720869,0.7554023678386823,2.826184322882707
55,22,85.58572723339077,37.18828909727051,2.9158898971499614,0.5702995586801789,2.3099743251045006
55,23,69.66152307043176,32.488638879526036,2.332011493309507,0.46713812209027017,1.986018361198613
55,24,78.32077966759407,40.7432950789708,1.7495779509241391,0.48106028360741315,1.9225346967155807
55,25,61.247219650087885,35.24220313971234,1.6123865785342835,0.6100445028167396,2.151596735339225
55,26,82.00491249328456,41.62234323622577,2.812127680016686,0.6128883584553879,2.3576725687023146
55,27,85.11990057013121,42.77996174919592,2.476990440239748,0.7999049068194783,2.6587699958819697
55,28,76.87834733760064,33.585780357484985,2.838746008718346,0.6350746373965186,2.410673888809907
55,29,51.57673211297939,24.676641039285172,2.04848683234355,0.5140884725245849,1.9816332285194203
55,30,74.70258659997776,36.095787146849965,3.572743720301664,0.8286110029269289,3.026577415115454
55,31,73.39537572325895,23.83009669705342,2.6682944257155707,0.6222022619771206,2.369549708310851
56,0,50.85699976422666,16.528922380813768,5.86920027404204,1.010543597155932,3.543818535947649
56,1,50.466112050961044,14.532766747333923,2.0117326130284,0.4788411090637261,1.9860353244958227
56,2,27.49000521046087,7.325766126602757,1.1157602712837928,0.2884212616625035,1.537919021671121
56,3,65.67187421211642,28.705502641166333,1.475483079483292,0.21367248950383688,1.4259931934387398
56,4,71.4763233264155,33.83636542042575,1.7380065716227224,0.3882510418398897,1.7434701171460893
56,5,82.80461242096251,36.35489204283108,2.284903752398791,0.5627824530223373,2.142807498942685
56,6,112.48508046745344,56.45317973165569,2.4175580146045377,0.46799570907426613,2.002340865104104
56,7,66.75749666308661,19.74948754931254,3.4286456648839394,0.572715231570033,2.2798005306178544
56,8,52.93261769216123,16.96615485079269,4.425778476877748,0.8941172450962442,3.238832101037095
56,9,49.47020384681873,14.352047370000369,4.973421833075443,1.0716106980080093,4.06241027778389
56,10,50.747937929602955,11.76880518263777,4.401371866794574,1.2328604940169967,4.502872525583055
56,11,37.67892222269551,8.57729407792076,5.293638084276363,1.0675289083556034,4.006178588904903
56,12,60.118610499668335,21.050645144719095,4.6619757666160515,0.5716176086028266,2.397978468231238
56,13,52.69575248920265,15.428128749099397,5.286038618375054,0.9930111113676787,3.8581487174642
56,14,43.65000879349708,7.741107261089944,4.951530757806749,1.081438012858868,4.095323576338543
56,15,38.806487828475625,3.8140627916722885,4.579184798846263,1.1229204694083537,4.155441270938451
56,16,50.19378924524929,8.40926409215584,4.090999309753385,1.1368982191753156,4.11571386164974
56,17,65.2606365319574,21.57380961065444,4.1159295796306425,0.922431331228565,3.3167524871431957
56,18,62.51144024922798,23.587285933316625,3.52802503855814,0.7776395263960048,2.8229048061188697
56,19,52.85853320371133,20.326566938792197,2.703744261871156,0.6566083336678683,2.3735875077268225
56,20,79.02072981975134,31.189878380443343,3.67065028655117,1.079752376648964,3.636248992980436
56,21,55.436498340244775,9.783806790773909,2.897884379274289,0.6602249825486637,2.4833715640558216
56,22,57.75972861147015,17.971943478116245,3.3329667506570404,0.4964402832480501,2.179550408163604
56,23,62.87646782767646,23.090713762664564,2.307503504505635,0.3961172164531819,1.8216171734807218
56,24,57.513545493798794,14.568996156790632,2.291954139978911,0.4443616165924329,1.944146129429016
56,25,43.888192896705334,22.096072200404524,1.8339266143370265,0.3605960984966079,1.7722671890185078
56,26,58.68952552471735,21.191735479914637,2.7310550956535016,0.5313471311388138,2.1861404535836666
56,27,72.86818847513814,30.598017756242896,2.6325750414735496,0.518741895363569,2.074782026559394
56,28,68.94954964045886,24.041831062158522,3.2055907942033914,0.5709058834868075,2.354969876032925
56,29,54.379210264820244,23.74329762577183,2.1418780739143335,0.6209248372414269,2.2082872472152846
56,30,70.68356847756068,28.33564079970334,4.269528375751499,0.8754357066648843,3.3324831202297527
56,31,74.7147429778792,19.53276027380501,3.3142430486470027,0.7031829600047028,2.651474073314443
57,0,50.21832485366164,19.508823731283996,5.562462442227572,1.0342512523500833,3.623817965191945
57,1,60.698673677253936,20.12156725447827,2.1545368003949266,0.4461623335134277,1.9650950221874206
57,2,34.335951833838266,15.272902991403274,1.057870152474576,0.35876806186547383,1.615046314468418
57,3,44.64279097779523,10.596852795655598,1.6594547789759124,0.20762786317285542,1.446444156047817
57,4,56.593268874241815,17.363408631049836,2.273322283347526,0.5860957617502054,2.1140303586933706
57,5,67.22653572707964,19.82831121176349,3.0558898130884025,0.7183584173667446,2.6234160280648235
57,6,74.920260225646,24.19698127750867,2.93747485281409,0.6344380013876112,2.4127612743518183
57,7,55.457484058685864,14.246832680997597,3.6352322242289827,0.7938956132288237,2.7936622432597007
57,8,45.08275178975141,10.66274815116768,4.65529360137286,1.0528247416251704,3.7197591446904084
57,9,46.31501611349596,13.079207074832945,4.828223053736958,1.226570760077446,4.527397544875249
57,10,59.306669657911314,17.453983546012523,4.464077850380201,1.0899694153087758,4.142219597447987
57,11,44.74112912557653,12.706480259984705,5.35746524470022,1.2350766845170877,4.650832907289287
57,12,65.75388737752748,23.83780918276165,4.96964776905041,0.7321994391186575,2.864855442168389
57,13,58.78557924632425,19.59637203648984,5.246023495605511,1.0451837311288958,4.026116661009067
57,14,61.110942601673926,18.58331642778071,4.8473404009715875,1.140247917879778,4.340187082727101
57,15,52.2227795529748,12.576355320461076,4.500846699363057,1.1332918700210541,4.23246286959377
57,16,61.53005320108196,21.26006318768138,3.7222224457942317,1.0660549916779698,3.7445772707454092
57,17,56.84242246615008,16.081792891464787,4.180327167363803,0.9486064971690249,3.4796657075532744
57,18,74.56513861075358,35.75239957697142,3.250239944330586,0.7113986993551569,2.5715616020027663
57,19,42.12565148829494,12.215814450381657,2.792294907015508,0.6390128791649952,2.2985037725718693
57,20,58.13288670429097,19.153479114951164,3.4802996185677566,0.7910695092743989,2.8423881648563474
57,21,59.95550410809466,21.27153875634007,2.5024015727886653,0.44806075395283873,2.008711704077603
57,22,59.43314641115348,19.443979841887483,3.0592601101321195,0.5423646016094192,2.198984561270228
57,23,58.49310015737473,25.81927684427589,2.5719038336781814,0.4164399356698043,1.8964907571204466
57,24,59.067244459762165,25.108933105599355,2.3133286793938623,0.5191465009812406,2.05171033079695
57,25,45.04349147889861,22.748797347989658,1.891018202346936,0.5311703907112677,2.093199146692553
57,26,41.53093553630096,11.19069192090182,2.657577337061758,0.5132679419108097,2.137856707693227
57,27,29.447292081195158,2.6508926051616184,2.510748624840455,0.5235482825290134,2.0857034118326925
57,28,62.391471668945115,20.945681105801366,3.4802456357220106,0.525110772226085,2.291292537236628
57,29,41.66648234261076,19.52011773661227,2.448352033472131,0.586668406807366,2.198387021195131
57,30,47.9509261425038,13.2947267255376,4.171898654572743,0.7867413491416944,3.028200423504384
57,31,64.81433622453804,15.061660891553334,2.837772352693274,0.5934876566113725,2.3424159072080726
58,0,44.56363249165096,17.65445995923588,5.851945623182894,1.0011137450336607,3.674369515262741
58,1,47.31132055717647,19.830781480857546,2.24375400628177,0.4554449489376533,1.9504112023459643
58,2,29.658436745040838,10.851708373181054,1.3328295636284637,0.4153263064160764,1.7451166704784862
58,3,20.400031939717124,2.97852670024379,1.6136130285196961,0.1933628410813526,1.430433543151691
58,4,51.30200446546467,20.925345987564498,2.5716429392014684,0.6086594403449292,2.2155791602576667
58,5,63.371777493902066,17.84834695579498,2.8565379122779557,0.6681828301824426,2.4333517601678527
58,6,65.49782153811003,16.7225063753755,3.243032720531557,0.6082806731908539,2.398021974228273
58,7,77.26320821353343,28.33803518791945,3.961473761641298,0.7195061737247168,2.7475774789350136
58,8,81.22983979501494,37.48909766568114,5.795992011968263,1.12511130765549,4.421554953022889
58,9,67.61306812472552,26.16461967795149,4.970576628695733,1.3752137515342486,5.355423039754178
58,10,73.31021780042876,31.057813052147296,4.5575658892583,1.2438126756588392,4.750975328681763
58,11,68.37490873774371,31.393742884394754,5.119228249852175,1.164746390780107,4.510582555509216
58,12,52.82221991682434,15.279864721067476,5.086252783564719,0.8181729631773997,3.2629456448571403
58,13,64.47294527276098,24.640951689292834,5.359321192577979,1.071250445569338,4.27822417794697
58,14,69.59024920261098,21.03169615344286,5.8330698185290455,1.1219478142858712,4.559821571012569
58,15,78.51735258766172,32.84177003672842,4.3793776149395,1.1477061863822033,4.2492586130793635
58,16,121.5882748356758,72.99767508786707,3.196230535002757,0.9128133460245818,3.1558998608009246
58,17,118.6929542124016,65.47223110796938,2.799532536757537,0.8031551658596436,2.6656514227848325
58,18,95.90753707171538,51.61394194362717,2.2774997835608946,0.5848831889315456,2.065376408689376
58,19,61.04827373782823,29.529990996067543,1.937618719344298,0.4897728830581811,1.8953999834032422
58,20,88.3084705577381,43.22157636188571,2.3937848199293525,0.58463998236885,2.1724419727958075
58,21,72.59054880810112,28.77612771522982,1.4340653156687169,0.39371587590916723,1.7175230033122675
58,22,67.52741850171218,29.051346581105914,2.2743799763502026,0.6353790843114293,2.2113134059979425
58,23,76.79553585973085,39.6911077200604,1.9401071074077798,0.44937447749220105,1.839672635021389
58,24,68.66982260342232,34.36148164497217,1.3273403507538577,0.4556974982040318,1.7592534965181743
58,25,75.9115563158737,49.63209837805331,1.2323308308947156,0.5547824145949807,1.9585730157608743
58,26,79.3688758472257,39.89254964647674,1.6493113377743427,0.3947307484126865,1.7542809666339658
58,27,53.53432668945055,19.231896261865035,1.861212664978427,0.6915973422385981,2.3585562470801325
58,28,95.30013586124494,51.79081080639984,2.3934159782051867,0.6432959205370468,2.3733891436785894
58,29,69.55058246045034,34.44514983614084,1.4249206951026983,0.5678774479808961,1.9941763065085187
58,30,81.1302426959377,37.87554179616678,2.8421584365303816,0.8578680730557502,2.9337985928697377
58,31,103.73569712151073,56.163274819524965,2.158953635432975,0.7501563790794865,2.5551693177412846
59,0,47.52885281061306,17.333176302635767,5.380683053770166,1.0547871955848391,3.6611173441543996
59,1,31.429612640633827,2.563242881408252,2.0142536411988763,0.43956869958172273,1.9009485275351274
59,2,21.78652341013586,6.893949237633105,1.2608584157283766,0.38785540417265696,1.691687211443327
59,3,24.10842655885,4.866255490053708,1.8994418797719579,0.2565663113728691,1.5483795584204545
59,4,39.11658567451876,12.959793955801146,2.0432455406541425,0.5869239465495344,2.0741988140294008
59,5,50.98109681589396,15.474991213283403,2.906241103646184,0.8423997158025296,2.8177731131515684
59,6,61.770467607882,16.618358559210826,3.336772767316811,0.8200170601074115,2.8819830942412463
59,7,73.44386307779988,28.523039351365156,3.69336981436385,0.8116599357747454,2.857047987426835
59,8,117.61368190097144,65.53571798332698,4.245072645332467,1.07266523869386,3.662956088199963
59,9,67.2187166123375,25.807220028187608,4.865085006952489,1.2564030935483022,4.7104618846716875
59,10,90.49500983751916,41.32164456417715,4.034936614701021,1.2620075952965752,4.4939408176890305
59,11,58.814584897021774,22.739290592057046,5.119040264871346,1.1696763038708546,4.338890466808953
59,12,76.33236724745213,34.764105083830884,5.0204530654123865,0.6436811796424742,2.6188976250473597
59,13,77.7562247589454,30.290842869607896,4.849690638184387,0.978581786283315,3.692369834144575
59,14,98.2571392528572,43.629884270668214,4.025805926879059,1.0479307022722866,3.6320713857572744
59,15,67.2567420653452,20.16976349421691,4.1145203904227365,1.0749935420012937,3.8043720858443018
59,16,105.40878252761468,56.73982703160151,3.7027661746193212,1.1437768012791896,3.840845020853212
59,17,103.99867350236373,51.02717687467725,3.7194101659082976,0.8951759932403069,3.223331767177832
59,18,71.4731308336939,34.25585348939597,2.7898161130472268,0.5678605229761011,2.164773751613036
59,19,68.73385100434277,34.661613726521594,2.7909037729683774,0.6714188617739585,2.3713774107897834
59,20,64.33203951751577,25.053275540070956,3.0216232388339117,0.6834600842572591,2.4940409659955907
59,21,74.09479604623401,30.121898780917213,1.8940210835104385,0.38250406668819137,1.8013125421310205
59,22,56.38719675000137,20.120676132318767,2.3411523761520634,0.4745701156921922,1.961504049049817
59,23,68.10323621840041,29.98919664676105,2.2350868101221097,0.3183991813803084,1.6941263505886697
59,24,82.49499746579595,46.502841239679356,2.0553093264301707,0.428510457951798,1.884037812537644
59,25,83.68005445669436,55.0856994273516,1.5548372061367512,0.3727414202945849,1.7535149862345538
59,26,61.30781237868521,26.22628901535527,2.2312650972338735,0.4411284546977212,1.9101736841927592
59,27,67.33537982253435,31.832145404303787,2.0503487034060943,0.48463697530442706,1.9425616363406637
59,28,101.79476105859717,58.95547410436069,2.420818529665409,0.3814495518398129,1.8605698821112644
59,29,63.04292259895585,33.25959106892955,2.2611316416225105,0.5655033277222872,2.117876978156929
59,30,113.28902306373217,70.80378730889063,3.0323075709660685,0.6051718224246248,2.327056696782665
59,31,97.23722539870023,52.99165038547197,2.487498777611195,0.5444882569780822,2.1550003442507233
60,0,39.786374463128915,14.44730500822621,5.636291981463945,1.0021085007835548,3.6263245484276436
60,1,51.80744553090854,17.852070511671876,2.2695242480163227,0.4200148209346386,1.9105509883182155
60,2,26.818014161627143,12.676464935028608,1.472744359865783,0.48349028655141035,1.8433984423739433
60,3,69.07258394409516,42.60220837232778,2.4659306177046543,0.5029214375180469,2.004259073788841
60,4,101.41206950848205,70.41017949628,3.6307951620389067,0.6846958622077866,2.5979361894042543
60,5,106.88873031727016,59.503392593646744,3.242037591227096,0.6578608438393938,2.526850505313185
60,6,122.19045908816253,65.83218825488748,4.002519867825578,0.6831436667069779,2.6614826522712023
60,7,134.02087408695252,75.50623230246373,4.653592871456061,0.8903498720063734,3.4162286644326127
60,8,140.5763094507331,88.38444405381728,5.470759515654455,1.1523102720391005,4.451662639047308
60,9,101.27955132825812,54.236773689285734,4.872877362286873,1.1351072278840597,4.394360790662386
60,10,102.09841002026752,52.75689292826026,4.651245680721906,1.1985823387878538,4.602304703909918
60,11,82.47385621860964,42.1881293168951,5.177386640997742,1.056131231379779,4.114343420996401
60,12,87.59726413009143,44.07477736437386,5.069200913257349,0.7971870464506221,3.207256626338013
60,13,100.84206243846043,51.287082159217064,5.633285970520626,1.0369726048099093,4.161511837634212
60,14,140.68342948435696,84.49840480722968,5.536892716946163,1.0076122633186966,3.9597815060561765
60,15,98.08723327751339,52.88788864116037,3.9369753751147245,1.111381011407195,3.9247711156362
60,16,105.0036593664177,56.20240607649863,3.9192863275038055,1.0499035443283815,3.623259093348835
60,17,87.80760996055272,37.60508600748524,3.8329783060605918,1.0156414225757286,3.5180110842788097
60,18,70.26846117076096,31.585216387459667,2.6225031028142967,0.6225632295143075,2.1888354289060814
60,19,67.80821770591304,30.993310150481644,2.0555776056773754,0.4837472009704795,1.9364573624534218
60,20,79.25712353527598,31.57232127516773,2.866839595024015,0.6570216803153204,2.417238501433034
60,21,85.27047195897681,41.093275711338904,2.0568249401402703,0.6230131026205519,2.2805654888255065
60,22,67.58061086559832,29.42710087333907,2.472688913853601,0.6767399680384742,2.4498392173465846
60,23,60.296951368487456,25.701938107571184,2.021681048144845,0.5208476877893484,1.9954924160281566
60,24,82.44855793685723,49.94496050455415,2.0685793640786314,0.5789056911200747,2.168699548859457
60,25,72.319064760955,44.970826182562774,1.5306521981279981,0.512734106510542,1.9653347582810372
60,26,98.50594183925752,55.00246196766875,2.685093509388893,0.6609304359992496,2.450645524872269
60,27,92.20948269662189,51.133737079818616,2.6668108286111516,0.8990582266823197,2.9077090215006627
60,28,170.63547394772107,124.2539401836833,3.0149982279209198,0.9263260160177866,3.3017873853584696
60,29,96.98584607621984,62.09659054648498,2.0913230086901136,0.8880996564146146,2.8091346852508168
60,30,200.69906745320458,152.86341719791363,3.191022879961266,1.3047895994025325,4.4166981984593265
60,31,148.07691013059878,90.9855772400455,2.314160408289844,0.9362923475914342,3.1068032907415417
61,0,39.630858822761205,11.461852489939421,5.850815025749721,0.9879052073236956,3.6561860019626553
61,1,36.11235929728666,13.111348462035103,2.237507718677943,0.4473900228906764,1.9542527158963854
61,2,35.39907701703685,18.77460150493225,1.38073882141918,0.33253381530722725,1.637561487314379
61,3,67.91907993090078,44.376809514957955,1.6217623287515313,0.21938238607662153,1.486380100499108
61,4,96.05643455328347,62.40698355429548,2.152753141703629,0.5120076925139214,1.969367488157284
61,5,82.59623066545024,34.22771443223306,2.76250075785192,0.6140660204258794,2.381618713202794
61,6,85.9520924959869,32.9969113037049,3.6151211248359694,0.6961799376140982,2.7302535057961625
61,7,79.32441257126781,29.748708808548223,4.5124182114548566,0.9029737656612218,3.504398394892405
61,8,106.69301889342657,58.97413555649504,5.449939173029732,0.941332613785506,3.660017366832999
61,9,95.35774257147528,49.66205705843898,5.018408284404325,1.1781639617137802,4.334160967427595
61,10,89.99493065339004,43.866880846892016,4.182214652400809,1.1349741044523336,4.0574685845333605
61,11,92.2824803295195,54.52488688025052,5.088444050382293,0.9921254609700325,3.8942872339445707
61,12,109.84952817140336,63.724626124945665,5.265513810597428,0.5196060415326151,2.3800024420835353
61,13,101.28254451758633,50.23277814878541,5.76800042250701,0.9967216322911536,3.953710008843516
61,14,86.31601835697226,32.154990977089625,4.9944746928599315,0.9998853369461518,3.858263060202692
61,15,58.1808326156648,17.472458787880782,3.9170938370118753,1.0691090508608418,3.7961361099101936
61,16,97.96520509832763,47.854775992449056,2.9809090703077183,0.6697207502544438,2.5000195279761748
61,17,64.00553359833518,21.21826738337643,3.680596961160645,0.8312236474383043,2.9616101245737902
61,18,65.3117960505653,26.244727727802534,1.9501426105919633,0.5320170017685957,1.970393420420278
61,19,73.94787488950064,39.57096196994376,2.1829277557982034,0.7305071706461717,2.3713819832833107
61,20,66.48735979683183,22.48354047160712,2.356992733938625,0.6335330836193402,2.2668909603347136
61,21,83.77228767620475,37.761799510792244,1.7215851232880177,0.570298802285806,2.069923178187822
61,22,99.43941455563161,55.47748341698933,2.292771963422113,0.7349851333935398,2.4894966178564375
61,23,61.04560894641802,27.562774730015224,2.0951081901072586,0.48326709587773564,1.975495645694298
61,24,69.52596865052294,31.381766959211802,1.263617835585643,0.4489599024151063,1.7681441881986473
61,25,63.52315346807479,37.52712005867815,1.3782652114839928,0.577021409784809,2.053380378479807
61,26,62.23124181691042,30.4581512813469,1.7457561986257173,0.498791215024454,1.9624127888129963
61,27,62.30884845593435,27.226447246264712,1.9970318267850486,0.829532966008339,2.722623705825412
61,28,84.59242139686395,40.73509250514656,2.7882721631762077,0.6385951119491216,2.486637629854354
61,29,78.77443952797434,44.66992909337968,1.4338378243042078,0.6046113773537203,2.065346779818911
61,30,110.90070512015646,61.87404442902053,2.7963965615153095,0.9554168778775423,3.2359364825269776
61,31,100.49654697667457,53.18199112260687,2.054834993463748,0.6348103854877656,2.3260668916721623
62,0,45.7383598413348,13.77036127334372,5.420531211917982,1.0433691816212392,3.646091641294379
62,1,40.32231141890824,12.373034135425549,1.8369856604212182,0.44118143344752103,1.9001988632546005
62,2,38.28003166546853,22.114622841213965,1.1044078119231249,0.37650300602127773,1.658039577530207
62,3,31.448844681519855,11.427699199827138,1.9374029959950316,0.2724861310496489,1.6025384016050035
62,4,29.356830093739454,8.511035076543926,1.8144265976546752,0.5381539833880384,1.9584667791578374
62,5,70.75462362136993,27.768671792008632,2.5807469621077788,0.7973824534941283,2.709451264753399
62,6,86.38468683963424,45.62679724024066,2.795015564076439,0.6217243526902054,2.406246909658365
62,7,130.5687469961649,73.53008525036853,3.4742931937581787,0.8241862343444222,2.8722941149787142
62,8,105.03286346960664,53.527075356699,3.9727358158227304,0.9824913015023391,3.4395506634377013
62,9,86.02761400608082,41.65249976211195,4.737294980891135,1.0531931135626893,3.996198901071062
62,10,107.6022257753311,52.710433730573,3.789387932390949,1.2872815216239841,4.550258310806361
62,11,94.8132361345112,51.80625445421879,5.204976037852253,1.1308126257536495,4.298016013578736
62,12,93.63269454864971,50.774225653631945,4.900860681165062,0.6498799289068078,2.6504725958626323
62,13,77.9416318642046,29.668860316417028,4.973778009724276,1.1480034312526337,4.279672734672066
62,14,79.1371986180136,26.609888048970156,5.256866026238565,1.2033981113142138,4.623390363945008
62,15,78.79938387673275,30.033522918892764,4.2761625582830725,1.0986343997779873,4.149226815153611
62,16,127.87311206202618,71.90841764507664,3.640705798339683,0.9849276333393444,3.5596183726356103
62,17,100.62541153415582,46.20511428063904,4.068427786903921,0.8575559449080377,3.21539602410411
62,18,76.84792300449196,36.530771468212684,2.6104336317698604,0.49542228661250975,2.037764393888394
62,19,80.69291542202268,47.07430620112372,2.616681480240154,0.6065269840390108,2.2935604427110996
62,20,63.33945988683829,20.511710021791366,2.8124363147047013,0.7144819587096443,2.5172581378451344
62,21,85.19129020758552,31.95267063169112,2.348959914824247,0.5179333216980191,2.1271611295680475
62,22,75.73638490348606,35.405003555056695,2.5461895083760115,0.6031598936586482,2.2707747903401763
62,23,79.91761501369876,42.280305615135106,2.029332672052032,0.40605145251561936,1.790131374342528
62,24,94.09216305617223,52.692214143783815,2.2842873316083834,0.5092118318388446,2.0460661305213255
62,25,93.242837021751,58.77074532941511,1.8186606228232525,0.5417549820909744,2.068643201979805
62,26,74.0196069500742,34.34458792316917,2.7610248092476093,0.6391021334115097,2.3522143239605424
62,27,64.87092934904578,27.013667119311165,2.1987144371238543,0.5485903263734615,2.120197371534436
62,28,111.74267153438056,67.44965169450266,2.842703061046276,0.5473215201112209,2.263034732995683
62,29,59.02008760520188,19.437437207039434,2.0015771153029567,0.7883525485148954,2.4672001945912996
62,30,81.1178366388393,39.391322262196425,3.96237404513205,0.8725085340341114,3.2247648724957947
62,31,83.767967317005,42.61908543275461,2.5680095876409954,0.5958542840353411,2.292297239662786
63,0,37.12652384281105,13.274265613688078,6.0340270099054205,0.9821621591834564,3.5001425772227215
63,1,80.08125602898313,45.66630733652495,2.6776752987982566,0.5486279544858608,2.2244032957522744
63,2,47.82786295627645,30.360696355047956,1.313115380158377,0.3582961625347447,1.689359526856074
63,3,51.745787227983314,23.099269844102785,1.5129290688854136,0.20957701307158105,1.455570527717275
63,4,45.756119175696355,19.654877281116338,2.1986444006603802,0.5745459375746953,2.1176534806907736
63,5,69.70578716851742,27.599391177994054,2.4394110532030133,0.5858455919350232,2.230633218958715
63,6,80.78629256509211,29.872813364499336,2.6853627720067275,0.5387782165823709,2.1933434481420853
63,7,79.81342275816273,28.644310592750855,3.763622539063908,0.6616984389020244,2.554062878270013
63,8,71.2425236963991,28.39095366218998,4.667859418580646,1.0268823605286697,3.7631206796846848
63,9,45.09486330272542,9.57369313874182,4.947902293251653,1.1810481089652027,4.4898437823363855
63,10,64.57950391275861,15.784274577871054,4.594709379375006,1.2513998515419305,4.65219179953978
63,11,37.876307648885536,8.267380878627808,5.362922473309107,1.1467905601953783,4.419343221918939
63,12,53.87113367115158,15.933275107977638,4.890115149383367,0.652782532735122,2.691614820062763
63,13,54.13530028204549,10.875131009355718,5.442118478761007,1.1352386930982608,4.3342339480544645
63,14,48.038285001563324,10.50676994820373,5.530949136992657,1.119649162174345,4.414698295842565
63,15,63.544003953967874,16.184292355342883,4.407293522399829,1.0688919586261019,4.136100351859932
63,16,66.23907524752386,18.755089439468748,4.14617265534157,1.175614750479821,4.354694369970769
63,17,67.35842036857638,24.300353123174034,4.599499809156372,1.1261758174398526,4.195230533448804
63,18,44.30694336220248,6.644107960473507,2.990427603366963,0.6657886058751701,2.40983909275708
63,19,85.6702058353234,46.71310473619063,2.981129592335243,0.734475936558344,2.6144302068833865
63,20,78.01360406210918,32.762601461125314,3.538579387890402,0.6572176055786096,2.5825443756043813
63,21,50.596126288478175,15.132873655792359,2.495118426077116,0.5868786333205778,2.288946312123056
63,22,77.76984530776993,34.895594732161086,2.722193890697369,0.6093964411197206,2.2577442996694033
63,23,59.07699353008218,24.17250366286268,2.5083226632265623,0.4303554380399137,1.9108503470401035
63,24,77.91585924138205,39.486645424678706,2.6559419884206417,0.6169765197457511,2.2832950621553216
63,25,81.26790341695931,47.71534167631543,1.9578065582383322,0.5030230340638111,2.000996346142886
63,26,61.779839414509695,25.056793349954347,3.213168973333818,0.8133551988350836,2.8406922174539684
63,27,54.968696763587715,17.569532113524573,2.6392566371625943,0.573505246467052,2.195434426006984
63,28,73.00338743611883,34.12289310060384,3.2173966062249315,0.7627500546062724,2.7940042896948882
63,29,64.61608327641002,30.50379032472602,2.197157268438964,0.6284902749948076,2.2848987024987237
63,30,61.42398501645711,20.201199536195237,4.075397107846261,1.0059351907686525,3.6913306231304883
63,31,61.21461145450645,25.439698758048763,2.803338991162425,0.7627113839891768,2.7449676281248387
64,0,78.520722592686,47.322306077954266,5.769831837323531,1.4051072680675336,5.257302177967875
64,1,106.73825916784918,71.62347075408087,2.711283253985256,0.6131009544208248,2.330805270355905
64,2,51.92199592564663,30.771710372036434,1.4402882029207067,0.3189812199894182,1.672583566914177
64,3,72.80590018182866,44.11331613825894,1.9437512912612076,0.3513684189907089,1.751310132929845
64,4,94.2719536178113,61.885457775741116,2.891438644748414,0.5908810498022183,2.282470458156701
64,5,106.24904653825496,60.4516555636118,3.4766972450393383,0.8879378834553893,3.1184050164722636
64,6,127.3941922266616,72.48714796388032,3.764148924972505,0.6573304445551122,2.68262819647638
64,7,78.38666516154605,32.2680360592565,4.059081597953735,0.7802305990572211,2.9791354437485835
64,8,81.79640997429908,35.05529189121356,4.881658695451245,1.2410302904361874,4.590182748711008
64,9,62.35826773063137,21.89680639302808,5.082724136981568,1.2870075643284533,4.888123051545748
64,10,57.91635819009543,12.312407139082783,4.846076662905576,1.184025300102359,4.608535473683795
64,11,57.773989032890135,21.474275198375512,5.286227395855823,1.099495838739828,4.22151882705271
64,12,64.34455205495824,21.988311511636756,4.994817209260965,0.7350066468882854,2.9656880916982566
64,13,41.61595557813199,5.768873803704975,5.373987268905346,1.0849883575094346,4.2398955748402605
64,14,69.55708241067265,23.225934030171178,5.196790897976506,1.3194372727901662,5.187080145314962
64,15,75.82349408595466,31.18040005693444,4.073414199005082,1.1697830604619224,4.3670117469503635
64,16,99.22184771439375,48.44317604416041,3.8494001890227194,1.049266937561394,3.8082235147407113
64,17,104.28593136483454,49.399567693971676,4.103420415830478,0.9470976766303769,3.424083102908908
64,18,66.51616113725603,32.76890669479057,2.6824190114881628,0.6763338487579627,2.365791209204982
64,19,80.09891593346211,39.428572234864305,2.9804473690839175,0.5730385586829305,2.3252403528625427
64,20,112.98343867274863,64.17095639194241,3.0627206548850863,0.7980383166755805,2.845731677728495
64,21,68.22563667549551,26.703017155715983,1.9191442912605727,0.4325118153710821,1.8931856650695953
64,22,71.50289540903802,28.202759308963852,2.6221760975809003,0.6919573389571854,2.3958935711182923
64,23,85.1177006207773,44.58768529852102,2.207161317337465,0.401643389694641,1.822595410642146
64,24,65.95152494173743,27.559860921716,2.688522814991221,0.5603242850745378,2.254384164670279
64,25,52.92364882272981,27.200925934211114,1.8317784232850736,0.3786768776822802,1.7962197019247754
64,26,86.9117995665539,48.65366188226783,2.927257534582666,0.6429685459824288,2.489557125013155
64,27,56.630952381259505,27.948583554809638,2.2665501611355525,0.5856118675831725,2.2150876123460024
64,28,91.41671577236431,44.03048839713552,2.875555009890069,0.8106192669221222,2.8643091909893865
64,29,54.923899590732276,21.01298537816748,2.332265947185564,0.6798101489083241,2.3623755607757135
64,30,61.88182421940384,23.94087476825903,3.58336342210151,0.7555656831385051,2.867645461670818
64,31,79.82112471081479,34.102550874693435,2.369584132727699,0.5709586358718135,2.2404638020112313
65,0,99.99361583390522,67.20662791132072,5.181171861016454,1.0614455643120602,3.577375640088962
65,1,75.04947537173047,44.04109306864298,2.278247968326945,0.6647699988596281,2.3471054828811724
65,2,49.810260518317484,33.24392876887626,1.2520885029753535,0.40274777127724004,1.7634955626537017
65,3,47.277846046199976,23.12344776126588,1.686287326173972,0.3506042311869999,1.6947153456363777
65,4,52.50357058207842,24.208697361511007,2.9567723493940217,0.599243856264255,2.304645106760932
65,5,69.90478203121405,24.11385188587442,3.031331644740738,0.8359440775322473,2.888334908272619
65,6,57.67151087940252,16.010146268160085,3.714916818242192,0.6548145259066365,2.6219571145264147
65,7,79.03646950059718,27.96866175161756,4.030635759830586,0.7600480633077034,2.8136023049098453
65,8,76.75909871317417,30.665261831133527,4.582256166060641,0.8867431110445905,3.212068755669106
65,9,72.90221780671357,28.008502573236775,4.555123125946411,0.9205774624473388,3.4925763258758904
65,10,89.45556286084212,38.60531502543604,4.097723566472831,0.8056207087614533,3.152298891904175
65,11,58.50495833026322,19.305548262039487,5.160777996579171,0.9365683920949079,3.602973324694471
65,12,48.392807865723185,11.769116713543895,4.894513381429986,0.6538486193138668,2.6982133776600006
65,13,68.5348592252765,20.082381363298474,5.673978687922817,1.0010429689848985,3.9186098679756003
65,14,57.61505275142052,15.440975289137507,5.120600109755437,1.208760608379201,4.680438419644688
65,15,63.53841406263566,23.384748542735863,4.074297190865539,1.1091490855315627,4.162172029430702
65,16,71.57374389254869,24.816528853610166,4.179455891762683,1.2070795503464984,4.296925489559919
65,17,50.098269954078916,13.220157872589196,4.16083867575442,0.9253037096522254,3.3164842584773337
65,18,56.31151000261289,21.694599941393868,2.4090661942263147,0.4961199443058901,1.9810731137399613
65,19,58.51104882649974,25.63779905801669,2.812693242263915,0.5712547973879571,2.2695070196183567
65,20,85.84636946066595,46.03919306716925,3.2580249280034725,0.737609153174112,2.688458752539728
65,21,35.751300672821884,2.729606857478384,2.244578485234322,0.45832553640297746,1.9846529256061045
65,22,77.1084013394603,35.754175760184594,2.5588197584701855,0.6468255146346897,2.3818585265440064
65,23,39.1910014392469,14.759294405407818,1.8445177474627499,0.38864881895024017,1.764138689206597
65,24,81.5308783764174,39.83154164451359,2.1030481514257966,0.4289028556345542,1.8835617949154184
65,25,50.59179945622064,24.25664390157415,1.7034913147592297,0.40605616763079566,1.8354696775941857
65,26,53.73525688158068,19.138822904702373,2.8141271096366363,0.6257335072363381,2.4000113250880357
65,27,43.330799665909886,14.864522586063849,2.438832766147888,0.7093759558193415,2.4587240399830317
65,28,92.54322049540794,48.9707157202331,3.078062639897662,0.742843438475866,2.7368607214320315
65,29,62.82593679571188,29.335018564259883,2.3228346324691227,0.5892062327056125,2.219590997100329
65,30,53.337969734091864,13.077807500916599,3.9275639387098353,0.8521290504221657,3.2004888395785427
65,31,76.42658465642334,37.50682325584403,2.856489413696202,0.7446851022655809,2.7667452594307624
66,0,85.15341017954015,52.31118434943376,5.896174268875724,1.3236565270237595,4.860746462529937
66,1,34.7897051426616,6.350872317307735,2.6095317753448164,0.6792207976449616,2.390911020194815
66,2,54.80345318385438,38.85231020028654,1.5229639808765896,0.3812600501575161,1.759466622222975
66,3,26.952508996586804,11.484853299013464,1.7611458550934471,0.28923762603452774,1.6074204086782635
66,4,51.487617510421764,24.829305214737154,2.897078825699247,0.4968765326698348,2.1156150819141804
66,5,76.505079155083,30.36798996931822,3.2604951238240805,0.7165793796298909,2.692894077832897
66,6,76.86554977854868,29.858455675162844,3.63130427996996,0.549908770570009,2.364041504236397
66,7,65.83585461904354,17.53100031391004,4.277882662895662,0.6891063461600586,2.7399707166056753
66,8,56.76407125221371,13.709543258725663,4.323641845996935,0.9276031974957464,3.2254718114670515
66,9,58.96941823986703,15.337821174240485,4.801864407063505,1.1163365297498418,4.04718334505281
66,10,87.35750314320698,35.03088141955003,4.827278499744644,1.1461195178604555,4.3797810067624985
66,11,69.96917041875645,28.51550478761864,5.207691342771314,0.8750143061734761,3.400737250026059
66,12,43.53212445988851,7.3408861524031765,4.991833027212426,0.651349285535864,2.7062388815187237
66,13,60.40544530294396,12.253387822419526,5.902773976950625,0.9318910869721844,3.660487661099523
66,14,64.68173745281226,15.734914360834935,5.373521822854383,1.1524899717567587,4.544777190084155
66,15,97.13232255946005,51.35153641357746,4.546629017742191,1.2238543422702879,4.662933493565422
66,16,89.95474998486279,37.1735611475531,4.529083717679937,1.2692693610236248,4.492973529870845
66,17,90.34792306241708,47.93376279838194,4.662113174349225,1.127731453226084,4.025849197941207
66,18,84.80328606055994,38.824492477457405,3.8584269329954557,0.7445891481226141,2.727439716675679
66,19,79.12539399305008,39.86848468459387,3.1600112781427097,0.6976004098638189,2.4752620685436475
66,20,65.93193616225881,29.337287665486137,3.5877365279195708,0.840525005724321,2.9617163919142024
66,21,104.96071586834083,62.34191311779926,3.3970710730520834,0.8329056460346211,2.949540324260443
66,22,101.16803295312288,52.03561424316339,3.4559111685828565,0.7999584007991825,2.8706317056183996
66,23,64.00813483644036,33.74486710728037,2.7091215450382617,0.5759637043578967,2.162842806360473
66,24,46.99388881838128,14.93553090588835,2.0399796857401125,0.4365771814322059,1.8640665308270068
66,25,56.52515880321296,22.53356419854763,1.7462967207538709,0.5740153949770734,2.0883961221464697
66,26,77.6727599727635,36.864514416078435,3.0219250338065065,0.7707745977123119,2.7523282552859314
66,27,68.8043922029662,32.68914667708791,2.901972693124991,0.6533731940096192,2.4509964358164806
66,28,67.83493781013307,30.034290513874062,3.1959642921194895,0.7754203945085738,2.76101255538594
66,29,41.31902900025191,13.043348960661358,1.974954504313075,0.5211586527397716,1.9705500259783748
66,30,61.24813560067433,23.162863980596956,3.947630340255136,1.0021267813899084,3.553814035816344
66,31,91.81260306894885,44.3422429259095,2.7950044298513825,0.764160134926489,2.7222239541033395
67,0,72.87894005380834,38.798786284152214,5.8534388975211655,0.9615621148631277,3.4563135532014524
67,1,64.92081839907087,31.776744259748902,2.3644828779227454,0.5633110477190475,2.1171823677317794
67,2,52.1940203880631,33.726179093296736,1.322637584723149,0.34053120617774213,1.6351091635550905
67,3,50.84286961311547,26.642833565705097,1.2047490364015303,0.16510246447038135,1.3450015544278133
67,4,69.81765853246729,34.96045844127283,2.466478750961091,0.5297674169170161,2.0359310607909666
67,5,65.12468043455536,19.858105741722163,3.4030214495070323,0.9072826908050118,3.043078786371561
67,6,74.23119823655554,26.623500425337383,3.5688849708063546,0.9024913489244635,3.0330901055667763
67,7,71.11972789024924,16.361407512212114,4.086154691905165,0.8235348091524406,2.963452325901879
67,8,47.95529475008938,9.902411530227713,4.362876583779901,1.0678294897143399,3.6403170863816303
67,9,45.306610189077816,12.762315478859556,4.809498708550262,1.2388128183402767,4.5211472936951855
67,10,55.02044389165455,14.317355739092681,4.41218690867838,1.275333329200671,4.692870035537225
67,11,52.74294047413878,13.029688223168854,5.024317767425675,0.9323866415664135,3.5806899816609974
67,12,52.25705015984117,15.547611881531491,4.682822720261887,0.570043100648638,2.4509324334751463
67,13,63.41871942712214,16.130128826662872,5.209665604470448,1.135156893603833,4.209289158706411
67,14,89.43806679260715,39.052522719547156,4.324756727998443,1.2672551261269813,4.656504594253365
67,15,97.6691857231152,49.30830212687077,4.183922276641635,1.165193323406184,4.200109477036307
67,16,98.99964788141132,40.95815406755025,3.5881828741008848,1.0289304737638192,3.4911643045159226
67,17,83.64406776356836,34.736678890632305,3.9058633205863416,0.8601101463520191,3.0636579435080575
67,18,62.63299931109906,24.435639877583085,2.655854598361029,0.6751168126628375,2.37895915801932
67,19,56.832133139395424,24.1301689781497,2.0669345597023465,0.6080487378609596,2.109711168218294
67,20,70.88143042855663,29.949854474113828,2.701275135262158,0.6379506728161317,2.3542305101853715
67,21,93.62918976563682,51.11587765338548,2.1783973972223754,0.49724281233223966,2.045911384520583
67,22,89.13164621322665,44.53064477968945,1.8095705040309331,0.2696016303237567,1.588560795008979
67,23,76.42309156413467,38.2729910285384,1.1577121159908712,0.14781674517963417,1.3105396281136747
67,24,41.39678200901149,13.565515346784768,1.1420100907961213,0.27064363498663147,1.4896681267128513
67,25,59.960706528950595,30.382839337562338,1.15680384888761,0.23632198621196032,1.4649907615896487
67,26,110.5178935527799,66.62200886812937,1.9487637663883235,0.496655896651196,1.9544044055067218
67,27,75.29538796172419,36.39925446957101,1.8396786430573198,0.44619618511503645,1.8310118630827885
67,28,118.26744476660977,70.1821461588556,2.2664247499258483,0.37444981137530586,1.8279578628925741
67,29,70.83412468382976,35.06767783634915,1.6384349758250005,0.4027095252084312,1.7555033726690195
67,30,144.7152185130878,93.86717010716697,2.6945402719193208,0.40652728192245924,1.922480045027691
67,31,111.6615344699598,64.08727342004485,2.133802992872651,0.4999238815864304,2.0355709127790504
68,0,27.93025155582575,6.752305399571154,5.629710629854607,1.012416070944239,3.4067673771135945
68,1,59.035148197080105,33.62053943867341,1.754944057013462,0.3447947344114879,1.6916704190776843
68,2,19.218992398853487,7.218814846489134,1.3486413676537703,0.2846102928503589,1.5539574128880278
68,3,24.756534480397274,5.953581074265952,1.4691791611910237,0.23209680462883364,1.4551760127369842
68,4,46.177660803107685,15.269694425168403,1.859721824491884,0.4138067353382402,1.764222305426295
68,5,72.03966537282581,25.94235721175083,2.4371449729719608,0.6232796683524584,2.291136902570896
68,6,78.35043795138488,29.53241674175686,2.7125703479039927,0.4913049827344369,2.0883631712759305
68,7,62.54260278674974,15.332846367988234,3.522772819274044,0.6501660894877288,2.486396618942334
68,8,70.65387270663899,24.75653437762895,3.982839321668881,0.8054280934442541,2.865676248695744
68,9,66.65626075067445,22.94219826022418,4.875696075570766,0.9660818310102135,3.637091084029818
68,10,58.08448445602194,12.324184534352726,4.20514644658112,1.1366274502491276,4.230961685661496
68,11,72.03400618201948,28.2974614135777,4.975804022310745,0.9637249647166097,3.654127195388282
68,12,55.38175365082877,19.865802128720574,4.587420723634993,0.5920164147812939,2.447318741829941
68,13,60.87933692390585,12.860827246814468,5.084443971908756,1.053796038750738,3.95072791131528
68,14,63.5221144434945,17.13898232884905,4.502717009892535,1.0159697459552106,3.7857609727882533
68,15,66.43275699326938,25.47491783036576,4.040018765086036,1.0426124308257645,3.7308301961558974
68,16,48.3224200046905,9.198859343212582,3.5810211511341876,1.081673874230388,3.7117792377826664
68,17,51.744891278520676,12.198847657644478,3.905176588579256,0.9326017158120865,3.2615596417270556
68,18,46.3910332358741,11.907521662057976,2.958313452252798,0.6048481876033915,2.327933479972933
68,19,48.04514933451827,16.92029275698036,2.4867903410311083,0.5795131530271798,2.189439746968754
68,20,55.744301418607996,14.829883240751991,3.221691938283002,1.0292707856999477,3.406836864529737
68,21,50.86212608799076,16.30580675246489,2.7148886187057366,0.6652337836582047,2.4696181371822346
68,22,48.150343213328725,11.544310005533346,2.62091783459784,0.5584608768120511,2.210825931803602
68,23,40.91309598295672,12.272170741174886,1.8585425374516649,0.32961001289486713,1.6747892708049712
68,24,39.676305082251645,9.988896386200945,1.7829493847465057,0.3704990670223176,1.7515620059273216
68,25,32.902394486840365,10.356934404189786,1.3645245617265263,0.3487319247530878,1.6848879947759092
68,26,54.86993406360668,23.523310236433424,1.9409544850877958,0.4657070291649874,1.9353794068724421
68,27,42.2992494154137,13.394236628508853,2.2020955692937996,0.6020078687951576,2.156839195569839
68,28,77.25177364559913,33.30559500432814,2.81737838106784,0.47902374182425334,2.09299746496471
68,29,48.470142412440666,16.572676604981858,1.9000795545093982,0.3745054102883971,1.7609384088802522
68,30,83.10603257074608,37.49520274378527,3.4897775088677276,0.62635270504048,2.534111801103793
68,31,120.58717940457167,67.16273850887893,2.8833183795629083,0.66696718738124,2.4861739130160103
69,0,44.57097934063164,16.722214699978196,5.760925645746244,1.0548163901408394,3.7287867897210827
69,1,63.643289359351705,26.960409254816625,2.1383250296024867,0.38883008965667454,1.8025868776531
69,2,33.67693332632751,16.326889773032747,1.207564838424659,0.30808440365112033,1.5850016374617986
69,3,31.301254385815554,10.399228650710215,1.3164256348199752,0.16661647341307506,1.3588512934596404
69,4,34.097075072637146,7.2204993133512225,2.218292101914597,0.42844646812354226,1.8470892528077383
69,5,44.53291239179229,14.67510329885728,2.4165652414252663,0.5388075243726704,2.141608134390764
69,6,52.685081959929,14.571447387569005,2.815826754011442,0.5046381416468031,2.13020407002311
69,7,55.55495049341255,18.935707316879792,3.6912094771568955,0.6406745455553318,2.5055024094329994
69,8,68.2727570087263,18.728254202667674,4.544065435186194,0.9086159569446366,3.3062419417678153
69,9,40.491160667092046,10.790153881253879,4.771007248057485,0.908330284539689,3.4938292111538516
69,10,51.90914320901037,11.94770735643881,4.326992564785653,1.0473014915704928,3.927868540970794
69,11,51.48457019488122,16.218868359825862,5.142093475455919,1.0650398038451883,3.968778240039672
69,12,60.49337735294261,17.07030805709961,4.604512515742602,0.6884919313935534,2.694383097847909
69,13,43.54095455513006,5.546322773325157,5.282024740642331,0.9960362675508598,3.789838101889901
69,14,53.06529652898949,6.691687754603034,4.75023362184958,1.0267001836768381,3.832487191117267
69,15,74.68579545257595,29.547566253478635,4.459717905488953,1.0358381712567688,3.9565504506944817
69,16,51.702877623198326,13.117068762900013,3.531374224249329,1.048356955049992,3.612174803138437
69,17,51.830752774008516,11.445977269742155,3.795143144734691,1.0028400418933612,3.4717936829398317
69,18,44.920765045173425,8.849501877891718,2.9695657478870543,0.7634624299570056,2.6220142091469456
69,19,31.789486598352138,5.359446427691553,2.566367675035637,0.6199652013319339,2.2629957778296284
69,20,44.24715976374703,10.2021480538742,2.8467979173723124,0.8307295472569427,2.8706616582734372
69,21,50.085028879620936,13.073128985427495,2.709670213928769,0.7818291639111821,2.74434717234783
69,22,42.49912541254987,11.962184145314396,2.501107905677519,0.7403674971356815,2.6079863514571464
69,23,29.10001052472938,8.53666513378595,1.6290752748395154,0.3516015389617717,1.6794188129049386
69,24,22.231360020824447,0.8055841951213123,1.5001671231982114,0.3563849155272154,1.6766296873571687
69,25,32.4223962957069,14.657940441774391,1.2869081091564016,0.4109683576415857,1.771382379385413
69,26,26.482742968135838,2.7767571539717526,1.854622882071251,0.4927646729398265,1.9807572727807394
69,27,24.012096984742715,3.6409923343560577,1.975530568446312,0.5528108850661277,2.068446204341729
69,28,70.26243849175533,32.49376919989354,2.5193451044302186,0.6548371746228252,2.3972792969186596
69,29,42.316022379910805,11.479771407984753,1.4682707922416272,0.41595942569015665,1.7626873650050192
69,30,58.022642351570276,15.431172649311174,2.933273246447465,0.6356849785541634,2.4811644893708054
69,31,105.21835149997484,51.91785220010915,2.75099570996397,0.6776973190727684,2.5177400731385853
70,0,40.94387754371141,12.5612722698821,6.020919077908479,0.9390308824942029,3.3559189983830926
70,1,51.8737865620696,18.54739872825975,2.061615526477552,0.4279251907051842,1.873078019825013
70,2,29.252888701788915,12.080631898040842,1.0983531060839444,0.2391984295475167,1.4576040900534994
70,3,35.0597094209884,13.399854509869638,1.682120594938025,0.21791077426507632,1.4433157953357005
70,4,37.793047465147225,8.656383921974927,1.8418119006424507,0.3991627703079996,1.754396515908804
70,5,47.54359673362012,12.805101874470964,2.1954698914745236,0.5503714577080419,2.1193672405210378
70,6,50.53712888462334,10.242826450648725,2.538308769958669,0.5001251786500966,2.111897671846621
70,7,68.39695802211527,18.50189778577233,3.2671024299981255,0.6075347213884168,2.3702506748786796
70,8,58.77601100440431,13.796726835887963,4.075834760611267,0.8882362522369487,3.195838461855302
70,9,51.551902794095376,13.511643928329072,5.032302134939143,1.0575696053677346,4.052466081111405
70,10,47.170111273103586,10.354638976101342,4.418397278495981,1.2096023774250444,4.503298784337344
70,11,55.96921796721023,17.001031323257706,5.073195276196573,1.1341184445122572,4.30835284203362
70,12,67.89826020820257,29.18148827453861,4.504227787568413,0.5961642641961733,2.4525196967158265
70,13,47.12454553306487,4.7311573730655905,5.1480802127806164,0.966851511884558,3.7222918296786216
70,14,48.50691410550456,6.713664438194163,4.530627053722357,1.0111015295400794,3.63815246840053
70,15,79.1408531165408,30.110444008948313,4.3286970993053835,1.244153280390214,4.621082335150725
70,16,76.72725351816325,25.787544199047893,3.4542897183302497,1.0759357609505198,3.7779995390101013
70,17,69.73976068045302,18.254008787590337,3.410604068169433,1.0685345800478254,3.5403880358927955
70,18,53.78648563011956,20.005145343325573,2.6209665052285054,0.8578088450050929,2.755903268270977
70,19,58.53940456124839,22.115094978810426,2.5239947232606434,0.751459937672708,2.5701868762268294
70,20,63.55553631567463,16.336051882879993,3.2390123440476444,1.1023281124773785,3.587947325834261
70,21,60.926899035724986,20.069127242958174,3.1060807732086726,0.82303098559058,2.8796488172823262
70,22,82.26458218814321,32.90979071178417,2.81140881134299,0.580028433267548,2.31537855118523
70,23,75.58396893299353,40.26554906903142,1.9004401652898275,0.4612577796853332,1.9263993405256645
70,24,73.04553181485525,34.2664614471596,2.160669529688624,0.6223556216430182,2.282401768202921
70,25,56.029390929343776,29.800830656180786,1.7902456034290868,0.46967431809922644,1.966303747264232
70,26,82.99241883702845,39.00727507274016,2.6439532115092828,0.6855481264101826,2.504943439358115
70,27,55.46225428422689,17.683604191599322,2.4478547077447748,0.6176526073552582,2.247260570758407
70,28,90.22888680392464,46.21713162315308,2.975348548647336,0.723770659869353,2.719731627628985
70,29,48.6538989136195,13.18922233721579,1.8051538984195081,0.6120537402235542,2.142994911475315
70,30,77.1937572454504,26.401880775580686,3.92171345668627,0.9370369113527981,3.5150670219971976
70,31,104.11534405800057,47.33573520400432,3.1060236476365572,0.7896389345858106,2.880660331734201
71,0,44.110022504387025,14.158703284204508,5.6366923424417985,1.0391075678548285,3.6898336870631225
71,1,61.65693738856072,26.301961442633363,1.9201170698268237,0.3702053839694872,1.7815516853505402
71,2,39.60840490865458,21.99875767730796,1.2346586559008825,0.33290168304534884,1.6304797512279474
71,3,44.78706141023547,20.67686303290183,1.0783176893659219,0.14481959002406075,1.3142934348834503
71,4,52.93928692770736,18.047399630308888,1.6565775460833434,0.3606508656996512,1.6943620962899746
71,5,64.70821936209046,19.045764041746402,2.1497087732174167,0.5982634374174589,2.2297398589862145
71,6,56.684161842938124,9.301575348453202,2.4482227100578218,0.4605341828447109,2.0179959377305536
71,7,76.16298270304426,26.051913202153596,3.2437969574076058,0.6683069000011916,2.490105839052286
71,8,55.467721415613156,8.816646664007287,3.7360386040613935,0.9436509530112556,3.2092527309548533
71,9,53.44377153518883,12.851983748819977,4.508332149511325,0.9303500644470084,3.512221644292635
71,10,60.35156361658741,13.222495476555194,4.024022786039222,1.2773970909839534,4.664357240479442
71,11,62.32735156351318,26.730268478772906,4.824071164509455,1.0514736966282534,3.8576720833514284
71,12,63.60970177966219,24.612608217257396,4.301563134985962,0.6424452723187999,2.536391993687812
71,13,43.88315980842121,6.482575005991038,4.967930557455825,1.1362797714004724,4.233457526915743
71,14,41.286699222981824,6.974015612635178,4.468991166675605,1.013752650410579,3.792735767932051
71,15,59.792470355942946,19.662016094778075,4.21648408695723,1.217484486707579,4.411412578902443
71,16,64.90455581863196,19.66397819379214,3.117414802761396,0.8890830466162178,3.1397740527785194
71,17,66.10417615979122,13.418927884957819,3.6874971411671167,0.888901717746605,3.12224519511414
71,18,53.79401878412686,15.437571932266634,3.3038014726983826,0.7261400464637715,2.5899531174522883
71,19,60.4785300992674,23.09119605900497,2.216871003207325,0.5959350217831045,2.1477461105290487
71,20,53.809591733782696,15.78212331335126,3.353028105977028,1.1396727351966334,3.7403584788147755
71,21,52.74816291366786,10.954063581957225,3.019878802044323,0.76362178148274,2.7688827504935314
71,22,62.190950439019474,16.78695327554995,2.616794469911905,0.5889763242918762,2.229017161536167
71,23,67.24602542884031,28.209741131919202,2.0927359187861363,0.36814958460308844,1.7932198822960763
71,24,58.0833181307409,22.162398046285045,1.9284728213411664,0.5436815844206233,2.031870131730719
71,25,47.15504106364317,23.241466702172985,1.726246047587491,0.5828198055005793,2.113041022591452
71,26,60.92579603406004,20.181511804354347,2.6728914440207867,0.6207348773703507,2.3343778597882667
71,27,43.111407177017064,11.95645122440094,2.4821543574029965,0.6584162681268877,2.2993934085771124
71,28,73.14180792754215,24.129715497897813,3.1614722387171654,0.5097717063102136,2.203347008275423
71,29,37.1218754256833,8.14221777628166,2.0376926553921457,0.6080968518975207,2.1402565223136585
71,30,55.43330354752003,11.997302528730991,3.954611477434007,0.8111723992672424,3.0091832859258334
71,31,77.5983672869984,19.995647543191055,2.914929247808624,0.6043724145989495,2.3786359306457445
72,0,33.692881887185564,11.145424583845342,5.8859998459305825,0.9859449191751777,3.519008124777158
72,1,56.06438785208389,20.45820113306067,2.038121034583905,0.45910288646664377,1.9089930270999291
72,2,32.937776705347844,14.69005790857246,1.1520958371021268,0.33777955047543307,1.6199748493431767
72,3,42.91147557518279,19.796558969932644,1.5424833980606922,0.22061511650089782,1.4711562687683033
72,4,48.5676243322501,16.88288528941616,1.8303999309351964,0.4660003975118956,1.8411010689421807
72,5,50.41540160995996,9.238390812237489,1.812758233941459,0.49422936008280893,1.9692447494449834
72,6,42.57211765550104,7.200302897490151,2.748885114287626,0.5049783144252666,2.1398993121463867
72,7,66.73784798800175,18.166996054585354,3.3902316348914585,0.6920522858882183,2.5394504948993086
72,8,52.25825210178745,9.158076673030001,3.7217996675062066,0.9263494115851794,3.1227498692544837
72,9,54.72873389071379,19.44715078750651,4.056428928562474,0.8298117301988359,3.1734254808031226
72,10,56.48266693582931,12.134260931931685,3.788433131131831,1.2803358803831904,4.512288895911407
72,11,48.29845949706,10.672626731977942,4.659433598765597,1.0382678105886702,3.7308111041437924
72,12,45.785224893673984,13.103789439069342,4.116356536220544,0.6040849177277172,2.3962052338201
72,13,50.364338946413255,7.031186706086437,4.643563368641605,0.944391484946352,3.5019184300859125
72,14,68.56013590013883,19.862972065391507,3.838873587804903,1.057096727303108,3.638654013107354
72,15,66.29691144024635,24.29696191206221,3.9953621511734365,1.2438324750130416,4.349968093034834
72,16,51.720098007959876,8.75438851689266,3.256726106995494,0.9942303345080798,3.4108056147821153
72,17,46.78437390378458,13.171175670233591,3.711507989321634,0.8479121370218556,2.983625661831814
72,18,57.06383674670631,16.133718165685888,2.5688533410383387,0.6070893445079557,2.2247321086264824
72,19,37.763047761479896,7.317047501945806,2.1083121535845737,0.5935324884711455,2.1262360151227924
72,20,68.88086933473129,24.07847465881152,2.6529128658444456,0.765297008028802,2.64413225595191
72,21,61.71512798710831,19.5977513382063,2.2610587643165267,0.5485796996024046,2.1540507675880995
72,22,44.730798994789694,7.750757955144552,2.069586150584585,0.44702629283275463,1.9367010030857819
72,23,32.788269272948384,6.503146771884347,1.7096411933333275,0.3010892816678443,1.6091297005950849
72,24,44.46158971821588,17.116151180395498,1.6388143770704684,0.5840791273984018,2.0206896172385287
72,25,51.86800657492941,25.670404233508116,1.5476936969740334,0.4480803236496711,1.8783945881506217
72,26,62.445087992261804,22.02405708467368,1.913411219519333,0.49921883120718924,1.9510662784412163
72,27,37.70313709408863,8.983162468836905,2.0664353728340688,0.6621877563503773,2.243039388871846
72,28,66.32261219744555,23.5462809753191,2.382828766812505,0.47813394627164385,2.031142446854717
72,29,41.51364308218544,12.144336191580134,1.7251070946013183,0.5902647642418923,2.0783273889425193
72,30,62.64546376946992,19.973269084725764,3.029837642741486,0.6318342852982233,2.383709511059627
72,31,71.14063689209318,21.04514957007079,2.38681181194467,0.6251844873736676,2.321531883176791
73,0,20.577936450887712,1.6699094209241765,5.536131126345865,1.0287946227192064,3.5423097582009135
73,1,48.88079484458964,23.65438437358535,1.8444123963559829,0.36921435955887905,1.7373782407789577
73,2,28.528048293907123,12.737412256003683,0.9937624083054948,0.28606224646721357,1.5135471517936803
73,3,29.826621476570068,10.750147138387796,1.4119609262297075,0.21435822242411917,1.4480784045829727
73,4,22.7288738159436,4.469698173550165,1.6812826902705182,0.44252289987492355,1.7931011666159289
73,5,38.42467814459535,8.192036300384542,2.0681532012367114,0.5490184601122983,2.12329879096598
73,6,63.93618043743528,19.776852466354732,1.895742932092671,0.37529009306487393,1.7985866120241147
73,7,44.76445196647924,3.8386897200197008,3.051582911876573,0.6490137368179121,2.418006036935932
73,8,42.310568556396646,9.52813084783089,3.5570856640013524,0.9582368724830985,3.2445244221290963
73,9,34.03808719629141,6.98233907804101,4.358010000110595,0.8362756234640498,3.2896297093773708
73,10,54.68400992688024,12.545821600850314,3.4991927474684825,1.211506639177646,4.2510058057821585
73,11,32.485829806989045,3.017567291276209,4.610170405108182,0.9637267285268045,3.5837645009677024
73,12,35.98412709788805,8.290140404474323,3.832566198771929,0.6062039522486722,2.384466477060296
73,13,40.48628449266579,6.564446590378082,4.4609169396217805,1.0019298447568161,3.6969100118969465
73,14,47.62689149124667,10.690657405648345,3.6425069842727833,0.9293366561612899,3.2580632200232094
73,15,74.63912619142741,27.204106161237824,3.6061649618546747,1.2004482622378223,4.317523157679561
73,16,55.158937665095465,9.09776999300676,2.9845190276198474,1.0227825961846397,3.4642881519546878
73,17,78.51357683495237,25.933708294466697,3.1619342310404814,0.792404172388451,2.8142498152217312
73,18,54.896541886257616,16.004831612686175,2.3759048151337403,0.5382142011984135,2.0937735382326763
73,19,46.47121608541143,11.831429335537413,2.346447503994189,0.5539873574187144,2.146072392620521
73,20,36.7688040303818,4.974329994908012,2.6172008205846065,0.7435984643765172,2.5990584966694628
73,21,46.16856041829706,9.261028241856142,2.252244585042723,0.5277829421678835,2.121396211841488
73,22,46.90994885254356,10.535622948417933,2.3647517952771313,0.4956616833465586,2.071983242324406
73,23,44.193814300658005,13.116241134163367,1.931316696831491,0.3842636882666781,1.7793488908640576
73,24,41.29942227869918,10.708019886425543,1.7671984599865114,0.5675777839007019,2.061327515981969
73,25,35.927221662535985,10.545596180426843,1.6646591166490206,0.5302119909208418,2.022016486222851
73,26,62.48576509599812,23.011864239547727,2.5043047360670387,0.6107815844676789,2.2700792443963342
73,27,48.05231002329367,18.16665820290141,2.3951188669821613,0.6891603959264159,2.391871716874804
73,28,90.1718537225718,32.47749424769748,3.093048938641922,0.6480947958334795,2.5926367696188044
73,29,37.354861416820086,9.14343510441097,1.882296848524681,0.6050273788425491,2.1479908004498864
73,30,102.99118149628526,51.735916991889184,3.4324346694745453,0.7979526194762205,2.955916408862882
73,31,75.42338520851874,24.59074429803703,2.9755313992711008,0.7292729392153028,2.704164130281761
74,0,30.002831935877825,3.6891698844740417,5.953786929758511,1.0217380144725379,3.577552348280526
74,1,39.79296348204976,14.6190874255398,2.0086260830344616,0.4324153192366311,1.8914665281424439
74,2,30.080866010544366,15.929274896436784,1.1330579432872419,0.30977341574547546,1.5870696847962398
74,3,37.37643650124387,15.088090256907327,1.588617459214769,0.2284038205141119,1.494600593098812
74,4,37.87211576072193,10.910122918683463,1.9114882702531426,0.4483036130959437,1.8654112372811447
74,5,61.60606971950291,17.65610552880857,2.5914151256802356,0.6961254612931747,2.508633468705156
74,6,95.9580871225636,44.63761887550077,2.779831239957029,0.6092720204067481,2.4166735074245165
74,7,90.72109650888471,35.51762840530436,3.5699589555078983,0.8537334181502452,2.9766038275792077
74,8,74.76298943661669,23.349385878273985,3.905280622245399,1.0630731582675161,3.5808102733387286
74,9,56.10376655618723,17.10628518747413,4.516410466466093,1.0796272034838363,3.9629808298024614
74,10,90.04511488303149,40.867331246562266,4.377322424438813,1.3032489468660406,4.855103526826577
74,11,63.44130777873398,21.073417598583937,4.971087501666166,0.9771434098436886,3.6813354837138617
74,12,96.01326800250557,51.25391980030636,4.366814118538925,0.7040468544660925,2.737636025297626
74,13,96.6650984377605,44.15547207877272,5.33230666990163,1.2150279915967204,4.613306448954546
74,14,129.4382694300992,74.69296174764237,4.274714653620112,1.1655352016297744,4.2419089321491885
74,15,107.11385636700518,55.572968602620705,4.270687753106009,1.2990625252769554,4.832043129539346
74,16,75.12437138996292,22.802686357142193,3.423359574219402,1.0522585570071397,3.6994884382821884
74,17,101.08107849009528,51.431752756901815,3.7571616177732263,1.2199268102192793,4.086499202965744
74,18,73.95154021223769,36.00015647169155,3.1962805698032764,0.8388131436690749,2.886630243130043
74,19,61.70650100377289,26.05459058861151,2.8476041038629054,0.720819135347575,2.6006755524046565
74,20,62.148480044821255,21.75063296953565,3.1493418379873934,0.9460662951350876,3.2113492782896986
74,21,66.03046293689397,21.207645068239394,2.569334989304629,0.5831723650616798,2.301503353595464
74,22,79.52803076702396,37.343105059942886,2.387515359721153,0.6176397630337886,2.2471565283066792
74,23,60.743739880865355,25.4753187816037,1.9392565058850866,0.4721827336935749,1.8948450102344272
74,24,75.51088365331455,33.826290328917054,1.8946863054768364,0.4897961264211488,1.9314288179389725
74,25,72.61847034528049,43.28506841035701,1.6875415101654014,0.4708412236993724,1.9068149297470427
74,26,79.43412975987971,37.19436989990197,2.6651524867724183,0.6732162219440463,2.446359879013123
74,27,67.12612074243684,28.800261990041122,2.6592869194199285,0.6989296462311279,2.4326721045796313
74,28,93.96833186850608,39.59697029608388,2.913663008297783,0.6802700624261204,2.596607562200114
74,29,49.64429007559461,18.663012031280026,2.1316365066466716,0.6000913869300888,2.185315139497366
74,30,77.7483103141484,27.913208962832368,3.7729180081420575,0.8420501274289727,3.1503014248163326
74,31,74.64569204569122,22.36922319632071,2.731644896826959,0.7526886536806159,2.7172890861040986
75,0,35.713793595208536,9.58381501303371,5.956956150844093,0.9724276472824354,3.4997458510994615
75,1,86.86465884360904,49.646289076385564,2.29165077212339,0.4917115316087566,2.040361240435099
75,2,49.14283971769969,30.41734816109524,1.3286427951084228,0.38820307680710986,1.7401463958978696
75,3,67.54679217621718,42.24189889991011,1.7383952583922155,0.32612150479609014,1.6825401040746788
75,4,72.98923761944795,36.28592669858938,2.3134596346938805,0.5677061146116036,2.16851433799231
75,5,63.212748362023504,19.345289032475307,2.8747654025594316,0.7644570795867884,2.76226523478422
75,6,78.51462066948157,31.79123936504746,3.121948602171794,0.6722561563862084,2.593643000450494
75,7,62.66352378015208,15.643557177597845,3.7755155873730084,0.6978947412802352,2.665981942982778
75,8,48.129625416176715,8.339771545778218,4.20699643040858,1.0249858959635691,3.538873722889043
75,9,45.155049461842076,9.532993390118007,4.969479633494729,1.0312454230313106,3.9357582982121477
75,10,72.75634502356687,24.5484346706726,4.309135642070389,1.0639157802444128,4.1558738724817434
75,11,47.70006497786799,11.65149615549747,5.165685845184273,0.9761545634110149,3.688331307092308
75,12,44.64004878666105,13.422549674286774,4.604661600137042,0.6772157307156643,2.7228378543906016
75,13,42.26202646611464,5.38641127607756,5.88043401599689,1.186829959394931,4.6869225332841244
75,14,56.670960796968046,11.284025437993694,4.77802528533514,1.1511148729964331,4.380056896645904
75,15,83.18462446408782,30.022051854248183,4.534001570611669,1.2693537933483983,4.8286496062572795
75,16,70.09798224626768,23.57295831544153,3.8575521498169656,1.1337520369705838,4.054054386309955
75,17,92.9457030359834,40.616186868589864,3.8902997997413253,1.1578483801625508,4.011350674552996
75,18,47.81537322996196,14.230831504961527,3.991038239408549,0.9390517827369753,3.2611699197398294
75,19,85.18294951378815,45.404424083440055,2.848619760800327,0.7987662574849255,2.694284577112806
75,20,79.4266386019275,35.22576992168056,3.215300667586159,0.9853255917891355,3.314711628032316
75,21,129.794345066459,80.50996809273651,3.452496690025368,0.8743296231927036,3.211112733547697
75,22,122.37375171206907,72.46428546550322,3.1435794674752064,0.8808676621271876,3.0559844691736346
75,23,96.23362080587468,59.890400108504,2.392547553193347,0.5687262286956893,2.2032264844503344
75,24,120.16465921596364,75.40568424436847,1.9355761790898385,0.6519009024178113,2.252680301749028
75,25,78.82500481315697,46.76569514450535,1.6490930919231201,0.6057502311619303,2.2036622022700096
75,26,100.80162933393422,61.96900769803135,2.570380469663532,0.7888566643241255,2.6910506059482873
75,27,118.47447595583844,75.56477300760363,2.7019553168605013,0.9162591220846981,2.9789764682399418
75,28,95.99019413354728,41.22621068720606,3.328950135195587,0.8310279431646226,2.9791338847490687
75,29,51.323019235268376,19.0112918619865,2.0818425814819737,0.5156560292593859,1.9809235201006994
75,30,85.8654072304311,34.3780985190332,3.962489128333967,0.8765431458654396,3.2281941435715766
75,31,88.61914225874744,36.98032629868484,2.781684261393461,0.6383840827155818,2.4229503688575726
76,0,41.2952808413648,12.864066154610612,5.787436199013584,0.9925044232559319,3.4830346007745967
76,1,54.51778275895313,23.132772681773176,2.0613158199359516,0.38348670028512366,1.8105663155343708
76,2,49.19382065444557,28.425360045311542,0.9594688688449612,0.17751384647596458,1.3685618658863539
76,3,71.61329916484536,42.58660690908195,1.1937654520073906,0.15940743095367704,1.3434210474431711
76,4,91.39052083093345,54.91653576458908,1.4686950339232505,0.3707785613953041,1.669766639890458
76,5,85.61061861191916,38.493420849546084,2.477738250657506,0.7872465648650668,2.522363811543957
76,6,88.99404826179438,37.18084433783247,2.996921455504099,0.7112235629560839,2.552357993631249
76,7,71.73206314682582,20.816967014767723,4.038337085745596,0.7687133168199525,2.8042606357608233
76,8,67.55544567959029,23.239965888134797,3.9846912220571187,1.0417047400815105,3.382435511587543
76,9,51.77803631267987,11.156440100022445,4.700366382789332,1.1577631137296853,4.266645980132446
76,10,77.48597454775805,29.533217671504268,4.120846540640734,1.2527122558131616,4.382293517830014
76,11,65.48676582158467,18.75182164963418,4.796151875578924,1.1938825106721778,4.3854231299558
76,12,47.48245008632005,12.295734030963853,4.76866619328115,0.5865010798246697,2.4275756888211735
76,13,84.86522356390668,35.22926243959703,4.643901788382895,1.0992960646904155,3.9171508884683774
76,14,99.67774504255041,47.52755240292156,3.913537268528879,1.0914052061881385,3.863204632265266
76,15,139.93302127559292,80.74801212183692,3.5591760428665227,1.0012356409696501,3.4638604165002103
76,16,97.19544718977681,40.11889406558538,3.24427533840583,0.8662824502714508,3.0153031269223853
76,17,120.8116035382055,66.20291767503232,3.078438558789356,0.6985651069044998,2.5535207973974945
76,18,78.85636018910088,39.2588316246909,2.576768269267512,0.5738891766644727,2.2186058236145363
76,19,63.46380129278274,31.634060421106515,2.5013380133631395,0.5437022010630117,2.095921234698093
76,20,68.43332837856674,25.94041421177191,2.66320949413985,0.64252556254569,2.375218951800271
76,21,81.99572793326263,38.499439661733454,2.638483665711493,0.6457709294707126,2.425404642970087
76,22,104.69127762010696,56.36448242657273,1.9862399862798856,0.2970508780417749,1.6484361095985323
76,23,58.971062218164036,26.134562273396266,1.6194575771124249,0.2912653518216972,1.5830297934750936
76,24,44.10885118677139,17.635870225888077,1.3541916323233234,0.37003218123865556,1.6582913356378037
76,25,53.08471454709759,28.178275607397865,1.407499669812414,0.2688399170171769,1.5648616865577891
76,26,74.17872878241243,30.823780734435005,1.9866568217793683,0.4164865777481672,1.84832806927339
76,27,72.08078687554939,39.47366120382047,2.20566469757762,0.507937954808519,2.0270223190813903
76,28,87.09473076530247,34.70011133497771,2.4652411058602492,0.40183578735722003,1.9004485182706252
76,29,37.414339921788255,11.683541193751008,1.780050078190092,0.5154733334626769,1.9218363581995852
76,30,62.36345207278533,17.269975430687424,3.175398664374143,0.6063657082750296,2.4129921379019694
76,31,62.810520560597936,17.079417659657043,2.6918113408445326,0.5491543251386872,2.2298486633209134
77,0,19.260172042781353,1.5439810445445703,5.726861804892833,1.023131174152347,3.557057520377641
77,1,34.324911504418,6.6876920635671535,1.9464571556772081,0.36092716629918664,1.7578825880596392
77,2,31.340999255655426,15.528278567453818,1.0326844660849395,0.33358285502615703,1.5862422175033741
77,3,49.13848001548337,22.483302835782467,1.967835128252776,0.30275443364029275,1.6192549195584882
77,4,33.88809253537541,12.384673104256226,1.9257754485442546,0.45805490664635795,1.8627980628140888
77,5,65.22851501754744,22.39226232122195,1.785291066930142,0.5435541945359723,2.0492043340590866
77,6,54.13505879412713,13.69526953512052,2.7943647910638583,0.650619522659245,2.4092040486282893
77,7,45.5172922595177,6.409329596119836,3.5526610289172407,0.6695896032262327,2.531354580703218
77,8,42.514564994719464,9.446948012731536,3.8716500358818657,0.9500204515288,3.2638003713508668
77,9,67.20040116584453,24.338787997109645,4.276262611389607,0.9023541219958071,3.4501909425949395
77,10,38.49178360715718,4.767210486754371,3.7231227832925446,1.2376060666336484,4.327963035271325
77,11,45.07347200652917,9.102459845619379,4.5606626254852065,1.162419543073523,4.176705974221386
77,12,59.78319914100166,23.45134210847728,4.086089677802051,0.5695583706618503,2.320955639568448
77,13,39.893615629418605,4.169271380261085,4.633937731237362,0.9069442156102241,3.4409631445297215
77,14,59.627929421788785,20.329338122628524,3.526207027834463,0.9334737794989563,3.3093574407053135
77,15,70.12448854195436,17.969515293898112,3.6448000606048216,0.9743300370734937,3.521295981188686
77,16,67.50573230137014,19.8070972033963,3.3463637927643215,1.0277966726358367,3.547826397297148
77,17,64.46497535419077,15.136932299761849,3.3669640020649902,0.6541338056405577,2.553869062346227
77,18,71.04532940441139,28.550859421614206,2.832162396264247,0.8143065256676132,2.7773447008694063
77,19,49.849530045323284,16.18937086305963,2.5471783804662103,0.5987806563621607,2.2695734484402057
77,20,48.828177924632044,11.149577320422923,2.5853769664184405,0.7982482812247875,2.72312072521425
77,21,43.31527733886288,10.311432428740225,2.5254851316288427,0.6951552485409103,2.5101220777621944
77,22,55.46532633629336,17.497186650061572,2.484749880173073,0.4728994043966752,2.056786202312174
77,23,42.038951777829915,15.878362534813524,1.8070255629844136,0.41113039906300175,1.8171430774059283
77,24,41.017787390183365,11.973044994732863,1.527750144238727,0.3178758728852771,1.659993528308242
77,25,23.752662716710304,5.76247442425445,1.268080855324526,0.3060452279890906,1.5964842746209815
77,26,39.93286520458585,9.021145244906137,1.906803179173867,0.43021345189707927,1.8548870107503537
77,27,39.22658305384422,4.717574153087761,2.360091462359165,0.6053774930971509,2.2125736807104563
77,28,50.38316223731212,17.065373593792952,2.7319294879299405,0.47175838655000657,2.0830385588559963
77,29,50.51520165108775,21.126098732044248,1.7494140305595869,0.41963262680710334,1.8021527967778677
77,30,49.84253304295061,7.422850674105534,3.3298942640296456,0.5883283127958192,2.3860329497967774
77,31,68.8065629234528,25.612621159509132,2.8713741817025533,0.6735334078750705,2.513572027412244
78,0,41.13794760653592,11.982011054511677,5.833391846530951,1.051801964162303,3.6677100336224284
78,1,80.64855872076063,40.585986220087634,2.538608936029628,0.5004126449909432,2.0903930437649922
78,2,42.5756952284288,20.250047953598752,1.168128527143276,0.32887542439209483,1.6066522709629087
78,3,40.482544800534654,17.375840965194477,1.563193732949112,0.2696126711333855,1.564249396484842
78,4,37.86650510500206,11.514311341202708,2.0078069130407554,0.4566606839531553,1.8928909402116283
78,5,72.17113073798456,26.238701874448157,2.6799385114766374,0.5442528849938268,2.2257218413384727
78,6,59.77636076939521,19.277389677321132,2.878198665617799,0.541256168301707,2.210560314786791
78,7,65.16699197834191,21.284389770652094,3.595871812552625,0.6720907688329163,2.578086425639466
78,8,48.35434730212319,9.682729889326682,3.8190629498714053,0.9515651840318631,3.284743118719376
78,9,48.86506409835155,14.11278419678414,3.9616249922478506,0.7999110782996492,3.081283676920458
78,10,60.01604251884197,22.009740303064667,3.753712368265436,1.004885668088793,3.6527477729532176
78,11,58.88151724737962,20.16149445493338,4.275703048911159,0.9996358846236175,3.528062961620277
78,12,58.25234291371864,20.827332854409658,3.881118081464444,0.6409729563617974,2.4694148650790932
78,13,42.86049948904625,7.76043525704715,4.470836670745074,0.9038552681947998,3.4435267876393545
78,14,49.677979674624,11.968598385249416,3.5681395475254636,0.844925901896473,3.0575132473740743
78,15,53.61596335706026,11.501953210753245,3.4139606225340127,1.070927884378826,3.774244140573165
78,16,66.31263497590436,17.449522484225966,3.070207241529021,0.9677677900799071,3.3234520192617145
78,17,49.38370062028031,12.78006017809209,3.068411486959436,0.723701606817226,2.677438068033862
78,18,51.6584986461068,20.92914976336597,2.896823864948411,0.7948010165923902,2.7559698076501347
78,19,43.102533530499315,12.142187952696842,2.420190996784336,0.6985529493619724,2.439545859671878
78,20,67.81130930773827,28.94034451872969,2.453681836433379,0.8429267938692568,2.8184166486711018
78,21,67.70364823618534,27.6391774341074,2.7547143732239636,0.6993571167743631,2.5894619256461064
78,22,69.65215746500235,21.860118199304644,2.758312721302582,0.7047055172120134,2.601304163016007
78,23,58.061527016905856,27.074842642450296,1.8762704251814097,0.5045105137087351,2.0026486117229036
78,24,35.740802918153314,5.8384120777173845,1.6194068999491373,0.4475826873625006,1.8592982465386334
78,25,29.54335733529182,5.852944689888247,1.265746706699324,0.36139673346049594,1.6995273911323896
78,26,50.23643959588141,14.424464418028471,1.7790072581756409,0.6422837623251243,2.1725927196336348
78,27,32.58050153387726,6.5539567154547695,2.2092663345164274,0.633731738548716,2.2854692539646155
78,28,65.91972471966356,23.629172747117632,2.4809986657786256,0.592098087120025,2.282379242128943
78,29,43.51645515273643,16.00146311728545,1.4776687036394767,0.36513447197867577,1.6799975029516179
78,30,57.66739799965065,15.916745949165943,3.224966983942763,0.7059046908890672,2.7010293041476383
78,31,107.42079592835725,51.72815731932216,2.800595889315167,0.657409243580676,2.521122484265291
79,0,41.62052504193929,16.3175095214727,5.885983365740958,0.9439798180091321,3.354563073350755
79,1,75.2844560489429,35.88614881365039,1.867927999167801,0.3286256989900911,1.6792047226269655
79,2,37.95289909047473,19.23356892713271,0.929451446078728,0.19350132081371108,1.3813854359395086
79,3,55.93120718018561,28.775840741585693,1.1465988950351789,0.20254838421375676,1.3736063825799891
79,4,60.701253354129555,26.742883029991468,1.236864837216776,0.25102854262408414,1.4844433982891836
79,5,69.52119942819975,22.89003651475623,1.585098238596979,0.4149806625316437,1.8201704978128972
79,6,87.97973936086326,38.59346198083462,1.846176157532712,0.3972331622493277,1.8212361348572663
79,7,78.83901224677489,36.71594693254746,2.996091057222851,0.5236878677743961,2.1900026663559946
79,8,60.76586937180442,20.771720886560786,3.7846658573652627,0.9765756280300817,3.383798749944741
79,9,76.44596497601498,35.9448745394421,4.678750747065661,0.9313332570716586,3.6891585998862055
79,10,87.39942341551975,41.64863821344115,4.267854923027889,1.312431122479481,4.8714325232027385
79,11,91.22854264224468,48.09266728584345,5.014312741201102,1.223261983766645,4.625613194497724
79,12,113.93185710446181,71.16247457667411,4.382489876464172,0.7412119709281635,2.9039334331039206
79,13,65.18140228234212,23.151604651279605,5.047815180033895,1.381406813118561,5.203824292754736
79,14,73.19763781752857,28.76881824044734,4.773424133931166,1.0731349121133293,4.104147382837723
79,15,131.54673936250572,70.29283505804662,4.160288808066145,0.9351951730875392,3.6320099041923535
79,16,120.49732503607525,68.0361606527774,3.698786958375099,0.9296759237232846,3.4033710276792988
79,17,93.28221661253176,45.08554369917755,3.905794252824773,0.9638419300660246,3.4244850572904584
79,18,77.77551531862969,37.985007328884336,3.041720211254222,0.7375114215704883,2.6149548646847554
79,19,114.68364829438983,75.45878464801527,2.8827478892629177,0.7087181483309157,2.53579877930193
79,20,120.59097041969395,72.21795172518252,3.4762291445119833,0.7217268442831215,2.7167312457041657
79,21,106.3003702144417,62.14787995641939,2.469964965496205,0.5287492285445197,2.1892266728967145
79,22,143.83054057137872,90.26486018380034,2.670274620205398,0.6231675661741392,2.3122800648902593
79,23,102.11176002333742,62.602374059374704,2.1737769923288797,0.45769148532512016,1.9241832085542498
79,24,115.78931888645354,77.34695590438909,2.3209439611522518,0.523209096999607,2.063150231297978
79,25,74.10330837506447,44.144051700934256,1.6062670423461247,0.46318863821792844,1.8510720040463788
79,26,128.20788785123545,82.13801431622836,2.8047789897951505,0.6812299352392275,2.498162833768063
79,27,95.21898743616264,57.836501491430084,2.5997718201641282,0.5094675276610761,2.0574884150446473
79,28,84.18524768016574,35.6247898153085,3.092676924419562,0.590950581388543,2.3937529709042877
79,29,67.0031052726015,34.51206146126361,2.278981328375739,0.6973787497227888,2.420319625150951
79,30,88.17211397799645,41.51470598679993,4.070773518517724,0.9801006344750345,3.6706875705244384
79,31,117.38801478116864,62.172359969903304,2.752373386543246,0.7984625124129958,2.8034683367943583
80,0,86.41246987949403,53.69358700182086,5.794182558954985,1.420428679758527,5.298526519913999
80,1,106.95211291783315,63.92371912950736,2.7590527316703626,0.6701252490050016,2.454596611376158
80,2,53.61446326441211,35.508694967485305,1.3968808549089449,0.29700420382657544,1.6413648659875237
80,3,105.30441115652289,74.83852911697554,1.9788001988588377,0.3866762754333497,1.8258362651429956
80,4,116.8911791631934,79.80260876728849,2.8708015493019046,0.6095708652323522,2.335038109517992
80,5,132.58340869824784,81.47425367542661,3.2121682075694213,0.927027192097146,3.141997186391738
80,6,171.04186845027357,113.81240083146672,3.7804760420100316,0.7526198949425278,2.9374289967474225
80,7,126.1737391586005,72.37720537977802,4.038002110774768,0.8726943816390005,3.196291431157162
80,8,111.85414148561927,64.1251678644115,4.644740429678281,1.2509580148796973,4.5070752740183275
80,9,82.0277622294846,38.54894119542004,5.190215263129805,1.1444707230593858,4.388979561123831
80,10,77.4785491860394,31.863900532525857,4.842638244470929,1.280878101664844,5.026878724617196
80,11,67.8626284061366,26.231428405156645,5.122915756509155,1.1279093941570695,4.311925402598241
80,12,76.11941751249272,33.65108170982219,4.717286661551024,0.7528841802107253,2.952004909493548
80,13,61.96996397350904,19.9517659550831,5.677370252980485,1.1219359647199427,4.452447754384174
80,14,72.8001139559178,26.691695888274097,4.782878299477684,1.0739390344652744,4.190662890253057
80,15,68.04128189097992,18.644638107096178,4.620578143967162,1.1505973760754422,4.580427373562254
80,16,83.35521535476619,34.82078425143029,3.609786055256055,1.0950935790895442,3.9798300764712375
80,17,93.18455958571224,45.15943182332942,3.915021463081885,0.9031098672995901,3.340751040169014
80,18,82.34942116969955,39.795113122869665,2.521870839572972,0.7005051631924282,2.430635266631934
80,19,95.90182918677183,54.03798690539522,2.6890484976555813,0.643239804658776,2.411080713841646
80,20,101.3576384858475,54.549975084974484,2.8546114762976824,0.771379903117904,2.7287170865292967
80,21,89.77455073343728,42.239113340588375,2.0277986928538096,0.4904343479754454,2.011800138512121
80,22,69.52671240057484,25.859756331119627,2.308540843510217,0.6707662164402199,2.288696764842385
80,23,97.01052748156735,62.07870074973965,1.8914950234714718,0.36202059567277134,1.7301107276887417
80,24,58.394034638200694,27.23158152310969,2.338646420828194,0.4904523685266464,2.047010999586952
80,25,49.89978549747826,27.075926980795618,1.6854380327634222,0.3736503118866059,1.7544103656357959
80,26,94.71813431889359,59.672361670294265,3.015959778259853,0.6646870939199991,2.5486386380494768
80,27,57.17092033838841,25.13272121392952,2.2114265611162462,0.6153810982527239,2.2631181705304346
80,28,90.73819650082251,43.45238913260505,2.9684082201388606,0.8198955665399681,2.9146473887439712
80,29,57.75165348063938,26.173098477275623,2.3976174142052455,0.7451941058528702,2.519639067687232
80,30,64.99820672387429,22.75523482071312,3.5904429890485012,0.8159348146021479,3.0188075711069033
80,31,106.18528670769159,49.33581911692109,2.4996168151458518,0.6744587161714231,2.5006390127542484
81,0,104.10531371006698,73.94405177418378,5.115093214541285,1.0761738094073614,3.5979055835883758
81,1,76.33514435175212,35.790337908542426,2.4101595777537526,0.6733091808078866,2.3654767722976184
81,2,56.022614157547686,32.1079161451951,1.2827738824965766,0.38679167390002434,1.7237187177153979
81,3,58.049444147786424,31.844994469427405,1.8144775599783234,0.37784917689430486,1.757381815223983
81,4,65.28122224119073,33.02602588193011,2.7650067220615155,0.5349262597917384,2.1682633268516516
81,5,80.4025644286483,31.955804102939215,2.8890622569718962,0.6951480574480229,2.569439595340714
81,6,86.8978846974316,38.2208805550367,3.5488720635693696,0.5292032811407967,2.302992552124519
81,7,84.8006669063018,32.85966314342599,4.160412268175058,0.7289621771361139,2.794793693040093
81,8,77.73026375854855,35.19513506654269,4.756964714604843,0.7699137080162748,3.0727973270586473
81,9,100.1410870981677,50.462327781920806,4.323054329828574,0.7300910185255196,2.9035463718164256
81,10,96.89961852743748,44.03955048303747,4.500259754471429,0.8332197237768417,3.327820119896461
81,11,67.78546876635275,23.077722027825864,5.291816416918149,0.9599257089071749,3.673454198864164
81,12,62.725064506920155,23.000969242454573,5.318447510938524,0.7516835372986232,3.0194070983976937
81,13,53.636871199119525,11.873803191977256,5.943503744843905,1.0173275777255286,4.058900610194735
81,14,68.23166583837754,22.056315318011016,5.249235386016659,1.1556222149172548,4.503071730130632
81,15,81.84850704384723,23.435257332462108,4.285469596204953,1.0098761779679775,3.846082287126705
81,16,83.63330417456332,35.806757115726015,4.072753247484506,1.070362476952294,3.8202284640357833
81,17,62.455523726658406,18.248585226871956,4.1810678222118165,0.8775413694198759,3.246418860246114
81,18,68.81335625588554,34.98976905235113,2.8746900721126334,0.5540405544634774,2.1789940847893856
81,19,58.49867018458275,25.554537012459658,2.906024856037482,0.5932532998796058,2.3192110016041245
81,20,83.5460413078653,49.960274413918114,3.238607100240223,0.707954973509699,2.62339263576008
81,21,43.454762021765625,7.2379684182647885,2.303601427434108,0.5375873730488383,2.136997856546613
81,22,73.14338196544931,33.59257871677708,2.429262025264345,0.5765133850607449,2.2131219165821974
81,23,45.33145499597673,24.5934673805316,1.8074993871002203,0.37940312924653696,1.7291994750618536
81,24,73.09669037326326,35.91215016099616,2.079480547066682,0.39780426003229064,1.8338865155563542
81,25,55.98015136246832,31.80388978869471,1.6902905290983816,0.3640872015991685,1.7739930563832735
81,26,68.46968859310769,27.028770818968802,2.8356088907637425,0.568782938987856,2.270763298746409
81,27,52.00684649455417,21.17602539438131,2.4536285631892927,0.7126622600286385,2.4812363330187197
81,28,94.4707726675017,48.28301446125117,3.159685607355932,0.7496094390251606,2.7841513930403283
81,29,61.46932784878283,32.68205299458252,2.2553557600739738,0.6213063984863179,2.2613776545837747
81,30,55.14825356648578,14.425200395469227,3.7968083771262697,0.8589777227428326,3.169916991652019
81,31,82.93268505937078,28.754619929153485,2.961023593001202,0.8053825070247447,2.9431298233422085
82,0,88.71284405808738,59.395398550151,5.87663821774451,1.3343756270250164,4.898360466829424
82,1,28.44528972539463,5.114764118239128,2.55094117989589,0.6257144012962179,2.2638120614117363
82,2,69.68675662901143,49.566195504114035,1.676936537366353,0.4960080610280808,1.9714813291286524
82,3,35.73131053001781,14.49585440096731,1.938815788747056,0.32295335231832434,1.6785601362336642
82,4,57.17261442358627,25.993587649034268,2.7260681076652657,0.4698214971205039,2.0490229904377277
82,5,84.17701525631443,39.74328189687435,3.4002130083377873,0.7147015484907051,2.687836126062735
82,6,73.89955180015224,29.708410578926497,3.5491468011440324,0.5409609043894328,2.3318383312112774
82,7,66.76113161720123,18.445607042719303,4.26831999691138,0.6881219703151249,2.7208486141872923
82,8,84.39269871131705,36.79304391888579,4.704178977095337,0.9344025689372621,3.38593122833015
82,9,90.27075268068283,43.86369418754498,4.811099289882885,0.9317215597125319,3.520222324805732
82,10,87.21286192288528,38.22881792942421,4.9064876369304615,1.128004978380038,4.342507611192639
82,11,76.62517400988119,28.930179872610513,5.349059887352899,0.8994295075542773,3.5317988924081534
82,12,82.19297780276335,36.87912957896418,4.655216590714161,0.6243411116757267,2.5675340781709455
82,13,64.63220691425249,19.112181717393536,6.214961353852423,1.0686781518278066,4.285734777235711
82,14,61.268534767406024,13.60710296037085,5.270481225823302,1.19086574852198,4.668369217174114
82,15,113.73985242962485,53.50005072432028,4.731700094277545,1.2350781001665432,4.78480331615777
82,16,121.66283403927211,68.20886471234857,4.037562903724687,1.2050881067356745,4.333477494816718
82,17,112.80365133699232,60.923036132949576,4.478234154589468,1.0362491921178494,3.820963738121616
82,18,89.03495015721022,40.87979486850605,4.298508277288663,0.8339000683576412,3.056790010096553
82,19,85.12539167093894,48.0864731546357,2.8595328551477515,0.6074638792520668,2.2596973426420255
82,20,81.87250734773241,40.306948399718216,3.6989664427908675,1.0410705198987928,3.5753126800209407
82,21,128.20390419794072,81.32530089632081,3.3516710335492728,0.9548284342646887,3.258362884757809
82,22,107.52184603620078,54.22877354580394,3.250077723595847,0.7335793395641428,2.6929053833184726
82,23,71.41161063298838,40.580178896783806,2.4134688835162565,0.5245124724476806,2.0625737313095884
82,24,57.73489890893761,27.21165829781853,1.943822254393001,0.5059798540067411,1.969309129620971
82,25,59.875664209163574,31.119770800492233,1.6118464538490225,0.5475500054697189,2.043424850360064
82,26,75.61463914510915,34.91520346418423,2.896668474545455,0.763901511124637,2.713369721058292
82,27,82.07495410054969,47.08548193375401,2.8627665794808097,0.6985684254778146,2.5612540564911592
82,28,68.99372998114667,29.789225127236797,3.13945461166381,0.7537380753664094,2.72783940488816
82,29,48.999552711246594,20.199008091362025,2.0237906957399003,0.4865018119936777,1.9127773420749141
82,30,76.02520531135386,28.933492501550905,3.894955486498001,1.0406297676434018,3.6415197966789288
82,31,127.58946430971082,60.462718689455684,2.6920384567851166,0.7877176219753244,2.7485879739923846
83,0,85.57459433403629,52.270272104469726,5.887495695128852,0.8829787346314983,3.173515960040168
83,1,69.20325203108845,32.099109261459255,2.275754981078413,0.5386990345836615,2.0797836846961686
83,2,70.32017806599188,48.180436405443345,1.4508470419290793,0.3658415964826043,1.7009182358116681
83,3,67.43869826133812,36.603808143996744,1.8868741887050549,0.307636689114978,1.6118313280797438
83,4,76.13928919863127,40.47723274850574,2.2199130263262923,0.47040944077511826,1.9064946042361177
83,5,104.947725000005,52.14867439818615,2.7880009361915503,0.7081279826972091,2.503769191833915
83,6,84.65729097211039,31.793117678829482,3.176361439962933,0.587463698684751,2.35967880219505
83,7,53.352520679951674,10.497412317996822,4.063391975454315,0.7069506802484113,2.7074445944272654
83,8,48.269086139271494,9.325047404181001,4.757558551072371,0.947697361463697,3.3871061890973917
83,9,36.73194853460303,6.542268363352672,4.76242396389012,0.9425797534429421,3.585248826678679
83,10,63.5939049838273,18.030695648335218,4.682916603501641,1.21978085439084,4.558996787650287
83,11,37.44848205372657,4.096958387488545,5.2855845175264315,0.955600549456471,3.7038595313360396
83,12,48.739703908398326,15.131724514251221,4.538363488466922,0.5848249563984744,2.410023020399637
83,13,54.08422893796663,13.158512028569543,5.71909318668882,0.9898021129207093,3.979011310341666
83,14,67.19266475816721,20.94285558643475,4.943349379898731,1.1965843580563673,4.564232670224682
83,15,69.36726936374102,14.911742518690174,4.428747262532986,1.1730663117505893,4.335386828076928
83,16,82.63556970007977,30.022386690147385,4.001952483336874,1.1205411184127492,3.9868889562781624
83,17,85.18578195840766,37.077655986264276,4.438192395179058,1.0267157428928941,3.699121707797288
83,18,69.15371670530058,26.171096651228307,3.1045582495045316,0.7180033785904647,2.5831362986876134
83,19,43.4392156368492,13.283025401686556,2.704201758299607,0.5688218095269426,2.1924068105403403
83,20,82.46099643342936,42.39952783197377,3.7835002861865012,1.0547315037233123,3.614005811747402
83,21,89.89329219939691,38.56907536814815,3.1691996706228176,0.7004360204028659,2.6286170418184462
83,22,61.42975898102635,17.899203962309077,3.228743381930191,0.4501465491161225,2.0492982153232555
83,23,63.9107522331284,31.815778614009226,2.1006390426744557,0.35027151587096705,1.7422969704326754
83,24,38.690683525459775,12.060069118938134,2.0412609385016065,0.3793004573509231,1.7764135079920116
83,25,43.84392008140205,22.395155042745394,1.6085328792796814,0.3133983200600037,1.6591623834919011
83,26,81.21277851665343,39.39783586226935,2.447634093742563,0.5334846936142092,2.1181639945009554
83,27,61.77751392839526,23.162262390917057,2.592569524389072,0.5596616426964269,2.142213977784972
83,28,86.57710064940854,38.49855765882147,2.8248860600842978,0.4933242873505832,2.1348206976288564
83,29,79.75164254652896,45.84672848231058,2.2288414743268623,0.5928924641902373,2.1617457196771914
83,30,65.00587639083139,21.81209741023452,3.8312163425336716,0.744659072033389,2.7860909371083977
83,31,88.06065152112674,30.631812543288053,2.994481838326167,0.713224925798833,2.5858944445993077
84,0,53.235505400584586,20.670793648172783,5.803089050010296,1.0464919860509516,3.6772476329219175
84,1,60.06928304891685,25.83811205839366,1.9361153924472743,0.4198978826829878,1.8308775414223553
84,2,28.250888328798112,8.401574713852208,1.334841449525162,0.3693708122007724,1.7134372943427465
84,3,31.7931681774419,6.970542499903687,1.56813592013754,0.2452574740556399,1.5048742209721906
84,4,41.48383226353165,11.519340556370437,2.39641880073149,0.5769409300230817,2.120442376006846
84,5,39.572601840220315,7.307444104358699,2.7246650602376317,0.6542954669407299,2.363351916467594
84,6,52.01141616798026,10.45333584518467,3.5471797063373356,0.6866523645940794,2.61154715055307
84,7,53.26399494339355,12.282150268624862,3.80835760083461,0.699742550820758,2.6418868449836657
84,8,45.843675712057234,9.86530175630622,4.560216830836055,0.9498081553227049,3.3515491742816628
84,9,47.213515953847164,12.523485101325305,4.994274080999029,0.9328551933511751,3.574963631113172
84,10,49.939247936395745,10.775980599113918,4.593213875472708,1.1605448231536313,4.437584206355115
84,11,34.781860059168444,3.1279720162695606,5.269433494821836,0.8323099293729932,3.2731415914559885
84,12,38.001966762961516,1.521310703822432,4.592959244420505,0.7054008747224296,2.763136902244381
84,13,42.65310153637731,9.566498043074906,5.679091487405316,0.9611357586483091,3.881684029703403
84,14,61.33416604324425,16.902106486640136,4.935976469329686,1.1081530656611118,4.223086479402127
84,15,53.88088568863842,12.229206249028419,4.481965139533358,1.074681169495591,4.100836225833113
84,16,66.33160411289003,18.2896548108763,3.731697644791085,1.0873733388200382,3.8368016295088188
84,17,64.99969215297637,20.57809934239574,4.183903602741025,1.0279068843287904,3.7162266017683825
84,18,46.77777783818834,13.585616979473944,3.3745481942880597,0.7234865807284447,2.6142667549771357
84,19,44.27529045539257,13.80233179776727,2.8938560413827252,0.6977235690010213,2.4430434533171352
84,20,70.47270674380192,27.089817985681975,3.612624020901914,1.0006369346919874,3.4503644062385614
84,21,78.31912801905249,29.21860198848302,3.305005070789314,0.7693714781545125,2.7664151393587533
84,22,61.651847435611515,19.28012014740839,3.553962704854607,0.7719987183374819,2.791740499941499
84,23,55.204579073556445,23.544360521658582,2.3844878565836503,0.5456441627898907,2.101106522078376
84,24,26.920707408605395,3.3979043599959344,1.8825181122609935,0.44905434061098015,1.8818356383858375
84,25,31.82872490361418,10.546405704630025,1.3435460433467519,0.3571480012963817,1.6914794553602603
84,26,57.28161915696302,17.111915238782533,2.1539263382205878,0.6360584612563209,2.235096909450674
84,27,31.653812408231946,6.410491216541997,2.2704132991936645,0.5938172418763972,2.160989526944933
84,28,54.54187507167074,17.616619649927383,2.6613608540454052,0.6420869913080223,2.3621787815838107
84,29,43.511161243314284,15.486221775644008,1.9568456078043153,0.5012574497423183,1.9471223792534271
84,30,51.46320837730255,13.63128472773886,3.4507973368746656,0.7932013341680433,2.832697351788532
84,31,82.59997696287715,26.12853164659004,2.645245613249437,0.615551560184513,2.360679329205787
85,0,50.82781457487317,18.196591579504304,5.992731822374743,0.8896370215548037,3.2252533902417126
85,1,54.6163263249027,17.590217297046724,1.709226159536134,0.4133840285060846,1.7618856486254293
85,2,33.12202308578678,11.962741083147943,1.195691410713351,0.3999348055635026,1.7211283454262807
85,3,32.22513742201188,11.44201619113349,1.6700446442554637,0.25080276859646555,1.5204823374324499
85,4,65.00921810845152,31.075715472166223,1.8327302594460633,0.45157633715743306,1.8387605928207094
85,5,65.18431612669077,31.92473942273833,3.103299786542065,0.8061729545904615,2.800980053637784
85,6,72.80637657918149,26.425277067723563,3.4203785528169206,0.6282421774938207,2.5340885075590327
85,7,99.21519531965183,49.814315764578126,4.404564945677051,0.7792440962471314,3.0499605310521494
85,8,88.98993310831248,46.47322918810151,4.7660065921267645,1.0743317419211404,4.099221635131458
85,9,83.18515272743167,38.78987733059199,5.336693366364763,1.0520632738547882,4.274721717846635
85,10,79.69953028245918,30.125911465576692,4.509565558826292,1.1144834987147334,4.400599085806353
85,11,77.70700552426057,37.68359465538761,4.8318164781198565,0.8974121957522403,3.5000585571567235
85,12,62.6699406644649,23.885643311979333,4.972417983868262,0.7770944172238803,3.1253397848863096
85,13,66.86930443003291,26.272900001879535,5.621124942553459,1.0513031745755983,4.252498605603201
85,14,94.90967671931232,44.96132556144561,5.046294978420832,1.3521568771635746,5.191103588937258
85,15,91.09934663658684,36.21287715537778,3.8983986539664692,1.1355124231713751,4.179763112675904
85,16,99.06907302661588,51.10071113044351,3.3145423631811033,1.2899876542801083,4.395779098981446
85,17,84.53555623359064,34.420184618639446,3.5599873090118623,0.8885353572939363,3.1708860096931475
85,18,88.83016980626302,40.85083288972922,2.4388172247510616,0.5142606340626736,2.0720312283965763
85,19,54.54832070435922,21.14940986607457,2.337828988226364,0.6689592363082655,2.3292434860069893
85,20,84.80397917171075,44.81648723341827,2.674332069230774,0.9122910605024144,2.9248751463629734
85,21,91.51066736323195,46.74371139558738,2.2040757289622226,0.731500076273131,2.4150028764211457
85,22,105.17293601928347,55.02408172920231,1.9045303684127033,0.3300233277990854,1.6922257033805364
85,23,73.21525627004065,43.105743812538066,1.4244805165238168,0.28157317048885555,1.5483437636836075
85,24,48.77177864794203,18.21809655116845,1.408935649147151,0.2633744799274178,1.532643924625283
85,25,39.39201498789992,19.429425518240976,1.1055244081635096,0.30901296180009163,1.5604195588798517
85,26,61.50784448392497,20.60633610648909,1.9478258516869476,0.5138471956387516,1.9715328204200548
85,27,55.47259399164767,19.127627998644257,2.224414735045767,0.7846369236232142,2.492735916266006
85,28,75.82264608960546,27.005191410735844,2.3414978920792033,0.5525052310397061,2.1887038083868786
85,29,49.605168357369955,21.78699823365151,1.5093900986190967,0.6433318669388517,2.0803217708087236
85,30,78.29378743358643,29.3131640652451,2.8489249477064478,0.7662578791272079,2.66786237853772
85,31,93.13890913975214,38.2628302543429,2.4050829737778354,0.5685356627943006,2.234482986694731
86,0,54.27186216381117,22.46973848113992,5.555788019335724,1.0083307665343204,3.412637955462404
86,1,52.22437921475493,24.123681077152742,1.414106346327769,0.3804813091688706,1.691458383369234
86,2,21.322219841140246,4.937082366257721,1.1150033070459773,0.37833560041486525,1.6528815492532232
86,3,64.16427834356992,33.38438767227806,2.3493215378900043,0.44461833868077294,1.9064254714564117
86,4,107.46830444711136,71.20831377921606,3.349729043480897,0.6933967835335881,2.583695575826475
86,5,150.9059093172654,97.42832286105677,4.1451139754068755,1.0526008532131694,3.8192264145749633
86,6,173.65571324505737,115.00243280738228,4.530328403019272,1.0666330764577445,3.961053656392325
86,7,125.76064584249511,71.11277705652246,4.595035843191328,1.0380863683838246,3.903577415626696
86,8,116.9962288958637,69.8582165842347,4.93517202705624,1.1390571162637668,4.322705303105847
86,9,103.93324331671425,54.11805216077141,4.784430603304699,1.0523330721620674,4.107630377115901
86,10,110.63097464192845,57.41449293114918,4.32784335908174,1.0094824262997566,3.825468071834401
86,11,106.57646223640245,58.17480531461889,4.866474621926819,0.877437207995925,3.370922574568295
86,12,101.7103213630532,54.49310899660087,4.984583199727114,0.7702356848588945,3.1137426716240033
86,13,117.19126061222057,71.37472650130186,5.359886128553948,0.9053730541784164,3.6333414338707586
86,14,131.92176902193555,78.93662872423656,4.849514251483143,0.9222741677299826,3.607618769964827
86,15,120.38706435799011,61.648448997354635,3.3397184585617197,0.9311771877112527,3.2088172101137817
86,16,176.41556456471727,113.82625853187474,4.306704837008159,0.879621234784941,3.3546961911845083
86,17,107.54859560981564,52.304433360558924,4.218732090140862,0.6930830768967278,2.8395931528171903
86,18,69.97760740982201,26.497167079466138,2.5454344835143194,0.43619278763465097,1.9096096517555425
86,19,81.77167886983338,41.11091186456811,2.1183861399928827,0.4594890952802362,1.9169131822453016
86,20,101.81617630919277,54.578918183458626,2.5851243836452715,0.42742137195103647,1.9470566554986697
86,21,89.96178245077942,37.91717848464953,2.2572491391486404,0.43803912740953344,1.961618149925714
86,22,70.50591125078029,28.601935041487337,2.9076913177991734,0.4361334329575963,1.9905480940989904
86,23,43.60548330171396,14.189429863529398,2.1378427313698998,0.2266043507282598,1.5312782774601061
86,24,41.83488410335235,14.741026059311181,1.9226530156781094,0.2899687565649831,1.6198260486788698
86,25,58.93049462888492,34.5323725910106,1.7576381833881531,0.5202040727229975,1.997148934849725
86,26,52.37202512084778,14.356743310129925,2.2788938586140293,0.47356448713410204,2.0024213435031064
86,27,58.36217858842285,22.43014531681769,2.4291181773443613,0.785600424623889,2.5667756934044474
86,28,90.78257873803841,44.911711625748595,2.0895691429601855,0.7111491860738641,2.4818348517820996
86,29,103.91812538428272,68.7852635681268,1.598201628265653,0.9753540291326888,2.723700706108373
86,30,138.20997419453238,82.94890325020917,2.5760190189698378,1.4841174055347786,4.594881872151034
86,31,169.749201523442,104.10380429489302,1.5645858159288655,1.0381202624603838,3.0040744545150573
87,0,31.71646858083863,6.469442159090814,5.596616532361838,0.9561459160070207,3.2661911822096616
87,1,48.94501913066743,26.459551831552567,1.6141318773793403,0.4125685745589145,1.7574249434981235
87,2,22.15449763324527,7.009416725140342,1.2011525091172057,0.3520439572737981,1.6449006147737064
87,3,75.73282398197529,42.79036285717255,2.2860510096032503,0.32931811550694423,1.7196861491245476
87,4,100.93952917634597,62.36787736531275,2.682617288723016,0.598283903147081,2.2614863570150403
87,5,154.78362652062657,96.8867162948415,2.9068528203651005,0.756835291583903,2.6997657866143667
87,6,202.3511983183235,136.33110082039326,3.213371410935027,0.5976385063709202,2.475775760807876
87,7,156.8509409019507,95.15778546568978,3.9858280452611403,0.7823792241447007,2.901288091142713
87,8,142.70739624311483,91.76708771390045,4.457233703210592,1.0428382120959627,3.8433465426383684
87,9,119.7410496187282,63.8459574675811,5.230759502861611,1.0444084057645426,4.104441941971151
87,10,126.61242784161526,69.81026374612912,4.583473958548289,1.1836520336709793,4.602142197470736
87,11,135.86896751010335,87.20007619788784,5.0243780376624025,1.0357229130918633,3.9465586789033367
87,12,113.98278995243767,62.42707775768496,4.751949101217898,0.6381676808162666,2.573934159600178
87,13,112.31233213434858,63.246634300208044,5.724637826532954,1.0572184438161027,4.16308927284175
87,14,113.81825431188412,55.63801757135626,4.9830374356872085,1.1210400623457746,4.287394793353404
87,15,158.9591713067831,91.70913469906768,4.331901314906988,1.3856872929294024,5.347662717181144
87,16,144.29602483393296,80.7623325626582,3.909413246348712,1.340980926793586,4.934773752911955
87,17,132.5972485347767,70.84648296309912,4.220057793463023,1.2505086573264412,4.431337689684394
87,18,102.27971896797378,52.531252976032874,3.3655857128355104,0.8714934563635457,3.001450821050935
87,19,81.52474508571254,41.36575633352933,2.962208027424085,0.6692112949817655,2.4769287141308163
87,20,125.38746507975148,71.80313747056505,3.629606040964525,1.1149330661551753,3.8170695135285544
87,21,136.68603232198268,75.32540694530002,3.193470626636195,0.9578100524124329,3.2607261115285304
87,22,80.82523301328234,27.120613459954825,3.037746461236075,0.5139987120185463,2.1940258703903583
87,23,68.49072036997654,33.25612063157763,2.263490712055778,0.5090807366567307,2.053675338627767
87,24,73.28419038245976,35.51213767051884,2.036629070586458,0.5397893679299592,2.0720269596968346
87,25,97.32735198467186,66.9114344864891,1.7167809140877683,0.44770061826753627,1.907724340215726
87,26,91.7852448987116,44.088464138077796,2.754615426706296,0.6227355876196659,2.4231678269777186
87,27,85.09523556041067,47.35152610469126,2.7242895030149166,0.6310372131777968,2.3327168125715865
87,28,113.95371647332539,58.82902161146228,3.4697181968619892,0.7334321894845655,2.783513988013813
87,29,99.83501403257398,63.56724088854356,2.250061572152495,0.6633266851688577,2.2715701583409498
87,30,162.21383619033008,104.15803759788119,4.333867513223726,1.0077289341724747,3.7834777577641274
87,31,187.59890516896183,114.61385270370744,3.196164494343005,0.8064365447022404,2.9721223760614945
88,0,57.723996676093286,25.718962188582804,5.806245381969752,0.9897429265820641,3.5571324038679526
88,1,132.48679258133586,91.92842660306921,2.4272554158292357,0.4702763613108152,2.0378439032086026
88,2,59.27610006306886,35.74388413505259,1.4306054966199446,0.5924815667154921,2.022613322047832
88,3,57.327626977061,28.16712729226855,1.846573484989527,0.3173217279031202,1.6512316614124962
88,4,57.73181981645921,26.233835439763475,2.317126536717356,0.6121866298086047,2.202876946274445
88,5,73.00973202076054,29.046836322068476,2.654527076267487,0.7237148824874744,2.528807853752113
88,6,59.036206703514544,16.072089205986952,3.179525383728479,0.6230864808312382,2.4818020836955466
88,7,79.8671136414486,36.57919007232396,3.7392395623343235,0.8022168904344325,2.9421778432035013
88,8,65.92539521620266,24.396188432543372,4.392430519970061,1.2258699110713458,4.1844779038795075
88,9,66.79225755256407,22.91436505386952,4.6909660242640925,1.1021045286890647,4.20731313436078
88,10,76.58044974166478,26.94750871581497,4.136963145406105,1.3074166407373227,4.69066681255462
88,11,50.51590435726403,12.176329184420815,5.240509205074639,1.0016306390228582,3.8223524689495982
88,12,43.34105474444423,9.803501509474525,4.531938912705803,0.6153836254441938,2.463986464073335
88,13,55.23682075941035,13.369133097743003,5.351574528702461,0.9105882382460848,3.6045900879862245
88,14,50.916881763087645,7.130667029980376,4.6659369758576545,1.0082264496753481,3.8980422617613395
88,15,45.59657384943542,7.704968310855562,4.478009283725033,1.2025118922220939,4.430984789422713
88,16,68.19145382417042,10.818408259770052,3.6241226084354135,1.1350207770956247,4.041217964840602
88,17,66.08394144493616,17.531477657010587,3.9600815592386542,0.9686931645386361,3.5088017993920633
88,18,33.83618545269698,6.40444140624188,3.303670626745242,0.8066046414831964,2.8429197477539443
88,19,45.82276305637097,11.535996213935416,2.6137586341283443,0.6069710643675457,2.2967813592417343
88,20,62.76876450903391,16.73247250826676,3.4600922349600736,0.9419222517091765,3.3115075626398225
88,21,67.8516537729866,22.012539512994735,2.7820307806225566,0.5977430386090412,2.3606093126302135
88,22,37.366441562749266,3.6848800587198896,2.9724929610249857,0.5883649396517758,2.284594082729567
88,23,65.87851115429218,31.14623101499695,2.5997146574723935,0.4143991391871493,1.9145779403277365
88,24,55.802679901283526,24.461042918713883,1.9330057257696613,0.39656795036430026,1.7730637153867244
88,25,41.807056827837286,18.563433815101682,1.546333789458721,0.371031740561204,1.7282009911646943
88,26,47.424147444030645,6.360591747195681,2.5560541337243268,0.61187420946422,2.2937445948803967
88,27,44.206756507624206,11.91261309101274,2.394425033368255,0.5204805074677044,2.056286605056508
88,28,80.50893631635202,35.84689394000217,3.1370290709035515,0.5193543870886921,2.239908579562582
88,29,51.774230918922385,19.263678467962315,1.8679198954028813,0.46366237030158475,1.8894076336469767
88,30,81.09915660804354,29.957473565909968,3.8186364389126446,0.6785842856409268,2.694724092138123
88,31,85.17559384146418,30.720292670589046,2.8884791555717557,0.6265003028817162,2.414896405193718
89,0,25.281764908102804,2.0190044990104434,5.7829658873679035,1.016954166148949,3.6009968320212753
89,1,50.96085137957442,19.52155629232607,2.106106577784182,0.3662781088012883,1.7796373632802465
89,2,40.934884740211835,19.355996084552682,1.288967518051621,0.35528314376284054,1.6759666097548493
89,3,33.6309326029334,7.353947665553012,1.422384450835009,0.19922171699008095,1.439648537151958
89,4,45.604413265109095,10.114339434011008,1.9431662426638514,0.4476538333112545,1.8860310314653732
89,5,37.80515596748942,5.317384685342193,2.8082792259119604,0.7131255539628376,2.5064433581674583
89,6,45.38991706623456,5.787335284754951,3.2075631583471216,0.7112617351555093,2.623407879351994
89,7,61.7988844224206,12.960548904861762,3.999510522856262,0.7222725065054378,2.7414175345621534
89,8,58.70057123652285,17.333820562908514,4.242286664461151,1.064648662187011,3.5986754564825154
89,9,51.28018636626207,7.258579053765423,4.971059856205138,1.0175113289692002,3.892942710695319
89,10,65.72149008677225,18.47024137314162,4.124955450035248,1.0310986638279527,3.871890000137635
89,11,56.96843724583772,20.254638798887676,4.82320219893662,0.8688095078392308,3.2773102058038757
89,12,42.378378960479054,3.4784149338740447,4.212911072826088,0.6409050459262833,2.510999929309742
89,13,82.3578326439343,38.270646067534145,4.883020146596348,0.8887469248080713,3.4796081200688356
89,14,58.00257417509431,15.40649113132141,4.238278050687173,0.9526765417038412,3.616012620712801
89,15,57.67469995146151,10.60352184442157,4.41590071319766,1.0969438577445842,4.076090441830531
89,16,57.900208244288685,12.190289433690573,3.358911485087901,1.075690964929429,3.726653428502128
89,17,63.16212930334271,12.740996733510842,3.477488065530656,1.0344067892424973,3.6052281802293877
89,18,42.3590658620508,5.225706910122834,3.288240297030395,0.778757174697505,2.753133322232731
89,19,50.562006375605534,17.888114680173274,2.750927823438388,0.8689303841588929,2.8321405183049837
89,20,71.51029757692218,29.13434842559908,3.0045636447043638,1.0573328661982355,3.516736110037086
89,21,75.75730459860944,24.3082538133868,3.067264502922384,0.7868986060742449,2.8029070142958536
89,22,50.829294379128285,12.617004133518009,2.773597148977519,0.7977324177731728,2.732251638354864
89,23,55.913273730863814,22.723538757465473,2.200072074281269,0.447448388562393,1.9347813655461015
89,24,29.991611092138115,5.655073588605734,1.694691268308906,0.47764903684729054,1.8896897005526376
89,25,25.571026433663647,4.850471628252972,1.3170416622280272,0.38193186565693016,1.718447989063187
89,26,66.13712814091717,22.30327175511367,2.1321934066479407,0.6280812477056541,2.2963373762698063
89,27,63.09985392627895,27.261114263461543,2.124162241707136,0.6482542751853213,2.26344193838529
89,28,70.85250412629573,31.18494552427981,2.6040820594453757,0.6301604504329292,2.346696840040435
89,29,47.66748149722107,15.441840073606562,1.5875882607743919,0.37646702447103086,1.6921699575194846
89,30,64.01233787725363,18.746320406947248,3.1998238498262537,0.6553876441109807,2.5338400220380377
89,31,90.98789690352226,38.06589882503996,2.8910026694254927,0.6556486991301615,2.4931967463639793
90,0,29.537594069385793,3.3929914405702255,6.08106819540375,0.9627659437991909,3.464667656019572
90,1,44.324847731182665,12.25835792568446,2.038634364756173,0.4251166704043916,1.8428686379735968
90,2,27.851133375996678,7.75868615897463,1.3177379183539673,0.4766350634341161,1.8342353186190863
90,3,22.932176069411938,3.165929327123618,1.554433245544651,0.2017311387467371,1.439311321424617
90,4,38.72628866320585,7.280673527219033,2.139220674151259,0.529375407538438,1.994793754227725
90,5,70.07606981379764,19.13502045144724,3.2894563092984495,1.045258165340119,3.3918120281047734
90,6,68.66301099061859,24.626854142643303,3.678052480604768,0.7920200563746422,2.9650453147468547
90,7,127.69777554692863,61.954011529306094,5.053642226645443,1.0364470345427295,3.990591240930677
90,8,93.37036921533219,40.72747551978664,5.006542910742153,1.0822066159145063,4.095989973588659
90,9,117.42867110541394,55.81104530080959,5.222271811812867,1.2703576493826025,4.930266636030047
90,10,118.6531874598698,57.00585451701799,4.584152604588899,1.3149860285558415,4.948148745520688
90,11,65.89763935177987,19.597532983298223,5.170348786505279,0.9642499479576916,3.9028956262815253
90,12,120.17263471736945,66.43902114538216,5.345952272639071,0.863948159191839,3.453732699132144
90,13,127.86373883334294,72.79086054798726,5.884065192621577,1.0832132041556388,4.437616368560515
90,14,113.04447810904988,52.635140888505305,4.924174321738819,1.2692009018532007,4.721662916057177
90,15,139.19301938364683,75.9118211612462,3.981383717792887,1.2069514804307162,4.299993373273318
90,16,139.32527301661196,69.38801143482317,3.397702092205745,0.98644835971451,3.2928087578909646
90,17,93.47684303357148,36.634027429880874,3.5340823588706085,0.8565967536099306,2.974620143202011
90,18,65.8651361939256,26.226233596254424,2.5890819143718193,0.8701357073413765,2.710685561522819
90,19,48.17281333422778,17.48289725107103,2.2636855216932137,0.8403214013318081,2.679860704600748
90,20,72.25333452423271,25.412577321548696,2.810837135240079,0.8281582433082355,2.8300530280670295
90,21,75.72036939842886,24.588764092481743,2.002510073772102,0.6163464745324418,2.238789659240092
90,22,87.2949939265199,32.61317176138289,1.9293526657644247,0.40575079484711063,1.8410646002979816
90,23,67.24680654414594,32.7164709129867,1.1789302299654478,0.15401303544843326,1.3419586178335965
90,24,52.21283556103431,24.312081591201327,1.207993493487459,0.29140301935819823,1.5550256450358204
90,25,50.179966779847305,24.472363771080094,1.107257821349972,0.303628998490465,1.565220873310379
90,26,91.24946960762519,44.23533782851753,1.9701904986269407,0.6039235481202421,2.2035665447543114
90,27,62.025164375153324,26.57662996665361,1.757608668986777,0.5604896927946976,2.0353185958483526
90,28,95.29287902660705,47.435525982504075,2.1107170076657056,0.46655771923091516,1.9967804971360865
90,29,65.79281745520623,29.010641744910387,1.568008375484647,0.5041924857732731,1.9384792222467153
90,30,97.99526161609961,43.43219309490898,2.324430000689746,0.4102041137820822,1.9142906247656988
90,31,140.08624967543463,75.72464430913978,2.1143767046025306,0.5298084688741453,2.0923144919339967
91,0,37.4131958152133,15.939230066273028,5.61769780790042,0.965273541640391,3.277705526881965
91,1,46.66892843063145,17.084652304639434,1.9894982581371392,0.2967943357028042,1.6269236599746142
91,2,30.963555539438318,11.606103361329792,1.0783181281054672,0.21935536227510277,1.424658194165509
91,3,41.185996129260005,19.16070208122714,1.8350385993930176,0.30698866771532196,1.6193940563951925
91,4,54.950153686976776,20.8657582203698,2.4098841495611536,0.6532323291848017,2.283084828563771
91,5,69.56317368369685,19.049955217320843,3.4474265909399726,0.9331463159138114,3.2253059268320476
91,6,129.04538069377986,71.30637605412021,4.93389940696065,1.1021197416974857,4.191149448350941
91,7,127.7427277996986,70.46510356538062,5.1691417479511435,0.9569539772777125,3.7857896912492572
91,8,127.65772160696835,74.65498908841322,5.8486050525842055,1.1137760174251872,4.298166621419443
91,9,113.53923658266596,54.89902078293581,5.213435572196028,1.1619925631343495,4.313639894044467
91,10,110.29922747037118,49.37467729480422,4.744653080810719,1.124782168901838,4.2087233075130275
91,11,87.2454038578637,38.74210088936243,5.707350573657065,1.0748589035447447,4.2604486989591495
91,12,111.47749660183442,61.03016177874335,5.842494916180047,0.7157201413639793,2.96689690725801
91,13,115.75991100087592,63.91127961041816,5.8076210308124265,1.02396406408515,4.078734685816665
91,14,122.99966598170934,59.33150481307289,5.238736401511644,1.1352500108757484,4.648187246320755
91,15,110.39866828537731,46.96478153173411,4.510532215223906,1.229128503822431,4.6639393912184675
91,16,108.85909819289907,44.07541587235248,3.9617085988086105,0.9039618300638095,3.2447963688823203
91,17,124.8430783696623,66.84835416469446,3.9297436230043394,0.8525228533506195,3.0626691750729913
91,18,120.20621933922968,75.15981618108546,3.3943801318613955,0.5504745230568728,2.216001120777953
91,19,86.7601995090551,48.37491926450313,1.8608289851594644,0.47029574960971976,1.8304408837536137
91,20,98.27159348596857,49.767776694155685,2.8909961331599243,0.5878550960546138,2.2351024708307556
91,21,114.35496251588333,55.922710373342255,2.3659434286476966,0.6666395890079153,2.3413651923743193
91,22,71.16320542262505,23.295353002424434,2.017382103434027,0.3224992998043952,1.6763350548366904
91,23,38.11012161481834,9.54233312664645,1.5488880714822726,0.2428223254116968,1.5030281502370526
91,24,43.696412079219535,17.3091708790388,1.4847815592154363,0.26759343756310905,1.5404151661985344
91,25,52.72004322440158,23.931277415080075,0.9653500586727821,0.3430498524835883,1.5777893759145278
91,26,93.16347190372728,46.152115191573714,1.8463652791381553,0.43156924032739097,1.850113427697036
91,27,64.3377392173138,28.68561042126957,2.4264969935879925,0.5185652672858887,2.1033736087471104
91,28,113.62788585083129,63.12645552067386,3.0031855613530776,0.9328715651074786,3.2588170848098694
91,29,132.21067259556037,91.59099448118005,1.5474895416027128,0.9111647976190735,2.6439417457630614
91,30,129.05839606340447,72.19518046819834,3.047064302768387,1.3049356550560525,4.284538488079256
91,31,174.65891211899108,108.26134064699113,1.3962055794422419,1.1090164415019452,3.0765565310672907
92,0,39.57911105006791,12.498048971766954,5.484717547865538,1.0596422589049315,3.519373322825363
92,1,34.80940969331024,12.045552611631312,1.697488646339609,0.37561841053750444,1.7587005096083603
92,2,24.85878297763782,11.201496818300807,1.26034395771101,0.298803793433601,1.5851176980160135
92,3,43.6259130428199,20.19644627492697,1.2426786941122465,0.1683876980876693,1.347449754876474
92,4,66.31112329508007,29.34954165398476,1.764475711945292,0.39789355263361204,1.760471849799051
92,5,104.57131525930481,47.45917443528087,1.9575188242671047,0.5494019807300532,2.1382406834912864
92,6,188.28224822805527,125.86981051747838,2.244235295667326,0.42708100224821965,1.9386250634254953
92,7,158.09319246936923,93.59225834330022,3.380461749401945,0.634259030207041,2.522161553428493
92,8,140.15374675888174,80.98317312791168,3.7276449709666215,0.9792352633904775,3.421499670568331
92,9,137.50847046584326,77.26810693407027,4.135767553480264,0.790710231243489,3.079034138916994
92,10,117.04566536371615,53.985722534715066,3.800788850659315,0.9260898240983066,3.497279096401096
92,11,120.85488690749418,64.3709996181882,4.44063508950483,0.79680448871677,3.1298616620327024
92,12,113.2746659262462,55.788756965026955,4.018363589791031,0.5556508459396126,2.3007824586355694
92,13,151.8066306250132,92.45186006636145,4.865436741827407,0.8870404122268942,3.4553155643568205
92,14,157.81622470709652,90.9217615893858,3.8934731985491,0.9540889020370864,3.4784948871518435
92,15,142.55093062763706,73.78510399825653,3.8593259165603504,1.100848697585728,3.931043601079424
92,16,134.85299842673197,65.75167940350073,3.446308079369361,1.0615729785522898,3.7115257282145926
92,17,142.0669669674376,77.234010933315,3.8364109357319336,0.9346054595885587,3.320980895425926
92,18,91.00839182541209,43.262543561864675,2.6166034793360993,0.5214819633356447,2.1132109726276265
92,19,85.9289103230119,42.39776640567689,2.7591704370544954,0.7360167307895726,2.5819981759267048
92,20,125.13726647722993,66.11386475308433,3.096007649601492,0.9729207804858158,3.2747565370593295
92,21,105.95908956937518,44.65668448177118,2.7076737725722646,0.6670953430870896,2.5019745427535938
92,22,86.61137992359983,33.97974979722684,2.617313507739183,0.427087100652384,1.9510445961833978
92,23,61.1242467880416,26.22795077394699,1.9588249838269007,0.32995001114158296,1.6959421960905186
92,24,68.28461473135755,34.96638140063954,1.852786901643051,0.4384332053004627,1.8712644180524511
92,25,66.43753458816846,37.546197965192526,1.1983141827620436,0.2964135504054155,1.5792840323639292
92,26,101.34810375402195,53.11623884177162,2.4551248119960647,0.7142371940732439,2.4930094187412117
92,27,73.81345258379514,36.45918340367966,2.0864645955844834,0.6470943269624589,2.218911644929449
92,28,114.22699842063498,63.35043432870897,2.9073060499640766,0.5943516696853495,2.3564697480234
92,29,154.09858791057871,110.81927649641766,1.7970989201026533,0.48041069071562115,1.8948420494404974
92,30,119.08523930683441,60.97837286613085,3.702274170978933,0.819817003502219,3.032724425558808
92,31,178.0966170090435,107.60918916096348,3.2544695442389386,0.6316951042828811,2.543923479972914
93,0,47.50897268987629,18.78899713522906,6.082091529130503,0.9425906832733677,3.317259803595735
93,1,66.33843031267216,33.97609833231955,2.0902991863765505,0.48745866247779146,2.0114695980380675
93,2,24.70189078356055,7.757179099169637,1.4973540816297368,0.37310527173655683,1.7540873444293594
93,3,35.24101704687215,9.631666206573676,1.646620536346636,0.2200647755970171,1.4787395162045247
93,4,40.5735537448681,7.447922471644397,2.0693025903899978,0.4684962026696833,1.9368000741342795
93,5,74.47105516579481,22.49172932536822,2.859146214186981,0.7795117813465646,2.757728453366277
93,6,90.55695636231226,40.33856806012825,3.091653262695303,0.6840654895698193,2.6568724888958486
93,7,68.31489393555535,17.712849835274348,3.7304927909059122,0.7259485554205014,2.8134873232913677
93,8,75.32224386236584,26.602056994748093,4.367533995838589,1.0548565087468145,3.799866301577612
93,9,87.08633236131912,24.565077152956885,5.253525564981858,1.0833025724418022,4.291663462985355
93,10,80.94330913945166,21.28638940533497,4.463514526591928,1.3379767330422103,5.198731013074309
93,11,89.8373318293568,36.126417724885975,5.248714830034,1.2307475240763077,4.743313861468274
93,12,98.46284852546097,42.23555755794347,4.944000110089871,0.6817206194861258,2.7273631874275144
93,13,97.38452493675788,44.0839214905681,5.591405783853651,1.1614500622835955,4.675012976718215
93,14,114.67117793131665,52.44993833807582,4.942689974232638,1.0561435670134882,3.9975478941194402
93,15,87.12742926006808,28.550455178306574,4.554005941806723,1.3828554393416548,5.271332397012055
93,16,95.52108475124868,29.473337673737674,4.032124295730235,1.300547901022549,4.788094471644423
93,17,81.5391651399809,24.368938447686176,4.2601106621950215,1.2364968854511487,4.3623720426599455
93,18,67.68457851164095,23.051924342916905,2.7036528113938942,0.6433415564574823,2.2918002304861442
93,19,72.8958860993767,32.34130951275761,2.8363684299163534,0.6503564195798064,2.3866652041770915
93,20,81.06149451815978,27.900480023780204,3.622036189563285,1.1927067022777673,4.000694737560384
93,21,66.47627170784988,13.507380378875496,2.96913112101441,0.8176682739225702,2.8813946909702692
93,22,69.06213572182952,26.65147072765732,3.1042441804101166,0.6065866643590079,2.3878405155918037
93,23,86.3536121033867,45.45040165317416,2.3962701714974965,0.5388561806930849,2.11692125525606
93,24,75.08597361262419,38.28951540634095,2.3169785735875283,0.634446242735935,2.2997872363226284
93,25,60.15436939975731,30.63373047386885,1.7286772840472822,0.4628090116568655,1.9302947701928697
93,26,80.63959772531848,38.283010722248314,2.6506583710540665,0.7388571281654741,2.6487527184883386
93,27,58.15983259581097,19.700463757915742,2.6257170127697034,0.7277967458722854,2.5088011526041947
93,28,74.53525356227968,33.91634799908221,3.1022376675077634,0.7131027430321648,2.7284173347164926
93,29,31.152051212293223,5.489512257424893,1.917881346735006,0.5376742237050212,2.0339136277798286
93,30,71.59920604662167,23.556909888116664,3.8441219598379095,0.8680914647840061,3.2564072242985684
93,31,72.20239762302192,11.247836923625279,2.922937002610143,0.753801868647392,2.7260578294001334
94,0,47.41044655634899,14.133699116320333,5.700507330292709,1.0228247515192397,3.6182414907489036
94,1,73.41699730143205,33.35442356225075,2.312802543283042,0.46833827827747765,2.013619091284834
94,2,49.79146922049105,27.89943083418931,1.529254796403131,0.4610551679363817,1.8942849437216358
94,3,51.365745690618745,23.495439159857693,1.4951122924912523,0.2465967349216347,1.4958813491123613
94,4,63.544969391837775,25.92533072780535,2.5200167780298766,0.6165462543628393,2.2638735211266283
94,5,71.04992944572263,18.801228660358362,3.052590360945976,0.8650752116823659,2.9045395087337584
94,6,96.69332302786466,33.523933077160976,3.75025352534474,0.8190568577526323,2.994234743082257
94,7,73.47399914816506,19.221048015736116,3.8165436243847064,0.9158412528549271,3.2811413618218297
94,8,70.19539691984856,16.819291528982937,4.388751444559109,1.184489307031141,4.115747615506514
94,9,61.44079981746889,6.69171268221285,4.657241013306605,1.0482830293029224,3.990718274937573
94,10,89.5628976083436,33.75715525099939,4.321939594313923,1.0631172093596266,4.064409075324822
94,11,63.14921718093841,14.893075332768875,5.579890479399733,1.1088651626716928,4.293501932953021
94,12,53.12465783067899,12.027381320398767,5.162895625966608,0.7021295915893235,2.7803007591535733
94,13,52.61873698171405,10.219326817372531,5.479448181065383,1.0644196608885252,4.119686939376868
94,14,50.12699798684354,1.817013920715092,4.824189390818595,1.0908214043290965,4.152006209943199
94,15,60.69234860954622,14.833147184316305,4.2771050186242965,1.2045533808230848,4.469278091099352
94,16,54.95072291073009,7.654887808897012,3.748211608435132,1.131238144286761,4.021454551585135
94,17,58.077286779811,8.824217575783408,4.143919281199878,1.1051883316008784,3.9286155581033113
94,18,38.368918180242815,8.22887325024865,3.0121755822301104,0.6742605142081661,2.4233870869200067
94,19,42.469889930261665,10.084902492812036,2.886569841979594,0.6660866989647047,2.3862373164536392
94,20,53.65194276745887,9.88726521994149,3.5906094905029864,0.9060413110686838,3.191121582444706
94,21,65.28231500491333,12.209766759597292,2.5385256876694995,0.5268193577895661,2.2027496619593587
94,22,58.45050990102123,20.799351758259235,2.8412212059460495,0.5486941212929448,2.189334992466412
94,23,66.56549338377448,35.536678219349994,2.5082055775987597,0.4408164347621759,1.9521654666516914
94,24,63.94056016138039,29.573508706078087,2.2741890808197693,0.5418187986226735,2.0815683585556086
94,25,50.46363505244478,23.838531509477697,1.8611787400574533,0.562075719845593,2.1316649780567243
94,26,66.1992443418614,29.402006654820397,2.8442474897699843,0.6071221778027152,2.362625242838303
94,27,39.14493592154959,11.058493675366908,2.4034529587319113,0.5058862817225451,2.044510337950023
94,28,64.62024469897828,25.21742232453233,3.5284317257109823,0.5678591412564788,2.43505937298422
94,29,48.52993544219711,17.411323014990188,2.538752363358958,0.644550585673278,2.3468311843485705
94,30,44.673956103633174,5.383192822175102,4.067512665645436,0.8564618291087118,3.2489700709224314
94,31,72.8904017125565,15.892643231717592,3.0586815578929745,0.6547969903928981,2.540780052212819
95,0,45.612680977121514,17.56630512395913,5.93740263297836,1.00177674472301,3.67016299303605
95,1,43.75629155751028,15.707604471747544,2.331184938672756,0.4787289750876451,1.9968474622768562
95,2,32.68280085032268,14.143011129796648,1.4425478045090063,0.4343530722103779,1.8181227562754576
95,3,26.481864765150767,3.4109565766248497,1.7150989710242226,0.22457583726881336,1.4921305119805557
95,4,50.48437122293372,14.025787058985156,2.5177312152843934,0.5616026691584324,2.1332392367767006
95,5,65.39631199665973,16.507379859631385,2.7861737480231863,0.658816116578028,2.419058696459076
95,6,69.07663469240302,17.209341995049225,3.3325498073601203,0.6051747844907611,2.4359102009647247
95,7,55.3904896873642,8.520026042026762,4.0046819497340325,0.7753763878956077,2.878543544345054
95,8,59.397995524822335,12.224726797488394,5.042338455488158,1.0655829719065535,3.8134337035055856
95,9,66.75418582252792,15.12302818040029,4.7236096170762085,0.912293687218515,3.5930598951029498
95,10,68.91247958303632,12.546609042988944,4.312907624339475,1.0502037637585344,4.045273136193631
95,11,45.2271368063787,8.326555661122539,5.39965166237758,1.153493612790851,4.474852321052607
95,12,53.78436865240204,9.773708220025416,5.08982827758674,0.778371484519754,3.041148925668111
95,13,56.98567226722216,12.402830878354589,5.315807698263133,0.9578109673494799,3.8140438819946723
95,14,55.534800051395806,7.648052781351932,4.86841071429925,1.0430713377501508,4.003888467999722
95,15,56.800021971174075,13.914531948028724,3.962738028504606,1.0495406624972685,3.8868820081687594
95,16,98.39623095194833,41.09946910303362,3.020582732140864,0.8655471018705216,3.056736912905326
95,17,108.98122066432126,47.991152767997576,2.84720284096488,0.882718223288546,2.8944576354910105
95,18,70.06478576122414,27.255517248161844,2.549955334544004,0.7314813457298275,2.370280253773406
95,19,55.25660533119603,19.956733617436157,2.1260661838469677,0.5761927000470761,2.0248777705678522
95,20,85.10040418926764,32.80699675861309,2.595578830472169,0.6496170280797404,2.36813507173969
95,21,62.35429988172595,20.856736857693527,1.6051352752656214,0.4124451138304044,1.7856944400741894
95,22,73.27507356148041,26.093045676536676,2.2696391905612314,0.6908097498928951,2.3294191558285116
95,23,82.09564774341658,40.43188157280794,1.7636595211839345,0.4964545064970125,1.9088114200516808
95,24,69.82109230357659,34.70231794580671,1.2573637098916624,0.4489867497682656,1.7532336018106387
95,25,84.26537862905096,51.554311979969455,1.0975261118510053,0.555507598304501,1.9305797133207616
95,26,90.68283884292387,42.66395288058534,1.537513385245735,0.44410196846451333,1.797027585992219
95,27,56.48923743911477,19.462771983933646,1.8245034090855117,0.627293883443524,2.1987503927813092
95,28,99.46724824427194,47.922485359424776,2.239583277403759,0.516573724949632,2.090155124333565
95,29,68.47470054420864,25.022195218494232,1.5236287114431977,0.48793812191736974,1.8813431005481258
95,30,69.50434716687936,20.26589781192312,2.786618119353742,0.7252519045869525,2.6410840278958165
95,31,97.50705770880084,37.24680317247863,2.4383362846900107,0.6550130455584324,2.407439751183322
96,0,51.787146348416535,19.063842121515457,5.378065698463834,1.0481981256013793,3.626608825116281
96,1,29.80336158473408,5.7515257146151555,2.4297267527323,0.4598371812012667,1.984118177525766
96,2,31.782065554972498,12.895548928237153,1.4659743067985662,0.5117207068409249,1.9376202712807291
96,3,24.34785433014441,4.755535087826736,1.918360953179111,0.28236433501508706,1.590183744910254
96,4,33.59521607130513,7.940417394862303,2.3987659470369453,0.6149532338141195,2.1870621245210295
96,5,51.69090343612088,16.188702659855373,2.8467748679069205,0.9724060834971553,3.1004827574633738
96,6,56.88441223479329,12.116197268153735,3.6934678065231754,0.9094713331514761,3.2117591534869776
96,7,55.55626445123505,12.311617747579373,3.9969644872878405,0.96646121982441,3.3645618673211346
96,8,66.03361691084987,19.743600549643265,3.905091636138567,1.174689477110721,3.9502423080583378
96,9,44.802328204234215,7.008067298828287,4.577949886650739,0.9884032062101413,3.750396186378348
96,10,64.16714102252796,10.169082797299081,3.8879991240207805,1.3122625044451186,4.733010363975765
96,11,43.65292890407879,4.731704752330905,5.037502641986979,1.0768649162289599,3.9901015731934955
96,12,63.13264074569692,18.09129019145577,4.851022763547011,0.6583949826880984,2.6508025203399406
96,13,63.053711741267065,9.85151232850729,4.533863977037711,0.9442687117075419,3.5366665520635254
96,14,72.54789025459704,14.013205299268042,4.09389458456541,1.0497846132422382,3.706681928263366
96,15,74.58783929039072,17.02740471211939,3.6199500950025305,1.086969982207056,3.840898112925138
96,16,88.52221570530095,33.40849676534791,3.4550654569768366,1.0369448120216957,3.519745600750811
96,17,110.60267480169217,46.487289766993285,3.7727920283416725,0.9868315615256198,3.467509904246707
96,18,63.44547212935788,19.82934816968389,2.597866807591922,0.5471812950834809,2.0962652340297714
96,19,63.89713544736924,23.45802136649997,2.8194373771927648,0.7255191700941781,2.4612121590717013
96,20,61.11965649320804,19.01614020249086,3.0266199995099146,0.7125762711094024,2.5495855426111067
96,21,65.60532005039536,17.326714563894065,2.205429617715961,0.44817544168742574,1.974023402364026
96,22,74.34180357994113,27.779024785234864,2.4692940530990732,0.5660891259381247,2.154055983206817
96,23,67.38205751145165,28.97572627109041,2.149226338759634,0.34102252822441903,1.718268135508096
96,24,97.18158045801454,59.321507691445575,2.052442134826694,0.4506507625497007,1.9185690045137667
96,25,93.0207892421391,61.254771883089276,1.5697594448254901,0.4248921283404714,1.8429496487220607
96,26,64.77601726209014,21.1375293625383,2.2722607490964215,0.48704811479233,2.0033600326372487
96,27,61.84918062751818,29.80225494393723,2.175486177052849,0.5281069568208383,2.0447629134047105
96,28,92.84302899778515,49.31541633326094,2.519044746663086,0.46481187734182594,2.041363875031697
96,29,57.27392528575591,17.925601111696864,2.178595477376841,0.597273432086256,2.1647050025108694
96,30,84.14391477370957,27.017102150717704,3.445378056396698,0.691769351199369,2.6367845914171917
96,31,93.1831269457343,30.581553421593995,2.722652916584122,0.6591253436273528,2.4330155206276523
97,0,41.35405208015028,11.843879178465867,5.692368384668011,0.9978183588414282,3.598012378461913
97,1,46.17524676373982,17.021103461708808,2.2865879438696926,0.4005347989595416,1.860241125445352
97,2,35.99025825059445,18.532189114717582,1.623012278686115,0.5193646995823553,1.9665936912841058
97,3,66.05654004684907,40.04989086006589,2.371560993753671,0.5060525259303095,1.9940242195326252
97,4,107.48459192064747,67.11826990053949,3.5794774254349613,0.728223185992134,2.68396169031384
97,5,92.2920236903587,38.2248556285258,3.3983445751333146,0.7706019282607497,2.7999464436932073
97,6,98.4770890027846,38.1933757191416,4.128171556979714,0.7900532911561413,2.981485219127336
97,7,129.51807417241855,66.35987116614075,4.148301519096789,0.8744968271063511,3.2564463853836156
97,8,139.67992911368123,74.61304154808448,5.3185231284307735,0.8370029669311867,3.2839699426952786
97,9,111.67277233833619,47.61334201656955,4.98668412883919,0.9644033971639221,3.6280292205644997
97,10,128.1080661679497,65.06039842323277,4.205988737825163,1.0294569959348658,3.739593529285161
97,11,112.83125940520755,55.85744262740222,5.0720441563476495,0.7878175673072594,3.1887274004992405
97,12,84.36017179130343,33.371132820829835,5.4929474725053815,0.6416844603102074,2.722162510036584
97,13,107.8234253523562,44.763901506377266,5.4679781885881855,0.9380176719014388,3.7496310953867407
97,14,140.21109712236557,68.22792332413125,5.348397124140859,1.0269468729541495,4.07466575972287
97,15,102.23935133045478,43.70553617958171,3.8072063489126062,1.0046583917546723,3.5258736197734515
97,16,81.51329553058196,24.71410179236232,3.9698689215497898,0.7652451025217704,2.9586692815862743
97,17,102.10614633075829,34.43548503657527,4.355683309404803,1.0268340946912495,3.7815297137008437
97,18,60.79517388311574,20.797244061464383,2.2594631171630404,0.4388687302205887,1.8870804516668265
97,19,79.22069459625912,37.407637630705544,2.6765245076508513,0.5412655729234088,2.1401031738629923
97,20,80.93148454641826,29.326172236651722,3.291314505285534,0.5884041218312683,2.3870404413228674
97,21,63.4900634589459,25.73226571533192,1.8039418418166517,0.6065329966203461,2.1955862367334587
97,22,74.30467838249223,40.336563504205614,2.171189665940544,0.8983176292776163,2.734512104313017
97,23,69.35785542057874,33.86249096138771,2.133250693658876,0.4500207439663364,1.9363149603780725
97,24,69.90612020911749,35.28958521706637,1.8632411024078184,0.5293651243918422,2.0275190439072186
97,25,78.69693642405352,44.65942704085563,1.7116193822904013,0.5057340619590351,2.0282080068602486
97,26,83.52399970362336,40.02777012591272,2.55094825970346,0.7115801988443233,2.527304740436771
97,27,95.8744163463993,57.52807795651807,2.614788628974425,0.8792933729996526,2.912156115338343
97,28,158.44671523559347,108.11920364012143,3.1855995653705493,0.7916975513849147,2.978609580673273
97,29,77.32852145142249,40.49970871098478,2.5619074267919597,0.8610615243659665,2.838117580948815
97,30,154.3293160363521,88.90244429400148,4.102266809333824,1.1552501663736416,4.237827639237976
97,31,134.91341894618984,61.97638419676572,2.834177100108704,0.7714766600008289,2.813343789496823
98,0,40.10583599230904,11.254692235510916,5.893987917394223,0.9904661923863678,3.6582916296253343
98,1,36.80257383096888,12.418944925388246,2.241621387181393,0.4399173266520684,1.9334148472012045
98,2,35.070886312825785,18.59142404261687,1.5150670108689717,0.4025535106509148,1.7897296372380216
98,3,70.8880198221462,47.32530760032466,1.6223263379640596,0.22133474111249063,1.4923495565607345
98,4,104.34822577956498,62.46279499568207,2.1691668036571636,0.4946027997242388,1.9579629665679719
98,5,74.31076994646375,25.774783822937515,2.9033442486400105,0.7324809925541933,2.6548194399534344
98,6,88.05617509655633,33.34017857119719,2.956768178645238,0.5348786151769329,2.2561037275197626
98,7,100.39818115776143,39.86499799266841,3.8748987978029255,0.8273214220149634,3.0115555215724323
98,8,104.50508786793267,38.32433880229187,5.096706683027274,1.0291524912299366,3.7257423475354137
98,9,96.20428686592126,30.090014237477185,4.686345516520739,0.8803201632056794,3.4236155744004697
98,10,87.2835400535505,33.51894525331076,4.015484165812442,1.1092101103780978,4.102480428141833
98,11,78.21452572601814,28.136646575365916,5.406314511562364,0.9526131119690691,3.7940839863314015
98,12,71.91488386817929,24.49186857354327,4.914012902292333,0.5763336119960627,2.4765869725619996
98,13,92.3795603690788,30.95506440564212,5.442683504997431,0.8334490762445839,3.322618355198879
98,14,126.73509088265911,51.75497185066438,4.5518527928364385,1.0272148310374014,3.8703800593077102
98,15,98.6816241073355,38.9825903582314,3.255578586186318,0.932151490464606,3.25804840983626
98,16,71.34329611852127,14.730724712720832,2.6882703073266985,0.7838437856556313,2.75476376391208
98,17,106.82754363342792,36.9951593355305,3.4031165842789366,0.8594810972571554,2.9313231626581033
98,18,92.56518029557755,45.25203268597754,2.4116931927717467,0.7419883327773737,2.4294441868439316
98,19,67.0109244538506,30.989202817849538,2.027975612050258,0.549439377634287,2.0306420900413125
98,20,88.12342972996923,36.86899906515781,2.038186127619092,0.5690270676604516,2.11165802779372
98,21,60.411308015773976,22.22816932951428,1.9506787854169947,0.5285103093445376,2.020956754517142
98,22,77.71787456982773,38.331219733031034,2.225572961722909,0.6796895158963281,2.336617160788303
98,23,69.6212676318003,28.50020658690552,1.6695285760331913,0.4802829661238033,1.8854952715842512
98,24,62.88774432744408,26.663562622520125,1.3047758584320268,0.4851950739693409,1.8200214310277538
98,25,80.16980210776578,44.89578105579438,1.2095225210450211,0.5629840795008607,1.9895714161937066
98,26,101.08560942043579,50.19806721407389,1.6291238011146991,0.6136966004201925,2.125366404138794
98,27,85.84523248851256,46.03993119900237,1.7656282448007248,0.5620035256999156,2.10675083741341
98,28,120.99435690549967,69.76132563160073,2.4614710251136973,0.49762431897754933,2.1091323883832924
98,29,92.24746144123861,48.26870139815232,1.4213567287963709,0.5197862716446433,1.9063787952308815
98,30,120.6588271246629,57.839525843980155,2.889342894392827,0.8411152412679743,2.8738943773000063
98,31,94.37652790277554,29.318618129483028,2.368077887415618,0.6351341561334154,2.3646848818001454
99,0,49.46372021629157,18.67023351596768,5.480773412159142,1.0500186764380306,3.6550765147197386
99,1,43.718885631121275,17.149752837901616,2.045840653239407,0.4607393062094012,1.9486431437307274
99,2,48.80205044065666,28.437914592789,1.194010683222236,0.43099791229944606,1.774425242122961
99,3,26.144002859941526,8.198929663658094,1.5671665952556642,0.2328886208071741,1.4939331592994967
99,4,30.90882594889443,5.172955675399872,1.9323106160738275,0.4741518865347898,1.8949591787608981
99,5,77.78640111026591,34.2358200961922,2.905225376493971,1.0077991113810598,3.2489448251927255
99,6,63.203537838808465,10.320305978183487,2.858313541976459,0.6986740079134197,2.578506761286448
99,7,63.44203292607012,16.331874633469333,3.856667528765236,0.9215067497705629,3.256918279620973
99,8,85.36667738774705,24.491370032792197,3.710271326881962,1.0591280863184007,3.6049577662544907
99,9,64.35865084044474,13.889523936892093,4.332801512463487,0.9249546271325757,3.539622226916642
99,10,80.73750026222027,22.243773415906446,3.760193829838337,1.308786215109305,4.660241660757943
99,11,68.01651214839116,18.503321042303337,5.3702265551847645,1.1284466427658009,4.337160451158006
99,12,65.71343620758046,19.574160409470586,5.159325530983382,0.6605166251783157,2.7353969981815864
99,13,58.032621804887654,7.187604576922844,4.521766298482396,1.1392183355883203,4.223444273426345
99,14,52.493918207599876,4.8620165389484455,4.552142985465865,1.1498851870538278,4.28588995006838
99,15,69.70812602530168,18.840492269429536,3.679841419831071,1.1064030342509348,3.9872710500606066
99,16,107.02322782030132,43.96412929581375,3.6931207691417263,1.0474535967883267,3.738272787068882
99,17,115.3634812524411,47.630060857139696,4.009119622143594,0.9152195056505317,3.2705600980696605
99,18,99.41511964797235,52.827459551229666,2.758167650854716,0.516214564018219,2.114197929951781
99,19,85.90569640964767,44.097178784172,2.878372050540806,0.6592589213285591,2.4105325687045087
99,20,99.53062175269676,38.46286683322394,3.028653004875842,0.9590234341145747,3.193898610666263
99,21,80.27371183960716,27.898011920221293,2.4560151402973354,0.57023771773056,2.2619133509460694
99,22,85.0018892887797,39.82925017676053,2.452418450524698,0.6113333071680565,2.282084193028696
99,23,87.9651352066457,45.443988264750274,1.9313606657821452,0.34788577217825933,1.7057274206465125
99,24,102.67020352497416,62.949709494860095,2.2161789047444964,0.4988672828188543,2.0254013823064723
99,25,100.70353106294907,64.49300148927682,1.8920439928588517,0.5294507477103685,2.079370999281626
99,26,83.55406159254352,35.5213778874308,2.6131987032674084,0.6573934479155312,2.368765856966511
99,27,63.182704493382005,27.774803516146875,2.2139142937952077,0.6069199458691461,2.2246627748116086
99,28,115.09664163171418,62.81749231664432,2.893560688592066,0.6251891592159953,2.4376296226796335
99,29,76.9842613683849,30.19114862503782,2.0432536332784,0.8094138927943253,2.534424841890506
99,30,84.17800476961285,29.899506627159937,4.2103653779678485,0.9478041207192733,3.5241663618170214
99,31,104.4371675916156,37.85475842019413,2.770363262397262,0.6535196147935292,2.4612895422959107
100,0,43.316782095535295,15.497631250522224,6.084202164175895,0.9773148276638057,3.476447206369476
100,1,76.46295730650556,42.1799468672847,2.6270270385243695,0.5412964949208998,2.1879913675439626
100,2,49.25646657655058,29.637207664544167,1.4078911616586265,0.3482520574440755,1.7089589808862293
100,3,57.583803266892076,33.36785957548755,1.8792056159750266,0.2847954193913338,1.609016378785785
100,4,41.162315061467524,11.992357823575675,2.0515344640491375,0.4791650953571973,1.9315728357371083
100,5,90.58808283635935,43.54059757595245,2.535306233956852,0.6544356497844115,2.412593534091408
100,6,84.49892410348414,30.580766121113104,3.1024159687117825,0.5858035506256409,2.402162107385728
100,7,79.77479038006595,20.392742518088014,3.789725157825999,0.7592364521243873,2.823502659650493
100,8,76.34435063284124,21.74866200804132,4.407113880831398,0.9710103481730599,3.632476142497502
100,9,57.21681771997896,13.054746371088502,4.292336157968055,0.922291029635705,3.470151373301869
100,10,78.26651859281486,20.392324751282963,3.9152904615064354,0.9279231264478902,3.5218533372024665
100,11,52.97825929850789,8.181129609914734,5.311722999620046,1.031670590951113,3.882539734316483
100,12,57.92262824839473,10.493683947558944,4.889254333663294,0.6072555252105829,2.559700037895512
100,13,68.43227650173844,14.629627979163093,4.866510297072029,0.9511530095470953,3.5761974286000524
100,14,92.50395793244624,24.41955652918336,3.969809137867483,0.8673365842942311,3.224610937228704
100,15,77.61626645039718,24.725138942784056,4.452797121950484,1.1585171932133829,4.256016179899071
100,16,48.83936875471639,5.200962691770965,3.7839981263253604,1.1574650473860268,4.136852887336142
100,17,64.87956336674267,13.504809699253283,4.546547487797858,1.0296598416650369,3.7565477761352306
100,18,36.0093559947201,4.491590478848972,2.8360546115096437,0.6012887328217054,2.2827862388661315
100,19,85.48570774667017,45.3391144001524,3.25106557173493,0.6042376958768196,2.4115740834220922
100,20,59.22762674093626,13.266251475927817,3.321406098276144,0.9175699056324937,3.1237743649244236
100,21,51.39391774256545,12.90578666607782,2.839033857439544,0.5341954913493159,2.250773757516235
100,22,75.96197086451089,33.386971815433284,2.5311642704666335,0.39791043225099365,1.8780122617549422
100,23,62.00898111143717,28.355558649468485,2.1813099469571373,0.3961329269008709,1.8206340206553349
100,24,49.65551129374362,22.245630543894116,2.155870364193945,0.4979793872380309,2.013177256215417
100,25,75.46695157996004,46.73615174078844,1.9034958758489078,0.4459608509067443,1.9014544575565444
100,26,59.230061089851375,20.891382180960317,2.7349220180324227,0.7863413376101045,2.715575532786368
100,27,51.54853565165865,19.6012606523417,2.2261950048929338,0.638742772265378,2.249232802136334
100,28,79.92606899467779,38.6605816831391,2.699665854768896,0.5725753612605549,2.341529779786801
100,29,63.70854145966097,24.36317632425307,2.277103259484468,0.6256523704960548,2.276959269930329
100,30,67.85217464753879,19.107885933107404,3.813791962146346,0.8806713588826538,3.321262850768967
100,31,69.63006601708743,16.73811578199082,2.6626909653082707,0.7595021349274247,2.7071856816341495
101,0,43.29087741294239,16.708910841775094,6.294276157978327,0.8678750606339749,3.205877877649257
101,1,87.27318290191423,52.472555999148824,2.4855329931507537,0.48392076514329707,2.019010805545774
101,2,36.371238472483604,17.33305812148034,1.432491822563661,0.45922664123800505,1.849378457714
101,3,70.56877966604833,45.420367277351055,1.9756489285443632,0.3625062476090517,1.753111056848728
101,4,79.89501153438997,37.41787906023421,2.67686253914425,0.6684214216311899,2.388062134723379
101,5,99.262123223723,46.85504279106145,3.3967186608590154,0.8530032663667217,3.051494202514029
101,6,87.14817884365485,31.808239821676334,3.7574649291460833,0.8255211169323537,3.053709700460998
101,7,70.23580889763352,15.95749031344717,4.154141702477761,0.8486622145197567,3.1258880350364335
101,8,78.97692958417261,15.487137714698477,4.446966579240309,1.1964379590610887,4.157009552003615
101,9,75.97532668044434,23.58283154017331,4.700475904825106,1.1122205779384142,4.14662719560914
101,10,85.13899693321088,27.49121190266354,4.377500317636334,1.198878421710016,4.451443531406429
101,11,65.60534987298063,17.46799861026361,5.448110757053541,1.1068071832444089,4.210839031184887
101,12,73.54914888443196,22.845026894000533,5.407155369502222,0.6837812646783794,2.8179824232334973
101,13,77.00030338517995,14.820612527915683,5.786918860303258,1.102465966085112,4.341799517885307
101,14,108.70137411499763,36.771433069733234,4.790357815679818,1.0776846384318324,4.032194600852908
101,15,61.652913594541545,16.079127610516167,4.376760431352253,1.1996297008652483,4.413550390905949
101,16,54.43344625530621,4.793222500264178,3.746711320709343,1.2620473819303317,4.52526320821653
101,17,61.86231850785269,11.538408505371029,4.400839707359567,1.086433817825922,3.937793620423983
101,18,28.35367919814261,7.225128541662054,3.095650211972808,0.6630194716689348,2.4872668954704285
101,19,50.80482483337751,14.308450749691485,3.183702236144633,0.7243353787689322,2.604453450217301
101,20,74.8144407590107,22.60998722856892,3.2209856458123465,0.8000758631877964,2.9181795818127143
101,21,77.95828300247099,31.904836622198772,3.2444393403750675,0.6627873220455411,2.585140040619962
101,22,64.07299252005024,18.677067231156542,3.1139148608562626,0.5442197134793694,2.2697997539822476
101,23,75.24566144344811,31.01333970868143,2.597303955922384,0.4225936785520794,1.950833659116236
101,24,83.28822456891226,40.16325060925523,1.9450187168650084,0.575941500913193,2.094946452890658
101,25,74.62989277473136,39.711372689582774,1.7526732425058977,0.5541519115290963,2.1014815741878268
101,26,76.43791624217357,31.0195708557198,2.812156147664524,0.6164540921546742,2.429917826398174
101,27,105.82205874787996,57.071406082414974,2.4952595430863282,0.8320296723206417,2.71698463018717
101,28,84.68957244409842,33.756263459645254,3.2043904356098327,0.6524837118170659,2.5325109023957233
101,29,41.71861636984035,9.638000078626986,2.1839898505407116,0.4765301365919119,1.940838607175637
101,30,54.484428038130815,7.9632077549624025,3.7300098073103745,0.7730651689552137,2.9226381889853768
101,31,56.96103066730416,10.835783565921869,2.6082955680056745,0.6071829038384671,2.350035825897996
102,0,46.78316710922988,17.09677090898218,5.806510617242311,1.0054126836220387,3.586038020350793
102,1,45.39404718636085,16.04686756001465,2.44662626749166,0.49607418605607334,2.052935750001725
102,2,38.750044979336614,18.783568929119777,1.0640288392543615,0.2602136137533986,1.4823834902598676
102,3,60.66899309412748,34.64062344217365,1.8073232934043788,0.2864153939620415,1.5787894932685795
102,4,78.21622796633497,37.25694529238258,2.0891240342956987,0.516807308401114,1.9770605567815784
102,5,125.35817007856818,62.55227288863914,2.1855169182058196,0.6367515679322242,2.271232624908296
102,6,117.35126603593245,47.37153091347886,2.892937167633767,0.5398279832179949,2.1986131743698367
102,7,102.03735970705847,32.40929924559522,3.856786354776314,0.722724338295079,2.6159850805261184
102,8,73.15502205099978,16.69763502565042,4.04347995840077,1.0486904196705957,3.5713935106624346
102,9,70.61240194536,19.125945694622953,4.4711594221952975,0.8566059917049422,3.3004872034362407
102,10,82.97763063919663,23.71361591387847,3.6384015587592806,1.1246452616383698,3.8922420427744733
102,11,76.11977066549295,23.810629959790155,5.0416815042857355,0.9848109509963461,3.6886187241901327
102,12,129.56325357361953,66.33839800944655,4.410279928814485,0.604338803945744,2.4242190726072583
102,13,77.99864196289744,17.239894193098536,4.249290136548893,0.8673424219573285,3.2162928169007143
102,14,108.04920970476124,40.84915274847472,3.7971977704541255,0.8043755043729228,3.0256022824020468
102,15,91.39917378437472,40.122542293680596,4.09804553183856,1.033820223033576,3.806746801053594
102,16,86.35583528351361,29.711167242823862,3.4429599547115117,0.9545247873776237,3.393090054997378
102,17,91.72031393463055,26.824318432009544,3.87799636442701,0.7033795638086069,2.706502983390137
102,18,47.382137844997644,15.480591462070706,3.1552034915869926,0.5413308081903567,2.237137365701071
102,19,55.239092511059,20.021897777864474,2.9093563934322706,0.5334902899785541,2.1785674903942334
102,20,59.7200478443278,11.100706221311231,2.942510890655169,0.9570395151489106,3.2457226770780405
102,21,79.38969576068257,36.46573191385171,2.578102401526974,0.7395085060838431,2.642869502780595
102,22,88.03460626277418,41.20812265954852,2.419470024015231,0.5650683962379164,2.1451599254875275
102,23,71.42843960839355,32.20777243971153,2.2303610582069116,0.5515264538776066,2.0770445884004833
102,24,40.49609585400166,9.685393054228584,1.8058157566441722,0.48585388814085917,1.9498003651854063
102,25,40.82101982176103,21.22038025720969,1.6470582595430376,0.43974598626030525,1.8873707483531923
102,26,59.700135048257046,20.047061295507923,2.262069285032494,0.619400625826426,2.219375500844386
102,27,77.5662735372432,36.297613718454606,2.082987873461823,0.6388022589916451,2.1992597033753407
102,28,76.62886950830497,32.17150374221585,2.586846769965612,0.4371885342438899,1.974765533122063
102,29,41.54044755741127,10.982852154426519,1.9252842568055546,0.5052642234919911,1.9707339216721813
102,30,49.206792620321494,6.493301407077661,3.3609523355962656,0.7685390496471269,2.819274934638641
102,31,67.69532110992263,13.941988968480398,2.7334944961852194,0.6232002129022005,2.3754798992573436
103,0,15.674359591290196,1.0238683574198064,6.123489804926612,0.987862847538711,3.4842165610126954
103,1,47.704235406117974,18.747461888978698,2.035414201804799,0.40099945539389914,1.8302747563838917
103,2,23.329998283969136,8.060327194244088,0.9408385642572504,0.2637398186763936,1.4721944402893572
103,3,41.36179307435017,17.760129742627473,1.5049175481332502,0.1991843575133263,1.4272729214852717
103,4,36.15947430185895,10.955282850462837,1.8314637180697366,0.43878002391433424,1.826837256980553
103,5,47.7607186574846,4.784604525647478,2.578471102988987,0.5579772555310663,2.220817991602897
103,6,51.91133190273096,10.783374473573272,2.4005399558404017,0.49252805615783357,2.062869696590208
103,7,70.45683861408943,18.049423953640876,3.272936246870178,0.6847956864961242,2.4792728737960044
103,8,54.12897214598892,7.590850745769993,4.156760213886431,1.1761235966747385,4.094217705897816
103,9,56.44756819941662,9.850260163479051,4.706514419167005,1.0385784401064662,3.9234979579079314
103,10,55.742728266982006,9.881942752479294,3.822719771991224,1.2279154830307482,4.300456740149121
103,11,52.80326341219448,8.742584217382017,5.184777944334843,1.033215035965923,3.867278733227919
103,12,78.73770986419682,21.030797176704954,4.807610441596941,0.6000323239499288,2.51191166825757
103,13,68.72530783127354,13.829240380424086,5.032790020502341,1.1081092833595791,4.155011046815684
103,14,66.07302953100461,13.935415635144398,3.3063801171526133,0.9537171274170011,3.2903211654762203
103,15,84.49300206742778,32.02343195413738,4.0842741240214355,1.1954508952186398,4.330688854767686
103,16,85.97351450730199,29.756450785330305,3.411854407506942,1.0588116720704788,3.739857660605668
103,17,93.91432762942699,26.05971992263879,3.72949893284948,0.9658173470209261,3.397624901012253
103,18,52.894695797634235,15.480282918886788,2.5943286198193922,0.5421660295118547,2.150859787842974
103,19,60.856327589805176,23.817699081159887,2.84192178369366,0.6782605870496266,2.497753631703495
103,20,66.26687685236183,16.126214719380947,3.0420150575239733,0.8329389455182676,2.943837008612517
103,21,61.86952515155927,26.674437109365634,2.616765030367196,0.5902184801485717,2.329106812656044
103,22,98.72584221434208,49.015206017892694,2.360200732745122,0.5345616821427974,2.1129805061210636
103,23,65.20509598034808,25.99943795292957,2.0463204062232183,0.4866770941838068,1.9911641667822875
103,24,96.56794535009936,57.46847607262893,2.049392790041236,0.72885235618023,2.423919240538444
103,25,63.57152896888948,34.36063594890884,1.6058353299759458,0.44216587846122457,1.859172425362064
103,26,74.34536287952518,31.894841214639534,2.455266947597031,0.7163377160047366,2.496047400385111
103,27,70.38167951104441,25.249788413521898,2.4203987678101804,0.5949289607775565,2.2176412505694443
103,28,75.20755051163651,29.006584328108325,3.2012470954458783,0.5736948530121464,2.3989660627767737
103,29,54.680174382220585,20.111634772357608,2.3852994160726357,0.7536782054833697,2.566108921467481
103,30,74.71518915142255,24.849785579867156,3.689550821117578,0.9040957473920317,3.364560270046366
103,31,63.018054782674014,19.001955354592525,2.9484276105205836,0.7404041086415507,2.701124391619074
104,0,37.492090029139334,12.58995962811769,5.642491835381039,1.0658846120618506,3.7526182973906517
104,1,47.57962078519755,19.249459683389436,1.9453483421674411,0.404708201847054,1.8493415457917493
104,2,45.80359621632382,25.157261438777383,1.4065011208403293,0.4792973456625742,1.8591321465177328
104,3,27.06346668225339,8.39442334973337,1.769349762574544,0.24404229931372745,1.532055834122972
104,4,40.23188903011601,8.630627518140166,2.32266647093347,0.561882569111642,2.112520666132766
104,5,37.05589185164534,8.279529735542594,2.3040797951801624,0.6057550577239263,2.263484597369045
104,6,77.65943641111558,18.60677533874557,3.19804938222311,0.6677674373024987,2.506301471719133
104,7,57.76524604984965,9.837461866545805,3.710034483947292,0.750096773392531,2.747869413181128
104,8,30.904014582148474,4.0382787324236205,3.8613330895264237,1.2081217169136593,4.047670738277828
104,9,32.709518552267916,1.7127458978799655,4.882119063220511,1.0115259158947838,3.870689309640494
104,10,47.045482496071685,7.784014975560305,3.8074924457824553,1.1292380768424675,3.980620668516753
104,11,37.941479977346376,6.72223862785593,4.973158379248224,1.0354710277670076,3.7916275470404632
104,12,56.36367463668624,9.003811429596471,4.5358872962570675,0.5596810569493416,2.3306262586099975
104,13,43.63643833821621,3.9059129177236125,4.802104126917476,0.8635687112238895,3.2726370430097966
104,14,42.93992992562296,4.488634849465308,3.5847566769909123,0.7556766153208341,2.8849829998294894
104,15,60.148524986937616,16.654798974367395,4.248189007807407,1.0959998830428885,4.05534457889013
104,16,85.86288547861571,27.70016114161825,3.2482153116823955,0.9703056944287152,3.3915220157252057
104,17,55.90088553778481,7.401315081634375,3.5615869791681476,0.8646740370293307,3.031468494991235
104,18,47.12121719627027,14.350764927808383,3.0678821547900994,0.5670793418808846,2.272231120216114
104,19,82.4768676232806,37.06439528279245,2.648866600018965,0.6379938546568482,2.2944583376456364
104,20,73.34049939981402,23.39630605293585,2.8664320833467816,0.7738547299340244,2.7324715796918384
104,21,69.65714555192073,22.44339423944146,2.7114384521433696,0.6544162778551073,2.486568666236655
104,22,89.211569694651,39.99881880126645,2.2603310685250455,0.4779028904705398,2.0199936945087305
104,23,82.34358153390713,40.42071364953146,1.8136491610863312,0.34617753657741135,1.7274307253611252
104,24,123.528832661443,83.52789510059038,1.4504079048910907,0.564073516150251,1.9999837897555528
104,25,54.53394660617943,28.003777290990545,1.3451543577913156,0.3345690344055112,1.6689891758767694
104,26,91.9818340202529,42.25516445660484,2.0621730267719496,0.4868508138080281,2.011553863904768
104,27,71.77474555972397,29.399698312662096,1.856385670641347,0.636675309684265,2.1747067434313894
104,28,99.01764342120094,45.909880914708936,2.7223893622305013,0.4405383488731709,2.010020035351751
104,29,69.77250023266707,29.443466660154705,2.0648707587677366,0.41298173965979856,1.8341341038178347
104,30,82.4470164567581,30.204206331194484,3.2930161087402174,0.6866465353272382,2.5969576846002798
104,31,77.89883694094152,24.578126500631626,2.768990503769474,0.5911089789745412,2.3370391058574818
105,0,46.18014078034987,21.546297462164773,6.102475175086383,0.935976743716207,3.3365317936566457
105,1,72.56613296552203,39.815395405502485,2.0121678399832112,0.4533840284317292,1.9176762324139398
105,2,46.94338680648832,27.36509209185521,1.2052287120353982,0.4323999839950079,1.7564919251318194
105,3,48.700313959758425,26.57180806659867,2.003420058825205,0.33223079719121085,1.6644883028861561
105,4,57.28417174938038,23.00873274649635,2.123456344547132,0.4982866118449918,1.9541436522693147
105,5,64.46914034321888,19.76013473044804,2.96869949890499,0.7392841058171844,2.5883599598301026
105,6,84.06582231044776,23.391340633340278,2.948256934023009,0.6382733978470867,2.4437965071832477
105,7,85.86372606190423,30.3063955461771,3.9251083466816894,0.7316452296418277,2.7858675078249413
105,8,68.88690419269463,18.09348213168559,4.24191834839978,1.0344463693566066,3.615720577716177
105,9,57.615270939658046,10.004132503222445,4.894028828644668,1.001759102684984,3.913514392234681
105,10,60.575220322010416,13.19036749389005,4.062662151691467,1.199611874013363,4.412047867667559
105,11,59.24130495816085,14.30604415601239,5.0697462834537905,1.0629208430906552,3.9439046815032337
105,12,32.81493369628048,4.518568230868312,4.351754968643622,0.5773771203862754,2.3981963661116876
105,13,56.74616681037838,9.35461571497157,3.9276063603918248,0.843528765598724,3.099457989848452
105,14,68.5464177918787,16.244456750741485,3.018717330729017,0.7198632457315992,2.694894454971046
105,15,69.0605767275367,18.91928089845168,3.724156716078168,1.0575523531046453,3.7807532027130866
105,16,49.3046940739457,9.289025265644705,3.148156574256427,0.9561080556794903,3.2653330801636193
105,17,42.967796541915206,6.100496682683568,3.4067861823119063,0.7301479889125071,2.6817337549796547
105,18,43.999001601106926,12.631521929266317,2.698351794905542,0.6437212396712626,2.3846465422744947
105,19,37.907297386559655,7.163415140241952,2.3782625072131345,0.6325555768102809,2.247341956102008
105,20,55.85078881985642,12.140237907528437,2.8133581075504317,0.8059715701490209,2.837424138087308
105,21,66.28803653978136,25.47859621016211,2.347406729518645,0.6680160129909654,2.4383543887507275
105,22,75.55444387190639,28.094627865961492,1.985098367227475,0.5305400868161612,2.0614899098172046
105,23,57.63187493116026,16.181231877737023,1.932695019059555,0.46539014790675326,1.9555862383231273
105,24,89.39613093803199,47.69650031678866,1.7628396045553265,0.6642593563148755,2.2952454281455914
105,25,39.291101944788394,12.89161892289298,1.3639638297883636,0.443236675556282,1.850048512218903
105,26,51.64552405570984,14.040147274458338,1.9895335537581504,0.5603851860002227,2.1052144373211368
105,27,62.71582890351944,20.216244094350238,1.8247274113244583,0.6552260627317534,2.187056353716026
105,28,77.82118843458329,32.18891100436613,2.2424385840609147,0.458333653236469,1.9905708172393808
105,29,42.128416660798784,8.272698975045753,1.8648564072812956,0.49566644838924234,1.9672618903599166
105,30,66.62465516823067,15.452785207785988,3.423560036261655,0.7616565192653288,2.8360155946237153
105,31,51.059976090648746,6.212510088698181,2.7739496509330612,0.6304880153430479,2.405331470877752
106,0,21.899285321629073,4.834999813814143,6.249919189213307,0.9712726014289323,3.422292336354436
106,1,48.8897410753069,23.068223503431888,2.022791252531361,0.39584116269409586,1.839410697781856
106,2,31.409350894441975,13.706682674284853,1.0665157737577897,0.3777578769916683,1.6416166707677042
106,3,43.742258023839305,20.16004399155897,1.4640989678425989,0.2004060454256269,1.4269796737829912
106,4,50.25657520229694,17.011885934766546,2.365940675371956,0.5343757357505385,2.0613243339159837
106,5,60.72456797858331,16.473764843893324,3.0512926291254674,0.7582932074266724,2.6767264915680564
106,6,78.15863388653824,21.189359232310586,3.2984448778284827,0.5486402878510077,2.3372368620936492
106,7,74.19720502012825,14.75072598809584,3.9893778608751784,0.7060056218535653,2.6640448062216056
106,8,77.17543822585161,20.601444065982257,4.082760822464211,1.1704568785275935,3.952916589995087
106,9,93.95393344521551,37.2070792354403,5.314785384854838,1.1267953472509369,4.40287373380262
106,10,115.80326266041475,53.17357191472027,4.494857669401743,1.2623656807803663,4.829947419007308
106,11,70.39452971979996,22.605219339302437,5.590495145592957,1.0652968773883718,4.126312542516722
106,12,127.82246199127198,59.50835917063529,5.298394354199708,0.7593826875794445,3.1141222399488315
106,13,101.0388308301298,34.64583018888836,5.621815655827926,1.1707779820324236,4.708733308733512
106,14,159.85203294231383,85.47653107571247,4.918873802996785,1.2745616926364889,4.8810561072378045
106,15,153.23741518901932,90.34105305191227,4.509225461051546,1.0471423187659479,4.139714884871791
106,16,119.01860638862378,55.0188258910655,3.8982059791071384,1.0757564937502382,3.9498146111306447
106,17,92.66856319157897,35.44311000439245,4.515872606286412,1.017972214794609,3.7715981121666324
106,18,71.1971833284316,34.03393640273242,3.0793522475035697,0.7169812884277955,2.539888821934241
106,19,97.10684813486785,54.73127622971549,3.0080682806564174,0.6793079685398098,2.523330866697059
106,20,99.8670057050037,46.353919976420954,3.520885820497985,0.7352115972417899,2.8094136017291875
106,21,100.9768440310304,48.50395406787611,2.415240793065544,0.5919398490366219,2.300274912516856
106,22,98.9706996059163,50.52556782379888,2.308409730408248,0.5280310718175656,2.052979139773651
106,23,71.89327574019138,30.276875614711365,2.0593529046964285,0.4027140251593493,1.8165666032625218
106,24,85.6641453735289,42.43375672558942,2.5108068477374337,0.6123822879153327,2.252641526958876
106,25,64.64641691885325,29.338683326213605,1.8911767127282328,0.5029595666905535,1.999181207373857
106,26,113.62662721826194,57.58303929077695,2.848874417025214,0.8495548032630307,2.839320634028339
106,27,97.18919418968952,47.58509645066728,2.7353557483170445,0.6410828128747545,2.383444935223193
106,28,90.54240988796886,33.11132725996192,3.1227579116615773,0.6938069123289923,2.6339272833822136
106,29,54.58571826821786,23.86412466767063,2.4167097574265433,0.8324003461428657,2.7280540913426354
106,30,79.0767806213953,28.856833755903757,4.08643700922605,1.1923373337000482,4.3452719495556344
106,31,84.75582746626746,34.83848101671086,2.756170196769003,0.7955091006996051,2.7871525503432304
107,0,91.26798926851444,62.32679767284452,5.924943597503448,1.4176072944604687,5.3440708453972565
107,1,97.2413253028817,67.81428541533444,2.728264495325841,0.6476249016644369,2.39170915255768
107,2,73.0978990607385,49.34157007992344,1.5581469597559188,0.3401892319512432,1.7254095337812934
107,3,83.18842717277454,57.03621117107544,2.173640370112775,0.428520615184393,1.9118685665962658
107,4,95.82096076363364,55.4143664175464,3.4031969219377105,0.583477400260465,2.363603305931622
107,5,91.73148086488868,39.59186802462044,3.4239823288070803,0.8496386733000167,3.0159580258146397
107,6,106.52317747112562,45.63556964339388,4.06603211887985,0.7576541270247947,3.0022038862215283
107,7,81.5652016752557,23.985009477374497,4.48320500370465,0.8662159457921375,3.3510071254534015
107,8,78.29291822466928,24.907319626420843,4.883319132397357,1.2245500420013364,4.512741466560356
107,9,69.39533461533581,19.923867359001335,5.071688217794598,1.0116383819910748,3.9777550568554876
107,10,57.951699762561574,7.896930490485367,4.920899208479415,1.174528783443633,4.59717339216075
107,11,51.570535524919336,12.510676084533511,5.5222963596079335,1.0928301691079465,4.210722520950231
107,12,50.35304661221953,8.201553174703829,5.542991770577664,0.8353668578529456,3.3317894971075868
107,13,49.63809953563026,4.784016947964499,6.009903028725855,1.062719690790276,4.285836053294844
107,14,83.52690439453933,24.481373136219176,5.188587871945092,1.1901351149762682,4.629079710451778
107,15,100.52199585800466,38.490488857705316,4.22239175209263,0.959028580228126,3.6342616107236734
107,16,80.67594533908687,38.15628188978911,4.0829504656348465,1.081498431751446,3.9518033387741633
107,17,89.4074751546525,23.169051311854094,4.376892120498769,0.959224475029643,3.4965462478418172
107,18,58.019934304500914,21.665262608606533,3.0582329368799392,0.7095794904220041,2.498369014940688
107,19,60.69392308714201,20.024264839019374,3.2531373941777906,0.6758976113543116,2.566025349247615
107,20,86.6142525065037,32.512385718374645,3.414298478874999,0.8009123423319942,2.9288015363696
107,21,77.81770994588342,32.932973715387476,2.388873245139152,0.5501328599653821,2.182864634950093
107,22,68.15654929651575,24.914151607119077,2.769383693946562,0.7337974761526702,2.532830947303705
107,23,75.52942735931215,32.29586096351167,2.3316958357380657,0.4504499206601289,1.9368655120977714
107,24,64.88882882774206,19.742702038199283,2.659928287233698,0.595878147837583,2.298578648968662
107,25,69.66403225176681,29.219165830970184,2.219840692395483,0.5586368466035654,2.189197749618306
107,26,85.75925184704806,35.84788186659065,3.1458616812599485,0.7294310056330526,2.7274978362425775
107,27,69.45410846520566,23.264660826872383,2.4423069633540644,0.7208216544133839,2.503115784776888
107,28,88.55487834027132,35.4229347180001,3.044981866549353,0.8730443982133944,3.0442001527393883
107,29,59.01677991450907,20.918017566233537,2.642488342120452,0.7811014769827631,2.642270973591217
107,30,74.70835591430199,20.363406280940442,4.335947143913663,0.8828956659680891,3.3162389387717943
107,31,93.08933743093876,34.85228323223469,2.644431664682164,0.6233616889829068,2.3854813291018924
108,0,108.31852866466166,77.92436574620235,5.12324032235798,1.0660323951106125,3.588418181192243
108,1,88.9815790396299,58.31308203728676,2.2583929032318566,0.6603476608996659,2.3114458617978015
108,2,55.32889982068049,36.19138084440908,1.3369515177654427,0.38720655229133993,1.7166431443599075
108,3,57.45510567989568,32.52019488294834,1.7686691573595323,0.3957553139228802,1.7640812201179954
108,4,56.14848388089746,21.621928481496937,3.045810843489276,0.49011910048785357,2.1278655455262796
108,5,78.14837693169332,31.10582406231079,2.8727418016284645,0.6927275570214597,2.5248777294320424
108,6,68.89670394810881,18.783128178831515,3.5524326482734105,0.5234862661360165,2.282382475146813
108,7,74.13120051925344,18.40698506506218,4.163095418521432,0.7620452082227294,2.8860083374648817
108,8,85.92961689503045,33.804928050167774,4.885692127858484,0.7534513131135521,3.0147082758430668
108,9,68.9711770959755,22.594244662906362,4.675148513538399,0.7802339841053465,3.0599443694346835
108,10,84.71706704744449,25.540491644191817,4.359740594797228,0.765299999122905,3.0860355836118223
108,11,56.975653783333335,13.993969554865643,5.360750609621899,0.8290958773184371,3.2390169838875935
108,12,43.207010080853905,6.96096677592194,5.618718594024562,0.6946858665054485,2.8673723706952075
108,13,45.40007347036906,3.913979242167565,6.108349240354464,1.0691961190865182,4.185120747691925
108,14,51.76679801671712,8.172535958501276,5.298524745417927,1.214861379791392,4.7464451147016815
108,15,40.61418867603414,4.146111524555522,4.342105080958685,1.0014954931467992,3.832069442180098
108,16,65.61704110790531,21.162051473852305,4.28626089980572,1.0723167797140256,3.9109888722379536
108,17,45.626992622906805,6.928160692700352,4.370120422588357,0.9910052798477995,3.5743073575936566
108,18,50.72134949943843,20.50123880410887,3.300233043587994,0.6245149216150976,2.3510145929336734
108,19,56.232044262527126,16.575382217801106,3.0342806721473945,0.6184595954735839,2.3840485030199723
108,20,77.4283134345215,35.14807168471539,3.433443605719912,0.8083008332998283,2.895380361634093
108,21,43.01686048077157,11.553102856001388,2.3257668728864935,0.5111493847461279,2.0869602211616334
108,22,75.67921729231826,30.321748027361792,2.3660598808805866,0.6591581133337758,2.3513319845151277
108,23,54.43397216275277,24.141518677710376,1.6948689251031486,0.35484511051447565,1.6941105823315075
108,24,80.14137617614159,31.560175445251495,1.9735299147981735,0.3693756069081455,1.7759864790292585
108,25,78.86450125245327,42.21438895065269,1.6164940957171918,0.397094538310931,1.8055416240769733
108,26,68.27011913823566,23.155941885577576,2.7540930129742387,0.5373713423738211,2.2036705416235267
108,27,68.29025472297525,25.38525499968177,2.5389588070235005,0.6953195003027313,2.4383008953810084
108,28,101.54753983293423,44.759108173503606,3.1972386822100027,0.7172200504456603,2.72136629992988
108,29,68.11421696867126,30.71599852255989,2.319331119210239,0.5654999192049992,2.178400862114098
108,30,61.3672814541578,14.981488083566619,4.097546757435636,0.7955846882746256,3.0547957173637768
108,31,88.23537587183733,33.871701041753184,3.01217208771184,0.7958117204070669,2.8934977455902176
109,0,91.5803699229972,56.52733097791723,5.955735562254375,1.3383482624364982,4.9475800932339755
109,1,37.99013760645457,10.521124557858162,2.6653935764668484,0.6495772304088354,2.321318675375346
109,2,57.26227650089846,37.88960950968641,1.6916416630206503,0.447784742381762,1.8818559030480773
109,3,31.788054147313012,13.01693053366846,1.8145789926332179,0.30995791998803446,1.6377269164109058
109,4,52.37329535084105,17.760264139267246,3.221058882718444,0.5323343488184205,2.2309199759415743
109,5,75.25750718970089,30.340681880060608,3.426785976179576,0.7193540179402165,2.7111784320205787
109,6,80.72528846941651,31.727992564231116,3.8788293413236548,0.6031004055183486,2.4928374162145457
109,7,66.02314364537676,15.035055462943852,4.321420184642719,0.7061518821154555,2.789344032448922
109,8,78.23536954146098,26.228971054991195,4.6200817371297465,0.7859163854391404,2.996756196789023
109,9,66.86848496400053,19.102115190927965,5.176273081253726,0.879634150938787,3.3843453678609867
109,10,76.58567481390165,23.386717024684117,5.177104465602978,0.9890632314618797,3.88289018428069
109,11,73.43328281149766,27.286653009737705,5.743259570887835,0.8678247598583608,3.4319728296809857
109,12,54.907832836870085,12.840679227921997,5.397091212383916,0.6388906580903084,2.686764406773671
109,13,51.782028717123104,8.721697634998979,6.511387153103817,0.9532799123728131,3.8000882387975046
109,14,58.21190805689665,9.77458350758776,5.592079509884609,1.1674663776098466,4.543455142463195
109,15,101.17462742641428,44.42650195415516,4.623015868003164,0.9582836772465928,3.664819485804806
109,16,92.4285392255492,47.397059873499714,4.790737357139795,1.2675150530325947,4.629795595323906
109,17,102.38406729253026,51.937349921427014,4.62817758451507,1.2122307054826829,4.442946763448564
109,18,46.831998327408414,11.82510143973998,3.784877998368958,0.754883957362745,2.741992680455871
109,19,67.93084555308192,29.900550038190882,3.193461476904406,0.6956615251423619,2.46749202113141
109,20,59.408900296823404,22.333775081393036,3.6354357059263034,0.8289400643925582,2.984402759806808
109,21,118.6801762147593,69.91539636807661,3.6155917939081883,0.8726620252897019,3.127594984111581
109,22,100.96918060736404,47.07816946577071,3.418469218779889,0.6331588656211848,2.5094497834096448
109,23,68.14628630337353,26.665618026410673,2.70407637666666,0.5335060524501354,2.1291036412642224
109,24,59.06436015715376,24.900749368139053,2.3108464252075227,0.4996840412801187,2.0331779087383124
109,25,62.84169738298405,27.59129787780502,1.8992400987413514,0.5904176167680277,2.163935889425765
109,26,81.4929978286562,33.657588626736455,3.0330307545312256,0.7579087046637882,2.7456964046347534
109,27,70.78960052851846,28.360868900349825,2.996660506269117,0.7297454609379521,2.6515889301533395
109,28,79.79445745297366,31.672340465844115,3.280089866641985,0.8149790845694422,2.8798643807588284
109,29,48.818287326244224,15.64960333049491,2.2679698998800077,0.5566476713518607,2.079240667519012
109,30,67.05406820820342,22.836456540655266,3.9516289702110354,1.025483097728479,3.6426209557006657
109,31,113.85880286663507,56.756407775772445,2.7963934146080223,0.7287688344564383,2.624406965022142
110,0,73.63894896522497,37.83533457196931,6.219689341499568,0.9474871866962795,3.4419359026742034
110,1,66.83329924507615,35.96921511414491,1.9604075745701512,0.4303173352284,1.84708919446889
110,2,73.0098580416098,51.78919534882108,1.0167135780764556,0.16062802486092465,1.3157113270131786
110,3,35.275282920826314,13.409135889304936,1.7180313020576141,0.22489569145139288,1.4588527322564522
110,4,97.83193494501806,55.85672631764463,2.1104932124324316,0.2508158831810894,1.5638666560434558
110,5,101.90590763046967,48.06060113984189,2.4210960825982464,0.37431195979774934,1.807273905496187
110,6,112.98889755948814,53.83839559485169,2.642525889680716,0.30405710621058013,1.6936447590445523
110,7,76.28479300636401,24.667902667910827,4.338936684909337,0.5138154651167701,2.2651126044447905
110,8,74.49955742822868,29.27941304023974,4.596046727109764,0.6993662150519651,2.7502285697116777
110,9,58.44011769716617,15.802054450460389,5.285432982683721,0.7896424895625369,3.113874550662147
110,10,81.66506458252047,28.82718771061857,4.408445185564319,0.8557178688411211,3.253911127166956
110,11,65.06056565623558,23.596490733847677,5.430047177197997,0.9218029764390074,3.557598947500837
110,12,56.95207397298188,19.91927390949447,5.038488598964628,0.6336664119587958,2.550401720143423
110,13,72.06249622149008,22.69768222803377,5.946302001303861,0.8751355711332476,3.502868152928086
110,14,81.19318380467564,25.252138691492824,5.164658077412491,1.0302248618638687,3.95509205642856
110,15,96.7551834312631,40.57801800013051,3.9901371471622524,0.9724379153740537,3.5207974091946643
110,16,101.68503297234773,51.363664512659895,4.245308450157238,0.907890347001417,3.3950709671253847
110,17,109.58543897179709,51.13359898540781,3.980228611845278,0.8558849906668398,3.0493686922089163
110,18,64.6029981687344,29.050829564214872,3.0139912116483423,0.5578883484514812,2.2042408981238166
110,19,63.24442122257726,27.89886259753235,2.7718844909576905,0.44942746679680656,1.9838505230484071
110,20,93.34911994847505,47.79075408359262,3.114238065321537,0.5614880274730476,2.2399253779365793
110,21,103.29145786689371,58.4901283999827,2.4754428960295733,0.40163163459158513,1.9053306817970905
110,22,70.11247203387722,22.86220059333587,2.548757261046619,0.38457229988353836,1.8132647191434998
110,23,55.41939969982668,18.98457057601052,1.9334648975098208,0.26030646676325353,1.5593611823191118
110,24,46.975518400908584,12.918574055971701,1.9211280717152006,0.28146727753092793,1.597407027205941
110,25,60.99394473494826,24.73521622797351,1.524232108348224,0.26970699310158674,1.5499023930706834
110,26,80.77034567167505,31.69787934987016,3.067373088773376,0.4657010674261679,2.0538589786955637
110,27,59.79497798197154,16.948439040620862,2.704169940397053,0.5184508672451602,2.0551905815419103
110,28,77.75812111421284,26.13186486577861,3.1696536348330695,0.5187855242830284,2.188706088122109
110,29,40.851816863768455,6.928119425373555,2.3647033570682243,0.5319893594737657,2.078055991397871
110,30,72.2676254288044,25.235884298018043,4.092164045585452,0.6990886019497244,2.74305231958085
110,31,84.65684111018342,33.382484799897604,2.632243845805715,0.5976643874689973,2.2855479945417616
111,0,51.33175106763842,18.73342013088464,6.184762874095027,0.9150432642030397,3.310702922752795
111,1,60.41923992534099,32.29036829901246,2.0201441311337605,0.44480884878778726,1.9033598072804994
111,2,22.220069368529394,5.935964339896893,1.0766957262213526,0.15874750222567124,1.3449407704298295
111,3,41.760635807649635,19.87363145367124,1.8852178312869872,0.3251468845653598,1.6551105925322442
111,4,27.982818597976273,5.387541004798926,1.910952734886202,0.2509447650034353,1.5644612758946979
111,5,45.32238319719399,8.982870539865333,2.808112443776637,0.4419171959786392,1.9724566353717528
111,6,77.32003838935914,27.250008444595963,3.46600462369445,0.46005675579141636,2.0996880338798465
111,7,44.561815187624475,9.172471433054463,4.52387807030601,0.5557157686194145,2.3811906175923307
111,8,57.09977651007445,15.438510163008813,4.661587596508365,0.7788822434717169,3.00613858968958
111,9,56.46856541282931,9.365046952085933,5.433017682878446,0.969983327932507,3.7050836439490826
111,10,60.795260880627005,14.551484493840194,4.565227008348357,1.0859153770894414,4.046982380726912
111,11,45.13392119213063,5.511183395071026,5.752844113193326,0.9006443988869322,3.579849316064981
111,12,47.029958186850834,7.061683738391146,4.903891732614041,0.7436133332401367,2.845411613529782
111,13,72.5893713399459,21.902437740290154,6.265300467147414,1.114417434737419,4.389482701438295
111,14,78.82397330602214,25.166262039225252,5.471251425936089,1.2706762088407082,4.978055600865226
111,15,75.37589843054181,23.25987971439,4.676570126517328,1.150645167253039,4.3297534475357775
111,16,75.49631734767695,31.226555225753547,4.1629022737131365,1.227867578711808,4.3247823354889565
111,17,74.63208569312917,17.119496420916054,4.4942760132729545,1.2394996842129222,4.4486898870935745
111,18,67.5954716855901,25.386386757162985,3.8928697153800984,0.833829939892226,2.9976704210643508
111,19,59.32811422398234,17.388280638233464,3.1113372320726,0.7384305064222021,2.5702887437936544
111,20,73.34416223182669,30.104148043062793,3.9318070638192104,0.9384733829324841,3.335238224217456
111,21,92.84812960831533,41.97046177627918,3.4115707715364683,0.8851356950557432,3.0824827694522248
111,22,76.75518261987142,23.45892266261962,3.3643650801966913,0.8108522198159793,2.8639344059253102
111,23,54.74811958541111,16.927425206356098,2.670476578499511,0.6184204849578507,2.291774436011582
111,24,47.09016922960804,10.281306243371457,2.225957630966311,0.5807880738367506,2.1637177504099085
111,25,55.510014369561134,19.698142678708486,1.7464607697625687,0.5695971159275368,2.117381310765542
111,26,73.04420726965091,25.125614496728517,3.279578260662133,0.797551479870553,2.8595480348956155
111,27,77.50615038722785,29.09531888698218,2.8953082266960384,0.7881741144204981,2.709494344862886
111,28,76.36364436827976,26.64627632813029,3.331652754250726,0.7891127175901618,2.7764579169948553
111,29,36.946660077985314,6.219175588612689,2.202974695125702,0.5661010466721264,2.053101105225456
111,30,75.90928886013712,19.97626801157163,4.142840174701109,1.0319477330290514,3.734917983192308
111,31,80.42418041024933,25.561766588396928,2.6888711447045663,0.7000629586164928,2.5354728354179445
112,0,53.22968253435171,19.58464215844963,5.941304407263115,0.9631478384415155,3.454119095537032
112,1,91.883106065492,57.418296871613116,2.418957571730618,0.5573223136048675,2.124169742757839
112,2,44.96583924373827,25.121903797324546,1.6126283277954137,0.39157489693830105,1.7850599616765201
112,3,66.88897542531693,39.23518924902922,1.9672824037510834,0.33450619780631397,1.6667361376845278
112,4,62.23061022276847,27.768055204664016,2.2817803702980077,0.4631089257349408,1.9360388153462857
112,5,52.098764139352355,12.657293486041304,2.8340824763700105,0.6065965038221552,2.316228688865616
112,6,58.84201907193162,13.825014081771823,3.095587686335133,0.5445383700230786,2.24835729173102
112,7,69.03464158305785,20.087531269384378,4.21864026763507,0.6432207557393763,2.5787792211201523
112,8,57.55672835020284,14.0800236755138,4.551311020161287,0.7180943517134262,2.814594764721047
112,9,49.32756166723584,7.673152104034125,5.234346981230554,0.8950966625277443,3.4477464859729623
112,10,66.05774326226856,20.45604493019369,4.809770063573029,1.1960294200903325,4.621642032140508
112,11,44.280486047509115,8.925926976984274,5.478051478439484,0.9140399959970384,3.54334016673891
112,12,35.69409459785575,3.0376598758762867,4.9155370162175505,0.6975711889515157,2.689662331751477
112,13,42.757757759731895,6.027886264300547,5.963264404468656,1.092257440554624,4.349615097548983
112,14,71.74810827008798,15.112370843973167,5.509686340256982,1.2443507507447844,4.765566518760954
112,15,43.62731033577557,7.255284066691334,4.843820148580533,1.2716769232240255,4.904158554421489
112,16,61.19445332765524,13.09326126778972,4.0563175283281545,1.3221542474377905,4.718188992278243
112,17,61.39772538916338,17.436771683964512,4.234977124065431,1.2605191891942198,4.432835098143835
112,18,55.64984193550525,19.463352469324022,3.3397498253413236,0.8877522806878435,3.022329411179862
112,19,62.610426617992545,20.371218384777848,2.971224316717141,0.848087469602528,2.8070054387748837
112,20,72.24725535111624,25.347611871071372,3.8168194296181426,1.153196212722623,3.9525950064155593
112,21,58.435469609334234,23.205131827403985,3.426437120475203,0.9442849661946093,3.317008691299477
112,22,47.511961185415785,9.659477657804949,3.620944863903339,0.7431314461076299,2.7859844319683784
112,23,52.02930920183739,17.05277087409798,2.6236039447057653,0.5091550657944954,2.129061111415783
112,24,33.40434052897768,5.185336274766245,2.2674817270454115,0.5101402191643376,2.0309479202759086
112,25,42.21151919845208,14.890631174523946,1.7489022002090937,0.4128738214048433,1.8416534903101671
112,26,63.90516821481427,20.577504856077812,2.7088921683318055,0.6591775639477788,2.410800152023701
112,27,58.865726387636016,19.695249335557563,2.6830325482325157,0.6582468507878505,2.3516147200955912
112,28,74.487122789044,28.336301107456947,3.2098917236656894,0.6842246582401676,2.5839209812826764
112,29,61.35392373028351,27.539386766924476,2.254689738843738,0.6398620917488831,2.2446350927157708
112,30,44.47238404295595,9.228003016142996,4.293783516149187,0.8952938392032266,3.322853748541346
112,31,54.61204299526335,12.170748196604064,2.8996132773004346,0.717331157985607,2.579666626454696
113,0,46.746125857548776,15.458045429396796,5.871161619532391,1.0426018012153069,3.7040846591639762
113,1,75.04411926917925,38.59321616708608,2.130437006353441,0.44565938837449703,1.896281707433213
113,2,40.92036818311013,17.6879057087319,1.5631161103564972,0.4755894661024125,1.922880108928614
113,3,41.151133936750256,17.249347009328268,1.5912243768518595,0.2418258973456453,1.5169494467436733
113,4,35.58997363890887,7.5557298912153055,2.144111828323785,0.5220914216728136,2.0078511699209973
113,5,46.271689395548414,10.740611759781554,2.8581988175719992,0.6443058943408277,2.405396343364109
113,6,55.90178082264774,8.382343518240752,3.3154194320410295,0.5840435384822267,2.3727797224412566
113,7,43.93840572199058,7.133930539623959,3.9038966548938525,0.6206063716218715,2.4988923912350187
113,8,52.02458185477837,8.744056599643852,4.594444844156999,0.8355582262944194,3.0691468715416996
113,9,38.29769367380955,4.849824205737512,5.110946056767277,1.0425460317413586,3.8904323494624538
113,10,49.02347012299717,6.690603313239629,4.837294523966688,1.2139976321351016,4.723840125201819
113,11,39.44605964851971,4.764613070969551,5.393104120080652,0.956148801263339,3.714268507529102
113,12,49.15544554231859,11.812045482188285,5.047665828631276,0.6731034690060884,2.7119298773331155
113,13,75.15771227524209,24.75633736885997,5.1572451876583285,1.057592319342933,4.141262583058154
113,14,83.3910023572807,21.35207038815151,5.32998442453708,1.138148284423881,4.474949158559325
113,15,61.79219389489597,20.618083784006707,4.348335071085124,1.162461718445921,4.360501475500524
113,16,80.8518558712817,38.9576029092174,3.972114369076212,1.306139165117378,4.638442548744164
113,17,89.89355517629974,36.433356028238556,4.046270915203673,1.3342207485930517,4.747624181090892
113,18,59.12371143920183,27.207361482003478,3.3753665931766297,0.9617616288011726,3.247327561093502
113,19,49.965784086922795,11.757030205828386,2.5904692896600094,0.9048525118407786,2.805556549926005
113,20,74.72146928758754,29.39178514140973,3.297616324090674,0.9636353485027334,3.253080560235745
113,21,85.58786995257933,40.1672160436747,3.0189249583379842,0.9695840695253497,3.2309141193103743
113,22,45.30310877753391,10.417512512617488,3.3847592039386356,0.8519408478949906,2.999481165910192
113,23,59.786959056318906,24.153931075944037,2.4129269575975076,0.6215390502462275,2.2423102187240516
113,24,28.036426492882335,4.851571947552019,1.8075600130587253,0.4570750340938421,1.8766421309317023
113,25,33.87602109903134,8.979722760427407,1.369386808583116,0.3941208013179478,1.7478806840024614
113,26,52.94700620689122,13.47236035699456,2.256243762841849,0.7228518899197081,2.4058270306175538
113,27,39.74787976713322,5.334541854311461,2.30533770338878,0.6296068233522139,2.2529862959760414
113,28,59.222974929872734,20.627358570788438,2.6754813749235167,0.7598977187002234,2.5997505006059627
113,29,35.59848417331226,10.118835766452985,2.0800150227177374,0.608797850451968,2.1147152753228866
113,30,58.382638156262516,22.900634413678397,3.725611590856163,0.9157244348414437,3.205606485960973
113,31,88.35161409542226,36.39885411096393,2.63848801257208,0.6521736417181629,2.4368886240552428
114,0,54.377234111277545,21.399514090541658,6.061045015819071,0.8614798000639547,3.1609210653014728
114,1,61.94072016350828,27.177403519513994,1.752788959989148,0.44434430739840325,1.8057949613679385
114,2,32.76729756757648,11.35983758726466,1.1875578683278603,0.4017892885954488,1.7247140454679115
114,3,43.9377832898291,15.9273018782064,1.7800275914544317,0.26992302221538766,1.5596191325945652
114,4,56.549233960059155,22.277442010980728,1.886722371914248,0.45150108451907345,1.8585108081538328
114,5,72.89504185079619,35.057103841593715,3.3533235578114295,0.8893404210475255,3.0879684900225257
114,6,69.08168932181454,16.430922282251146,3.5154229100666137,0.6613017161823733,2.6104125204337043
114,7,113.8732005169459,56.26731810440178,4.499595897330134,0.7939046729329444,3.1604583157906463
114,8,122.09078135706613,63.3689298944389,5.039559130404999,0.9931165544680685,3.89936943755135
114,9,101.84348757854303,51.68374620105346,5.428056824540376,1.0523932285535613,4.288742918634739
114,10,125.23123224283552,66.55938535708964,4.234558892245114,1.102693137926912,4.218100228785009
114,11,99.2657040221446,52.71569173696645,5.5538712391267655,1.0131483284213605,4.059411774862881
114,12,85.84027381320752,38.06657206361672,5.77265467981686,0.810134555270837,3.3204786943368148
114,13,131.51881286501754,73.4460997840155,5.646260230612244,1.0426505043987326,4.182973858835413
114,14,106.80375730311398,43.69264831067792,5.526852942594735,1.290448990869585,5.127185335068879
114,15,123.12356826294308,66.6628745735107,4.218091277670335,1.1207590897947846,4.223571813542225
114,16,138.36885948475054,84.45368045948145,3.6717713981702667,1.22762933528271,4.194500207238477
114,17,102.1097140428289,47.924084748159736,3.964838750909672,0.9644452666523251,3.4854521515981065
114,18,104.7327662097914,65.05408412101781,3.02274236777017,0.6360852045171237,2.3884867275401405
114,19,46.94899716705824,14.20582852832053,2.892201039000693,0.8044897542759943,2.723358744662139
114,20,65.47865363424515,27.81322510191387,2.9512889561073568,0.9424440315038618,3.0758876728280575
114,21,78.61881220964108,30.746422394435545,2.3676786782408565,0.8262924598477941,2.68021267305858
114,22,98.31739831494995,45.668421333251416,2.1917346958745485,0.40585453696859997,1.8640074464508953
114,23,76.9762977369292,38.825069815377375,1.5280411156379006,0.3514612633308025,1.6625384517978357
114,24,49.65897115974904,12.547219945772046,1.427917205347898,0.3122773954337168,1.6155501263221945
114,25,44.512879939783524,21.088525061813364,1.171139471505847,0.3637178391606313,1.6682850299354772
114,26,64.43932398288194,20.771517021344902,2.085261975591815,0.6483359264608031,2.2476092386478306
114,27,49.682864837713325,9.114462446334974,2.259210403293805,0.8758778640719349,2.7054359787621274
114,28,70.78614389552223,30.45436500108154,2.522933665907634,0.6914196068603697,2.502840809299265
114,29,49.55698340673183,19.242633222773286,1.6644457237471337,0.6919367456393444,2.1798244361241026
114,30,75.74475063599202,30.79994558079894,3.042736607069438,0.8722593582473124,2.968240573378796
114,31,105.68291312088161,57.31994934776388,2.321531889384689,0.580423785146988,2.2490917561547423
115,0,57.08510102325278,23.444380402881592,5.6565463886517575,0.9922418911542179,3.4013767433097404
115,1,55.449431834430776,24.92475514436975,1.4491454466563662,0.40875460729364965,1.7290334311130393
115,2,20.717103811278225,5.725828935851545,1.1579798620612811,0.38891062684448174,1.6868632287632055
115,3,65.8911662374162,34.938916310121066,2.428427795812213,0.47587205204545224,1.9606911215400775
115,4,97.73532235956029,60.71102612399136,3.247795012440263,0.6364541594337174,2.4444816500147426
115,5,111.58215257590639,60.809228558652144,3.8705399054614658,0.963693771854305,3.462630773312424
115,6,111.33547312595825,55.15091971702334,4.28419868244645,0.8472417485010739,3.1896033723523693
115,7,107.96716169182235,53.87512471079481,4.352678104849622,0.9076705502215647,3.357733175388786
115,8,109.53730890342601,57.98474983384438,5.450238964206371,0.9063907981649768,3.6078682279622174
115,9,82.97515247036813,34.86463199252123,4.677156746946171,0.9590664232584363,3.705801711602061
115,10,87.39655089871604,34.77381072582094,4.192493710592959,0.9564015867440983,3.5522955106410934
115,11,84.17041986286726,39.25532452211501,5.123896690654564,0.9544668542469568,3.718763628895228
115,12,55.23181516395876,16.454590149661545,5.629935291284103,0.670386225082857,2.8540601972443613
115,13,110.90078258467699,57.35571905449373,5.518358693829239,0.9727357949327313,3.861675199893953
115,14,120.91485181669404,57.11319185395935,5.061691957935305,1.0905304789561256,4.281945820133583
115,15,97.05749938069668,44.36910585299205,4.639624649718661,1.1262090022356315,4.20474190484592
115,16,150.11848643183203,89.37339451847872,4.731186453844546,0.9604513097737017,3.7776948118491416
115,17,134.32830268663434,76.67187823278394,4.375872861914793,1.1398868306250138,4.153580355325675
115,18,84.5204721116793,44.63134513778789,2.590607705983338,0.5686466303835997,2.1249291210342625
115,19,74.30728066828652,37.02128571980219,2.088746951749865,0.49887908726590835,1.968480438729224
115,20,100.4270498813383,54.891407723771195,2.6611236758437418,0.5279749010579975,2.130275243351277
115,21,90.32357461859363,44.46941395148387,2.1258525449153756,0.5940333627190881,2.2226867179811025
115,22,79.94120476617292,29.862226384697962,2.5311319708576976,0.6036927192989192,2.2945515111139634
115,23,57.40809706758733,19.153047164434412,2.026012583513251,0.37484590019088193,1.7810305912546085
115,24,46.181334143256464,13.160704524906219,1.7791019889251354,0.41248400227786597,1.8220697864406423
115,25,53.322341742154094,24.745563943694144,1.4412636827193719,0.4931605709098934,1.868958280643016
115,26,52.49179432662615,9.604933897652867,2.1840160509936095,0.5970505510306245,2.2100479204388557
115,27,52.2812136988217,11.874061696356433,2.5759261488301766,1.010515428840975,3.0525293652423526
115,28,95.08530262831749,54.476793981941135,2.2391736044325645,0.846150677157194,2.7831505141363535
115,29,115.1547676899711,77.39187594509204,1.3239832577633817,0.9708434809314614,2.6240713619371965
115,30,130.12962933321083,78.068392562696,2.383046036395223,1.3797936111654776,4.075273115063609
115,31,146.66052477279044,91.87828264109731,1.9606375329503387,0.8548302891665576,2.772169057021854
116,0,32.6920256016569,5.471799006229755,5.685980266294968,0.9376077382330665,3.2437499090988697
116,1,51.05138893823536,27.42888942865126,1.6605199750021322,0.43700236754582233,1.7948761830856628
116,2,24.111908461644923,8.291050496602049,1.2078780907889244,0.35998738154602505,1.6649385273635633
116,3,83.58658818807496,47.58191774635195,2.333297326942325,0.3225842656405926,1.7145068894509967
116,4,95.63381323528938,51.46603912750118,2.6548606438251507,0.5757434036367588,2.2096706401690205
116,5,123.8745821088032,68.83557992486129,3.099565523457791,0.8068436691580265,2.8787940432661223
116,6,143.22043345294463,81.88375973741262,3.3986525979882893,0.6498519842253732,2.596764732476151
116,7,138.4163563482471,77.8964164557305,4.191031517634766,0.7631268400333981,2.878749320583131
116,8,121.32805887353149,60.39977511858543,4.773781296043138,0.9876693107268721,3.6623830178619032
116,9,89.60341120900137,40.83788240581276,5.378067267691967,0.9283646344575862,3.6423953560023206
116,10,129.87789138575778,64.85202314058269,4.696008923917162,1.1975243921496528,4.611486693515956
116,11,105.168828361728,56.28750063807588,5.374259070775182,0.9415020528730143,3.672848285664483
116,12,96.56124955159586,48.02806768396441,4.948985359389296,0.6965424784586611,2.7712873948610377
116,13,103.95385503209205,50.65057490397695,5.87868574517152,1.1622052216132932,4.596846517976409
116,14,130.44878815950847,62.20227519417043,5.297180549564649,1.2877094898358887,4.993985511116813
116,15,97.16181878471552,38.35711561954166,4.6787111206476055,1.446171934210109,5.755917342805908
116,16,132.02269927471312,70.21858068453525,4.469660142223213,1.5277870965404823,5.880134222688267
116,17,126.43841655036788,65.99262544735069,3.944457575944292,1.3911235711821472,4.8068528722833666
116,18,103.33401080795895,60.09443100086753,3.6765501591222423,0.9183360139973784,3.1703698718982216
116,19,55.49077265425357,18.290616050311467,2.6729008938016343,0.7765641336709774,2.5863722351224383
116,20,94.03720320225965,44.002946770000804,3.8287526510463366,1.0451876615463256,3.689311948579325
116,21,110.71626766555592,52.14006508507642,3.007715573021475,1.0424390988820527,3.4710291433924003
116,22,92.20302703926137,37.34959254459801,2.9281488902238526,0.5253723790330915,2.2304107617305875
116,23,86.23042502150281,41.92330595684865,2.2623900742026577,0.5247075549480296,2.1178051375681424
116,24,66.79185080823073,25.293414183400913,2.0000644230384297,0.5389339895054572,2.084919681978413
116,25,94.844788587388,63.98317129795842,1.601549287364955,0.44975474983744435,1.8903258779343157
116,26,67.10460931684541,21.842376710360035,2.480422678487103,0.6959846783306975,2.4983109267260137
116,27,94.95252560129364,45.77545978517161,2.4451879457256007,0.575531957866299,2.190300798175403
116,28,109.20323422223039,57.48509851044968,3.3777242383757438,0.7548320500461037,2.822588326251556
116,29,105.64235598182964,70.59598293499357,2.051070318721524,0.5511167550888798,2.0102158687295635
116,30,156.50892570485212,102.9173071258402,3.9176996700805824,0.908359823698516,3.333265225310555
116,31,164.93367630359512,107.59509271956827,2.5429229035001817,0.7253645236199353,2.526607375336185
117,0,63.94443467256774,28.793410732036428,5.9703728958432585,0.9735275386211573,3.567998119570092
117,1,126.36887961683283,86.31310593841091,2.156872289258618,0.4585473485811775,1.9823408417491837
117,2,66.52903700023788,43.72552800490848,1.5494921417001994,0.6703689864760345,2.2166857516123226
117,3,54.731825348865385,27.717809162216863,1.7886536619468334,0.31147675168567135,1.6462905976024491
117,4,65.44166666434936,30.27560197852396,2.169968490385126,0.5179261990949922,2.0595601101028445
117,5,76.50247298762974,33.090325365708544,3.061628753804932,0.661827762557107,2.512143300371375
117,6,78.49177989183032,24.653615865383873,2.577636235483541,0.45179286568516464,2.0184959143582666
117,7,89.514711590541,44.1409751567948,4.062718403578375,0.7589318795079771,2.847019684616789
117,8,72.61016080628042,27.835562142403248,4.619693593245305,0.8767436083296989,3.361286668501768
117,9,75.41396022083863,30.980688373195324,5.113205239388657,0.9236837991712807,3.520676555942155
117,10,73.61793862326672,24.343454693969335,4.753624380433,1.1630262085074152,4.521542672391398
117,11,49.25060097474838,13.573314012778006,5.4235479854457695,1.053938829135026,4.09541807560897
117,12,52.41554304214013,13.105931585312538,4.848339647522446,0.7172138730888777,2.773738805853623
117,13,47.08445394048401,5.2387687668012255,6.168897195534932,1.0973554080401051,4.429091024509069
117,14,67.09785784636816,13.843057959575614,5.450867864220674,1.3548864318728828,5.385083301080218
117,15,58.29586384201508,12.544129430620305,4.536013588141199,1.2255546692781651,4.683203939732585
117,16,70.4549230650019,18.49858282745327,3.7722866949606404,1.310552521573416,4.613794968007491
117,17,53.71163000782808,10.839052017159155,4.219855497541916,1.2163690999194188,4.283646853845931
117,18,43.72620991171733,8.555573095398456,3.9619249689510525,0.9884370200281589,3.443010637036497
117,19,32.65089818420267,5.10707136908824,2.27994446951714,0.7129987026898621,2.370963968122359
117,20,48.45191668956538,7.481397923835059,3.6383555562604357,0.924966831001572,3.245911032227676
117,21,74.76726305676564,26.579004530793206,2.619806825384235,0.6135832963305621,2.388380263377531
117,22,44.529239497357565,5.507951492406882,3.1111839899549962,0.641381509377132,2.526943198346953
117,23,73.04512494586743,31.526031422292952,2.7656984783186904,0.6191988584582164,2.3644383071228408
117,24,55.06921486254838,15.96032352649705,2.1892478436764238,0.5523300911190905,2.1076532278296773
117,25,47.47534904729095,18.20486964104554,1.5945203980554883,0.4834506879551568,1.9224114781619486
117,26,44.4716414124981,8.339871284451473,2.4431490659194957,0.5527778314817402,2.189708547944358
117,27,36.707094464304035,6.399976072890907,2.53121242320013,0.5829156663446167,2.206280794208451
117,28,76.13456466223391,35.73634093049529,3.5654102923230298,0.7549343178043424,2.828360671253263
117,29,26.989778423270696,6.36066953589561,1.9735506189192071,0.5407025156339571,2.0297419850825684
117,30,40.431118206017864,5.2573127376452975,3.934405049965001,0.8589035869875872,3.1977124825035363
117,31,69.85579935469298,23.254113600508145,2.691123052125472,0.691889054159244,2.5126150693652445
118,0,21.05489420976762,1.6860284483943444,5.9101695679472686,1.0031232601806916,3.615168794704774
118,1,40.54897909605451,13.722145723613345,2.1625857462019464,0.3765794398488902,1.8016101641271982
118,2,46.29539716615277,25.32190747743448,1.4129582769412112,0.4160842529209223,1.7835563927653446
118,3,27.54111006108218,6.934444106501086,1.657779326906191,0.2538786120047902,1.5492122221331435
118,4,42.903758240555604,9.694177669247352,1.8620022534446186,0.46376537416029073,1.8941095472289553
118,5,47.74304716563043,12.761788706870973,3.1598596775461125,0.7360415573793717,2.6518128664785787
118,6,56.68655792501379,13.78434064955427,3.041187529161868,0.5852866666289196,2.354496123431914
118,7,52.84152169685396,9.310912219169808,3.66169169890759,0.7207449225166194,2.676882902414727
118,8,43.988194391518135,4.187215337602923,4.532496542458691,0.9112290164135279,3.3942832992165686
118,9,37.50682080780872,6.024056026329732,5.379177520872606,0.9058909647365176,3.494787320640107
118,10,39.589343021970166,1.4862092971014214,4.521178175665833,1.0214194993463632,3.9381927033415405
118,11,37.96552008030811,5.439722216779677,5.231274768081255,0.8809833594857039,3.4777335033354513
118,12,53.49875499292773,15.14001038609189,4.453679765078702,0.6569534146895268,2.5770498989426716
118,13,75.75598094662709,23.59011666740065,6.064295246659597,1.0797839107026688,4.386407521919806
118,14,69.32695270326249,16.85147235682294,5.421908497736408,1.1575734918095542,4.653072005088105
118,15,57.78167894963286,18.639228829534183,4.563301840545328,1.1785798278046302,4.526367659970688
118,16,47.77685493055773,10.554336515091908,3.7033599704071207,1.2625182825545203,4.345082000811856
118,17,51.0551831412103,9.24310688069749,4.0387256345136295,1.2967196671323826,4.46090324290984
118,18,46.84218553126235,9.960746881749573,3.89722976163204,0.8943598978847063,3.199493357469673
118,19,32.33797842111292,4.942593014909639,2.3767737863808187,0.8114813574851025,2.5761554505010444
118,20,57.686951457808675,24.785570380718372,3.218971403367953,0.9997419504783771,3.315753820638469
118,21,73.06766464768421,27.858714273806246,3.0047302425957447,0.8458622436132819,3.0226525671872224
118,22,38.83481315632297,3.622365988720882,3.1259585083715407,0.7684844260324621,2.7724899060083326
118,23,57.90617694252191,26.8610792898573,2.502242485787138,0.655657051523153,2.3489105970926003
118,24,24.759418008911176,4.8824937730323255,2.0446564110603056,0.5419940943531616,2.0539314112139238
118,25,25.532550082793605,8.7515089729412,1.5892785825280018,0.5830247270887592,2.067051006084762
118,26,46.2396213445457,11.342420162456591,2.498328637608136,0.6367115912484458,2.372646494481873
118,27,36.66253390194671,5.374194363693449,2.4231252302029995,0.6802088501482739,2.367302957955739
118,28,80.58634735730888,43.15762240077717,3.113983950778759,0.742638119841776,2.6655988305105187
118,29,21.935903763337073,2.6929354018659217,2.0011821406372636,0.5301672107240085,1.9790020166981546
118,30,51.87700636339457,13.693376682898961,3.6699055279177673,0.8461684286376068,3.0767781847493962
118,31,83.82126928311433,40.71415506889617,2.675450648786506,0.6899508253553064,2.503861751930996
119,0,43.37418010050058,7.810268130245384,6.154245408300511,0.9460191278206036,3.3965781391345566
119,1,52.034433991493785,16.91316109675814,1.9874590513887083,0.43087249472973754,1.8597843852124814
119,2,38.3396199447624,16.119936380143784,1.5889469470594961,0.5100297876317126,1.9423612794516016
119,3,41.380856579401865,11.374762725015525,1.8592608656354126,0.26077188284944697,1.5446045185263246
119,4,43.31594997507107,15.908634732266467,1.787283201953697,0.3947675425340995,1.7440248565349277
119,5,67.95631982079601,29.98973053519028,2.5831026922447755,0.6215878328163833,2.365571518277394
119,6,58.144194318298595,14.041492841812353,2.9949456948916175,0.6385099419636826,2.4333653603108587
119,7,68.20972793071962,24.631542838929306,3.7241110807573605,0.8497552641623569,3.0333500162859113
119,8,79.24201417740571,28.59335789199371,4.864131260581814,1.039471902712318,3.7743941408761295
119,9,43.27504488861618,6.582179493196006,4.9757409763216,0.971000305876542,3.7921326967375215
119,10,52.1578276112,7.327995899125577,4.40577641970002,1.054166408039844,3.98502201522296
119,11,76.36012767432084,32.59140659299721,5.359692845184702,1.0099141507095606,3.832287659437776
119,12,55.441960993567484,22.576094736289452,4.663391305257118,0.6347888006151914,2.5753990035273606
119,13,75.44595606248951,22.976623562263896,5.6048959959620355,1.1944419547907383,4.657328506709808
119,14,101.9655528911476,37.392477162233604,4.9350917590141865,1.3233467150107394,5.127265430116833
119,15,63.99720669628476,9.625641741209197,4.52819968233535,1.1844423184007482,4.460517976486546
119,16,86.87244561877756,32.864033341022335,4.100324664851263,1.167585086596688,4.248266583150574
119,17,64.68258016240662,19.509452045062027,3.9780313160709637,1.1869032090606018,4.125360115075827
119,18,78.79358671171208,36.28665882061058,3.402454901386858,0.8311134127668858,2.9139389397292765
119,19,42.39462868297725,7.396949405992441,2.406986093424491,0.7009938573392125,2.418848400999685
119,20,69.22072738012481,28.417383188398688,3.1917578207897552,1.0244896510496897,3.502430347421121
119,21,79.25804999040294,31.870783144420855,2.8621004926431777,0.9401983493535662,3.228545427217795
119,22,61.61376767369474,15.54226774647817,2.60639506990391,0.4987790946921349,2.125526772997858
119,23,84.09670521125922,42.25199836293145,2.268477853234067,0.5668385576784405,2.2239728261231826
119,24,76.36844416267824,36.2004330909541,2.1306371351665954,0.6670977309774577,2.3497110142241606
119,25,48.08111205817101,18.99218603151929,1.6170211249052477,0.505988300899531,1.9782217537505193
119,26,69.90032680435901,29.29003492552293,2.5649285178914756,0.942133452726543,3.126269227577684
119,27,60.95017764254196,22.72403004817939,2.2264868542963083,0.78410404871242,2.598137798259562
119,28,76.04011198863695,27.228038490169972,2.87884399561081,0.714720559049467,2.6901501840886195
119,29,23.650938630647,2.5953480373936464,1.9860404821235322,0.5894360596834085,2.120311703851179
119,30,47.02380609788298,7.702563974835035,3.3871279922280717,0.9095401862872592,3.24492649637544
119,31,102.5896102468687,43.67245188067208,2.5325409730251645,0.701273000230779,2.555966279626136
120,0,22.931951812824092,1.6437584733432806,5.976896055558033,1.0017555202971637,3.5266507051911717
120,1,35.52393956970845,10.70044579402748,1.9526067079066336,0.40312189069391424,1.8311011228192515
120,2,38.2886084951043,13.997234172420054,1.082168533163932,0.32851420887427096,1.5717131882984625
120,3,37.207220280626544,11.504109466675398,1.4414024179831804,0.19449965496242738,1.4289349889698617
120,4,52.565677106004294,17.333998664042074,2.193515079744908,0.5349043824652431,2.0793802137356723
120,5,56.30057600041117,13.698107242420862,2.9353236764077364,0.8450898652831551,2.8708130392058817
120,6,50.85645907468758,8.180519602611842,3.241454518692236,0.7993155073234846,2.9030550789093064
120,7,43.269702904401264,6.649444060463912,3.889202730867787,0.8128633214177228,2.9805799170954077
120,8,52.8058180015785,11.829424218476522,4.731473987274757,1.1445410654048223,4.250709151082797
120,9,36.84862391890242,7.477692071819353,5.230538749030521,1.1139681111448914,4.283016855415683
120,10,49.32152906096615,7.0066382945506795,4.828737307371278,1.15795491163877,4.452693258487572
120,11,50.436166261645546,12.410968985950248,5.429678175502964,1.112540836639349,4.2326395951541596
120,12,58.68122742276362,18.770762071578194,4.888774381132684,0.6606634962920213,2.683899688940317
120,13,50.52992607639843,9.441701490726823,5.799186437991269,1.369512782276134,5.4705813349878225
120,14,63.409955164905966,19.524196999578333,5.3854048288000556,1.3497941570171141,5.5100694913714925
120,15,77.03029855986856,19.805968031641413,4.947923947896382,1.3783974067368936,5.524779353894046
120,16,57.0348688660418,6.7006913725653305,4.594626024207209,1.466691156133077,5.456817961861633
120,17,40.54939917598563,6.553490710407695,4.411518934110373,1.3016702741154589,4.703864982423443
120,18,39.67706440213367,7.513380334360925,3.7267270689447476,0.8626786187169837,3.0129914879666457
120,19,39.34754798240968,8.87490125224966,2.8407307009414344,0.7021153599169292,2.4720595807854173
120,20,51.82118657039543,11.781993990770932,3.980580458274879,1.121619890444797,3.9316622157764733
120,21,56.32584423830996,13.53290122996011,3.2130299772414297,0.9484086228186044,3.2935219680602406
120,22,53.00794264731521,15.083323561423724,3.047266162339759,0.5949565103194718,2.4178953752539347
120,23,49.6311406204602,15.77669654197083,2.526153927548214,0.5234904864901555,2.1808561945645417
120,24,34.15068962875705,5.389847531808874,2.2897275761444464,0.6542886216534307,2.330650039344433
120,25,30.97021442378211,7.09637182388707,1.6994639032449432,0.5065424996685024,1.9938090621677347
120,26,45.18350424561717,10.188337766889529,2.8610755428468897,0.7677226771816947,2.7802693237878153
120,27,45.80183356585826,14.787177623430999,2.461882871759289,0.6422345052767438,2.336977785527677
120,28,62.259266675345955,22.282080037197773,3.274854894165755,0.8592068300058626,3.1493453362903776
120,29,22.43899219311961,3.4977528232108552,2.050967974559614,0.5584474379085518,2.09073229376351
120,30,53.62662043458653,15.024587700677934,3.9522580531507714,0.9829503414110574,3.6686857460906683
120,31,43.4546250350063,8.66478956391486,2.645448623915713,0.7372502596150614,2.628915358082503
121,0,39.35112930669314,7.753322734045679,5.845765538563096,0.9999174980034828,3.5912167346071735
121,1,69.30009023260565,34.17064032052495,2.434755900463587,0.4789252086668845,2.0604180302061827
121,2,47.64653303200591,23.974297103407643,1.404791797246872,0.3631987746595331,1.6967360395442321
121,3,57.70425550529296,29.624322273238878,1.8641319511581464,0.3410198501222599,1.7145635816872191
121,4,47.747332746856216,13.34286644936471,2.13792877020197,0.5239173614950436,2.068827728906096
121,5,58.182939796584755,19.113307916431822,3.224644260655938,0.7958376978183668,2.8080159021586435
121,6,77.37820943992958,26.452257349946997,2.8883219079688933,0.5019856531219329,2.1627313900636733
121,7,56.33947142271522,15.710339830333233,3.783074137879327,0.6958312433507907,2.68596622661068
121,8,83.57199444035838,25.98738793257736,4.593111157175839,0.8761885525921462,3.3242071967557143
121,9,68.0804306070448,24.25353447710265,5.467943502890185,0.9681162528444931,3.8233227841015878
121,10,60.845643149748035,15.379238423543091,4.499876229553518,1.1685110573830855,4.562855334727722
121,11,47.70687395506788,12.604850766399812,5.459057596164332,1.058699079081352,4.101913336596796
121,12,53.75039922489126,16.65414053076926,4.641435238312585,0.6976117891420248,2.737435594441809
121,13,53.41084614454798,8.731358676902296,5.634084614154755,1.3531028844597897,5.348385864931401
121,14,65.63849497811141,16.268890718483746,5.405684548929793,1.2023138799361686,4.874705367581504
121,15,76.2464300817936,21.827935921460274,4.2420959955066735,1.2681477355264672,4.767463153826033
121,16,78.96354040025791,29.212792332080387,3.9511801456429656,1.2324802648318331,4.424757335927981
121,17,58.11382053717671,16.045268056000992,4.220831566253971,1.0785498272611145,3.862660630516116
121,18,48.53586321199058,12.908237127508052,3.855002292473335,0.9447724162012294,3.2985873968350656
121,19,44.776162531860976,11.842525106894216,2.319328052875295,0.5724063291578028,2.151867801935077
121,20,47.80388294817749,10.39798088568947,3.7214733953982284,0.9603088753887237,3.379573916625225
121,21,63.993207000589706,23.73326206758623,2.594285363631235,0.7523712564253113,2.6275366500806983
121,22,55.695120661634206,17.892716546657887,2.7186318510129834,0.5738525143503823,2.2905155129427586
121,23,66.66888066843241,30.456022585301376,2.5835458287926447,0.4541349498247049,2.012712676979142
121,24,80.6069615689681,49.7122465711999,2.0188352872920077,0.4631068794830542,1.9208213675493966
121,25,40.61639897104703,11.898525041414048,1.552625219219491,0.41060566681108623,1.794518751572512
121,26,65.74930227972672,28.247916011479205,2.467180454582902,0.556385656470507,2.196708206555562
121,27,52.478392898338704,17.447035429054935,2.336031792508037,0.5751337136000183,2.194626519564383
121,28,98.94440922488432,49.63145869987615,3.1531983212158394,0.5818161170888718,2.352367653531266
121,29,36.6492573265,11.714979243827669,1.8763302653234142,0.4591764275274457,1.8698326266190946
121,30,94.63383627232884,44.027308011280034,3.7624754026834113,0.6607070445779994,2.6265766575415315
121,31,93.62913742100577,38.906336902849425,2.5590107872057604,0.5915084533515551,2.24862882240433
122,0,28.227849664651576,4.709522747045572,5.910918540707748,1.0206175324772992,3.658604971975679
122,1,52.76618958292123,17.322687253908178,2.103233436196604,0.36143614159253534,1.7663344919374828
122,2,32.876921951118,10.409960071823509,1.3478959244318518,0.2886943927801049,1.6008538621695356
122,3,38.70538149146029,13.504044315022165,1.6388949491748988,0.241302089422593,1.5294448367230074
122,4,40.720271141303584,12.705995301359659,1.9821818180467483,0.44853972275308385,1.9053055024836933
122,5,48.37112498021088,9.056523452628252,3.0516610791965326,0.7690379672449703,2.7169217544707642
122,6,48.06971941999423,12.347066011121807,2.951862765069855,0.6262529208890113,2.417388916736227
122,7,60.47699887179189,15.27607043549826,3.617796025218801,0.7042305639646309,2.637331946760112
122,8,58.791080337603574,13.576864271996373,4.001511842107016,0.9566593593987287,3.372076081467947
122,9,73.29214553981913,33.71921360567033,5.016523569178148,1.0836696964966057,4.221167448403576
122,10,66.135820202895,15.842255085168887,4.2261240318634545,1.0816512660708248,4.020040397889766
122,11,65.21601903300655,20.405288397215262,4.787631394826219,0.9436361182908835,3.574021863327599
122,12,75.40962770049278,33.79374969236227,3.927062939856593,0.6479040731786112,2.527484002265943
122,13,40.093162708180984,4.93402581361989,5.441863376026608,1.3377778220645054,5.256851427400427
122,14,44.62626955966434,6.855438687447149,4.990096879260976,1.1645791403981338,4.548977650904028
122,15,41.7050369375681,5.609234663660124,4.170194853696859,1.0543542833426809,3.994988285560856
122,16,50.38863554216431,12.252541883991888,3.567500770846766,1.1683650601012987,4.064231003399229
122,17,38.4779562077415,3.8750736395797283,3.756098642131284,1.1587836298949545,3.9866334740050653
122,18,29.944852650175896,2.5717549193836957,3.5996517469113782,0.8941138526215062,3.1184807832062678
122,19,32.38973103510812,6.933312441902107,2.31870640595039,0.7178941206323928,2.410865304667133
122,20,69.26624391230139,32.42830525751274,3.0799265765659483,0.8597832364248581,2.964800854657819
122,21,62.63169578509568,22.41453576284512,2.9089793651402918,0.9219974237339823,3.1036437600909252
122,22,40.76687486580437,7.412256119061213,2.82011176239528,0.7192371022632926,2.590528575805314
122,23,65.80825880723177,29.716138717494566,2.700199626247357,0.604646822685921,2.2839418192785232
122,24,21.702613209917075,2.5571322137189227,1.893448118004415,0.4406825100731733,1.8900470415926085
122,25,22.319252508117284,4.073041926519803,1.4910683648514729,0.46227643643392424,1.870362675073257
122,26,40.35903029195481,10.368102240690652,2.6168998090567834,0.6228876145666846,2.399284718846022
122,27,44.24380774152712,13.369094838092067,2.2025872579410732,0.6959800564498893,2.3758932062122984
122,28,70.39269026545465,32.87381115325341,2.970006834581813,0.670675317090935,2.4801144446063574
122,29,31.81643655590134,10.648398953313169,1.7164597073766474,0.43633699761985323,1.7869560993874316
122,30,49.61548224097032,13.645499844725691,3.6063448101202016,0.6754909348992038,2.6280686067932573
122,31,88.95670939040157,43.95001384694437,2.619479274227979,0.6851524701364831,2.491052395630754
123,0,32.811261312801165,4.802333278357848,6.122703399756444,0.9771364707346049,3.5607527110479555
123,1,47.8865052636643,12.731669063156147,1.9767598779989504,0.35659006918755276,1.7372239597561068
123,2,30.520910881109458,8.834054661698621,1.2976173653736742,0.2446145483290687,1.4874809627107204
123,3,45.33171900146737,16.462896769411394,1.2767430197294114,0.1374893333490912,1.3072033646325776
123,4,46.64868349245711,12.555599727329415,2.3305360524273313,0.4185673630497977,1.9068395260553632
123,5,59.50591674869218,20.26615333872044,3.0823210584213245,0.7114549819916678,2.6089691996975053
123,6,75.13760059779992,24.39776422962528,3.393300269003869,0.6989127665975934,2.6913036627800966
123,7,117.602165905873,66.58282539287696,4.744385039674855,0.9030618754686621,3.5014832113947207
123,8,129.74821455274355,68.17100992826921,5.568422290548298,1.1440867265372097,4.58980980608709
123,9,126.65008205928305,75.64231665072182,5.324105577099089,1.2431504909304234,4.766933036520233
123,10,109.87961982100302,53.468783635575136,4.703373634864663,1.212602966339949,4.691210503893477
123,11,102.98011208761172,52.92467273220868,5.255346911486649,1.0261334557966881,4.085518944800569
123,12,86.22401993294199,45.98986977809715,5.140336142599042,0.7139646576861178,2.906326921438026
123,13,80.37010158729701,31.772845015489338,5.9263636229720085,1.152965137929673,4.559299901232682
123,14,86.1368492260352,29.45039985434078,5.477980119248249,1.266507993897858,5.0053942806836575
123,15,77.81846832814755,25.308934780446414,4.225662681378972,0.9511385011041869,3.558271910076964
123,16,100.42240996787578,46.96247115165317,3.6483260197258454,0.9024457639119885,3.132856586605291
123,17,77.59787608687745,31.407434063437677,3.8420638341383695,0.9216798291409267,3.2951596298128734
123,18,90.1313103913499,44.59019747560221,2.61780444234966,0.428973402682129,1.9606093486712948
123,19,47.366992214951594,16.560257893397438,2.5599725407253824,0.6188023996012184,2.199228751684656
123,20,72.2254171507011,37.970309767620954,2.8546255504455935,0.4482625659360746,2.007177767230092
123,21,87.15516750912471,38.98520430495772,2.1282473958624184,0.5346776410748841,2.130498975232751
123,22,77.56178020587552,35.74246732455908,1.6022949192546756,0.34732109992847526,1.6649033171124834
123,23,69.92026620469397,35.53930545617606,1.7620215294999264,0.24472508459084263,1.533344237412527
123,24,59.39315906260355,29.506969562728223,1.2786234879035452,0.20075084358186013,1.421063521637986
123,25,64.31101566205133,31.142936404470547,1.544924529642805,0.3041926046832537,1.6241751251303524
123,26,85.04335814176616,49.015505850077204,1.911655768364044,0.3920749200938145,1.7966213510253155
123,27,76.25491776379224,39.10961763376375,1.8362290191942061,0.3727383991599962,1.7038258528336023
123,28,123.93162497680964,78.36362332163102,2.2152445805527496,0.498272763012666,2.037244272078835
123,29,90.38957539226934,61.304185964277664,1.6164256890089743,0.5419365714896291,1.9879170355394515
123,30,101.46695878347184,51.83258307381119,2.749990379647993,0.44663731236662363,1.9808235830829097
123,31,158.0043802220298,105.91167529641952,2.037003652036902,0.47124939997416515,2.007281011164957
124,0,52.767154456920906,22.591454653878642,5.5898437363690965,0.9628742161330841,3.2726682154936744
124,1,48.55777236864778,20.113520351379798,1.6688763885235538,0.3046509962532573,1.6260094709084976
124,2,17.101004348600807,3.8595218357630334,1.2244849599143726,0.18207901588509223,1.3856133268923911
124,3,26.367303206890202,5.833044049041066,1.2870976899422586,0.16396432443611175,1.3274327656592588
124,4,51.27277756147009,16.36243041189731,2.00569130025683,0.2823459723805377,1.6249457525926247
124,5,72.86795157887876,26.334465019739298,2.604038339343165,0.4708684205049778,2.010840344709716
124,6,93.21389832075099,44.03879620338144,2.5814622025755734,0.44220041186347014,1.9553223927523036
124,7,138.28639228272874,86.06251962643702,3.3361007948507018,0.6047342302383667,2.3997672595068744
124,8,146.00397028376557,80.90432437133978,4.321763490100704,0.6612971770322336,2.6716408131806606
124,9,137.47848199080386,83.03406301481064,4.835253932788259,0.8175873674186356,3.205447785069737
124,10,110.44188550684453,54.25868926522307,3.943160184757111,0.9354342113085434,3.3674243512879865
124,11,90.74392213240499,41.302768113450185,5.358357646082453,1.0881670428293742,4.20114832514815
124,12,93.84510593558421,50.42983298635708,4.4259129714483185,0.6005551909722087,2.415491829928057
124,13,88.85400336987911,37.049106441961555,5.432018401635133,1.0512857064958814,4.001505026720974
124,14,81.42927178208515,22.836397746175038,4.916469210622949,0.7989839117814848,3.2015859558235147
124,15,103.76973448681395,50.49304452300447,3.84864204910629,0.8563591263676931,3.155306830500326
124,16,58.83321718522632,12.359583753573977,3.42917130299386,0.8608410924158636,3.1204755797795896
124,17,100.0339886991489,52.613254761269644,3.2400250894178133,0.6657798848333027,2.5069913135980726
124,18,48.28015468296758,15.764212308721898,1.9054946372851669,0.3349129277456204,1.6704710712958013
124,19,63.75973095563062,33.3560633716935,1.674666430918812,0.39305752818856954,1.729023157766563
124,20,62.51902606260983,27.305357611609715,2.514305833368817,0.45540516350404037,1.959392182884611
124,21,69.47899977776385,25.655420052414627,1.6192310346763787,0.38340073048546275,1.7377043713419535
124,22,52.752670203207764,19.015612450323157,1.0228173835826462,0.14329418008726402,1.3092704516670368
124,23,43.07732078310432,15.934927317536557,0.8923116749289824,0.09936196682661957,1.222340218445273
124,24,23.557022808914567,5.594773250419789,0.9175687780115331,0.16001691788970973,1.3241713965690987
124,25,47.21390891528038,20.87460127233143,0.8567153586734174,0.19278107571040193,1.3572664504999257
124,26,61.61699987516328,31.845103910098647,1.2877945297073674,0.24604765936529294,1.4664069545785654
124,27,24.556985561731512,5.206354428519865,1.4134704317922249,0.2446412235311266,1.4676931181505912
124,28,93.51225568518926,55.24405399957113,1.7374783096594417,0.27842509039708907,1.5937196870572794
124,29,70.16934925440583,42.622893934235336,1.2628698379402317,0.3388057331310348,1.5786764873141523
124,30,67.8162567281255,29.47089415594631,2.244741178126726,0.23899806217817687,1.5609928946469107
124,31,73.5231748051902,34.607313620881925,1.9652203365385585,0.451989209977407,1.9196302992162928
125,0,21.672503132069828,2.8223743645211368,5.531645988779976,1.0388182497468286,3.436755719194796
125,1,36.741053943504944,13.905803791308564,1.5994778215101197,0.26687578940714096,1.5567057169004908
125,2,20.587037228979277,7.424051701293521,0.8436037303459369,0.11752077264430527,1.263964065949963
125,3,38.953286104808605,16.597788784345887,0.9862968366451822,0.11803858560038882,1.2542026298322955
125,4,96.58256006660216,63.15012032541196,3.197368920414009,0.515046583869017,2.224984430839729
125,5,123.98651767243851,77.30738441868326,3.401625588999523,0.6350688702884595,2.5265825209652926
125,6,137.2743756446184,79.30057902676393,3.5160524569792804,0.5864410457757527,2.4291049843755155
125,7,195.0594494516941,135.0620756365422,4.594759699959781,1.1180008028394424,4.168473165549717
125,8,151.16045254938132,88.44767768323439,5.021752091605811,1.184133880454401,4.635960731826517
125,9,150.42160438528595,94.38540989207115,5.500237987771987,1.1211530313717342,4.507576953573295
125,10,108.08614621656749,55.40760826869657,4.39560489068607,1.2638670777001888,4.896535318675255
125,11,91.86279038790576,42.40884578333855,5.270090285648639,1.2607027980282624,4.898815056001074
125,12,123.12576523898302,72.78479065561383,4.9959044179482595,0.8073021114627865,3.160247039549509
125,13,106.3146176350163,52.699994032116855,5.54371735327394,1.3501512881006015,5.478439979878217
125,14,121.63018205350824,59.50000444417374,5.585877240150005,1.2481901275258913,5.172959435504522
125,15,104.61250583800415,49.30244649599456,4.657787984232087,1.1703510612529442,4.53739582397173
125,16,98.68898074597584,41.62239367997114,4.347357512304914,1.1482799041244416,4.159516907831522
125,17,86.97528715823421,36.47351407887956,4.083456399098153,0.9407935812096158,3.3684082927054764
125,18,92.56874796562182,49.37534846834833,3.095663579990102,0.775797928330825,2.6119851205787925
125,19,74.06894095219633,42.22523223067328,2.339524412151123,0.5270248217136135,2.0654225142528415
125,20,63.710428393316484,25.56411449680676,3.2801713173719325,0.7525887143064649,2.722107613117738
125,21,73.75020618596407,27.256458366850545,2.3013852906395975,0.7939013834277264,2.6845014928604547
125,22,80.2148245534485,38.79503471613505,2.476544083761107,0.5372468841903464,2.147205833473036
125,23,44.694328765696426,13.930114833172016,1.8161489866322427,0.34616253208924785,1.7124482631976103
125,24,46.26908815397441,17.314957646881673,2.141503453096752,0.4323954366484646,1.920658869401192
125,25,55.65391540939194,32.34776586339301,1.3720221518782156,0.5499599029627524,1.9541005623154277
125,26,103.61287781832894,63.5896113448092,2.230845003330068,0.6701874973270314,2.340325700175422
125,27,65.77203660664408,34.087067106323076,2.2935999888689658,0.5777583185829744,2.167701463033264
125,28,156.28552793960003,114.52206248857195,2.1607515547724923,0.7945558737641436,2.6325283864868907
125,29,189.63394709128124,156.6625788149192,1.747145527424303,0.8451734251854424,2.488467922016324
125,30,184.8900768284997,136.8325593267814,2.363479912280834,0.898798023559618,2.8480404127450063
125,31,136.48537614154813,81.52128618206483,2.015518945443663,0.7395231441325119,2.534615774777945
126,0,16.120988516482775,2.9549475013052273,5.7528833727978625,0.9490854061524203,3.272770483709245
126,1,52.06594240944417,22.88334106378892,2.0581936697205583,0.3338790043478186,1.7181652710578894
126,2,59.00694895466937,39.910729615172194,1.5826760513972318,0.3177625551985843,1.631719948229536
126,3,67.41321802975969,34.53667831130908,1.9754809512522669,0.2591831807680225,1.5514239374705432
126,4,95.88636541327544,59.922273002783484,1.9581098828979002,0.3696901409311233,1.8040527903396324
126,5,78.63301302539664,39.78659338477925,2.9619861206033917,0.5861679919992828,2.362214641099649
126,6,83.6846827621536,38.28513056334535,3.230249859745563,0.6196540354195288,2.493101703365319
126,7,141.4644704345813,81.96894744196402,3.467725430340095,0.6619149324841498,2.579863418403266
126,8,80.39600454542743,25.943202326644712,4.561895600900451,0.8838651488908855,3.3810568482519856
126,9,87.71578465888604,37.9248384467662,4.99708624888274,0.9855775439124761,3.850531691202375
126,10,68.46768523365813,21.88431474517249,4.2618561070921475,1.1403699571857633,4.307733831591029
126,11,52.394098818188716,10.199199009691668,5.619757937511183,1.1759818791753913,4.635055885818999
126,12,59.56623389639781,21.81569201702157,4.954484789808226,0.7438675670581505,2.894960551413089
126,13,61.05286915415349,14.900083278093144,5.773774185445583,1.3052065517116889,5.332119156242073
126,14,59.72619432967123,6.270534635836576,5.632354053370847,1.1619826009286642,4.766293942936194
126,15,83.6402907362033,29.206092866140665,4.681505112296247,1.125691610532547,4.4163292191345365
126,16,73.67818425964427,26.704915566460524,4.607965556958118,1.34623671983963,5.1704014130608975
126,17,86.6184354445437,40.30625073531995,4.350838948953106,1.305989684751438,4.649009163329371
126,18,54.19707444064685,19.471932760477117,3.3153404094416192,0.8224338792948078,2.7916692685356463
126,19,51.88370721872368,21.029241517876542,2.733338546166225,0.7469614785567398,2.5255620518302107
126,20,74.49995014223222,30.9714260088001,4.076963381663094,0.9959297405537066,3.5224117037416267
126,21,68.9287782694087,21.64791312413665,3.0957053286813014,0.8938021310802426,3.045118677191618
126,22,70.79110780981895,27.529720807014506,3.314086608112848,0.7327730272409627,2.7532598080914066
126,23,66.74308127432093,32.33437521699759,2.5048995633815503,0.5626787183034838,2.1843768936879093
126,24,76.41456838433773,46.87397153255588,2.4307159108823395,0.7363773070315265,2.534434583734658
126,25,66.84628556592116,41.90210371358273,1.7501771659104062,0.5313938943627665,2.076124335954738
126,26,77.17873737142943,41.44772901960635,2.9015594668367557,0.7287761270973672,2.6953805576748993
126,27,55.10713801679742,27.13036158688629,2.6199476929343404,0.6691165122768843,2.3997103226226812
126,28,127.60179324392837,78.67488294107642,3.247057991409187,0.7676536802433973,2.920399063512635
126,29,159.84447487613727,126.1136850998924,2.030513013316207,0.5767359112380559,2.117424748199304
126,30,161.3274919119051,108.23738386327352,4.020604511363556,0.9952024952814815,3.7693065132452066
126,31,105.24897409814619,62.596683640418945,2.885564511758314,0.690523171760868,2.564436414821303
127,0,60.054005001441546,31.66852804750639,6.060464185940267,0.9625041211384655,3.5560517846786737
127,1,140.63847827901128,99.01156307388749,2.775089457339962,0.6047202280251502,2.318782956946609
127,2,58.03056142742858,39.764823043139806,1.4312434313271725,0.2973102331708559,1.6117661054856292
127,3,66.82011951203314,33.562615217508025,1.524814125668196,0.25533737445008065,1.5319612706344115
127,4,60.92310130463865,23.05632824072008,2.2947188662589597,0.417956010679867,1.9316272189078232
127,5,54.148121102485476,18.315980045809702,2.7764881759587072,0.5570361605639063,2.29387093516239
127,6,54.71224434858291,16.205529587709457,3.0779765431708155,0.4678647439967363,2.102248527509722
127,7,66.97323525340107,15.789114372647372,3.8342288676333514,0.5845384161119629,2.3926785571171574
127,8,54.12644618973653,10.082794470956365,4.563118667439253,0.6259016413675944,2.67625865546952
127,9,49.281387599340135,8.545023445192808,5.172363119076795,0.6920978931023694,2.870834223831097
127,10,74.33714628526894,28.45545341983551,4.142242350907429,0.884020193023737,3.3415421859493044
127,11,71.58555707385955,25.53895226496667,5.641809533410788,0.8215389965176358,3.2712809698183194
127,12,78.41926735791097,36.36778566660074,4.724301475914492,0.6881616317095016,2.686593263527883
127,13,69.30628326355956,18.7167789330695,5.8070836922857465,0.9530808721062742,3.7936261316460205
127,14,87.19208043010045,25.4234853775546,5.4169096654738595,0.8907953448297494,3.702583085367487
127,15,77.17920976977412,27.610071731425123,4.684855156551795,1.0600567711476767,4.169752613725877
127,16,79.22535091619517,27.728922436249817,4.516105377185326,1.0444601363556902,4.05285679163552
127,17,93.93764234147514,39.703431534969326,4.203372070843743,1.504397501783762,5.499747153905653
127,18,88.24545028738184,45.2736850185699,3.201027555192368,1.091242496679922,3.4851420704768823
127,19,103.47785315697172,67.09449601902334,2.7810515622036203,0.9212774279775648,2.9054839227069276
127,20,99.88894366846216,54.73549518702316,3.478295722345753,0.9140024016982657,3.2164201380814728
127,21,105.11872782378325,52.98231871212459,2.8143062132797994,0.9890699737417528,3.3740956352902804
127,22,108.62460131515624,61.372986105051595,3.1627198539488233,0.7573172591129151,2.776654175059341
127,23,99.22137674926091,60.93703374625321,2.639378576885485,0.6050451097491756,2.3280646472708533
127,24,101.7954671617494,69.7831527945149,1.819610548521449,0.44569367445736985,1.8934862776864576
127,25,54.32814210192562,26.827417004617892,1.5705374271751813,0.4780243009122165,1.9208797957954629
127,26,75.89366807271176,38.724975961203356,2.741013461596979,0.7711183446718852,2.7271049500587043
127,27,93.15544287394353,58.873095852040265,2.606899472028195,0.7244849908947084,2.554880508246295
127,28,77.7546150411987,32.281233095786746,3.26810765268,0.8528095903595889,3.0793707696797767
127,29,45.1078266848948,17.609363682033095,1.8072703107785195,0.5386879960647917,2.0119641836734408
127,30,76.46145799475937,29.069916772448856,3.7114000267570297,0.8173227252666511,3.06381791933378
127,31,107.30237206189143,54.50563727500694,2.764104100566698,0.6355938646391408,2.4300071596044863
128,0,47.489952902097585,18.376664548012347,6.185954663127852,0.9242267973736871,3.30147534513628
128,1,86.81593449687861,49.99710822473128,2.147349779064045,0.494337167921886,2.0263105712725875
128,2,48.02515853233301,27.53204832699523,1.6311665353949816,0.3429070171661588,1.715802400185064
128,3,63.76953592817887,28.8713685506922,1.6448310203596652,0.2126929085250875,1.4618894448911575
128,4,87.80858192893294,47.12132790442902,1.857564227625764,0.37447766022394857,1.7521382875669598
128,5,81.10727461431998,37.548858508863255,2.5061862613617283,0.6080879254473568,2.3082008803560052
128,6,80.2672662450826,33.27363160387692,2.414640150754046,0.4755924001412204,2.0693914104515123
128,7,97.54188851263618,33.25223515638223,3.2541875245322136,0.6569164905234981,2.4791579125038203
128,8,87.7882792014981,30.890799041189435,4.096220808631559,0.7327665816243556,2.7986459068980802
128,9,72.02832446336711,27.430735857394403,5.2411248102079835,0.8193389586700963,3.3058618156177526
128,10,66.96487020009171,19.10218121262691,4.111033444460369,0.9313269495249701,3.4387413075293
128,11,68.29041847921332,23.03600298757651,5.050903653506664,0.9842056708117308,3.777166310002817
128,12,67.80463331251113,21.373525993516353,4.424041653079974,0.6019305472964573,2.4377798447110974
128,13,59.75145061055333,10.630472555341933,6.008656750035542,1.1147038015458612,4.458834795852608
128,14,63.11392550239694,9.957516725344291,5.720041786779059,1.0114458252262972,4.073856791002919
128,15,60.62837845219253,14.926163005099509,4.827472827594306,1.1287630061499598,4.437066122142507
128,16,72.21060059645258,18.469241702489775,4.339430597482267,1.1932778401838036,4.510189049224149
128,17,86.93239253520588,29.978528743826875,4.348205619185711,1.2733011376543608,4.520493124491922
128,18,79.3010644610838,37.158302017005305,3.3902300498036984,0.7765222507379188,2.735743936055668
128,19,78.08064462703376,44.372094933519065,3.023523151044844,0.6925018216460548,2.5014264944270836
128,20,93.9535855237537,46.86405390807272,3.6475087596729105,0.8213899438244132,3.028235584132683
128,21,103.16346786980677,46.88967206715196,3.1130980946903364,1.012279662952177,3.3825606547812397
128,22,92.10372225861094,50.12947429066169,3.4252954730638008,0.649368573364332,2.5409533375825024
128,23,98.77947135109999,57.81855823782956,2.6839055214363547,0.5553194657182079,2.222057693674276
128,24,100.26161267765389,67.37027256988299,2.38115980914609,0.6423781241529314,2.3421478705301633
128,25,58.63950397352494,32.46391745694259,1.8123060656978005,0.5393448824145515,2.07948301774098
128,26,79.46595620153977,38.10631156431694,3.0216295442524244,0.9099339040650696,3.122646131857681
128,27,81.40028734101469,49.73109356420482,2.8440688610826594,0.6370981992651634,2.399179649136564
128,28,79.33226666308052,32.84568844641212,3.288274271741515,0.852930282237244,3.113243618015105
128,29,47.89183358128119,17.954904137511896,1.997723275102294,0.7143230989201377,2.355268629341567
128,30,84.18420843383427,34.51331932743681,3.957676332030087,1.0320587181497736,3.8898081686547226
128,31,107.21412631461571,53.14498558165366,2.928330729568489,0.7576946772289253,2.724771477950747
129,0,54.004622451569105,23.990855588909625,6.400043546802243,0.866281503916607,3.2197027113481145
129,1,92.59807453572355,55.98616065764643,2.398823953025193,0.5121055259878786,2.088837389461544
129,2,46.32845686958065,25.511921321237736,1.6507341617346523,0.37233071795138084,1.7875636697689192
129,3,91.7189338111977,55.65032407196338,1.9917371758983942,0.37384963385894876,1.787183311462143
129,4,109.1823872214268,63.86032921653695,2.7386459033889876,0.5953215699031977,2.337900650815958
129,5,97.16700838374317,48.24637399441404,3.541084766988763,0.7476352386395222,2.844643506117629
129,6,151.947374612945,93.90808161515994,3.8433676729088786,0.7056302358364368,2.778710339253094
129,7,132.83858432799596,64.46792489662344,4.4391518962033585,0.9008456789532664,3.3616968915038496
129,8,110.43343207131369,46.70436573124771,4.867345980141579,0.9793100693130876,3.8091235408745687
129,9,79.36401842978893,26.391819237322085,5.353134596207555,0.982822680124027,3.9472846163981044
129,10,81.45221235692574,31.95441044483305,4.662422728152383,1.044487417119326,4.119604618169266
129,11,67.9118520791173,18.60557000463469,5.847305553095496,1.0051454666715012,3.940479447530706
129,12,92.15180938253957,38.306812255167934,4.994000758997627,0.7197458030869326,2.873271959063365
129,13,65.03042668876348,14.632487577895253,6.264576619834939,1.2554689180373506,5.064700224568622
129,14,86.04032839252861,25.534074985489355,5.712350505498378,1.159165226410595,4.717084557153604
129,15,53.434017835164354,16.190355387705562,4.773116757113498,1.2133082190735625,4.65280967991956
129,16,56.335905232523245,14.515607361513213,4.584127775083868,1.3427299889181095,5.028207158403031
129,17,54.75579745724086,12.574679282134369,4.7079768745030615,1.1902376201215743,4.418713044756303
129,18,43.12133810118524,10.78473338626706,3.3893731524059314,0.708388778737314,2.58479668571059
129,19,39.33682898379621,9.740130418815735,3.2824025510792847,0.7346420871166783,2.630055270961869
129,20,56.059329619699525,16.23918512811173,3.9462839765143256,0.8803469326462485,3.2033570650604006
129,21,96.03728340674078,44.609462902765245,3.4088032057352535,0.8377512228936332,3.0239494939089973
129,22,58.690616690469255,16.202356928019874,3.652260384873132,0.72430256905356,2.78294422698165
129,23,63.14346974285567,22.15095325852834,2.8326145725086196,0.5336982665761267,2.181860427519321
129,24,79.34965790933988,44.43341194932037,2.170949335788875,0.5257611179940991,2.0671013320069127
129,25,57.95862780533933,32.50039476833622,1.8601027617117134,0.6390778985713272,2.292802067350303
129,26,65.14229912249604,26.193986557420217,2.9402448396206036,0.6836174610972985,2.5765120985083065
129,27,73.311240198478,46.28888536414352,2.697827058578912,0.7849994591331639,2.6763331790530223
129,28,53.61234915260759,16.303902674939472,3.486801123197191,0.8335196152819728,3.0020257442695324
129,29,40.6925418077036,13.150505097175994,2.0325025394314515,0.5008926762192081,1.9252376331597865
129,30,65.01429865125888,16.603221224997988,3.9280643368348356,0.9030212271508402,3.3069093754119123
129,31,79.01105126450099,23.725610168449172,2.622824992385564,0.5874739041861967,2.2959446979921365
130,0,49.6150031875508,20.91756966275213,6.0226868783383924,0.9750841821970049,3.5855535839368877
130,1,42.12513068180456,10.653057257088928,2.3458698969746012,0.536155962626252,2.1139794545171386
130,2,38.73230752768739,16.987005921754832,1.2380279832401657,0.23996251307795347,1.4734609312731184
130,3,43.91700721791044,18.16258907617314,1.6764671890631746,0.27434665644030454,1.561690147003619
130,4,72.24593268675014,31.972801679765354,2.1525487207676663,0.34519536072938495,1.7713482108203533
130,5,70.28338981401265,20.958351718997086,2.8063676940485065,0.5232403172962146,2.1751349403879856
130,6,120.26710689175586,60.7726269234851,2.7055908311396513,0.3333744486592227,1.7748902949191747
130,7,67.46126404547053,8.449489270809437,4.126976973763421,0.5206212565670345,2.2607747199163586
130,8,81.99511110801052,18.933260237939017,4.336383729497444,0.571838649453456,2.4371943793114235
130,9,52.99221638990947,5.482064135894965,5.244717684885492,0.7999170740246706,3.200755265178554
130,10,61.11620550926004,15.87276029053534,4.233307049116187,0.9134195441025046,3.490741837295462
130,11,50.44046442883278,7.911178396730437,5.511726679720994,0.8340933671800608,3.2665481962008087
130,12,57.30803169186984,10.610556047366359,4.831172884248718,0.5965041884863505,2.5089141692740755
130,13,50.716102864146144,9.39913720250463,5.79761175880053,1.1445109713080655,4.524842426391739
130,14,51.099691536950424,6.818483374746303,5.2056978067009485,1.1896911129993315,4.729656725648161
130,15,50.17787086194758,11.841372427672606,4.709569797458153,1.0511190177181096,4.056965746994076
130,16,70.7018143126434,15.740189732164316,4.265018738099291,1.209393051969606,4.340288696665825
130,17,66.55527029894031,22.97163127716094,4.631966115792336,1.2092465150459741,4.356533963397429
130,18,41.08851187519251,5.238926358290801,3.7806359084873917,0.7608088344520509,2.78204948978824
130,19,51.01552389453174,22.539221538033363,3.0285513896822587,0.6443461126907137,2.3294173816060204
130,20,53.919812004539885,11.78910627042771,3.6823668505509226,0.8561592159721596,3.0086216681837827
130,21,38.851846841390355,6.178566660522782,3.6836410557321937,1.0008908620410741,3.4719637240822636
130,22,45.79509633964314,9.806015203251448,3.6928056725035674,0.7341086942746671,2.758607570674876
130,23,43.46405375312399,15.08413664496295,2.796410506470099,0.51172413456317,2.0984433050747384
130,24,22.92330181591423,1.1186067052757154,2.1514165874941895,0.5195237232742174,2.040616304244151
130,25,30.88546567005588,12.657999066355652,1.7659429144337242,0.5895024722879989,2.156673067923406
130,26,37.40760143401686,4.479649660450625,2.7234070442533858,0.6162569046295765,2.370394537080237
130,27,49.40532384127317,24.088174701252118,2.791620429661446,0.6599186676508211,2.414627639658356
130,28,46.35734577415805,13.722194498310307,3.2768902548837544,0.6873552466523005,2.5737648264616197
130,29,18.862953623678145,1.546097000612301,1.9616499765864939,0.4773294388561826,1.896029052471775
130,30,25.116016551478,1.0816726360444757,3.7511177298837173,0.8360176586710817,3.0352867319113117
130,31,37.49745381332605,6.6139669021974425,2.6219487342229284,0.5773881049944176,2.2447581409215367
131,0,31.751589471172835,7.015208122984841,6.280618665005322,0.9428361550258835,3.4156931060776703
131,1,66.77152202197527,34.7347160216253,2.27458524354648,0.4870143675799219,2.0231760386893467
131,2,27.846022574494302,11.687889036368855,1.6572205048582638,0.33310956052614404,1.6762568223598977
131,3,53.902494589029054,19.669422842171567,1.8515140877021432,0.2784107653039012,1.5602177312248595
131,4,56.872650493546644,18.578659657963065,2.2074020636448957,0.4296730035964629,1.8792196415200344
131,5,98.9872716295838,42.1637200997572,2.4659214479869163,0.5180403129411038,2.1243018968562413
131,6,59.26559665719955,11.576580490858447,3.258914332484693,0.5541750508161378,2.2966152323611966
131,7,82.88286532500922,20.072410629357943,3.9015365083375717,0.5441905085042964,2.3164099653906693
131,8,63.89508565770702,14.439368797341029,4.332183628646668,0.6789194722144902,2.704702692142309
131,9,62.658878799381505,16.783600270280992,4.834249977310561,0.8087046444671806,3.1858267138324834
131,10,77.49396448669467,26.090265585136493,4.2733110996926555,0.9718657028315221,3.7050773328557516
131,11,76.53488853617954,27.900124700827412,4.8833391999043965,1.075428092764641,3.9744122606855186
131,12,54.46206292225841,12.415548255131908,4.5622080455404,0.5836883863832165,2.4312587898830267
131,13,61.236457082695594,13.966530558252288,5.190097763132886,1.0302282113409014,3.9795427294665555
131,14,61.323918179342165,9.599180263761973,4.562600688748565,1.13485310993818,4.314176993774224
131,15,70.50265120073576,21.213054254714386,4.424815878540075,1.040513622674526,3.9385141823670007
131,16,65.094956168269,17.319395301698158,3.892485034040421,1.0304351917547372,3.664136647472898
131,17,79.60670779751271,30.586742558698216,3.9619354209579543,0.9513378543910589,3.3224869632666945
131,18,67.20653922925786,24.057630974473444,3.100412563640263,0.752502653098523,2.657083323690802
131,19,39.95749982424214,13.990656197995854,2.3573383015150906,0.6119971560285493,2.2267206272395885
131,20,46.23253595996225,11.736299890498717,3.1684160401636277,0.7358013215923194,2.723830086693758
131,21,70.86148028864844,20.83927198283025,2.999233013581196,0.8383947234903064,2.9219018195698183
131,22,46.983366738297384,6.641531399859077,3.094721795422344,0.5312409232782738,2.2406894470210794
131,23,52.879605971460535,20.353837568299884,2.327360751514844,0.3905863023992624,1.847755272139992
131,24,62.80288600033988,25.67144286754821,2.2681924969375693,0.5298561892162637,2.124634226445328
131,25,30.99090758914599,10.276974916643034,1.5753178989009786,0.39152912679019924,1.7879302913894128
131,26,54.75907139634353,17.022502814625742,2.564730398420065,0.49265894215220385,2.10069784445237
131,27,49.55921959015772,16.894370824825938,2.6134175455928235,0.5862813948425263,2.203735836813453
131,28,61.574140884995785,16.514831859221154,3.380072742068176,0.6489271320414867,2.536917127423701
131,29,37.64677891611103,8.944100780329835,2.0631369276341722,0.5009142598063079,1.9935347415488023
131,30,47.311854685795836,6.473102889663219,3.952659696597205,0.7368343781189055,2.876664595549193
131,31,68.48952580738356,20.830594369953232,3.00557404315526,0.661106253470241,2.5019505223525713
132,0,36.88168688762186,10.942905846715208,5.919430927888872,1.0100797845716478,3.5899843627660304
132,1,66.06266998353573,39.488828077718225,2.029054675182359,0.4321596957672682,1.8923202003792177
132,2,47.965174169404825,26.938411840514494,1.1872064785207526,0.31384065348352674,1.5940219360890169
132,3,32.21618677190967,7.6318546774740845,2.035846547159807,0.28618010456851417,1.5987872614769687
132,4,28.10002533039541,1.8283109794489978,2.157983263309214,0.4045702087912266,1.848591373521664
132,5,34.09988599919655,6.216826664976924,2.4187683862657066,0.5537337400772158,2.189711458777323
132,6,49.634575386522044,7.375491692531705,2.926866948429169,0.6314101682830704,2.3768473653158066
132,7,33.819059893290515,0.5522326133533502,3.944399544074246,0.6409189494449627,2.5466707443813807
132,8,42.06003486391194,0.9386541890751323,4.38204312821372,0.8371827956854965,3.09401551485997
132,9,35.003435304408896,4.749030222653202,4.861493838523608,0.9292629676869764,3.584620127298306
132,10,30.814641581482178,3.3174986440693326,4.143365837423842,1.0014095079465068,3.7767286485401024
132,11,36.24190959461434,5.9239347371097715,5.260260505818,1.0548220718156376,3.997392060388749
132,12,48.19263082510487,9.176105022433575,4.631795191134014,0.6334337574741316,2.5281670742054865
132,13,46.37520790414986,9.610769992392694,5.380733001229213,1.0085208001901727,3.8929435074338787
132,14,51.29057040917638,7.935143605629689,4.4975596668496225,1.2589216383834705,4.6953478778583495
132,15,39.21992311050621,2.205887841153486,4.463491387418265,1.0544883435529018,3.8932529364859674
132,16,55.72325549998189,12.554645550760988,3.8000066063628006,1.0249386067612027,3.626794578443925
132,17,43.304121003634876,9.673851381656004,3.8834892732266963,1.0849173920066066,3.7164382191514527
132,18,42.89541526643128,10.479396067806443,3.092030328005454,0.8760513370493874,2.966048995356181
132,19,39.899334161253854,12.95073547210513,2.419200807253346,0.7292258275878507,2.444713628515615
132,20,34.45735358401538,5.764344774132041,3.3002588274501035,0.8175951700247905,2.949551234771755
132,21,55.3516962843182,12.766479533646441,2.8585437784627996,0.6824719888056197,2.635024643172205
132,22,45.912837002490505,8.174230371282018,3.3614472716612345,0.6520479997190143,2.564415401103981
132,23,44.67758437362296,6.267468912239879,2.8161058518544184,0.5417690757239946,2.189681121840011
132,24,62.89958109492768,22.566025375362713,2.261953182938811,0.552437340980227,2.146480792515115
132,25,24.190915474011145,6.829698052081544,1.547040109176806,0.4473692007700769,1.8692249249761763
132,26,34.94069548563695,6.441325420902952,2.263100687130669,0.468052986812038,2.035872917698018
132,27,35.273484727897475,7.867777535831944,2.519893429403275,0.636640465544152,2.2926940978966517
132,28,55.66206368966344,15.397564685262472,3.1079788059560216,0.5825644849434766,2.3291009083715
132,29,23.576854290404782,3.062435736895063,1.995058715012279,0.5292463332783393,2.0250767430896075
132,30,35.16124969953502,5.133414177092903,4.11072021188216,0.8440010208376707,3.1711550923396157
132,31,57.80940679380626,17.016023432664525,2.7478034628636983,0.6963830843156913,2.5417276700902045
133,0,21.122572053034254,4.589086546520305,5.917442896126097,1.0409654228229464,3.694989705253146
133,1,48.68216725884338,28.002151798222833,2.144943272829658,0.38061145585286305,1.8131108366628785
133,2,29.905664373658894,11.017193977239586,1.3987916698050609,0.34732543032915864,1.6956083257795809
133,3,34.91113025538232,8.178619091065476,1.6541824229101338,0.21915223475946033,1.4726860372884796
133,4,30.15260208865299,5.939508538019957,2.248891322769742,0.4366841790852143,1.8896720267681697
133,5,35.28905117708695,4.9558396931115904,2.7449039911219213,0.6889786074865052,2.4641964033157695
133,6,62.33261800046628,16.754325370613504,3.4448914277217018,0.7937049313433846,2.8033494829826835
133,7,48.14344694771556,13.461512196296136,3.870778575768218,0.6160721429551859,2.4969822313120926
133,8,50.62027432125399,8.834878022277667,3.878588287354381,0.7609508356951196,2.86091202228253
133,9,58.791722836165675,13.86384511977959,4.868831093574012,0.9966587671714118,3.7712145586943104
133,10,44.162056464982115,6.497456793819907,4.058956061625592,1.0376471857003136,3.949084286050312
133,11,43.53433039023524,5.701627593933482,4.682573664653122,0.9927758393872876,3.733760647522177
133,12,48.292510915751265,10.84290065447157,4.1913763306658005,0.597872704206587,2.4337673318158686
133,13,51.00455519360809,12.742553355518712,5.467496428054682,1.0015133660161304,3.9877120984527483
133,14,67.44264515853645,17.144840953791718,4.815375833892773,1.1787726579263023,4.427248925138143
133,15,42.850498610665454,3.4299337071687215,4.396583055818053,1.0178748514907925,3.800376142906765
133,16,52.08895448296259,11.674478773937889,3.547574164594962,1.006311000794272,3.5737868962150943
133,17,45.96681513846528,9.202705471419316,3.8758553737566164,1.0347075330632425,3.6116061145716567
133,18,35.61069910370242,6.127869446233846,3.2636312797045024,0.762486891561263,2.710020557682884
133,19,32.214620505314976,10.079192276820137,2.5640070754706397,0.7274499504470411,2.4505249125913537
133,20,61.77509647134994,22.988052876368073,3.133175171411131,0.9152289258688571,3.179674704159019
133,21,67.94217808445467,21.527990893679664,3.1883362086399916,0.8660158170913186,3.136572944350877
133,22,49.59579368216074,17.51863551321708,3.1819075691786773,0.6905254069413367,2.6034226963202634
133,23,55.08938620910702,22.231920276032046,2.491457649287251,0.5383027505722291,2.1007068248315366
133,24,34.082491104373474,11.91888120742211,2.0102828163504594,0.5731061030867344,2.1246398282730588
133,25,25.53671823696512,8.992544868580977,1.4000668749004934,0.5540820512295741,1.9826054481454656
133,26,42.10515244855404,12.178402159997713,2.108047997429627,0.5387244252883194,2.136122741984276
133,27,35.55643393893424,10.999744718250053,2.2189411521708795,0.7072881422086654,2.373477892602423
133,28,53.42199510547127,17.337869679121518,2.943453945433666,0.6516409176716658,2.4534260948450863
133,29,26.13019451617302,4.463222513420251,1.8768915338300491,0.4295921757757597,1.8096638454768428
133,30,40.08763229316717,7.081507494380363,3.580793386870942,0.7166643619453885,2.713156164225006
133,31,68.78480714713763,33.1098300847368,2.6195114989347448,0.5952227246586372,2.2994876604614762
134,0,44.6635095958763,16.130569622276536,6.186160911664318,0.9596409573589302,3.417699132305624
134,1,63.93719770333096,28.84938359616064,1.9098989176165202,0.438536116287231,1.8597365266649617
134,2,39.2976479994973,17.1002862273476,1.5544151075543045,0.44703935003614803,1.8658797476981324
134,3,42.01819540104506,12.578380295847317,1.9010428070770684,0.24820675312416474,1.5269847162688022
134,4,48.17694116397047,15.994197492965224,1.8779661877831852,0.41717016989868094,1.7928869957837223
134,5,52.53451007170068,14.79732230656285,2.831325009161882,0.7312357750737841,2.607278193216627
134,6,62.96024761831026,19.077713685637328,3.0049976828551714,0.562648692407639,2.318735083330122
134,7,56.940759815807056,15.516638900734641,3.9884732901898734,0.7422714742192622,2.8167248075515423
134,8,74.11233011843782,24.88171845127466,4.051305464751016,0.8936434902057222,3.223966978216525
134,9,67.68738061897162,24.643420433692675,4.64235481228577,0.8597482451922396,3.3989480529381253
134,10,65.38960814608014,24.007330194333374,3.8023946502076864,1.0026751023229936,3.759111216238327
134,11,69.74378526670246,24.459487615111858,4.512073903900801,0.91077071494579,3.4430091614382086
134,12,45.588783652641936,8.778907829850107,4.165549794771856,0.5937480034728564,2.3934523135670847
134,13,89.1234247964274,45.49482999988624,4.695319152140528,1.0816847790772908,4.078826460411113
134,14,86.8348515604279,37.99823343941793,4.2956053792143996,1.2152104444363152,4.472367264993485
134,15,79.79030271251504,35.42881817971796,3.904450656287417,1.1073536744622157,3.945146160425575
134,16,78.16145553210191,33.86631515979258,3.5347840006537727,1.2853029231301032,4.498150744899184
134,17,52.46306270081605,12.930536627764074,3.7740292929382604,1.0318249311864638,3.55341031134831
134,18,62.224406555940675,25.846055511940538,2.92493518537666,0.6843450901600998,2.5353994301989027
134,19,31.533930606963608,5.314785080670537,2.244079233386595,0.6372245381854067,2.269699605788592
134,20,52.33346983623134,22.02141371976149,2.7050703886542147,0.8442825937455973,2.937713323585428
134,21,83.16745384080666,35.99129647355803,2.461694535997858,0.7291475750258654,2.6564749987696974
134,22,62.64374343216802,26.757445785185382,2.5073539646153926,0.5560850203471372,2.202353580666083
134,23,57.06345909728515,25.845929501585232,1.9127809717123108,0.44594118336362776,1.9182900251479336
134,24,45.63150161016677,15.763789448984097,1.7105021788161245,0.585696128792462,2.107468227480231
134,25,53.15999891760566,27.715987832682178,1.2745259331145018,0.4398043437723871,1.7878648374180732
134,26,57.72887451785553,17.508969925276325,2.1951729646386657,0.735686095473473,2.511315475227388
134,27,56.408748886647246,30.74518473564791,1.9598148730595972,0.806772146019632,2.578310211946304
134,28,65.16384787039465,18.939073794933314,2.320067101409422,0.5267633230885052,2.1302220691301437
134,29,28.846652997903636,8.476139959739434,1.8393841020000077,0.5262962417637522,2.013843602194336
134,30,35.573447536161524,7.400636529183813,3.209907776487139,0.8518602352111753,2.966160264743868
134,31,72.50957182113842,24.609796805614938,2.405519637962871,0.6044944776350434,2.272013799276283
135,0,23.477753530655402,3.008561568736545,5.997685003910979,1.0109336472929247,3.536440816011453
135,1,36.26083668043381,13.992793882419464,1.9438693506486033,0.43041758663126783,1.8792419747703728
135,2,32.59745946325149,13.92119688033118,1.1408651803554866,0.353651652068532,1.6494808029345167
135,3,38.23679115817137,5.9318407620119675,1.4710181830443119,0.18588082670518724,1.4157271828383917
135,4,48.66240402590478,14.911582659247937,2.0909673263945017,0.5117160012670743,2.0163731834043883
135,5,48.73078065072791,11.220459830391356,2.795344242493603,0.9351522456748693,3.048016103630406
135,6,74.26960250143715,29.328280180910347,3.403398732030688,0.8348346080687299,3.0166872750226075
135,7,45.762767488392505,7.827711325109352,3.732186543887294,0.6605241637198569,2.6048690224814064
135,8,51.44526043109903,8.566655662115743,3.9311853069789047,0.8957691193303328,3.3122178741335344
135,9,61.10047481403642,15.214796411451418,4.6921229499278985,1.0083739797833058,3.9363804067032784
135,10,75.02383504932965,26.88814588858321,3.952050447990379,0.9998374192077257,3.826711885290844
135,11,77.94956675461391,27.31554913178169,4.890665212309464,1.0910135167103459,4.101997432021747
135,12,92.93745451745593,42.4160718587804,4.313569901205529,0.6051596997478335,2.482151515532003
135,13,55.816699542527665,13.918084115189783,4.690045093833693,1.0157193476323192,3.8110795165720415
135,14,71.76662442370426,23.87567991434095,4.161430794692871,1.0472109029822896,3.830342548529522
135,15,107.00864927642552,54.486303984429355,4.4340906853153585,1.27674560590137,4.767479798581881
135,16,90.83984224455205,42.62868721322364,4.1839937832433645,1.2441346299689204,4.478604168342321
135,17,66.51866557211163,25.198572051033572,3.8948035623563912,1.1387036187254713,3.9275638820598173
135,18,53.33769060676421,19.958476762024638,3.1335760723565054,0.7446420798199411,2.6902266646047712
135,19,53.30322560619503,20.547574520310796,2.3268184034960906,0.6715903868499074,2.375559198924664
135,20,70.8862708834713,30.842573051232684,2.9717311821756462,0.8933691816534153,3.079760076298025
135,21,65.95006724191006,23.178653883702857,3.0086749284986225,0.8182142525258165,2.959230218463608
135,22,84.1766282186459,41.86333757669304,3.0799726867038695,0.7329265998556851,2.769735184348707
135,23,81.176573589151,41.506237926508675,2.1563437147267357,0.6077759515373589,2.2530886237136256
135,24,84.29567355762384,43.149342653224906,2.2239988670954425,0.7433587461181457,2.5195239238299867
135,25,59.71954224277853,31.71836050154181,1.7838409640280688,0.5136324444937974,2.0191201877996967
135,26,70.00056496226684,28.89471027839361,2.6220887275753797,0.7194976731370013,2.5991920675588656
135,27,70.08196782220612,36.52581605024846,2.4542564832856835,0.7151975339186514,2.474186429520853
135,28,78.69486664780608,34.512492959872645,2.985354045792941,0.7701804917484534,2.8480899635172214
135,29,39.73283482410816,19.14177488636171,2.1613718394938113,0.7213676421674049,2.4227936189060166
135,30,74.41021687391677,31.30841758251464,3.922191741119579,1.0393819127865607,3.8082129585258824
135,31,63.372181343680104,23.23521392272623,2.772418518317566,0.757290113623954,2.7088236528924248
136,0,47.063293808525344,20.039346500724292,6.013930207114618,1.007933384371099,3.690146293557025
136,1,89.34842795284274,54.777489317877894,2.3175678848874353,0.5510811671889555,2.187143572992221
136,2,49.98423166942825,27.49847980503507,1.3928012088369615,0.4966841101931019,1.8906561184311892
136,3,57.55981659828828,26.857804567388293,1.9134865865156478,0.30034267938011316,1.6399787606393623
136,4,55.62923126205531,22.571647922813863,2.2621679753838366,0.5554404139940523,2.1303742275526534
136,5,84.26299547988201,42.62478137105727,2.8122148330037886,0.8541295400390005,2.8767263361586544
136,6,69.62488170640465,24.634153723715084,3.4461986744622424,0.8506849640320455,3.0078558649291254
136,7,99.11153878843004,44.139501013734446,4.099554670196918,0.8599015012656981,3.1796304221659373
136,8,92.90685148367666,37.048166815985184,4.095938016109636,1.1545498950118906,4.047585229943446
136,9,95.44656786700057,40.438777722241674,4.896756112968154,1.1576112132921814,4.415661732536159
136,10,103.76317838893647,48.50619937449094,4.216269290116909,1.3581376218527748,4.999740990152307
136,11,68.68113185304932,20.11353434965958,5.240318937648241,1.3329169256078766,5.092416330443057
136,12,83.50182883275843,29.279851091016376,5.270114990735314,0.633971497559461,2.6772009107950043
136,13,63.98492450155438,21.14466518635429,5.0557680129356335,1.1448594599177229,4.271928757027794
136,14,69.2451210834179,18.168338566796677,5.156581713373123,1.032082202834987,3.9674730693411755
136,15,61.22013178826816,21.314807425535005,4.089004444915995,1.252636898671371,4.449260698186706
136,16,48.345934754026786,13.403497826259127,3.7941307351166724,1.1648072060194998,4.120148476447042
136,17,59.29875300340192,18.73739815457363,3.5494046642087618,1.0233974797764187,3.5259208769530423
136,18,45.317663167277765,15.23383143145735,2.91141665683276,0.739525666701589,2.5788157903940747
136,19,40.38727373232105,9.625342051666262,2.300108558353839,0.837374659933154,2.63449026070337
136,20,45.34725592795105,14.21969000384983,2.9566893334564734,0.7235526942742294,2.6400847859409766
136,21,69.88180133085146,25.95207449367918,2.9646203648575513,0.6518910905069877,2.521143703688234
136,22,72.16060849155718,28.97087615593999,2.550186492510445,0.6156466837046515,2.3239730420392632
136,23,90.0782312764893,54.6527344535011,2.3721907599883503,0.507155975660396,2.0743359135844996
136,24,87.98572320060674,47.78405955306905,1.6189214469978852,0.4246312391396021,1.8306283241720271
136,25,51.23652681865606,26.726779424189974,1.1704363087285095,0.36387030673433873,1.6652794072243489
136,26,59.13819752154047,25.51577811816066,1.9884239357401872,0.5002389665970361,2.0093589956613744
136,27,59.15032805404447,29.616849012362767,2.1036566170973057,0.618429535928156,2.1630481693150125
136,28,79.144587502094,31.921349639992602,2.8126975431051013,0.5156508804348148,2.208060842079562
136,29,46.050595566095396,16.760806135711785,2.025160594456101,0.47760546627488587,1.9477627620893174
136,30,81.38711824449413,37.44949389369965,3.734742651938914,0.7230893494555612,2.7600181563628627
136,31,89.3123349962431,40.10321425336614,2.731839616088663,0.6441378300457337,2.4339333828385734
137,0,35.95913400650968,15.681552002771156,5.855523395110396,1.043259099746904,3.714129553134759
137,1,51.49013288082142,19.465428426380573,2.1848006687448756,0.45209797312366184,1.9491862208604787
137,2,22.162194559742957,5.207133568261411,1.299784563401479,0.4003638590669003,1.7420006742980014
137,3,27.628796358872684,5.510328834528483,1.947167122068091,0.2722992306282985,1.5986068901441342
137,4,40.17877461655197,7.643617122797041,2.114093234849851,0.469446100486111,1.9405255951902134
137,5,60.57510206706422,13.738931290073847,2.806811301369639,0.625309623058647,2.4602919109767516
137,6,45.94988428651963,10.301038842322704,3.654128402537641,0.8590475441000751,3.068251100504153
137,7,75.71633082151004,24.618615036589304,3.8277964645631504,0.6212512866530084,2.5410518938592093
137,8,102.70108758535022,40.55907606320378,4.606716592966885,0.9136308285364461,3.4323859134220984
137,9,92.79606853455935,32.776110708315144,4.912419383169377,0.9440626856001462,3.809414615223738
137,10,104.02301268486308,47.15401792394289,3.80928454122154,1.0641211984904557,3.9507049295300543
137,11,55.906499209649326,11.56876630362331,4.674572898222225,1.0836982314989445,4.0096776819257425
137,12,124.93997661713993,70.56651616542976,3.8911784743026603,0.645862160042622,2.5008023849536314
137,13,69.68623782982644,23.960645636673057,4.579994326395134,0.950954523792757,3.6199681433600186
137,14,58.37890454833894,8.359670985771368,4.1889345684854735,0.9765486022059928,3.6449792689907907
137,15,71.03957684740715,25.14291094099791,4.125958911606679,1.1128875540641765,4.088032950238887
137,16,76.40389716821122,28.961499219717588,3.9932470100291613,1.0418779708882888,3.764952612544186
137,17,49.95350134746445,10.08555600744836,3.9462632375648976,0.9183569805918719,3.3209557112070303
137,18,50.491093557368075,18.520474088808058,2.994973596255897,0.601843903473509,2.29517045846287
137,19,36.75691378954643,11.751730827068412,2.162904232983371,0.7048816084287766,2.3141251326924355
137,20,39.419491752838795,9.453678170299167,2.6619711860019226,0.6979303611579697,2.5714668863303247
137,21,51.89274300887009,12.447610187008618,2.6381467562343333,0.8195763196177244,2.850082209734307
137,22,37.56391965934853,5.9214476731670915,2.3485849013113747,0.5935871005645419,2.2335826741430584
137,23,57.09770423887063,23.18321496739214,2.1316186906929397,0.44400553793595554,1.9492469955011515
137,24,24.127793077000483,6.020252656639551,1.682685612053878,0.5037977286197459,1.9579693840630144
137,25,31.041356399562474,15.559520553593238,1.352547039381494,0.4978692111880001,1.9327599416928958
137,26,35.67611801405573,10.001724745867929,1.838604137584691,0.6392489110891779,2.2158308616440907
137,27,32.241083223536506,9.622848206201397,2.0206787328070277,0.6957125887940414,2.3391932653893317
137,28,58.474287020725136,22.1508221116473,2.64944217514871,0.5816991010941557,2.3219775362806327
137,29,35.969794235840546,9.620801468389946,1.9331944192858725,0.4553941299807063,1.8647629949819984
137,30,47.46549832743305,13.388283916824031,3.405461632330994,0.6800429876913019,2.6120308501630944
137,31,84.58477035472032,46.774327406122474,2.7325942589385965,0.6695945945686272,2.516996528922795
138,0,47.28463686642203,19.09673126744836,6.581759250464398,0.8965180652014464,3.244867210262772
138,1,68.97349066611068,33.60567289973328,1.8836783057597701,0.3631826743881197,1.7498311260678938
138,2,34.40951261803303,14.4995260371947,1.1224563286555527,0.31218492526830177,1.558728370950387
138,3,50.57077978896844,17.24890567260232,1.8278262193956385,0.22530119826225237,1.48205660964962
138,4,41.73926139573429,11.877161368550462,2.2047441374846573,0.4394410410119285,1.906413546343486
138,5,47.59682884966873,15.695387296332068,2.477269624218754,0.6332223898998284,2.342029405949383
138,6,65.83975512751405,18.002367075100295,2.9117998367850983,0.6000676264484546,2.38188817485793
138,7,43.60951093860304,5.812870325121715,4.048690358309583,0.6017413479265201,2.4862582588317723
138,8,65.34416167215755,11.664226524525349,4.056781956773433,0.9485763754264394,3.396717097019922
138,9,65.36988853501092,23.11478556091667,4.175859263605108,0.8308922991159005,3.2078241828481318
138,10,59.16906655224528,15.616801059143063,3.812891140483049,1.0600970482587293,3.8656932054580757
138,11,46.19749247171974,7.188848276322201,4.935568439988776,0.899088986620102,3.423789312247647
138,12,50.503211985681965,10.931440367535298,4.180135828875529,0.5974087892562459,2.3929364191154208
138,13,40.043542062514575,6.526406897034571,4.678347659108223,0.9461939504673236,3.53737527380315
138,14,54.36042997738302,8.734551028636185,4.056025958542217,0.8386586176534596,3.124951194469616
138,15,49.78890197772396,10.069930046781314,4.060921748761123,0.9969753820510023,3.62816117939914
138,16,90.80567369143333,40.56042859697777,3.7053752263000335,1.0134027314319387,3.498288316126716
138,17,69.37774728599558,23.109325412760235,4.028135712980707,1.0505174326168598,3.6082129939286727
138,18,41.0665342352752,10.703561972283834,2.647336960680473,0.7009601637557217,2.4374236561882894
138,19,63.68153212459958,30.36383632196954,2.5419093408206486,0.65726781234047,2.380362725307275
138,20,78.48090457166262,36.848300733073586,2.991371340921722,0.8197133228648039,2.8279361181340503
138,21,89.78993030998538,42.91929450915427,2.261399059520326,0.4787725754036303,2.052569619022198
138,22,84.40333027814961,39.074088611279684,2.3659575113252163,0.6633774901284144,2.374827224636038
138,23,100.36949590522687,57.65339217637846,2.4509076373574747,0.5592872153704844,2.1480196062091443
138,24,114.47235766717158,70.92661830519013,2.1894774265319894,0.7539662950679844,2.505456608921
138,25,65.03396754758867,42.65811361214111,1.6760515334779362,0.47578043697293015,1.9031061513007794
138,26,101.32712484954425,59.445775118478096,2.486882030177754,0.6579828785431459,2.389318922859359
138,27,72.2342654764445,39.79363484065442,2.3329821439793346,0.5535574948064426,2.097825440324503
138,28,100.41485661791836,51.55703826210934,2.7245833574707135,0.6493909586733397,2.50439044487119
138,29,72.10704597621981,40.99734552922181,2.4353203632550864,0.7715347596404092,2.6009659635828526
138,30,84.2796965045413,39.04336492954769,3.863848731240933,0.8934714237555359,3.346511637849228
138,31,96.0685296149436,45.86941300129321,2.9012673360448815,0.7909574196902236,2.7913951313992293
139,0,47.048558307017935,16.940837608332586,5.9822722772103845,0.9985737890348529,3.626458889656325
139,1,63.73842604235876,28.09884870195351,2.15725827286208,0.463172756283174,1.9725286340395318
139,2,30.802026774978547,12.651698706962181,1.3511599670946102,0.3817385694196036,1.7274985213534562
139,3,65.65405474238804,28.50325501965825,1.6582786279636506,0.2697396600000097,1.563537049538927
139,4,69.47108326841004,31.053854126979452,2.246248479400511,0.46702301014168945,2.0050961413051414
139,5,86.73093312405521,39.84811707223784,3.0556718065565036,0.7897828153043864,2.765983255514032
139,6,76.97834641863662,28.07730700090506,3.395378926955914,0.763776773397514,2.8259509014992696
139,7,73.41004819875646,24.840145204183884,3.88616655623771,0.6912183811444419,2.685393792331886
139,8,56.7720096805258,7.348742648705331,4.253698595618197,1.0281434333116088,3.592918467026433
139,9,63.36540259430981,12.92025019846011,4.955178058524432,0.9719389313024527,3.763128159031584
139,10,66.48770543788228,17.532619082459462,3.9513032540768522,1.136415643973769,4.174385887849899
139,11,45.53070727609932,7.00227891329601,5.074699284501761,1.0398930924976595,3.9521352957327354
139,12,69.93199627910452,25.34785689389868,4.351328320019702,0.6700722248950486,2.6237024362240557
139,13,57.41261630021461,14.386693957891845,4.225920382098943,0.9020949165132919,3.289269715328024
139,14,60.68266066890425,19.221811162250894,3.7406566299598865,0.8309292180120691,3.151318587527962
139,15,51.339284214065465,12.730667985878576,4.003965244446044,1.1012898407785974,4.097521927316197
139,16,77.26336974203464,26.766108720018824,3.4484703347382304,1.0804385106470562,3.7485653512603108
139,17,76.66984640372392,29.323525909871986,3.607028188886491,1.0009878404534458,3.49282471199085
139,18,48.94157500209518,22.03164030413114,2.8412012092326115,0.6645619543757997,2.4461598648515284
139,19,73.19845061444033,41.066030126929654,2.2881086602260674,0.7592282977748877,2.482955087226927
139,20,74.30759695142243,36.751323100457284,2.4375701472767943,0.6978713971373582,2.4676903606649225
139,21,90.71268109668546,34.46752415732413,2.780221245710118,0.61604524799198,2.4500096715632944
139,22,96.71904569099404,47.657381238790194,2.693500830205071,0.55561163064562,2.219613387571844
139,23,92.98080132376575,53.02174598239006,2.2036343372632246,0.4129342824490374,1.89739244577515
139,24,107.0173863408558,55.699282964320936,1.5677675825786377,0.5230244290603956,1.9431717254971252
139,25,50.76946273490313,27.719714764402404,1.3240904405231042,0.3654586057236193,1.706934096416363
139,26,74.12017250483441,29.11216251707565,2.187888261722918,0.5241245857216672,2.0957142762892382
139,27,73.14388419305263,36.82522495425754,2.1186313839484705,0.668851481591263,2.3322520385795427
139,28,81.86624982723279,28.1009587405676,2.91058055370249,0.5362168203196602,2.2754307186221228
139,29,52.47026092582024,25.96771487205963,1.8442701267671557,0.5093826021814549,1.9558771385726235
139,30,75.84322221006929,29.711374221297753,3.516520835043919,0.778892830290185,2.8463305317005867
139,31,92.11600258734114,43.50080379826996,2.9420411647515605,0.6852082905574868,2.5966056008475715
140,0,35.123475882451956,7.587531480827134,6.1406898757436466,0.9813333353792517,3.505784876369269
140,1,71.00430282947984,27.65869416004251,1.9144629857937387,0.33168510925010497,1.7173161342257515
140,2,36.175690039388236,18.10702025648755,1.2631793036375116,0.3746084081603873,1.6723894876994139
140,3,59.60453629629632,21.396740503599727,1.346136027895577,0.16547493048208106,1.364139032385386
140,4,68.78897876798494,28.480364605509134,2.025878933231227,0.46604355562592303,1.9179450330575867
140,5,67.19952289005688,18.766924324319504,2.8780779547412,0.6752869462164646,2.4847295221751033
140,6,75.8603446295576,23.672050627262962,3.4153588168282303,0.6690243362079471,2.5967146319397925
140,7,65.26779973599174,13.937136063045678,3.75285754562006,0.6516951154648059,2.536872105029494
140,8,50.8246956482534,10.069571664504057,4.404563826255979,0.9913856975208173,3.5295639616903323
140,9,59.650607725764466,14.607154661645563,5.162228117376648,1.1024161031973385,4.212327023885039
140,10,97.29578218865512,45.85112300828241,4.694976374041065,1.2620062169921233,4.732246164873081
140,11,61.199155203781956,18.57463797072844,5.418326117939565,1.0145019474778634,3.9028680315465705
140,12,99.99687279580426,42.8028681173425,5.066134051481315,0.657663143672389,2.769159625291628
140,13,113.00159268430215,59.01829294221943,5.529495835677519,1.1740388116303837,4.514124476467819
140,14,115.23783100419803,61.26420258488926,5.4469655344848595,1.2453711604178315,4.806228991517727
140,15,105.88231768353384,55.72000132935905,4.443464660284427,1.1757233858567329,4.471458554639132
140,16,114.35461106633485,60.42085524115162,4.375400889987906,1.2441425960405077,4.602255482018347
140,17,119.6038443579618,64.05884296460606,4.888656489061024,1.2263205090156344,4.6032143437502935
140,18,63.21772664526867,30.514141170522578,3.1709966196049573,0.7614146151816654,2.6602313685599763
140,19,114.50055144574551,76.43009492051496,3.009762618475915,0.6730054854927907,2.48401705987664
140,20,115.74544192158538,72.9485611688282,3.7353369790478603,0.9346049834762353,3.2741336210213023
140,21,97.3358631491773,41.56281395301812,2.976556342864494,0.8645693047953404,2.955825793836079
140,22,100.63757797883912,53.85357273339253,3.0465754599145884,0.7710828851066616,2.7366220193688293
140,23,109.69476560362742,61.86579317156932,2.4192445461592778,0.6466866881881761,2.3000911265590704
140,24,118.97663631209026,60.943663743413104,2.580749469842927,0.7866129255737806,2.643292156434496
140,25,55.90212647205333,28.815038729278584,1.7009298708784102,0.5308509161006723,2.0114850417524996
140,26,93.91979776306128,45.48000859524354,3.0888421119164367,0.8863574239808836,3.0790116807414134
140,27,86.9367325541081,47.66257760256183,2.9038117396222773,0.7201687576440827,2.562394903430085
140,28,94.89888306961834,38.326824248230615,3.0877012908489343,0.9306789852047608,3.2500540787563743
140,29,65.74615717551183,35.53808517085969,2.194387239461845,0.9852290538570236,2.9625291054585317
140,30,89.64960774936665,42.22215467383289,4.4534398711321295,1.2210059189517999,4.721397148971002
140,31,108.71047634933382,57.09201539425982,2.9607765110020825,0.7648772457312738,2.7661656638484873
141,0,87.63321097909375,56.14259686683425,6.374667269695984,1.2401277680497769,4.736480528597099
141,1,109.50987532759162,64.2132537144546,2.810667869114832,0.6615324799819828,2.4066124980715475
141,2,80.80191602936759,56.4200320250203,1.9088732195810152,0.4506051681515564,1.9539871854219704
141,3,107.66616885861302,64.0669675489176,2.2689987010904167,0.4614512229931269,1.943803294897127
141,4,133.54171101570182,92.92117333528344,3.2144549002774965,0.5473395490949842,2.3147991183871715
141,5,130.77651861599335,73.27287968662344,3.5518229522619613,0.73984622357505,2.8115902049841726
141,6,157.9742302930256,95.21040101347886,4.056904098968646,0.6442121267367691,2.680713395960426
141,7,121.68294396445823,58.67657281895819,4.692693428191186,0.7926738763637884,3.1335741420871805
141,8,109.41170458844843,51.04425480751648,4.931409651321459,0.7390145847433454,2.9619780969244007
141,9,90.86826092691102,38.835710292719604,5.047032083176742,0.7801438314952236,3.1437300893864757
141,10,101.51716283903826,47.6991799865778,4.671045767590615,0.8257187756750639,3.292763140381444
141,11,101.29127185679117,52.81954401216195,5.214202373722482,0.7264233475087574,2.936991140549784
141,12,86.28271863670821,29.38223047936598,5.4051201315217625,0.7025768805358634,2.901087700363805
141,13,121.83963771601553,68.27058971754835,5.837569761334384,0.8632050294284062,3.4804489068657443
141,14,116.93128547526649,59.11791059199979,5.289525727630107,0.8704181294778568,3.5389091497746445
141,15,119.47490607655573,66.33251098926107,4.185689906367022,0.9083539886242473,3.424269572154051
141,16,117.93774874987318,63.06467222112182,4.3749667850335765,0.8759027292889705,3.401647958320006
141,17,124.98571680364087,67.35795038991681,4.845145735075391,0.8983422507504706,3.543700587344868
141,18,96.15446478997853,54.30092866074246,3.482152485034253,0.6057694605831081,2.3892150735794018
141,19,84.03417116024481,42.97272383387575,3.0867472841145274,0.7344978829960005,2.5749783168299762
141,20,98.95807809741835,51.32451342367341,3.6156075212345278,0.661486767915378,2.6402776481052026
141,21,107.12399272708221,53.93414282788425,3.0190684237839243,0.5454838916337486,2.3092964925653336
141,22,145.80339587029889,85.64436649110922,3.9042643975519318,0.7523993749220357,2.925507871521928
141,23,107.50362928201729,57.38671139268094,2.816886448752185,0.44087070713766163,1.9989691143238584
141,24,139.80507078167025,72.45006470118051,2.390632080226247,0.4594930865486533,2.0033441337261735
141,25,77.68797177460831,47.10608023712101,1.9227240228987283,0.45667931598174727,1.9237162917395403
141,26,114.27400406576095,62.73025957838148,3.109417536835614,0.7299152189959024,2.6397998807193526
141,27,93.19693539926084,49.477154070855235,2.724326021939631,0.6349573254569298,2.3463228684287722
141,28,91.43100743263022,42.012040909412086,2.941588328276129,0.8915118699794493,3.0273771163486503
141,29,68.15379766950491,37.7832773754445,2.5946264530396443,0.6929491728541417,2.386169893754157
141,30,92.64906978947121,43.0907132261966,4.0147657139405535,0.8869635046625355,3.2647056756833295
141,31,103.62487149459852,50.78087635317982,2.4501647826081703,0.5957805447642919,2.2819669786820027
142,0,99.56884066828916,66.21481550937904,5.511456523503201,1.0004608631562828,3.4890245823085086
142,1,69.38724476225804,29.872266939561733,2.399363574564479,0.5416093007850677,2.0849761357672207
142,2,71.01600611113211,48.147318063395254,1.0476734378005583,0.18743908781236174,1.351559480835731
142,3,68.92297392438361,37.06385840048475,1.5710302363188806,0.2582803502804343,1.4983044588848486
142,4,110.79450843809495,67.2154889646302,2.0467256349445853,0.2623551799250423,1.5952248257577957
142,5,101.15302659087556,53.047559551855954,2.3229109351422386,0.3943136053486498,1.8133898631065701
142,6,141.2566467873159,80.56771393279772,2.6168935608495607,0.31616295436920483,1.7270316501777834
142,7,97.13445220954105,44.61698013911895,4.085414004216834,0.5182196963634818,2.283246007141632
142,8,97.50241558298238,45.15146160331946,4.190602767234587,0.530242735737005,2.330784229165678
142,9,72.31205179394996,29.40783991990863,4.327163826251588,0.6016127319102251,2.5281220129461386
142,10,66.00965710375006,19.917686745979047,3.7404644533463087,0.6990534567921745,2.69472096218702
142,11,69.93200136421969,27.377202182326215,4.272618616565071,0.5774003166116062,2.4099710719820857
142,12,93.93586027694651,36.701006295786165,4.919697970006978,0.4835315727250178,2.1849990194755793
142,13,59.436181003731036,14.719830488448606,5.1345961185842635,0.7567618021616225,3.0204988378996602
142,14,60.075243672912926,15.298777290764058,4.632261384318374,0.779078721350877,3.119826337870219
142,15,93.7229962886018,49.586765455093015,3.0658517448421447,0.6132612399246287,2.424311744387244
142,16,85.58441268896476,35.31492842983767,3.682103380903115,0.6650766665072423,2.6488578829989464
142,17,82.205244866969,34.85220515489664,3.612167956139493,0.643104899998646,2.584047474068994
142,18,45.90253184457715,12.14292158602189,2.8242104459628665,0.49962765171355805,2.072453177628918
142,19,67.65432545126596,30.362818199100744,2.481336509575593,0.4004974765474083,1.8605560690654481
142,20,80.68085102331594,40.18696229812958,2.5927534795268112,0.3545516850008843,1.8107248468620267
142,21,80.14252260638114,32.62255532790864,2.5459214194424904,0.35151532594209556,1.8307298724280254
142,22,102.28995392322682,53.53170694028734,2.6404261490236616,0.4099457503684891,1.9049468618625183
142,23,71.02713509490583,33.15638307761857,1.7823708611079128,0.17122291279774915,1.3990393341698455
142,24,47.42058912527284,21.700304150690283,2.141458921398084,0.27108321458949014,1.610743552840692
142,25,66.07623894854191,35.21995655373381,1.8240153756368511,0.2718728985658978,1.6020059091981969
142,26,109.16359532186686,61.930956767197934,2.5782239080186633,0.35693587865229937,1.8022397710572935
142,27,81.42735909855887,42.09065427105172,2.764518745497033,0.4265519190200351,1.9438079234253103
142,28,109.02161535396537,53.903979288519764,2.9778292507011512,0.4804568920094354,2.1121774018509627
142,29,67.34126499668773,37.59682063410753,2.261812179878728,0.45031520509348066,1.9397641082462522
142,30,98.09001869708918,49.28003834990152,4.000780053400671,0.5676805085455028,2.442045198282574
142,31,84.65996444322505,37.174517069280625,2.4604392663981,0.48955834358980965,2.0614943728808033
143,0,75.10365854726153,40.13876461020655,5.682197552159312,1.1235834024645914,4.053661491856836
143,1,48.092526539982565,17.193744101103412,2.3312585851811565,0.46312544259723376,1.9683241569162873
143,2,14.37834456566872,2.0032988887488776,1.0324539500438685,0.18206779739402879,1.3601543395740576
143,3,23.687822216202058,5.0266276785935595,1.5163806832000901,0.23900057514797934,1.4614152895648513
143,4,33.267438671102326,8.456432150792367,2.090500364864472,0.2547291139569028,1.571125036703209
143,5,29.186974546963608,2.957221344719672,2.2809559115441402,0.38803822406246624,1.7917161713374545
143,6,48.40479588295482,11.905819719911246,2.8227811075015747,0.3577022560238863,1.809714888060025
143,7,50.0700380637558,11.63893991514716,4.023070635998692,0.4143383237379803,1.9859538932980798
143,8,50.377201567236156,12.4180600929406,4.786941575926317,0.5028452600634594,2.2624344823952387
143,9,72.04946356724551,27.474155002939884,4.961617719411047,0.6870151909192295,2.7123263993875733
143,10,71.95638036940167,24.10154765981069,4.421534325541546,0.7285337802032847,2.7691172480276527
143,11,93.00500973034522,47.29206292483826,5.515861363692942,0.6452353356145997,2.663638579458093
143,12,60.816885183791754,15.798700829341357,5.780959024803087,0.5791541885637308,2.4398567058136975
143,13,67.47494143744947,15.785633342617682,6.374329915536633,0.857141446887991,3.4643263914581004
143,14,60.65332136572644,13.835149254934581,5.9199983281166535,0.9258031718938469,3.598885638227823
143,15,110.29214387666934,62.05949122066839,4.420914512938207,0.957216864294324,3.464036120749768
143,16,89.98935806493438,40.347372188248166,4.644977299597734,0.9931004763673066,3.727705298321635
143,17,85.09056343106992,43.03264408740294,4.491548135403712,0.9975904446550077,3.6612682353333255
143,18,62.482399915495456,27.071505432751714,3.581511909502834,0.7358437888032041,2.651784588166284
143,19,65.38451250719902,30.189039703435366,2.9572485502389023,0.6422481533278024,2.339334984636954
143,20,85.13367174185939,43.095270796432104,3.763302885954568,0.6854792356874375,2.6259905439100977
143,21,108.84839408003,56.2872910351613,3.4059528022725205,0.7476472967124161,2.802979044467872
143,22,135.16965486706647,79.22337652556638,4.028473895925124,0.9315397004676917,3.38334050284569
143,23,90.770076247431,48.83429834842967,3.2178601131178786,0.5937671790106847,2.2932115558608355
143,24,66.05657727285774,41.421770691429444,2.6917435265645624,0.6431556520282964,2.330970594171584
143,25,67.92121082381807,41.01922454539417,2.119808201639431,0.606656180264165,2.2212651320135777
143,26,111.94294924845678,64.07955225798149,3.3001723777406538,0.8086732298612347,2.837632000180017
143,27,79.85068162335665,41.70521895414895,3.135575918441437,0.7964307726086917,2.7557730902604565
143,28,98.60222745243456,46.271807412659356,3.1219445959598913,0.9199033477373844,3.0530243359945968
143,29,60.60640491507485,31.441794021689322,2.691252263227047,0.6656236646101474,2.299124242582015
143,30,99.375415431908,51.774450197560355,4.352233330606191,1.0648249911865495,3.883736733575126
143,31,76.389006932446,20.213415692693395,2.918101776854944,0.6502964906093043,2.479107702313075
144,0,46.12552652441217,17.156923151959987,6.138970466217394,0.9971452361118054,3.672106151330957
144,1,51.10546142009758,16.667834167576835,2.1390380746803217,0.37188610902360075,1.7697764898320816
144,2,20.655944992364077,5.554051477772663,1.2384550868459385,0.19739194688956951,1.4033319297270046
144,3,31.361513141990905,7.880903898624917,1.8593651761756422,0.25958056081474346,1.5285887835193266
144,4,48.85523332639107,17.230451225516706,2.7033163560900193,0.3616148426822572,1.7939901129375455
144,5,59.404715106482286,29.0936247109392,3.3944106489710255,0.5931771321448749,2.292113395041361
144,6,40.907936840420746,8.080280023439581,3.0552616245074655,0.4664261951197668,2.0371550956745006
144,7,54.98186648291091,15.345374897289473,4.475761522535894,0.46424483305249975,2.167054885870378
144,8,40.86011047044518,4.815003936480938,5.243907518921708,0.5891194949052663,2.4970284374437233
144,9,43.10640047315851,6.193957957887601,5.097169297147422,0.8785949282528129,3.2451593522983218
144,10,39.63823589279949,8.746602291310724,4.195169474828017,0.839811531577487,3.1588829831164733
144,11,42.808572096583134,10.243093100698776,5.034191239870471,0.7302904857505039,2.927558689294259
144,12,37.00627179138377,2.3020728231990146,5.37750807434309,0.5170016484715463,2.295021471796398
144,13,46.395563482404256,7.426336508494494,5.964931948699624,0.8456060555080329,3.4032269753631477
144,14,54.5216425446571,13.185113768517107,5.225875353792318,1.0623576821367626,4.029533969924184
144,15,45.958742145592765,14.785889488109143,4.224962559460413,0.9577781828670799,3.5062241461213133
144,16,60.915216791574096,15.560156505306578,4.637216418741566,0.9604106241931412,3.6885842272771265
144,17,42.637582453844445,10.988493270759108,4.330257374579281,1.037362104672078,3.747309557611498
144,18,48.47217067318002,17.905162305132194,3.544460912994718,0.9342166263338445,3.1106571796899902
144,19,51.68855061215078,21.505520783820753,2.8755737905393257,0.8136937718821979,2.648903431508551
144,20,67.31130106223495,33.13046149555093,3.707307766892634,0.7339961874756735,2.740040031319578
144,21,72.45402268719612,27.80386931546702,3.584604845508398,0.8563630302871399,3.114447500408798
144,22,57.23782537708715,17.08373934284952,3.9285343585275667,1.037988129699266,3.6107388085959395
144,23,79.00348165166051,38.06324587807797,3.222909553651359,0.7468760151237239,2.540746276944402
144,24,37.18788377512938,10.785312780758273,2.577640734572678,0.6571535781128035,2.29414249426396
144,25,42.355623747525186,19.274225199376197,1.9257389445208655,0.6636627651202027,2.229823659126377
144,26,51.70215153408642,17.15033523858697,2.9004073282214176,0.8063578967615008,2.7053122327688244
144,27,59.50895527752146,31.679754138940655,2.571903122906323,0.6444095009341533,2.298824624599787
144,28,48.450800508847195,12.32865656499513,2.939388477305209,0.8264374821035938,2.752035624733975
144,29,31.06558841396689,6.858418328988277,2.227167418615833,0.5419207870858735,2.0027560060548177
144,30,63.03371438355236,21.00588884940774,3.88118454108503,0.9030157670528021,3.2066153826755897
144,31,88.23479612713143,40.54908828457579,2.5482441995453984,0.5444827657427949,2.1457545547802592
145,0,39.7016627647517,11.740554355025587,6.475791145818098,0.9344160746891319,3.384212511183504
145,1,42.583588490391435,10.251561208705727,2.3363750702179997,0.42335641477567965,1.8766246063711185
145,2,18.290566217088823,5.499307490157289,0.9608808086439274,0.16340383254180046,1.312836051280351
145,3,33.67844379303166,11.741272938339263,1.3856696507280968,0.16671555171730734,1.3453979067253714
145,4,46.611948214129576,15.388660762958178,2.0096568338539393,0.28800541947092784,1.600884516491265
145,5,58.35229975445566,22.011256193028238,2.5089977444182043,0.41976201711049965,1.8737353697686627
145,6,38.69320577650815,3.85172243757954,2.9966805348522296,0.42747111558523443,1.9372126691218607
145,7,51.95430814017715,10.479925115148383,4.106939805216151,0.4392370854306593,2.077329366069991
145,8,50.80714768380188,13.797281609567984,4.735143990929404,0.5480769987651151,2.4068724006665905
145,9,68.16796602283296,23.852914624120302,4.854125620604637,0.6268926544372437,2.5657843125214757
145,10,61.643377604699495,20.30669438970437,4.244466393009975,0.8540455386619765,3.1608226551915077
145,11,55.480013692531585,17.191083485110948,5.599933775980206,0.8148693074319286,3.2423130552353343
145,12,43.7547758616446,8.854820679000465,5.423629784098063,0.6146070424726808,2.5263107831980123
145,13,53.766247262899945,10.012007556697524,6.363170801989909,0.8191646000299473,3.3733419430739526
145,14,80.5362068435642,30.639366173639214,5.856190550406405,0.8964184837180555,3.4755881113157447
145,15,50.27729323064939,14.083257654531337,4.7371820753074525,1.063918510926121,3.849974653252546
145,16,56.32420084411008,13.458450656203532,4.486376474272636,0.9610798589807636,3.553450485823169
145,17,47.3894118931465,10.753727045513804,4.2192223724141185,1.015453330426059,3.626169752482692
145,18,53.47806057799211,19.999314519890156,3.2740241096239866,0.8293663474314177,2.7835867334474296
145,19,48.37844242435871,18.794114160429686,2.683597867431077,0.5789036876948965,2.1143919678846674
145,20,68.06279203887271,32.89394564286751,2.8197730074074734,0.6432758244896974,2.3582537725901362
145,21,58.75498548323621,15.15156634628147,3.5871831216725156,0.8074672077389793,2.9439202946306158
145,22,52.62827863530227,23.323371702867338,3.7084612982955445,0.830798082582767,2.9743832646872272
145,23,36.16752726874463,12.2922767779542,3.010606513757082,0.6295253672998604,2.2761201783512175
145,24,26.323629665889367,10.844423003441197,2.6746652974793985,0.5889866160736803,2.165814444619107
145,25,27.509569552220473,11.383677481650217,1.9042630184044436,0.49629192008164,1.9612356015169425
145,26,41.84713128339986,15.51213910991932,2.6986504576975587,0.6701594153040809,2.380621936187477
145,27,35.522356913768064,15.624079814759696,2.519670088908802,0.5291277507110994,2.0581853729995316
145,28,41.11798291540251,5.2233555526409,2.991133712678109,0.6089454541964341,2.2852652795475183
145,29,31.004584125093878,10.101547347982478,2.117403471537396,0.515373175098091,1.9387864619674167
145,30,36.652275908497856,6.541837358744264,3.956704085765929,0.7558585077804825,2.854767974273263
145,31,63.08379938121419,26.560117542516757,2.496996037950792,0.5022482727822175,2.0654551866111976
146,0,24.01171464611048,2.7436922400136603,5.998377188714027,1.033294157941846,3.730877769822797
146,1,37.04016117276674,12.358057840421289,1.9047579039570997,0.36065325430462347,1.72365400405362
146,2,11.21123700962003,0.6734020876861022,1.0404579765613586,0.16155952155811049,1.3270539034124706
146,3,60.30851705630836,28.410506501738478,2.2769949421758326,0.27821519622445035,1.5920123107329218
146,4,22.9144054019432,6.099158217328211,1.914953397764362,0.28678152414480573,1.6078587314206456
146,5,35.99495177397076,9.806209388934665,2.791557657410022,0.5176430546007178,2.100655575277385
146,6,66.33956298881061,24.11104262536047,3.065153201193615,0.4728703320189531,2.075000379934523
146,7,40.03754200427649,6.795237377240664,3.969239985233924,0.5104524518923186,2.2448004624811535
146,8,54.1527354191619,15.777185986289847,4.678403409268498,0.6820623727472626,2.766802337595053
146,9,52.004541143037,18.290708397520174,5.004379255029533,0.7275636704488386,2.8481599339845047
146,10,49.07880941539216,13.314334466313237,4.158654145103468,0.8787658134204133,3.245504344115224
146,11,53.658239248629,15.31011557568484,5.2495417212618385,0.8573012669616222,3.351125441716655
146,12,65.90386541622307,22.72202631600428,5.093097246582411,0.5703017688495153,2.398660346243788
146,13,73.6711853628702,27.87536512647499,5.858059296846854,0.8527822972711956,3.4429978690594583
146,14,97.1013742147745,46.18051267786307,5.287190793003793,1.000034696123298,3.9053312678231027
146,15,83.28215718269155,37.34827505542695,3.658722310796249,0.930843482843092,3.3129577884647587
146,16,69.48179408465933,20.677152043258516,3.896727062035069,0.7397418924820096,2.8456726519800206
146,17,82.72983209637141,39.17537474874384,3.8469096572764543,0.7976187281972824,3.0188813640905714
146,18,62.513523891323814,25.607245210461105,3.210337644507816,0.5819113112673202,2.2935111260968006
146,19,50.58747462793222,15.627278094534532,2.345922421238895,0.43058577020816013,1.8939348477585842
146,20,81.723271354954,37.41125321017792,2.732058198326448,0.6257593046839345,2.362640973871355
146,21,108.2760592230837,58.509810439731574,2.326708050842821,0.4831335332976381,2.076908066317905
146,22,128.27586456068303,72.8986683454632,2.3040282945267414,0.424348302663649,1.9230693813508342
146,23,114.46218678025241,67.05311371012195,2.008452814894879,0.3503190116868087,1.7619873404034927
146,24,87.86430068609388,49.853318673541615,1.624508684372291,0.28648504606776815,1.592216184879868
146,25,56.665162111063594,34.58662915231396,1.2286600303633073,0.33287476178447095,1.5957009523584802
146,26,91.9600251327131,48.830443688413496,2.2241893267553574,0.4604242189825416,1.9833098341764888
146,27,70.02696774571612,33.67339892336145,1.6382193450238498,0.35720730970105263,1.635930089391189
146,28,77.62779400476578,29.14427016455157,2.141891321000102,0.4193063247561004,1.8798253894856727
146,29,54.502401433850785,28.647232091441925,1.8347024526833096,0.34754342489229906,1.7079802581624903
146,30,74.54489732537168,30.949116561577615,2.9042559176860383,0.4645558409273125,2.052319181668614
146,31,70.47629490113178,24.78228249462504,2.0974244197043648,0.5092862199005217,2.014846687680077
147,0,25.76011675665595,1.3313078468201311,5.993242585690542,1.0466051465214505,3.832617401711736
147,1,64.56604796587558,29.926092012738607,2.1337547411499553,0.4377089981122908,1.9251994750159367
147,2,26.3017216873937,15.012933288249004,1.0889829855800794,0.19768234184450728,1.3997379298736627
147,3,45.19208471774634,16.78934259140169,1.5171439454962041,0.2698617766207001,1.5472833248510545
147,4,60.433847948784994,25.105390719122273,1.7600302442079934,0.300718903233673,1.6383651961614627
147,5,46.22196552263094,15.395662959734668,2.4876817967837574,0.4895121688727926,2.0488129640924995
147,6,70.11532000851321,24.917814209370842,3.3675902663031083,0.5596426741536882,2.3123975596739155
147,7,50.945583424584456,15.976712727560624,3.4601117682244302,0.5167984293689236,2.2208952701020044
147,8,48.420987355705726,14.10822298833034,4.6005195915475054,0.6647913388349389,2.7706192051009557
147,9,46.13151147069682,9.672418376582092,4.822095302676611,0.783849600816616,3.015891709772897
147,10,50.22988019328461,9.604903129986917,4.128855440771093,0.9181924178652876,3.4263701820016887
147,11,42.538599073868795,8.736662278547211,5.125447604838986,0.8201140257139672,3.2354286877461447
147,12,42.532809081865636,8.604286507783979,4.977357716709756,0.5187298224677228,2.297412473671423
147,13,35.00644598622932,2.6130052575163307,5.9244155789590405,0.8189414367875774,3.3200702588333435
147,14,39.33616167976453,8.445857643612657,5.4822433433410875,1.0370999034376371,4.048897555579415
147,15,50.608723221049004,15.462665829863425,3.9265440052284117,1.0257883956966842,3.655604576917697
147,16,48.677034521849414,12.931134488278746,3.93739214434063,0.8994007506960093,3.353201224557056
147,17,63.124347679920135,24.062511165633474,4.138968945145289,1.0234173105812978,3.7028647108004047
147,18,38.3993068098998,9.061398802960053,3.1948940852299277,0.7297249458613573,2.6014980069216223
147,19,36.7522253513524,9.024851009078574,2.495646750519149,0.4772340062451015,1.9729918209759036
147,20,54.949863184009494,19.29799721971308,2.800175372066092,0.5651680535603978,2.247743822021494
147,21,89.73060238091246,34.16425017448025,2.668915996697942,0.6163840936682665,2.383018159708553
147,22,76.9350930603732,31.834432321300273,2.653705814186858,0.49688470109280036,2.0914914530095707
147,23,79.4054508962299,36.017243470334606,2.392473551668785,0.4489633921009526,1.9474733883892357
147,24,59.440055899924204,23.87240523100084,1.802911892206334,0.35331236548992084,1.7026028966431097
147,25,27.739596868899294,8.277621161736143,1.5012344097470884,0.4845994727557654,1.8893602291808442
147,26,62.978071581547425,19.455456714050264,2.6405995458306535,0.5382072270286455,2.1758375951409317
147,27,49.247191869188754,16.256301903569042,2.0350089380467393,0.3958768607023022,1.7812130459013202
147,28,62.44395498857808,21.20199897396221,2.615831698691877,0.6102202066194273,2.254128966164437
147,29,58.21337105159426,34.86230202528007,2.343757168255875,0.5548295922306163,2.0861260586660046
147,30,65.92891338294336,29.36840277200115,3.695777512538025,0.7251666212610157,2.7581508618315556
147,31,71.82110277185541,29.365469791524905,2.396285565563885,0.5665224303782246,2.196622795702387
148,0,17.902489674170162,1.2619502182045683,5.900333337679747,1.0205429138342055,3.6974055692361887
148,1,37.55463332611812,10.194400968695785,2.225057700302615,0.4295086984964933,1.922476697884286
148,2,22.388022703869176,8.493603425599341,1.0751515971470047,0.18351320458201537,1.386848668355594
148,3,30.088812455096743,12.936240676958208,1.545875645703986,0.25877911316354796,1.531195314386159
148,4,32.515315291294854,6.066829638857933,1.9453269044065011,0.30077389329787807,1.6694160573986299
148,5,31.33439248473503,5.702077596351213,2.56311069811511,0.4436695479537911,1.9486845634340877
148,6,78.38096566277588,27.667760363616914,2.8754688060904217,0.43889435184779924,2.006036832779148
148,7,49.867307043531184,17.041602424029634,3.726894958944187,0.4447893584392464,2.0842115870938547
148,8,30.976927165393796,3.8221937491837052,4.678430597451801,0.6469939163232556,2.69412329946333
148,9,54.023319482791166,20.00344904661357,4.672076766936472,0.7188279119349508,2.8278940612328376
148,10,42.128415306775736,9.571301387749884,4.1399173180249385,0.8774118054883395,3.3000625718711967
148,11,67.74271347136565,24.949052222837455,4.775261740817725,0.7449827899470076,2.9779596206825993
148,12,59.97919916927071,15.278922462855093,4.9491600021497995,0.603097297868457,2.523043765363559
148,13,43.81123983654433,7.8717706294738505,5.1670639331186,0.8351891099497699,3.248653897221413
148,14,63.20301578750765,20.972627995111594,4.983650806453975,0.9939771027921189,3.8640758313588095
148,15,60.340666529928235,22.751727730729137,3.5817163551603466,0.8111234861117786,2.99353804410692
148,16,71.12098212496063,26.821609269315545,3.425787074003132,0.7400957656631197,2.7553135346706523
148,17,86.51466306873206,40.18163412801475,3.42843304915494,0.6104042162917929,2.4370300879786635
148,18,55.330942420958074,25.34031735783951,2.6616739444226454,0.5559428975353082,2.1557983295090084
148,19,49.00639304905559,15.924170626788342,2.191867890754555,0.3386912073277104,1.7169867943228976
148,20,66.11689705157632,30.63039466913162,2.1009902461626293,0.42087443087357856,1.8629434270010456
148,21,60.278706119989565,16.18528822850984,2.1046359987465557,0.46575411822336665,1.9696557956336205
148,22,62.08745210679887,21.034345657665863,1.9595345532872837,0.3119828521202215,1.653718515817679
148,23,67.84603339826097,31.400329297205932,1.8433843172514508,0.3294738182408765,1.6989437451119773
148,24,55.12751942180903,33.76041382925763,1.0835714854821992,0.1737852060379217,1.3623035165621369
148,25,74.24887647762347,50.940141006251764,1.015572554930658,0.3921129870056177,1.6516552071095871
148,26,81.5603430589794,37.53894567901955,1.4364873851021254,0.30562072389281947,1.57894874249738
148,27,49.29664540234674,19.221509420269218,1.1612830759535067,0.23913951240986941,1.4171610771885406
148,28,62.15363511947491,24.850169684243593,1.7709109088271657,0.30553976741914735,1.63682306480016
148,29,83.16309398920852,51.570143955762326,1.4254517719018176,0.3712168854626128,1.6823164034905738
148,30,85.86052194043614,45.833591662835346,2.072287298059319,0.4335628385913899,1.8696128595247268
148,31,72.33902028551162,26.4742027535177,1.7997970158551695,0.5058305339572113,1.9686643872668952
149,0,35.43688724707928,9.369580501605888,6.2733263884171455,0.9541315786011504,3.4398851751732633
149,1,50.446336956351445,14.879192123749206,1.8232828300025998,0.3469519538201462,1.7255132084100053
149,2,22.435866869937087,8.672620902950582,1.063184714795105,0.17883914507591014,1.3502884073658978
149,3,38.671372049882436,13.312235577681768,1.4655142158944328,0.21687989137580121,1.439593343761035
149,4,44.18624811883703,14.78970469612387,1.6989904244539198,0.27695174577902915,1.584512046912054
149,5,42.163321288422274,10.709261826105479,2.2763330679613687,0.4480893463162512,1.9286035425399284
149,6,48.66673424099618,11.48341843250801,2.793228110933944,0.40707062882820244,1.9463201525713354
149,7,49.299038244867724,19.29861095831256,3.6561065487541144,0.5000551819448544,2.203387789407644
149,8,51.78180584753632,13.811194020948708,4.042407565805831,0.6390095904961619,2.6031437138351357
149,9,50.127487427444166,13.652929273478907,4.305896279265875,0.6338012336389047,2.6206171880385307
149,10,48.794904835467044,12.432950268447977,3.8640430379237083,0.7966286472574611,3.031161209516787
149,11,40.19332547563384,7.413061274704912,4.538631787778211,0.6748664320682716,2.7634614948386673
149,12,51.72866568795842,8.31844168479373,4.670568159863942,0.5137677958698355,2.253775785333
149,13,62.2020949476519,21.44492405871326,5.038615389663077,0.674370308041194,2.733864667624713
149,14,48.442820027217635,10.905189278528475,4.968422539098281,0.8296775901285454,3.291578269315166
149,15,39.722979254086034,5.627702329075941,3.603536707582092,0.7119994468644308,2.736846639059424
149,16,50.792416530680136,11.92795659196754,3.3329885701906385,0.6012247055932995,2.408420752891526
149,17,45.33357379823716,9.663578202529248,3.220684283548461,0.6058884014565806,2.3821236403436044
149,18,33.50738456222652,9.336444933681852,2.736078596223577,0.539375120183343,2.1356245959176268
149,19,27.645343867526996,5.823949577379647,2.276758916655784,0.2863274461092087,1.6308805346564417
149,20,41.98482692429969,14.217475410275714,2.106692993016156,0.3934127025066809,1.8072282933997685
149,21,48.40076794444852,9.717806057204498,2.170207377750766,0.4216109910407688,1.9048454094128275
149,22,30.988284942693284,0.3541055868477443,2.1959651673254488,0.3376301128132577,1.731052160909747
149,23,22.056170229716933,3.1492530838391746,2.043287980657201,0.3187668320155206,1.6975523230058882
149,24,23.176595114892656,4.768542303472389,1.4382976604973567,0.2274550759134666,1.490627077723847
149,25,37.251190798234056,23.082525410662292,1.0972620196878817,0.2871506149963068,1.5297238497411936
149,26,43.670812749815326,16.606565477581555,1.6857491524716033,0.4455753066270285,1.8256882100014489
149,27,25.87883237996298,4.929862704458361,1.3799609428181925,0.3214617259679655,1.5542975621050015
149,28,58.82521551205039,20.85932365285313,1.993301101543,0.4367468888569359,1.881275741594483
149,29,51.414141539258495,26.297676749439937,1.6170515674403991,0.44059059771416953,1.809344362085505
149,30,61.24854188590656,17.93676782194316,2.5179284684580168,0.5625213560017213,2.19747014064724
149,31,48.985335727653336,14.924741325695042,2.0711357869934606,0.5857236744174599,2.197091628657135
150,0,22.750691823145957,4.886671015474349,6.379403704135182,0.9984993097488859,3.6207096936307113
150,1,42.54845840959326,17.729235660512472,1.8710767881505554,0.36775547098838546,1.7771692060937785
150,2,22.50191325947947,10.615573203694932,0.8455214926925053,0.12697348278703757,1.2754908568012733
150,3,42.8029295799293,19.68310168251537,1.7851087780916823,0.2726937247641059,1.556139619798181
150,4,42.95851720968785,12.737002955931864,2.001099852574014,0.3509572892994406,1.7634796217368445
150,5,34.88608152297615,7.623484954850767,2.3840551996356907,0.5311470651486645,2.102235149877974
150,6,59.540166913818005,14.833346363956577,3.0177254328997387,0.4971615824840163,2.179538105557797
150,7,48.664046450280125,13.989355442827609,3.922069851105581,0.5535175950864488,2.3889041479688586
150,8,38.166701306325,6.362102592608245,3.844957322852175,0.5656078632896921,2.398840585545832
150,9,30.45062355445821,3.202582249092944,4.465093205070692,0.672379529545525,2.7086596489165022
150,10,29.25705503514336,1.8275525481585886,4.031008745639326,0.8196942829150178,3.139409702902635
150,11,31.63236789362255,5.504461159687538,4.635286801072548,0.6992544544892256,2.846558050411753
150,12,40.538090974939145,10.569070781664646,4.597289021922355,0.5712205811860178,2.4210936226039146
150,13,39.793117628471585,4.881494055229457,5.1233585097700285,0.7451948352512456,2.990617248829175
150,14,47.279418171317005,9.541229484343745,4.767121167589383,0.9027754873119305,3.488071602270478
150,15,60.89157834740947,19.440964022659834,3.499388884630952,0.7543033043863625,2.8519594094024936
150,16,83.73880709875613,30.2509592425141,3.7035161357883393,0.7913536962614138,2.955415593765433
150,17,71.3424977874831,27.45753640686602,3.6582190289564473,0.8331863079299411,3.02848760138846
150,18,60.672073914138494,27.028375099176756,2.67600295024344,0.7805064471356786,2.6310688700874834
150,19,49.017346412695844,16.31221048517359,2.426299024964101,0.4353977513282543,1.948000442840919
150,20,74.85076753206238,30.954700176795622,2.751343324294821,0.6331652937051722,2.362357252093719
150,21,64.76635196208633,19.340681291148094,2.5570550084643067,0.4328925998541733,1.9808582890443889
150,22,75.66804564617668,32.59274104868446,2.5913493448752094,0.4083956654477907,1.9213350998314322
150,23,99.15238085513107,56.44130684497381,2.059700543321823,0.4185021860627365,1.8298007972808292
150,24,94.48170874136792,54.573551945458135,2.03188422426647,0.5147892583215921,2.007265824595593
150,25,49.76429497890103,26.452549180917217,1.4723061135745392,0.28412749654316816,1.5894742465382765
150,26,77.14357030703171,34.518710273711775,2.499537266514481,0.4132397383969808,1.9151082584538033
150,27,51.76896995684888,13.693121120900946,2.2732897569107244,0.4644725647916088,1.9058572521894748
150,28,93.20083161167643,41.85423243835068,2.6538224304433036,0.4843490718637846,2.0929395055990705
150,29,64.36089491410118,33.18898681893221,2.0444256098674938,0.48564380081586034,1.9877391538882097
150,30,49.305425226480395,9.135631192817153,3.2733267518361067,0.6041907044411206,2.4626705464654846
150,31,96.05570009753544,42.46411651258338,2.6164579186553185,0.6588383048867663,2.3996321366635778
151,0,36.15421381305612,9.717742589190035,5.90515155132738,1.0558024045061636,3.742889891081127
151,1,59.9504191508056,28.396119953429974,1.8535409082541747,0.3296459429305125,1.7070808750027127
151,2,23.91692701213879,9.93842901091476,1.1994621937695125,0.1855986065498969,1.4027358835466404
151,3,31.920594957094163,9.259592048890582,1.5040132735116805,0.22236152917815577,1.471449479099649
151,4,23.169549351511932,2.235602366256427,2.107922905740403,0.3613287350640295,1.793395544392558
151,5,48.437673038773355,16.796210112725632,2.092348920515583,0.407217339745535,1.8376009960861024
151,6,40.8490133665463,10.197669343408727,3.0830658820055974,0.46652564604318636,2.0901908520686687
151,7,50.286892512169764,13.338963133155463,3.7653357834650403,0.5767131240437959,2.3802643841960482
151,8,45.16475982957891,15.558313136837441,3.976894272132042,0.6934032660250864,2.7209046728073947
151,9,30.655009414510506,2.987574155128309,4.375799172387732,0.734982473037701,2.912083277678182
151,10,49.98150403272904,12.940562694273524,3.802773028985563,0.8532115539472662,3.188401386426568
151,11,38.33592216434221,7.896512538614031,4.710593595151092,0.903537313871583,3.3417048842856847
151,12,49.71828303508774,10.707434624764433,4.943494197638852,0.5768615164151347,2.4109899410169535
151,13,52.68244964514152,13.68795215567161,4.921204826734292,0.8019148139927825,3.1244317055483144
151,14,83.89379043363081,33.34221439276822,4.416918266272352,0.8958267029712195,3.394066391634141
151,15,56.91022214036827,16.96984505470859,3.7390425209169464,0.8661690352829661,3.195213338608646
151,16,71.26342042616452,28.048452068630922,3.4177487625173915,0.7662791292960276,2.792382844284368
151,17,62.56881151360004,17.033547748726175,3.536016283149827,0.8010300769622347,2.896052314356338
151,18,52.60020696410935,15.949200793944,2.980917490365079,0.7458096828148078,2.604733345643838
151,19,46.421754234939385,13.647939287472386,2.6671040719504093,0.5616822946659727,2.185092654322065
151,20,46.9243907203459,14.077343028259985,3.048343900499921,0.6093595078021421,2.375330591056619
151,21,64.47141113925383,17.35911701020443,2.7317285038635157,0.49248314469725996,2.14653321258977
151,22,75.2509376103703,24.022532104753196,2.899262470244371,0.5623210550354414,2.2526134342867046
151,23,59.747030877425374,15.409323723711102,2.119248745255252,0.3146678670983878,1.6714798410503444
151,24,95.21096507740931,50.02013207131547,2.0216965791578634,0.46546544961048486,1.8872338828707655
151,25,34.6561956941573,11.30474609806778,1.4428100761637372,0.3095958817869182,1.616543839840121
151,26,63.059043300868325,18.814756592328646,2.3835847845601306,0.4155721432103485,1.9031906040783657
151,27,50.48257655042981,15.654294866024488,2.1222031411661306,0.40019834617511085,1.7757872842008067
151,28,95.35450753288401,49.098909667948604,2.804378748278841,0.5413727800114057,2.1920797966561283
151,29,27.079630318144602,5.916045791694627,2.071744901067728,0.40259973743631505,1.834143454539146
151,30,48.71015835788011,12.943543373636285,3.3733321465468222,0.5356093603945844,2.2578221620521055
151,31,78.64392667799378,33.9562246803238,2.4613171695009193,0.5973640673494236,2.2805159961273316
152,0,22.918351553811178,5.237739071580262,5.991035143633721,1.0353287095226698,3.7055960819688543
152,1,51.6198949073167,23.18580608883638,2.2687082983794236,0.3782297797426475,1.820180723516324
152,2,24.58339480503539,11.315598282508326,1.2962251520484156,0.25881300228180804,1.5342962326195475
152,3,43.60272260678035,16.831899881647374,2.00266106600213,0.3167310272841628,1.6695580383518696
152,4,45.42714294761959,19.284877890368186,2.469852020512522,0.3870132785445435,1.8789846224665976
152,5,57.1552205418391,18.703231812058974,2.618441288923445,0.618897546245174,2.289720683502847
152,6,61.5925382438352,19.23700976516962,3.420573191178928,0.6505796381243574,2.5121086654173985
152,7,71.54305866638076,30.813850627324644,3.8873825682317165,0.6095889637972736,2.496811162117642
152,8,78.31562723262792,35.356227543318404,4.872660521971697,0.7877927821325708,3.1264682065465284
152,9,72.11642374398582,28.97862480536804,4.866568491703201,0.9751962178532372,3.6657184316097946
152,10,51.086405568973646,12.949060489026824,4.288305344195234,0.9087043470971388,3.4633772457419716
152,11,48.838431965180895,13.883593868858004,4.80806522426925,0.9242603039867303,3.49704886901676
152,12,70.08091210130061,22.549659837841737,4.954986634504229,0.6175749939015063,2.5663867658983435
152,13,62.7069988375865,22.383127814880893,5.207676373941734,0.8142199866498867,3.2225538453246516
152,14,73.36471354310129,25.306298443792553,4.7762469278804245,0.9165710303209575,3.4370875829085854
152,15,57.39877784303681,16.6160647202679,3.899825428182524,0.7728099827467716,3.0265006073537037
152,16,60.579270700059,22.89760493464679,3.537095732032356,0.8566891706663609,3.0334797270551097
152,17,50.21652569258366,12.95092040445616,3.875469819938341,0.9099316918307467,3.2812451648445267
152,18,37.867985028146805,11.580176357355553,3.3275885384779107,0.7481746107965286,2.6952958642082963
152,19,35.912865817565375,8.784592392735501,2.9091970461842305,0.5949725686053178,2.2773290155617056
152,20,71.99993863987929,31.76593323362768,3.0099132336645846,0.7643940001906904,2.695845326160262
152,21,87.67878369934164,39.62397173513121,3.178681408978246,0.7984564179986675,2.8949965875990142
152,22,55.86574753888034,20.130278633736665,3.3499080555378846,0.7484675369551024,2.7217616704857885
152,23,74.0241459251929,32.541396751355016,2.2051597400623635,0.5172271568443287,2.017733465793523
152,24,43.19922912895993,17.29026798174816,2.1393315901984353,0.5556231714101023,2.076254466804117
152,25,28.346234648588272,10.251902379602964,1.458248890271064,0.43234190139150064,1.8058409153480184
152,26,59.17348188094934,15.486067923295003,2.3558437493606705,0.6310647076236311,2.3266190077913325
152,27,38.30148190010028,8.411910865752937,2.0090151160699747,0.5130726288192702,1.985132827931229
152,28,100.23443886503716,58.14119444787956,2.4000490161722747,0.6518593204113219,2.4000875576686913
152,29,37.88769274910892,12.975657120537601,1.9018107654803211,0.5162064118603258,1.9677570061007434
152,30,69.22575381747751,23.081215029534526,3.1025639908831013,0.6773148364397295,2.5484633735811784
152,31,109.3250508463891,60.739758139147554,2.3834647593588865,0.7263047075537425,2.5764825122687687
153,0,38.07358190880914,12.65067579162481,6.128843641231811,0.9716189327093696,3.52084803283956
153,1,51.09288559001327,18.8461117734005,1.872321443439936,0.3511908547142306,1.7238221298899514
153,2,32.54348517314163,19.688806009803216,0.9456923976228213,0.17711286221307088,1.3425850609784706
153,3,40.14778099560764,14.07918037787418,1.96592689651345,0.262480940562541,1.5644215426504506
153,4,39.73514756032273,12.777558982961061,2.366888645184737,0.44359090796862244,1.9486672956763322
153,5,52.57099120087762,25.21704437297717,2.287116024988171,0.5867841751492464,2.190707314969776
153,6,52.13039363854176,18.272741089414986,2.996897363879612,0.6040934636975073,2.3946971414633373
153,7,47.76183038472757,14.980794648710068,3.539926549214254,0.5431916654282904,2.3118944896178437
153,8,40.346101050505766,11.563669966081351,4.5060717685566924,0.8913070400499903,3.3859647124994807
153,9,61.06096129483242,18.318567431819687,4.604697068212082,0.8111852525980447,3.118049839160495
153,10,45.0271255260311,10.209125967385589,3.773546580784821,0.8771945875052771,3.3231983642740244
153,11,49.909438130913045,15.643348802010518,4.376499778966357,0.8731761150086186,3.2790068575115474
153,12,54.88829119401078,14.808872684778907,4.365414277046842,0.5360416829621224,2.2945259792621076
153,13,59.042838149022664,15.065530336179126,4.699044845993434,0.7791287798056041,3.0220503629754485
153,14,64.26480921801,16.137356946735128,4.449987430594122,0.9187282116115068,3.4606356160693945
153,15,47.87638238306797,15.801458277262988,3.6601387036148827,0.7599204852701282,2.9555302740972795
153,16,40.66999969208971,10.104692144961419,3.579622346064524,0.8639032927974113,3.1204822876056517
153,17,41.112986832512746,7.211171589212617,3.715560900292655,0.7900480650606609,2.9114165409259813
153,18,29.571310348621846,4.75700145980165,3.1691542077347927,0.6566797562290798,2.4434395950142473
153,19,26.436936693028542,7.041698341932446,2.785454451831761,0.5295448400651472,2.1096112372733438
153,20,53.07717191467475,20.996681477589025,2.9266384455738867,0.621260510270893,2.3844938202721453
153,21,74.28553311899817,23.84330312682352,2.8737670906241632,0.578782634659432,2.349546770410909
153,22,54.175789622734015,17.969063971474508,3.2181847820124236,0.6257863600330458,2.448660912282482
153,23,38.87985643043283,11.204791000753836,1.98542885304608,0.42708853740249153,1.8355227378533339
153,24,39.5794166117025,11.84103226054217,1.9299673103878934,0.4775166282422212,1.8989368132298474
153,25,24.408284210892788,7.786299305657712,1.489936676716208,0.3837851320118817,1.7364381011072603
153,26,36.92283147107359,3.966742060452056,2.34562856583683,0.6534640631051563,2.306529371411342
153,27,24.068572942089396,1.6739876699728187,1.9631539002205773,0.5265907696341854,1.9828683311142294
153,28,56.947191478920644,18.22248315930913,2.2877500161425344,0.495956687837837,2.0534430667392383
153,29,15.16503537374213,1.8517512699101002,1.9439083393444032,0.552070336840409,2.0470074605764634
153,30,33.91380866353681,5.571437367279345,3.192315715109393,0.6454757388520846,2.4818028400051633
153,31,53.863748502247375,21.44429943280589,2.4502368261087906,0.6689749212322589,2.4535923577632524
154,0,25.203219335154984,5.908704563395614,6.182260482635412,1.0007338915586885,3.5029033849119657
154,1,44.28921076564946,18.791178766597007,2.030763067557995,0.42705243730182785,1.8914828549056022
154,2,42.451800941673454,27.292854058537444,1.592536413179217,0.44031476334641706,1.797479837279184
154,3,36.86422084926228,10.786936827252637,2.434953128871406,0.3301399272514187,1.7234142408145054
154,4,73.5672178436797,44.35442342284507,3.0263913845224995,0.6278761860996012,2.373377323047772
154,5,60.1392245397335,26.17686670916705,2.8985242126647695,0.7680138393354796,2.7358014516598317
154,6,70.69618350738148,28.152445613712917,3.352726225641741,0.821758438396611,2.9713625287803778
154,7,78.05414992243547,35.14976095639411,4.207725136611824,0.6907961914685803,2.822542286373668
154,8,61.40377119553901,21.998838350089507,4.865416863096106,0.8938704393862018,3.435656171795602
154,9,69.99377114077254,28.781490012025387,4.8533074230101825,1.028801786125328,3.920289963269914
154,10,66.10585769589969,27.312114322730913,4.3089505705542805,1.002172351619536,3.794253595581199
154,11,66.40146397253933,27.290540648494552,4.745037898184034,0.8431831153257079,3.2961996145597894
154,12,111.22670980063322,62.771754540174065,4.580654956609571,0.5976934220397219,2.4680313532226865
154,13,126.62315778968971,76.20986772259016,5.184748109782223,0.8104657553062049,3.210112957246286
154,14,153.37142185088615,102.36983526935461,4.993512394294729,0.9320714627609483,3.594989506697193
154,15,98.68553000250822,51.55635373469461,3.6473973753484845,0.7410134891372993,2.887246154677838
154,16,123.76154559523793,68.94598176584017,3.2749463756305954,0.7446262426455612,2.802305039664429
154,17,101.54869394916723,49.47746964259609,3.5687594336723922,0.8285169274178328,3.0383053721284057
154,18,81.6539352775402,45.07806007308041,2.6279972705436094,0.5857315686675859,2.24578887985659
154,19,67.35884409502222,31.374104381978107,2.354465302375463,0.46380265584250235,1.9945556754069322
154,20,82.85757802818176,34.69281514115395,2.988374683574454,0.6176956068734536,2.3288340184596925
154,21,92.56973617165947,35.30218536918941,2.243812137715384,0.5226235787300775,2.0948931652681937
154,22,120.15504921022071,64.15938650793893,2.166199800471352,0.45003168548367967,1.927840441777418
154,23,96.03527560645563,44.696005573987065,1.96223133344622,0.41187583456466115,1.7979112665441934
154,24,125.51521866593535,83.45514898704742,2.068017662999825,0.6521577321103695,2.235447531748352
154,25,71.75959862479316,45.27234493429299,1.664332708236516,0.452004191641608,1.8476102958682872
154,26,107.97480856252565,49.574234744110484,2.581886155759821,0.5958825328143482,2.3037473296972273
154,27,71.34694777588189,30.817400922005902,2.158751930146562,0.501942150696534,2.000214057351522
154,28,91.8317183054491,41.9595144382793,2.6887649466492127,0.569876993085527,2.3046754636706765
154,29,56.47475349088168,28.074410143085103,2.105818227444509,0.6220318986668931,2.2553478187683593
154,30,78.24833026319732,32.57642330766372,3.607235670603302,0.8886207349685709,3.2663877448587377
154,31,94.19626891938483,44.285354378268366,2.6400157910989743,0.7360560561274267,2.622790509241934
155,0,55.8988341587207,26.504203711789238,6.478125960364162,0.8975315894390619,3.2918992663706894
155,1,84.55016087499386,51.586220716597104,2.3945869386927523,0.503255958611426,2.079064058379298
155,2,52.96882667458651,35.46416968126147,1.2141916789630862,0.23051759163955765,1.485924898592504
155,3,62.42500841316293,33.0159404202587,1.7122601369457604,0.33322557621403903,1.6915444069396182
155,4,91.19855653583028,60.11064054392887,2.469591081519449,0.4770310986482591,2.0709817292840738
155,5,77.28558471384495,40.06189659135016,2.8457911943438683,0.6556883401426195,2.4960983996266974
155,6,93.67531560077292,45.89660748542729,3.3264118665460307,0.6665247888285495,2.629618795395795
155,7,91.99220946362209,49.50033974157428,3.914441769222297,0.6983845816810414,2.8287180842968955
155,8,86.93217427453682,45.50382142151716,4.574330540339801,0.7540882655991679,3.085859107662292
155,9,83.25520199697834,41.76021552837922,4.753041816288844,0.7583095354978635,3.0924564592773147
155,10,88.76698573326972,46.624884658972825,4.0212206963195545,1.047156851248178,3.8552030918043894
155,11,55.92894625135301,17.88128831999648,4.870497879067298,0.7935928874883169,3.226063886829879
155,12,82.19394166035816,34.6589102410576,4.703842843502919,0.5669679263656926,2.457745929962764
155,13,93.68668384852151,41.89413140652742,5.097023359803086,0.8473002168328048,3.3955559392699888
155,14,79.53294492726675,26.764579476677287,4.912215193182412,0.8659803542470197,3.4709093825227666
155,15,62.511198818577924,20.817318765622304,3.402239459415415,0.6408395361010344,2.528560342756129
155,16,63.49668840029243,22.1328493837236,3.5092239331596042,0.7002427044379838,2.7000548577654793
155,17,87.05470250106627,40.443436423543524,3.602877078641579,0.6963973067452338,2.737138188066165
155,18,70.23886989943308,33.28412968363942,2.7777418068491575,0.702960762793134,2.443962192950179
155,19,53.30496264393103,18.254068182108753,2.5076537612955985,0.4037127737246431,1.8750108742348894
155,20,81.34828492048774,37.51246283091281,2.6426649796308457,0.3638221581167107,1.8240514088289026
155,21,85.9256375099519,33.059110808225626,2.415552737887927,0.35990839495862437,1.8192604733948716
155,22,87.47304701083226,29.748933217065748,2.8959004902090344,0.4133309802431877,1.9540183006704093
155,23,74.42589299482208,30.540407532818545,2.1826474225000845,0.2636027057365129,1.5956189749164411
155,24,105.56601233531994,64.66781340915009,2.164001053811634,0.31036503854479847,1.697649290981977
155,25,78.2334079913998,48.91025390920255,1.6410050817013597,0.3595325506411129,1.7224365105451607
155,26,77.17978993930593,26.268107079361553,2.893077075773164,0.5038298102751946,2.1456116334804367
155,27,87.92348982994343,46.27395164378677,2.281195261740145,0.571760590280427,2.092537613416429
155,28,72.02733896114324,22.00411188519948,2.7969908680852225,0.6343226872086447,2.382602899046986
155,29,41.11788969987015,13.425123750009252,2.2754034315456964,0.46006304468251313,1.9170101084386013
155,30,65.25733606479497,21.322535079800986,3.7535568234760244,0.7313068197668424,2.793831944372412
155,31,89.36200811524655,37.22145049649173,2.469827382739773,0.5973625071873436,2.270994279562766
156,0,52.286995649295775,24.690926217786767,5.971448788639464,1.0028252358689649,3.6398843785411175
156,1,36.51173264761164,8.719845138625516,2.4204488028965696,0.5191404957812753,2.0797658866794326
156,2,30.760949673570828,13.414977842266925,1.0013422920745694,0.1988145268566004,1.3971427343057472
156,3,34.7336618371299,12.203533920107006,1.547573342551934,0.30065044063750324,1.6109610413336315
156,4,65.3322705483748,34.23828305944123,1.9453904910956998,0.3279751261615367,1.7249322969501766
156,5,57.92413265483767,22.926610411146164,2.582074423236343,0.48352915137346963,2.048845041285193
156,6,54.83395308804133,13.273034350125354,3.066884919310035,0.5409134081066411,2.250322387584301
156,7,63.14739168642028,25.25062028337898,3.839621447295212,0.5365178442264349,2.305662075379149
156,8,67.28280509298469,28.141413151820466,4.147031655024002,0.6900883482754718,2.7832934685208346
156,9,65.82172480069805,23.20276229322786,4.4528807163800925,0.8428530806017518,3.2473849442946965
156,10,72.05883761790591,32.377886639576246,3.65878092696369,0.9023401074962827,3.3396887017782135
156,11,74.11764909607943,32.07577461997822,4.219555643636036,0.7938950124369155,2.984411889669184
156,12,58.88110575340186,18.18221591169886,4.3778361356093,0.46156127671151737,2.1081323440735193
156,13,63.372538532247376,17.756199994151096,4.732563962211539,0.7190381159525794,2.9053143115503537
156,14,54.31674975398178,10.387514144424056,4.391882649403293,0.8104671861000741,3.199908047169714
156,15,67.26070655486834,26.7851092952815,3.627675359670924,0.7494788071671188,2.8106468945447354
156,16,95.3378492392273,47.308099424667276,4.017053282729361,0.6732630369463743,2.7039427745453293
156,17,83.61591407843912,38.122728497333625,3.5711013496133917,0.737802720120269,2.771133852984752
156,18,53.8193814498057,19.115590245604302,3.0460779219772323,0.8051904343042948,2.744897039926039
156,19,36.56496033914756,6.852308012181098,2.5618071070533155,0.4325553831534448,1.922760642518412
156,20,41.55367092159355,12.855229936592908,2.7643551175386323,0.4673571788987587,2.0333151957057085
156,21,57.72970498762992,13.951147709952789,2.777131225506795,0.4767606706074239,2.1005126766855327
156,22,74.94442328736412,25.17859904145185,3.110261790540461,0.47465072950372633,2.0757191687594063
156,23,49.683270121332136,12.400105158295935,2.467524817182319,0.32422777297895733,1.7294757178584876
156,24,34.131003960127636,4.419065579188391,1.940255402221734,0.2687096378842153,1.5787843488184456
156,25,41.20579578241191,20.02998661295719,1.571909850398887,0.287221419038139,1.5976549153633728
156,26,52.52986000322543,11.691572334080961,2.882210309356935,0.54084982433855,2.183692044446787
156,27,69.14587551913912,37.756911899686074,2.3451129655832954,0.4186648654129166,1.8458755340684798
156,28,53.82710091359696,18.07923108210805,2.888088816967582,0.6175767288077605,2.3260256923957674
156,29,24.942331186366665,3.274822582023836,2.3252290355475447,0.4743873139586108,1.9413468648141978
156,30,39.27728460990626,7.250644435037261,3.6755531166743185,0.6965338841598236,2.690321917868245
156,31,43.46324897429673,7.961760012860229,2.6091760183453077,0.6236124400769385,2.33610711780064
157,0,20.376921187219565,4.3744340582909595,6.035350019037892,0.9944293733856284,3.545627992983407
157,1,68.02690914434652,36.63865993453281,2.426124524593191,0.37084724708745753,1.8145289188624676
157,2,22.935712619877858,7.114110277710984,1.1588774621465556,0.19776818208554858,1.3965614345678397
157,3,39.7083172797048,16.60442981856709,1.5469710392329297,0.2063443106630749,1.4425438718350712
157,4,64.57543658157043,30.556806885604622,1.8592682071054423,0.28511156317102104,1.6090449841161465
157,5,89.37035294004825,52.35091885280703,2.4117167578735605,0.5212102594047447,2.056654216718854
157,6,104.72880517486337,55.93257976772882,3.096066868391107,0.48018553746548065,2.0878609834930417
157,7,75.83973552355101,33.21662201208849,4.004464302472618,0.43741898227483667,2.0942030364734414
157,8,93.11594285097127,51.80713666282857,4.1764281843394935,0.5593784612932735,2.4116064300915023
157,9,103.53630923968916,56.293617791002475,4.521795763707946,0.7403445412262997,2.824695043301626
157,10,80.2738446401541,34.74616265051608,4.219433971799825,0.8418276829634266,3.2317818065955883
157,11,75.2951772668161,33.19984007581218,4.592688047269258,0.7266232385983784,2.9194371563814943
157,12,74.4426490719107,31.132432612777333,4.433997634091576,0.5329108384806398,2.2727723598691307
157,13,71.23261725101639,27.863984041184416,4.904332976432239,0.7914755354298881,3.1402500787435215
157,14,77.11216827279245,30.684815732538087,4.417964353226772,0.9318714936521886,3.5145592110364583
157,15,69.7084397070343,28.785019424399735,3.8830596329108875,0.7513953000241145,2.8699589190551955
157,16,83.73415761025288,34.62948378799872,3.828953957250861,0.8029043400239049,2.978860969627902
157,17,86.69576166753575,34.04049656437328,3.9684404374267244,1.0348727913332096,3.5847313587996665
157,18,72.19131223723598,34.41285010497634,3.434827441807653,0.953984842790427,3.154303810373594
157,19,56.32639368439108,24.99342873692703,2.834594545830962,0.5278431172149856,2.1147190978695045
157,20,93.50764589330996,49.1097261753016,3.210843348780542,0.7319829775632405,2.678023334978699
157,21,96.0890911835206,47.90619296091741,3.3923936558100793,0.8993674203431601,3.195730629048345
157,22,102.70955425604654,51.935111264554976,3.454512084038771,0.8753311759303122,3.065175434367029
157,23,74.23470709768179,32.26125701224176,3.0908882120876275,0.5682282903891784,2.2294399931946223
157,24,82.08323223151737,52.0824657014401,2.561070166317349,0.5771222995253522,2.1388396824766
157,25,63.74380416886427,40.30186755320314,2.025883789762762,0.4715270227041768,1.9529378382419393
157,26,60.74055410427482,19.384763991555257,2.8002352907588772,0.6725330399375755,2.4247491766061957
157,27,50.5522831340389,19.584950216208217,2.5881757126256715,0.538799648831104,2.1031895644592438
157,28,60.33595357247309,20.418872159059525,2.9931242991817517,0.7385566457259651,2.541019872753282
157,29,33.97405606584123,10.10274279935177,2.1299832470246005,0.4733397194088842,1.8924751548896892
157,30,52.7667498841183,15.828900927630345,3.910055576715339,0.7746196830742256,2.893142343620589
157,31,50.86034512207331,12.502422292299087,2.679044886159671,0.5777998517697607,2.2597738637404126
158,0,24.403302175018567,3.582258385383953,6.1352281743548005,1.0175284867476115,3.644429318917047
158,1,73.29929416861607,40.09840262391996,2.1063436947162004,0.4672559101303606,1.945768092749147
158,2,39.984941538303275,26.491932338147645,1.2868494098034877,0.28156791013518223,1.5286762580661326
158,3,50.14311192098884,25.594264718525977,2.2810746765877403,0.2981886540001555,1.6514231375271138
158,4,56.417334343610236,29.786419802133658,2.117780726207574,0.4497556802303655,1.8942211022235216
158,5,53.50651339451339,23.827242080717163,2.7992637510302103,0.6220728875429544,2.350057524824204
158,6,75.11717301178913,34.66936931771538,3.360578463448186,0.6469756002518743,2.505185688055612
158,7,58.68992755884348,21.397763271649968,3.964389856853642,0.5868135011698117,2.4575792544927446
158,8,89.04420020748242,48.027158630139084,4.428200540176683,0.82478605296724,3.118816496645689
158,9,45.864463801931386,12.148245854797922,4.6873269206441,0.858385475314769,3.1875484595998818
158,10,42.564791958859274,6.08976553738134,4.093857043368972,0.929415718401648,3.4007998295813437
158,11,43.13261195422115,8.82030084443672,5.055895908438009,0.8565030084605718,3.318051011297466
158,12,71.1946207059639,27.787263603746688,4.866846736199822,0.6372454964399434,2.5846578088583025
158,13,52.18244612106927,18.713037488702696,4.956403899731269,0.963705003163347,3.6365646596984793
158,14,71.86525393053672,22.82740178523226,4.617238051274546,0.880777720846253,3.4117661501911853
158,15,76.87675847664494,36.44295094312012,3.3794750454149343,0.7848797170520712,2.8849098233092834
158,16,92.81956144672829,41.02793958948472,3.427393368307655,0.7205985984086469,2.7797580352385753
158,17,96.85413028706881,49.148108609353145,3.348577429226075,0.8334118263563441,2.9939719205815054
158,18,75.587227001064,39.31321992475944,3.070825328453658,0.7290966272024568,2.6283940183275765
158,19,67.91381036588271,32.94397042009811,2.3172539119538147,0.43098964887267766,1.9135855562602204
158,20,87.59337592438348,41.556106960348345,2.722962025545452,0.6519778763345521,2.4271490592415983
158,21,139.69311134237478,79.78972985265959,2.1439452753730492,0.47509774508473956,2.029015390314447
158,22,121.10246154879432,66.23999296065563,2.644929970254237,0.4941371671118442,2.076322426868421
158,23,120.91769695925117,79.90581328691856,1.6993188101331143,0.3416117447903635,1.680096045589085
158,24,126.1253837431993,90.0425820369657,1.4566340005014582,0.2754871780498176,1.5347633852189786
158,25,87.20928434845601,58.805503821894256,1.0579150627600065,0.18710425968325728,1.3828561424088077
158,26,108.21907995547433,55.835759367310885,2.208370812781058,0.4632964562615802,1.9766852578845704
158,27,104.04687920533513,62.84197797981772,1.6964269891526604,0.4334069647843717,1.758965766719189
158,28,80.44987168741513,38.273966245745314,2.5004045940177813,0.4738018426649635,2.0631090269545886
158,29,46.93009353959854,17.084721269304886,1.7402517306849972,0.34833355453052706,1.7149743559630273
158,30,95.56432091001884,47.90004042910505,2.8753877282846467,0.5359337066502734,2.2033095118375314
158,31,74.31397276860167,25.71735497733058,2.0510310543065784,0.5934066314359892,2.176402947703265
159,0,28.634148092822183,6.806364747474302,6.021736153845167,1.075154840485145,3.866549196682737
159,1,81.22627359237393,51.23764807969542,2.2368566287237384,0.5058435010807134,2.089578758987249
159,2,46.38289831530382,30.99144677357015,1.3044940109347996,0.23975367100147515,1.499522854953339
159,3,48.91378097190166,25.024921082221027,1.585817334835424,0.3074981068040701,1.6329981348475882
159,4,71.29311527952889,39.647142839577796,1.7213499165707211,0.2949504170624495,1.6516478251662754
159,5,71.96326737110192,35.9357914120296,2.3494905757602256,0.4731872737122975,2.01930702454327
159,6,52.36669797021097,17.181906925973802,2.9183323448987917,0.5314198848706582,2.232450912328697
159,7,82.41860547199431,40.1675913658098,3.3776420653243076,0.5139080101592972,2.2069940859433737
159,8,74.760757854485,37.869626872964886,4.02076130713812,0.7138657677817735,2.878752959932093
159,9,85.25876106545671,41.08109427658774,4.156069970225068,0.6757505286472423,2.7135549835980193
159,10,61.79183647365678,25.09951135033716,3.5801085465782143,0.7871245012675394,2.985589469514189
159,11,70.21673433707846,32.19880278432554,4.4388307286366295,0.7591117276879142,2.98181035750725
159,12,63.93276103946864,20.048294872565414,4.4645131072231035,0.5444670116375496,2.3407542631366676
159,13,50.67459444908166,18.057415644534615,4.601921690088133,0.8483950873707835,3.2480366463163133
159,14,63.82458037604132,21.66579263525408,4.347239307571195,0.7435579475038416,2.9590897845810633
159,15,67.09938696968092,24.720571866245415,3.9466551895621986,0.7501097612500409,2.8927620019551323
159,16,51.195683306620396,9.905872514916922,3.6769339800466057,0.6513073757236469,2.6132660012755657
159,17,46.81627417945292,10.986177377820981,3.4004951965251076,0.715033713897987,2.693357268775232
159,18,61.657209923964814,24.24627431125532,2.827639992472087,0.6680368421478726,2.4353606485959642
159,19,49.0165815061864,23.010882791366015,2.3952138355875836,0.4528743351381581,1.9296669611604031
159,20,62.82201517091649,22.486558187865764,2.4435438960503966,0.43880160547489755,1.951207754184092
159,21,78.02180222865056,23.284628627337465,2.6207158591471442,0.5555336489625278,2.2486636634993338
159,22,76.14931242571592,31.40033809589353,2.550745231411044,0.5668355779915735,2.174235534561691
159,23,91.64786687715869,51.22941199431484,2.0466074179614564,0.3783387764298416,1.771251228262689
159,24,48.64232873776115,21.415358585502286,1.3593607758592996,0.20647822457109366,1.4357165160411398
159,25,22.410370149003473,6.685097457441069,1.097309777070884,0.21981733126733172,1.42528438265598
159,26,61.51091857393861,20.08100788304811,1.9596367391615797,0.43612834655078947,1.8569633019847136
159,27,51.2240146773354,21.611487683577288,1.3899550622877441,0.2737796768406846,1.50006524941859
159,28,50.50163442568147,14.168036114022936,2.0777696410364315,0.3918969679300912,1.8312012025785431
159,29,41.27284909684578,15.96059474774327,1.514723485643136,0.324619828254356,1.627830043497532
159,30,37.705887196505536,6.916270851215338,2.5307985633031578,0.5327125075796135,2.111323285519512
159,31,66.91561921084262,20.928255455725335,2.095817053829748,0.6417460452755819,2.291098540486492
160,0,24.944713674668634,5.172196569847781,6.297413913410754,0.9907776903629006,3.5725521321304003
160,1,58.74268348430427,27.599441617150795,2.0759026522234074,0.41834141596127683,1.8972514530079891
160,2,30.966502376080733,16.49919198118849,1.095252619708265,0.2004088389451293,1.4047072672879397
160,3,36.71959255670998,10.661285465383227,1.9673470316908825,0.2793953056569811,1.6127677468912103
160,4,34.42465101162106,9.153094126309572,1.9414790553395367,0.32332802561445284,1.7124451618187784
160,5,33.00443054203318,8.008788282523216,2.4617659584817293,0.5192550370297688,2.0937213039583016
160,6,41.841588784985476,9.127188651372034,2.9591265172138046,0.5312028460193825,2.233576901975511
160,7,46.991490545812624,12.447426545362408,3.53322477174163,0.4992009522052778,2.214790430154019
160,8,42.358518153672634,12.82019989163325,4.325275038361471,0.7092255270752164,2.892902942876947
160,9,36.59495998474884,5.509571553592745,4.308492135349999,0.6947498407570993,2.7959571039884707
160,10,38.219916444069014,10.241848510760256,3.760643632569047,0.8419515250666478,3.2047956709466314
160,11,43.252277140729966,11.46306666741286,4.347890933768835,0.8131114702931797,3.160419861443895
160,12,37.306603829752035,4.090209120438322,4.386344942306875,0.593942478157615,2.4642252736422607
160,13,35.06701020419477,4.623624127652252,4.8148816812333965,0.7906691670865502,3.154989065030409
160,14,46.431199786391,10.918106014971988,4.1743449197414,0.7676628101936185,3.042277057382908
160,15,55.95207962555061,18.802529400033414,3.6091608132195563,0.7701192488512665,2.9423901111292534
160,16,61.57833494111301,18.048709181368224,3.635758556639831,0.7257779335848547,2.8383149776079044
160,17,69.13683952051056,26.649646554948117,3.4775319415299872,0.6966071835118388,2.727017276659169
160,18,66.86471401681132,32.71941420255999,2.4684210000345663,0.5971346188659563,2.2324571961185686
160,19,54.43236745255486,26.320973648154055,2.303952130679219,0.46115021287198577,1.9626461016202401
160,20,76.39379475173578,34.83862502742912,2.3779932070677363,0.5771568845720685,2.1936874340820163
160,21,105.38315797085514,45.08618515028195,2.406802940763405,0.4923967918759251,2.093325217228196
160,22,107.68168115484119,63.7268278017189,2.4527601602916667,0.46646819850226784,1.9959812877236995
160,23,111.9288854263599,66.83293129538049,1.7718487772380938,0.34760199582997675,1.6898585247676536
160,24,103.79644270259442,69.73807311174421,1.7855243544715016,0.5735567060650943,2.0350457095245718
160,25,44.682670716459576,31.202239967900624,1.4089959438481405,0.44176781672404863,1.7725856575119554
160,26,69.23043311533273,32.18595428580049,2.2189307611264892,0.4194777714076303,1.9179005626049368
160,27,48.99578983835791,19.936125455352663,1.9239824072271512,0.37151322400239994,1.7157654777528621
160,28,65.02200831346187,30.071384501553503,2.2362706153688303,0.4974073434989932,2.090094281911005
160,29,53.17920937269257,28.078301217762814,1.7468922557107809,0.4701228194742977,1.9320539241116481
160,30,54.74430874529009,21.267429650611284,2.953832052617045,0.6261673133403551,2.5042510299630143
160,31,83.27295494309519,31.840819813272873,2.4471479579938267,0.6692012678861907,2.405505872254326
161,0,34.0601074526096,14.467915125093965,5.985048563853212,1.0466413944364579,3.787126470312498
161,1,36.780901209870294,15.47670746711575,1.8519252371244115,0.36303880398000277,1.7715129538007963
161,2,25.127023964264513,12.705354762073906,1.116199861351522,0.22910896007499115,1.4671918184368715
161,3,31.38099744182785,9.208595749227813,1.7022145181324695,0.28585415297125216,1.5883077225101774
161,4,34.12516584359329,10.113606913788454,2.165861040259594,0.37285196998193904,1.8300338381528711
161,5,40.14222878528048,8.089927693913069,2.5334048353301233,0.5010746047182959,2.0908227727721087
161,6,46.61236394422266,10.252361514584706,2.932578859196692,0.5075737009588099,2.1837400756205065
161,7,35.83232860448295,5.110874218721003,3.33156875354037,0.496805695900544,2.146415332741356
161,8,47.476816473630265,11.637936678617791,3.945161163663473,0.6752429383785699,2.7372982295008694
161,9,51.779039819711656,17.78445881575741,4.041805462469347,0.568666560012117,2.40081252862945
161,10,43.16109098960881,10.86029630995919,3.6079194232862872,0.7679771760998677,2.9064242706762307
161,11,55.39471833939683,19.08276901191055,4.327845109565837,0.6018959009062215,2.5475328971009326
161,12,57.88288709521495,16.187282752850532,4.160450756988397,0.5428905618574005,2.2938560849915595
161,13,40.40312298133068,9.466096579186702,4.718931640761708,0.7822157826124752,3.062229823450105
161,14,37.78651264811249,5.5172777426442945,4.4215210948235555,0.7831837802316972,3.108429361725845
161,15,48.32344680323036,9.390065902714676,3.7627619279999767,0.6989646202044959,2.7340280389054703
161,16,62.00885126959002,14.52044966719952,3.702427368257113,0.6807492516197007,2.6728158416439305
161,17,49.1625485716693,14.502924168871395,3.5576045320196457,0.7664214931442555,2.8227712003607843
161,18,53.05511094507028,19.7964455092486,2.6573063110760815,0.5946771509420721,2.2433394802157136
161,19,38.4196010798142,11.572864570789525,2.3381110851919313,0.43721279025570237,1.8815492647569736
161,20,74.49315845689777,28.147760039515216,2.544152979323552,0.45051045212982643,1.991420005374097
161,21,125.56399113851947,60.65462465596976,2.6998759489615254,0.6044654297850314,2.3592784149394013
161,22,108.5159997920474,62.933147230706524,2.5128805919749535,0.6053932110187459,2.2380690393829106
161,23,125.49538238556026,76.11288318278837,2.2266490424925207,0.5079148292058728,2.0151926934513957
161,24,113.52763511866777,68.4641464305453,1.5214702110460085,0.2727052485090411,1.555362832210956
161,25,63.94817561763118,41.110822095872074,1.235063810511304,0.31662293664987473,1.5844749088004906
161,26,103.38842191904331,54.74499052178346,2.187299808464121,0.5549187316943227,2.0991121287639647
161,27,76.36582233254865,38.62677151147881,1.6775461372430291,0.46385776411517665,1.8027548005308809
161,28,92.39089168726109,44.92664561230272,2.3075565888289917,0.535766038891134,2.1275443175562363
161,29,50.12370753939912,19.052053381581032,1.7059427485187162,0.4012178411974392,1.7472795930988776
161,30,83.61075549810491,41.0961376051912,2.864096277320744,0.6734163303503924,2.495814007464667
161,31,94.18449267722615,41.17734174982546,2.4088986238105377,0.6999092165787522,2.4617988536633844
162,0,52.168229718871345,29.24930447773725,6.042229784633543,1.0168657668448446,3.6161782554971813
162,1,60.24579850997044,25.76498203950198,1.9350782698936333,0.3587887972435204,1.748859156472071
162,2,28.94583130418593,14.414990611557515,1.0506421202069007,0.196206436150816,1.3949921353607682
162,3,35.244783620739945,9.791185956112113,1.9994826975743296,0.2680376576673218,1.5671167855523407
162,4,51.23612950859719,21.162256412157383,2.0216364523473582,0.36568754461349995,1.761745770385562
162,5,46.73041092730654,20.3989948388843,2.642146667085639,0.6224903525680268,2.3461161339417766
162,6,68.29031600711161,26.18740700460932,3.251882450991143,0.5368226646896685,2.283456476405469
162,7,75.30294374584149,32.90080794743792,3.5040662569714707,0.5169225902229906,2.242149463613827
162,8,62.99552600233672,27.46099595099346,4.196550616249959,0.822736869355829,3.0835427804063498
162,9,69.12505305298413,30.378734690626448,4.406158485451634,0.7837909676778363,3.0680362932607363
162,10,56.09851197585304,22.529902976888316,3.8240833760319877,0.7875862582106432,3.0998852194486273
162,11,84.39074467637413,40.219979859511355,4.677129583631762,0.7664383165329252,3.0235341368662727
162,12,61.85878291748479,23.75001231373292,4.3563847033303515,0.5831125551949841,2.4299268391993465
162,13,49.03269505260997,15.15966506605486,4.871187739820397,0.6967304280864139,2.867159315200894
162,14,75.49916789395289,31.810968984973755,4.024139296196729,0.646606677182989,2.7020125757768443
162,15,79.77124507303597,37.341799414047706,3.4909591816621526,0.6814719167300942,2.6580470278559423
162,16,75.28128224472749,30.542317206312916,3.6891123633225056,0.8075606627231271,2.9887554447873974
162,17,67.52138950851752,26.134142592552433,3.8218051608020756,0.748169161010098,2.8622459688061994
162,18,71.92153643960899,32.76029054749773,2.306520600486245,0.424353459796202,1.884396634121782
162,19,45.463360387180956,15.061865606290334,2.367032858938746,0.44187443370604607,1.9249215774720205
162,20,65.3213432740769,24.22747285652309,2.7198797145686235,0.550833996168218,2.20398140183673
162,21,126.77004338956287,65.29796034240232,2.396723806504064,0.4447210671404269,1.9984507504980218
162,22,124.27087121529175,62.78529283782211,2.3591104126455074,0.543662176661436,2.1150896028125743
162,23,129.329494630066,77.91014554662459,1.8504533488223585,0.3279487529778189,1.6711656635535785
162,24,123.39627131872953,73.28140016449673,2.059225058767731,0.6349920101469726,2.1952297921550983
162,25,67.85440138740918,46.27013494105423,1.6185503812410127,0.4700070534010614,1.8424723390535565
162,26,95.55425511113935,42.35045925920959,2.6595511015244435,0.5042493484447546,2.1291410441121275
162,27,76.90688766799838,36.511830554008554,2.2734181531017406,0.4012574257414059,1.8146869781641604
162,28,77.2317036914977,28.955360272182162,2.670211864509678,0.55678217645983,2.2851427781939737
162,29,49.77315606463041,21.64709621220876,2.0740367807330546,0.5543921522545752,2.1429719277556933
162,30,79.41025739836682,36.77443117480679,3.5647213534752904,0.7951633093946606,3.0275834233326497
162,31,109.09629610273007,52.72531076288111,2.6191820063285167,0.7237774539613961,2.551263489975497
163,0,81.33970688022342,55.793714127315056,6.253331800961424,1.300701266532326,4.8501479980009465
163,1,84.72413382403059,48.474159384229736,2.380457223183255,0.4818579914121779,2.015055192429461
163,2,34.20761264274295,16.2534743283246,1.1363287340810984,0.19167445328722055,1.4128822178037383
163,3,56.646626474496856,30.205049504310754,1.8622330593302556,0.36198265062161505,1.750487959088736
163,4,106.2924682861847,70.12166244108494,2.2392998316403094,0.37268071979986406,1.8378595986146087
163,5,92.0128893723428,53.862485812364014,2.94395667564698,0.6018170508684899,2.4157404096534316
163,6,120.76413024361993,71.73352005742484,3.5649396066059333,0.6605434769588268,2.6329414374891855
163,7,80.11974821397058,37.915811427144604,3.8628505987857182,0.6428624250060877,2.6161005505360535
163,8,96.48562961626982,56.844722251796924,4.498555859481241,0.8328170812504831,3.2632827585219846
163,9,99.32038891942719,54.94967001195701,4.778459698041859,0.6907345745050559,2.8927295852865953
163,10,92.26532614760677,50.12433430896003,4.347848459075643,0.9811281141181674,3.7121311589746186
163,11,100.79299482167612,57.65171616754148,4.711372639621295,0.6596924614412529,2.7369192671906113
163,12,83.55151343189469,37.85884674387277,5.021514697314947,0.6040089072501296,2.567433236275977
163,13,107.94839861724714,64.68844567118583,5.467411200577979,0.886211039139571,3.5286550794113727
163,14,127.16404734383917,78.44015336567503,5.037263057100047,0.896342079931534,3.544396200088778
163,15,112.55561897651482,64.4927969937028,4.329817116556033,0.9088746436145705,3.459079823399419
163,16,91.34258253896266,43.08946943861842,4.3710693726013,0.8574951781632985,3.3448145625264334
163,17,86.5139582067379,38.934848124864516,4.57091927542726,0.8792387473548242,3.4322290970243965
163,18,102.26299112579261,60.49719172905785,3.6707916681432273,0.7272535783296696,2.6687949387991794
163,19,43.962152682162944,13.543364300107047,3.13408395955605,0.6688241898298886,2.41556021298936
163,20,75.11649391720707,26.62974693001449,3.584811805871582,0.6546286388458524,2.5985939333207657
163,21,92.00783696777347,29.48502800488363,3.4132898833073573,0.6373626090379942,2.574722523132486
163,22,113.41083828443328,59.164113489366486,3.7261579607003923,0.7195713645302004,2.8200926173394154
163,23,66.51947839339351,21.598196497048917,2.8480757182402954,0.455006037890878,2.0212032561856823
163,24,80.59865951092057,43.44131843591828,2.9691531124356,0.7974213980201723,2.787087129493132
163,25,66.2621789035318,39.67848266738291,2.5293233880120427,0.8247579094524413,2.8184540203661927
163,26,83.86444273447987,32.177910090004374,3.4395619842440874,0.8463085571794844,2.9775664681555
163,27,83.36829509321261,43.629502457676104,2.9580585429370507,0.7861026947461807,2.711247934571066
163,28,73.2721511831032,28.573779698436194,3.030097461877992,0.8447116040946274,2.9034606067992845
163,29,55.74174141808449,22.495128319698882,2.7554351426509403,0.9135458532230354,2.86697583439332
163,30,76.75001964075719,32.12378217703112,4.562711253270236,1.0024302455841765,3.678415058653345
163,31,116.17606024176649,63.42606343726467,2.9036711669947133,0.7345693467320231,2.6603759820529227
