{"pid": 161896, "unix_time": 1789266275.9772599, "status": "loading_model", "stage": "features"}
Loading checkpoint shards:   0%|          | 0/4 [00:00<?, ?it/s]Loading checkpoint shards:  25%|██▌       | 1/4 [00:01<00:03,  1.09s/it]Loading checkpoint shards:  50%|█████     | 2/4 [00:02<00:02,  1.06s/it]Loading checkpoint shards:  75%|███████▌  | 3/4 [00:03<00:01,  1.02s/it]Loading checkpoint shards: 100%|██████████| 4/4 [00:03<00:00,  1.42it/s]Loading checkpoint shards: 100%|██████████| 4/4 [00:03<00:00,  1.20it/s]
{"pid": 161896, "unix_time": 1789266280.1069205, "status": "running", "stage": "features", "chunk": 0, "documents_total": 2377}
{"pid": 161896, "unix_time": 1789266280.8099635, "status": "running", "stage": "features", "chunk": 1, "documents_total": 2377}
{"pid": 161896, "unix_time": 1789266281.1712275, "status": "running", "stage": "features", "chunk": 2, "documents_total": 2377}
{"pid": 161896, "unix_time": 1789266281.523569, "status": "running", "stage": "features", "chunk": 3, "documents_total": 2377}
{"pid": 161896, "unix_time": 1789266282.0268638, "status": "running", "stage": "features", "chunk": 4, "documents_total": 2377}
{"pid": 161896, "unix_time": 1789266282.552286, "status": "running", "stage": "features", "chunk": 5, "documents_total": 2377}
{"pid": 161896, "unix_time": 1789266283.0478218, "status": "running", "stage": "features", "chunk": 6, "documents_total": 2377}
{"pid": 161896, "unix_time": 1789266283.501687, "status": "running", "stage": "features", "chunk": 7, "documents_total": 2377}
{"pid": 161896, "unix_time": 1789266283.869868, "status": "running", "stage": "features", "chunk": 8, "documents_total": 2377}
{"pid": 161896, "unix_time": 1789266284.2472453, "status": "running", "stage": "features", "chunk": 9, "documents_total": 2377}
{"pid": 161896, "unix_time": 1789266284.61607, "status": "running", "stage": "features", "chunk": 10, "documents_total": 2377}
{"pid": 161896, "unix_time": 1789266284.9627569, "status": "running", "stage": "features", "chunk": 11, "documents_total": 2377}
{"pid": 161896, "unix_time": 1789266285.3201702, "status": "running", "stage": "features", "chunk": 12, "documents_total": 2377}
{"pid": 161896, "unix_time": 1789266285.6657712, "status": "running", "stage": "features", "chunk": 13, "documents_total": 2377}
{"pid": 161896, "unix_time": 1789266286.0200877, "status": "running", "stage": "features", "chunk": 14, "documents_total": 2377}
{"pid": 161896, "unix_time": 1789266286.3771954, "status": "running", "stage": "features", "chunk": 15, "documents_total": 2377}
{"pid": 161896, "unix_time": 1789266286.744477, "status": "running", "stage": "features", "chunk": 16, "documents_total": 2377}
{"pid": 161896, "unix_time": 1789266287.1047084, "status": "running", "stage": "features", "chunk": 17, "documents_total": 2377}
{"pid": 161896, "unix_time": 1789266287.5166848, "status": "running", "stage": "features", "chunk": 18, "documents_total": 2377}
{"pid": 161896, "unix_time": 1789266287.8651733, "status": "running", "stage": "features", "chunk": 19, "documents_total": 2377}
{"pid": 161896, "unix_time": 1789266288.22432, "status": "running", "stage": "features", "chunk": 20, "documents_total": 2377}
{"pid": 161896, "unix_time": 1789266288.608172, "status": "running", "stage": "features", "chunk": 21, "documents_total": 2377}
{"pid": 161896, "unix_time": 1789266288.9659243, "status": "running", "stage": "features", "chunk": 22, "documents_total": 2377}
{"pid": 161896, "unix_time": 1789266289.3252182, "status": "running", "stage": "features", "chunk": 23, "documents_total": 2377}
{"pid": 161896, "unix_time": 1789266289.6977441, "status": "running", "stage": "features", "chunk": 24, "documents_total": 2377}
{"pid": 161896, "unix_time": 1789266290.062135, "status": "running", "stage": "features", "chunk": 25, "documents_total": 2377}
{"pid": 161896, "unix_time": 1789266290.417178, "status": "running", "stage": "features", "chunk": 26, "documents_total": 2377}
{"pid": 161896, "unix_time": 1789266290.7998788, "status": "running", "stage": "features", "chunk": 27, "documents_total": 2377}
{"pid": 161896, "unix_time": 1789266291.1551645, "status": "running", "stage": "features", "chunk": 28, "documents_total": 2377}
{"pid": 161896, "unix_time": 1789266291.5298624, "status": "running", "stage": "features", "chunk": 29, "documents_total": 2377}
{"pid": 161896, "unix_time": 1789266291.988708, "status": "running", "stage": "features", "chunk": 30, "documents_total": 2377}
{"pid": 161896, "unix_time": 1789266292.3898864, "status": "running", "stage": "features", "chunk": 31, "documents_total": 2377}
{"pid": 161896, "unix_time": 1789266292.7795782, "status": "running", "stage": "features", "chunk": 32, "documents_total": 2377}
{"pid": 161896, "unix_time": 1789266293.1950483, "status": "running", "stage": "features", "chunk": 33, "documents_total": 2377}
{"pid": 161896, "unix_time": 1789266293.6056328, "status": "running", "stage": "features", "chunk": 34, "documents_total": 2377}
{"pid": 161896, "unix_time": 1789266293.9749713, "status": "running", "stage": "features", "chunk": 35, "documents_total": 2377}
{"pid": 161896, "unix_time": 1789266294.3358316, "status": "running", "stage": "features", "chunk": 36, "documents_total": 2377}
{"pid": 161896, "unix_time": 1789266294.6898487, "status": "running", "stage": "features", "chunk": 37, "documents_total": 2377}
{"pid": 161896, "unix_time": 1789266295.0343173, "status": "running", "stage": "features", "chunk": 38, "documents_total": 2377}
{"pid": 161896, "unix_time": 1789266295.387913, "status": "running", "stage": "features", "chunk": 39, "documents_total": 2377}
{"pid": 161896, "unix_time": 1789266295.7404594, "status": "running", "stage": "features", "chunk": 40, "documents_total": 2377}
{"pid": 161896, "unix_time": 1789266296.1052427, "status": "running", "stage": "features", "chunk": 41, "documents_total": 2377}
{"pid": 161896, "unix_time": 1789266296.4544518, "status": "running", "stage": "features", "chunk": 42, "documents_total": 2377}
{"pid": 161896, "unix_time": 1789266296.8260756, "status": "running", "stage": "features", "chunk": 43, "documents_total": 2377}
{"pid": 161896, "unix_time": 1789266297.1763072, "status": "running", "stage": "features", "chunk": 44, "documents_total": 2377}
{"pid": 161896, "unix_time": 1789266297.6208835, "status": "running", "stage": "features", "chunk": 45, "documents_total": 2377}
{"pid": 161896, "unix_time": 1789266297.971218, "status": "running", "stage": "features", "chunk": 46, "documents_total": 2377}
{"pid": 161896, "unix_time": 1789266298.345932, "status": "running", "stage": "features", "chunk": 47, "documents_total": 2377}
{"pid": 161896, "unix_time": 1789266298.7236981, "status": "running", "stage": "features", "chunk": 48, "documents_total": 2377}
{"pid": 161896, "unix_time": 1789266299.0827198, "status": "running", "stage": "features", "chunk": 49, "documents_total": 2377}
{"pid": 161896, "unix_time": 1789266299.430828, "status": "running", "stage": "features", "chunk": 50, "documents_total": 2377}
{"pid": 161896, "unix_time": 1789266299.828287, "status": "running", "stage": "features", "chunk": 51, "documents_total": 2377}
{"pid": 161896, "unix_time": 1789266300.180274, "status": "running", "stage": "features", "chunk": 52, "documents_total": 2377}
{"pid": 161896, "unix_time": 1789266300.4743867, "status": "running", "stage": "features", "chunk": 53, "documents_total": 2377}
{"pid": 161896, "unix_time": 1789266301.4914834, "status": "running", "stage": "features", "chunk": 54, "documents_total": 2377}
{"pid": 161896, "unix_time": 1789266302.3164926, "status": "running", "stage": "features", "chunk": 55, "documents_total": 2377}
{"pid": 161896, "unix_time": 1789266303.0381796, "status": "running", "stage": "features", "chunk": 56, "documents_total": 2377}
{"pid": 161896, "unix_time": 1789266303.6791475, "status": "running", "stage": "features", "chunk": 57, "documents_total": 2377}
{"pid": 161896, "unix_time": 1789266304.0338483, "status": "running", "stage": "features", "chunk": 58, "documents_total": 2377}
{"pid": 161896, "unix_time": 1789266304.381124, "status": "running", "stage": "features", "chunk": 59, "documents_total": 2377}
{"pid": 161896, "unix_time": 1789266304.7194035, "status": "running", "stage": "features", "chunk": 60, "documents_total": 2377}
{"pid": 161896, "unix_time": 1789266305.0608401, "status": "running", "stage": "features", "chunk": 61, "documents_total": 2377}
{"pid": 161896, "unix_time": 1789266305.4264479, "status": "running", "stage": "features", "chunk": 62, "documents_total": 2377}
{"pid": 161896, "unix_time": 1789266305.7951322, "status": "running", "stage": "features", "chunk": 63, "documents_total": 2377}
{"pid": 161896, "unix_time": 1789266306.1507587, "status": "running", "stage": "features", "chunk": 64, "documents_total": 2377}
{"pid": 161896, "unix_time": 1789266306.5068748, "status": "running", "stage": "features", "chunk": 65, "documents_total": 2377}
{"pid": 161896, "unix_time": 1789266306.8586118, "status": "running", "stage": "features", "chunk": 66, "documents_total": 2377}
{"pid": 161896, "unix_time": 1789266307.215902, "status": "running", "stage": "features", "chunk": 67, "documents_total": 2377}
{"pid": 161896, "unix_time": 1789266307.57619, "status": "running", "stage": "features", "chunk": 68, "documents_total": 2377}
{"pid": 161896, "unix_time": 1789266307.9534883, "status": "running", "stage": "features", "chunk": 69, "documents_total": 2377}
{"pid": 161896, "unix_time": 1789266308.3214002, "status": "running", "stage": "features", "chunk": 70, "documents_total": 2377}
{"pid": 161896, "unix_time": 1789266308.6761334, "status": "running", "stage": "features", "chunk": 71, "documents_total": 2377}
{"pid": 161896, "unix_time": 1789266309.024606, "status": "running", "stage": "features", "chunk": 72, "documents_total": 2377}
{"pid": 161896, "unix_time": 1789266309.3659203, "status": "running", "stage": "features", "chunk": 73, "documents_total": 2377}
{"pid": 161896, "unix_time": 1789266309.7222993, "status": "running", "stage": "features", "chunk": 74, "documents_total": 2377}
{"pid": 161896, "unix_time": 1789266335.9298196, "status": "phase_complete", "stage": "features"}
{"pid": 161896, "unix_time": 1789266338.6453133, "status": "loading_model", "stage": "finite"}
Loading checkpoint shards:   0%|          | 0/5 [00:00<?, ?it/s]Loading checkpoint shards:  20%|██        | 1/5 [00:00<00:03,  1.08it/s]Loading checkpoint shards:  40%|████      | 2/5 [00:01<00:02,  1.12it/s]Loading checkpoint shards:  60%|██████    | 3/5 [00:02<00:01,  1.14it/s]Loading checkpoint shards:  80%|████████  | 4/5 [00:03<00:00,  1.24it/s]Loading checkpoint shards: 100%|██████████| 5/5 [00:03<00:00,  1.64it/s]Loading checkpoint shards: 100%|██████████| 5/5 [00:03<00:00,  1.38it/s]
{"pid": 161896, "unix_time": 1789266343.2290227, "status": "running", "stage": "finite", "response_id": "13803", "slot": 0, "slots_total": 107, "reader_calls": 0}
{"pid": 161896, "unix_time": 1789266343.442574, "status": "running", "stage": "finite", "response_id": "13803", "slot": 1, "slots_total": 107, "reader_calls": 1}
{"pid": 161896, "unix_time": 1789266343.6122262, "status": "running", "stage": "finite", "response_id": "13803", "slot": 2, "slots_total": 107, "reader_calls": 2}
{"pid": 161896, "unix_time": 1789266343.7721088, "status": "running", "stage": "finite", "response_id": "13803", "slot": 3, "slots_total": 107, "reader_calls": 3}
{"pid": 161896, "unix_time": 1789266343.9341748, "status": "running", "stage": "finite", "response_id": "13803", "slot": 4, "slots_total": 107, "reader_calls": 4}
{"pid": 161896, "unix_time": 1789266344.0974972, "status": "running", "stage": "finite", "response_id": "13803", "slot": 5, "slots_total": 107, "reader_calls": 5}
{"pid": 161896, "unix_time": 1789266344.25111, "status": "running", "stage": "finite", "response_id": "13803", "slot": 6, "slots_total": 107, "reader_calls": 6}
{"pid": 161896, "unix_time": 1789266344.4080331, "status": "running", "stage": "finite", "response_id": "13803", "slot": 7, "slots_total": 107, "reader_calls": 7}
{"pid": 161896, "unix_time": 1789266344.5663166, "status": "running", "stage": "finite", "response_id": "13803", "slot": 8, "slots_total": 107, "reader_calls": 8}
{"pid": 161896, "unix_time": 1789266344.7298458, "status": "running", "stage": "finite", "response_id": "13803", "slot": 9, "slots_total": 107, "reader_calls": 9}
{"pid": 161896, "unix_time": 1789266344.8900542, "status": "running", "stage": "finite", "response_id": "13803", "slot": 10, "slots_total": 107, "reader_calls": 10}
{"pid": 161896, "unix_time": 1789266345.0538232, "status": "running", "stage": "finite", "response_id": "13803", "slot": 11, "slots_total": 107, "reader_calls": 11}
{"pid": 161896, "unix_time": 1789266345.209076, "status": "running", "stage": "finite", "response_id": "13803", "slot": 12, "slots_total": 107, "reader_calls": 12}
{"pid": 161896, "unix_time": 1789266345.375586, "status": "running", "stage": "finite", "response_id": "13803", "slot": 13, "slots_total": 107, "reader_calls": 13}
{"pid": 161896, "unix_time": 1789266345.5384102, "status": "running", "stage": "finite", "response_id": "13803", "slot": 14, "slots_total": 107, "reader_calls": 14}
{"pid": 161896, "unix_time": 1789266345.6999784, "status": "running", "stage": "finite", "response_id": "13803", "slot": 15, "slots_total": 107, "reader_calls": 15}
{"pid": 161896, "unix_time": 1789266345.885908, "status": "running", "stage": "finite", "response_id": "13803", "slot": 16, "slots_total": 107, "reader_calls": 16}
{"pid": 161896, "unix_time": 1789266346.055013, "status": "running", "stage": "finite", "response_id": "13803", "slot": 17, "slots_total": 107, "reader_calls": 17}
{"pid": 161896, "unix_time": 1789266346.2164514, "status": "running", "stage": "finite", "response_id": "13803", "slot": 18, "slots_total": 107, "reader_calls": 18}
{"pid": 161896, "unix_time": 1789266346.379505, "status": "running", "stage": "finite", "response_id": "13803", "slot": 19, "slots_total": 107, "reader_calls": 19}
{"pid": 161896, "unix_time": 1789266346.5503094, "status": "running", "stage": "finite", "response_id": "13803", "slot": 20, "slots_total": 107, "reader_calls": 20}
{"pid": 161896, "unix_time": 1789266346.7131817, "status": "running", "stage": "finite", "response_id": "13803", "slot": 21, "slots_total": 107, "reader_calls": 21}
{"pid": 161896, "unix_time": 1789266346.8842003, "status": "running", "stage": "finite", "response_id": "13803", "slot": 22, "slots_total": 107, "reader_calls": 22}
{"pid": 161896, "unix_time": 1789266347.0536194, "status": "running", "stage": "finite", "response_id": "13803", "slot": 23, "slots_total": 107, "reader_calls": 23}
{"pid": 161896, "unix_time": 1789266347.2218995, "status": "running", "stage": "finite", "response_id": "13803", "slot": 24, "slots_total": 107, "reader_calls": 24}
{"pid": 161896, "unix_time": 1789266347.3888302, "status": "running", "stage": "finite", "response_id": "13803", "slot": 25, "slots_total": 107, "reader_calls": 25}
{"pid": 161896, "unix_time": 1789266347.5513122, "status": "running", "stage": "finite", "response_id": "13803", "slot": 26, "slots_total": 107, "reader_calls": 26}
{"pid": 161896, "unix_time": 1789266347.714864, "status": "running", "stage": "finite", "response_id": "13803", "slot": 27, "slots_total": 107, "reader_calls": 27}
{"pid": 161896, "unix_time": 1789266347.8807793, "status": "running", "stage": "finite", "response_id": "13803", "slot": 28, "slots_total": 107, "reader_calls": 28}
{"pid": 161896, "unix_time": 1789266348.0468652, "status": "running", "stage": "finite", "response_id": "13803", "slot": 29, "slots_total": 107, "reader_calls": 29}
{"pid": 161896, "unix_time": 1789266348.216654, "status": "running", "stage": "finite", "response_id": "13803", "slot": 30, "slots_total": 107, "reader_calls": 30}
{"pid": 161896, "unix_time": 1789266348.3848922, "status": "running", "stage": "finite", "response_id": "13803", "slot": 31, "slots_total": 107, "reader_calls": 31}
{"pid": 161896, "unix_time": 1789266348.581627, "status": "running", "stage": "finite", "response_id": "13803", "slot": 32, "slots_total": 107, "reader_calls": 32}
{"pid": 161896, "unix_time": 1789266348.7654862, "status": "running", "stage": "finite", "response_id": "13803", "slot": 33, "slots_total": 107, "reader_calls": 33}
{"pid": 161896, "unix_time": 1789266348.9666493, "status": "running", "stage": "finite", "response_id": "13803", "slot": 34, "slots_total": 107, "reader_calls": 34}
{"pid": 161896, "unix_time": 1789266349.1576328, "status": "running", "stage": "finite", "response_id": "13803", "slot": 35, "slots_total": 107, "reader_calls": 35}
{"pid": 161896, "unix_time": 1789266349.3736567, "status": "running", "stage": "finite", "response_id": "13803", "slot": 36, "slots_total": 107, "reader_calls": 36}
{"pid": 161896, "unix_time": 1789266349.5558777, "status": "running", "stage": "finite", "response_id": "13803", "slot": 37, "slots_total": 107, "reader_calls": 37}
{"pid": 161896, "unix_time": 1789266349.7181773, "status": "running", "stage": "finite", "response_id": "13803", "slot": 38, "slots_total": 107, "reader_calls": 38}
{"pid": 161896, "unix_time": 1789266349.8833547, "status": "running", "stage": "finite", "response_id": "13803", "slot": 39, "slots_total": 107, "reader_calls": 39}
{"pid": 161896, "unix_time": 1789266350.0556514, "status": "running", "stage": "finite", "response_id": "13803", "slot": 40, "slots_total": 107, "reader_calls": 40}
{"pid": 161896, "unix_time": 1789266350.2371602, "status": "running", "stage": "finite", "response_id": "13803", "slot": 41, "slots_total": 107, "reader_calls": 41}
{"pid": 161896, "unix_time": 1789266350.4413433, "status": "running", "stage": "finite", "response_id": "13803", "slot": 42, "slots_total": 107, "reader_calls": 42}
{"pid": 161896, "unix_time": 1789266350.6359181, "status": "running", "stage": "finite", "response_id": "13803", "slot": 43, "slots_total": 107, "reader_calls": 43}
{"pid": 161896, "unix_time": 1789266350.8212035, "status": "running", "stage": "finite", "response_id": "13803", "slot": 44, "slots_total": 107, "reader_calls": 44}
{"pid": 161896, "unix_time": 1789266351.0137405, "status": "running", "stage": "finite", "response_id": "13803", "slot": 45, "slots_total": 107, "reader_calls": 45}
{"pid": 161896, "unix_time": 1789266351.1938336, "status": "running", "stage": "finite", "response_id": "13803", "slot": 46, "slots_total": 107, "reader_calls": 46}
{"pid": 161896, "unix_time": 1789266351.3794763, "status": "running", "stage": "finite", "response_id": "13803", "slot": 47, "slots_total": 107, "reader_calls": 47}
{"pid": 161896, "unix_time": 1789266351.5564415, "status": "running", "stage": "finite", "response_id": "13803", "slot": 48, "slots_total": 107, "reader_calls": 48}
{"pid": 161896, "unix_time": 1789266351.72411, "status": "running", "stage": "finite", "response_id": "13803", "slot": 49, "slots_total": 107, "reader_calls": 49}
{"pid": 161896, "unix_time": 1789266351.9001393, "status": "running", "stage": "finite", "response_id": "13803", "slot": 50, "slots_total": 107, "reader_calls": 50}
{"pid": 161896, "unix_time": 1789266352.076863, "status": "running", "stage": "finite", "response_id": "13803", "slot": 51, "slots_total": 107, "reader_calls": 51}
{"pid": 161896, "unix_time": 1789266352.2557259, "status": "running", "stage": "finite", "response_id": "13803", "slot": 52, "slots_total": 107, "reader_calls": 52}
{"pid": 161896, "unix_time": 1789266352.4401019, "status": "running", "stage": "finite", "response_id": "13803", "slot": 53, "slots_total": 107, "reader_calls": 53}
{"pid": 161896, "unix_time": 1789266352.6276107, "status": "running", "stage": "finite", "response_id": "13803", "slot": 54, "slots_total": 107, "reader_calls": 54}
{"pid": 161896, "unix_time": 1789266352.8072731, "status": "running", "stage": "finite", "response_id": "13803", "slot": 55, "slots_total": 107, "reader_calls": 55}
{"pid": 161896, "unix_time": 1789266352.9980404, "status": "running", "stage": "finite", "response_id": "13803", "slot": 56, "slots_total": 107, "reader_calls": 56}
{"pid": 161896, "unix_time": 1789266353.188045, "status": "running", "stage": "finite", "response_id": "13803", "slot": 57, "slots_total": 107, "reader_calls": 57}
{"pid": 161896, "unix_time": 1789266353.3823984, "status": "running", "stage": "finite", "response_id": "13803", "slot": 58, "slots_total": 107, "reader_calls": 58}
{"pid": 161896, "unix_time": 1789266353.5776808, "status": "running", "stage": "finite", "response_id": "13803", "slot": 59, "slots_total": 107, "reader_calls": 59}
{"pid": 161896, "unix_time": 1789266353.7739513, "status": "running", "stage": "finite", "response_id": "13803", "slot": 60, "slots_total": 107, "reader_calls": 60}
{"pid": 161896, "unix_time": 1789266353.9636886, "status": "running", "stage": "finite", "response_id": "13803", "slot": 61, "slots_total": 107, "reader_calls": 61}
{"pid": 161896, "unix_time": 1789266354.1487975, "status": "running", "stage": "finite", "response_id": "13803", "slot": 62, "slots_total": 107, "reader_calls": 62}
{"pid": 161896, "unix_time": 1789266354.334508, "status": "running", "stage": "finite", "response_id": "13803", "slot": 63, "slots_total": 107, "reader_calls": 63}
{"pid": 161896, "unix_time": 1789266354.5218875, "status": "running", "stage": "finite", "response_id": "13803", "slot": 64, "slots_total": 107, "reader_calls": 64}
{"pid": 161896, "unix_time": 1789266354.7044656, "status": "running", "stage": "finite", "response_id": "13803", "slot": 65, "slots_total": 107, "reader_calls": 65}
{"pid": 161896, "unix_time": 1789266354.888026, "status": "running", "stage": "finite", "response_id": "13803", "slot": 66, "slots_total": 107, "reader_calls": 66}
{"pid": 161896, "unix_time": 1789266355.0782206, "status": "running", "stage": "finite", "response_id": "13803", "slot": 67, "slots_total": 107, "reader_calls": 67}
{"pid": 161896, "unix_time": 1789266355.2700405, "status": "running", "stage": "finite", "response_id": "13803", "slot": 68, "slots_total": 107, "reader_calls": 68}
{"pid": 161896, "unix_time": 1789266355.4660628, "status": "running", "stage": "finite", "response_id": "13803", "slot": 69, "slots_total": 107, "reader_calls": 69}
{"pid": 161896, "unix_time": 1789266355.6573377, "status": "running", "stage": "finite", "response_id": "13803", "slot": 70, "slots_total": 107, "reader_calls": 70}
{"pid": 161896, "unix_time": 1789266355.8437386, "status": "running", "stage": "finite", "response_id": "13803", "slot": 71, "slots_total": 107, "reader_calls": 71}
{"pid": 161896, "unix_time": 1789266356.048428, "status": "running", "stage": "finite", "response_id": "13803", "slot": 72, "slots_total": 107, "reader_calls": 72}
{"pid": 161896, "unix_time": 1789266356.240074, "status": "running", "stage": "finite", "response_id": "13803", "slot": 73, "slots_total": 107, "reader_calls": 73}
{"pid": 161896, "unix_time": 1789266356.4292626, "status": "running", "stage": "finite", "response_id": "13803", "slot": 74, "slots_total": 107, "reader_calls": 74}
{"pid": 161896, "unix_time": 1789266356.621437, "status": "running", "stage": "finite", "response_id": "13803", "slot": 75, "slots_total": 107, "reader_calls": 75}
{"pid": 161896, "unix_time": 1789266356.8147004, "status": "running", "stage": "finite", "response_id": "13803", "slot": 76, "slots_total": 107, "reader_calls": 76}
{"pid": 161896, "unix_time": 1789266357.0220752, "status": "running", "stage": "finite", "response_id": "13803", "slot": 77, "slots_total": 107, "reader_calls": 77}
{"pid": 161896, "unix_time": 1789266357.2269528, "status": "running", "stage": "finite", "response_id": "13803", "slot": 78, "slots_total": 107, "reader_calls": 78}
{"pid": 161896, "unix_time": 1789266357.4208653, "status": "running", "stage": "finite", "response_id": "13803", "slot": 79, "slots_total": 107, "reader_calls": 79}
{"pid": 161896, "unix_time": 1789266357.6089482, "status": "running", "stage": "finite", "response_id": "13803", "slot": 80, "slots_total": 107, "reader_calls": 80}
{"pid": 161896, "unix_time": 1789266357.7902129, "status": "running", "stage": "finite", "response_id": "13803", "slot": 81, "slots_total": 107, "reader_calls": 81}
{"pid": 161896, "unix_time": 1789266357.9786944, "status": "running", "stage": "finite", "response_id": "13803", "slot": 82, "slots_total": 107, "reader_calls": 82}
{"pid": 161896, "unix_time": 1789266358.1631398, "status": "running", "stage": "finite", "response_id": "13803", "slot": 83, "slots_total": 107, "reader_calls": 83}
{"pid": 161896, "unix_time": 1789266358.3426356, "status": "running", "stage": "finite", "response_id": "13803", "slot": 84, "slots_total": 107, "reader_calls": 84}
{"pid": 161896, "unix_time": 1789266358.535445, "status": "running", "stage": "finite", "response_id": "13803", "slot": 85, "slots_total": 107, "reader_calls": 85}
{"pid": 161896, "unix_time": 1789266358.7299173, "status": "running", "stage": "finite", "response_id": "13803", "slot": 86, "slots_total": 107, "reader_calls": 86}
{"pid": 161896, "unix_time": 1789266358.9234364, "status": "running", "stage": "finite", "response_id": "13803", "slot": 87, "slots_total": 107, "reader_calls": 87}
{"pid": 161896, "unix_time": 1789266359.1191883, "status": "running", "stage": "finite", "response_id": "13803", "slot": 88, "slots_total": 107, "reader_calls": 88}
{"pid": 161896, "unix_time": 1789266359.3119414, "status": "running", "stage": "finite", "response_id": "13803", "slot": 89, "slots_total": 107, "reader_calls": 89}
{"pid": 161896, "unix_time": 1789266359.5329769, "status": "running", "stage": "finite", "response_id": "13803", "slot": 90, "slots_total": 107, "reader_calls": 90}
{"pid": 161896, "unix_time": 1789266359.7457147, "status": "running", "stage": "finite", "response_id": "13803", "slot": 91, "slots_total": 107, "reader_calls": 91}
{"pid": 161896, "unix_time": 1789266359.944659, "status": "running", "stage": "finite", "response_id": "13803", "slot": 92, "slots_total": 107, "reader_calls": 92}
{"pid": 161896, "unix_time": 1789266360.1535218, "status": "running", "stage": "finite", "response_id": "13803", "slot": 93, "slots_total": 107, "reader_calls": 93}
{"pid": 161896, "unix_time": 1789266360.3886468, "status": "running", "stage": "finite", "response_id": "13803", "slot": 94, "slots_total": 107, "reader_calls": 94}
{"pid": 161896, "unix_time": 1789266360.6039395, "status": "running", "stage": "finite", "response_id": "13803", "slot": 95, "slots_total": 107, "reader_calls": 95}
{"pid": 161896, "unix_time": 1789266360.8202121, "status": "running", "stage": "finite", "response_id": "13803", "slot": 96, "slots_total": 107, "reader_calls": 96}
{"pid": 161896, "unix_time": 1789266361.0378058, "status": "running", "stage": "finite", "response_id": "13803", "slot": 97, "slots_total": 107, "reader_calls": 97}
{"pid": 161896, "unix_time": 1789266361.254051, "status": "running", "stage": "finite", "response_id": "13803", "slot": 98, "slots_total": 107, "reader_calls": 98}
{"pid": 161896, "unix_time": 1789266361.4643195, "status": "running", "stage": "finite", "response_id": "13803", "slot": 99, "slots_total": 107, "reader_calls": 99}
{"pid": 161896, "unix_time": 1789266361.6774793, "status": "running", "stage": "finite", "response_id": "13803", "slot": 100, "slots_total": 107, "reader_calls": 100}
{"pid": 161896, "unix_time": 1789266361.8964312, "status": "running", "stage": "finite", "response_id": "13803", "slot": 101, "slots_total": 107, "reader_calls": 101}
{"pid": 161896, "unix_time": 1789266362.120322, "status": "running", "stage": "finite", "response_id": "13803", "slot": 102, "slots_total": 107, "reader_calls": 102}
{"pid": 161896, "unix_time": 1789266362.3403194, "status": "running", "stage": "finite", "response_id": "13803", "slot": 103, "slots_total": 107, "reader_calls": 103}
{"pid": 161896, "unix_time": 1789266362.5732117, "status": "running", "stage": "finite", "response_id": "13803", "slot": 104, "slots_total": 107, "reader_calls": 104}
{"pid": 161896, "unix_time": 1789266362.7876053, "status": "running", "stage": "finite", "response_id": "13803", "slot": 105, "slots_total": 107, "reader_calls": 105}
{"pid": 161896, "unix_time": 1789266362.9918206, "status": "running", "stage": "finite", "response_id": "13803", "slot": 106, "slots_total": 107, "reader_calls": 106}
{"pid": 161896, "unix_time": 1789266363.4485428, "status": "running", "stage": "finite", "response_id": "15327", "slot": 0, "slots_total": 43, "reader_calls": 107}
{"pid": 161896, "unix_time": 1789266363.57076, "status": "running", "stage": "finite", "response_id": "15327", "slot": 1, "slots_total": 43, "reader_calls": 108}
{"pid": 161896, "unix_time": 1789266363.7051868, "status": "running", "stage": "finite", "response_id": "15327", "slot": 2, "slots_total": 43, "reader_calls": 109}
{"pid": 161896, "unix_time": 1789266363.8460221, "status": "running", "stage": "finite", "response_id": "15327", "slot": 3, "slots_total": 43, "reader_calls": 110}
{"pid": 161896, "unix_time": 1789266365.7496753, "status": "running", "stage": "finite", "response_id": "15327", "slot": 4, "slots_total": 43, "reader_calls": 127}
{"pid": 161896, "unix_time": 1789266365.8912413, "status": "running", "stage": "finite", "response_id": "15327", "slot": 5, "slots_total": 43, "reader_calls": 128}
{"pid": 161896, "unix_time": 1789266366.0312762, "status": "running", "stage": "finite", "response_id": "15327", "slot": 6, "slots_total": 43, "reader_calls": 129}
{"pid": 161896, "unix_time": 1789266366.1672127, "status": "running", "stage": "finite", "response_id": "15327", "slot": 7, "slots_total": 43, "reader_calls": 130}
{"pid": 161896, "unix_time": 1789266366.3119056, "status": "running", "stage": "finite", "response_id": "15327", "slot": 8, "slots_total": 43, "reader_calls": 131}
{"pid": 161896, "unix_time": 1789266366.4537697, "status": "running", "stage": "finite", "response_id": "15327", "slot": 9, "slots_total": 43, "reader_calls": 132}
{"pid": 161896, "unix_time": 1789266366.5922372, "status": "running", "stage": "finite", "response_id": "15327", "slot": 10, "slots_total": 43, "reader_calls": 133}
{"pid": 161896, "unix_time": 1789266366.7316391, "status": "running", "stage": "finite", "response_id": "15327", "slot": 11, "slots_total": 43, "reader_calls": 134}
{"pid": 161896, "unix_time": 1789266366.900621, "status": "running", "stage": "finite", "response_id": "15327", "slot": 12, "slots_total": 43, "reader_calls": 135}
{"pid": 161896, "unix_time": 1789266367.0470257, "status": "running", "stage": "finite", "response_id": "15327", "slot": 13, "slots_total": 43, "reader_calls": 136}
{"pid": 161896, "unix_time": 1789266367.1885276, "status": "running", "stage": "finite", "response_id": "15327", "slot": 14, "slots_total": 43, "reader_calls": 137}
{"pid": 161896, "unix_time": 1789266367.3258255, "status": "running", "stage": "finite", "response_id": "15327", "slot": 15, "slots_total": 43, "reader_calls": 138}
{"pid": 161896, "unix_time": 1789266367.463602, "status": "running", "stage": "finite", "response_id": "15327", "slot": 16, "slots_total": 43, "reader_calls": 139}
{"pid": 161896, "unix_time": 1789266367.6007752, "status": "running", "stage": "finite", "response_id": "15327", "slot": 17, "slots_total": 43, "reader_calls": 140}
{"pid": 161896, "unix_time": 1789266367.7414536, "status": "running", "stage": "finite", "response_id": "15327", "slot": 18, "slots_total": 43, "reader_calls": 141}
{"pid": 161896, "unix_time": 1789266367.8832574, "status": "running", "stage": "finite", "response_id": "15327", "slot": 19, "slots_total": 43, "reader_calls": 142}
{"pid": 161896, "unix_time": 1789266368.032328, "status": "running", "stage": "finite", "response_id": "15327", "slot": 20, "slots_total": 43, "reader_calls": 143}
{"pid": 161896, "unix_time": 1789266368.171803, "status": "running", "stage": "finite", "response_id": "15327", "slot": 21, "slots_total": 43, "reader_calls": 144}
{"pid": 161896, "unix_time": 1789266368.3080742, "status": "running", "stage": "finite", "response_id": "15327", "slot": 22, "slots_total": 43, "reader_calls": 145}
{"pid": 161896, "unix_time": 1789266368.4490883, "status": "running", "stage": "finite", "response_id": "15327", "slot": 23, "slots_total": 43, "reader_calls": 146}
{"pid": 161896, "unix_time": 1789266368.5788295, "status": "running", "stage": "finite", "response_id": "15327", "slot": 24, "slots_total": 43, "reader_calls": 147}
{"pid": 161896, "unix_time": 1789266368.716109, "status": "running", "stage": "finite", "response_id": "15327", "slot": 25, "slots_total": 43, "reader_calls": 148}
{"pid": 161896, "unix_time": 1789266368.8821163, "status": "running", "stage": "finite", "response_id": "15327", "slot": 26, "slots_total": 43, "reader_calls": 149}
{"pid": 161896, "unix_time": 1789266369.0440044, "status": "running", "stage": "finite", "response_id": "15327", "slot": 27, "slots_total": 43, "reader_calls": 150}
{"pid": 161896, "unix_time": 1789266369.1951826, "status": "running", "stage": "finite", "response_id": "15327", "slot": 28, "slots_total": 43, "reader_calls": 151}
{"pid": 161896, "unix_time": 1789266370.955963, "status": "running", "stage": "finite", "response_id": "15327", "slot": 29, "slots_total": 43, "reader_calls": 164}
{"pid": 161896, "unix_time": 1789266371.099322, "status": "running", "stage": "finite", "response_id": "15327", "slot": 30, "slots_total": 43, "reader_calls": 165}
{"pid": 161896, "unix_time": 1789266371.2433774, "status": "running", "stage": "finite", "response_id": "15327", "slot": 31, "slots_total": 43, "reader_calls": 166}
{"pid": 161896, "unix_time": 1789266371.4037194, "status": "running", "stage": "finite", "response_id": "15327", "slot": 32, "slots_total": 43, "reader_calls": 167}
{"pid": 161896, "unix_time": 1789266373.2140336, "status": "running", "stage": "finite", "response_id": "15327", "slot": 33, "slots_total": 43, "reader_calls": 180}
{"pid": 161896, "unix_time": 1789266373.3545842, "status": "running", "stage": "finite", "response_id": "15327", "slot": 34, "slots_total": 43, "reader_calls": 181}
{"pid": 161896, "unix_time": 1789266373.5205114, "status": "running", "stage": "finite", "response_id": "15327", "slot": 35, "slots_total": 43, "reader_calls": 182}
{"pid": 161896, "unix_time": 1789266373.671122, "status": "running", "stage": "finite", "response_id": "15327", "slot": 36, "slots_total": 43, "reader_calls": 183}
{"pid": 161896, "unix_time": 1789266373.8188, "status": "running", "stage": "finite", "response_id": "15327", "slot": 37, "slots_total": 43, "reader_calls": 184}
{"pid": 161896, "unix_time": 1789266373.973027, "status": "running", "stage": "finite", "response_id": "15327", "slot": 38, "slots_total": 43, "reader_calls": 185}
{"pid": 161896, "unix_time": 1789266374.1236777, "status": "running", "stage": "finite", "response_id": "15327", "slot": 39, "slots_total": 43, "reader_calls": 186}
{"pid": 161896, "unix_time": 1789266374.2734437, "status": "running", "stage": "finite", "response_id": "15327", "slot": 40, "slots_total": 43, "reader_calls": 187}
{"pid": 161896, "unix_time": 1789266374.4214134, "status": "running", "stage": "finite", "response_id": "15327", "slot": 41, "slots_total": 43, "reader_calls": 188}
{"pid": 161896, "unix_time": 1789266374.5714526, "status": "running", "stage": "finite", "response_id": "15327", "slot": 42, "slots_total": 43, "reader_calls": 189}
{"pid": 161896, "unix_time": 1789266374.8794165, "status": "running", "stage": "finite", "response_id": "13801", "slot": 0, "slots_total": 29, "reader_calls": 190}
{"pid": 161896, "unix_time": 1789266375.0378366, "status": "running", "stage": "finite", "response_id": "13801", "slot": 1, "slots_total": 29, "reader_calls": 191}
{"pid": 161896, "unix_time": 1789266375.1943417, "status": "running", "stage": "finite", "response_id": "13801", "slot": 2, "slots_total": 29, "reader_calls": 192}
{"pid": 161896, "unix_time": 1789266375.3519242, "status": "running", "stage": "finite", "response_id": "13801", "slot": 3, "slots_total": 29, "reader_calls": 193}
{"pid": 161896, "unix_time": 1789266375.5277247, "status": "running", "stage": "finite", "response_id": "13801", "slot": 4, "slots_total": 29, "reader_calls": 194}
{"pid": 161896, "unix_time": 1789266375.682379, "status": "running", "stage": "finite", "response_id": "13801", "slot": 5, "slots_total": 29, "reader_calls": 195}
{"pid": 161896, "unix_time": 1789266375.834455, "status": "running", "stage": "finite", "response_id": "13801", "slot": 6, "slots_total": 29, "reader_calls": 196}
{"pid": 161896, "unix_time": 1789266375.9867735, "status": "running", "stage": "finite", "response_id": "13801", "slot": 7, "slots_total": 29, "reader_calls": 197}
{"pid": 161896, "unix_time": 1789266376.1542442, "status": "running", "stage": "finite", "response_id": "13801", "slot": 8, "slots_total": 29, "reader_calls": 198}
{"pid": 161896, "unix_time": 1789266378.4992857, "status": "running", "stage": "finite", "response_id": "13801", "slot": 9, "slots_total": 29, "reader_calls": 215}
{"pid": 161896, "unix_time": 1789266378.649041, "status": "running", "stage": "finite", "response_id": "13801", "slot": 10, "slots_total": 29, "reader_calls": 216}
{"pid": 161896, "unix_time": 1789266378.7940075, "status": "running", "stage": "finite", "response_id": "13801", "slot": 11, "slots_total": 29, "reader_calls": 217}
{"pid": 161896, "unix_time": 1789266378.9385579, "status": "running", "stage": "finite", "response_id": "13801", "slot": 12, "slots_total": 29, "reader_calls": 218}
{"pid": 161896, "unix_time": 1789266379.106376, "status": "running", "stage": "finite", "response_id": "13801", "slot": 13, "slots_total": 29, "reader_calls": 219}
{"pid": 161896, "unix_time": 1789266379.270811, "status": "running", "stage": "finite", "response_id": "13801", "slot": 14, "slots_total": 29, "reader_calls": 220}
{"pid": 161896, "unix_time": 1789266379.432884, "status": "running", "stage": "finite", "response_id": "13801", "slot": 15, "slots_total": 29, "reader_calls": 221}
{"pid": 161896, "unix_time": 1789266379.592297, "status": "running", "stage": "finite", "response_id": "13801", "slot": 16, "slots_total": 29, "reader_calls": 222}
{"pid": 161896, "unix_time": 1789266379.7581902, "status": "running", "stage": "finite", "response_id": "13801", "slot": 17, "slots_total": 29, "reader_calls": 223}
{"pid": 161896, "unix_time": 1789266379.932717, "status": "running", "stage": "finite", "response_id": "13801", "slot": 18, "slots_total": 29, "reader_calls": 224}
{"pid": 161896, "unix_time": 1789266380.1051595, "status": "running", "stage": "finite", "response_id": "13801", "slot": 19, "slots_total": 29, "reader_calls": 225}
{"pid": 161896, "unix_time": 1789266380.2760274, "status": "running", "stage": "finite", "response_id": "13801", "slot": 20, "slots_total": 29, "reader_calls": 226}
{"pid": 161896, "unix_time": 1789266380.4536335, "status": "running", "stage": "finite", "response_id": "13801", "slot": 21, "slots_total": 29, "reader_calls": 227}
{"pid": 161896, "unix_time": 1789266380.6231859, "status": "running", "stage": "finite", "response_id": "13801", "slot": 22, "slots_total": 29, "reader_calls": 228}
{"pid": 161896, "unix_time": 1789266380.7947392, "status": "running", "stage": "finite", "response_id": "13801", "slot": 23, "slots_total": 29, "reader_calls": 229}
{"pid": 161896, "unix_time": 1789266380.966512, "status": "running", "stage": "finite", "response_id": "13801", "slot": 24, "slots_total": 29, "reader_calls": 230}
{"pid": 161896, "unix_time": 1789266381.1399727, "status": "running", "stage": "finite", "response_id": "13801", "slot": 25, "slots_total": 29, "reader_calls": 231}
{"pid": 161896, "unix_time": 1789266381.3165765, "status": "running", "stage": "finite", "response_id": "13801", "slot": 26, "slots_total": 29, "reader_calls": 232}
{"pid": 161896, "unix_time": 1789266381.5030835, "status": "running", "stage": "finite", "response_id": "13801", "slot": 27, "slots_total": 29, "reader_calls": 233}
{"pid": 161896, "unix_time": 1789266381.6759923, "status": "running", "stage": "finite", "response_id": "13801", "slot": 28, "slots_total": 29, "reader_calls": 234}
{"pid": 161896, "unix_time": 1789266381.9609966, "status": "running", "stage": "finite", "response_id": "15325", "slot": 0, "slots_total": 27, "reader_calls": 235}
{"pid": 161896, "unix_time": 1789266382.0947785, "status": "running", "stage": "finite", "response_id": "15325", "slot": 1, "slots_total": 27, "reader_calls": 236}
{"pid": 161896, "unix_time": 1789266382.2249184, "status": "running", "stage": "finite", "response_id": "15325", "slot": 2, "slots_total": 27, "reader_calls": 237}
{"pid": 161896, "unix_time": 1789266382.3571544, "status": "running", "stage": "finite", "response_id": "15325", "slot": 3, "slots_total": 27, "reader_calls": 238}
{"pid": 161896, "unix_time": 1789266382.505248, "status": "running", "stage": "finite", "response_id": "15325", "slot": 4, "slots_total": 27, "reader_calls": 239}
{"pid": 161896, "unix_time": 1789266382.6396394, "status": "running", "stage": "finite", "response_id": "15325", "slot": 5, "slots_total": 27, "reader_calls": 240}
{"pid": 161896, "unix_time": 1789266382.771052, "status": "running", "stage": "finite", "response_id": "15325", "slot": 6, "slots_total": 27, "reader_calls": 241}
{"pid": 161896, "unix_time": 1789266382.906625, "status": "running", "stage": "finite", "response_id": "15325", "slot": 7, "slots_total": 27, "reader_calls": 242}
{"pid": 161896, "unix_time": 1789266383.0444233, "status": "running", "stage": "finite", "response_id": "15325", "slot": 8, "slots_total": 27, "reader_calls": 243}
{"pid": 161896, "unix_time": 1789266383.1908278, "status": "running", "stage": "finite", "response_id": "15325", "slot": 9, "slots_total": 27, "reader_calls": 244}
{"pid": 161896, "unix_time": 1789266383.3346303, "status": "running", "stage": "finite", "response_id": "15325", "slot": 10, "slots_total": 27, "reader_calls": 245}
{"pid": 161896, "unix_time": 1789266383.4780607, "status": "running", "stage": "finite", "response_id": "15325", "slot": 11, "slots_total": 27, "reader_calls": 246}
{"pid": 161896, "unix_time": 1789266383.6185591, "status": "running", "stage": "finite", "response_id": "15325", "slot": 12, "slots_total": 27, "reader_calls": 247}
{"pid": 161896, "unix_time": 1789266385.62509, "status": "running", "stage": "finite", "response_id": "15325", "slot": 13, "slots_total": 27, "reader_calls": 264}
{"pid": 161896, "unix_time": 1789266387.6537716, "status": "running", "stage": "finite", "response_id": "15325", "slot": 14, "slots_total": 27, "reader_calls": 281}
{"pid": 161896, "unix_time": 1789266387.7810225, "status": "running", "stage": "finite", "response_id": "15325", "slot": 15, "slots_total": 27, "reader_calls": 282}
{"pid": 161896, "unix_time": 1789266389.8663633, "status": "running", "stage": "finite", "response_id": "15325", "slot": 16, "slots_total": 27, "reader_calls": 299}
{"pid": 161896, "unix_time": 1789266390.0253515, "status": "running", "stage": "finite", "response_id": "15325", "slot": 17, "slots_total": 27, "reader_calls": 300}
{"pid": 161896, "unix_time": 1789266390.1747591, "status": "running", "stage": "finite", "response_id": "15325", "slot": 18, "slots_total": 27, "reader_calls": 301}
{"pid": 161896, "unix_time": 1789266390.3220608, "status": "running", "stage": "finite", "response_id": "15325", "slot": 19, "slots_total": 27, "reader_calls": 302}
{"pid": 161896, "unix_time": 1789266392.400131, "status": "running", "stage": "finite", "response_id": "15325", "slot": 20, "slots_total": 27, "reader_calls": 319}
{"pid": 161896, "unix_time": 1789266394.0251422, "status": "running", "stage": "finite", "response_id": "15325", "slot": 21, "slots_total": 27, "reader_calls": 332}
{"pid": 161896, "unix_time": 1789266396.1808496, "status": "running", "stage": "finite", "response_id": "15325", "slot": 22, "slots_total": 27, "reader_calls": 349}
{"pid": 161896, "unix_time": 1789266397.8151736, "status": "running", "stage": "finite", "response_id": "15325", "slot": 23, "slots_total": 27, "reader_calls": 362}
{"pid": 161896, "unix_time": 1789266397.9582295, "status": "running", "stage": "finite", "response_id": "15325", "slot": 24, "slots_total": 27, "reader_calls": 363}
{"pid": 161896, "unix_time": 1789266399.547064, "status": "running", "stage": "finite", "response_id": "15325", "slot": 25, "slots_total": 27, "reader_calls": 376}
{"pid": 161896, "unix_time": 1789266401.7233994, "status": "running", "stage": "finite", "response_id": "15325", "slot": 26, "slots_total": 27, "reader_calls": 393}
{"pid": 161896, "unix_time": 1789266404.093875, "status": "running", "stage": "finite", "response_id": "13800", "slot": 0, "slots_total": 24, "reader_calls": 410}
{"pid": 161896, "unix_time": 1789266404.2556775, "status": "running", "stage": "finite", "response_id": "13800", "slot": 1, "slots_total": 24, "reader_calls": 411}
{"pid": 161896, "unix_time": 1789266404.4111454, "status": "running", "stage": "finite", "response_id": "13800", "slot": 2, "slots_total": 24, "reader_calls": 412}
{"pid": 161896, "unix_time": 1789266404.5724454, "status": "running", "stage": "finite", "response_id": "13800", "slot": 3, "slots_total": 24, "reader_calls": 413}
{"pid": 161896, "unix_time": 1789266404.7350087, "status": "running", "stage": "finite", "response_id": "13800", "slot": 4, "slots_total": 24, "reader_calls": 414}
{"pid": 161896, "unix_time": 1789266404.893831, "status": "running", "stage": "finite", "response_id": "13800", "slot": 5, "slots_total": 24, "reader_calls": 415}
{"pid": 161896, "unix_time": 1789266405.062545, "status": "running", "stage": "finite", "response_id": "13800", "slot": 6, "slots_total": 24, "reader_calls": 416}
{"pid": 161896, "unix_time": 1789266405.2302172, "status": "running", "stage": "finite", "response_id": "13800", "slot": 7, "slots_total": 24, "reader_calls": 417}
{"pid": 161896, "unix_time": 1789266405.3894162, "status": "running", "stage": "finite", "response_id": "13800", "slot": 8, "slots_total": 24, "reader_calls": 418}
{"pid": 161896, "unix_time": 1789266405.5670938, "status": "running", "stage": "finite", "response_id": "13800", "slot": 9, "slots_total": 24, "reader_calls": 419}
{"pid": 161896, "unix_time": 1789266405.7351673, "status": "running", "stage": "finite", "response_id": "13800", "slot": 10, "slots_total": 24, "reader_calls": 420}
{"pid": 161896, "unix_time": 1789266405.8944306, "status": "running", "stage": "finite", "response_id": "13800", "slot": 11, "slots_total": 24, "reader_calls": 421}
{"pid": 161896, "unix_time": 1789266406.057231, "status": "running", "stage": "finite", "response_id": "13800", "slot": 12, "slots_total": 24, "reader_calls": 422}
{"pid": 161896, "unix_time": 1789266406.2180772, "status": "running", "stage": "finite", "response_id": "13800", "slot": 13, "slots_total": 24, "reader_calls": 423}
{"pid": 161896, "unix_time": 1789266406.384232, "status": "running", "stage": "finite", "response_id": "13800", "slot": 14, "slots_total": 24, "reader_calls": 424}
{"pid": 161896, "unix_time": 1789266406.54928, "status": "running", "stage": "finite", "response_id": "13800", "slot": 15, "slots_total": 24, "reader_calls": 425}
{"pid": 161896, "unix_time": 1789266406.7153692, "status": "running", "stage": "finite", "response_id": "13800", "slot": 16, "slots_total": 24, "reader_calls": 426}
{"pid": 161896, "unix_time": 1789266406.8734035, "status": "running", "stage": "finite", "response_id": "13800", "slot": 17, "slots_total": 24, "reader_calls": 427}
{"pid": 161896, "unix_time": 1789266407.0279486, "status": "running", "stage": "finite", "response_id": "13800", "slot": 18, "slots_total": 24, "reader_calls": 428}
{"pid": 161896, "unix_time": 1789266407.1843607, "status": "running", "stage": "finite", "response_id": "13800", "slot": 19, "slots_total": 24, "reader_calls": 429}
{"pid": 161896, "unix_time": 1789266407.3405757, "status": "running", "stage": "finite", "response_id": "13800", "slot": 20, "slots_total": 24, "reader_calls": 430}
{"pid": 161896, "unix_time": 1789266407.5043545, "status": "running", "stage": "finite", "response_id": "13800", "slot": 21, "slots_total": 24, "reader_calls": 431}
{"pid": 161896, "unix_time": 1789266407.6664245, "status": "running", "stage": "finite", "response_id": "13800", "slot": 22, "slots_total": 24, "reader_calls": 432}
{"pid": 161896, "unix_time": 1789266407.8301113, "status": "running", "stage": "finite", "response_id": "13800", "slot": 23, "slots_total": 24, "reader_calls": 433}
{"pid": 161896, "unix_time": 1789266408.1086752, "status": "running", "stage": "finite", "response_id": "15324", "slot": 0, "slots_total": 34, "reader_calls": 434}
{"pid": 161896, "unix_time": 1789266408.2384284, "status": "running", "stage": "finite", "response_id": "15324", "slot": 1, "slots_total": 34, "reader_calls": 435}
{"pid": 161896, "unix_time": 1789266408.3691359, "status": "running", "stage": "finite", "response_id": "15324", "slot": 2, "slots_total": 34, "reader_calls": 436}
{"pid": 161896, "unix_time": 1789266408.5006175, "status": "running", "stage": "finite", "response_id": "15324", "slot": 3, "slots_total": 34, "reader_calls": 437}
{"pid": 161896, "unix_time": 1789266408.6363475, "status": "running", "stage": "finite", "response_id": "15324", "slot": 4, "slots_total": 34, "reader_calls": 438}
{"pid": 161896, "unix_time": 1789266408.7748585, "status": "running", "stage": "finite", "response_id": "15324", "slot": 5, "slots_total": 34, "reader_calls": 439}
{"pid": 161896, "unix_time": 1789266408.90999, "status": "running", "stage": "finite", "response_id": "15324", "slot": 6, "slots_total": 34, "reader_calls": 440}
{"pid": 161896, "unix_time": 1789266409.0455437, "status": "running", "stage": "finite", "response_id": "15324", "slot": 7, "slots_total": 34, "reader_calls": 441}
{"pid": 161896, "unix_time": 1789266409.177073, "status": "running", "stage": "finite", "response_id": "15324", "slot": 8, "slots_total": 34, "reader_calls": 442}
{"pid": 161896, "unix_time": 1789266409.3202357, "status": "running", "stage": "finite", "response_id": "15324", "slot": 9, "slots_total": 34, "reader_calls": 443}
{"pid": 161896, "unix_time": 1789266409.4606004, "status": "running", "stage": "finite", "response_id": "15324", "slot": 10, "slots_total": 34, "reader_calls": 444}
{"pid": 161896, "unix_time": 1789266409.5884404, "status": "running", "stage": "finite", "response_id": "15324", "slot": 11, "slots_total": 34, "reader_calls": 445}
{"pid": 161896, "unix_time": 1789266409.7270346, "status": "running", "stage": "finite", "response_id": "15324", "slot": 12, "slots_total": 34, "reader_calls": 446}
{"pid": 161896, "unix_time": 1789266409.8767073, "status": "running", "stage": "finite", "response_id": "15324", "slot": 13, "slots_total": 34, "reader_calls": 447}
{"pid": 161896, "unix_time": 1789266410.0193777, "status": "running", "stage": "finite", "response_id": "15324", "slot": 14, "slots_total": 34, "reader_calls": 448}
{"pid": 161896, "unix_time": 1789266410.1648366, "status": "running", "stage": "finite", "response_id": "15324", "slot": 15, "slots_total": 34, "reader_calls": 449}
{"pid": 161896, "unix_time": 1789266410.3102133, "status": "running", "stage": "finite", "response_id": "15324", "slot": 16, "slots_total": 34, "reader_calls": 450}
{"pid": 161896, "unix_time": 1789266410.4543796, "status": "running", "stage": "finite", "response_id": "15324", "slot": 17, "slots_total": 34, "reader_calls": 451}
{"pid": 161896, "unix_time": 1789266410.5982072, "status": "running", "stage": "finite", "response_id": "15324", "slot": 18, "slots_total": 34, "reader_calls": 452}
{"pid": 161896, "unix_time": 1789266410.7401807, "status": "running", "stage": "finite", "response_id": "15324", "slot": 19, "slots_total": 34, "reader_calls": 453}
{"pid": 161896, "unix_time": 1789266410.8841503, "status": "running", "stage": "finite", "response_id": "15324", "slot": 20, "slots_total": 34, "reader_calls": 454}
{"pid": 161896, "unix_time": 1789266411.029494, "status": "running", "stage": "finite", "response_id": "15324", "slot": 21, "slots_total": 34, "reader_calls": 455}
{"pid": 161896, "unix_time": 1789266411.1735747, "status": "running", "stage": "finite", "response_id": "15324", "slot": 22, "slots_total": 34, "reader_calls": 456}
{"pid": 161896, "unix_time": 1789266411.343596, "status": "running", "stage": "finite", "response_id": "15324", "slot": 23, "slots_total": 34, "reader_calls": 457}
{"pid": 161896, "unix_time": 1789266411.4756541, "status": "running", "stage": "finite", "response_id": "15324", "slot": 24, "slots_total": 34, "reader_calls": 458}
{"pid": 161896, "unix_time": 1789266411.6067235, "status": "running", "stage": "finite", "response_id": "15324", "slot": 25, "slots_total": 34, "reader_calls": 459}
{"pid": 161896, "unix_time": 1789266411.747305, "status": "running", "stage": "finite", "response_id": "15324", "slot": 26, "slots_total": 34, "reader_calls": 460}
{"pid": 161896, "unix_time": 1789266411.877383, "status": "running", "stage": "finite", "response_id": "15324", "slot": 27, "slots_total": 34, "reader_calls": 461}
{"pid": 161896, "unix_time": 1789266413.9896555, "status": "running", "stage": "finite", "response_id": "15324", "slot": 28, "slots_total": 34, "reader_calls": 478}
{"pid": 161896, "unix_time": 1789266414.1223874, "status": "running", "stage": "finite", "response_id": "15324", "slot": 29, "slots_total": 34, "reader_calls": 479}
{"pid": 161896, "unix_time": 1789266415.7505522, "status": "running", "stage": "finite", "response_id": "15324", "slot": 30, "slots_total": 34, "reader_calls": 492}
{"pid": 161896, "unix_time": 1789266417.3943021, "status": "running", "stage": "finite", "response_id": "15324", "slot": 31, "slots_total": 34, "reader_calls": 505}
{"pid": 161896, "unix_time": 1789266417.526264, "status": "running", "stage": "finite", "response_id": "15324", "slot": 32, "slots_total": 34, "reader_calls": 506}
{"pid": 161896, "unix_time": 1789266419.1445472, "status": "running", "stage": "finite", "response_id": "15324", "slot": 33, "slots_total": 34, "reader_calls": 519}
{"pid": 161896, "unix_time": 1789266419.4116204, "status": "running", "stage": "finite", "response_id": "13804", "slot": 0, "slots_total": 40, "reader_calls": 520}
{"pid": 161896, "unix_time": 1789266419.590719, "status": "running", "stage": "finite", "response_id": "13804", "slot": 1, "slots_total": 40, "reader_calls": 521}
{"pid": 161896, "unix_time": 1789266419.7558048, "status": "running", "stage": "finite", "response_id": "13804", "slot": 2, "slots_total": 40, "reader_calls": 522}
{"pid": 161896, "unix_time": 1789266419.9273748, "status": "running", "stage": "finite", "response_id": "13804", "slot": 3, "slots_total": 40, "reader_calls": 523}
{"pid": 161896, "unix_time": 1789266420.1125834, "status": "running", "stage": "finite", "response_id": "13804", "slot": 4, "slots_total": 40, "reader_calls": 524}
{"pid": 161896, "unix_time": 1789266420.2725215, "status": "running", "stage": "finite", "response_id": "13804", "slot": 5, "slots_total": 40, "reader_calls": 525}
{"pid": 161896, "unix_time": 1789266420.4336293, "status": "running", "stage": "finite", "response_id": "13804", "slot": 6, "slots_total": 40, "reader_calls": 526}
{"pid": 161896, "unix_time": 1789266420.5978992, "status": "running", "stage": "finite", "response_id": "13804", "slot": 7, "slots_total": 40, "reader_calls": 527}
{"pid": 161896, "unix_time": 1789266420.7568684, "status": "running", "stage": "finite", "response_id": "13804", "slot": 8, "slots_total": 40, "reader_calls": 528}
{"pid": 161896, "unix_time": 1789266420.9235008, "status": "running", "stage": "finite", "response_id": "13804", "slot": 9, "slots_total": 40, "reader_calls": 529}
{"pid": 161896, "unix_time": 1789266421.0980783, "status": "running", "stage": "finite", "response_id": "13804", "slot": 10, "slots_total": 40, "reader_calls": 530}
{"pid": 161896, "unix_time": 1789266421.2638478, "status": "running", "stage": "finite", "response_id": "13804", "slot": 11, "slots_total": 40, "reader_calls": 531}
{"pid": 161896, "unix_time": 1789266421.4263752, "status": "running", "stage": "finite", "response_id": "13804", "slot": 12, "slots_total": 40, "reader_calls": 532}
{"pid": 161896, "unix_time": 1789266421.5943635, "status": "running", "stage": "finite", "response_id": "13804", "slot": 13, "slots_total": 40, "reader_calls": 533}
{"pid": 161896, "unix_time": 1789266421.7607334, "status": "running", "stage": "finite", "response_id": "13804", "slot": 14, "slots_total": 40, "reader_calls": 534}
{"pid": 161896, "unix_time": 1789266421.9310787, "status": "running", "stage": "finite", "response_id": "13804", "slot": 15, "slots_total": 40, "reader_calls": 535}
{"pid": 161896, "unix_time": 1789266422.0992298, "status": "running", "stage": "finite", "response_id": "13804", "slot": 16, "slots_total": 40, "reader_calls": 536}
{"pid": 161896, "unix_time": 1789266422.2773356, "status": "running", "stage": "finite", "response_id": "13804", "slot": 17, "slots_total": 40, "reader_calls": 537}
{"pid": 161896, "unix_time": 1789266422.4465413, "status": "running", "stage": "finite", "response_id": "13804", "slot": 18, "slots_total": 40, "reader_calls": 538}
{"pid": 161896, "unix_time": 1789266422.610112, "status": "running", "stage": "finite", "response_id": "13804", "slot": 19, "slots_total": 40, "reader_calls": 539}
{"pid": 161896, "unix_time": 1789266422.7827115, "status": "running", "stage": "finite", "response_id": "13804", "slot": 20, "slots_total": 40, "reader_calls": 540}
{"pid": 161896, "unix_time": 1789266422.9729795, "status": "running", "stage": "finite", "response_id": "13804", "slot": 21, "slots_total": 40, "reader_calls": 541}
{"pid": 161896, "unix_time": 1789266423.14199, "status": "running", "stage": "finite", "response_id": "13804", "slot": 22, "slots_total": 40, "reader_calls": 542}
{"pid": 161896, "unix_time": 1789266423.3061342, "status": "running", "stage": "finite", "response_id": "13804", "slot": 23, "slots_total": 40, "reader_calls": 543}
{"pid": 161896, "unix_time": 1789266423.4800222, "status": "running", "stage": "finite", "response_id": "13804", "slot": 24, "slots_total": 40, "reader_calls": 544}
{"pid": 161896, "unix_time": 1789266423.654767, "status": "running", "stage": "finite", "response_id": "13804", "slot": 25, "slots_total": 40, "reader_calls": 545}
{"pid": 161896, "unix_time": 1789266423.8319182, "status": "running", "stage": "finite", "response_id": "13804", "slot": 26, "slots_total": 40, "reader_calls": 546}
{"pid": 161896, "unix_time": 1789266424.0093603, "status": "running", "stage": "finite", "response_id": "13804", "slot": 27, "slots_total": 40, "reader_calls": 547}
{"pid": 161896, "unix_time": 1789266424.1840425, "status": "running", "stage": "finite", "response_id": "13804", "slot": 28, "slots_total": 40, "reader_calls": 548}
{"pid": 161896, "unix_time": 1789266424.3612733, "status": "running", "stage": "finite", "response_id": "13804", "slot": 29, "slots_total": 40, "reader_calls": 549}
{"pid": 161896, "unix_time": 1789266424.5387464, "status": "running", "stage": "finite", "response_id": "13804", "slot": 30, "slots_total": 40, "reader_calls": 550}
{"pid": 161896, "unix_time": 1789266424.7123525, "status": "running", "stage": "finite", "response_id": "13804", "slot": 31, "slots_total": 40, "reader_calls": 551}
{"pid": 161896, "unix_time": 1789266424.8794851, "status": "running", "stage": "finite", "response_id": "13804", "slot": 32, "slots_total": 40, "reader_calls": 552}
{"pid": 161896, "unix_time": 1789266425.054882, "status": "running", "stage": "finite", "response_id": "13804", "slot": 33, "slots_total": 40, "reader_calls": 553}
{"pid": 161896, "unix_time": 1789266425.2255733, "status": "running", "stage": "finite", "response_id": "13804", "slot": 34, "slots_total": 40, "reader_calls": 554}
{"pid": 161896, "unix_time": 1789266425.40034, "status": "running", "stage": "finite", "response_id": "13804", "slot": 35, "slots_total": 40, "reader_calls": 555}
{"pid": 161896, "unix_time": 1789266425.5781653, "status": "running", "stage": "finite", "response_id": "13804", "slot": 36, "slots_total": 40, "reader_calls": 556}
{"pid": 161896, "unix_time": 1789266425.7564282, "status": "running", "stage": "finite", "response_id": "13804", "slot": 37, "slots_total": 40, "reader_calls": 557}
{"pid": 161896, "unix_time": 1789266425.9277349, "status": "running", "stage": "finite", "response_id": "13804", "slot": 38, "slots_total": 40, "reader_calls": 558}
{"pid": 161896, "unix_time": 1789266426.1041064, "status": "running", "stage": "finite", "response_id": "13804", "slot": 39, "slots_total": 40, "reader_calls": 559}
{"pid": 161896, "unix_time": 1789266426.407684, "status": "running", "stage": "finite", "response_id": "15328", "slot": 0, "slots_total": 32, "reader_calls": 560}
{"pid": 161896, "unix_time": 1789266426.5421505, "status": "running", "stage": "finite", "response_id": "15328", "slot": 1, "slots_total": 32, "reader_calls": 561}
{"pid": 161896, "unix_time": 1789266426.6737225, "status": "running", "stage": "finite", "response_id": "15328", "slot": 2, "slots_total": 32, "reader_calls": 562}
{"pid": 161896, "unix_time": 1789266426.8091307, "status": "running", "stage": "finite", "response_id": "15328", "slot": 3, "slots_total": 32, "reader_calls": 563}
{"pid": 161896, "unix_time": 1789266428.7261238, "status": "running", "stage": "finite", "response_id": "15328", "slot": 4, "slots_total": 32, "reader_calls": 580}
{"pid": 161896, "unix_time": 1789266428.853231, "status": "running", "stage": "finite", "response_id": "15328", "slot": 5, "slots_total": 32, "reader_calls": 581}
{"pid": 161896, "unix_time": 1789266428.9944513, "status": "running", "stage": "finite", "response_id": "15328", "slot": 6, "slots_total": 32, "reader_calls": 582}
{"pid": 161896, "unix_time": 1789266429.1317918, "status": "running", "stage": "finite", "response_id": "15328", "slot": 7, "slots_total": 32, "reader_calls": 583}
{"pid": 161896, "unix_time": 1789266429.270402, "status": "running", "stage": "finite", "response_id": "15328", "slot": 8, "slots_total": 32, "reader_calls": 584}
{"pid": 161896, "unix_time": 1789266429.410225, "status": "running", "stage": "finite", "response_id": "15328", "slot": 9, "slots_total": 32, "reader_calls": 585}
{"pid": 161896, "unix_time": 1789266429.5482864, "status": "running", "stage": "finite", "response_id": "15328", "slot": 10, "slots_total": 32, "reader_calls": 586}
{"pid": 161896, "unix_time": 1789266429.6839483, "status": "running", "stage": "finite", "response_id": "15328", "slot": 11, "slots_total": 32, "reader_calls": 587}
{"pid": 161896, "unix_time": 1789266429.825308, "status": "running", "stage": "finite", "response_id": "15328", "slot": 12, "slots_total": 32, "reader_calls": 588}
{"pid": 161896, "unix_time": 1789266429.977002, "status": "running", "stage": "finite", "response_id": "15328", "slot": 13, "slots_total": 32, "reader_calls": 589}
{"pid": 161896, "unix_time": 1789266430.1177278, "status": "running", "stage": "finite", "response_id": "15328", "slot": 14, "slots_total": 32, "reader_calls": 590}
{"pid": 161896, "unix_time": 1789266430.2532444, "status": "running", "stage": "finite", "response_id": "15328", "slot": 15, "slots_total": 32, "reader_calls": 591}
{"pid": 161896, "unix_time": 1789266430.389601, "status": "running", "stage": "finite", "response_id": "15328", "slot": 16, "slots_total": 32, "reader_calls": 592}
{"pid": 161896, "unix_time": 1789266430.5328562, "status": "running", "stage": "finite", "response_id": "15328", "slot": 17, "slots_total": 32, "reader_calls": 593}
{"pid": 161896, "unix_time": 1789266430.6780694, "status": "running", "stage": "finite", "response_id": "15328", "slot": 18, "slots_total": 32, "reader_calls": 594}
{"pid": 161896, "unix_time": 1789266430.8192017, "status": "running", "stage": "finite", "response_id": "15328", "slot": 19, "slots_total": 32, "reader_calls": 595}
{"pid": 161896, "unix_time": 1789266430.9706361, "status": "running", "stage": "finite", "response_id": "15328", "slot": 20, "slots_total": 32, "reader_calls": 596}
{"pid": 161896, "unix_time": 1789266431.1233137, "status": "running", "stage": "finite", "response_id": "15328", "slot": 21, "slots_total": 32, "reader_calls": 597}
{"pid": 161896, "unix_time": 1789266431.2694213, "status": "running", "stage": "finite", "response_id": "15328", "slot": 22, "slots_total": 32, "reader_calls": 598}
{"pid": 161896, "unix_time": 1789266431.410399, "status": "running", "stage": "finite", "response_id": "15328", "slot": 23, "slots_total": 32, "reader_calls": 599}
{"pid": 161896, "unix_time": 1789266431.5478084, "status": "running", "stage": "finite", "response_id": "15328", "slot": 24, "slots_total": 32, "reader_calls": 600}
{"pid": 161896, "unix_time": 1789266431.6853492, "status": "running", "stage": "finite", "response_id": "15328", "slot": 25, "slots_total": 32, "reader_calls": 601}
{"pid": 161896, "unix_time": 1789266431.8247113, "status": "running", "stage": "finite", "response_id": "15328", "slot": 26, "slots_total": 32, "reader_calls": 602}
{"pid": 161896, "unix_time": 1789266431.9770863, "status": "running", "stage": "finite", "response_id": "15328", "slot": 27, "slots_total": 32, "reader_calls": 603}
{"pid": 161896, "unix_time": 1789266432.1229904, "status": "running", "stage": "finite", "response_id": "15328", "slot": 28, "slots_total": 32, "reader_calls": 604}
{"pid": 161896, "unix_time": 1789266432.2647777, "status": "running", "stage": "finite", "response_id": "15328", "slot": 29, "slots_total": 32, "reader_calls": 605}
{"pid": 161896, "unix_time": 1789266432.403693, "status": "running", "stage": "finite", "response_id": "15328", "slot": 30, "slots_total": 32, "reader_calls": 606}
{"pid": 161896, "unix_time": 1789266432.54596, "status": "running", "stage": "finite", "response_id": "15328", "slot": 31, "slots_total": 32, "reader_calls": 607}
{"pid": 161896, "unix_time": 1789266432.8103888, "status": "running", "stage": "finite", "response_id": "13805", "slot": 0, "slots_total": 36, "reader_calls": 608}
{"pid": 161896, "unix_time": 1789266432.9809303, "status": "running", "stage": "finite", "response_id": "13805", "slot": 1, "slots_total": 36, "reader_calls": 609}
{"pid": 161896, "unix_time": 1789266433.1413894, "status": "running", "stage": "finite", "response_id": "13805", "slot": 2, "slots_total": 36, "reader_calls": 610}
{"pid": 161896, "unix_time": 1789266433.2953076, "status": "running", "stage": "finite", "response_id": "13805", "slot": 3, "slots_total": 36, "reader_calls": 611}
{"pid": 161896, "unix_time": 1789266433.447203, "status": "running", "stage": "finite", "response_id": "13805", "slot": 4, "slots_total": 36, "reader_calls": 612}
{"pid": 161896, "unix_time": 1789266433.5994427, "status": "running", "stage": "finite", "response_id": "13805", "slot": 5, "slots_total": 36, "reader_calls": 613}
{"pid": 161896, "unix_time": 1789266433.7561734, "status": "running", "stage": "finite", "response_id": "13805", "slot": 6, "slots_total": 36, "reader_calls": 614}
{"pid": 161896, "unix_time": 1789266433.918438, "status": "running", "stage": "finite", "response_id": "13805", "slot": 7, "slots_total": 36, "reader_calls": 615}
{"pid": 161896, "unix_time": 1789266434.0881338, "status": "running", "stage": "finite", "response_id": "13805", "slot": 8, "slots_total": 36, "reader_calls": 616}
{"pid": 161896, "unix_time": 1789266434.2500188, "status": "running", "stage": "finite", "response_id": "13805", "slot": 9, "slots_total": 36, "reader_calls": 617}
{"pid": 161896, "unix_time": 1789266434.4111717, "status": "running", "stage": "finite", "response_id": "13805", "slot": 10, "slots_total": 36, "reader_calls": 618}
{"pid": 161896, "unix_time": 1789266434.5818608, "status": "running", "stage": "finite", "response_id": "13805", "slot": 11, "slots_total": 36, "reader_calls": 619}
{"pid": 161896, "unix_time": 1789266434.7445188, "status": "running", "stage": "finite", "response_id": "13805", "slot": 12, "slots_total": 36, "reader_calls": 620}
{"pid": 161896, "unix_time": 1789266434.9043562, "status": "running", "stage": "finite", "response_id": "13805", "slot": 13, "slots_total": 36, "reader_calls": 621}
{"pid": 161896, "unix_time": 1789266435.0501578, "status": "running", "stage": "finite", "response_id": "13805", "slot": 14, "slots_total": 36, "reader_calls": 622}
{"pid": 161896, "unix_time": 1789266435.2006931, "status": "running", "stage": "finite", "response_id": "13805", "slot": 15, "slots_total": 36, "reader_calls": 623}
{"pid": 161896, "unix_time": 1789266435.3658333, "status": "running", "stage": "finite", "response_id": "13805", "slot": 16, "slots_total": 36, "reader_calls": 624}
{"pid": 161896, "unix_time": 1789266435.5299494, "status": "running", "stage": "finite", "response_id": "13805", "slot": 17, "slots_total": 36, "reader_calls": 625}
{"pid": 161896, "unix_time": 1789266435.694655, "status": "running", "stage": "finite", "response_id": "13805", "slot": 18, "slots_total": 36, "reader_calls": 626}
{"pid": 161896, "unix_time": 1789266435.8535166, "status": "running", "stage": "finite", "response_id": "13805", "slot": 19, "slots_total": 36, "reader_calls": 627}
{"pid": 161896, "unix_time": 1789266436.0266283, "status": "running", "stage": "finite", "response_id": "13805", "slot": 20, "slots_total": 36, "reader_calls": 628}
{"pid": 161896, "unix_time": 1789266436.208985, "status": "running", "stage": "finite", "response_id": "13805", "slot": 21, "slots_total": 36, "reader_calls": 629}
{"pid": 161896, "unix_time": 1789266436.3811502, "status": "running", "stage": "finite", "response_id": "13805", "slot": 22, "slots_total": 36, "reader_calls": 630}
{"pid": 161896, "unix_time": 1789266436.567383, "status": "running", "stage": "finite", "response_id": "13805", "slot": 23, "slots_total": 36, "reader_calls": 631}
{"pid": 161896, "unix_time": 1789266436.7414033, "status": "running", "stage": "finite", "response_id": "13805", "slot": 24, "slots_total": 36, "reader_calls": 632}
{"pid": 161896, "unix_time": 1789266436.904515, "status": "running", "stage": "finite", "response_id": "13805", "slot": 25, "slots_total": 36, "reader_calls": 633}
{"pid": 161896, "unix_time": 1789266437.0709136, "status": "running", "stage": "finite", "response_id": "13805", "slot": 26, "slots_total": 36, "reader_calls": 634}
{"pid": 161896, "unix_time": 1789266437.2435744, "status": "running", "stage": "finite", "response_id": "13805", "slot": 27, "slots_total": 36, "reader_calls": 635}
{"pid": 161896, "unix_time": 1789266437.4148943, "status": "running", "stage": "finite", "response_id": "13805", "slot": 28, "slots_total": 36, "reader_calls": 636}
{"pid": 161896, "unix_time": 1789266437.5875459, "status": "running", "stage": "finite", "response_id": "13805", "slot": 29, "slots_total": 36, "reader_calls": 637}
{"pid": 161896, "unix_time": 1789266437.7590024, "status": "running", "stage": "finite", "response_id": "13805", "slot": 30, "slots_total": 36, "reader_calls": 638}
{"pid": 161896, "unix_time": 1789266437.9262602, "status": "running", "stage": "finite", "response_id": "13805", "slot": 31, "slots_total": 36, "reader_calls": 639}
{"pid": 161896, "unix_time": 1789266438.0844944, "status": "running", "stage": "finite", "response_id": "13805", "slot": 32, "slots_total": 36, "reader_calls": 640}
{"pid": 161896, "unix_time": 1789266438.2498028, "status": "running", "stage": "finite", "response_id": "13805", "slot": 33, "slots_total": 36, "reader_calls": 641}
{"pid": 161896, "unix_time": 1789266438.4227169, "status": "running", "stage": "finite", "response_id": "13805", "slot": 34, "slots_total": 36, "reader_calls": 642}
{"pid": 161896, "unix_time": 1789266438.610509, "status": "running", "stage": "finite", "response_id": "13805", "slot": 35, "slots_total": 36, "reader_calls": 643}
{"pid": 161896, "unix_time": 1789266438.9418082, "status": "running", "stage": "finite", "response_id": "15329", "slot": 0, "slots_total": 45, "reader_calls": 644}
{"pid": 161896, "unix_time": 1789266439.0809128, "status": "running", "stage": "finite", "response_id": "15329", "slot": 1, "slots_total": 45, "reader_calls": 645}
{"pid": 161896, "unix_time": 1789266439.210841, "status": "running", "stage": "finite", "response_id": "15329", "slot": 2, "slots_total": 45, "reader_calls": 646}
{"pid": 161896, "unix_time": 1789266439.336737, "status": "running", "stage": "finite", "response_id": "15329", "slot": 3, "slots_total": 45, "reader_calls": 647}
{"pid": 161896, "unix_time": 1789266439.4824605, "status": "running", "stage": "finite", "response_id": "15329", "slot": 4, "slots_total": 45, "reader_calls": 648}
{"pid": 161896, "unix_time": 1789266441.407703, "status": "running", "stage": "finite", "response_id": "15329", "slot": 5, "slots_total": 45, "reader_calls": 665}
{"pid": 161896, "unix_time": 1789266441.5544212, "status": "running", "stage": "finite", "response_id": "15329", "slot": 6, "slots_total": 45, "reader_calls": 666}
{"pid": 161896, "unix_time": 1789266441.703413, "status": "running", "stage": "finite", "response_id": "15329", "slot": 7, "slots_total": 45, "reader_calls": 667}
{"pid": 161896, "unix_time": 1789266441.8484893, "status": "running", "stage": "finite", "response_id": "15329", "slot": 8, "slots_total": 45, "reader_calls": 668}
{"pid": 161896, "unix_time": 1789266441.9922087, "status": "running", "stage": "finite", "response_id": "15329", "slot": 9, "slots_total": 45, "reader_calls": 669}
{"pid": 161896, "unix_time": 1789266442.1346576, "status": "running", "stage": "finite", "response_id": "15329", "slot": 10, "slots_total": 45, "reader_calls": 670}
{"pid": 161896, "unix_time": 1789266442.2761457, "status": "running", "stage": "finite", "response_id": "15329", "slot": 11, "slots_total": 45, "reader_calls": 671}
{"pid": 161896, "unix_time": 1789266442.4201076, "status": "running", "stage": "finite", "response_id": "15329", "slot": 12, "slots_total": 45, "reader_calls": 672}
{"pid": 161896, "unix_time": 1789266444.4874537, "status": "running", "stage": "finite", "response_id": "15329", "slot": 13, "slots_total": 45, "reader_calls": 689}
{"pid": 161896, "unix_time": 1789266446.1131454, "status": "running", "stage": "finite", "response_id": "15329", "slot": 14, "slots_total": 45, "reader_calls": 702}
{"pid": 161896, "unix_time": 1789266446.245916, "status": "running", "stage": "finite", "response_id": "15329", "slot": 15, "slots_total": 45, "reader_calls": 703}
{"pid": 161896, "unix_time": 1789266447.881766, "status": "running", "stage": "finite", "response_id": "15329", "slot": 16, "slots_total": 45, "reader_calls": 716}
{"pid": 161896, "unix_time": 1789266448.0129347, "status": "running", "stage": "finite", "response_id": "15329", "slot": 17, "slots_total": 45, "reader_calls": 717}
{"pid": 161896, "unix_time": 1789266449.6178696, "status": "running", "stage": "finite", "response_id": "15329", "slot": 18, "slots_total": 45, "reader_calls": 730}
{"pid": 161896, "unix_time": 1789266449.7552834, "status": "running", "stage": "finite", "response_id": "15329", "slot": 19, "slots_total": 45, "reader_calls": 731}
{"pid": 161896, "unix_time": 1789266449.917108, "status": "running", "stage": "finite", "response_id": "15329", "slot": 20, "slots_total": 45, "reader_calls": 732}
{"pid": 161896, "unix_time": 1789266450.061076, "status": "running", "stage": "finite", "response_id": "15329", "slot": 21, "slots_total": 45, "reader_calls": 733}
{"pid": 161896, "unix_time": 1789266450.2020931, "status": "running", "stage": "finite", "response_id": "15329", "slot": 22, "slots_total": 45, "reader_calls": 734}
{"pid": 161896, "unix_time": 1789266450.3439367, "status": "running", "stage": "finite", "response_id": "15329", "slot": 23, "slots_total": 45, "reader_calls": 735}
{"pid": 161896, "unix_time": 1789266450.5018117, "status": "running", "stage": "finite", "response_id": "15329", "slot": 24, "slots_total": 45, "reader_calls": 736}
{"pid": 161896, "unix_time": 1789266450.6344042, "status": "running", "stage": "finite", "response_id": "15329", "slot": 25, "slots_total": 45, "reader_calls": 737}
{"pid": 161896, "unix_time": 1789266450.7694316, "status": "running", "stage": "finite", "response_id": "15329", "slot": 26, "slots_total": 45, "reader_calls": 738}
{"pid": 161896, "unix_time": 1789266450.9093385, "status": "running", "stage": "finite", "response_id": "15329", "slot": 27, "slots_total": 45, "reader_calls": 739}
{"pid": 161896, "unix_time": 1789266451.0476694, "status": "running", "stage": "finite", "response_id": "15329", "slot": 28, "slots_total": 45, "reader_calls": 740}
{"pid": 161896, "unix_time": 1789266451.1871293, "status": "running", "stage": "finite", "response_id": "15329", "slot": 29, "slots_total": 45, "reader_calls": 741}
{"pid": 161896, "unix_time": 1789266451.3262935, "status": "running", "stage": "finite", "response_id": "15329", "slot": 30, "slots_total": 45, "reader_calls": 742}
{"pid": 161896, "unix_time": 1789266451.4664226, "status": "running", "stage": "finite", "response_id": "15329", "slot": 31, "slots_total": 45, "reader_calls": 743}
{"pid": 161896, "unix_time": 1789266451.6097436, "status": "running", "stage": "finite", "response_id": "15329", "slot": 32, "slots_total": 45, "reader_calls": 744}
{"pid": 161896, "unix_time": 1789266451.7552643, "status": "running", "stage": "finite", "response_id": "15329", "slot": 33, "slots_total": 45, "reader_calls": 745}
{"pid": 161896, "unix_time": 1789266451.8975425, "status": "running", "stage": "finite", "response_id": "15329", "slot": 34, "slots_total": 45, "reader_calls": 746}
{"pid": 161896, "unix_time": 1789266452.0375366, "status": "running", "stage": "finite", "response_id": "15329", "slot": 35, "slots_total": 45, "reader_calls": 747}
{"pid": 161896, "unix_time": 1789266452.1811633, "status": "running", "stage": "finite", "response_id": "15329", "slot": 36, "slots_total": 45, "reader_calls": 748}
{"pid": 161896, "unix_time": 1789266452.3230925, "status": "running", "stage": "finite", "response_id": "15329", "slot": 37, "slots_total": 45, "reader_calls": 749}
{"pid": 161896, "unix_time": 1789266452.4620094, "status": "running", "stage": "finite", "response_id": "15329", "slot": 38, "slots_total": 45, "reader_calls": 750}
{"pid": 161896, "unix_time": 1789266452.6103995, "status": "running", "stage": "finite", "response_id": "15329", "slot": 39, "slots_total": 45, "reader_calls": 751}
{"pid": 161896, "unix_time": 1789266452.7502568, "status": "running", "stage": "finite", "response_id": "15329", "slot": 40, "slots_total": 45, "reader_calls": 752}
{"pid": 161896, "unix_time": 1789266452.8902354, "status": "running", "stage": "finite", "response_id": "15329", "slot": 41, "slots_total": 45, "reader_calls": 753}
{"pid": 161896, "unix_time": 1789266453.0263906, "status": "running", "stage": "finite", "response_id": "15329", "slot": 42, "slots_total": 45, "reader_calls": 754}
{"pid": 161896, "unix_time": 1789266453.171999, "status": "running", "stage": "finite", "response_id": "15329", "slot": 43, "slots_total": 45, "reader_calls": 755}
{"pid": 161896, "unix_time": 1789266453.3144834, "status": "running", "stage": "finite", "response_id": "15329", "slot": 44, "slots_total": 45, "reader_calls": 756}
{"pid": 161896, "unix_time": 1789266453.6463823, "status": "running", "stage": "finite", "response_id": "13802", "slot": 0, "slots_total": 32, "reader_calls": 757}
{"pid": 161896, "unix_time": 1789266453.7992265, "status": "running", "stage": "finite", "response_id": "13802", "slot": 1, "slots_total": 32, "reader_calls": 758}
{"pid": 161896, "unix_time": 1789266453.9519544, "status": "running", "stage": "finite", "response_id": "13802", "slot": 2, "slots_total": 32, "reader_calls": 759}
{"pid": 161896, "unix_time": 1789266454.1167214, "status": "running", "stage": "finite", "response_id": "13802", "slot": 3, "slots_total": 32, "reader_calls": 760}
{"pid": 161896, "unix_time": 1789266454.273551, "status": "running", "stage": "finite", "response_id": "13802", "slot": 4, "slots_total": 32, "reader_calls": 761}
{"pid": 161896, "unix_time": 1789266454.4297662, "status": "running", "stage": "finite", "response_id": "13802", "slot": 5, "slots_total": 32, "reader_calls": 762}
{"pid": 161896, "unix_time": 1789266454.580726, "status": "running", "stage": "finite", "response_id": "13802", "slot": 6, "slots_total": 32, "reader_calls": 763}
{"pid": 161896, "unix_time": 1789266454.741467, "status": "running", "stage": "finite", "response_id": "13802", "slot": 7, "slots_total": 32, "reader_calls": 764}
{"pid": 161896, "unix_time": 1789266454.9041789, "status": "running", "stage": "finite", "response_id": "13802", "slot": 8, "slots_total": 32, "reader_calls": 765}
{"pid": 161896, "unix_time": 1789266455.070344, "status": "running", "stage": "finite", "response_id": "13802", "slot": 9, "slots_total": 32, "reader_calls": 766}
{"pid": 161896, "unix_time": 1789266455.240612, "status": "running", "stage": "finite", "response_id": "13802", "slot": 10, "slots_total": 32, "reader_calls": 767}
{"pid": 161896, "unix_time": 1789266455.426205, "status": "running", "stage": "finite", "response_id": "13802", "slot": 11, "slots_total": 32, "reader_calls": 768}
{"pid": 161896, "unix_time": 1789266455.5955079, "status": "running", "stage": "finite", "response_id": "13802", "slot": 12, "slots_total": 32, "reader_calls": 769}
{"pid": 161896, "unix_time": 1789266455.7586792, "status": "running", "stage": "finite", "response_id": "13802", "slot": 13, "slots_total": 32, "reader_calls": 770}
{"pid": 161896, "unix_time": 1789266455.9262142, "status": "running", "stage": "finite", "response_id": "13802", "slot": 14, "slots_total": 32, "reader_calls": 771}
{"pid": 161896, "unix_time": 1789266456.0894926, "status": "running", "stage": "finite", "response_id": "13802", "slot": 15, "slots_total": 32, "reader_calls": 772}
{"pid": 161896, "unix_time": 1789266456.256102, "status": "running", "stage": "finite", "response_id": "13802", "slot": 16, "slots_total": 32, "reader_calls": 773}
{"pid": 161896, "unix_time": 1789266456.424093, "status": "running", "stage": "finite", "response_id": "13802", "slot": 17, "slots_total": 32, "reader_calls": 774}
{"pid": 161896, "unix_time": 1789266456.5866466, "status": "running", "stage": "finite", "response_id": "13802", "slot": 18, "slots_total": 32, "reader_calls": 775}
{"pid": 161896, "unix_time": 1789266456.7463124, "status": "running", "stage": "finite", "response_id": "13802", "slot": 19, "slots_total": 32, "reader_calls": 776}
{"pid": 161896, "unix_time": 1789266456.919115, "status": "running", "stage": "finite", "response_id": "13802", "slot": 20, "slots_total": 32, "reader_calls": 777}
{"pid": 161896, "unix_time": 1789266457.0829253, "status": "running", "stage": "finite", "response_id": "13802", "slot": 21, "slots_total": 32, "reader_calls": 778}
{"pid": 161896, "unix_time": 1789266457.2462187, "status": "running", "stage": "finite", "response_id": "13802", "slot": 22, "slots_total": 32, "reader_calls": 779}
{"pid": 161896, "unix_time": 1789266457.4087186, "status": "running", "stage": "finite", "response_id": "13802", "slot": 23, "slots_total": 32, "reader_calls": 780}
{"pid": 161896, "unix_time": 1789266457.5751069, "status": "running", "stage": "finite", "response_id": "13802", "slot": 24, "slots_total": 32, "reader_calls": 781}
{"pid": 161896, "unix_time": 1789266457.7556734, "status": "running", "stage": "finite", "response_id": "13802", "slot": 25, "slots_total": 32, "reader_calls": 782}
{"pid": 161896, "unix_time": 1789266457.925839, "status": "running", "stage": "finite", "response_id": "13802", "slot": 26, "slots_total": 32, "reader_calls": 783}
{"pid": 161896, "unix_time": 1789266458.0955417, "status": "running", "stage": "finite", "response_id": "13802", "slot": 27, "slots_total": 32, "reader_calls": 784}
{"pid": 161896, "unix_time": 1789266458.2672246, "status": "running", "stage": "finite", "response_id": "13802", "slot": 28, "slots_total": 32, "reader_calls": 785}
{"pid": 161896, "unix_time": 1789266458.4422252, "status": "running", "stage": "finite", "response_id": "13802", "slot": 29, "slots_total": 32, "reader_calls": 786}
{"pid": 161896, "unix_time": 1789266458.6128516, "status": "running", "stage": "finite", "response_id": "13802", "slot": 30, "slots_total": 32, "reader_calls": 787}
{"pid": 161896, "unix_time": 1789266458.7835162, "status": "running", "stage": "finite", "response_id": "13802", "slot": 31, "slots_total": 32, "reader_calls": 788}
{"pid": 161896, "unix_time": 1789266459.0807576, "status": "running", "stage": "finite", "response_id": "15326", "slot": 0, "slots_total": 21, "reader_calls": 789}
{"pid": 161896, "unix_time": 1789266459.2125552, "status": "running", "stage": "finite", "response_id": "15326", "slot": 1, "slots_total": 21, "reader_calls": 790}
{"pid": 161896, "unix_time": 1789266459.3425853, "status": "running", "stage": "finite", "response_id": "15326", "slot": 2, "slots_total": 21, "reader_calls": 791}
{"pid": 161896, "unix_time": 1789266459.4694927, "status": "running", "stage": "finite", "response_id": "15326", "slot": 3, "slots_total": 21, "reader_calls": 792}
{"pid": 161896, "unix_time": 1789266459.6165686, "status": "running", "stage": "finite", "response_id": "15326", "slot": 4, "slots_total": 21, "reader_calls": 793}
{"pid": 161896, "unix_time": 1789266459.7487524, "status": "running", "stage": "finite", "response_id": "15326", "slot": 5, "slots_total": 21, "reader_calls": 794}
{"pid": 161896, "unix_time": 1789266459.8803432, "status": "running", "stage": "finite", "response_id": "15326", "slot": 6, "slots_total": 21, "reader_calls": 795}
{"pid": 161896, "unix_time": 1789266460.0107856, "status": "running", "stage": "finite", "response_id": "15326", "slot": 7, "slots_total": 21, "reader_calls": 796}
{"pid": 161896, "unix_time": 1789266460.1436522, "status": "running", "stage": "finite", "response_id": "15326", "slot": 8, "slots_total": 21, "reader_calls": 797}
{"pid": 161896, "unix_time": 1789266460.2745645, "status": "running", "stage": "finite", "response_id": "15326", "slot": 9, "slots_total": 21, "reader_calls": 798}
{"pid": 161896, "unix_time": 1789266460.4128466, "status": "running", "stage": "finite", "response_id": "15326", "slot": 10, "slots_total": 21, "reader_calls": 799}
{"pid": 161896, "unix_time": 1789266460.5444326, "status": "running", "stage": "finite", "response_id": "15326", "slot": 11, "slots_total": 21, "reader_calls": 800}
{"pid": 161896, "unix_time": 1789266460.6846836, "status": "running", "stage": "finite", "response_id": "15326", "slot": 12, "slots_total": 21, "reader_calls": 801}
{"pid": 161896, "unix_time": 1789266460.8240309, "status": "running", "stage": "finite", "response_id": "15326", "slot": 13, "slots_total": 21, "reader_calls": 802}
{"pid": 161896, "unix_time": 1789266460.9586504, "status": "running", "stage": "finite", "response_id": "15326", "slot": 14, "slots_total": 21, "reader_calls": 803}
{"pid": 161896, "unix_time": 1789266461.1055274, "status": "running", "stage": "finite", "response_id": "15326", "slot": 15, "slots_total": 21, "reader_calls": 804}
{"pid": 161896, "unix_time": 1789266461.2461557, "status": "running", "stage": "finite", "response_id": "15326", "slot": 16, "slots_total": 21, "reader_calls": 805}
{"pid": 161896, "unix_time": 1789266461.3883023, "status": "running", "stage": "finite", "response_id": "15326", "slot": 17, "slots_total": 21, "reader_calls": 806}
{"pid": 161896, "unix_time": 1789266461.5291197, "status": "running", "stage": "finite", "response_id": "15326", "slot": 18, "slots_total": 21, "reader_calls": 807}
{"pid": 161896, "unix_time": 1789266461.6689494, "status": "running", "stage": "finite", "response_id": "15326", "slot": 19, "slots_total": 21, "reader_calls": 808}
{"pid": 161896, "unix_time": 1789266461.8128242, "status": "running", "stage": "finite", "response_id": "15326", "slot": 20, "slots_total": 21, "reader_calls": 809}
{"pid": 161896, "unix_time": 1789266463.9679656, "status": "running", "stage": "finite", "response_id": "2913", "slot": 0, "slots_total": 67, "reader_calls": 826}
{"pid": 161896, "unix_time": 1789266464.3399339, "status": "running", "stage": "finite", "response_id": "2913", "slot": 1, "slots_total": 67, "reader_calls": 827}
{"pid": 161896, "unix_time": 1789266464.651227, "status": "running", "stage": "finite", "response_id": "2913", "slot": 2, "slots_total": 67, "reader_calls": 828}
{"pid": 161896, "unix_time": 1789266464.9345005, "status": "running", "stage": "finite", "response_id": "2913", "slot": 3, "slots_total": 67, "reader_calls": 829}
{"pid": 161896, "unix_time": 1789266465.2539551, "status": "running", "stage": "finite", "response_id": "2913", "slot": 4, "slots_total": 67, "reader_calls": 830}
{"pid": 161896, "unix_time": 1789266465.5649693, "status": "running", "stage": "finite", "response_id": "2913", "slot": 5, "slots_total": 67, "reader_calls": 831}
{"pid": 161896, "unix_time": 1789266465.8751795, "status": "running", "stage": "finite", "response_id": "2913", "slot": 6, "slots_total": 67, "reader_calls": 832}
{"pid": 161896, "unix_time": 1789266466.2399404, "status": "running", "stage": "finite", "response_id": "2913", "slot": 7, "slots_total": 67, "reader_calls": 833}
{"pid": 161896, "unix_time": 1789266466.5736573, "status": "running", "stage": "finite", "response_id": "2913", "slot": 8, "slots_total": 67, "reader_calls": 834}
{"pid": 161896, "unix_time": 1789266466.8827453, "status": "running", "stage": "finite", "response_id": "2913", "slot": 9, "slots_total": 67, "reader_calls": 835}
{"pid": 161896, "unix_time": 1789266467.2016702, "status": "running", "stage": "finite", "response_id": "2913", "slot": 10, "slots_total": 67, "reader_calls": 836}
{"pid": 161896, "unix_time": 1789266467.525828, "status": "running", "stage": "finite", "response_id": "2913", "slot": 11, "slots_total": 67, "reader_calls": 837}
{"pid": 161896, "unix_time": 1789266467.842808, "status": "running", "stage": "finite", "response_id": "2913", "slot": 12, "slots_total": 67, "reader_calls": 838}
{"pid": 161896, "unix_time": 1789266468.151544, "status": "running", "stage": "finite", "response_id": "2913", "slot": 13, "slots_total": 67, "reader_calls": 839}
{"pid": 161896, "unix_time": 1789266468.4753025, "status": "running", "stage": "finite", "response_id": "2913", "slot": 14, "slots_total": 67, "reader_calls": 840}
{"pid": 161896, "unix_time": 1789266468.8119845, "status": "running", "stage": "finite", "response_id": "2913", "slot": 15, "slots_total": 67, "reader_calls": 841}
{"pid": 161896, "unix_time": 1789266469.121721, "status": "running", "stage": "finite", "response_id": "2913", "slot": 16, "slots_total": 67, "reader_calls": 842}
{"pid": 161896, "unix_time": 1789266469.4506555, "status": "running", "stage": "finite", "response_id": "2913", "slot": 17, "slots_total": 67, "reader_calls": 843}
{"pid": 161896, "unix_time": 1789266469.7715948, "status": "running", "stage": "finite", "response_id": "2913", "slot": 18, "slots_total": 67, "reader_calls": 844}
{"pid": 161896, "unix_time": 1789266470.091199, "status": "running", "stage": "finite", "response_id": "2913", "slot": 19, "slots_total": 67, "reader_calls": 845}
{"pid": 161896, "unix_time": 1789266470.4642181, "status": "running", "stage": "finite", "response_id": "2913", "slot": 20, "slots_total": 67, "reader_calls": 846}
{"pid": 161896, "unix_time": 1789266470.7964623, "status": "running", "stage": "finite", "response_id": "2913", "slot": 21, "slots_total": 67, "reader_calls": 847}
{"pid": 161896, "unix_time": 1789266471.1279967, "status": "running", "stage": "finite", "response_id": "2913", "slot": 22, "slots_total": 67, "reader_calls": 848}
{"pid": 161896, "unix_time": 1789266471.4564054, "status": "running", "stage": "finite", "response_id": "2913", "slot": 23, "slots_total": 67, "reader_calls": 849}
{"pid": 161896, "unix_time": 1789266471.7803187, "status": "running", "stage": "finite", "response_id": "2913", "slot": 24, "slots_total": 67, "reader_calls": 850}
{"pid": 161896, "unix_time": 1789266472.116582, "status": "running", "stage": "finite", "response_id": "2913", "slot": 25, "slots_total": 67, "reader_calls": 851}
{"pid": 161896, "unix_time": 1789266472.4568634, "status": "running", "stage": "finite", "response_id": "2913", "slot": 26, "slots_total": 67, "reader_calls": 852}
{"pid": 161896, "unix_time": 1789266472.8121262, "status": "running", "stage": "finite", "response_id": "2913", "slot": 27, "slots_total": 67, "reader_calls": 853}
{"pid": 161896, "unix_time": 1789266473.1551917, "status": "running", "stage": "finite", "response_id": "2913", "slot": 28, "slots_total": 67, "reader_calls": 854}
{"pid": 161896, "unix_time": 1789266473.479423, "status": "running", "stage": "finite", "response_id": "2913", "slot": 29, "slots_total": 67, "reader_calls": 855}
{"pid": 161896, "unix_time": 1789266473.8022, "status": "running", "stage": "finite", "response_id": "2913", "slot": 30, "slots_total": 67, "reader_calls": 856}
{"pid": 161896, "unix_time": 1789266474.1279972, "status": "running", "stage": "finite", "response_id": "2913", "slot": 31, "slots_total": 67, "reader_calls": 857}
{"pid": 161896, "unix_time": 1789266474.4559975, "status": "running", "stage": "finite", "response_id": "2913", "slot": 32, "slots_total": 67, "reader_calls": 858}
{"pid": 161896, "unix_time": 1789266474.7879205, "status": "running", "stage": "finite", "response_id": "2913", "slot": 33, "slots_total": 67, "reader_calls": 859}
{"pid": 161896, "unix_time": 1789266475.1140103, "status": "running", "stage": "finite", "response_id": "2913", "slot": 34, "slots_total": 67, "reader_calls": 860}
{"pid": 161896, "unix_time": 1789266475.4365273, "status": "running", "stage": "finite", "response_id": "2913", "slot": 35, "slots_total": 67, "reader_calls": 861}
{"pid": 161896, "unix_time": 1789266475.7564318, "status": "running", "stage": "finite", "response_id": "2913", "slot": 36, "slots_total": 67, "reader_calls": 862}
{"pid": 161896, "unix_time": 1789266476.0745416, "status": "running", "stage": "finite", "response_id": "2913", "slot": 37, "slots_total": 67, "reader_calls": 863}
{"pid": 161896, "unix_time": 1789266476.3950078, "status": "running", "stage": "finite", "response_id": "2913", "slot": 38, "slots_total": 67, "reader_calls": 864}
{"pid": 161896, "unix_time": 1789266476.7233171, "status": "running", "stage": "finite", "response_id": "2913", "slot": 39, "slots_total": 67, "reader_calls": 865}
{"pid": 161896, "unix_time": 1789266477.073841, "status": "running", "stage": "finite", "response_id": "2913", "slot": 40, "slots_total": 67, "reader_calls": 866}
{"pid": 161896, "unix_time": 1789266477.4199595, "status": "running", "stage": "finite", "response_id": "2913", "slot": 41, "slots_total": 67, "reader_calls": 867}
{"pid": 161896, "unix_time": 1789266477.7503192, "status": "running", "stage": "finite", "response_id": "2913", "slot": 42, "slots_total": 67, "reader_calls": 868}
{"pid": 161896, "unix_time": 1789266478.0955913, "status": "running", "stage": "finite", "response_id": "2913", "slot": 43, "slots_total": 67, "reader_calls": 869}
{"pid": 161896, "unix_time": 1789266478.4312203, "status": "running", "stage": "finite", "response_id": "2913", "slot": 44, "slots_total": 67, "reader_calls": 870}
{"pid": 161896, "unix_time": 1789266478.7718332, "status": "running", "stage": "finite", "response_id": "2913", "slot": 45, "slots_total": 67, "reader_calls": 871}
{"pid": 161896, "unix_time": 1789266479.1222699, "status": "running", "stage": "finite", "response_id": "2913", "slot": 46, "slots_total": 67, "reader_calls": 872}
{"pid": 161896, "unix_time": 1789266479.467104, "status": "running", "stage": "finite", "response_id": "2913", "slot": 47, "slots_total": 67, "reader_calls": 873}
{"pid": 161896, "unix_time": 1789266479.8139305, "status": "running", "stage": "finite", "response_id": "2913", "slot": 48, "slots_total": 67, "reader_calls": 874}
{"pid": 161896, "unix_time": 1789266480.1613784, "status": "running", "stage": "finite", "response_id": "2913", "slot": 49, "slots_total": 67, "reader_calls": 875}
{"pid": 161896, "unix_time": 1789266480.502918, "status": "running", "stage": "finite", "response_id": "2913", "slot": 50, "slots_total": 67, "reader_calls": 876}
{"pid": 161896, "unix_time": 1789266480.8595133, "status": "running", "stage": "finite", "response_id": "2913", "slot": 51, "slots_total": 67, "reader_calls": 877}
{"pid": 161896, "unix_time": 1789266481.2018986, "status": "running", "stage": "finite", "response_id": "2913", "slot": 52, "slots_total": 67, "reader_calls": 878}
{"pid": 161896, "unix_time": 1789266481.5574763, "status": "running", "stage": "finite", "response_id": "2913", "slot": 53, "slots_total": 67, "reader_calls": 879}
{"pid": 161896, "unix_time": 1789266481.8958075, "status": "running", "stage": "finite", "response_id": "2913", "slot": 54, "slots_total": 67, "reader_calls": 880}
{"pid": 161896, "unix_time": 1789266482.2335665, "status": "running", "stage": "finite", "response_id": "2913", "slot": 55, "slots_total": 67, "reader_calls": 881}
{"pid": 161896, "unix_time": 1789266482.5795982, "status": "running", "stage": "finite", "response_id": "2913", "slot": 56, "slots_total": 67, "reader_calls": 882}
{"pid": 161896, "unix_time": 1789266482.9338927, "status": "running", "stage": "finite", "response_id": "2913", "slot": 57, "slots_total": 67, "reader_calls": 883}
{"pid": 161896, "unix_time": 1789266483.2905784, "status": "running", "stage": "finite", "response_id": "2913", "slot": 58, "slots_total": 67, "reader_calls": 884}
{"pid": 161896, "unix_time": 1789266483.6395152, "status": "running", "stage": "finite", "response_id": "2913", "slot": 59, "slots_total": 67, "reader_calls": 885}
{"pid": 161896, "unix_time": 1789266483.987022, "status": "running", "stage": "finite", "response_id": "2913", "slot": 60, "slots_total": 67, "reader_calls": 886}
{"pid": 161896, "unix_time": 1789266484.3362484, "status": "running", "stage": "finite", "response_id": "2913", "slot": 61, "slots_total": 67, "reader_calls": 887}
{"pid": 161896, "unix_time": 1789266484.684289, "status": "running", "stage": "finite", "response_id": "2913", "slot": 62, "slots_total": 67, "reader_calls": 888}
{"pid": 161896, "unix_time": 1789266485.023527, "status": "running", "stage": "finite", "response_id": "2913", "slot": 63, "slots_total": 67, "reader_calls": 889}
{"pid": 161896, "unix_time": 1789266485.3641253, "status": "running", "stage": "finite", "response_id": "2913", "slot": 64, "slots_total": 67, "reader_calls": 890}
{"pid": 161896, "unix_time": 1789266490.3971577, "status": "running", "stage": "finite", "response_id": "2913", "slot": 65, "slots_total": 67, "reader_calls": 907}
{"pid": 161896, "unix_time": 1789266490.7446325, "status": "running", "stage": "finite", "response_id": "2913", "slot": 66, "slots_total": 67, "reader_calls": 908}
{"pid": 161896, "unix_time": 1789266491.2761328, "status": "running", "stage": "finite", "response_id": "5151", "slot": 0, "slots_total": 28, "reader_calls": 909}
{"pid": 161896, "unix_time": 1789266491.4471395, "status": "running", "stage": "finite", "response_id": "5151", "slot": 1, "slots_total": 28, "reader_calls": 910}
{"pid": 161896, "unix_time": 1789266491.6162426, "status": "running", "stage": "finite", "response_id": "5151", "slot": 2, "slots_total": 28, "reader_calls": 911}
{"pid": 161896, "unix_time": 1789266491.785556, "status": "running", "stage": "finite", "response_id": "5151", "slot": 3, "slots_total": 28, "reader_calls": 912}
{"pid": 161896, "unix_time": 1789266491.9584057, "status": "running", "stage": "finite", "response_id": "5151", "slot": 4, "slots_total": 28, "reader_calls": 913}
{"pid": 161896, "unix_time": 1789266492.1372244, "status": "running", "stage": "finite", "response_id": "5151", "slot": 5, "slots_total": 28, "reader_calls": 914}
{"pid": 161896, "unix_time": 1789266492.3176594, "status": "running", "stage": "finite", "response_id": "5151", "slot": 6, "slots_total": 28, "reader_calls": 915}
{"pid": 161896, "unix_time": 1789266492.4936056, "status": "running", "stage": "finite", "response_id": "5151", "slot": 7, "slots_total": 28, "reader_calls": 916}
{"pid": 161896, "unix_time": 1789266492.6648753, "status": "running", "stage": "finite", "response_id": "5151", "slot": 8, "slots_total": 28, "reader_calls": 917}
{"pid": 161896, "unix_time": 1789266492.8443043, "status": "running", "stage": "finite", "response_id": "5151", "slot": 9, "slots_total": 28, "reader_calls": 918}
{"pid": 161896, "unix_time": 1789266493.0237134, "status": "running", "stage": "finite", "response_id": "5151", "slot": 10, "slots_total": 28, "reader_calls": 919}
{"pid": 161896, "unix_time": 1789266493.2161458, "status": "running", "stage": "finite", "response_id": "5151", "slot": 11, "slots_total": 28, "reader_calls": 920}
{"pid": 161896, "unix_time": 1789266493.3985806, "status": "running", "stage": "finite", "response_id": "5151", "slot": 12, "slots_total": 28, "reader_calls": 921}
{"pid": 161896, "unix_time": 1789266493.63201, "status": "running", "stage": "finite", "response_id": "5151", "slot": 13, "slots_total": 28, "reader_calls": 922}
{"pid": 161896, "unix_time": 1789266493.8105345, "status": "running", "stage": "finite", "response_id": "5151", "slot": 14, "slots_total": 28, "reader_calls": 923}
{"pid": 161896, "unix_time": 1789266493.9849756, "status": "running", "stage": "finite", "response_id": "5151", "slot": 15, "slots_total": 28, "reader_calls": 924}
{"pid": 161896, "unix_time": 1789266494.1698055, "status": "running", "stage": "finite", "response_id": "5151", "slot": 16, "slots_total": 28, "reader_calls": 925}
{"pid": 161896, "unix_time": 1789266494.3561556, "status": "running", "stage": "finite", "response_id": "5151", "slot": 17, "slots_total": 28, "reader_calls": 926}
{"pid": 161896, "unix_time": 1789266494.5521786, "status": "running", "stage": "finite", "response_id": "5151", "slot": 18, "slots_total": 28, "reader_calls": 927}
{"pid": 161896, "unix_time": 1789266494.7398608, "status": "running", "stage": "finite", "response_id": "5151", "slot": 19, "slots_total": 28, "reader_calls": 928}
{"pid": 161896, "unix_time": 1789266494.9279063, "status": "running", "stage": "finite", "response_id": "5151", "slot": 20, "slots_total": 28, "reader_calls": 929}
{"pid": 161896, "unix_time": 1789266495.1114237, "status": "running", "stage": "finite", "response_id": "5151", "slot": 21, "slots_total": 28, "reader_calls": 930}
{"pid": 161896, "unix_time": 1789266495.2903419, "status": "running", "stage": "finite", "response_id": "5151", "slot": 22, "slots_total": 28, "reader_calls": 931}
{"pid": 161896, "unix_time": 1789266495.4656405, "status": "running", "stage": "finite", "response_id": "5151", "slot": 23, "slots_total": 28, "reader_calls": 932}
{"pid": 161896, "unix_time": 1789266495.6477854, "status": "running", "stage": "finite", "response_id": "5151", "slot": 24, "slots_total": 28, "reader_calls": 933}
{"pid": 161896, "unix_time": 1789266495.832052, "status": "running", "stage": "finite", "response_id": "5151", "slot": 25, "slots_total": 28, "reader_calls": 934}
{"pid": 161896, "unix_time": 1789266496.0247822, "status": "running", "stage": "finite", "response_id": "5151", "slot": 26, "slots_total": 28, "reader_calls": 935}
{"pid": 161896, "unix_time": 1789266496.2244806, "status": "running", "stage": "finite", "response_id": "5151", "slot": 27, "slots_total": 28, "reader_calls": 936}
{"pid": 161896, "unix_time": 1789266496.511096, "status": "running", "stage": "finite", "response_id": "2911", "slot": 0, "slots_total": 69, "reader_calls": 937}
{"pid": 161896, "unix_time": 1789266496.8605027, "status": "running", "stage": "finite", "response_id": "2911", "slot": 1, "slots_total": 69, "reader_calls": 938}
{"pid": 161896, "unix_time": 1789266497.1766415, "status": "running", "stage": "finite", "response_id": "2911", "slot": 2, "slots_total": 69, "reader_calls": 939}
{"pid": 161896, "unix_time": 1789266501.7121594, "status": "running", "stage": "finite", "response_id": "2911", "slot": 3, "slots_total": 69, "reader_calls": 956}
{"pid": 161896, "unix_time": 1789266502.0431628, "status": "running", "stage": "finite", "response_id": "2911", "slot": 4, "slots_total": 69, "reader_calls": 957}
{"pid": 161896, "unix_time": 1789266502.360269, "status": "running", "stage": "finite", "response_id": "2911", "slot": 5, "slots_total": 69, "reader_calls": 958}
{"pid": 161896, "unix_time": 1789266502.6662133, "status": "running", "stage": "finite", "response_id": "2911", "slot": 6, "slots_total": 69, "reader_calls": 959}
{"pid": 161896, "unix_time": 1789266502.9717815, "status": "running", "stage": "finite", "response_id": "2911", "slot": 7, "slots_total": 69, "reader_calls": 960}
{"pid": 161896, "unix_time": 1789266503.2847755, "status": "running", "stage": "finite", "response_id": "2911", "slot": 8, "slots_total": 69, "reader_calls": 961}
{"pid": 161896, "unix_time": 1789266503.6171136, "status": "running", "stage": "finite", "response_id": "2911", "slot": 9, "slots_total": 69, "reader_calls": 962}
{"pid": 161896, "unix_time": 1789266503.937992, "status": "running", "stage": "finite", "response_id": "2911", "slot": 10, "slots_total": 69, "reader_calls": 963}
{"pid": 161896, "unix_time": 1789266504.267657, "status": "running", "stage": "finite", "response_id": "2911", "slot": 11, "slots_total": 69, "reader_calls": 964}
{"pid": 161896, "unix_time": 1789266504.602864, "status": "running", "stage": "finite", "response_id": "2911", "slot": 12, "slots_total": 69, "reader_calls": 965}
{"pid": 161896, "unix_time": 1789266504.925298, "status": "running", "stage": "finite", "response_id": "2911", "slot": 13, "slots_total": 69, "reader_calls": 966}
{"pid": 161896, "unix_time": 1789266505.249891, "status": "running", "stage": "finite", "response_id": "2911", "slot": 14, "slots_total": 69, "reader_calls": 967}
{"pid": 161896, "unix_time": 1789266505.565963, "status": "running", "stage": "finite", "response_id": "2911", "slot": 15, "slots_total": 69, "reader_calls": 968}
{"pid": 161896, "unix_time": 1789266505.8847497, "status": "running", "stage": "finite", "response_id": "2911", "slot": 16, "slots_total": 69, "reader_calls": 969}
{"pid": 161896, "unix_time": 1789266506.2121193, "status": "running", "stage": "finite", "response_id": "2911", "slot": 17, "slots_total": 69, "reader_calls": 970}
{"pid": 161896, "unix_time": 1789266506.5438185, "status": "running", "stage": "finite", "response_id": "2911", "slot": 18, "slots_total": 69, "reader_calls": 971}
{"pid": 161896, "unix_time": 1789266506.88406, "status": "running", "stage": "finite", "response_id": "2911", "slot": 19, "slots_total": 69, "reader_calls": 972}
{"pid": 161896, "unix_time": 1789266507.207999, "status": "running", "stage": "finite", "response_id": "2911", "slot": 20, "slots_total": 69, "reader_calls": 973}
{"pid": 161896, "unix_time": 1789266507.540804, "status": "running", "stage": "finite", "response_id": "2911", "slot": 21, "slots_total": 69, "reader_calls": 974}
{"pid": 161896, "unix_time": 1789266507.8812437, "status": "running", "stage": "finite", "response_id": "2911", "slot": 22, "slots_total": 69, "reader_calls": 975}
{"pid": 161896, "unix_time": 1789266508.2523046, "status": "running", "stage": "finite", "response_id": "2911", "slot": 23, "slots_total": 69, "reader_calls": 976}
{"pid": 161896, "unix_time": 1789266508.5850208, "status": "running", "stage": "finite", "response_id": "2911", "slot": 24, "slots_total": 69, "reader_calls": 977}
{"pid": 161896, "unix_time": 1789266508.90874, "status": "running", "stage": "finite", "response_id": "2911", "slot": 25, "slots_total": 69, "reader_calls": 978}
{"pid": 161896, "unix_time": 1789266509.2355795, "status": "running", "stage": "finite", "response_id": "2911", "slot": 26, "slots_total": 69, "reader_calls": 979}
{"pid": 161896, "unix_time": 1789266509.5568838, "status": "running", "stage": "finite", "response_id": "2911", "slot": 27, "slots_total": 69, "reader_calls": 980}
{"pid": 161896, "unix_time": 1789266509.8812306, "status": "running", "stage": "finite", "response_id": "2911", "slot": 28, "slots_total": 69, "reader_calls": 981}
{"pid": 161896, "unix_time": 1789266514.5628872, "status": "running", "stage": "finite", "response_id": "2911", "slot": 29, "slots_total": 69, "reader_calls": 998}
{"pid": 161896, "unix_time": 1789266514.900279, "status": "running", "stage": "finite", "response_id": "2911", "slot": 30, "slots_total": 69, "reader_calls": 999}
{"pid": 161896, "unix_time": 1789266515.2153897, "status": "running", "stage": "finite", "response_id": "2911", "slot": 31, "slots_total": 69, "reader_calls": 1000}
{"pid": 161896, "unix_time": 1789266515.5374346, "status": "running", "stage": "finite", "response_id": "2911", "slot": 32, "slots_total": 69, "reader_calls": 1001}
{"pid": 161896, "unix_time": 1789266515.8634384, "status": "running", "stage": "finite", "response_id": "2911", "slot": 33, "slots_total": 69, "reader_calls": 1002}
{"pid": 161896, "unix_time": 1789266520.5274866, "status": "running", "stage": "finite", "response_id": "2911", "slot": 34, "slots_total": 69, "reader_calls": 1019}
{"pid": 161896, "unix_time": 1789266525.2252812, "status": "running", "stage": "finite", "response_id": "2911", "slot": 35, "slots_total": 69, "reader_calls": 1036}
{"pid": 161896, "unix_time": 1789266525.551849, "status": "running", "stage": "finite", "response_id": "2911", "slot": 36, "slots_total": 69, "reader_calls": 1037}
{"pid": 161896, "unix_time": 1789266525.90083, "status": "running", "stage": "finite", "response_id": "2911", "slot": 37, "slots_total": 69, "reader_calls": 1038}
{"pid": 161896, "unix_time": 1789266526.2259548, "status": "running", "stage": "finite", "response_id": "2911", "slot": 38, "slots_total": 69, "reader_calls": 1039}
{"pid": 161896, "unix_time": 1789266526.5511663, "status": "running", "stage": "finite", "response_id": "2911", "slot": 39, "slots_total": 69, "reader_calls": 1040}
{"pid": 161896, "unix_time": 1789266526.8954337, "status": "running", "stage": "finite", "response_id": "2911", "slot": 40, "slots_total": 69, "reader_calls": 1041}
{"pid": 161896, "unix_time": 1789266527.2225046, "status": "running", "stage": "finite", "response_id": "2911", "slot": 41, "slots_total": 69, "reader_calls": 1042}
{"pid": 161896, "unix_time": 1789266527.5550656, "status": "running", "stage": "finite", "response_id": "2911", "slot": 42, "slots_total": 69, "reader_calls": 1043}
{"pid": 161896, "unix_time": 1789266527.9152253, "status": "running", "stage": "finite", "response_id": "2911", "slot": 43, "slots_total": 69, "reader_calls": 1044}
{"pid": 161896, "unix_time": 1789266528.2594118, "status": "running", "stage": "finite", "response_id": "2911", "slot": 44, "slots_total": 69, "reader_calls": 1045}
{"pid": 161896, "unix_time": 1789266528.6015582, "status": "running", "stage": "finite", "response_id": "2911", "slot": 45, "slots_total": 69, "reader_calls": 1046}
{"pid": 161896, "unix_time": 1789266528.9530728, "status": "running", "stage": "finite", "response_id": "2911", "slot": 46, "slots_total": 69, "reader_calls": 1047}
{"pid": 161896, "unix_time": 1789266529.292321, "status": "running", "stage": "finite", "response_id": "2911", "slot": 47, "slots_total": 69, "reader_calls": 1048}
{"pid": 161896, "unix_time": 1789266529.6498337, "status": "running", "stage": "finite", "response_id": "2911", "slot": 48, "slots_total": 69, "reader_calls": 1049}
{"pid": 161896, "unix_time": 1789266530.003214, "status": "running", "stage": "finite", "response_id": "2911", "slot": 49, "slots_total": 69, "reader_calls": 1050}
{"pid": 161896, "unix_time": 1789266530.3427072, "status": "running", "stage": "finite", "response_id": "2911", "slot": 50, "slots_total": 69, "reader_calls": 1051}
{"pid": 161896, "unix_time": 1789266530.6883123, "status": "running", "stage": "finite", "response_id": "2911", "slot": 51, "slots_total": 69, "reader_calls": 1052}
{"pid": 161896, "unix_time": 1789266531.0419364, "status": "running", "stage": "finite", "response_id": "2911", "slot": 52, "slots_total": 69, "reader_calls": 1053}
{"pid": 161896, "unix_time": 1789266531.3838816, "status": "running", "stage": "finite", "response_id": "2911", "slot": 53, "slots_total": 69, "reader_calls": 1054}
{"pid": 161896, "unix_time": 1789266531.7259755, "status": "running", "stage": "finite", "response_id": "2911", "slot": 54, "slots_total": 69, "reader_calls": 1055}
{"pid": 161896, "unix_time": 1789266532.0662405, "status": "running", "stage": "finite", "response_id": "2911", "slot": 55, "slots_total": 69, "reader_calls": 1056}
{"pid": 161896, "unix_time": 1789266532.4249914, "status": "running", "stage": "finite", "response_id": "2911", "slot": 56, "slots_total": 69, "reader_calls": 1057}
{"pid": 161896, "unix_time": 1789266532.778201, "status": "running", "stage": "finite", "response_id": "2911", "slot": 57, "slots_total": 69, "reader_calls": 1058}
{"pid": 161896, "unix_time": 1789266533.1292977, "status": "running", "stage": "finite", "response_id": "2911", "slot": 58, "slots_total": 69, "reader_calls": 1059}
{"pid": 161896, "unix_time": 1789266533.4814835, "status": "running", "stage": "finite", "response_id": "2911", "slot": 59, "slots_total": 69, "reader_calls": 1060}
{"pid": 161896, "unix_time": 1789266533.822579, "status": "running", "stage": "finite", "response_id": "2911", "slot": 60, "slots_total": 69, "reader_calls": 1061}
{"pid": 161896, "unix_time": 1789266534.1830184, "status": "running", "stage": "finite", "response_id": "2911", "slot": 61, "slots_total": 69, "reader_calls": 1062}
{"pid": 161896, "unix_time": 1789266534.5286834, "status": "running", "stage": "finite", "response_id": "2911", "slot": 62, "slots_total": 69, "reader_calls": 1063}
{"pid": 161896, "unix_time": 1789266534.8737044, "status": "running", "stage": "finite", "response_id": "2911", "slot": 63, "slots_total": 69, "reader_calls": 1064}
{"pid": 161896, "unix_time": 1789266535.2303984, "status": "running", "stage": "finite", "response_id": "2911", "slot": 64, "slots_total": 69, "reader_calls": 1065}
{"pid": 161896, "unix_time": 1789266535.5851848, "status": "running", "stage": "finite", "response_id": "2911", "slot": 65, "slots_total": 69, "reader_calls": 1066}
{"pid": 161896, "unix_time": 1789266535.9448192, "status": "running", "stage": "finite", "response_id": "2911", "slot": 66, "slots_total": 69, "reader_calls": 1067}
{"pid": 161896, "unix_time": 1789266536.2940938, "status": "running", "stage": "finite", "response_id": "2911", "slot": 67, "slots_total": 69, "reader_calls": 1068}
{"pid": 161896, "unix_time": 1789266536.6480901, "status": "running", "stage": "finite", "response_id": "2911", "slot": 68, "slots_total": 69, "reader_calls": 1069}
{"pid": 161896, "unix_time": 1789266537.2506356, "status": "running", "stage": "finite", "response_id": "5149", "slot": 0, "slots_total": 41, "reader_calls": 1070}
{"pid": 161896, "unix_time": 1789266537.4271762, "status": "running", "stage": "finite", "response_id": "5149", "slot": 1, "slots_total": 41, "reader_calls": 1071}
{"pid": 161896, "unix_time": 1789266537.6081314, "status": "running", "stage": "finite", "response_id": "5149", "slot": 2, "slots_total": 41, "reader_calls": 1072}
{"pid": 161896, "unix_time": 1789266537.7889178, "status": "running", "stage": "finite", "response_id": "5149", "slot": 3, "slots_total": 41, "reader_calls": 1073}
{"pid": 161896, "unix_time": 1789266537.971006, "status": "running", "stage": "finite", "response_id": "5149", "slot": 4, "slots_total": 41, "reader_calls": 1074}
{"pid": 161896, "unix_time": 1789266538.1571639, "status": "running", "stage": "finite", "response_id": "5149", "slot": 5, "slots_total": 41, "reader_calls": 1075}
{"pid": 161896, "unix_time": 1789266538.3354278, "status": "running", "stage": "finite", "response_id": "5149", "slot": 6, "slots_total": 41, "reader_calls": 1076}
{"pid": 161896, "unix_time": 1789266538.515892, "status": "running", "stage": "finite", "response_id": "5149", "slot": 7, "slots_total": 41, "reader_calls": 1077}
{"pid": 161896, "unix_time": 1789266538.6955144, "status": "running", "stage": "finite", "response_id": "5149", "slot": 8, "slots_total": 41, "reader_calls": 1078}
{"pid": 161896, "unix_time": 1789266538.876532, "status": "running", "stage": "finite", "response_id": "5149", "slot": 9, "slots_total": 41, "reader_calls": 1079}
{"pid": 161896, "unix_time": 1789266539.0562267, "status": "running", "stage": "finite", "response_id": "5149", "slot": 10, "slots_total": 41, "reader_calls": 1080}
{"pid": 161896, "unix_time": 1789266539.2569594, "status": "running", "stage": "finite", "response_id": "5149", "slot": 11, "slots_total": 41, "reader_calls": 1081}
{"pid": 161896, "unix_time": 1789266539.449694, "status": "running", "stage": "finite", "response_id": "5149", "slot": 12, "slots_total": 41, "reader_calls": 1082}
{"pid": 161896, "unix_time": 1789266539.6559856, "status": "running", "stage": "finite", "response_id": "5149", "slot": 13, "slots_total": 41, "reader_calls": 1083}
{"pid": 161896, "unix_time": 1789266539.8503337, "status": "running", "stage": "finite", "response_id": "5149", "slot": 14, "slots_total": 41, "reader_calls": 1084}
{"pid": 161896, "unix_time": 1789266540.050017, "status": "running", "stage": "finite", "response_id": "5149", "slot": 15, "slots_total": 41, "reader_calls": 1085}
{"pid": 161896, "unix_time": 1789266540.2432175, "status": "running", "stage": "finite", "response_id": "5149", "slot": 16, "slots_total": 41, "reader_calls": 1086}
{"pid": 161896, "unix_time": 1789266540.4363086, "status": "running", "stage": "finite", "response_id": "5149", "slot": 17, "slots_total": 41, "reader_calls": 1087}
{"pid": 161896, "unix_time": 1789266540.6595807, "status": "running", "stage": "finite", "response_id": "5149", "slot": 18, "slots_total": 41, "reader_calls": 1088}
{"pid": 161896, "unix_time": 1789266540.8555863, "status": "running", "stage": "finite", "response_id": "5149", "slot": 19, "slots_total": 41, "reader_calls": 1089}
{"pid": 161896, "unix_time": 1789266541.0447123, "status": "running", "stage": "finite", "response_id": "5149", "slot": 20, "slots_total": 41, "reader_calls": 1090}
{"pid": 161896, "unix_time": 1789266541.2348833, "status": "running", "stage": "finite", "response_id": "5149", "slot": 21, "slots_total": 41, "reader_calls": 1091}
{"pid": 161896, "unix_time": 1789266541.4224231, "status": "running", "stage": "finite", "response_id": "5149", "slot": 22, "slots_total": 41, "reader_calls": 1092}
{"pid": 161896, "unix_time": 1789266541.6014214, "status": "running", "stage": "finite", "response_id": "5149", "slot": 23, "slots_total": 41, "reader_calls": 1093}
{"pid": 161896, "unix_time": 1789266541.787278, "status": "running", "stage": "finite", "response_id": "5149", "slot": 24, "slots_total": 41, "reader_calls": 1094}
{"pid": 161896, "unix_time": 1789266541.9748237, "status": "running", "stage": "finite", "response_id": "5149", "slot": 25, "slots_total": 41, "reader_calls": 1095}
{"pid": 161896, "unix_time": 1789266542.162935, "status": "running", "stage": "finite", "response_id": "5149", "slot": 26, "slots_total": 41, "reader_calls": 1096}
{"pid": 161896, "unix_time": 1789266542.380955, "status": "running", "stage": "finite", "response_id": "5149", "slot": 27, "slots_total": 41, "reader_calls": 1097}
{"pid": 161896, "unix_time": 1789266542.5834932, "status": "running", "stage": "finite", "response_id": "5149", "slot": 28, "slots_total": 41, "reader_calls": 1098}
{"pid": 161896, "unix_time": 1789266542.8068893, "status": "running", "stage": "finite", "response_id": "5149", "slot": 29, "slots_total": 41, "reader_calls": 1099}
{"pid": 161896, "unix_time": 1789266543.0039065, "status": "running", "stage": "finite", "response_id": "5149", "slot": 30, "slots_total": 41, "reader_calls": 1100}
{"pid": 161896, "unix_time": 1789266543.2064426, "status": "running", "stage": "finite", "response_id": "5149", "slot": 31, "slots_total": 41, "reader_calls": 1101}
{"pid": 161896, "unix_time": 1789266543.4002352, "status": "running", "stage": "finite", "response_id": "5149", "slot": 32, "slots_total": 41, "reader_calls": 1102}
{"pid": 161896, "unix_time": 1789266543.5945268, "status": "running", "stage": "finite", "response_id": "5149", "slot": 33, "slots_total": 41, "reader_calls": 1103}
{"pid": 161896, "unix_time": 1789266543.79567, "status": "running", "stage": "finite", "response_id": "5149", "slot": 34, "slots_total": 41, "reader_calls": 1104}
{"pid": 161896, "unix_time": 1789266543.9900677, "status": "running", "stage": "finite", "response_id": "5149", "slot": 35, "slots_total": 41, "reader_calls": 1105}
{"pid": 161896, "unix_time": 1789266544.1892412, "status": "running", "stage": "finite", "response_id": "5149", "slot": 36, "slots_total": 41, "reader_calls": 1106}
{"pid": 161896, "unix_time": 1789266544.3930063, "status": "running", "stage": "finite", "response_id": "5149", "slot": 37, "slots_total": 41, "reader_calls": 1107}
{"pid": 161896, "unix_time": 1789266544.5909424, "status": "running", "stage": "finite", "response_id": "5149", "slot": 38, "slots_total": 41, "reader_calls": 1108}
{"pid": 161896, "unix_time": 1789266544.8012307, "status": "running", "stage": "finite", "response_id": "5149", "slot": 39, "slots_total": 41, "reader_calls": 1109}
{"pid": 161896, "unix_time": 1789266545.0113633, "status": "running", "stage": "finite", "response_id": "5149", "slot": 40, "slots_total": 41, "reader_calls": 1110}
{"pid": 161896, "unix_time": 1789266545.3471403, "status": "running", "stage": "finite", "response_id": "2910", "slot": 0, "slots_total": 62, "reader_calls": 1111}
{"pid": 161896, "unix_time": 1789266545.680772, "status": "running", "stage": "finite", "response_id": "2910", "slot": 1, "slots_total": 62, "reader_calls": 1112}
{"pid": 161896, "unix_time": 1789266545.99611, "status": "running", "stage": "finite", "response_id": "2910", "slot": 2, "slots_total": 62, "reader_calls": 1113}
{"pid": 161896, "unix_time": 1789266546.3175943, "status": "running", "stage": "finite", "response_id": "2910", "slot": 3, "slots_total": 62, "reader_calls": 1114}
{"pid": 161896, "unix_time": 1789266546.6398966, "status": "running", "stage": "finite", "response_id": "2910", "slot": 4, "slots_total": 62, "reader_calls": 1115}
{"pid": 161896, "unix_time": 1789266546.9779718, "status": "running", "stage": "finite", "response_id": "2910", "slot": 5, "slots_total": 62, "reader_calls": 1116}
{"pid": 161896, "unix_time": 1789266547.2999604, "status": "running", "stage": "finite", "response_id": "2910", "slot": 6, "slots_total": 62, "reader_calls": 1117}
{"pid": 161896, "unix_time": 1789266547.6091225, "status": "running", "stage": "finite", "response_id": "2910", "slot": 7, "slots_total": 62, "reader_calls": 1118}
{"pid": 161896, "unix_time": 1789266547.9187346, "status": "running", "stage": "finite", "response_id": "2910", "slot": 8, "slots_total": 62, "reader_calls": 1119}
{"pid": 161896, "unix_time": 1789266548.2383683, "status": "running", "stage": "finite", "response_id": "2910", "slot": 9, "slots_total": 62, "reader_calls": 1120}
{"pid": 161896, "unix_time": 1789266548.5555317, "status": "running", "stage": "finite", "response_id": "2910", "slot": 10, "slots_total": 62, "reader_calls": 1121}
{"pid": 161896, "unix_time": 1789266548.882504, "status": "running", "stage": "finite", "response_id": "2910", "slot": 11, "slots_total": 62, "reader_calls": 1122}
{"pid": 161896, "unix_time": 1789266549.1997647, "status": "running", "stage": "finite", "response_id": "2910", "slot": 12, "slots_total": 62, "reader_calls": 1123}
{"pid": 161896, "unix_time": 1789266549.5585613, "status": "running", "stage": "finite", "response_id": "2910", "slot": 13, "slots_total": 62, "reader_calls": 1124}
{"pid": 161896, "unix_time": 1789266549.8857346, "status": "running", "stage": "finite", "response_id": "2910", "slot": 14, "slots_total": 62, "reader_calls": 1125}
{"pid": 161896, "unix_time": 1789266550.2066689, "status": "running", "stage": "finite", "response_id": "2910", "slot": 15, "slots_total": 62, "reader_calls": 1126}
{"pid": 161896, "unix_time": 1789266550.567622, "status": "running", "stage": "finite", "response_id": "2910", "slot": 16, "slots_total": 62, "reader_calls": 1127}
{"pid": 161896, "unix_time": 1789266550.8989701, "status": "running", "stage": "finite", "response_id": "2910", "slot": 17, "slots_total": 62, "reader_calls": 1128}
{"pid": 161896, "unix_time": 1789266551.2308788, "status": "running", "stage": "finite", "response_id": "2910", "slot": 18, "slots_total": 62, "reader_calls": 1129}
{"pid": 161896, "unix_time": 1789266551.5593705, "status": "running", "stage": "finite", "response_id": "2910", "slot": 19, "slots_total": 62, "reader_calls": 1130}
{"pid": 161896, "unix_time": 1789266551.8812537, "status": "running", "stage": "finite", "response_id": "2910", "slot": 20, "slots_total": 62, "reader_calls": 1131}
{"pid": 161896, "unix_time": 1789266552.2119975, "status": "running", "stage": "finite", "response_id": "2910", "slot": 21, "slots_total": 62, "reader_calls": 1132}
{"pid": 161896, "unix_time": 1789266552.5389104, "status": "running", "stage": "finite", "response_id": "2910", "slot": 22, "slots_total": 62, "reader_calls": 1133}
{"pid": 161896, "unix_time": 1789266552.8599157, "status": "running", "stage": "finite", "response_id": "2910", "slot": 23, "slots_total": 62, "reader_calls": 1134}
{"pid": 161896, "unix_time": 1789266553.1804354, "status": "running", "stage": "finite", "response_id": "2910", "slot": 24, "slots_total": 62, "reader_calls": 1135}
{"pid": 161896, "unix_time": 1789266553.4960785, "status": "running", "stage": "finite", "response_id": "2910", "slot": 25, "slots_total": 62, "reader_calls": 1136}
{"pid": 161896, "unix_time": 1789266553.8272488, "status": "running", "stage": "finite", "response_id": "2910", "slot": 26, "slots_total": 62, "reader_calls": 1137}
{"pid": 161896, "unix_time": 1789266554.1777031, "status": "running", "stage": "finite", "response_id": "2910", "slot": 27, "slots_total": 62, "reader_calls": 1138}
{"pid": 161896, "unix_time": 1789266554.5002067, "status": "running", "stage": "finite", "response_id": "2910", "slot": 28, "slots_total": 62, "reader_calls": 1139}
{"pid": 161896, "unix_time": 1789266554.8317974, "status": "running", "stage": "finite", "response_id": "2910", "slot": 29, "slots_total": 62, "reader_calls": 1140}
{"pid": 161896, "unix_time": 1789266555.1872365, "status": "running", "stage": "finite", "response_id": "2910", "slot": 30, "slots_total": 62, "reader_calls": 1141}
{"pid": 161896, "unix_time": 1789266555.52095, "status": "running", "stage": "finite", "response_id": "2910", "slot": 31, "slots_total": 62, "reader_calls": 1142}
{"pid": 161896, "unix_time": 1789266555.8440099, "status": "running", "stage": "finite", "response_id": "2910", "slot": 32, "slots_total": 62, "reader_calls": 1143}
{"pid": 161896, "unix_time": 1789266556.182855, "status": "running", "stage": "finite", "response_id": "2910", "slot": 33, "slots_total": 62, "reader_calls": 1144}
{"pid": 161896, "unix_time": 1789266556.5177462, "status": "running", "stage": "finite", "response_id": "2910", "slot": 34, "slots_total": 62, "reader_calls": 1145}
{"pid": 161896, "unix_time": 1789266556.8382838, "status": "running", "stage": "finite", "response_id": "2910", "slot": 35, "slots_total": 62, "reader_calls": 1146}
{"pid": 161896, "unix_time": 1789266557.20486, "status": "running", "stage": "finite", "response_id": "2910", "slot": 36, "slots_total": 62, "reader_calls": 1147}
{"pid": 161896, "unix_time": 1789266557.5871506, "status": "running", "stage": "finite", "response_id": "2910", "slot": 37, "slots_total": 62, "reader_calls": 1148}
{"pid": 161896, "unix_time": 1789266557.9362586, "status": "running", "stage": "finite", "response_id": "2910", "slot": 38, "slots_total": 62, "reader_calls": 1149}
{"pid": 161896, "unix_time": 1789266558.270478, "status": "running", "stage": "finite", "response_id": "2910", "slot": 39, "slots_total": 62, "reader_calls": 1150}
{"pid": 161896, "unix_time": 1789266558.6007853, "status": "running", "stage": "finite", "response_id": "2910", "slot": 40, "slots_total": 62, "reader_calls": 1151}
{"pid": 161896, "unix_time": 1789266558.9454927, "status": "running", "stage": "finite", "response_id": "2910", "slot": 41, "slots_total": 62, "reader_calls": 1152}
{"pid": 161896, "unix_time": 1789266559.2920406, "status": "running", "stage": "finite", "response_id": "2910", "slot": 42, "slots_total": 62, "reader_calls": 1153}
{"pid": 161896, "unix_time": 1789266559.6394565, "status": "running", "stage": "finite", "response_id": "2910", "slot": 43, "slots_total": 62, "reader_calls": 1154}
{"pid": 161896, "unix_time": 1789266559.982948, "status": "running", "stage": "finite", "response_id": "2910", "slot": 44, "slots_total": 62, "reader_calls": 1155}
{"pid": 161896, "unix_time": 1789266560.325068, "status": "running", "stage": "finite", "response_id": "2910", "slot": 45, "slots_total": 62, "reader_calls": 1156}
{"pid": 161896, "unix_time": 1789266560.7040267, "status": "running", "stage": "finite", "response_id": "2910", "slot": 46, "slots_total": 62, "reader_calls": 1157}
{"pid": 161896, "unix_time": 1789266561.051509, "status": "running", "stage": "finite", "response_id": "2910", "slot": 47, "slots_total": 62, "reader_calls": 1158}
{"pid": 161896, "unix_time": 1789266561.3884175, "status": "running", "stage": "finite", "response_id": "2910", "slot": 48, "slots_total": 62, "reader_calls": 1159}
{"pid": 161896, "unix_time": 1789266561.7248657, "status": "running", "stage": "finite", "response_id": "2910", "slot": 49, "slots_total": 62, "reader_calls": 1160}
{"pid": 161896, "unix_time": 1789266562.0640242, "status": "running", "stage": "finite", "response_id": "2910", "slot": 50, "slots_total": 62, "reader_calls": 1161}
{"pid": 161896, "unix_time": 1789266562.3943188, "status": "running", "stage": "finite", "response_id": "2910", "slot": 51, "slots_total": 62, "reader_calls": 1162}
{"pid": 161896, "unix_time": 1789266562.7261548, "status": "running", "stage": "finite", "response_id": "2910", "slot": 52, "slots_total": 62, "reader_calls": 1163}
{"pid": 161896, "unix_time": 1789266563.076429, "status": "running", "stage": "finite", "response_id": "2910", "slot": 53, "slots_total": 62, "reader_calls": 1164}
{"pid": 161896, "unix_time": 1789266563.4300349, "status": "running", "stage": "finite", "response_id": "2910", "slot": 54, "slots_total": 62, "reader_calls": 1165}
{"pid": 161896, "unix_time": 1789266563.7802694, "status": "running", "stage": "finite", "response_id": "2910", "slot": 55, "slots_total": 62, "reader_calls": 1166}
{"pid": 161896, "unix_time": 1789266564.1346326, "status": "running", "stage": "finite", "response_id": "2910", "slot": 56, "slots_total": 62, "reader_calls": 1167}
{"pid": 161896, "unix_time": 1789266564.4826376, "status": "running", "stage": "finite", "response_id": "2910", "slot": 57, "slots_total": 62, "reader_calls": 1168}
{"pid": 161896, "unix_time": 1789266564.826104, "status": "running", "stage": "finite", "response_id": "2910", "slot": 58, "slots_total": 62, "reader_calls": 1169}
{"pid": 161896, "unix_time": 1789266565.1881866, "status": "running", "stage": "finite", "response_id": "2910", "slot": 59, "slots_total": 62, "reader_calls": 1170}
{"pid": 161896, "unix_time": 1789266565.5395977, "status": "running", "stage": "finite", "response_id": "2910", "slot": 60, "slots_total": 62, "reader_calls": 1171}
{"pid": 161896, "unix_time": 1789266565.8861995, "status": "running", "stage": "finite", "response_id": "2910", "slot": 61, "slots_total": 62, "reader_calls": 1172}
{"pid": 161896, "unix_time": 1789266566.432853, "status": "running", "stage": "finite", "response_id": "5148", "slot": 0, "slots_total": 36, "reader_calls": 1173}
{"pid": 161896, "unix_time": 1789266566.6156495, "status": "running", "stage": "finite", "response_id": "5148", "slot": 1, "slots_total": 36, "reader_calls": 1174}
{"pid": 161896, "unix_time": 1789266566.8211403, "status": "running", "stage": "finite", "response_id": "5148", "slot": 2, "slots_total": 36, "reader_calls": 1175}
{"pid": 161896, "unix_time": 1789266567.0222113, "status": "running", "stage": "finite", "response_id": "5148", "slot": 3, "slots_total": 36, "reader_calls": 1176}
{"pid": 161896, "unix_time": 1789266567.2083988, "status": "running", "stage": "finite", "response_id": "5148", "slot": 4, "slots_total": 36, "reader_calls": 1177}
{"pid": 161896, "unix_time": 1789266567.3925235, "status": "running", "stage": "finite", "response_id": "5148", "slot": 5, "slots_total": 36, "reader_calls": 1178}
{"pid": 161896, "unix_time": 1789266567.5787554, "status": "running", "stage": "finite", "response_id": "5148", "slot": 6, "slots_total": 36, "reader_calls": 1179}
{"pid": 161896, "unix_time": 1789266567.7620027, "status": "running", "stage": "finite", "response_id": "5148", "slot": 7, "slots_total": 36, "reader_calls": 1180}
{"pid": 161896, "unix_time": 1789266567.9417663, "status": "running", "stage": "finite", "response_id": "5148", "slot": 8, "slots_total": 36, "reader_calls": 1181}
{"pid": 161896, "unix_time": 1789266568.1178203, "status": "running", "stage": "finite", "response_id": "5148", "slot": 9, "slots_total": 36, "reader_calls": 1182}
{"pid": 161896, "unix_time": 1789266568.3117568, "status": "running", "stage": "finite", "response_id": "5148", "slot": 10, "slots_total": 36, "reader_calls": 1183}
{"pid": 161896, "unix_time": 1789266568.4948077, "status": "running", "stage": "finite", "response_id": "5148", "slot": 11, "slots_total": 36, "reader_calls": 1184}
{"pid": 161896, "unix_time": 1789266568.6730287, "status": "running", "stage": "finite", "response_id": "5148", "slot": 12, "slots_total": 36, "reader_calls": 1185}
{"pid": 161896, "unix_time": 1789266568.8571212, "status": "running", "stage": "finite", "response_id": "5148", "slot": 13, "slots_total": 36, "reader_calls": 1186}
{"pid": 161896, "unix_time": 1789266569.0218468, "status": "running", "stage": "finite", "response_id": "5148", "slot": 14, "slots_total": 36, "reader_calls": 1187}
{"pid": 161896, "unix_time": 1789266569.199373, "status": "running", "stage": "finite", "response_id": "5148", "slot": 15, "slots_total": 36, "reader_calls": 1188}
{"pid": 161896, "unix_time": 1789266569.375612, "status": "running", "stage": "finite", "response_id": "5148", "slot": 16, "slots_total": 36, "reader_calls": 1189}
{"pid": 161896, "unix_time": 1789266569.5583298, "status": "running", "stage": "finite", "response_id": "5148", "slot": 17, "slots_total": 36, "reader_calls": 1190}
{"pid": 161896, "unix_time": 1789266569.7425554, "status": "running", "stage": "finite", "response_id": "5148", "slot": 18, "slots_total": 36, "reader_calls": 1191}
{"pid": 161896, "unix_time": 1789266569.9283648, "status": "running", "stage": "finite", "response_id": "5148", "slot": 19, "slots_total": 36, "reader_calls": 1192}
{"pid": 161896, "unix_time": 1789266570.1075573, "status": "running", "stage": "finite", "response_id": "5148", "slot": 20, "slots_total": 36, "reader_calls": 1193}
{"pid": 161896, "unix_time": 1789266570.2882714, "status": "running", "stage": "finite", "response_id": "5148", "slot": 21, "slots_total": 36, "reader_calls": 1194}
{"pid": 161896, "unix_time": 1789266570.471412, "status": "running", "stage": "finite", "response_id": "5148", "slot": 22, "slots_total": 36, "reader_calls": 1195}
{"pid": 161896, "unix_time": 1789266570.6684265, "status": "running", "stage": "finite", "response_id": "5148", "slot": 23, "slots_total": 36, "reader_calls": 1196}
{"pid": 161896, "unix_time": 1789266570.8507879, "status": "running", "stage": "finite", "response_id": "5148", "slot": 24, "slots_total": 36, "reader_calls": 1197}
{"pid": 161896, "unix_time": 1789266571.0457714, "status": "running", "stage": "finite", "response_id": "5148", "slot": 25, "slots_total": 36, "reader_calls": 1198}
{"pid": 161896, "unix_time": 1789266571.2378318, "status": "running", "stage": "finite", "response_id": "5148", "slot": 26, "slots_total": 36, "reader_calls": 1199}
{"pid": 161896, "unix_time": 1789266571.4287767, "status": "running", "stage": "finite", "response_id": "5148", "slot": 27, "slots_total": 36, "reader_calls": 1200}
{"pid": 161896, "unix_time": 1789266571.6242266, "status": "running", "stage": "finite", "response_id": "5148", "slot": 28, "slots_total": 36, "reader_calls": 1201}
{"pid": 161896, "unix_time": 1789266571.8265173, "status": "running", "stage": "finite", "response_id": "5148", "slot": 29, "slots_total": 36, "reader_calls": 1202}
{"pid": 161896, "unix_time": 1789266572.0392897, "status": "running", "stage": "finite", "response_id": "5148", "slot": 30, "slots_total": 36, "reader_calls": 1203}
{"pid": 161896, "unix_time": 1789266572.2388444, "status": "running", "stage": "finite", "response_id": "5148", "slot": 31, "slots_total": 36, "reader_calls": 1204}
{"pid": 161896, "unix_time": 1789266572.4266472, "status": "running", "stage": "finite", "response_id": "5148", "slot": 32, "slots_total": 36, "reader_calls": 1205}
{"pid": 161896, "unix_time": 1789266572.6096628, "status": "running", "stage": "finite", "response_id": "5148", "slot": 33, "slots_total": 36, "reader_calls": 1206}
{"pid": 161896, "unix_time": 1789266572.8007073, "status": "running", "stage": "finite", "response_id": "5148", "slot": 34, "slots_total": 36, "reader_calls": 1207}
{"pid": 161896, "unix_time": 1789266572.9906855, "status": "running", "stage": "finite", "response_id": "5148", "slot": 35, "slots_total": 36, "reader_calls": 1208}
{"pid": 161896, "unix_time": 1789266573.3333898, "status": "running", "stage": "finite", "response_id": "2914", "slot": 0, "slots_total": 49, "reader_calls": 1209}
{"pid": 161896, "unix_time": 1789266573.6674066, "status": "running", "stage": "finite", "response_id": "2914", "slot": 1, "slots_total": 49, "reader_calls": 1210}
{"pid": 161896, "unix_time": 1789266573.98341, "status": "running", "stage": "finite", "response_id": "2914", "slot": 2, "slots_total": 49, "reader_calls": 1211}
{"pid": 161896, "unix_time": 1789266574.2955275, "status": "running", "stage": "finite", "response_id": "2914", "slot": 3, "slots_total": 49, "reader_calls": 1212}
{"pid": 161896, "unix_time": 1789266574.6062918, "status": "running", "stage": "finite", "response_id": "2914", "slot": 4, "slots_total": 49, "reader_calls": 1213}
{"pid": 161896, "unix_time": 1789266574.9154782, "status": "running", "stage": "finite", "response_id": "2914", "slot": 5, "slots_total": 49, "reader_calls": 1214}
{"pid": 161896, "unix_time": 1789266575.2428052, "status": "running", "stage": "finite", "response_id": "2914", "slot": 6, "slots_total": 49, "reader_calls": 1215}
{"pid": 161896, "unix_time": 1789266575.5590796, "status": "running", "stage": "finite", "response_id": "2914", "slot": 7, "slots_total": 49, "reader_calls": 1216}
{"pid": 161896, "unix_time": 1789266575.869753, "status": "running", "stage": "finite", "response_id": "2914", "slot": 8, "slots_total": 49, "reader_calls": 1217}
{"pid": 161896, "unix_time": 1789266576.2317288, "status": "running", "stage": "finite", "response_id": "2914", "slot": 9, "slots_total": 49, "reader_calls": 1218}
{"pid": 161896, "unix_time": 1789266576.5593398, "status": "running", "stage": "finite", "response_id": "2914", "slot": 10, "slots_total": 49, "reader_calls": 1219}
{"pid": 161896, "unix_time": 1789266576.8819861, "status": "running", "stage": "finite", "response_id": "2914", "slot": 11, "slots_total": 49, "reader_calls": 1220}
{"pid": 161896, "unix_time": 1789266581.4401743, "status": "running", "stage": "finite", "response_id": "2914", "slot": 12, "slots_total": 49, "reader_calls": 1237}
{"pid": 161896, "unix_time": 1789266581.7688806, "status": "running", "stage": "finite", "response_id": "2914", "slot": 13, "slots_total": 49, "reader_calls": 1238}
{"pid": 161896, "unix_time": 1789266582.0826206, "status": "running", "stage": "finite", "response_id": "2914", "slot": 14, "slots_total": 49, "reader_calls": 1239}
{"pid": 161896, "unix_time": 1789266582.3959973, "status": "running", "stage": "finite", "response_id": "2914", "slot": 15, "slots_total": 49, "reader_calls": 1240}
{"pid": 161896, "unix_time": 1789266582.7054498, "status": "running", "stage": "finite", "response_id": "2914", "slot": 16, "slots_total": 49, "reader_calls": 1241}
{"pid": 161896, "unix_time": 1789266583.013999, "status": "running", "stage": "finite", "response_id": "2914", "slot": 17, "slots_total": 49, "reader_calls": 1242}
{"pid": 161896, "unix_time": 1789266583.333134, "status": "running", "stage": "finite", "response_id": "2914", "slot": 18, "slots_total": 49, "reader_calls": 1243}
{"pid": 161896, "unix_time": 1789266583.6492488, "status": "running", "stage": "finite", "response_id": "2914", "slot": 19, "slots_total": 49, "reader_calls": 1244}
{"pid": 161896, "unix_time": 1789266583.9666352, "status": "running", "stage": "finite", "response_id": "2914", "slot": 20, "slots_total": 49, "reader_calls": 1245}
{"pid": 161896, "unix_time": 1789266584.2863977, "status": "running", "stage": "finite", "response_id": "2914", "slot": 21, "slots_total": 49, "reader_calls": 1246}
{"pid": 161896, "unix_time": 1789266584.6118777, "status": "running", "stage": "finite", "response_id": "2914", "slot": 22, "slots_total": 49, "reader_calls": 1247}
{"pid": 161896, "unix_time": 1789266584.9392881, "status": "running", "stage": "finite", "response_id": "2914", "slot": 23, "slots_total": 49, "reader_calls": 1248}
{"pid": 161896, "unix_time": 1789266585.273299, "status": "running", "stage": "finite", "response_id": "2914", "slot": 24, "slots_total": 49, "reader_calls": 1249}
{"pid": 161896, "unix_time": 1789266585.6030574, "status": "running", "stage": "finite", "response_id": "2914", "slot": 25, "slots_total": 49, "reader_calls": 1250}
{"pid": 161896, "unix_time": 1789266585.9396186, "status": "running", "stage": "finite", "response_id": "2914", "slot": 26, "slots_total": 49, "reader_calls": 1251}
{"pid": 161896, "unix_time": 1789266586.2693288, "status": "running", "stage": "finite", "response_id": "2914", "slot": 27, "slots_total": 49, "reader_calls": 1252}
{"pid": 161896, "unix_time": 1789266586.5895293, "status": "running", "stage": "finite", "response_id": "2914", "slot": 28, "slots_total": 49, "reader_calls": 1253}
{"pid": 161896, "unix_time": 1789266586.9202993, "status": "running", "stage": "finite", "response_id": "2914", "slot": 29, "slots_total": 49, "reader_calls": 1254}
{"pid": 161896, "unix_time": 1789266587.2479224, "status": "running", "stage": "finite", "response_id": "2914", "slot": 30, "slots_total": 49, "reader_calls": 1255}
{"pid": 161896, "unix_time": 1789266587.5846634, "status": "running", "stage": "finite", "response_id": "2914", "slot": 31, "slots_total": 49, "reader_calls": 1256}
{"pid": 161896, "unix_time": 1789266587.9124758, "status": "running", "stage": "finite", "response_id": "2914", "slot": 32, "slots_total": 49, "reader_calls": 1257}
{"pid": 161896, "unix_time": 1789266588.2396352, "status": "running", "stage": "finite", "response_id": "2914", "slot": 33, "slots_total": 49, "reader_calls": 1258}
{"pid": 161896, "unix_time": 1789266588.559342, "status": "running", "stage": "finite", "response_id": "2914", "slot": 34, "slots_total": 49, "reader_calls": 1259}
{"pid": 161896, "unix_time": 1789266588.8777075, "status": "running", "stage": "finite", "response_id": "2914", "slot": 35, "slots_total": 49, "reader_calls": 1260}
{"pid": 161896, "unix_time": 1789266589.2206469, "status": "running", "stage": "finite", "response_id": "2914", "slot": 36, "slots_total": 49, "reader_calls": 1261}
{"pid": 161896, "unix_time": 1789266589.5564682, "status": "running", "stage": "finite", "response_id": "2914", "slot": 37, "slots_total": 49, "reader_calls": 1262}
{"pid": 161896, "unix_time": 1789266589.8798661, "status": "running", "stage": "finite", "response_id": "2914", "slot": 38, "slots_total": 49, "reader_calls": 1263}
{"pid": 161896, "unix_time": 1789266590.2271297, "status": "running", "stage": "finite", "response_id": "2914", "slot": 39, "slots_total": 49, "reader_calls": 1264}
{"pid": 161896, "unix_time": 1789266590.568764, "status": "running", "stage": "finite", "response_id": "2914", "slot": 40, "slots_total": 49, "reader_calls": 1265}
{"pid": 161896, "unix_time": 1789266590.9137084, "status": "running", "stage": "finite", "response_id": "2914", "slot": 41, "slots_total": 49, "reader_calls": 1266}
{"pid": 161896, "unix_time": 1789266591.2532227, "status": "running", "stage": "finite", "response_id": "2914", "slot": 42, "slots_total": 49, "reader_calls": 1267}
{"pid": 161896, "unix_time": 1789266591.6001134, "status": "running", "stage": "finite", "response_id": "2914", "slot": 43, "slots_total": 49, "reader_calls": 1268}
{"pid": 161896, "unix_time": 1789266591.9379075, "status": "running", "stage": "finite", "response_id": "2914", "slot": 44, "slots_total": 49, "reader_calls": 1269}
{"pid": 161896, "unix_time": 1789266592.2763028, "status": "running", "stage": "finite", "response_id": "2914", "slot": 45, "slots_total": 49, "reader_calls": 1270}
{"pid": 161896, "unix_time": 1789266592.617013, "status": "running", "stage": "finite", "response_id": "2914", "slot": 46, "slots_total": 49, "reader_calls": 1271}
{"pid": 161896, "unix_time": 1789266592.9600933, "status": "running", "stage": "finite", "response_id": "2914", "slot": 47, "slots_total": 49, "reader_calls": 1272}
{"pid": 161896, "unix_time": 1789266593.3042333, "status": "running", "stage": "finite", "response_id": "2914", "slot": 48, "slots_total": 49, "reader_calls": 1273}
{"pid": 161896, "unix_time": 1789266593.8295794, "status": "running", "stage": "finite", "response_id": "5152", "slot": 0, "slots_total": 29, "reader_calls": 1274}
{"pid": 161896, "unix_time": 1789266594.0199656, "status": "running", "stage": "finite", "response_id": "5152", "slot": 1, "slots_total": 29, "reader_calls": 1275}
{"pid": 161896, "unix_time": 1789266594.2164626, "status": "running", "stage": "finite", "response_id": "5152", "slot": 2, "slots_total": 29, "reader_calls": 1276}
{"pid": 161896, "unix_time": 1789266594.3995051, "status": "running", "stage": "finite", "response_id": "5152", "slot": 3, "slots_total": 29, "reader_calls": 1277}
{"pid": 161896, "unix_time": 1789266594.5810313, "status": "running", "stage": "finite", "response_id": "5152", "slot": 4, "slots_total": 29, "reader_calls": 1278}
{"pid": 161896, "unix_time": 1789266594.7702975, "status": "running", "stage": "finite", "response_id": "5152", "slot": 5, "slots_total": 29, "reader_calls": 1279}
{"pid": 161896, "unix_time": 1789266594.9488075, "status": "running", "stage": "finite", "response_id": "5152", "slot": 6, "slots_total": 29, "reader_calls": 1280}
{"pid": 161896, "unix_time": 1789266595.1322734, "status": "running", "stage": "finite", "response_id": "5152", "slot": 7, "slots_total": 29, "reader_calls": 1281}
{"pid": 161896, "unix_time": 1789266595.3296058, "status": "running", "stage": "finite", "response_id": "5152", "slot": 8, "slots_total": 29, "reader_calls": 1282}
{"pid": 161896, "unix_time": 1789266595.5084357, "status": "running", "stage": "finite", "response_id": "5152", "slot": 9, "slots_total": 29, "reader_calls": 1283}
{"pid": 161896, "unix_time": 1789266595.7070577, "status": "running", "stage": "finite", "response_id": "5152", "slot": 10, "slots_total": 29, "reader_calls": 1284}
{"pid": 161896, "unix_time": 1789266595.8857293, "status": "running", "stage": "finite", "response_id": "5152", "slot": 11, "slots_total": 29, "reader_calls": 1285}
{"pid": 161896, "unix_time": 1789266596.0714931, "status": "running", "stage": "finite", "response_id": "5152", "slot": 12, "slots_total": 29, "reader_calls": 1286}
{"pid": 161896, "unix_time": 1789266596.2608411, "status": "running", "stage": "finite", "response_id": "5152", "slot": 13, "slots_total": 29, "reader_calls": 1287}
{"pid": 161896, "unix_time": 1789266596.4340203, "status": "running", "stage": "finite", "response_id": "5152", "slot": 14, "slots_total": 29, "reader_calls": 1288}
{"pid": 161896, "unix_time": 1789266596.6033528, "status": "running", "stage": "finite", "response_id": "5152", "slot": 15, "slots_total": 29, "reader_calls": 1289}
{"pid": 161896, "unix_time": 1789266596.7761276, "status": "running", "stage": "finite", "response_id": "5152", "slot": 16, "slots_total": 29, "reader_calls": 1290}
{"pid": 161896, "unix_time": 1789266596.9360332, "status": "running", "stage": "finite", "response_id": "5152", "slot": 17, "slots_total": 29, "reader_calls": 1291}
{"pid": 161896, "unix_time": 1789266597.09685, "status": "running", "stage": "finite", "response_id": "5152", "slot": 18, "slots_total": 29, "reader_calls": 1292}
{"pid": 161896, "unix_time": 1789266597.2609463, "status": "running", "stage": "finite", "response_id": "5152", "slot": 19, "slots_total": 29, "reader_calls": 1293}
{"pid": 161896, "unix_time": 1789266597.4431129, "status": "running", "stage": "finite", "response_id": "5152", "slot": 20, "slots_total": 29, "reader_calls": 1294}
{"pid": 161896, "unix_time": 1789266597.6190546, "status": "running", "stage": "finite", "response_id": "5152", "slot": 21, "slots_total": 29, "reader_calls": 1295}
{"pid": 161896, "unix_time": 1789266597.7954807, "status": "running", "stage": "finite", "response_id": "5152", "slot": 22, "slots_total": 29, "reader_calls": 1296}
{"pid": 161896, "unix_time": 1789266597.972432, "status": "running", "stage": "finite", "response_id": "5152", "slot": 23, "slots_total": 29, "reader_calls": 1297}
{"pid": 161896, "unix_time": 1789266598.149768, "status": "running", "stage": "finite", "response_id": "5152", "slot": 24, "slots_total": 29, "reader_calls": 1298}
{"pid": 161896, "unix_time": 1789266598.3449457, "status": "running", "stage": "finite", "response_id": "5152", "slot": 25, "slots_total": 29, "reader_calls": 1299}
{"pid": 161896, "unix_time": 1789266598.526636, "status": "running", "stage": "finite", "response_id": "5152", "slot": 26, "slots_total": 29, "reader_calls": 1300}
{"pid": 161896, "unix_time": 1789266598.7084877, "status": "running", "stage": "finite", "response_id": "5152", "slot": 27, "slots_total": 29, "reader_calls": 1301}
{"pid": 161896, "unix_time": 1789266598.8870897, "status": "running", "stage": "finite", "response_id": "5152", "slot": 28, "slots_total": 29, "reader_calls": 1302}
{"pid": 161896, "unix_time": 1789266599.1476054, "status": "running", "stage": "finite", "response_id": "2915", "slot": 0, "slots_total": 59, "reader_calls": 1303}
{"pid": 161896, "unix_time": 1789266599.4678292, "status": "running", "stage": "finite", "response_id": "2915", "slot": 1, "slots_total": 59, "reader_calls": 1304}
{"pid": 161896, "unix_time": 1789266599.7725763, "status": "running", "stage": "finite", "response_id": "2915", "slot": 2, "slots_total": 59, "reader_calls": 1305}
{"pid": 161896, "unix_time": 1789266600.076184, "status": "running", "stage": "finite", "response_id": "2915", "slot": 3, "slots_total": 59, "reader_calls": 1306}
{"pid": 161896, "unix_time": 1789266600.3815024, "status": "running", "stage": "finite", "response_id": "2915", "slot": 4, "slots_total": 59, "reader_calls": 1307}
{"pid": 161896, "unix_time": 1789266600.6820798, "status": "running", "stage": "finite", "response_id": "2915", "slot": 5, "slots_total": 59, "reader_calls": 1308}
{"pid": 161896, "unix_time": 1789266600.9818547, "status": "running", "stage": "finite", "response_id": "2915", "slot": 6, "slots_total": 59, "reader_calls": 1309}
{"pid": 161896, "unix_time": 1789266601.2881796, "status": "running", "stage": "finite", "response_id": "2915", "slot": 7, "slots_total": 59, "reader_calls": 1310}
{"pid": 161896, "unix_time": 1789266601.644385, "status": "running", "stage": "finite", "response_id": "2915", "slot": 8, "slots_total": 59, "reader_calls": 1311}
{"pid": 161896, "unix_time": 1789266601.983348, "status": "running", "stage": "finite", "response_id": "2915", "slot": 9, "slots_total": 59, "reader_calls": 1312}
{"pid": 161896, "unix_time": 1789266602.3034492, "status": "running", "stage": "finite", "response_id": "2915", "slot": 10, "slots_total": 59, "reader_calls": 1313}
{"pid": 161896, "unix_time": 1789266602.620725, "status": "running", "stage": "finite", "response_id": "2915", "slot": 11, "slots_total": 59, "reader_calls": 1314}
{"pid": 161896, "unix_time": 1789266602.9499497, "status": "running", "stage": "finite", "response_id": "2915", "slot": 12, "slots_total": 59, "reader_calls": 1315}
{"pid": 161896, "unix_time": 1789266603.2804801, "status": "running", "stage": "finite", "response_id": "2915", "slot": 13, "slots_total": 59, "reader_calls": 1316}
{"pid": 161896, "unix_time": 1789266603.6457796, "status": "running", "stage": "finite", "response_id": "2915", "slot": 14, "slots_total": 59, "reader_calls": 1317}
{"pid": 161896, "unix_time": 1789266603.9647734, "status": "running", "stage": "finite", "response_id": "2915", "slot": 15, "slots_total": 59, "reader_calls": 1318}
{"pid": 161896, "unix_time": 1789266604.273034, "status": "running", "stage": "finite", "response_id": "2915", "slot": 16, "slots_total": 59, "reader_calls": 1319}
{"pid": 161896, "unix_time": 1789266604.5841308, "status": "running", "stage": "finite", "response_id": "2915", "slot": 17, "slots_total": 59, "reader_calls": 1320}
{"pid": 161896, "unix_time": 1789266604.8914037, "status": "running", "stage": "finite", "response_id": "2915", "slot": 18, "slots_total": 59, "reader_calls": 1321}
{"pid": 161896, "unix_time": 1789266605.2031147, "status": "running", "stage": "finite", "response_id": "2915", "slot": 19, "slots_total": 59, "reader_calls": 1322}
{"pid": 161896, "unix_time": 1789266605.5197108, "status": "running", "stage": "finite", "response_id": "2915", "slot": 20, "slots_total": 59, "reader_calls": 1323}
{"pid": 161896, "unix_time": 1789266605.8294208, "status": "running", "stage": "finite", "response_id": "2915", "slot": 21, "slots_total": 59, "reader_calls": 1324}
{"pid": 161896, "unix_time": 1789266606.1385303, "status": "running", "stage": "finite", "response_id": "2915", "slot": 22, "slots_total": 59, "reader_calls": 1325}
{"pid": 161896, "unix_time": 1789266606.4475799, "status": "running", "stage": "finite", "response_id": "2915", "slot": 23, "slots_total": 59, "reader_calls": 1326}
{"pid": 161896, "unix_time": 1789266606.7535768, "status": "running", "stage": "finite", "response_id": "2915", "slot": 24, "slots_total": 59, "reader_calls": 1327}
{"pid": 161896, "unix_time": 1789266607.1218898, "status": "running", "stage": "finite", "response_id": "2915", "slot": 25, "slots_total": 59, "reader_calls": 1328}
{"pid": 161896, "unix_time": 1789266607.4649827, "status": "running", "stage": "finite", "response_id": "2915", "slot": 26, "slots_total": 59, "reader_calls": 1329}
{"pid": 161896, "unix_time": 1789266612.1312845, "status": "running", "stage": "finite", "response_id": "2915", "slot": 27, "slots_total": 59, "reader_calls": 1346}
{"pid": 161896, "unix_time": 1789266612.4546819, "status": "running", "stage": "finite", "response_id": "2915", "slot": 28, "slots_total": 59, "reader_calls": 1347}
{"pid": 161896, "unix_time": 1789266617.1260629, "status": "running", "stage": "finite", "response_id": "2915", "slot": 29, "slots_total": 59, "reader_calls": 1364}
{"pid": 161896, "unix_time": 1789266617.4581757, "status": "running", "stage": "finite", "response_id": "2915", "slot": 30, "slots_total": 59, "reader_calls": 1365}
{"pid": 161896, "unix_time": 1789266622.1023498, "status": "running", "stage": "finite", "response_id": "2915", "slot": 31, "slots_total": 59, "reader_calls": 1382}
{"pid": 161896, "unix_time": 1789266626.780906, "status": "running", "stage": "finite", "response_id": "2915", "slot": 32, "slots_total": 59, "reader_calls": 1399}
{"pid": 161896, "unix_time": 1789266627.1074612, "status": "running", "stage": "finite", "response_id": "2915", "slot": 33, "slots_total": 59, "reader_calls": 1400}
{"pid": 161896, "unix_time": 1789266627.4462402, "status": "running", "stage": "finite", "response_id": "2915", "slot": 34, "slots_total": 59, "reader_calls": 1401}
{"pid": 161896, "unix_time": 1789266627.7722187, "status": "running", "stage": "finite", "response_id": "2915", "slot": 35, "slots_total": 59, "reader_calls": 1402}
{"pid": 161896, "unix_time": 1789266628.1043062, "status": "running", "stage": "finite", "response_id": "2915", "slot": 36, "slots_total": 59, "reader_calls": 1403}
{"pid": 161896, "unix_time": 1789266628.4314368, "status": "running", "stage": "finite", "response_id": "2915", "slot": 37, "slots_total": 59, "reader_calls": 1404}
{"pid": 161896, "unix_time": 1789266628.7729807, "status": "running", "stage": "finite", "response_id": "2915", "slot": 38, "slots_total": 59, "reader_calls": 1405}
{"pid": 161896, "unix_time": 1789266629.1042397, "status": "running", "stage": "finite", "response_id": "2915", "slot": 39, "slots_total": 59, "reader_calls": 1406}
{"pid": 161896, "unix_time": 1789266629.4325624, "status": "running", "stage": "finite", "response_id": "2915", "slot": 40, "slots_total": 59, "reader_calls": 1407}
{"pid": 161896, "unix_time": 1789266629.7851367, "status": "running", "stage": "finite", "response_id": "2915", "slot": 41, "slots_total": 59, "reader_calls": 1408}
{"pid": 161896, "unix_time": 1789266630.1219664, "status": "running", "stage": "finite", "response_id": "2915", "slot": 42, "slots_total": 59, "reader_calls": 1409}
{"pid": 161896, "unix_time": 1789266630.440994, "status": "running", "stage": "finite", "response_id": "2915", "slot": 43, "slots_total": 59, "reader_calls": 1410}
{"pid": 161896, "unix_time": 1789266630.7701824, "status": "running", "stage": "finite", "response_id": "2915", "slot": 44, "slots_total": 59, "reader_calls": 1411}
{"pid": 161896, "unix_time": 1789266631.0904474, "status": "running", "stage": "finite", "response_id": "2915", "slot": 45, "slots_total": 59, "reader_calls": 1412}
{"pid": 161896, "unix_time": 1789266631.4096158, "status": "running", "stage": "finite", "response_id": "2915", "slot": 46, "slots_total": 59, "reader_calls": 1413}
{"pid": 161896, "unix_time": 1789266631.7334394, "status": "running", "stage": "finite", "response_id": "2915", "slot": 47, "slots_total": 59, "reader_calls": 1414}
{"pid": 161896, "unix_time": 1789266632.068838, "status": "running", "stage": "finite", "response_id": "2915", "slot": 48, "slots_total": 59, "reader_calls": 1415}
{"pid": 161896, "unix_time": 1789266632.4006584, "status": "running", "stage": "finite", "response_id": "2915", "slot": 49, "slots_total": 59, "reader_calls": 1416}
{"pid": 161896, "unix_time": 1789266632.7348576, "status": "running", "stage": "finite", "response_id": "2915", "slot": 50, "slots_total": 59, "reader_calls": 1417}
{"pid": 161896, "unix_time": 1789266633.0863404, "status": "running", "stage": "finite", "response_id": "2915", "slot": 51, "slots_total": 59, "reader_calls": 1418}
{"pid": 161896, "unix_time": 1789266633.4310029, "status": "running", "stage": "finite", "response_id": "2915", "slot": 52, "slots_total": 59, "reader_calls": 1419}
{"pid": 161896, "unix_time": 1789266633.8018303, "status": "running", "stage": "finite", "response_id": "2915", "slot": 53, "slots_total": 59, "reader_calls": 1420}
{"pid": 161896, "unix_time": 1789266634.1442852, "status": "running", "stage": "finite", "response_id": "2915", "slot": 54, "slots_total": 59, "reader_calls": 1421}
{"pid": 161896, "unix_time": 1789266634.4782805, "status": "running", "stage": "finite", "response_id": "2915", "slot": 55, "slots_total": 59, "reader_calls": 1422}
{"pid": 161896, "unix_time": 1789266639.4011633, "status": "running", "stage": "finite", "response_id": "2915", "slot": 56, "slots_total": 59, "reader_calls": 1439}
{"pid": 161896, "unix_time": 1789266644.3536727, "status": "running", "stage": "finite", "response_id": "2915", "slot": 57, "slots_total": 59, "reader_calls": 1456}
{"pid": 161896, "unix_time": 1789266644.7000897, "status": "running", "stage": "finite", "response_id": "2915", "slot": 58, "slots_total": 59, "reader_calls": 1457}
{"pid": 161896, "unix_time": 1789266645.2434714, "status": "running", "stage": "finite", "response_id": "5153", "slot": 0, "slots_total": 32, "reader_calls": 1458}
{"pid": 161896, "unix_time": 1789266645.4100266, "status": "running", "stage": "finite", "response_id": "5153", "slot": 1, "slots_total": 32, "reader_calls": 1459}
{"pid": 161896, "unix_time": 1789266645.5820184, "status": "running", "stage": "finite", "response_id": "5153", "slot": 2, "slots_total": 32, "reader_calls": 1460}
{"pid": 161896, "unix_time": 1789266645.7833025, "status": "running", "stage": "finite", "response_id": "5153", "slot": 3, "slots_total": 32, "reader_calls": 1461}
{"pid": 161896, "unix_time": 1789266645.9698236, "status": "running", "stage": "finite", "response_id": "5153", "slot": 4, "slots_total": 32, "reader_calls": 1462}
{"pid": 161896, "unix_time": 1789266646.1491215, "status": "running", "stage": "finite", "response_id": "5153", "slot": 5, "slots_total": 32, "reader_calls": 1463}
{"pid": 161896, "unix_time": 1789266646.326657, "status": "running", "stage": "finite", "response_id": "5153", "slot": 6, "slots_total": 32, "reader_calls": 1464}
{"pid": 161896, "unix_time": 1789266646.5152743, "status": "running", "stage": "finite", "response_id": "5153", "slot": 7, "slots_total": 32, "reader_calls": 1465}
{"pid": 161896, "unix_time": 1789266646.6941442, "status": "running", "stage": "finite", "response_id": "5153", "slot": 8, "slots_total": 32, "reader_calls": 1466}
{"pid": 161896, "unix_time": 1789266646.876128, "status": "running", "stage": "finite", "response_id": "5153", "slot": 9, "slots_total": 32, "reader_calls": 1467}
{"pid": 161896, "unix_time": 1789266647.0607584, "status": "running", "stage": "finite", "response_id": "5153", "slot": 10, "slots_total": 32, "reader_calls": 1468}
{"pid": 161896, "unix_time": 1789266647.247046, "status": "running", "stage": "finite", "response_id": "5153", "slot": 11, "slots_total": 32, "reader_calls": 1469}
{"pid": 161896, "unix_time": 1789266647.434314, "status": "running", "stage": "finite", "response_id": "5153", "slot": 12, "slots_total": 32, "reader_calls": 1470}
{"pid": 161896, "unix_time": 1789266647.6156394, "status": "running", "stage": "finite", "response_id": "5153", "slot": 13, "slots_total": 32, "reader_calls": 1471}
{"pid": 161896, "unix_time": 1789266647.800928, "status": "running", "stage": "finite", "response_id": "5153", "slot": 14, "slots_total": 32, "reader_calls": 1472}
{"pid": 161896, "unix_time": 1789266647.983284, "status": "running", "stage": "finite", "response_id": "5153", "slot": 15, "slots_total": 32, "reader_calls": 1473}
{"pid": 161896, "unix_time": 1789266648.166577, "status": "running", "stage": "finite", "response_id": "5153", "slot": 16, "slots_total": 32, "reader_calls": 1474}
{"pid": 161896, "unix_time": 1789266648.3406317, "status": "running", "stage": "finite", "response_id": "5153", "slot": 17, "slots_total": 32, "reader_calls": 1475}
{"pid": 161896, "unix_time": 1789266648.518414, "status": "running", "stage": "finite", "response_id": "5153", "slot": 18, "slots_total": 32, "reader_calls": 1476}
{"pid": 161896, "unix_time": 1789266648.6859214, "status": "running", "stage": "finite", "response_id": "5153", "slot": 19, "slots_total": 32, "reader_calls": 1477}
{"pid": 161896, "unix_time": 1789266648.8567142, "status": "running", "stage": "finite", "response_id": "5153", "slot": 20, "slots_total": 32, "reader_calls": 1478}
{"pid": 161896, "unix_time": 1789266649.0316637, "status": "running", "stage": "finite", "response_id": "5153", "slot": 21, "slots_total": 32, "reader_calls": 1479}
{"pid": 161896, "unix_time": 1789266649.218288, "status": "running", "stage": "finite", "response_id": "5153", "slot": 22, "slots_total": 32, "reader_calls": 1480}
{"pid": 161896, "unix_time": 1789266649.4229352, "status": "running", "stage": "finite", "response_id": "5153", "slot": 23, "slots_total": 32, "reader_calls": 1481}
{"pid": 161896, "unix_time": 1789266649.6152775, "status": "running", "stage": "finite", "response_id": "5153", "slot": 24, "slots_total": 32, "reader_calls": 1482}
{"pid": 161896, "unix_time": 1789266649.7965393, "status": "running", "stage": "finite", "response_id": "5153", "slot": 25, "slots_total": 32, "reader_calls": 1483}
{"pid": 161896, "unix_time": 1789266649.973224, "status": "running", "stage": "finite", "response_id": "5153", "slot": 26, "slots_total": 32, "reader_calls": 1484}
{"pid": 161896, "unix_time": 1789266650.1515791, "status": "running", "stage": "finite", "response_id": "5153", "slot": 27, "slots_total": 32, "reader_calls": 1485}
{"pid": 161896, "unix_time": 1789266650.332275, "status": "running", "stage": "finite", "response_id": "5153", "slot": 28, "slots_total": 32, "reader_calls": 1486}
{"pid": 161896, "unix_time": 1789266650.513824, "status": "running", "stage": "finite", "response_id": "5153", "slot": 29, "slots_total": 32, "reader_calls": 1487}
{"pid": 161896, "unix_time": 1789266650.6936343, "status": "running", "stage": "finite", "response_id": "5153", "slot": 30, "slots_total": 32, "reader_calls": 1488}
{"pid": 161896, "unix_time": 1789266650.881134, "status": "running", "stage": "finite", "response_id": "5153", "slot": 31, "slots_total": 32, "reader_calls": 1489}
{"pid": 161896, "unix_time": 1789266651.1379533, "status": "running", "stage": "finite", "response_id": "2912", "slot": 0, "slots_total": 33, "reader_calls": 1490}
{"pid": 161896, "unix_time": 1789266651.5109885, "status": "running", "stage": "finite", "response_id": "2912", "slot": 1, "slots_total": 33, "reader_calls": 1491}
{"pid": 161896, "unix_time": 1789266651.8475454, "status": "running", "stage": "finite", "response_id": "2912", "slot": 2, "slots_total": 33, "reader_calls": 1492}
{"pid": 161896, "unix_time": 1789266652.1399865, "status": "running", "stage": "finite", "response_id": "2912", "slot": 3, "slots_total": 33, "reader_calls": 1493}
{"pid": 161896, "unix_time": 1789266652.4466815, "status": "running", "stage": "finite", "response_id": "2912", "slot": 4, "slots_total": 33, "reader_calls": 1494}
{"pid": 161896, "unix_time": 1789266652.7601137, "status": "running", "stage": "finite", "response_id": "2912", "slot": 5, "slots_total": 33, "reader_calls": 1495}
{"pid": 161896, "unix_time": 1789266653.074412, "status": "running", "stage": "finite", "response_id": "2912", "slot": 6, "slots_total": 33, "reader_calls": 1496}
{"pid": 161896, "unix_time": 1789266653.3905826, "status": "running", "stage": "finite", "response_id": "2912", "slot": 7, "slots_total": 33, "reader_calls": 1497}
{"pid": 161896, "unix_time": 1789266653.7006896, "status": "running", "stage": "finite", "response_id": "2912", "slot": 8, "slots_total": 33, "reader_calls": 1498}
{"pid": 161896, "unix_time": 1789266654.0067282, "status": "running", "stage": "finite", "response_id": "2912", "slot": 9, "slots_total": 33, "reader_calls": 1499}
{"pid": 161896, "unix_time": 1789266654.3174512, "status": "running", "stage": "finite", "response_id": "2912", "slot": 10, "slots_total": 33, "reader_calls": 1500}
{"pid": 161896, "unix_time": 1789266654.6260226, "status": "running", "stage": "finite", "response_id": "2912", "slot": 11, "slots_total": 33, "reader_calls": 1501}
{"pid": 161896, "unix_time": 1789266654.9300559, "status": "running", "stage": "finite", "response_id": "2912", "slot": 12, "slots_total": 33, "reader_calls": 1502}
{"pid": 161896, "unix_time": 1789266655.2394853, "status": "running", "stage": "finite", "response_id": "2912", "slot": 13, "slots_total": 33, "reader_calls": 1503}
{"pid": 161896, "unix_time": 1789266655.5570347, "status": "running", "stage": "finite", "response_id": "2912", "slot": 14, "slots_total": 33, "reader_calls": 1504}
{"pid": 161896, "unix_time": 1789266655.8654792, "status": "running", "stage": "finite", "response_id": "2912", "slot": 15, "slots_total": 33, "reader_calls": 1505}
{"pid": 161896, "unix_time": 1789266656.1707404, "status": "running", "stage": "finite", "response_id": "2912", "slot": 16, "slots_total": 33, "reader_calls": 1506}
{"pid": 161896, "unix_time": 1789266656.4789898, "status": "running", "stage": "finite", "response_id": "2912", "slot": 17, "slots_total": 33, "reader_calls": 1507}
{"pid": 161896, "unix_time": 1789266656.831321, "status": "running", "stage": "finite", "response_id": "2912", "slot": 18, "slots_total": 33, "reader_calls": 1508}
{"pid": 161896, "unix_time": 1789266657.1452742, "status": "running", "stage": "finite", "response_id": "2912", "slot": 19, "slots_total": 33, "reader_calls": 1509}
{"pid": 161896, "unix_time": 1789266657.4521074, "status": "running", "stage": "finite", "response_id": "2912", "slot": 20, "slots_total": 33, "reader_calls": 1510}
{"pid": 161896, "unix_time": 1789266657.7573225, "status": "running", "stage": "finite", "response_id": "2912", "slot": 21, "slots_total": 33, "reader_calls": 1511}
{"pid": 161896, "unix_time": 1789266658.0606499, "status": "running", "stage": "finite", "response_id": "2912", "slot": 22, "slots_total": 33, "reader_calls": 1512}
{"pid": 161896, "unix_time": 1789266658.362595, "status": "running", "stage": "finite", "response_id": "2912", "slot": 23, "slots_total": 33, "reader_calls": 1513}
{"pid": 161896, "unix_time": 1789266658.6747928, "status": "running", "stage": "finite", "response_id": "2912", "slot": 24, "slots_total": 33, "reader_calls": 1514}
{"pid": 161896, "unix_time": 1789266658.9812353, "status": "running", "stage": "finite", "response_id": "2912", "slot": 25, "slots_total": 33, "reader_calls": 1515}
{"pid": 161896, "unix_time": 1789266659.316546, "status": "running", "stage": "finite", "response_id": "2912", "slot": 26, "slots_total": 33, "reader_calls": 1516}
{"pid": 161896, "unix_time": 1789266659.6315982, "status": "running", "stage": "finite", "response_id": "2912", "slot": 27, "slots_total": 33, "reader_calls": 1517}
{"pid": 161896, "unix_time": 1789266659.9463348, "status": "running", "stage": "finite", "response_id": "2912", "slot": 28, "slots_total": 33, "reader_calls": 1518}
{"pid": 161896, "unix_time": 1789266660.2547722, "status": "running", "stage": "finite", "response_id": "2912", "slot": 29, "slots_total": 33, "reader_calls": 1519}
{"pid": 161896, "unix_time": 1789266660.5650709, "status": "running", "stage": "finite", "response_id": "2912", "slot": 30, "slots_total": 33, "reader_calls": 1520}
{"pid": 161896, "unix_time": 1789266660.8809612, "status": "running", "stage": "finite", "response_id": "2912", "slot": 31, "slots_total": 33, "reader_calls": 1521}
{"pid": 161896, "unix_time": 1789266661.186949, "status": "running", "stage": "finite", "response_id": "2912", "slot": 32, "slots_total": 33, "reader_calls": 1522}
{"pid": 161896, "unix_time": 1789266661.5651102, "status": "running", "stage": "finite", "response_id": "5150", "slot": 0, "slots_total": 22, "reader_calls": 1523}
{"pid": 161896, "unix_time": 1789266661.7229462, "status": "running", "stage": "finite", "response_id": "5150", "slot": 1, "slots_total": 22, "reader_calls": 1524}
{"pid": 161896, "unix_time": 1789266661.8873365, "status": "running", "stage": "finite", "response_id": "5150", "slot": 2, "slots_total": 22, "reader_calls": 1525}
{"pid": 161896, "unix_time": 1789266662.0561707, "status": "running", "stage": "finite", "response_id": "5150", "slot": 3, "slots_total": 22, "reader_calls": 1526}
{"pid": 161896, "unix_time": 1789266662.221723, "status": "running", "stage": "finite", "response_id": "5150", "slot": 4, "slots_total": 22, "reader_calls": 1527}
{"pid": 161896, "unix_time": 1789266662.3915522, "status": "running", "stage": "finite", "response_id": "5150", "slot": 5, "slots_total": 22, "reader_calls": 1528}
{"pid": 161896, "unix_time": 1789266662.5619314, "status": "running", "stage": "finite", "response_id": "5150", "slot": 6, "slots_total": 22, "reader_calls": 1529}
{"pid": 161896, "unix_time": 1789266662.7342367, "status": "running", "stage": "finite", "response_id": "5150", "slot": 7, "slots_total": 22, "reader_calls": 1530}
{"pid": 161896, "unix_time": 1789266662.9354806, "status": "running", "stage": "finite", "response_id": "5150", "slot": 8, "slots_total": 22, "reader_calls": 1531}
{"pid": 161896, "unix_time": 1789266663.1172667, "status": "running", "stage": "finite", "response_id": "5150", "slot": 9, "slots_total": 22, "reader_calls": 1532}
{"pid": 161896, "unix_time": 1789266663.2944033, "status": "running", "stage": "finite", "response_id": "5150", "slot": 10, "slots_total": 22, "reader_calls": 1533}
{"pid": 161896, "unix_time": 1789266663.4673214, "status": "running", "stage": "finite", "response_id": "5150", "slot": 11, "slots_total": 22, "reader_calls": 1534}
{"pid": 161896, "unix_time": 1789266663.6414394, "status": "running", "stage": "finite", "response_id": "5150", "slot": 12, "slots_total": 22, "reader_calls": 1535}
{"pid": 161896, "unix_time": 1789266663.8215644, "status": "running", "stage": "finite", "response_id": "5150", "slot": 13, "slots_total": 22, "reader_calls": 1536}
{"pid": 161896, "unix_time": 1789266663.9988575, "status": "running", "stage": "finite", "response_id": "5150", "slot": 14, "slots_total": 22, "reader_calls": 1537}
{"pid": 161896, "unix_time": 1789266664.1745067, "status": "running", "stage": "finite", "response_id": "5150", "slot": 15, "slots_total": 22, "reader_calls": 1538}
{"pid": 161896, "unix_time": 1789266664.3387864, "status": "running", "stage": "finite", "response_id": "5150", "slot": 16, "slots_total": 22, "reader_calls": 1539}
{"pid": 161896, "unix_time": 1789266664.5130985, "status": "running", "stage": "finite", "response_id": "5150", "slot": 17, "slots_total": 22, "reader_calls": 1540}
{"pid": 161896, "unix_time": 1789266664.6819394, "status": "running", "stage": "finite", "response_id": "5150", "slot": 18, "slots_total": 22, "reader_calls": 1541}
{"pid": 161896, "unix_time": 1789266664.846112, "status": "running", "stage": "finite", "response_id": "5150", "slot": 19, "slots_total": 22, "reader_calls": 1542}
{"pid": 161896, "unix_time": 1789266665.0120304, "status": "running", "stage": "finite", "response_id": "5150", "slot": 20, "slots_total": 22, "reader_calls": 1543}
{"pid": 161896, "unix_time": 1789266665.1753664, "status": "running", "stage": "finite", "response_id": "5150", "slot": 21, "slots_total": 22, "reader_calls": 1544}
{"pid": 161896, "unix_time": 1789266665.4119816, "status": "running", "stage": "finite", "response_id": "6303", "slot": 0, "slots_total": 32, "reader_calls": 1545}
{"pid": 161896, "unix_time": 1789266665.5928373, "status": "running", "stage": "finite", "response_id": "6303", "slot": 1, "slots_total": 32, "reader_calls": 1546}
{"pid": 161896, "unix_time": 1789266665.7953477, "status": "running", "stage": "finite", "response_id": "6303", "slot": 2, "slots_total": 32, "reader_calls": 1547}
{"pid": 161896, "unix_time": 1789266665.97983, "status": "running", "stage": "finite", "response_id": "6303", "slot": 3, "slots_total": 32, "reader_calls": 1548}
{"pid": 161896, "unix_time": 1789266666.1567004, "status": "running", "stage": "finite", "response_id": "6303", "slot": 4, "slots_total": 32, "reader_calls": 1549}
{"pid": 161896, "unix_time": 1789266666.3345277, "status": "running", "stage": "finite", "response_id": "6303", "slot": 5, "slots_total": 32, "reader_calls": 1550}
{"pid": 161896, "unix_time": 1789266666.512398, "status": "running", "stage": "finite", "response_id": "6303", "slot": 6, "slots_total": 32, "reader_calls": 1551}
{"pid": 161896, "unix_time": 1789266666.6876361, "status": "running", "stage": "finite", "response_id": "6303", "slot": 7, "slots_total": 32, "reader_calls": 1552}
{"pid": 161896, "unix_time": 1789266666.8622777, "status": "running", "stage": "finite", "response_id": "6303", "slot": 8, "slots_total": 32, "reader_calls": 1553}
{"pid": 161896, "unix_time": 1789266667.038919, "status": "running", "stage": "finite", "response_id": "6303", "slot": 9, "slots_total": 32, "reader_calls": 1554}
{"pid": 161896, "unix_time": 1789266667.2155454, "status": "running", "stage": "finite", "response_id": "6303", "slot": 10, "slots_total": 32, "reader_calls": 1555}
{"pid": 161896, "unix_time": 1789266667.3914344, "status": "running", "stage": "finite", "response_id": "6303", "slot": 11, "slots_total": 32, "reader_calls": 1556}
{"pid": 161896, "unix_time": 1789266667.5692196, "status": "running", "stage": "finite", "response_id": "6303", "slot": 12, "slots_total": 32, "reader_calls": 1557}
{"pid": 161896, "unix_time": 1789266667.745142, "status": "running", "stage": "finite", "response_id": "6303", "slot": 13, "slots_total": 32, "reader_calls": 1558}
{"pid": 161896, "unix_time": 1789266667.9344528, "status": "running", "stage": "finite", "response_id": "6303", "slot": 14, "slots_total": 32, "reader_calls": 1559}
{"pid": 161896, "unix_time": 1789266668.112494, "status": "running", "stage": "finite", "response_id": "6303", "slot": 15, "slots_total": 32, "reader_calls": 1560}
{"pid": 161896, "unix_time": 1789266668.2885454, "status": "running", "stage": "finite", "response_id": "6303", "slot": 16, "slots_total": 32, "reader_calls": 1561}
{"pid": 161896, "unix_time": 1789266668.4652767, "status": "running", "stage": "finite", "response_id": "6303", "slot": 17, "slots_total": 32, "reader_calls": 1562}
{"pid": 161896, "unix_time": 1789266668.642003, "status": "running", "stage": "finite", "response_id": "6303", "slot": 18, "slots_total": 32, "reader_calls": 1563}
{"pid": 161896, "unix_time": 1789266668.8221488, "status": "running", "stage": "finite", "response_id": "6303", "slot": 19, "slots_total": 32, "reader_calls": 1564}
{"pid": 161896, "unix_time": 1789266669.0026774, "status": "running", "stage": "finite", "response_id": "6303", "slot": 20, "slots_total": 32, "reader_calls": 1565}
{"pid": 161896, "unix_time": 1789266669.1807568, "status": "running", "stage": "finite", "response_id": "6303", "slot": 21, "slots_total": 32, "reader_calls": 1566}
{"pid": 161896, "unix_time": 1789266669.3591416, "status": "running", "stage": "finite", "response_id": "6303", "slot": 22, "slots_total": 32, "reader_calls": 1567}
{"pid": 161896, "unix_time": 1789266669.5368683, "status": "running", "stage": "finite", "response_id": "6303", "slot": 23, "slots_total": 32, "reader_calls": 1568}
{"pid": 161896, "unix_time": 1789266669.7140052, "status": "running", "stage": "finite", "response_id": "6303", "slot": 24, "slots_total": 32, "reader_calls": 1569}
{"pid": 161896, "unix_time": 1789266669.891594, "status": "running", "stage": "finite", "response_id": "6303", "slot": 25, "slots_total": 32, "reader_calls": 1570}
{"pid": 161896, "unix_time": 1789266670.069651, "status": "running", "stage": "finite", "response_id": "6303", "slot": 26, "slots_total": 32, "reader_calls": 1571}
{"pid": 161896, "unix_time": 1789266670.256502, "status": "running", "stage": "finite", "response_id": "6303", "slot": 27, "slots_total": 32, "reader_calls": 1572}
{"pid": 161896, "unix_time": 1789266670.4611518, "status": "running", "stage": "finite", "response_id": "6303", "slot": 28, "slots_total": 32, "reader_calls": 1573}
{"pid": 161896, "unix_time": 1789266670.6535826, "status": "running", "stage": "finite", "response_id": "6303", "slot": 29, "slots_total": 32, "reader_calls": 1574}
{"pid": 161896, "unix_time": 1789266670.8453493, "status": "running", "stage": "finite", "response_id": "6303", "slot": 30, "slots_total": 32, "reader_calls": 1575}
{"pid": 161896, "unix_time": 1789266671.0298023, "status": "running", "stage": "finite", "response_id": "6303", "slot": 31, "slots_total": 32, "reader_calls": 1576}
{"pid": 161896, "unix_time": 1789266671.326104, "status": "running", "stage": "finite", "response_id": "9273", "slot": 0, "slots_total": 38, "reader_calls": 1577}
{"pid": 161896, "unix_time": 1789266671.486324, "status": "running", "stage": "finite", "response_id": "9273", "slot": 1, "slots_total": 38, "reader_calls": 1578}
{"pid": 161896, "unix_time": 1789266671.6416519, "status": "running", "stage": "finite", "response_id": "9273", "slot": 2, "slots_total": 38, "reader_calls": 1579}
{"pid": 161896, "unix_time": 1789266671.7959204, "status": "running", "stage": "finite", "response_id": "9273", "slot": 3, "slots_total": 38, "reader_calls": 1580}
{"pid": 161896, "unix_time": 1789266671.9620242, "status": "running", "stage": "finite", "response_id": "9273", "slot": 4, "slots_total": 38, "reader_calls": 1581}
{"pid": 161896, "unix_time": 1789266672.1227884, "status": "running", "stage": "finite", "response_id": "9273", "slot": 5, "slots_total": 38, "reader_calls": 1582}
{"pid": 161896, "unix_time": 1789266672.2902086, "status": "running", "stage": "finite", "response_id": "9273", "slot": 6, "slots_total": 38, "reader_calls": 1583}
{"pid": 161896, "unix_time": 1789266672.4530385, "status": "running", "stage": "finite", "response_id": "9273", "slot": 7, "slots_total": 38, "reader_calls": 1584}
{"pid": 161896, "unix_time": 1789266672.6133294, "status": "running", "stage": "finite", "response_id": "9273", "slot": 8, "slots_total": 38, "reader_calls": 1585}
{"pid": 161896, "unix_time": 1789266672.7948482, "status": "running", "stage": "finite", "response_id": "9273", "slot": 9, "slots_total": 38, "reader_calls": 1586}
{"pid": 161896, "unix_time": 1789266672.958866, "status": "running", "stage": "finite", "response_id": "9273", "slot": 10, "slots_total": 38, "reader_calls": 1587}
{"pid": 161896, "unix_time": 1789266673.1029274, "status": "running", "stage": "finite", "response_id": "9273", "slot": 11, "slots_total": 38, "reader_calls": 1588}
{"pid": 161896, "unix_time": 1789266673.2599254, "status": "running", "stage": "finite", "response_id": "9273", "slot": 12, "slots_total": 38, "reader_calls": 1589}
{"pid": 161896, "unix_time": 1789266673.4316723, "status": "running", "stage": "finite", "response_id": "9273", "slot": 13, "slots_total": 38, "reader_calls": 1590}
{"pid": 161896, "unix_time": 1789266673.5904584, "status": "running", "stage": "finite", "response_id": "9273", "slot": 14, "slots_total": 38, "reader_calls": 1591}
{"pid": 161896, "unix_time": 1789266673.7548819, "status": "running", "stage": "finite", "response_id": "9273", "slot": 15, "slots_total": 38, "reader_calls": 1592}
{"pid": 161896, "unix_time": 1789266673.926059, "status": "running", "stage": "finite", "response_id": "9273", "slot": 16, "slots_total": 38, "reader_calls": 1593}
{"pid": 161896, "unix_time": 1789266674.0861607, "status": "running", "stage": "finite", "response_id": "9273", "slot": 17, "slots_total": 38, "reader_calls": 1594}
{"pid": 161896, "unix_time": 1789266674.244536, "status": "running", "stage": "finite", "response_id": "9273", "slot": 18, "slots_total": 38, "reader_calls": 1595}
{"pid": 161896, "unix_time": 1789266674.4133646, "status": "running", "stage": "finite", "response_id": "9273", "slot": 19, "slots_total": 38, "reader_calls": 1596}
{"pid": 161896, "unix_time": 1789266674.5714517, "status": "running", "stage": "finite", "response_id": "9273", "slot": 20, "slots_total": 38, "reader_calls": 1597}
{"pid": 161896, "unix_time": 1789266674.726006, "status": "running", "stage": "finite", "response_id": "9273", "slot": 21, "slots_total": 38, "reader_calls": 1598}
{"pid": 161896, "unix_time": 1789266674.89201, "status": "running", "stage": "finite", "response_id": "9273", "slot": 22, "slots_total": 38, "reader_calls": 1599}
{"pid": 161896, "unix_time": 1789266675.0538797, "status": "running", "stage": "finite", "response_id": "9273", "slot": 23, "slots_total": 38, "reader_calls": 1600}
{"pid": 161896, "unix_time": 1789266675.2172601, "status": "running", "stage": "finite", "response_id": "9273", "slot": 24, "slots_total": 38, "reader_calls": 1601}
{"pid": 161896, "unix_time": 1789266675.380868, "status": "running", "stage": "finite", "response_id": "9273", "slot": 25, "slots_total": 38, "reader_calls": 1602}
{"pid": 161896, "unix_time": 1789266675.5440185, "status": "running", "stage": "finite", "response_id": "9273", "slot": 26, "slots_total": 38, "reader_calls": 1603}
{"pid": 161896, "unix_time": 1789266675.7057486, "status": "running", "stage": "finite", "response_id": "9273", "slot": 27, "slots_total": 38, "reader_calls": 1604}
{"pid": 161896, "unix_time": 1789266675.8653548, "status": "running", "stage": "finite", "response_id": "9273", "slot": 28, "slots_total": 38, "reader_calls": 1605}
{"pid": 161896, "unix_time": 1789266676.0237737, "status": "running", "stage": "finite", "response_id": "9273", "slot": 29, "slots_total": 38, "reader_calls": 1606}
{"pid": 161896, "unix_time": 1789266676.1912026, "status": "running", "stage": "finite", "response_id": "9273", "slot": 30, "slots_total": 38, "reader_calls": 1607}
{"pid": 161896, "unix_time": 1789266676.3731153, "status": "running", "stage": "finite", "response_id": "9273", "slot": 31, "slots_total": 38, "reader_calls": 1608}
{"pid": 161896, "unix_time": 1789266676.552033, "status": "running", "stage": "finite", "response_id": "9273", "slot": 32, "slots_total": 38, "reader_calls": 1609}
{"pid": 161896, "unix_time": 1789266676.724822, "status": "running", "stage": "finite", "response_id": "9273", "slot": 33, "slots_total": 38, "reader_calls": 1610}
{"pid": 161896, "unix_time": 1789266676.8986502, "status": "running", "stage": "finite", "response_id": "9273", "slot": 34, "slots_total": 38, "reader_calls": 1611}
{"pid": 161896, "unix_time": 1789266677.078722, "status": "running", "stage": "finite", "response_id": "9273", "slot": 35, "slots_total": 38, "reader_calls": 1612}
{"pid": 161896, "unix_time": 1789266677.2574408, "status": "running", "stage": "finite", "response_id": "9273", "slot": 36, "slots_total": 38, "reader_calls": 1613}
{"pid": 161896, "unix_time": 1789266677.451996, "status": "running", "stage": "finite", "response_id": "9273", "slot": 37, "slots_total": 38, "reader_calls": 1614}
{"pid": 161896, "unix_time": 1789266677.7825785, "status": "running", "stage": "finite", "response_id": "6301", "slot": 0, "slots_total": 84, "reader_calls": 1615}
{"pid": 161896, "unix_time": 1789266677.9844618, "status": "running", "stage": "finite", "response_id": "6301", "slot": 1, "slots_total": 84, "reader_calls": 1616}
{"pid": 161896, "unix_time": 1789266678.1814713, "status": "running", "stage": "finite", "response_id": "6301", "slot": 2, "slots_total": 84, "reader_calls": 1617}
{"pid": 161896, "unix_time": 1789266678.3778675, "status": "running", "stage": "finite", "response_id": "6301", "slot": 3, "slots_total": 84, "reader_calls": 1618}
{"pid": 161896, "unix_time": 1789266678.5726933, "status": "running", "stage": "finite", "response_id": "6301", "slot": 4, "slots_total": 84, "reader_calls": 1619}
{"pid": 161896, "unix_time": 1789266678.7634077, "status": "running", "stage": "finite", "response_id": "6301", "slot": 5, "slots_total": 84, "reader_calls": 1620}
{"pid": 161896, "unix_time": 1789266678.9704432, "status": "running", "stage": "finite", "response_id": "6301", "slot": 6, "slots_total": 84, "reader_calls": 1621}
{"pid": 161896, "unix_time": 1789266679.1706057, "status": "running", "stage": "finite", "response_id": "6301", "slot": 7, "slots_total": 84, "reader_calls": 1622}
{"pid": 161896, "unix_time": 1789266679.3739305, "status": "running", "stage": "finite", "response_id": "6301", "slot": 8, "slots_total": 84, "reader_calls": 1623}
{"pid": 161896, "unix_time": 1789266679.5808103, "status": "running", "stage": "finite", "response_id": "6301", "slot": 9, "slots_total": 84, "reader_calls": 1624}
{"pid": 161896, "unix_time": 1789266679.7926645, "status": "running", "stage": "finite", "response_id": "6301", "slot": 10, "slots_total": 84, "reader_calls": 1625}
{"pid": 161896, "unix_time": 1789266680.0028713, "status": "running", "stage": "finite", "response_id": "6301", "slot": 11, "slots_total": 84, "reader_calls": 1626}
{"pid": 161896, "unix_time": 1789266680.214442, "status": "running", "stage": "finite", "response_id": "6301", "slot": 12, "slots_total": 84, "reader_calls": 1627}
{"pid": 161896, "unix_time": 1789266680.4190853, "status": "running", "stage": "finite", "response_id": "6301", "slot": 13, "slots_total": 84, "reader_calls": 1628}
{"pid": 161896, "unix_time": 1789266680.6155643, "status": "running", "stage": "finite", "response_id": "6301", "slot": 14, "slots_total": 84, "reader_calls": 1629}
{"pid": 161896, "unix_time": 1789266680.810352, "status": "running", "stage": "finite", "response_id": "6301", "slot": 15, "slots_total": 84, "reader_calls": 1630}
{"pid": 161896, "unix_time": 1789266681.004697, "status": "running", "stage": "finite", "response_id": "6301", "slot": 16, "slots_total": 84, "reader_calls": 1631}
{"pid": 161896, "unix_time": 1789266681.2009716, "status": "running", "stage": "finite", "response_id": "6301", "slot": 17, "slots_total": 84, "reader_calls": 1632}
{"pid": 161896, "unix_time": 1789266681.3958638, "status": "running", "stage": "finite", "response_id": "6301", "slot": 18, "slots_total": 84, "reader_calls": 1633}
{"pid": 161896, "unix_time": 1789266681.5895255, "status": "running", "stage": "finite", "response_id": "6301", "slot": 19, "slots_total": 84, "reader_calls": 1634}
{"pid": 161896, "unix_time": 1789266681.799193, "status": "running", "stage": "finite", "response_id": "6301", "slot": 20, "slots_total": 84, "reader_calls": 1635}
{"pid": 161896, "unix_time": 1789266681.9965434, "status": "running", "stage": "finite", "response_id": "6301", "slot": 21, "slots_total": 84, "reader_calls": 1636}
{"pid": 161896, "unix_time": 1789266682.1926029, "status": "running", "stage": "finite", "response_id": "6301", "slot": 22, "slots_total": 84, "reader_calls": 1637}
{"pid": 161896, "unix_time": 1789266682.3861837, "status": "running", "stage": "finite", "response_id": "6301", "slot": 23, "slots_total": 84, "reader_calls": 1638}
{"pid": 161896, "unix_time": 1789266682.58185, "status": "running", "stage": "finite", "response_id": "6301", "slot": 24, "slots_total": 84, "reader_calls": 1639}
{"pid": 161896, "unix_time": 1789266682.7752967, "status": "running", "stage": "finite", "response_id": "6301", "slot": 25, "slots_total": 84, "reader_calls": 1640}
{"pid": 161896, "unix_time": 1789266682.9899015, "status": "running", "stage": "finite", "response_id": "6301", "slot": 26, "slots_total": 84, "reader_calls": 1641}
{"pid": 161896, "unix_time": 1789266683.1908605, "status": "running", "stage": "finite", "response_id": "6301", "slot": 27, "slots_total": 84, "reader_calls": 1642}
{"pid": 161896, "unix_time": 1789266683.3966262, "status": "running", "stage": "finite", "response_id": "6301", "slot": 28, "slots_total": 84, "reader_calls": 1643}
{"pid": 161896, "unix_time": 1789266683.6025863, "status": "running", "stage": "finite", "response_id": "6301", "slot": 29, "slots_total": 84, "reader_calls": 1644}
{"pid": 161896, "unix_time": 1789266683.8043072, "status": "running", "stage": "finite", "response_id": "6301", "slot": 30, "slots_total": 84, "reader_calls": 1645}
{"pid": 161896, "unix_time": 1789266684.0095158, "status": "running", "stage": "finite", "response_id": "6301", "slot": 31, "slots_total": 84, "reader_calls": 1646}
{"pid": 161896, "unix_time": 1789266684.2096312, "status": "running", "stage": "finite", "response_id": "6301", "slot": 32, "slots_total": 84, "reader_calls": 1647}
{"pid": 161896, "unix_time": 1789266684.4065225, "status": "running", "stage": "finite", "response_id": "6301", "slot": 33, "slots_total": 84, "reader_calls": 1648}
{"pid": 161896, "unix_time": 1789266684.6147234, "status": "running", "stage": "finite", "response_id": "6301", "slot": 34, "slots_total": 84, "reader_calls": 1649}
{"pid": 161896, "unix_time": 1789266684.8227425, "status": "running", "stage": "finite", "response_id": "6301", "slot": 35, "slots_total": 84, "reader_calls": 1650}
{"pid": 161896, "unix_time": 1789266685.0317383, "status": "running", "stage": "finite", "response_id": "6301", "slot": 36, "slots_total": 84, "reader_calls": 1651}
{"pid": 161896, "unix_time": 1789266685.2388659, "status": "running", "stage": "finite", "response_id": "6301", "slot": 37, "slots_total": 84, "reader_calls": 1652}
{"pid": 161896, "unix_time": 1789266685.4450903, "status": "running", "stage": "finite", "response_id": "6301", "slot": 38, "slots_total": 84, "reader_calls": 1653}
{"pid": 161896, "unix_time": 1789266685.646179, "status": "running", "stage": "finite", "response_id": "6301", "slot": 39, "slots_total": 84, "reader_calls": 1654}
{"pid": 161896, "unix_time": 1789266685.8487878, "status": "running", "stage": "finite", "response_id": "6301", "slot": 40, "slots_total": 84, "reader_calls": 1655}
{"pid": 161896, "unix_time": 1789266686.0499952, "status": "running", "stage": "finite", "response_id": "6301", "slot": 41, "slots_total": 84, "reader_calls": 1656}
{"pid": 161896, "unix_time": 1789266686.2475972, "status": "running", "stage": "finite", "response_id": "6301", "slot": 42, "slots_total": 84, "reader_calls": 1657}
{"pid": 161896, "unix_time": 1789266686.451668, "status": "running", "stage": "finite", "response_id": "6301", "slot": 43, "slots_total": 84, "reader_calls": 1658}
{"pid": 161896, "unix_time": 1789266686.6523046, "status": "running", "stage": "finite", "response_id": "6301", "slot": 44, "slots_total": 84, "reader_calls": 1659}
{"pid": 161896, "unix_time": 1789266686.8474865, "status": "running", "stage": "finite", "response_id": "6301", "slot": 45, "slots_total": 84, "reader_calls": 1660}
{"pid": 161896, "unix_time": 1789266687.0446005, "status": "running", "stage": "finite", "response_id": "6301", "slot": 46, "slots_total": 84, "reader_calls": 1661}
{"pid": 161896, "unix_time": 1789266687.2412398, "status": "running", "stage": "finite", "response_id": "6301", "slot": 47, "slots_total": 84, "reader_calls": 1662}
{"pid": 161896, "unix_time": 1789266687.4396148, "status": "running", "stage": "finite", "response_id": "6301", "slot": 48, "slots_total": 84, "reader_calls": 1663}
{"pid": 161896, "unix_time": 1789266687.6450622, "status": "running", "stage": "finite", "response_id": "6301", "slot": 49, "slots_total": 84, "reader_calls": 1664}
{"pid": 161896, "unix_time": 1789266687.850307, "status": "running", "stage": "finite", "response_id": "6301", "slot": 50, "slots_total": 84, "reader_calls": 1665}
{"pid": 161896, "unix_time": 1789266688.0526285, "status": "running", "stage": "finite", "response_id": "6301", "slot": 51, "slots_total": 84, "reader_calls": 1666}
{"pid": 161896, "unix_time": 1789266688.2569375, "status": "running", "stage": "finite", "response_id": "6301", "slot": 52, "slots_total": 84, "reader_calls": 1667}
{"pid": 161896, "unix_time": 1789266688.4587758, "status": "running", "stage": "finite", "response_id": "6301", "slot": 53, "slots_total": 84, "reader_calls": 1668}
{"pid": 161896, "unix_time": 1789266688.6621509, "status": "running", "stage": "finite", "response_id": "6301", "slot": 54, "slots_total": 84, "reader_calls": 1669}
{"pid": 161896, "unix_time": 1789266688.8616757, "status": "running", "stage": "finite", "response_id": "6301", "slot": 55, "slots_total": 84, "reader_calls": 1670}
{"pid": 161896, "unix_time": 1789266689.0621703, "status": "running", "stage": "finite", "response_id": "6301", "slot": 56, "slots_total": 84, "reader_calls": 1671}
{"pid": 161896, "unix_time": 1789266689.2630467, "status": "running", "stage": "finite", "response_id": "6301", "slot": 57, "slots_total": 84, "reader_calls": 1672}
{"pid": 161896, "unix_time": 1789266689.4651191, "status": "running", "stage": "finite", "response_id": "6301", "slot": 58, "slots_total": 84, "reader_calls": 1673}
{"pid": 161896, "unix_time": 1789266689.6684506, "status": "running", "stage": "finite", "response_id": "6301", "slot": 59, "slots_total": 84, "reader_calls": 1674}
{"pid": 161896, "unix_time": 1789266689.8724003, "status": "running", "stage": "finite", "response_id": "6301", "slot": 60, "slots_total": 84, "reader_calls": 1675}
{"pid": 161896, "unix_time": 1789266690.0869663, "status": "running", "stage": "finite", "response_id": "6301", "slot": 61, "slots_total": 84, "reader_calls": 1676}
{"pid": 161896, "unix_time": 1789266690.330897, "status": "running", "stage": "finite", "response_id": "6301", "slot": 62, "slots_total": 84, "reader_calls": 1677}
{"pid": 161896, "unix_time": 1789266690.5500765, "status": "running", "stage": "finite", "response_id": "6301", "slot": 63, "slots_total": 84, "reader_calls": 1678}
{"pid": 161896, "unix_time": 1789266690.7622654, "status": "running", "stage": "finite", "response_id": "6301", "slot": 64, "slots_total": 84, "reader_calls": 1679}
{"pid": 161896, "unix_time": 1789266690.9687197, "status": "running", "stage": "finite", "response_id": "6301", "slot": 65, "slots_total": 84, "reader_calls": 1680}
{"pid": 161896, "unix_time": 1789266691.1821382, "status": "running", "stage": "finite", "response_id": "6301", "slot": 66, "slots_total": 84, "reader_calls": 1681}
{"pid": 161896, "unix_time": 1789266691.3985522, "status": "running", "stage": "finite", "response_id": "6301", "slot": 67, "slots_total": 84, "reader_calls": 1682}
{"pid": 161896, "unix_time": 1789266691.6265273, "status": "running", "stage": "finite", "response_id": "6301", "slot": 68, "slots_total": 84, "reader_calls": 1683}
{"pid": 161896, "unix_time": 1789266691.8510563, "status": "running", "stage": "finite", "response_id": "6301", "slot": 69, "slots_total": 84, "reader_calls": 1684}
{"pid": 161896, "unix_time": 1789266692.068418, "status": "running", "stage": "finite", "response_id": "6301", "slot": 70, "slots_total": 84, "reader_calls": 1685}
{"pid": 161896, "unix_time": 1789266692.284928, "status": "running", "stage": "finite", "response_id": "6301", "slot": 71, "slots_total": 84, "reader_calls": 1686}
{"pid": 161896, "unix_time": 1789266692.5111063, "status": "running", "stage": "finite", "response_id": "6301", "slot": 72, "slots_total": 84, "reader_calls": 1687}
{"pid": 161896, "unix_time": 1789266692.7330904, "status": "running", "stage": "finite", "response_id": "6301", "slot": 73, "slots_total": 84, "reader_calls": 1688}
{"pid": 161896, "unix_time": 1789266692.950716, "status": "running", "stage": "finite", "response_id": "6301", "slot": 74, "slots_total": 84, "reader_calls": 1689}
{"pid": 161896, "unix_time": 1789266693.1660676, "status": "running", "stage": "finite", "response_id": "6301", "slot": 75, "slots_total": 84, "reader_calls": 1690}
{"pid": 161896, "unix_time": 1789266693.403695, "status": "running", "stage": "finite", "response_id": "6301", "slot": 76, "slots_total": 84, "reader_calls": 1691}
{"pid": 161896, "unix_time": 1789266693.62823, "status": "running", "stage": "finite", "response_id": "6301", "slot": 77, "slots_total": 84, "reader_calls": 1692}
{"pid": 161896, "unix_time": 1789266693.8417616, "status": "running", "stage": "finite", "response_id": "6301", "slot": 78, "slots_total": 84, "reader_calls": 1693}
{"pid": 161896, "unix_time": 1789266694.0560176, "status": "running", "stage": "finite", "response_id": "6301", "slot": 79, "slots_total": 84, "reader_calls": 1694}
{"pid": 161896, "unix_time": 1789266694.2722447, "status": "running", "stage": "finite", "response_id": "6301", "slot": 80, "slots_total": 84, "reader_calls": 1695}
{"pid": 161896, "unix_time": 1789266694.4918911, "status": "running", "stage": "finite", "response_id": "6301", "slot": 81, "slots_total": 84, "reader_calls": 1696}
{"pid": 161896, "unix_time": 1789266694.705644, "status": "running", "stage": "finite", "response_id": "6301", "slot": 82, "slots_total": 84, "reader_calls": 1697}
{"pid": 161896, "unix_time": 1789266694.919416, "status": "running", "stage": "finite", "response_id": "6301", "slot": 83, "slots_total": 84, "reader_calls": 1698}
{"pid": 161896, "unix_time": 1789266695.3825822, "status": "running", "stage": "finite", "response_id": "9271", "slot": 0, "slots_total": 70, "reader_calls": 1699}
{"pid": 161896, "unix_time": 1789266695.5558853, "status": "running", "stage": "finite", "response_id": "9271", "slot": 1, "slots_total": 70, "reader_calls": 1700}
{"pid": 161896, "unix_time": 1789266695.7164476, "status": "running", "stage": "finite", "response_id": "9271", "slot": 2, "slots_total": 70, "reader_calls": 1701}
{"pid": 161896, "unix_time": 1789266695.8835669, "status": "running", "stage": "finite", "response_id": "9271", "slot": 3, "slots_total": 70, "reader_calls": 1702}
{"pid": 161896, "unix_time": 1789266696.0464232, "status": "running", "stage": "finite", "response_id": "9271", "slot": 4, "slots_total": 70, "reader_calls": 1703}
{"pid": 161896, "unix_time": 1789266696.2114177, "status": "running", "stage": "finite", "response_id": "9271", "slot": 5, "slots_total": 70, "reader_calls": 1704}
{"pid": 161896, "unix_time": 1789266696.3757918, "status": "running", "stage": "finite", "response_id": "9271", "slot": 6, "slots_total": 70, "reader_calls": 1705}
{"pid": 161896, "unix_time": 1789266696.5414581, "status": "running", "stage": "finite", "response_id": "9271", "slot": 7, "slots_total": 70, "reader_calls": 1706}
{"pid": 161896, "unix_time": 1789266696.7015004, "status": "running", "stage": "finite", "response_id": "9271", "slot": 8, "slots_total": 70, "reader_calls": 1707}
{"pid": 161896, "unix_time": 1789266696.8638818, "status": "running", "stage": "finite", "response_id": "9271", "slot": 9, "slots_total": 70, "reader_calls": 1708}
{"pid": 161896, "unix_time": 1789266697.0257418, "status": "running", "stage": "finite", "response_id": "9271", "slot": 10, "slots_total": 70, "reader_calls": 1709}
{"pid": 161896, "unix_time": 1789266697.185037, "status": "running", "stage": "finite", "response_id": "9271", "slot": 11, "slots_total": 70, "reader_calls": 1710}
{"pid": 161896, "unix_time": 1789266697.3446126, "status": "running", "stage": "finite", "response_id": "9271", "slot": 12, "slots_total": 70, "reader_calls": 1711}
{"pid": 161896, "unix_time": 1789266697.5032382, "status": "running", "stage": "finite", "response_id": "9271", "slot": 13, "slots_total": 70, "reader_calls": 1712}
{"pid": 161896, "unix_time": 1789266697.6707184, "status": "running", "stage": "finite", "response_id": "9271", "slot": 14, "slots_total": 70, "reader_calls": 1713}
{"pid": 161896, "unix_time": 1789266697.836437, "status": "running", "stage": "finite", "response_id": "9271", "slot": 15, "slots_total": 70, "reader_calls": 1714}
{"pid": 161896, "unix_time": 1789266698.001878, "status": "running", "stage": "finite", "response_id": "9271", "slot": 16, "slots_total": 70, "reader_calls": 1715}
{"pid": 161896, "unix_time": 1789266698.1657531, "status": "running", "stage": "finite", "response_id": "9271", "slot": 17, "slots_total": 70, "reader_calls": 1716}
{"pid": 161896, "unix_time": 1789266698.328793, "status": "running", "stage": "finite", "response_id": "9271", "slot": 18, "slots_total": 70, "reader_calls": 1717}
{"pid": 161896, "unix_time": 1789266698.4966507, "status": "running", "stage": "finite", "response_id": "9271", "slot": 19, "slots_total": 70, "reader_calls": 1718}
{"pid": 161896, "unix_time": 1789266698.6598227, "status": "running", "stage": "finite", "response_id": "9271", "slot": 20, "slots_total": 70, "reader_calls": 1719}
{"pid": 161896, "unix_time": 1789266698.8328724, "status": "running", "stage": "finite", "response_id": "9271", "slot": 21, "slots_total": 70, "reader_calls": 1720}
{"pid": 161896, "unix_time": 1789266698.9988375, "status": "running", "stage": "finite", "response_id": "9271", "slot": 22, "slots_total": 70, "reader_calls": 1721}
{"pid": 161896, "unix_time": 1789266699.1644995, "status": "running", "stage": "finite", "response_id": "9271", "slot": 23, "slots_total": 70, "reader_calls": 1722}
{"pid": 161896, "unix_time": 1789266699.335747, "status": "running", "stage": "finite", "response_id": "9271", "slot": 24, "slots_total": 70, "reader_calls": 1723}
{"pid": 161896, "unix_time": 1789266699.5013385, "status": "running", "stage": "finite", "response_id": "9271", "slot": 25, "slots_total": 70, "reader_calls": 1724}
{"pid": 161896, "unix_time": 1789266699.6639912, "status": "running", "stage": "finite", "response_id": "9271", "slot": 26, "slots_total": 70, "reader_calls": 1725}
{"pid": 161896, "unix_time": 1789266699.8500686, "status": "running", "stage": "finite", "response_id": "9271", "slot": 27, "slots_total": 70, "reader_calls": 1726}
{"pid": 161896, "unix_time": 1789266700.015747, "status": "running", "stage": "finite", "response_id": "9271", "slot": 28, "slots_total": 70, "reader_calls": 1727}
{"pid": 161896, "unix_time": 1789266700.8430974, "status": "running", "stage": "finite", "response_id": "9271", "slot": 29, "slots_total": 70, "reader_calls": 1732}
{"pid": 161896, "unix_time": 1789266701.01154, "status": "running", "stage": "finite", "response_id": "9271", "slot": 30, "slots_total": 70, "reader_calls": 1733}
{"pid": 161896, "unix_time": 1789266701.178771, "status": "running", "stage": "finite", "response_id": "9271", "slot": 31, "slots_total": 70, "reader_calls": 1734}
{"pid": 161896, "unix_time": 1789266701.3469932, "status": "running", "stage": "finite", "response_id": "9271", "slot": 32, "slots_total": 70, "reader_calls": 1735}
{"pid": 161896, "unix_time": 1789266701.5158715, "status": "running", "stage": "finite", "response_id": "9271", "slot": 33, "slots_total": 70, "reader_calls": 1736}
{"pid": 161896, "unix_time": 1789266701.6834807, "status": "running", "stage": "finite", "response_id": "9271", "slot": 34, "slots_total": 70, "reader_calls": 1737}
{"pid": 161896, "unix_time": 1789266701.8514233, "status": "running", "stage": "finite", "response_id": "9271", "slot": 35, "slots_total": 70, "reader_calls": 1738}
{"pid": 161896, "unix_time": 1789266702.0203495, "status": "running", "stage": "finite", "response_id": "9271", "slot": 36, "slots_total": 70, "reader_calls": 1739}
{"pid": 161896, "unix_time": 1789266702.1901512, "status": "running", "stage": "finite", "response_id": "9271", "slot": 37, "slots_total": 70, "reader_calls": 1740}
{"pid": 161896, "unix_time": 1789266702.359543, "status": "running", "stage": "finite", "response_id": "9271", "slot": 38, "slots_total": 70, "reader_calls": 1741}
{"pid": 161896, "unix_time": 1789266702.529098, "status": "running", "stage": "finite", "response_id": "9271", "slot": 39, "slots_total": 70, "reader_calls": 1742}
{"pid": 161896, "unix_time": 1789266702.6972506, "status": "running", "stage": "finite", "response_id": "9271", "slot": 40, "slots_total": 70, "reader_calls": 1743}
{"pid": 161896, "unix_time": 1789266702.866791, "status": "running", "stage": "finite", "response_id": "9271", "slot": 41, "slots_total": 70, "reader_calls": 1744}
{"pid": 161896, "unix_time": 1789266703.0393252, "status": "running", "stage": "finite", "response_id": "9271", "slot": 42, "slots_total": 70, "reader_calls": 1745}
{"pid": 161896, "unix_time": 1789266703.2132366, "status": "running", "stage": "finite", "response_id": "9271", "slot": 43, "slots_total": 70, "reader_calls": 1746}
{"pid": 161896, "unix_time": 1789266703.384465, "status": "running", "stage": "finite", "response_id": "9271", "slot": 44, "slots_total": 70, "reader_calls": 1747}
{"pid": 161896, "unix_time": 1789266703.5699828, "status": "running", "stage": "finite", "response_id": "9271", "slot": 45, "slots_total": 70, "reader_calls": 1748}
{"pid": 161896, "unix_time": 1789266703.7476563, "status": "running", "stage": "finite", "response_id": "9271", "slot": 46, "slots_total": 70, "reader_calls": 1749}
{"pid": 161896, "unix_time": 1789266703.9237783, "status": "running", "stage": "finite", "response_id": "9271", "slot": 47, "slots_total": 70, "reader_calls": 1750}
{"pid": 161896, "unix_time": 1789266704.0995917, "status": "running", "stage": "finite", "response_id": "9271", "slot": 48, "slots_total": 70, "reader_calls": 1751}
{"pid": 161896, "unix_time": 1789266704.272334, "status": "running", "stage": "finite", "response_id": "9271", "slot": 49, "slots_total": 70, "reader_calls": 1752}
{"pid": 161896, "unix_time": 1789266704.444111, "status": "running", "stage": "finite", "response_id": "9271", "slot": 50, "slots_total": 70, "reader_calls": 1753}
{"pid": 161896, "unix_time": 1789266704.6192696, "status": "running", "stage": "finite", "response_id": "9271", "slot": 51, "slots_total": 70, "reader_calls": 1754}
{"pid": 161896, "unix_time": 1789266704.8125777, "status": "running", "stage": "finite", "response_id": "9271", "slot": 52, "slots_total": 70, "reader_calls": 1755}
{"pid": 161896, "unix_time": 1789266704.993764, "status": "running", "stage": "finite", "response_id": "9271", "slot": 53, "slots_total": 70, "reader_calls": 1756}
{"pid": 161896, "unix_time": 1789266705.1650794, "status": "running", "stage": "finite", "response_id": "9271", "slot": 54, "slots_total": 70, "reader_calls": 1757}
{"pid": 161896, "unix_time": 1789266705.3523972, "status": "running", "stage": "finite", "response_id": "9271", "slot": 55, "slots_total": 70, "reader_calls": 1758}
{"pid": 161896, "unix_time": 1789266705.5324082, "status": "running", "stage": "finite", "response_id": "9271", "slot": 56, "slots_total": 70, "reader_calls": 1759}
{"pid": 161896, "unix_time": 1789266705.7080226, "status": "running", "stage": "finite", "response_id": "9271", "slot": 57, "slots_total": 70, "reader_calls": 1760}
{"pid": 161896, "unix_time": 1789266705.8804786, "status": "running", "stage": "finite", "response_id": "9271", "slot": 58, "slots_total": 70, "reader_calls": 1761}
{"pid": 161896, "unix_time": 1789266706.0523388, "status": "running", "stage": "finite", "response_id": "9271", "slot": 59, "slots_total": 70, "reader_calls": 1762}
{"pid": 161896, "unix_time": 1789266706.2345438, "status": "running", "stage": "finite", "response_id": "9271", "slot": 60, "slots_total": 70, "reader_calls": 1763}
{"pid": 161896, "unix_time": 1789266706.409224, "status": "running", "stage": "finite", "response_id": "9271", "slot": 61, "slots_total": 70, "reader_calls": 1764}
{"pid": 161896, "unix_time": 1789266706.5907905, "status": "running", "stage": "finite", "response_id": "9271", "slot": 62, "slots_total": 70, "reader_calls": 1765}
{"pid": 161896, "unix_time": 1789266706.7727447, "status": "running", "stage": "finite", "response_id": "9271", "slot": 63, "slots_total": 70, "reader_calls": 1766}
{"pid": 161896, "unix_time": 1789266706.9542265, "status": "running", "stage": "finite", "response_id": "9271", "slot": 64, "slots_total": 70, "reader_calls": 1767}
{"pid": 161896, "unix_time": 1789266707.135035, "status": "running", "stage": "finite", "response_id": "9271", "slot": 65, "slots_total": 70, "reader_calls": 1768}
{"pid": 161896, "unix_time": 1789266707.3235297, "status": "running", "stage": "finite", "response_id": "9271", "slot": 66, "slots_total": 70, "reader_calls": 1769}
{"pid": 161896, "unix_time": 1789266707.5076993, "status": "running", "stage": "finite", "response_id": "9271", "slot": 67, "slots_total": 70, "reader_calls": 1770}
{"pid": 161896, "unix_time": 1789266707.6892917, "status": "running", "stage": "finite", "response_id": "9271", "slot": 68, "slots_total": 70, "reader_calls": 1771}
{"pid": 161896, "unix_time": 1789266707.869916, "status": "running", "stage": "finite", "response_id": "9271", "slot": 69, "slots_total": 70, "reader_calls": 1772}
{"pid": 161896, "unix_time": 1789266708.1634648, "status": "running", "stage": "finite", "response_id": "6300", "slot": 0, "slots_total": 49, "reader_calls": 1773}
{"pid": 161896, "unix_time": 1789266708.3421867, "status": "running", "stage": "finite", "response_id": "6300", "slot": 1, "slots_total": 49, "reader_calls": 1774}
{"pid": 161896, "unix_time": 1789266708.5272772, "status": "running", "stage": "finite", "response_id": "6300", "slot": 2, "slots_total": 49, "reader_calls": 1775}
{"pid": 161896, "unix_time": 1789266708.7128844, "status": "running", "stage": "finite", "response_id": "6300", "slot": 3, "slots_total": 49, "reader_calls": 1776}
{"pid": 161896, "unix_time": 1789266708.896172, "status": "running", "stage": "finite", "response_id": "6300", "slot": 4, "slots_total": 49, "reader_calls": 1777}
{"pid": 161896, "unix_time": 1789266709.0767303, "status": "running", "stage": "finite", "response_id": "6300", "slot": 5, "slots_total": 49, "reader_calls": 1778}
{"pid": 161896, "unix_time": 1789266709.2569602, "status": "running", "stage": "finite", "response_id": "6300", "slot": 6, "slots_total": 49, "reader_calls": 1779}
{"pid": 161896, "unix_time": 1789266709.4453585, "status": "running", "stage": "finite", "response_id": "6300", "slot": 7, "slots_total": 49, "reader_calls": 1780}
{"pid": 161896, "unix_time": 1789266709.628701, "status": "running", "stage": "finite", "response_id": "6300", "slot": 8, "slots_total": 49, "reader_calls": 1781}
{"pid": 161896, "unix_time": 1789266709.808228, "status": "running", "stage": "finite", "response_id": "6300", "slot": 9, "slots_total": 49, "reader_calls": 1782}
{"pid": 161896, "unix_time": 1789266710.0095398, "status": "running", "stage": "finite", "response_id": "6300", "slot": 10, "slots_total": 49, "reader_calls": 1783}
{"pid": 161896, "unix_time": 1789266710.1938488, "status": "running", "stage": "finite", "response_id": "6300", "slot": 11, "slots_total": 49, "reader_calls": 1784}
{"pid": 161896, "unix_time": 1789266710.373991, "status": "running", "stage": "finite", "response_id": "6300", "slot": 12, "slots_total": 49, "reader_calls": 1785}
{"pid": 161896, "unix_time": 1789266710.561798, "status": "running", "stage": "finite", "response_id": "6300", "slot": 13, "slots_total": 49, "reader_calls": 1786}
{"pid": 161896, "unix_time": 1789266710.7494175, "status": "running", "stage": "finite", "response_id": "6300", "slot": 14, "slots_total": 49, "reader_calls": 1787}
{"pid": 161896, "unix_time": 1789266710.9305265, "status": "running", "stage": "finite", "response_id": "6300", "slot": 15, "slots_total": 49, "reader_calls": 1788}
{"pid": 161896, "unix_time": 1789266711.1173902, "status": "running", "stage": "finite", "response_id": "6300", "slot": 16, "slots_total": 49, "reader_calls": 1789}
{"pid": 161896, "unix_time": 1789266711.3030264, "status": "running", "stage": "finite", "response_id": "6300", "slot": 17, "slots_total": 49, "reader_calls": 1790}
{"pid": 161896, "unix_time": 1789266711.508123, "status": "running", "stage": "finite", "response_id": "6300", "slot": 18, "slots_total": 49, "reader_calls": 1791}
{"pid": 161896, "unix_time": 1789266711.7004, "status": "running", "stage": "finite", "response_id": "6300", "slot": 19, "slots_total": 49, "reader_calls": 1792}
{"pid": 161896, "unix_time": 1789266711.8907502, "status": "running", "stage": "finite", "response_id": "6300", "slot": 20, "slots_total": 49, "reader_calls": 1793}
{"pid": 161896, "unix_time": 1789266712.0789442, "status": "running", "stage": "finite", "response_id": "6300", "slot": 21, "slots_total": 49, "reader_calls": 1794}
{"pid": 161896, "unix_time": 1789266712.2622995, "status": "running", "stage": "finite", "response_id": "6300", "slot": 22, "slots_total": 49, "reader_calls": 1795}
{"pid": 161896, "unix_time": 1789266712.4517605, "status": "running", "stage": "finite", "response_id": "6300", "slot": 23, "slots_total": 49, "reader_calls": 1796}
{"pid": 161896, "unix_time": 1789266714.312019, "status": "running", "stage": "finite", "response_id": "6300", "slot": 24, "slots_total": 49, "reader_calls": 1805}
{"pid": 161896, "unix_time": 1789266714.5160687, "status": "running", "stage": "finite", "response_id": "6300", "slot": 25, "slots_total": 49, "reader_calls": 1806}
{"pid": 161896, "unix_time": 1789266714.7079215, "status": "running", "stage": "finite", "response_id": "6300", "slot": 26, "slots_total": 49, "reader_calls": 1807}
{"pid": 161896, "unix_time": 1789266714.9001112, "status": "running", "stage": "finite", "response_id": "6300", "slot": 27, "slots_total": 49, "reader_calls": 1808}
{"pid": 161896, "unix_time": 1789266715.093116, "status": "running", "stage": "finite", "response_id": "6300", "slot": 28, "slots_total": 49, "reader_calls": 1809}
{"pid": 161896, "unix_time": 1789266715.2867172, "status": "running", "stage": "finite", "response_id": "6300", "slot": 29, "slots_total": 49, "reader_calls": 1810}
{"pid": 161896, "unix_time": 1789266715.4816399, "status": "running", "stage": "finite", "response_id": "6300", "slot": 30, "slots_total": 49, "reader_calls": 1811}
{"pid": 161896, "unix_time": 1789266715.6734307, "status": "running", "stage": "finite", "response_id": "6300", "slot": 31, "slots_total": 49, "reader_calls": 1812}
{"pid": 161896, "unix_time": 1789266715.866697, "status": "running", "stage": "finite", "response_id": "6300", "slot": 32, "slots_total": 49, "reader_calls": 1813}
{"pid": 161896, "unix_time": 1789266716.0603807, "status": "running", "stage": "finite", "response_id": "6300", "slot": 33, "slots_total": 49, "reader_calls": 1814}
{"pid": 161896, "unix_time": 1789266716.2543364, "status": "running", "stage": "finite", "response_id": "6300", "slot": 34, "slots_total": 49, "reader_calls": 1815}
{"pid": 161896, "unix_time": 1789266716.4482973, "status": "running", "stage": "finite", "response_id": "6300", "slot": 35, "slots_total": 49, "reader_calls": 1816}
{"pid": 161896, "unix_time": 1789266716.6438375, "status": "running", "stage": "finite", "response_id": "6300", "slot": 36, "slots_total": 49, "reader_calls": 1817}
{"pid": 161896, "unix_time": 1789266716.8483274, "status": "running", "stage": "finite", "response_id": "6300", "slot": 37, "slots_total": 49, "reader_calls": 1818}
{"pid": 161896, "unix_time": 1789266717.049829, "status": "running", "stage": "finite", "response_id": "6300", "slot": 38, "slots_total": 49, "reader_calls": 1819}
{"pid": 161896, "unix_time": 1789266717.2460482, "status": "running", "stage": "finite", "response_id": "6300", "slot": 39, "slots_total": 49, "reader_calls": 1820}
{"pid": 161896, "unix_time": 1789266717.4412806, "status": "running", "stage": "finite", "response_id": "6300", "slot": 40, "slots_total": 49, "reader_calls": 1821}
{"pid": 161896, "unix_time": 1789266717.6376424, "status": "running", "stage": "finite", "response_id": "6300", "slot": 41, "slots_total": 49, "reader_calls": 1822}
{"pid": 161896, "unix_time": 1789266717.8328638, "status": "running", "stage": "finite", "response_id": "6300", "slot": 42, "slots_total": 49, "reader_calls": 1823}
{"pid": 161896, "unix_time": 1789266718.0373065, "status": "running", "stage": "finite", "response_id": "6300", "slot": 43, "slots_total": 49, "reader_calls": 1824}
{"pid": 161896, "unix_time": 1789266718.2396648, "status": "running", "stage": "finite", "response_id": "6300", "slot": 44, "slots_total": 49, "reader_calls": 1825}
{"pid": 161896, "unix_time": 1789266718.4405525, "status": "running", "stage": "finite", "response_id": "6300", "slot": 45, "slots_total": 49, "reader_calls": 1826}
{"pid": 161896, "unix_time": 1789266718.6411352, "status": "running", "stage": "finite", "response_id": "6300", "slot": 46, "slots_total": 49, "reader_calls": 1827}
{"pid": 161896, "unix_time": 1789266718.8499491, "status": "running", "stage": "finite", "response_id": "6300", "slot": 47, "slots_total": 49, "reader_calls": 1828}
{"pid": 161896, "unix_time": 1789266719.049249, "status": "running", "stage": "finite", "response_id": "6300", "slot": 48, "slots_total": 49, "reader_calls": 1829}
{"pid": 161896, "unix_time": 1789266719.3594837, "status": "running", "stage": "finite", "response_id": "9270", "slot": 0, "slots_total": 50, "reader_calls": 1830}
{"pid": 161896, "unix_time": 1789266719.5098112, "status": "running", "stage": "finite", "response_id": "9270", "slot": 1, "slots_total": 50, "reader_calls": 1831}
{"pid": 161896, "unix_time": 1789266719.6617286, "status": "running", "stage": "finite", "response_id": "9270", "slot": 2, "slots_total": 50, "reader_calls": 1832}
{"pid": 161896, "unix_time": 1789266719.810974, "status": "running", "stage": "finite", "response_id": "9270", "slot": 3, "slots_total": 50, "reader_calls": 1833}
{"pid": 161896, "unix_time": 1789266719.9595082, "status": "running", "stage": "finite", "response_id": "9270", "slot": 4, "slots_total": 50, "reader_calls": 1834}
{"pid": 161896, "unix_time": 1789266720.1047974, "status": "running", "stage": "finite", "response_id": "9270", "slot": 5, "slots_total": 50, "reader_calls": 1835}
{"pid": 161896, "unix_time": 1789266720.2530963, "status": "running", "stage": "finite", "response_id": "9270", "slot": 6, "slots_total": 50, "reader_calls": 1836}
{"pid": 161896, "unix_time": 1789266720.4023342, "status": "running", "stage": "finite", "response_id": "9270", "slot": 7, "slots_total": 50, "reader_calls": 1837}
{"pid": 161896, "unix_time": 1789266720.5489323, "status": "running", "stage": "finite", "response_id": "9270", "slot": 8, "slots_total": 50, "reader_calls": 1838}
{"pid": 161896, "unix_time": 1789266720.6964147, "status": "running", "stage": "finite", "response_id": "9270", "slot": 9, "slots_total": 50, "reader_calls": 1839}
{"pid": 161896, "unix_time": 1789266720.853796, "status": "running", "stage": "finite", "response_id": "9270", "slot": 10, "slots_total": 50, "reader_calls": 1840}
{"pid": 161896, "unix_time": 1789266721.0085678, "status": "running", "stage": "finite", "response_id": "9270", "slot": 11, "slots_total": 50, "reader_calls": 1841}
{"pid": 161896, "unix_time": 1789266721.1578643, "status": "running", "stage": "finite", "response_id": "9270", "slot": 12, "slots_total": 50, "reader_calls": 1842}
{"pid": 161896, "unix_time": 1789266721.3054004, "status": "running", "stage": "finite", "response_id": "9270", "slot": 13, "slots_total": 50, "reader_calls": 1843}
{"pid": 161896, "unix_time": 1789266721.4525476, "status": "running", "stage": "finite", "response_id": "9270", "slot": 14, "slots_total": 50, "reader_calls": 1844}
{"pid": 161896, "unix_time": 1789266721.6017919, "status": "running", "stage": "finite", "response_id": "9270", "slot": 15, "slots_total": 50, "reader_calls": 1845}
{"pid": 161896, "unix_time": 1789266721.750133, "status": "running", "stage": "finite", "response_id": "9270", "slot": 16, "slots_total": 50, "reader_calls": 1846}
{"pid": 161896, "unix_time": 1789266721.8986433, "status": "running", "stage": "finite", "response_id": "9270", "slot": 17, "slots_total": 50, "reader_calls": 1847}
{"pid": 161896, "unix_time": 1789266722.0454109, "status": "running", "stage": "finite", "response_id": "9270", "slot": 18, "slots_total": 50, "reader_calls": 1848}
{"pid": 161896, "unix_time": 1789266722.1934855, "status": "running", "stage": "finite", "response_id": "9270", "slot": 19, "slots_total": 50, "reader_calls": 1849}
{"pid": 161896, "unix_time": 1789266722.3716905, "status": "running", "stage": "finite", "response_id": "9270", "slot": 20, "slots_total": 50, "reader_calls": 1850}
{"pid": 161896, "unix_time": 1789266722.5327313, "status": "running", "stage": "finite", "response_id": "9270", "slot": 21, "slots_total": 50, "reader_calls": 1851}
{"pid": 161896, "unix_time": 1789266722.6941602, "status": "running", "stage": "finite", "response_id": "9270", "slot": 22, "slots_total": 50, "reader_calls": 1852}
{"pid": 161896, "unix_time": 1789266722.8561902, "status": "running", "stage": "finite", "response_id": "9270", "slot": 23, "slots_total": 50, "reader_calls": 1853}
{"pid": 161896, "unix_time": 1789266723.0120714, "status": "running", "stage": "finite", "response_id": "9270", "slot": 24, "slots_total": 50, "reader_calls": 1854}
{"pid": 161896, "unix_time": 1789266723.1634212, "status": "running", "stage": "finite", "response_id": "9270", "slot": 25, "slots_total": 50, "reader_calls": 1855}
{"pid": 161896, "unix_time": 1789266723.315886, "status": "running", "stage": "finite", "response_id": "9270", "slot": 26, "slots_total": 50, "reader_calls": 1856}
{"pid": 161896, "unix_time": 1789266723.4825573, "status": "running", "stage": "finite", "response_id": "9270", "slot": 27, "slots_total": 50, "reader_calls": 1857}
{"pid": 161896, "unix_time": 1789266723.6421885, "status": "running", "stage": "finite", "response_id": "9270", "slot": 28, "slots_total": 50, "reader_calls": 1858}
{"pid": 161896, "unix_time": 1789266723.8012526, "status": "running", "stage": "finite", "response_id": "9270", "slot": 29, "slots_total": 50, "reader_calls": 1859}
{"pid": 161896, "unix_time": 1789266723.9741514, "status": "running", "stage": "finite", "response_id": "9270", "slot": 30, "slots_total": 50, "reader_calls": 1860}
{"pid": 161896, "unix_time": 1789266724.1407433, "status": "running", "stage": "finite", "response_id": "9270", "slot": 31, "slots_total": 50, "reader_calls": 1861}
{"pid": 161896, "unix_time": 1789266724.3103523, "status": "running", "stage": "finite", "response_id": "9270", "slot": 32, "slots_total": 50, "reader_calls": 1862}
{"pid": 161896, "unix_time": 1789266724.486706, "status": "running", "stage": "finite", "response_id": "9270", "slot": 33, "slots_total": 50, "reader_calls": 1863}
{"pid": 161896, "unix_time": 1789266724.6868794, "status": "running", "stage": "finite", "response_id": "9270", "slot": 34, "slots_total": 50, "reader_calls": 1864}
{"pid": 161896, "unix_time": 1789266724.8720315, "status": "running", "stage": "finite", "response_id": "9270", "slot": 35, "slots_total": 50, "reader_calls": 1865}
{"pid": 161896, "unix_time": 1789266725.0648084, "status": "running", "stage": "finite", "response_id": "9270", "slot": 36, "slots_total": 50, "reader_calls": 1866}
{"pid": 161896, "unix_time": 1789266725.248348, "status": "running", "stage": "finite", "response_id": "9270", "slot": 37, "slots_total": 50, "reader_calls": 1867}
{"pid": 161896, "unix_time": 1789266725.428739, "status": "running", "stage": "finite", "response_id": "9270", "slot": 38, "slots_total": 50, "reader_calls": 1868}
{"pid": 161896, "unix_time": 1789266725.6098864, "status": "running", "stage": "finite", "response_id": "9270", "slot": 39, "slots_total": 50, "reader_calls": 1869}
{"pid": 161896, "unix_time": 1789266725.8066893, "status": "running", "stage": "finite", "response_id": "9270", "slot": 40, "slots_total": 50, "reader_calls": 1870}
{"pid": 161896, "unix_time": 1789266725.9940016, "status": "running", "stage": "finite", "response_id": "9270", "slot": 41, "slots_total": 50, "reader_calls": 1871}
{"pid": 161896, "unix_time": 1789266726.1877644, "status": "running", "stage": "finite", "response_id": "9270", "slot": 42, "slots_total": 50, "reader_calls": 1872}
{"pid": 161896, "unix_time": 1789266726.3763006, "status": "running", "stage": "finite", "response_id": "9270", "slot": 43, "slots_total": 50, "reader_calls": 1873}
{"pid": 161896, "unix_time": 1789266726.5604274, "status": "running", "stage": "finite", "response_id": "9270", "slot": 44, "slots_total": 50, "reader_calls": 1874}
{"pid": 161896, "unix_time": 1789266726.7577152, "status": "running", "stage": "finite", "response_id": "9270", "slot": 45, "slots_total": 50, "reader_calls": 1875}
{"pid": 161896, "unix_time": 1789266726.9396574, "status": "running", "stage": "finite", "response_id": "9270", "slot": 46, "slots_total": 50, "reader_calls": 1876}
{"pid": 161896, "unix_time": 1789266727.117408, "status": "running", "stage": "finite", "response_id": "9270", "slot": 47, "slots_total": 50, "reader_calls": 1877}
{"pid": 161896, "unix_time": 1789266727.2948112, "status": "running", "stage": "finite", "response_id": "9270", "slot": 48, "slots_total": 50, "reader_calls": 1878}
{"pid": 161896, "unix_time": 1789266727.475918, "status": "running", "stage": "finite", "response_id": "9270", "slot": 49, "slots_total": 50, "reader_calls": 1879}
{"pid": 161896, "unix_time": 1789266727.7585995, "status": "running", "stage": "finite", "response_id": "6304", "slot": 0, "slots_total": 86, "reader_calls": 1880}
{"pid": 161896, "unix_time": 1789266727.9621336, "status": "running", "stage": "finite", "response_id": "6304", "slot": 1, "slots_total": 86, "reader_calls": 1881}
{"pid": 161896, "unix_time": 1789266728.1555126, "status": "running", "stage": "finite", "response_id": "6304", "slot": 2, "slots_total": 86, "reader_calls": 1882}
{"pid": 161896, "unix_time": 1789266728.36061, "status": "running", "stage": "finite", "response_id": "6304", "slot": 3, "slots_total": 86, "reader_calls": 1883}
{"pid": 161896, "unix_time": 1789266728.5565877, "status": "running", "stage": "finite", "response_id": "6304", "slot": 4, "slots_total": 86, "reader_calls": 1884}
{"pid": 161896, "unix_time": 1789266728.739307, "status": "running", "stage": "finite", "response_id": "6304", "slot": 5, "slots_total": 86, "reader_calls": 1885}
{"pid": 161896, "unix_time": 1789266728.95361, "status": "running", "stage": "finite", "response_id": "6304", "slot": 6, "slots_total": 86, "reader_calls": 1886}
{"pid": 161896, "unix_time": 1789266729.1496017, "status": "running", "stage": "finite", "response_id": "6304", "slot": 7, "slots_total": 86, "reader_calls": 1887}
{"pid": 161896, "unix_time": 1789266729.3675349, "status": "running", "stage": "finite", "response_id": "6304", "slot": 8, "slots_total": 86, "reader_calls": 1888}
{"pid": 161896, "unix_time": 1789266729.5652268, "status": "running", "stage": "finite", "response_id": "6304", "slot": 9, "slots_total": 86, "reader_calls": 1889}
{"pid": 161896, "unix_time": 1789266729.77968, "status": "running", "stage": "finite", "response_id": "6304", "slot": 10, "slots_total": 86, "reader_calls": 1890}
{"pid": 161896, "unix_time": 1789266729.9784245, "status": "running", "stage": "finite", "response_id": "6304", "slot": 11, "slots_total": 86, "reader_calls": 1891}
{"pid": 161896, "unix_time": 1789266730.175369, "status": "running", "stage": "finite", "response_id": "6304", "slot": 12, "slots_total": 86, "reader_calls": 1892}
{"pid": 161896, "unix_time": 1789266730.376389, "status": "running", "stage": "finite", "response_id": "6304", "slot": 13, "slots_total": 86, "reader_calls": 1893}
{"pid": 161896, "unix_time": 1789266730.575221, "status": "running", "stage": "finite", "response_id": "6304", "slot": 14, "slots_total": 86, "reader_calls": 1894}
{"pid": 161896, "unix_time": 1789266730.7720048, "status": "running", "stage": "finite", "response_id": "6304", "slot": 15, "slots_total": 86, "reader_calls": 1895}
{"pid": 161896, "unix_time": 1789266730.9748185, "status": "running", "stage": "finite", "response_id": "6304", "slot": 16, "slots_total": 86, "reader_calls": 1896}
{"pid": 161896, "unix_time": 1789266731.1877313, "status": "running", "stage": "finite", "response_id": "6304", "slot": 17, "slots_total": 86, "reader_calls": 1897}
{"pid": 161896, "unix_time": 1789266731.3902173, "status": "running", "stage": "finite", "response_id": "6304", "slot": 18, "slots_total": 86, "reader_calls": 1898}
{"pid": 161896, "unix_time": 1789266731.5863585, "status": "running", "stage": "finite", "response_id": "6304", "slot": 19, "slots_total": 86, "reader_calls": 1899}
{"pid": 161896, "unix_time": 1789266731.7905731, "status": "running", "stage": "finite", "response_id": "6304", "slot": 20, "slots_total": 86, "reader_calls": 1900}
{"pid": 161896, "unix_time": 1789266732.0084927, "status": "running", "stage": "finite", "response_id": "6304", "slot": 21, "slots_total": 86, "reader_calls": 1901}
{"pid": 161896, "unix_time": 1789266732.2084372, "status": "running", "stage": "finite", "response_id": "6304", "slot": 22, "slots_total": 86, "reader_calls": 1902}
{"pid": 161896, "unix_time": 1789266732.4129806, "status": "running", "stage": "finite", "response_id": "6304", "slot": 23, "slots_total": 86, "reader_calls": 1903}
{"pid": 161896, "unix_time": 1789266732.623211, "status": "running", "stage": "finite", "response_id": "6304", "slot": 24, "slots_total": 86, "reader_calls": 1904}
{"pid": 161896, "unix_time": 1789266732.8260171, "status": "running", "stage": "finite", "response_id": "6304", "slot": 25, "slots_total": 86, "reader_calls": 1905}
{"pid": 161896, "unix_time": 1789266733.0235622, "status": "running", "stage": "finite", "response_id": "6304", "slot": 26, "slots_total": 86, "reader_calls": 1906}
{"pid": 161896, "unix_time": 1789266733.219692, "status": "running", "stage": "finite", "response_id": "6304", "slot": 27, "slots_total": 86, "reader_calls": 1907}
{"pid": 161896, "unix_time": 1789266733.4322705, "status": "running", "stage": "finite", "response_id": "6304", "slot": 28, "slots_total": 86, "reader_calls": 1908}
{"pid": 161896, "unix_time": 1789266733.6459177, "status": "running", "stage": "finite", "response_id": "6304", "slot": 29, "slots_total": 86, "reader_calls": 1909}
{"pid": 161896, "unix_time": 1789266733.8728688, "status": "running", "stage": "finite", "response_id": "6304", "slot": 30, "slots_total": 86, "reader_calls": 1910}
{"pid": 161896, "unix_time": 1789266734.0823703, "status": "running", "stage": "finite", "response_id": "6304", "slot": 31, "slots_total": 86, "reader_calls": 1911}
{"pid": 161896, "unix_time": 1789266734.2865689, "status": "running", "stage": "finite", "response_id": "6304", "slot": 32, "slots_total": 86, "reader_calls": 1912}
{"pid": 161896, "unix_time": 1789266734.5249019, "status": "running", "stage": "finite", "response_id": "6304", "slot": 33, "slots_total": 86, "reader_calls": 1913}
{"pid": 161896, "unix_time": 1789266734.7366922, "status": "running", "stage": "finite", "response_id": "6304", "slot": 34, "slots_total": 86, "reader_calls": 1914}
{"pid": 161896, "unix_time": 1789266734.948538, "status": "running", "stage": "finite", "response_id": "6304", "slot": 35, "slots_total": 86, "reader_calls": 1915}
{"pid": 161896, "unix_time": 1789266735.1596763, "status": "running", "stage": "finite", "response_id": "6304", "slot": 36, "slots_total": 86, "reader_calls": 1916}
{"pid": 161896, "unix_time": 1789266735.380494, "status": "running", "stage": "finite", "response_id": "6304", "slot": 37, "slots_total": 86, "reader_calls": 1917}
{"pid": 161896, "unix_time": 1789266735.6080847, "status": "running", "stage": "finite", "response_id": "6304", "slot": 38, "slots_total": 86, "reader_calls": 1918}
{"pid": 161896, "unix_time": 1789266735.8496876, "status": "running", "stage": "finite", "response_id": "6304", "slot": 39, "slots_total": 86, "reader_calls": 1919}
{"pid": 161896, "unix_time": 1789266736.0610843, "status": "running", "stage": "finite", "response_id": "6304", "slot": 40, "slots_total": 86, "reader_calls": 1920}
{"pid": 161896, "unix_time": 1789266736.2713933, "status": "running", "stage": "finite", "response_id": "6304", "slot": 41, "slots_total": 86, "reader_calls": 1921}
{"pid": 161896, "unix_time": 1789266736.4870062, "status": "running", "stage": "finite", "response_id": "6304", "slot": 42, "slots_total": 86, "reader_calls": 1922}
{"pid": 161896, "unix_time": 1789266736.6925392, "status": "running", "stage": "finite", "response_id": "6304", "slot": 43, "slots_total": 86, "reader_calls": 1923}
{"pid": 161896, "unix_time": 1789266736.8959148, "status": "running", "stage": "finite", "response_id": "6304", "slot": 44, "slots_total": 86, "reader_calls": 1924}
{"pid": 161896, "unix_time": 1789266737.130032, "status": "running", "stage": "finite", "response_id": "6304", "slot": 45, "slots_total": 86, "reader_calls": 1925}
{"pid": 161896, "unix_time": 1789266737.3492641, "status": "running", "stage": "finite", "response_id": "6304", "slot": 46, "slots_total": 86, "reader_calls": 1926}
{"pid": 161896, "unix_time": 1789266737.5697293, "status": "running", "stage": "finite", "response_id": "6304", "slot": 47, "slots_total": 86, "reader_calls": 1927}
{"pid": 161896, "unix_time": 1789266737.8085818, "status": "running", "stage": "finite", "response_id": "6304", "slot": 48, "slots_total": 86, "reader_calls": 1928}
{"pid": 161896, "unix_time": 1789266738.0257094, "status": "running", "stage": "finite", "response_id": "6304", "slot": 49, "slots_total": 86, "reader_calls": 1929}
{"pid": 161896, "unix_time": 1789266738.2546117, "status": "running", "stage": "finite", "response_id": "6304", "slot": 50, "slots_total": 86, "reader_calls": 1930}
{"pid": 161896, "unix_time": 1789266738.4704707, "status": "running", "stage": "finite", "response_id": "6304", "slot": 51, "slots_total": 86, "reader_calls": 1931}
{"pid": 161896, "unix_time": 1789266738.704237, "status": "running", "stage": "finite", "response_id": "6304", "slot": 52, "slots_total": 86, "reader_calls": 1932}
{"pid": 161896, "unix_time": 1789266738.9195497, "status": "running", "stage": "finite", "response_id": "6304", "slot": 53, "slots_total": 86, "reader_calls": 1933}
{"pid": 161896, "unix_time": 1789266739.1358516, "status": "running", "stage": "finite", "response_id": "6304", "slot": 54, "slots_total": 86, "reader_calls": 1934}
{"pid": 161896, "unix_time": 1789266739.3403885, "status": "running", "stage": "finite", "response_id": "6304", "slot": 55, "slots_total": 86, "reader_calls": 1935}
{"pid": 161896, "unix_time": 1789266739.5531883, "status": "running", "stage": "finite", "response_id": "6304", "slot": 56, "slots_total": 86, "reader_calls": 1936}
{"pid": 161896, "unix_time": 1789266739.7791777, "status": "running", "stage": "finite", "response_id": "6304", "slot": 57, "slots_total": 86, "reader_calls": 1937}
{"pid": 161896, "unix_time": 1789266739.9936595, "status": "running", "stage": "finite", "response_id": "6304", "slot": 58, "slots_total": 86, "reader_calls": 1938}
{"pid": 161896, "unix_time": 1789266740.2154353, "status": "running", "stage": "finite", "response_id": "6304", "slot": 59, "slots_total": 86, "reader_calls": 1939}
{"pid": 161896, "unix_time": 1789266740.4314816, "status": "running", "stage": "finite", "response_id": "6304", "slot": 60, "slots_total": 86, "reader_calls": 1940}
{"pid": 161896, "unix_time": 1789266740.6533859, "status": "running", "stage": "finite", "response_id": "6304", "slot": 61, "slots_total": 86, "reader_calls": 1941}
{"pid": 161896, "unix_time": 1789266740.8574815, "status": "running", "stage": "finite", "response_id": "6304", "slot": 62, "slots_total": 86, "reader_calls": 1942}
{"pid": 161896, "unix_time": 1789266741.0765948, "status": "running", "stage": "finite", "response_id": "6304", "slot": 63, "slots_total": 86, "reader_calls": 1943}
{"pid": 161896, "unix_time": 1789266741.290547, "status": "running", "stage": "finite", "response_id": "6304", "slot": 64, "slots_total": 86, "reader_calls": 1944}
{"pid": 161896, "unix_time": 1789266741.4994502, "status": "running", "stage": "finite", "response_id": "6304", "slot": 65, "slots_total": 86, "reader_calls": 1945}
{"pid": 161896, "unix_time": 1789266741.7159278, "status": "running", "stage": "finite", "response_id": "6304", "slot": 66, "slots_total": 86, "reader_calls": 1946}
{"pid": 161896, "unix_time": 1789266741.951658, "status": "running", "stage": "finite", "response_id": "6304", "slot": 67, "slots_total": 86, "reader_calls": 1947}
{"pid": 161896, "unix_time": 1789266742.1750333, "status": "running", "stage": "finite", "response_id": "6304", "slot": 68, "slots_total": 86, "reader_calls": 1948}
{"pid": 161896, "unix_time": 1789266742.39722, "status": "running", "stage": "finite", "response_id": "6304", "slot": 69, "slots_total": 86, "reader_calls": 1949}
{"pid": 161896, "unix_time": 1789266742.6106486, "status": "running", "stage": "finite", "response_id": "6304", "slot": 70, "slots_total": 86, "reader_calls": 1950}
{"pid": 161896, "unix_time": 1789266742.8450162, "status": "running", "stage": "finite", "response_id": "6304", "slot": 71, "slots_total": 86, "reader_calls": 1951}
{"pid": 161896, "unix_time": 1789266743.0843503, "status": "running", "stage": "finite", "response_id": "6304", "slot": 72, "slots_total": 86, "reader_calls": 1952}
{"pid": 161896, "unix_time": 1789266743.3044324, "status": "running", "stage": "finite", "response_id": "6304", "slot": 73, "slots_total": 86, "reader_calls": 1953}
{"pid": 161896, "unix_time": 1789266743.53776, "status": "running", "stage": "finite", "response_id": "6304", "slot": 74, "slots_total": 86, "reader_calls": 1954}
{"pid": 161896, "unix_time": 1789266743.7689576, "status": "running", "stage": "finite", "response_id": "6304", "slot": 75, "slots_total": 86, "reader_calls": 1955}
{"pid": 161896, "unix_time": 1789266744.0152638, "status": "running", "stage": "finite", "response_id": "6304", "slot": 76, "slots_total": 86, "reader_calls": 1956}
{"pid": 161896, "unix_time": 1789266744.238381, "status": "running", "stage": "finite", "response_id": "6304", "slot": 77, "slots_total": 86, "reader_calls": 1957}
{"pid": 161896, "unix_time": 1789266744.487361, "status": "running", "stage": "finite", "response_id": "6304", "slot": 78, "slots_total": 86, "reader_calls": 1958}
{"pid": 161896, "unix_time": 1789266744.7161381, "status": "running", "stage": "finite", "response_id": "6304", "slot": 79, "slots_total": 86, "reader_calls": 1959}
{"pid": 161896, "unix_time": 1789266744.9639323, "status": "running", "stage": "finite", "response_id": "6304", "slot": 80, "slots_total": 86, "reader_calls": 1960}
{"pid": 161896, "unix_time": 1789266745.1924272, "status": "running", "stage": "finite", "response_id": "6304", "slot": 81, "slots_total": 86, "reader_calls": 1961}
{"pid": 161896, "unix_time": 1789266745.417891, "status": "running", "stage": "finite", "response_id": "6304", "slot": 82, "slots_total": 86, "reader_calls": 1962}
{"pid": 161896, "unix_time": 1789266745.6340141, "status": "running", "stage": "finite", "response_id": "6304", "slot": 83, "slots_total": 86, "reader_calls": 1963}
{"pid": 161896, "unix_time": 1789266745.8894038, "status": "running", "stage": "finite", "response_id": "6304", "slot": 84, "slots_total": 86, "reader_calls": 1964}
{"pid": 161896, "unix_time": 1789266746.1161747, "status": "running", "stage": "finite", "response_id": "6304", "slot": 85, "slots_total": 86, "reader_calls": 1965}
{"pid": 161896, "unix_time": 1789266746.5206165, "status": "running", "stage": "finite", "response_id": "9274", "slot": 0, "slots_total": 45, "reader_calls": 1966}
{"pid": 161896, "unix_time": 1789266746.6861815, "status": "running", "stage": "finite", "response_id": "9274", "slot": 1, "slots_total": 45, "reader_calls": 1967}
{"pid": 161896, "unix_time": 1789266746.848402, "status": "running", "stage": "finite", "response_id": "9274", "slot": 2, "slots_total": 45, "reader_calls": 1968}
{"pid": 161896, "unix_time": 1789266747.0604532, "status": "running", "stage": "finite", "response_id": "9274", "slot": 3, "slots_total": 45, "reader_calls": 1969}
{"pid": 161896, "unix_time": 1789266747.2220552, "status": "running", "stage": "finite", "response_id": "9274", "slot": 4, "slots_total": 45, "reader_calls": 1970}
{"pid": 161896, "unix_time": 1789266747.4104135, "status": "running", "stage": "finite", "response_id": "9274", "slot": 5, "slots_total": 45, "reader_calls": 1971}
{"pid": 161896, "unix_time": 1789266747.5722468, "status": "running", "stage": "finite", "response_id": "9274", "slot": 6, "slots_total": 45, "reader_calls": 1972}
{"pid": 161896, "unix_time": 1789266747.7391574, "status": "running", "stage": "finite", "response_id": "9274", "slot": 7, "slots_total": 45, "reader_calls": 1973}
{"pid": 161896, "unix_time": 1789266747.9013371, "status": "running", "stage": "finite", "response_id": "9274", "slot": 8, "slots_total": 45, "reader_calls": 1974}
{"pid": 161896, "unix_time": 1789266748.0729508, "status": "running", "stage": "finite", "response_id": "9274", "slot": 9, "slots_total": 45, "reader_calls": 1975}
{"pid": 161896, "unix_time": 1789266748.2442224, "status": "running", "stage": "finite", "response_id": "9274", "slot": 10, "slots_total": 45, "reader_calls": 1976}
{"pid": 161896, "unix_time": 1789266748.4181423, "status": "running", "stage": "finite", "response_id": "9274", "slot": 11, "slots_total": 45, "reader_calls": 1977}
{"pid": 161896, "unix_time": 1789266748.5785487, "status": "running", "stage": "finite", "response_id": "9274", "slot": 12, "slots_total": 45, "reader_calls": 1978}
{"pid": 161896, "unix_time": 1789266748.7422295, "status": "running", "stage": "finite", "response_id": "9274", "slot": 13, "slots_total": 45, "reader_calls": 1979}
{"pid": 161896, "unix_time": 1789266748.9099011, "status": "running", "stage": "finite", "response_id": "9274", "slot": 14, "slots_total": 45, "reader_calls": 1980}
{"pid": 161896, "unix_time": 1789266749.0752769, "status": "running", "stage": "finite", "response_id": "9274", "slot": 15, "slots_total": 45, "reader_calls": 1981}
{"pid": 161896, "unix_time": 1789266749.2350175, "status": "running", "stage": "finite", "response_id": "9274", "slot": 16, "slots_total": 45, "reader_calls": 1982}
{"pid": 161896, "unix_time": 1789266749.397838, "status": "running", "stage": "finite", "response_id": "9274", "slot": 17, "slots_total": 45, "reader_calls": 1983}
{"pid": 161896, "unix_time": 1789266749.5550096, "status": "running", "stage": "finite", "response_id": "9274", "slot": 18, "slots_total": 45, "reader_calls": 1984}
{"pid": 161896, "unix_time": 1789266749.710544, "status": "running", "stage": "finite", "response_id": "9274", "slot": 19, "slots_total": 45, "reader_calls": 1985}
{"pid": 161896, "unix_time": 1789266749.864522, "status": "running", "stage": "finite", "response_id": "9274", "slot": 20, "slots_total": 45, "reader_calls": 1986}
{"pid": 161896, "unix_time": 1789266750.028291, "status": "running", "stage": "finite", "response_id": "9274", "slot": 21, "slots_total": 45, "reader_calls": 1987}
{"pid": 161896, "unix_time": 1789266750.187891, "status": "running", "stage": "finite", "response_id": "9274", "slot": 22, "slots_total": 45, "reader_calls": 1988}
{"pid": 161896, "unix_time": 1789266750.3432493, "status": "running", "stage": "finite", "response_id": "9274", "slot": 23, "slots_total": 45, "reader_calls": 1989}
{"pid": 161896, "unix_time": 1789266750.520452, "status": "running", "stage": "finite", "response_id": "9274", "slot": 24, "slots_total": 45, "reader_calls": 1990}
{"pid": 161896, "unix_time": 1789266750.6809673, "status": "running", "stage": "finite", "response_id": "9274", "slot": 25, "slots_total": 45, "reader_calls": 1991}
{"pid": 161896, "unix_time": 1789266750.8517292, "status": "running", "stage": "finite", "response_id": "9274", "slot": 26, "slots_total": 45, "reader_calls": 1992}
{"pid": 161896, "unix_time": 1789266751.0390718, "status": "running", "stage": "finite", "response_id": "9274", "slot": 27, "slots_total": 45, "reader_calls": 1993}
{"pid": 161896, "unix_time": 1789266751.204944, "status": "running", "stage": "finite", "response_id": "9274", "slot": 28, "slots_total": 45, "reader_calls": 1994}
{"pid": 161896, "unix_time": 1789266751.3709083, "status": "running", "stage": "finite", "response_id": "9274", "slot": 29, "slots_total": 45, "reader_calls": 1995}
{"pid": 161896, "unix_time": 1789266751.5585248, "status": "running", "stage": "finite", "response_id": "9274", "slot": 30, "slots_total": 45, "reader_calls": 1996}
{"pid": 161896, "unix_time": 1789266751.7308226, "status": "running", "stage": "finite", "response_id": "9274", "slot": 31, "slots_total": 45, "reader_calls": 1997}
{"pid": 161896, "unix_time": 1789266751.908758, "status": "running", "stage": "finite", "response_id": "9274", "slot": 32, "slots_total": 45, "reader_calls": 1998}
{"pid": 161896, "unix_time": 1789266752.088378, "status": "running", "stage": "finite", "response_id": "9274", "slot": 33, "slots_total": 45, "reader_calls": 1999}
{"pid": 161896, "unix_time": 1789266752.2643216, "status": "running", "stage": "finite", "response_id": "9274", "slot": 34, "slots_total": 45, "reader_calls": 2000}
{"pid": 161896, "unix_time": 1789266752.4379344, "status": "running", "stage": "finite", "response_id": "9274", "slot": 35, "slots_total": 45, "reader_calls": 2001}
{"pid": 161896, "unix_time": 1789266752.6136403, "status": "running", "stage": "finite", "response_id": "9274", "slot": 36, "slots_total": 45, "reader_calls": 2002}
{"pid": 161896, "unix_time": 1789266752.792338, "status": "running", "stage": "finite", "response_id": "9274", "slot": 37, "slots_total": 45, "reader_calls": 2003}
{"pid": 161896, "unix_time": 1789266752.9635952, "status": "running", "stage": "finite", "response_id": "9274", "slot": 38, "slots_total": 45, "reader_calls": 2004}
{"pid": 161896, "unix_time": 1789266753.1431892, "status": "running", "stage": "finite", "response_id": "9274", "slot": 39, "slots_total": 45, "reader_calls": 2005}
{"pid": 161896, "unix_time": 1789266753.3332663, "status": "running", "stage": "finite", "response_id": "9274", "slot": 40, "slots_total": 45, "reader_calls": 2006}
{"pid": 161896, "unix_time": 1789266753.5147529, "status": "running", "stage": "finite", "response_id": "9274", "slot": 41, "slots_total": 45, "reader_calls": 2007}
{"pid": 161896, "unix_time": 1789266753.6946905, "status": "running", "stage": "finite", "response_id": "9274", "slot": 42, "slots_total": 45, "reader_calls": 2008}
{"pid": 161896, "unix_time": 1789266753.8734546, "status": "running", "stage": "finite", "response_id": "9274", "slot": 43, "slots_total": 45, "reader_calls": 2009}
{"pid": 161896, "unix_time": 1789266754.0469625, "status": "running", "stage": "finite", "response_id": "9274", "slot": 44, "slots_total": 45, "reader_calls": 2010}
{"pid": 161896, "unix_time": 1789266754.3153076, "status": "running", "stage": "finite", "response_id": "6305", "slot": 0, "slots_total": 43, "reader_calls": 2011}
{"pid": 161896, "unix_time": 1789266754.5077868, "status": "running", "stage": "finite", "response_id": "6305", "slot": 1, "slots_total": 43, "reader_calls": 2012}
{"pid": 161896, "unix_time": 1789266754.698693, "status": "running", "stage": "finite", "response_id": "6305", "slot": 2, "slots_total": 43, "reader_calls": 2013}
{"pid": 161896, "unix_time": 1789266754.9239323, "status": "running", "stage": "finite", "response_id": "6305", "slot": 3, "slots_total": 43, "reader_calls": 2014}
{"pid": 161896, "unix_time": 1789266755.1242905, "status": "running", "stage": "finite", "response_id": "6305", "slot": 4, "slots_total": 43, "reader_calls": 2015}
{"pid": 161896, "unix_time": 1789266755.317988, "status": "running", "stage": "finite", "response_id": "6305", "slot": 5, "slots_total": 43, "reader_calls": 2016}
{"pid": 161896, "unix_time": 1789266755.509661, "status": "running", "stage": "finite", "response_id": "6305", "slot": 6, "slots_total": 43, "reader_calls": 2017}
{"pid": 161896, "unix_time": 1789266755.706001, "status": "running", "stage": "finite", "response_id": "6305", "slot": 7, "slots_total": 43, "reader_calls": 2018}
{"pid": 161896, "unix_time": 1789266757.5580757, "status": "running", "stage": "finite", "response_id": "6305", "slot": 8, "slots_total": 43, "reader_calls": 2027}
{"pid": 161896, "unix_time": 1789266757.7535279, "status": "running", "stage": "finite", "response_id": "6305", "slot": 9, "slots_total": 43, "reader_calls": 2028}
{"pid": 161896, "unix_time": 1789266757.9518433, "status": "running", "stage": "finite", "response_id": "6305", "slot": 10, "slots_total": 43, "reader_calls": 2029}
{"pid": 161896, "unix_time": 1789266758.1425056, "status": "running", "stage": "finite", "response_id": "6305", "slot": 11, "slots_total": 43, "reader_calls": 2030}
{"pid": 161896, "unix_time": 1789266758.3289418, "status": "running", "stage": "finite", "response_id": "6305", "slot": 12, "slots_total": 43, "reader_calls": 2031}
{"pid": 161896, "unix_time": 1789266758.5112433, "status": "running", "stage": "finite", "response_id": "6305", "slot": 13, "slots_total": 43, "reader_calls": 2032}
{"pid": 161896, "unix_time": 1789266758.6934621, "status": "running", "stage": "finite", "response_id": "6305", "slot": 14, "slots_total": 43, "reader_calls": 2033}
{"pid": 161896, "unix_time": 1789266758.8805633, "status": "running", "stage": "finite", "response_id": "6305", "slot": 15, "slots_total": 43, "reader_calls": 2034}
{"pid": 161896, "unix_time": 1789266759.0743828, "status": "running", "stage": "finite", "response_id": "6305", "slot": 16, "slots_total": 43, "reader_calls": 2035}
{"pid": 161896, "unix_time": 1789266759.2606144, "status": "running", "stage": "finite", "response_id": "6305", "slot": 17, "slots_total": 43, "reader_calls": 2036}
{"pid": 161896, "unix_time": 1789266759.4446003, "status": "running", "stage": "finite", "response_id": "6305", "slot": 18, "slots_total": 43, "reader_calls": 2037}
{"pid": 161896, "unix_time": 1789266759.6300998, "status": "running", "stage": "finite", "response_id": "6305", "slot": 19, "slots_total": 43, "reader_calls": 2038}
{"pid": 161896, "unix_time": 1789266759.8267872, "status": "running", "stage": "finite", "response_id": "6305", "slot": 20, "slots_total": 43, "reader_calls": 2039}
{"pid": 161896, "unix_time": 1789266760.017861, "status": "running", "stage": "finite", "response_id": "6305", "slot": 21, "slots_total": 43, "reader_calls": 2040}
{"pid": 161896, "unix_time": 1789266760.1986434, "status": "running", "stage": "finite", "response_id": "6305", "slot": 22, "slots_total": 43, "reader_calls": 2041}
{"pid": 161896, "unix_time": 1789266760.3953109, "status": "running", "stage": "finite", "response_id": "6305", "slot": 23, "slots_total": 43, "reader_calls": 2042}
{"pid": 161896, "unix_time": 1789266760.5872822, "status": "running", "stage": "finite", "response_id": "6305", "slot": 24, "slots_total": 43, "reader_calls": 2043}
{"pid": 161896, "unix_time": 1789266760.765889, "status": "running", "stage": "finite", "response_id": "6305", "slot": 25, "slots_total": 43, "reader_calls": 2044}
{"pid": 161896, "unix_time": 1789266760.9693766, "status": "running", "stage": "finite", "response_id": "6305", "slot": 26, "slots_total": 43, "reader_calls": 2045}
{"pid": 161896, "unix_time": 1789266761.1627522, "status": "running", "stage": "finite", "response_id": "6305", "slot": 27, "slots_total": 43, "reader_calls": 2046}
{"pid": 161896, "unix_time": 1789266761.3569176, "status": "running", "stage": "finite", "response_id": "6305", "slot": 28, "slots_total": 43, "reader_calls": 2047}
{"pid": 161896, "unix_time": 1789266761.553911, "status": "running", "stage": "finite", "response_id": "6305", "slot": 29, "slots_total": 43, "reader_calls": 2048}
{"pid": 161896, "unix_time": 1789266761.7506225, "status": "running", "stage": "finite", "response_id": "6305", "slot": 30, "slots_total": 43, "reader_calls": 2049}
{"pid": 161896, "unix_time": 1789266761.9426978, "status": "running", "stage": "finite", "response_id": "6305", "slot": 31, "slots_total": 43, "reader_calls": 2050}
{"pid": 161896, "unix_time": 1789266762.1346846, "status": "running", "stage": "finite", "response_id": "6305", "slot": 32, "slots_total": 43, "reader_calls": 2051}
{"pid": 161896, "unix_time": 1789266762.328478, "status": "running", "stage": "finite", "response_id": "6305", "slot": 33, "slots_total": 43, "reader_calls": 2052}
{"pid": 161896, "unix_time": 1789266762.5215447, "status": "running", "stage": "finite", "response_id": "6305", "slot": 34, "slots_total": 43, "reader_calls": 2053}
{"pid": 161896, "unix_time": 1789266762.716087, "status": "running", "stage": "finite", "response_id": "6305", "slot": 35, "slots_total": 43, "reader_calls": 2054}
{"pid": 161896, "unix_time": 1789266762.9208927, "status": "running", "stage": "finite", "response_id": "6305", "slot": 36, "slots_total": 43, "reader_calls": 2055}
{"pid": 161896, "unix_time": 1789266763.1250238, "status": "running", "stage": "finite", "response_id": "6305", "slot": 37, "slots_total": 43, "reader_calls": 2056}
{"pid": 161896, "unix_time": 1789266763.3263457, "status": "running", "stage": "finite", "response_id": "6305", "slot": 38, "slots_total": 43, "reader_calls": 2057}
{"pid": 161896, "unix_time": 1789266763.5302408, "status": "running", "stage": "finite", "response_id": "6305", "slot": 39, "slots_total": 43, "reader_calls": 2058}
{"pid": 161896, "unix_time": 1789266763.7326384, "status": "running", "stage": "finite", "response_id": "6305", "slot": 40, "slots_total": 43, "reader_calls": 2059}
{"pid": 161896, "unix_time": 1789266763.936406, "status": "running", "stage": "finite", "response_id": "6305", "slot": 41, "slots_total": 43, "reader_calls": 2060}
{"pid": 161896, "unix_time": 1789266764.1417975, "status": "running", "stage": "finite", "response_id": "6305", "slot": 42, "slots_total": 43, "reader_calls": 2061}
{"pid": 161896, "unix_time": 1789266764.4174469, "status": "running", "stage": "finite", "response_id": "9275", "slot": 0, "slots_total": 47, "reader_calls": 2062}
{"pid": 161896, "unix_time": 1789266764.5699995, "status": "running", "stage": "finite", "response_id": "9275", "slot": 1, "slots_total": 47, "reader_calls": 2063}
{"pid": 161896, "unix_time": 1789266764.7214825, "status": "running", "stage": "finite", "response_id": "9275", "slot": 2, "slots_total": 47, "reader_calls": 2064}
{"pid": 161896, "unix_time": 1789266764.876602, "status": "running", "stage": "finite", "response_id": "9275", "slot": 3, "slots_total": 47, "reader_calls": 2065}
{"pid": 161896, "unix_time": 1789266765.0683646, "status": "running", "stage": "finite", "response_id": "9275", "slot": 4, "slots_total": 47, "reader_calls": 2066}
{"pid": 161896, "unix_time": 1789266765.2269824, "status": "running", "stage": "finite", "response_id": "9275", "slot": 5, "slots_total": 47, "reader_calls": 2067}
{"pid": 161896, "unix_time": 1789266765.3850458, "status": "running", "stage": "finite", "response_id": "9275", "slot": 6, "slots_total": 47, "reader_calls": 2068}
{"pid": 161896, "unix_time": 1789266766.9407513, "status": "running", "stage": "finite", "response_id": "9275", "slot": 7, "slots_total": 47, "reader_calls": 2077}
{"pid": 161896, "unix_time": 1789266767.866444, "status": "running", "stage": "finite", "response_id": "9275", "slot": 8, "slots_total": 47, "reader_calls": 2082}
{"pid": 161896, "unix_time": 1789266768.0217729, "status": "running", "stage": "finite", "response_id": "9275", "slot": 9, "slots_total": 47, "reader_calls": 2083}
{"pid": 161896, "unix_time": 1789266768.1773303, "status": "running", "stage": "finite", "response_id": "9275", "slot": 10, "slots_total": 47, "reader_calls": 2084}
{"pid": 161896, "unix_time": 1789266768.3310447, "status": "running", "stage": "finite", "response_id": "9275", "slot": 11, "slots_total": 47, "reader_calls": 2085}
{"pid": 161896, "unix_time": 1789266768.482945, "status": "running", "stage": "finite", "response_id": "9275", "slot": 12, "slots_total": 47, "reader_calls": 2086}
{"pid": 161896, "unix_time": 1789266768.6368139, "status": "running", "stage": "finite", "response_id": "9275", "slot": 13, "slots_total": 47, "reader_calls": 2087}
{"pid": 161896, "unix_time": 1789266768.789502, "status": "running", "stage": "finite", "response_id": "9275", "slot": 14, "slots_total": 47, "reader_calls": 2088}
{"pid": 161896, "unix_time": 1789266768.942524, "status": "running", "stage": "finite", "response_id": "9275", "slot": 15, "slots_total": 47, "reader_calls": 2089}
{"pid": 161896, "unix_time": 1789266769.096933, "status": "running", "stage": "finite", "response_id": "9275", "slot": 16, "slots_total": 47, "reader_calls": 2090}
{"pid": 161896, "unix_time": 1789266769.2538035, "status": "running", "stage": "finite", "response_id": "9275", "slot": 17, "slots_total": 47, "reader_calls": 2091}
{"pid": 161896, "unix_time": 1789266769.4263926, "status": "running", "stage": "finite", "response_id": "9275", "slot": 18, "slots_total": 47, "reader_calls": 2092}
{"pid": 161896, "unix_time": 1789266769.5838187, "status": "running", "stage": "finite", "response_id": "9275", "slot": 19, "slots_total": 47, "reader_calls": 2093}
{"pid": 161896, "unix_time": 1789266769.7743595, "status": "running", "stage": "finite", "response_id": "9275", "slot": 20, "slots_total": 47, "reader_calls": 2094}
{"pid": 161896, "unix_time": 1789266769.9366112, "status": "running", "stage": "finite", "response_id": "9275", "slot": 21, "slots_total": 47, "reader_calls": 2095}
{"pid": 161896, "unix_time": 1789266770.1045194, "status": "running", "stage": "finite", "response_id": "9275", "slot": 22, "slots_total": 47, "reader_calls": 2096}
{"pid": 161896, "unix_time": 1789266770.2717037, "status": "running", "stage": "finite", "response_id": "9275", "slot": 23, "slots_total": 47, "reader_calls": 2097}
{"pid": 161896, "unix_time": 1789266770.4357538, "status": "running", "stage": "finite", "response_id": "9275", "slot": 24, "slots_total": 47, "reader_calls": 2098}
{"pid": 161896, "unix_time": 1789266770.6022806, "status": "running", "stage": "finite", "response_id": "9275", "slot": 25, "slots_total": 47, "reader_calls": 2099}
{"pid": 161896, "unix_time": 1789266770.7607367, "status": "running", "stage": "finite", "response_id": "9275", "slot": 26, "slots_total": 47, "reader_calls": 2100}
{"pid": 161896, "unix_time": 1789266770.930766, "status": "running", "stage": "finite", "response_id": "9275", "slot": 27, "slots_total": 47, "reader_calls": 2101}
{"pid": 161896, "unix_time": 1789266771.0971334, "status": "running", "stage": "finite", "response_id": "9275", "slot": 28, "slots_total": 47, "reader_calls": 2102}
{"pid": 161896, "unix_time": 1789266771.2606094, "status": "running", "stage": "finite", "response_id": "9275", "slot": 29, "slots_total": 47, "reader_calls": 2103}
{"pid": 161896, "unix_time": 1789266771.4268775, "status": "running", "stage": "finite", "response_id": "9275", "slot": 30, "slots_total": 47, "reader_calls": 2104}
{"pid": 161896, "unix_time": 1789266771.5901465, "status": "running", "stage": "finite", "response_id": "9275", "slot": 31, "slots_total": 47, "reader_calls": 2105}
{"pid": 161896, "unix_time": 1789266771.7545104, "status": "running", "stage": "finite", "response_id": "9275", "slot": 32, "slots_total": 47, "reader_calls": 2106}
{"pid": 161896, "unix_time": 1789266771.93292, "status": "running", "stage": "finite", "response_id": "9275", "slot": 33, "slots_total": 47, "reader_calls": 2107}
{"pid": 161896, "unix_time": 1789266772.1062775, "status": "running", "stage": "finite", "response_id": "9275", "slot": 34, "slots_total": 47, "reader_calls": 2108}
{"pid": 161896, "unix_time": 1789266772.2793474, "status": "running", "stage": "finite", "response_id": "9275", "slot": 35, "slots_total": 47, "reader_calls": 2109}
{"pid": 161896, "unix_time": 1789266772.4662933, "status": "running", "stage": "finite", "response_id": "9275", "slot": 36, "slots_total": 47, "reader_calls": 2110}
{"pid": 161896, "unix_time": 1789266772.6424358, "status": "running", "stage": "finite", "response_id": "9275", "slot": 37, "slots_total": 47, "reader_calls": 2111}
{"pid": 161896, "unix_time": 1789266772.818412, "status": "running", "stage": "finite", "response_id": "9275", "slot": 38, "slots_total": 47, "reader_calls": 2112}
{"pid": 161896, "unix_time": 1789266772.997701, "status": "running", "stage": "finite", "response_id": "9275", "slot": 39, "slots_total": 47, "reader_calls": 2113}
{"pid": 161896, "unix_time": 1789266773.1825464, "status": "running", "stage": "finite", "response_id": "9275", "slot": 40, "slots_total": 47, "reader_calls": 2114}
{"pid": 161896, "unix_time": 1789266773.3665566, "status": "running", "stage": "finite", "response_id": "9275", "slot": 41, "slots_total": 47, "reader_calls": 2115}
{"pid": 161896, "unix_time": 1789266773.5486255, "status": "running", "stage": "finite", "response_id": "9275", "slot": 42, "slots_total": 47, "reader_calls": 2116}
{"pid": 161896, "unix_time": 1789266773.7355392, "status": "running", "stage": "finite", "response_id": "9275", "slot": 43, "slots_total": 47, "reader_calls": 2117}
{"pid": 161896, "unix_time": 1789266773.9379003, "status": "running", "stage": "finite", "response_id": "9275", "slot": 44, "slots_total": 47, "reader_calls": 2118}
{"pid": 161896, "unix_time": 1789266774.1225142, "status": "running", "stage": "finite", "response_id": "9275", "slot": 45, "slots_total": 47, "reader_calls": 2119}
{"pid": 161896, "unix_time": 1789266774.3087401, "status": "running", "stage": "finite", "response_id": "9275", "slot": 46, "slots_total": 47, "reader_calls": 2120}
{"pid": 161896, "unix_time": 1789266774.5885189, "status": "running", "stage": "finite", "response_id": "6302", "slot": 0, "slots_total": 40, "reader_calls": 2121}
{"pid": 161896, "unix_time": 1789266774.7712605, "status": "running", "stage": "finite", "response_id": "6302", "slot": 1, "slots_total": 40, "reader_calls": 2122}
{"pid": 161896, "unix_time": 1789266774.949649, "status": "running", "stage": "finite", "response_id": "6302", "slot": 2, "slots_total": 40, "reader_calls": 2123}
{"pid": 161896, "unix_time": 1789266775.1280694, "status": "running", "stage": "finite", "response_id": "6302", "slot": 3, "slots_total": 40, "reader_calls": 2124}
{"pid": 161896, "unix_time": 1789266775.3065176, "status": "running", "stage": "finite", "response_id": "6302", "slot": 4, "slots_total": 40, "reader_calls": 2125}
{"pid": 161896, "unix_time": 1789266775.4892623, "status": "running", "stage": "finite", "response_id": "6302", "slot": 5, "slots_total": 40, "reader_calls": 2126}
{"pid": 161896, "unix_time": 1789266775.6705005, "status": "running", "stage": "finite", "response_id": "6302", "slot": 6, "slots_total": 40, "reader_calls": 2127}
{"pid": 161896, "unix_time": 1789266775.8586006, "status": "running", "stage": "finite", "response_id": "6302", "slot": 7, "slots_total": 40, "reader_calls": 2128}
{"pid": 161896, "unix_time": 1789266776.0497618, "status": "running", "stage": "finite", "response_id": "6302", "slot": 8, "slots_total": 40, "reader_calls": 2129}
{"pid": 161896, "unix_time": 1789266776.2550073, "status": "running", "stage": "finite", "response_id": "6302", "slot": 9, "slots_total": 40, "reader_calls": 2130}
{"pid": 161896, "unix_time": 1789266776.4513597, "status": "running", "stage": "finite", "response_id": "6302", "slot": 10, "slots_total": 40, "reader_calls": 2131}
{"pid": 161896, "unix_time": 1789266776.6428068, "status": "running", "stage": "finite", "response_id": "6302", "slot": 11, "slots_total": 40, "reader_calls": 2132}
{"pid": 161896, "unix_time": 1789266776.832493, "status": "running", "stage": "finite", "response_id": "6302", "slot": 12, "slots_total": 40, "reader_calls": 2133}
{"pid": 161896, "unix_time": 1789266777.0227304, "status": "running", "stage": "finite", "response_id": "6302", "slot": 13, "slots_total": 40, "reader_calls": 2134}
{"pid": 161896, "unix_time": 1789266777.2178588, "status": "running", "stage": "finite", "response_id": "6302", "slot": 14, "slots_total": 40, "reader_calls": 2135}
{"pid": 161896, "unix_time": 1789266777.4392867, "status": "running", "stage": "finite", "response_id": "6302", "slot": 15, "slots_total": 40, "reader_calls": 2136}
{"pid": 161896, "unix_time": 1789266777.6356888, "status": "running", "stage": "finite", "response_id": "6302", "slot": 16, "slots_total": 40, "reader_calls": 2137}
{"pid": 161896, "unix_time": 1789266777.8271377, "status": "running", "stage": "finite", "response_id": "6302", "slot": 17, "slots_total": 40, "reader_calls": 2138}
{"pid": 161896, "unix_time": 1789266778.018291, "status": "running", "stage": "finite", "response_id": "6302", "slot": 18, "slots_total": 40, "reader_calls": 2139}
{"pid": 161896, "unix_time": 1789266778.2104552, "status": "running", "stage": "finite", "response_id": "6302", "slot": 19, "slots_total": 40, "reader_calls": 2140}
{"pid": 161896, "unix_time": 1789266778.4081466, "status": "running", "stage": "finite", "response_id": "6302", "slot": 20, "slots_total": 40, "reader_calls": 2141}
{"pid": 161896, "unix_time": 1789266778.6071215, "status": "running", "stage": "finite", "response_id": "6302", "slot": 21, "slots_total": 40, "reader_calls": 2142}
{"pid": 161896, "unix_time": 1789266778.8050838, "status": "running", "stage": "finite", "response_id": "6302", "slot": 22, "slots_total": 40, "reader_calls": 2143}
{"pid": 161896, "unix_time": 1789266779.0006387, "status": "running", "stage": "finite", "response_id": "6302", "slot": 23, "slots_total": 40, "reader_calls": 2144}
{"pid": 161896, "unix_time": 1789266779.1990762, "status": "running", "stage": "finite", "response_id": "6302", "slot": 24, "slots_total": 40, "reader_calls": 2145}
{"pid": 161896, "unix_time": 1789266779.4041317, "status": "running", "stage": "finite", "response_id": "6302", "slot": 25, "slots_total": 40, "reader_calls": 2146}
{"pid": 161896, "unix_time": 1789266779.6245284, "status": "running", "stage": "finite", "response_id": "6302", "slot": 26, "slots_total": 40, "reader_calls": 2147}
{"pid": 161896, "unix_time": 1789266779.8222961, "status": "running", "stage": "finite", "response_id": "6302", "slot": 27, "slots_total": 40, "reader_calls": 2148}
{"pid": 161896, "unix_time": 1789266780.0164185, "status": "running", "stage": "finite", "response_id": "6302", "slot": 28, "slots_total": 40, "reader_calls": 2149}
{"pid": 161896, "unix_time": 1789266780.214713, "status": "running", "stage": "finite", "response_id": "6302", "slot": 29, "slots_total": 40, "reader_calls": 2150}
{"pid": 161896, "unix_time": 1789266780.4092863, "status": "running", "stage": "finite", "response_id": "6302", "slot": 30, "slots_total": 40, "reader_calls": 2151}
{"pid": 161896, "unix_time": 1789266780.6039097, "status": "running", "stage": "finite", "response_id": "6302", "slot": 31, "slots_total": 40, "reader_calls": 2152}
{"pid": 161896, "unix_time": 1789266780.7985651, "status": "running", "stage": "finite", "response_id": "6302", "slot": 32, "slots_total": 40, "reader_calls": 2153}
{"pid": 161896, "unix_time": 1789266780.990023, "status": "running", "stage": "finite", "response_id": "6302", "slot": 33, "slots_total": 40, "reader_calls": 2154}
{"pid": 161896, "unix_time": 1789266781.1822479, "status": "running", "stage": "finite", "response_id": "6302", "slot": 34, "slots_total": 40, "reader_calls": 2155}
{"pid": 161896, "unix_time": 1789266781.373774, "status": "running", "stage": "finite", "response_id": "6302", "slot": 35, "slots_total": 40, "reader_calls": 2156}
{"pid": 161896, "unix_time": 1789266781.5683508, "status": "running", "stage": "finite", "response_id": "6302", "slot": 36, "slots_total": 40, "reader_calls": 2157}
{"pid": 161896, "unix_time": 1789266781.7643433, "status": "running", "stage": "finite", "response_id": "6302", "slot": 37, "slots_total": 40, "reader_calls": 2158}
{"pid": 161896, "unix_time": 1789266781.9607728, "status": "running", "stage": "finite", "response_id": "6302", "slot": 38, "slots_total": 40, "reader_calls": 2159}
{"pid": 161896, "unix_time": 1789266782.156735, "status": "running", "stage": "finite", "response_id": "6302", "slot": 39, "slots_total": 40, "reader_calls": 2160}
{"pid": 161896, "unix_time": 1789266782.4287734, "status": "running", "stage": "finite", "response_id": "9272", "slot": 0, "slots_total": 38, "reader_calls": 2161}
{"pid": 161896, "unix_time": 1789266782.5755415, "status": "running", "stage": "finite", "response_id": "9272", "slot": 1, "slots_total": 38, "reader_calls": 2162}
{"pid": 161896, "unix_time": 1789266782.7243094, "status": "running", "stage": "finite", "response_id": "9272", "slot": 2, "slots_total": 38, "reader_calls": 2163}
{"pid": 161896, "unix_time": 1789266782.8734035, "status": "running", "stage": "finite", "response_id": "9272", "slot": 3, "slots_total": 38, "reader_calls": 2164}
{"pid": 161896, "unix_time": 1789266783.0253909, "status": "running", "stage": "finite", "response_id": "9272", "slot": 4, "slots_total": 38, "reader_calls": 2165}
{"pid": 161896, "unix_time": 1789266783.180824, "status": "running", "stage": "finite", "response_id": "9272", "slot": 5, "slots_total": 38, "reader_calls": 2166}
{"pid": 161896, "unix_time": 1789266783.3385904, "status": "running", "stage": "finite", "response_id": "9272", "slot": 6, "slots_total": 38, "reader_calls": 2167}
{"pid": 161896, "unix_time": 1789266783.4969554, "status": "running", "stage": "finite", "response_id": "9272", "slot": 7, "slots_total": 38, "reader_calls": 2168}
{"pid": 161896, "unix_time": 1789266783.654512, "status": "running", "stage": "finite", "response_id": "9272", "slot": 8, "slots_total": 38, "reader_calls": 2169}
{"pid": 161896, "unix_time": 1789266783.8125768, "status": "running", "stage": "finite", "response_id": "9272", "slot": 9, "slots_total": 38, "reader_calls": 2170}
{"pid": 161896, "unix_time": 1789266783.9673522, "status": "running", "stage": "finite", "response_id": "9272", "slot": 10, "slots_total": 38, "reader_calls": 2171}
{"pid": 161896, "unix_time": 1789266784.1195416, "status": "running", "stage": "finite", "response_id": "9272", "slot": 11, "slots_total": 38, "reader_calls": 2172}
{"pid": 161896, "unix_time": 1789266784.271494, "status": "running", "stage": "finite", "response_id": "9272", "slot": 12, "slots_total": 38, "reader_calls": 2173}
{"pid": 161896, "unix_time": 1789266784.4539258, "status": "running", "stage": "finite", "response_id": "9272", "slot": 13, "slots_total": 38, "reader_calls": 2174}
{"pid": 161896, "unix_time": 1789266784.6175199, "status": "running", "stage": "finite", "response_id": "9272", "slot": 14, "slots_total": 38, "reader_calls": 2175}
{"pid": 161896, "unix_time": 1789266784.7802777, "status": "running", "stage": "finite", "response_id": "9272", "slot": 15, "slots_total": 38, "reader_calls": 2176}
{"pid": 161896, "unix_time": 1789266784.93784, "status": "running", "stage": "finite", "response_id": "9272", "slot": 16, "slots_total": 38, "reader_calls": 2177}
{"pid": 161896, "unix_time": 1789266785.100396, "status": "running", "stage": "finite", "response_id": "9272", "slot": 17, "slots_total": 38, "reader_calls": 2178}
{"pid": 161896, "unix_time": 1789266785.2590506, "status": "running", "stage": "finite", "response_id": "9272", "slot": 18, "slots_total": 38, "reader_calls": 2179}
{"pid": 161896, "unix_time": 1789266785.4165857, "status": "running", "stage": "finite", "response_id": "9272", "slot": 19, "slots_total": 38, "reader_calls": 2180}
{"pid": 161896, "unix_time": 1789266785.5869992, "status": "running", "stage": "finite", "response_id": "9272", "slot": 20, "slots_total": 38, "reader_calls": 2181}
{"pid": 161896, "unix_time": 1789266785.744801, "status": "running", "stage": "finite", "response_id": "9272", "slot": 21, "slots_total": 38, "reader_calls": 2182}
{"pid": 161896, "unix_time": 1789266785.903773, "status": "running", "stage": "finite", "response_id": "9272", "slot": 22, "slots_total": 38, "reader_calls": 2183}
{"pid": 161896, "unix_time": 1789266786.0843198, "status": "running", "stage": "finite", "response_id": "9272", "slot": 23, "slots_total": 38, "reader_calls": 2184}
{"pid": 161896, "unix_time": 1789266786.252057, "status": "running", "stage": "finite", "response_id": "9272", "slot": 24, "slots_total": 38, "reader_calls": 2185}
{"pid": 161896, "unix_time": 1789266786.4126399, "status": "running", "stage": "finite", "response_id": "9272", "slot": 25, "slots_total": 38, "reader_calls": 2186}
{"pid": 161896, "unix_time": 1789266786.5835803, "status": "running", "stage": "finite", "response_id": "9272", "slot": 26, "slots_total": 38, "reader_calls": 2187}
{"pid": 161896, "unix_time": 1789266786.7537882, "status": "running", "stage": "finite", "response_id": "9272", "slot": 27, "slots_total": 38, "reader_calls": 2188}
{"pid": 161896, "unix_time": 1789266786.93087, "status": "running", "stage": "finite", "response_id": "9272", "slot": 28, "slots_total": 38, "reader_calls": 2189}
{"pid": 161896, "unix_time": 1789266787.1031532, "status": "running", "stage": "finite", "response_id": "9272", "slot": 29, "slots_total": 38, "reader_calls": 2190}
{"pid": 161896, "unix_time": 1789266787.2737348, "status": "running", "stage": "finite", "response_id": "9272", "slot": 30, "slots_total": 38, "reader_calls": 2191}
{"pid": 161896, "unix_time": 1789266787.4470727, "status": "running", "stage": "finite", "response_id": "9272", "slot": 31, "slots_total": 38, "reader_calls": 2192}
{"pid": 161896, "unix_time": 1789266787.6201334, "status": "running", "stage": "finite", "response_id": "9272", "slot": 32, "slots_total": 38, "reader_calls": 2193}
{"pid": 161896, "unix_time": 1789266787.788666, "status": "running", "stage": "finite", "response_id": "9272", "slot": 33, "slots_total": 38, "reader_calls": 2194}
{"pid": 161896, "unix_time": 1789266787.9597914, "status": "running", "stage": "finite", "response_id": "9272", "slot": 34, "slots_total": 38, "reader_calls": 2195}
{"pid": 161896, "unix_time": 1789266788.1304832, "status": "running", "stage": "finite", "response_id": "9272", "slot": 35, "slots_total": 38, "reader_calls": 2196}
{"pid": 161896, "unix_time": 1789266788.2990184, "status": "running", "stage": "finite", "response_id": "9272", "slot": 36, "slots_total": 38, "reader_calls": 2197}
{"pid": 161896, "unix_time": 1789266788.4820664, "status": "running", "stage": "finite", "response_id": "9272", "slot": 37, "slots_total": 38, "reader_calls": 2198}
{"pid": 161896, "unix_time": 1789266789.0511725, "status": "phase_complete", "stage": "finite"}
{"pid": 161896, "unix_time": 1789266789.0795453, "status": "complete", "stage": "all", "native_forward_calls": 0, "labels_evaluated": false}
