step,layer,shift,revisit,dispersion,disagreement,effective_rank
0,0,,,6.917927946029349,0.9951903312565511,3.7809284860373156
0,1,,,7.456760866589978,0.7737185383110514,3.372595919378109
0,2,,,7.313278424388875,0.7093240089928017,3.2065312106174355
0,3,,,7.118093886776275,0.7680884853721777,3.3396615444892688
0,4,,,6.735678732397225,0.7847258931951391,3.3738744067164466
0,5,,,6.376957712035782,0.8377547874086657,3.4973217621937795
0,6,,,6.517081489641253,0.763424619324848,3.238549514806215
0,7,,,6.049080477353435,0.6145277279018906,2.686608631141238
0,8,,,5.579289234997837,0.6411024164904813,2.666049171204189
0,9,,,5.757423903498314,0.8023971849766349,3.238284221220757
0,10,,,5.425411870606956,0.8138064362351187,3.3305140957857042
0,11,,,5.693811508410249,0.5939566288833209,2.609084855738817
0,12,,,5.336174817446985,0.4400849048142712,2.1299148350662565
0,13,,,5.641101077646544,0.5239261487927891,2.4741626766112104
0,14,,,5.767084499867652,0.74861450839854,3.0678403877591474
0,15,,,5.813101229475326,0.9853399151556586,3.866175069375446
0,16,,,5.855097731303875,0.8852839366135212,3.5052462410136513
0,17,,,6.241801782542659,0.8987114785628787,3.690676127567744
0,18,,,6.825994320444795,0.6849446480674892,3.015134045989243
0,19,,,7.198622214901608,0.6994994915742803,3.0683782233345913
0,20,,,7.072110261794075,0.7699601068111672,3.329932448807399
0,21,,,6.654908709491532,0.9451886926450896,3.961156594554642
0,22,,,6.695148751684857,0.9740090462876845,3.989772044646026
0,23,,,7.105445637811403,0.8525765384112942,3.5409261724289243
0,24,,,6.880808216523629,0.9713070999616136,3.919569278547795
0,25,,,6.45488657437309,1.334507095199596,5.342231182101052
0,26,,,6.442077904840431,1.0297444481408418,4.0427796969081395
0,27,,,6.7326229792306425,1.0731516551613005,4.16848354928949
0,28,,,6.615408290995486,1.1432682174322606,4.800509158377485
0,29,,,7.1131766314019576,0.897395839577614,3.596314027916962
0,30,,,6.77246691055791,0.9952176601056903,4.029621599715685
0,31,,,6.942588721978881,1.062385325200081,4.43363749855163
1,0,35.925682765686986,,7.209323596964418,0.8141889057779048,3.124340399748516
1,1,18.932393168857736,,7.428139648462082,0.7737797169706724,3.4092598826147458
1,2,28.959671053024877,,7.204779601317551,0.8197043458884394,3.5599325522282457
1,3,27.156114562317054,,7.48419271900873,0.5959159878320044,2.794663037654923
1,4,27.469322089828104,,6.904391604913932,0.7685315348165256,3.3723561900804726
1,5,45.740440321214344,,6.756366052409229,0.761035388631564,3.2443824113089916
1,6,34.717517490278915,,6.876347248178675,0.6900612767911003,3.1273548890507348
1,7,40.56915433101194,,6.304002808729427,0.6578524037808613,2.8941888530985183
1,8,46.221939926183744,,5.922644178449309,0.640528226541285,2.806431496796166
1,9,23.748846825322715,,5.815376520743463,0.8092108344610818,3.0984238340020465
1,10,32.83178665408121,,5.468674260180853,0.8207280734578486,3.362356919203708
1,11,28.50839620529477,,5.61270706272242,0.6349367552270735,2.6854272506475305
1,12,25.614325059402177,,5.334958297394153,0.38684871004103716,2.003765875513672
1,13,46.73356837994627,,5.25951656044019,0.5314900442369908,2.414530833019455
1,14,35.73941125411594,,5.001551486772671,0.7600803470728801,2.8991087002168454
1,15,35.396751953318066,,5.910327987169157,0.9442650034925117,3.67813810677077
1,16,31.43892376247539,,5.8782951757503765,0.7703384697606328,3.059054166295086
1,17,41.031366315310784,,6.138554515379511,0.768072428642582,3.2083106717393464
1,18,41.37809546604066,,6.359030206232566,0.6957199557038347,2.96163707824806
1,19,28.356966851355786,,6.823611945831469,0.7228529782425479,3.133351365049464
1,20,34.00978992601587,,6.743080283308537,0.6718246685831826,2.9578377707735592
1,21,29.525430154445708,,6.621027590971202,0.8136335524938474,3.4363953571727928
1,22,31.646751914248405,,6.707987361780297,0.6390614425320322,2.8756905706892666
1,23,31.93531386194894,,7.055385340284689,0.7484592674059165,3.2460291880444925
1,24,34.63664622439492,,6.925923922362559,0.7623920189590354,3.3187843688125853
1,25,33.63867543589592,,6.57261721574034,1.056511086727384,4.312065311641095
1,26,42.09075976842763,,6.4861583347864595,0.6525715466140962,2.8230447959561245
1,27,31.024712099345628,,7.200867966903129,0.7047136491360941,3.0437860069946123
1,28,26.56519898909867,,6.821676785461709,0.7704475418880756,3.232717329636786
1,29,21.65030902811435,,7.0804636286102465,0.777622241819441,3.2329416487629525
1,30,23.92691098015342,,7.1817462780962185,0.5809784734085923,2.7122422550919687
1,31,22.711781377089075,,7.500152541506322,0.800024052255246,3.542090888338276
2,0,16.11734625242258,1.2631808528720105,6.032427547152427,1.136278273847787,3.6986930318823426
2,1,13.269501112122729,0.11031276995861167,4.318983599977385,0.8110168875480053,2.7643537096403814
2,2,20.412360651711246,0.04745914672044087,5.385618527469787,0.9962721631617635,3.6893005465905526
2,3,14.510212241097197,0.02761687272070123,5.743056975421681,0.6086909182396569,2.543733303531751
2,4,19.218097671069025,0.07234221931525896,5.250079904073821,0.7159365207861663,2.8668245961723873
2,5,23.698643689725667,0.029459307185180063,5.24311740095863,0.7825196264510215,3.1066813298309772
2,6,19.430206510664128,0.1108562468546831,4.583676885735275,0.6899363817221973,2.693047786613928
2,7,30.493174640908332,0.12082932812791167,5.663686441527154,0.6789465917058006,2.739763795242033
2,8,28.020222696950448,0.20367990312544446,5.6662193435919805,0.7814333833458464,3.0405836003045374
2,9,35.48008662642303,0.3445603582852343,5.173528644876128,0.8964158032641141,3.221439046629122
2,10,34.056641909497316,0.2054486192142291,5.328415393089026,1.081603026203421,4.047461909601441
2,11,29.015998310796796,0.30579907918362803,5.365679964638931,0.7579883761173498,3.0081010087960096
2,12,20.117425208556362,0.1964095706375735,5.452101624434235,0.573807800684845,2.3647763272426907
2,13,36.18636772263688,0.45146909216618675,5.8428191919870125,0.7527894608169303,3.076083917319442
2,14,33.31579552982342,0.49841642159222355,4.1874933438376924,0.8724118472142379,3.1845392108870647
2,15,25.597911210087773,0.14067334137414278,4.986204723692058,1.0233955872233231,3.8161951766208353
2,16,21.720559121067527,0.11853793297803657,4.144412694470198,0.9116002049048184,3.12851658917419
2,17,25.07285367528408,0.10689281682155671,4.626757552975121,0.8900133631306346,3.249100235241261
2,18,18.76343719190939,0.028682466519375213,4.950404938625667,0.7403689560060718,2.858761963562028
2,19,17.06466961566634,0.02201804647625239,5.398804844702902,0.7525290971274661,3.02073571857036
2,20,24.012947964815964,0.058550310128082296,5.2137717643675945,0.742176212252625,2.9118364727865247
2,21,25.241171532924792,0.141755407250366,4.669971454644836,0.9536879085219212,3.2937989082364134
2,22,31.592015808263568,0.23107745031980761,5.38921899737665,0.83848945792887,3.202554518542821
2,23,29.58761726951255,0.18133318983539198,5.615871140562147,0.8859348735418209,3.325960083967817
2,24,32.10218333835414,0.19322922322435904,5.078727162881963,0.9851425246922627,3.5088548487924673
2,25,28.702525436384928,0.09945853102331746,4.504077337024067,1.1669760616701437,3.9924518406662166
2,26,27.577840620548628,0.13359200375085784,5.105405466677828,0.9041729311525177,3.285426822354551
2,27,22.195289329715834,0.06919761374980997,5.385702102194767,0.8608804114621913,3.2094585961455664
2,28,19.41400818338084,0.11344026401908645,4.114845098992122,0.650919340565066,2.544966019288789
2,29,18.775126282652565,0.09944221864383877,5.625561525527242,0.6950769106798322,2.8088849875835717
2,30,19.024479881938497,0.2000595024439595,4.673037307963633,0.8785605199658946,3.0898590922659817
2,31,20.5441612670296,0.08191044291943762,4.429786662287678,0.8468449521966877,3.022765343405686
3,0,18.39977122866427,1.9398765067831683,6.094404921341135,1.090754012404683,3.7117325570910373
3,1,18.668154935495096,0.3835858223335278,4.0333726765602975,0.8213616934898322,2.69855202362703
3,2,27.78628736241571,0.17425572489379876,4.497970209891538,1.1836645473688776,3.9183854160139133
3,3,28.23756987742501,0.526984798014188,5.135243698942525,0.7141557908287997,2.6419066074760384
3,4,26.618721801796493,0.450607035788949,5.173509840754898,0.8769725850950367,3.2074687261625963
3,5,26.36736264780629,0.4819872697006137,5.1624856707241715,0.967877829472858,3.474359531296945
3,6,36.533075232017104,1.1959479889530298,4.480687882101712,0.7550117303207706,2.83238262840744
3,7,38.19843682948104,1.2211224398190248,5.445356692677656,0.7431112900374899,2.868615380349444
3,8,31.036788972826553,0.9691001827191891,4.9683463007698725,0.8088005286497166,2.979532156925279
3,9,31.71997331142989,1.1524443762671739,4.512879925692937,0.8928053439568053,3.1836519874837297
3,10,39.900603541604156,1.5428005248838257,4.6812132244483635,1.0414942400948597,3.7129280704605248
3,11,31.04952395667644,1.4770151720057523,4.362639241168909,0.7853773273823803,2.983285985523741
3,12,31.21132655034549,1.6636721885736412,4.619670148370577,0.5589453461049523,2.298071326732674
3,13,42.66692210665711,2.0739036737850696,5.1320735097776,0.7957622780519671,3.0842037086273244
3,14,35.44455772108498,1.448736433406152,4.323276277563329,0.80943931164623,3.0556404732421254
3,15,32.63234708455167,1.7299113159735549,4.82550815295288,0.9591877862416958,3.5583383343189525
3,16,29.943824792215324,0.8953177791852998,4.6201710481562674,0.9231903653993037,3.2547827583935076
3,17,27.289194700367155,1.2287307532563512,5.086628694536774,0.9173356533799062,3.373898509058501
3,18,23.12526684095571,0.33596157446079117,5.3578596510872565,0.7488247494408284,2.979475996479451
3,19,27.09382447744141,0.5955401950822707,5.844340286943571,0.7119657004960036,2.9215534789296926
3,20,30.504418684395553,0.5528231168680638,5.336866850382498,0.7539483916686578,2.97210899983178
3,21,28.190125092104978,1.0742330556210533,4.819089550556955,1.0004892212860472,3.492456412360251
3,22,25.674990792696008,0.6542584705778904,5.528099997744637,0.804785142996777,3.159081652154809
3,23,32.10607380239949,0.7836710417043671,5.177604675073906,0.966636400746733,3.5669196966303036
3,24,26.59690794666646,0.301652435417436,5.193139396863958,0.9905049279210418,3.597329004634163
3,25,21.810256039640528,0.12994339500975108,4.653574258460341,1.2177524129435957,4.227696864383137
3,26,41.48952619592718,1.3484872977465792,4.621204700237654,0.9321436928186086,3.2763612715552597
3,27,32.340337900037404,0.951871105384426,5.076985716883339,0.9589897775749741,3.506443073908636
3,28,42.918047209193006,2.5236595777054163,4.1712225675261205,0.6327007909947975,2.513915422465362
3,29,34.62432757358874,0.8938065512368983,5.0406468732250715,0.7209026625497472,2.8124987068629785
3,30,22.660592812141154,0.680823521490226,4.345633945807926,0.9537258062184177,3.2839946611392503
3,31,35.466115726436115,0.6017476700165645,4.000761176999955,0.7326468461309199,2.724474431376032
4,0,21.244941760021778,2.8586255038841877,6.2729279751141735,0.985824047699241,3.5226497381307498
4,1,40.72123226750633,1.0277434443726254,4.589979855956454,0.8598347807066853,3.024767489028163
4,2,33.95528612477918,0.20740216197130204,5.133939551064826,0.966283917734402,3.6173743861764653
4,3,28.89979776964776,0.5765919277994744,5.013248669468698,0.7055590398072322,2.682970896128004
4,4,22.61806247109021,0.5770739014737727,5.264078341091324,0.7623966023062305,2.928615751633657
4,5,25.501380748033956,0.5093497940744969,4.701867615586341,0.7990764674892876,3.0444666850137674
4,6,36.784318288274896,1.7776473535338546,4.181058822666201,0.7097117677782965,2.6836627940260573
4,7,41.757840490544766,2.288647395725297,4.586372466819105,0.6699023993667907,2.627388642755743
4,8,31.741806984372893,0.6447553833736273,4.598014291506106,0.7763948459143322,2.9406746247564035
4,9,43.63198724337681,2.026226498611501,4.0557503719577,0.7970989684612126,2.901663149102096
4,10,28.70116507549913,0.4769283088520322,4.40900725258512,1.0918789041500379,3.776607882301001
4,11,34.342972925908796,1.5304444288744585,4.044003754926402,0.748356299834505,2.8728524736498042
4,12,46.34084065280017,4.836541575608981,3.5975465457303732,0.43082029669462063,1.9581977209541273
4,13,26.56678858276527,0.3452360936755685,4.694603452402818,0.7250557138898532,2.863742229556838
4,14,26.899024242559697,0.6138682469515866,4.050163825196185,0.7720492323933286,2.9221555326936155
4,15,22.79726608873306,0.6815997818237698,4.6318562803647945,0.8677022320534098,3.272911675129025
4,16,24.520145444703093,0.7333663988992416,4.60881339385213,0.9161711638899677,3.2848939348538964
4,17,22.39415476639593,0.6482372638967647,4.930776862516332,0.7884883862640271,3.0241655159651115
4,18,24.642151724617115,0.3940967378798789,5.172475150348305,0.6298039378512863,2.65948144648374
4,19,26.18394451799712,0.5260260602684188,5.806708350811826,0.6520451690955724,2.789974059859553
4,20,23.54831335822564,0.179800498237277,5.112493942827146,0.6954601100771631,2.798146394256528
4,21,23.284139694952643,0.8427642925306217,4.82675090277035,0.9458677214758868,3.3037741335007382
4,22,26.43447054135703,0.7713240692421479,5.132357784243556,0.6922926660798527,2.7806648031563723
4,23,31.465155453146636,0.544233357740113,5.104839910227848,0.7834886039412767,3.0545499017446374
4,24,26.694208901440177,0.25510116608947375,4.938789218276839,0.8787489311802492,3.3270319591424626
4,25,25.615034998885903,0.21708958406992077,4.57186693117548,1.0655726870425788,3.85481943150707
4,26,30.43330148478391,0.6699376602179393,4.6330273051887545,0.7922487828747453,2.960896772588541
4,27,27.992336278026514,0.38747392957230015,4.988819596269398,0.7733313660192209,3.0711760355144047
4,28,35.90758627330894,2.120346590587866,4.08934286419419,0.5807640428557521,2.4218032396658535
4,29,31.34380063652202,0.38458651687130585,5.077058476246006,0.6842154937628289,2.730257547705211
4,30,24.38711175830131,0.779713063014724,4.133653456059484,0.7327961546713215,2.7304844341736314
4,31,39.28541875217796,0.8860384591993077,3.925070538221706,0.6822171699584052,2.674881186744524
5,0,13.900759264930755,2.056547134758755,6.443025111151778,1.0308806546111757,3.5736675982182504
5,1,41.41946987452075,0.9749892717107943,4.958390959205632,0.8929798268802305,3.303378500519539
5,2,45.44665119402042,0.8652348675628653,5.673367331115665,0.9083662692008136,3.5203208983251963
5,3,44.04010582778357,1.1907828965564393,5.0837711881245555,0.7072164448229525,2.7221582590293614
5,4,34.536716962185025,1.02230023003285,5.30563516736159,0.83698324560625,3.1882195037894805
5,5,40.948310198198385,1.5079831131407553,4.865627763886972,1.0512941298591842,3.742741435619278
5,6,57.580507918594385,3.7741162155101025,4.638972638548326,0.887152254393544,3.1922607386717723
5,7,67.27634279117208,5.504568188429455,5.554788833325372,0.8074826772163748,3.1699242238653182
5,8,50.35117891680187,2.334934330963691,5.556552535496305,0.9152480468039279,3.48197435394904
5,9,63.33532860812548,3.9847783976675615,4.958339812628403,1.0270275022003927,3.759323741130178
5,10,51.57607279706039,2.9400351047732745,5.3214244157568835,1.0853533424232111,4.050340193207322
5,11,49.14064447620041,3.8542212078450033,5.053386833292603,0.9055052777803851,3.4994079802626663
5,12,66.37480959195506,8.992766156953177,5.254317577402238,0.6112286813060486,2.5138725295054947
5,13,43.12663882243339,1.9738699286144856,5.453374019307752,0.7954310192436163,3.114602784402512
5,14,45.71040057713397,3.4544327906723242,5.055675255905821,0.8104293620324334,3.0801972488575897
5,15,36.725662201731154,1.282676780999763,4.453946827171226,1.0054468329980075,3.579397212660339
5,16,36.00804629889092,1.40239443135426,4.139226371912583,0.9158962112312672,3.216854639829169
5,17,37.15981955479265,1.2197785292457277,4.952302100261438,1.0167131128680325,3.7715152833003542
5,18,33.74407947083033,1.163047565420819,5.060612257489133,0.7855432911638136,3.02988652783056
5,19,41.851814025515324,1.278578236973611,5.4618966501483195,0.8059203970623257,3.2064592971803445
5,20,51.51623569190175,1.5029914479822675,5.366606980551959,0.8522903588478385,3.3494876001186578
5,21,42.87510208043476,1.8443073435558697,4.843142847804611,1.1044834905159533,3.8883473753167674
5,22,46.87621658565905,2.2834699244217105,4.8793825530282255,0.8602439053969011,3.250360225195207
5,23,43.68218914781086,0.9212705863519801,4.746928778613855,0.916456479137838,3.384406755492635
5,24,38.85604093947764,0.9773322856447919,4.923186820243296,0.9483914472436927,3.509823197739878
5,25,41.50720136455095,0.5220821523701769,4.266152232971885,1.2228105099923958,4.179661749400846
5,26,55.4379190518457,1.789886184152409,4.810661110232008,0.8060985518886534,3.021399252391754
5,27,59.31321697275842,1.912604491217885,5.3371156973010425,0.8693933842498938,3.3253865668654763
5,28,54.95189797137842,3.844876735324285,4.12318448791096,0.7313073653219524,2.8840988054926844
5,29,62.56245176677839,3.018713116260723,5.364933467008315,0.9606340852886035,3.6691962707368084
5,30,55.806168047682505,5.432592950494303,4.632071401891409,1.0316625056490523,3.720497623335048
5,31,77.37729278477028,4.030724671577145,5.016819293005687,1.0180006079427084,3.8680491739381337
6,0,31.700645898485273,9.391760506998397,6.487273847953988,1.0137625432401975,3.4344082893434114
6,1,32.54849492966323,0.9800121240580862,4.438268449757244,1.0037889036572043,3.4172190334276484
6,2,35.667234464604974,0.8188871668450476,4.608058162149202,1.1133098721179122,3.7681566155517667
6,3,57.622746913563084,3.0024660456706562,4.0095302216390145,0.7870295524229292,2.846918216905021
6,4,29.22522207803516,0.9201862731317397,4.765868033388154,0.9042499449524826,3.2174172309347595
6,5,29.92665950423545,0.7095828601876843,4.617272234468899,0.9455255489041061,3.377580258556117
6,6,33.93273809921425,1.7746578457822906,4.2312176538394874,0.7608950382932074,2.8675677452712356
6,7,46.58288770824453,2.7643924702067033,4.578811488445279,0.7995464873641431,2.9535811347509933
6,8,42.01465080335888,1.9335998852376137,5.01913539631781,0.916247862700339,3.4326724489152856
6,9,58.43138954428453,2.6699589431674253,4.240769994755856,0.8390528897022493,3.107500514583984
6,10,38.27155875483663,1.2062159678777844,4.566888599651843,0.9547759335072845,3.6443410484378895
6,11,33.5123628186991,1.5385922433896932,4.765482887329616,0.767602151212663,3.042965262380081
6,12,33.98588126911812,2.5681031814745685,4.469956157429238,0.653713230985776,2.5835257335506667
6,13,53.884748840492335,6.869906984030747,5.461152828912719,0.7435374306863878,3.0423349283960186
6,14,45.88057992597648,4.503087864363683,4.518705609881911,0.9481376292961832,3.5607897073231873
6,15,65.38414074366138,6.908659461735956,4.722084387598482,0.9482607022653582,3.7111916885622707
6,16,48.88584517306,3.760463213534611,4.59427995907855,0.9274946991894568,3.417791581244292
6,17,52.33498297122672,3.0730628651924086,5.228858948303844,0.9682956279837223,3.766208788608396
6,18,58.66827831946998,2.892128931182297,5.694372548588577,0.8741767430430691,3.4801483029712883
6,19,58.024196435788866,2.8594406261498553,5.802443165419001,0.8979128397397682,3.517668882656066
6,20,60.81774701104705,3.1715852753009264,5.972007864832167,0.898389339720695,3.589157806706381
6,21,58.177204111499876,2.031028354695577,5.294638685937859,1.0981716841555773,4.065297817781253
6,22,56.9309833865238,4.4897472032380294,5.3283911618585345,0.9956484375874135,3.7795679967714864
6,23,46.33325031097164,1.1942195062671375,5.224832038483294,0.9299055985433862,3.489294962941693
6,24,33.69205966888204,0.41466750148940984,5.289940209719784,1.0193666581697425,3.8267384160841065
6,25,49.50065769646254,0.7569220397925139,4.609407020096324,1.2404977044474874,4.471708779163695
6,26,53.542186333596646,2.647035188801892,5.168151139835038,0.8602878555268241,3.2118843896448155
6,27,47.131193117383134,2.307875569011679,5.3897714964870875,0.9473429591813893,3.5620014790692514
6,28,53.50980238616532,4.73837612144446,4.452573165048339,0.9209121676363203,3.490047444201359
6,29,57.176427568531864,3.3853546885927157,5.737080800259791,0.9123040629687758,3.6087391810948053
6,30,40.59306657482888,4.856178996763695,5.031314715023873,1.0801185928239203,3.9995078337758687
6,31,47.84283542048375,1.8229723201880443,5.02333605154408,0.8445712708186024,3.2983664055345967
7,0,29.15728238475691,6.380300557134806,6.051736299463167,1.018257319753232,3.6593705649701658
7,1,32.40731187738132,0.9124739468147027,4.370258405078291,0.9164775094672208,3.238334444972701
7,2,43.95149464198726,0.6466440415667278,4.888362512766864,1.0115184034060176,3.6419971287772017
7,3,50.35129761421835,0.709351001226178,4.514116914923198,0.732449994301831,2.8110440617508767
7,4,31.000457570860853,0.9351635244451909,5.129375637618631,0.7595098328130696,2.9560715395244355
7,5,39.74689565406401,1.1212273678822664,4.315771608219132,0.754180515338196,2.8112755456230287
7,6,47.33956324056046,1.84166007762656,4.491406744811144,0.5823790531131383,2.452100702471869
7,7,46.03042770239368,2.2275287097637317,3.909620156428085,0.6913663824907328,2.5750827072268763
7,8,55.636171032082714,2.177009684103967,4.131416215528873,0.6698380538612376,2.6980369629422305
7,9,33.78398334848807,0.4158463246087695,4.050472640887909,0.6115509296225179,2.513230322783423
7,10,54.57908171042469,1.6728898472418372,3.843398745420597,0.7178157857078018,2.7430995767937145
7,11,56.72282924540294,2.7288885478324025,4.434013102265718,0.6198904385628872,2.4826269849737246
7,12,30.36583389413332,1.487758827003708,3.993522792169226,0.44592635911773737,2.0112953140206185
7,13,45.96637287743317,1.9784596317024619,5.247910199371571,0.6456848717592996,2.784531968895002
7,14,42.43870150318619,1.8228740990252885,4.920335163670291,0.8686415986765841,3.3500200047105935
7,15,46.2019282466882,1.4657309245826717,4.7288996552758364,0.7214325805495436,2.920711301206496
7,16,37.01054548621846,0.9307250855862742,4.542922582527752,0.8336581319779262,3.0444457215695655
7,17,36.378171224917594,1.623389334022889,4.651019165298037,0.8347899651366033,3.162064582058469
7,18,27.169715657047412,0.25822588983297057,5.079496427117968,0.8807342217169136,3.3894659754562477
7,19,32.548462788171406,0.8438086644095295,5.115131381365137,0.8160656866950831,3.23559126029292
7,20,29.122707176500604,0.8715902583732662,5.105469715159198,0.7688131867098846,3.044170283361805
7,21,28.37209119027768,0.24388151265193064,4.670543401760256,0.8898912698470376,3.2999386473490593
7,22,44.851364820549016,0.9143770299139392,4.993610299391362,0.6983024784482872,2.8239834670159425
7,23,45.27286000850207,0.784246877631583,4.526384499991307,0.7726479027941942,2.9938150559760257
7,24,37.72232463386268,0.34888002342793367,4.829434537157512,0.8030238192263326,3.1426490641483134
7,25,48.583134556805106,0.3703252628621251,4.447472238399611,0.936296046774169,3.4806189217387398
7,26,41.887363152420505,0.45522336905124305,4.472224094188622,0.7468980818917821,2.897092337733635
7,27,54.8130243053464,0.9066044406815021,5.1465133304707,0.6455933802445717,2.7877144398374454
7,28,54.07321969639594,2.5760913947540347,4.090343457885355,0.6471924166787506,2.638578196748763
7,29,68.04912773720423,2.114704024327407,4.457548942524936,0.7601906580412043,2.9936713136327215
7,30,47.40149631766468,2.3792231323560857,4.313970631399238,0.7350587113095344,2.7626366271128227
7,31,33.27375134992041,0.6304354119303104,4.439473776940213,0.5969519574889199,2.5674984461107457
8,0,18.16943828359302,3.503339820261356,6.0617212330436585,1.1346967169693043,4.0601887797029095
8,1,27.352992754725296,1.2100287223563249,4.299215162252713,0.9132696541214038,3.1848752843452193
8,2,31.981495802142618,0.5596980568442096,5.281956858904093,0.962684034585771,3.549820078292226
8,3,30.361826398743574,0.35004887263237966,4.701656853957914,0.7011768392532574,2.7382854031154924
8,4,16.326042876115142,0.27727352405231354,4.91624571888368,0.7636163854225693,2.889651834448322
8,5,28.176599208488582,0.5409721608658773,4.588724113133288,0.8478526830032953,3.022609261871784
8,6,17.4030547819873,0.09574630400569153,4.349720827632318,0.6446505759803252,2.606909042183946
8,7,21.136730911270057,0.6708553422695531,3.88470806004752,0.6610855060023391,2.4818183150824566
8,8,30.36713272141506,0.889187824021554,4.277380020960074,0.6127463933268373,2.5253177713779285
8,9,24.719555892248756,0.3381144780009083,4.42383266197046,0.572258428209591,2.3891399980845307
8,10,29.466778581074024,0.7227572080591971,3.7195249433726594,0.6111470181781686,2.4884140336248195
8,11,23.769419329668168,0.4101128727597857,4.364687642532159,0.5949584454325292,2.4688599454267073
8,12,10.82002979799447,0.07502291808689425,4.1205765018575775,0.4281484196518903,2.005595025359704
8,13,29.326692214839838,0.5365442412080963,4.948180333820512,0.643279905565949,2.7190844771391727
8,14,35.4359238589822,1.4397369647718623,4.4203615310855175,0.7801167338973567,3.062052713093037
8,15,21.88327913937918,1.066877303334185,4.6463075147109425,0.6894402541940243,2.8035860775682613
8,16,24.104764050699004,0.2264810718303957,4.699152694042546,0.7591990771370467,2.9372964567867674
8,17,23.40038150090094,0.5372834914972026,4.746347925108621,0.8082777033386979,3.0784065897316446
8,18,18.720998156241585,0.16821437808828793,5.242447943078833,0.8012719311274861,3.2079770844481446
8,19,28.232273129205275,0.7230800823307935,5.3777981230695495,0.7635380458198249,3.06677239332384
8,20,28.116321660168857,1.145395765868344,5.340276044367601,0.660372265374618,2.817783162232108
8,21,31.440891547340005,0.6025554032174595,4.763049496125295,1.060189525698152,3.8687559105134244
8,22,23.820981892938697,0.32438092402697244,5.008854779655729,0.731051959327992,2.953869283802193
8,23,24.034032461231156,0.2818943221339191,4.681574472611708,0.9031496143461704,3.3212687544241986
8,24,24.322383206204258,0.12147871188728568,4.961443102507779,0.8459837362232108,3.2444912341892143
8,25,33.75910783844925,0.26819566927436944,4.233136542146481,1.0932901489754085,3.792912591654191
8,26,26.757657422876065,0.2402961735417891,4.561470649141154,0.7946144642828017,2.9127581599764354
8,27,31.947249205881036,0.23908679650841658,4.991268119109266,0.7082880339209785,2.88215696042399
8,28,26.923897727085155,0.5136505110580544,4.2186913173852805,0.6457570193900475,2.680232860312516
8,29,42.10954851253346,0.6009984629703824,4.5209780296611415,0.6992549654248714,2.8141315967394918
8,30,22.836372267649026,0.4160771004289628,4.576471615079308,0.8510580270517636,3.0576493424780935
8,31,25.04427948238984,0.49096367212112063,4.552323279635953,0.7114986050474261,2.8678413839659864
9,0,17.817901947705995,2.2770217220487634,6.228193400884176,0.9941109189080528,3.657756273146382
9,1,18.253029379432274,0.5191809402318303,4.464622923750802,0.8360655242989825,3.01793635699892
9,2,21.53263774544643,0.20660272985160238,5.016340837882085,0.9135581598355493,3.457804393580685
9,3,26.84924484679388,0.40074258145214325,4.810833025635013,0.7321633767048468,2.8237461258976406
9,4,22.452743804810197,0.55130815737451,5.131474231852832,0.7612720315835579,2.9208329867750966
9,5,24.39427980805423,0.732104701090778,4.880380101659565,0.8777663963271003,3.301876460442734
9,6,35.89371210284925,2.060260945086364,4.666941507689525,0.7774155884665506,2.8716174027997727
9,7,34.681017723265384,1.4216487373372064,4.727679085340666,0.7572986050718615,2.7557925553994527
9,8,70.46042496182689,3.860335866929177,5.204687545794148,0.8723016876120626,3.316410951222239
9,9,83.86803611962694,6.730417391416793,5.048306791676396,1.0420262997523722,3.928949169218142
9,10,139.72305706776785,13.145496931530312,5.449843536843845,1.1000934663189934,4.324695133027233
9,11,88.76756311627084,9.387321795781808,4.892168799837986,1.0173133616607144,3.731146716578528
9,12,63.579141341498385,9.320674650036251,5.040585192629754,0.5864396965147849,2.416389756663434
9,13,71.06381355650058,6.568868312359186,5.5410454803788145,0.8282452058867378,3.255531075963126
9,14,47.20058067812401,3.5331000071739087,4.85349176505837,0.9582662320397777,3.558559482667723
9,15,50.8307669538805,4.367227786577018,5.1113721933428025,0.9657931860648681,3.742899913550877
9,16,36.47356159132813,1.977587481743695,4.94396508007288,0.8524227853605693,3.2499232640361173
9,17,48.429080892098625,3.4742011440318503,5.481127522070942,0.8580922456645865,3.3949430450430955
9,18,40.32099289191106,1.9851764802219058,5.916803383475385,0.8095353697409813,3.2156027428457916
9,19,30.34391294893493,1.0146290038846786,5.495801282745407,0.7945418829045972,3.1658778634185496
9,20,35.041219112103796,1.1573039933518574,5.556664001696834,0.8895975591363277,3.4673824993334432
9,21,46.041812760750965,1.656267787478876,5.1720591958530875,1.001745916710873,3.671621706450801
9,22,46.792928403204996,2.158521669881928,5.5553224357863105,0.8011833935849815,3.155988458035632
9,23,39.345758956809256,0.8310735409137622,5.181180887120502,0.8822789483362792,3.2519722630997583
9,24,43.958809491177036,0.769378305089267,5.210730786236812,0.9709638401195484,3.55967520437891
9,25,37.686948917086205,0.5486129930516578,4.677710844265166,1.0386220212950823,3.6407051712214873
9,26,38.71106226772611,1.1007916922664913,5.053222722578093,0.6656452515515143,2.6738908518065543
9,27,41.81917465493767,0.6877350540113589,5.5325034338398975,0.7451488540599058,2.994195786023446
9,28,48.002746953224246,2.175593829304515,4.867321096345163,0.7043671011848662,2.8566436177568613
9,29,52.656455380533,1.3541366462680238,4.879433071933427,0.7576365888217502,2.9465768660448175
9,30,38.353275442952864,2.6205376082799456,5.030843719415935,0.7935165622363884,2.943498262490992
9,31,43.57829018942033,1.7716207579412968,4.827187880050749,0.805210485135925,3.163424890476521
10,0,9.731371521792553,0.1414185688356823,5.896200660794956,1.136386807262574,3.9680026903227543
10,1,13.900467954952626,0.14794744314300956,4.591500106701989,0.8913462255235363,3.1416022498938245
10,2,23.878798219086754,0.20357682611800848,4.776054382720753,1.0653660113307737,3.7354365134183634
10,3,30.600517032696967,0.8883174941329651,4.941951874204561,0.8141863301326815,2.9738926188331316
10,4,31.294719956159398,1.7977424755530396,5.360552537836581,0.8123169650118509,3.079838537970023
10,5,29.063929618736186,1.6880566279702443,5.036071729230615,1.195522972082192,4.218795737877705
10,6,40.332763621572795,3.57398454703543,4.971294694502056,0.9920582338687431,3.4812137488193753
10,7,36.8816801027427,2.789388949632786,5.1112257719311796,0.9594774242571598,3.4604181546708297
10,8,38.67705279442971,2.0972730396414674,5.789701090650748,1.021277316284145,3.854914528285716
10,9,36.24527794195882,1.3996732345188874,5.66876462305917,1.0425597926471468,4.089619798783447
10,10,25.026901765242904,0.5499462654067561,5.7857155735285835,1.1586436088691467,4.497705875627972
10,11,31.988749562336093,1.626664861248544,5.500124294135746,1.0752130896008278,4.052838583478071
10,12,48.97007611559477,6.283835045161847,5.387854267774995,0.6944280768447451,2.729016020621575
10,13,32.42540287999468,1.975365549736133,5.902752987152494,0.8510043901154312,3.3876270344086943
10,14,50.559727074082375,5.691624641324995,5.024576743430325,1.0622337914395956,3.931322325861097
10,15,44.42459582104311,2.642754620067751,5.088073909562805,1.0752472303315361,4.0951284615937675
10,16,40.46564253440074,2.3746379030278826,4.974812293440321,1.0515429541976467,3.806449396727734
10,17,49.401809904943306,3.959538565228946,5.790720391236128,0.9146231143634385,3.5724112487992556
10,18,46.66682764524923,2.681126855704352,6.213887468525899,0.8435000280173703,3.3485012793836315
10,19,50.88130349242752,2.5751557909290845,6.09257638581005,0.8006132617811801,3.2869359553028663
10,20,44.649653485712214,2.4884750576825434,5.822738255442397,0.9752574069767324,3.691115349638633
10,21,33.56621067028734,1.1756950674489808,5.256778850674369,1.1808064733859016,4.268796238765156
10,22,39.696064025249356,1.498658290378588,5.440837900997416,0.9745918511013736,3.7119224221973317
10,23,56.05131085533739,2.188147094003985,5.6243318656986006,0.99029195300308,3.691990526555444
10,24,53.05075889193916,1.656233363715287,5.614774184700421,1.1045247016073674,4.146310273228307
10,25,39.1934796380554,0.648402761054363,4.700556413372184,1.3060731593861359,4.542885732704372
10,26,51.46093221374339,1.8041913928492943,5.1928704682914,0.9381499862856293,3.437820516178523
10,27,55.27829375107593,1.6780434873217531,5.61156270474537,0.9620311411909244,3.582806177203509
10,28,57.122258984636595,3.8293805450814347,4.847749330666881,0.7319901561318947,2.9255913025763713
10,29,58.78219596918743,2.267900365144124,5.4282272859469,0.7822602909963088,3.0707607826565932
10,30,50.62058870610758,4.690579230204051,5.442024136689997,0.9024947312469935,3.341506064920816
10,31,37.173347545632296,1.6448556290929701,4.701053621397048,0.8984000788405764,3.2930710083474657
11,0,29.43335779258743,7.9637476220814865,6.177518264228686,1.0706314255027483,3.723568692316917
11,1,41.301505176384424,2.82377338856163,5.050225046879938,0.9791898699495132,3.5527999778856185
11,2,50.89607864184272,1.4861473994486842,4.8519999202157855,1.2882853657654056,4.4577931660300365
11,3,64.65748037745908,3.709874719554324,5.788935550596775,0.8747086237036639,3.3281109436982375
11,4,43.30570987911629,2.3874545979170643,5.639612763693739,0.9879175942684917,3.707324447388682
11,5,51.716675805606194,3.88967753479687,5.404618429207801,1.3640664052061222,4.828693207997823
11,6,47.71989507787191,4.102486513470101,5.375901672573002,1.034079656201885,3.7461163377699758
11,7,60.088118065336054,7.9770686202925205,5.873452821128646,1.0027490219197963,3.787510282037786
11,8,49.1042327349374,6.011962884993542,6.2021707196432185,1.0887275992150514,4.219405387126663
11,9,58.145255345653396,6.293514710479519,6.308270271712424,0.9902555378101177,3.9510583808107294
11,10,44.831767717619485,3.6893142723691543,5.926091735712409,1.191854659046581,4.7013931701547795
11,11,33.680636849626595,3.1504804576415264,6.055829982354947,1.099931589943406,4.081590278268997
11,12,44.44258070002217,4.618893391847606,5.902057428261552,0.7192750752780039,2.797815593091399
11,13,32.396251426596095,2.4053631570918297,6.26179462316452,0.956472793253651,3.711953696076255
11,14,49.255498333821556,5.587307228046637,5.653407315122546,1.1690902903193923,4.242448995640769
11,15,35.41052570876586,1.8421889963886635,5.378040423946063,1.137001380410851,4.331258178975186
11,16,36.41349736196498,1.5059623421275776,4.824567941902588,1.1467540057381793,3.9464680947945316
11,17,34.06370115849006,2.322627038395671,5.660684229045436,0.9377734108010678,3.636403938486368
11,18,37.14868892962448,1.901695484086138,5.821324246552834,0.8748260993750172,3.336113648076742
11,19,39.866140152476504,0.923945114173819,5.751205815578454,0.8807205631564026,3.3850831306822005
11,20,24.36581824713516,0.5410245856672724,5.588982902971557,1.1392377532387394,4.107770001068193
11,21,34.68508213599037,1.6131553256137323,5.277869799257319,1.174493077191558,4.184840580984189
11,22,46.465879698854714,3.2059252583337154,5.6195909016809935,0.9996053539492227,3.686511217643637
11,23,40.36197253600118,0.7779410443345468,5.6461259761262514,0.9416606325828969,3.452786780443599
11,24,32.00412427067998,0.6046623187110574,5.528490034707339,1.104680097693893,3.959226268630917
11,25,44.00438783972555,1.774178951093982,5.144016124418819,1.1234066842167643,3.963439202589364
11,26,59.12269189247534,3.200662228068055,5.551197449783054,0.982283154377539,3.571047689379137
11,27,48.60095272148246,1.699347636780267,5.742613377218618,0.9330118505813321,3.4224429681485065
11,28,67.70603575733088,5.702042584629529,5.493525062306238,0.8164531727457893,3.251903007088167
11,29,62.21330171937792,2.6241794523690705,5.818125168552381,0.8295064775550056,3.2259877384456557
11,30,47.5138919203762,3.377291095956055,5.793442475298684,0.9055636310854567,3.369527553550634
11,31,39.259440288282164,1.0683479247379135,5.046808390128821,0.938276812131833,3.5129050298763054
12,0,16.689964871801,4.28200445745838,6.446056377631649,0.9985763836010104,3.625517349116923
12,1,41.76383652926301,1.0909545852987925,4.911333729350772,0.9977989809181969,3.512968085630408
12,2,49.16909801121194,0.9371401627398505,5.345764995525036,1.411318099479157,5.16731911608619
12,3,35.02593356548553,0.7510944011170682,5.427003759201154,0.8950976745519323,3.4256195189084484
12,4,29.57245857904537,0.749431547012378,5.465961728998662,1.0237998383943285,3.83480482190522
12,5,28.09028248129303,2.147493931669236,5.140100600547242,1.3468720803035215,4.73583009288522
12,6,35.71912396490792,1.9553884296911654,4.8410785204956275,1.1328963504944083,3.9026133462866186
12,7,30.144826212161682,1.7084808331599397,5.286843558740824,0.9423139855036666,3.5276679538427476
12,8,40.69226297466924,2.909881726731526,5.5022519150426135,1.17081992789862,4.534043373964224
12,9,34.410520229407254,4.221969998787841,5.78275782029683,1.0500607467688692,4.1449829431277125
12,10,43.316045541396896,4.896834718086092,5.497858297451125,1.1729793438726963,4.538010069323712
12,11,31.266845329252988,4.444323647327449,5.628846463319763,1.0650767776805514,3.9495446103040934
12,12,19.332938489638977,0.2990899376917088,5.3303920412553625,0.6365810293903928,2.6448479816360964
12,13,36.431631988259035,3.442463753592434,6.013843953904914,0.9731800782330069,3.769010436629869
12,14,43.18529402212112,3.8063209284384985,5.430340817250936,1.0734111561834725,3.939690916050632
12,15,56.666430772211655,3.547731263533914,5.150906383836248,1.0334834603891707,4.060012275315535
12,16,46.56462331440447,2.7833387066892072,4.709846238748021,1.1902775106200485,4.111555406998863
12,17,50.471957379912766,2.5778630238430322,5.100511052543924,0.9280301392140187,3.573928269402037
12,18,34.46088943682264,1.3102092448285614,5.56305226981305,0.8015752067184136,3.122662190499907
12,19,60.314101242405826,1.6930910490769309,5.770996874980822,0.9203461720205608,3.472900165273123
12,20,38.70646485517935,2.084284327323283,5.618828528205654,0.9636006052684136,3.468360322863881
12,21,50.77431825765398,0.9948946891101744,5.1422611145434605,1.0359997833913575,3.687438034061558
12,22,44.11481568637451,0.8412284620421155,5.736224050243736,0.8985487209510268,3.35599546763736
12,23,54.58599308413963,0.5808327568703443,5.664990342531487,0.8339309816397247,3.23841525523897
12,24,39.3192522175723,0.5956193060540427,5.776449105792901,0.9888811967628008,3.6409318686845635
12,25,51.00722627773024,0.5598461547934265,4.924520720539496,0.9970984755932584,3.4675548068613704
12,26,48.25696009885999,0.6894405986938006,5.552396780022608,0.863638628009535,3.173954023236023
12,27,61.11273058812203,1.0697618313696622,5.833066126605725,0.8864724111827904,3.419219969178226
12,28,83.39534989121955,2.15059904483737,5.173777489733483,0.7402057086161076,3.011926746162293
12,29,55.43475350119293,0.9487779847648319,4.837596078383966,0.7968888647892376,3.0415518631053713
12,30,67.38187426752592,3.0476147568105754,4.998667178325496,0.8762050735861848,3.217402646246505
12,31,46.582311829443064,1.0197364492822398,4.195424638622333,0.9577689509980374,3.402844354112486
13,0,21.919348622437063,3.4702891850388085,5.954707637421351,1.1587096301688335,3.7739198415693664
13,1,16.946541083851454,0.16593834413170114,4.424205683804364,0.9984153971839511,3.443630006123059
13,2,22.847536117079134,0.23749847041613997,4.869120954051606,1.3915663512553866,4.896232842256521
13,3,44.14995987581835,1.9250234830076125,5.4137022716968835,0.6538562674780799,2.77700816147054
13,4,35.11542808866711,1.592239881375212,4.999258190099262,0.8313269188981138,3.157880558606275
13,5,39.350621427572854,1.6765725538506668,5.095489430939754,1.1002088688432474,3.9610827018894583
13,6,34.32650035305734,2.436083778085585,5.022350761755106,0.9553541551191245,3.461237572388416
13,7,26.908767056059755,0.8896365734959084,5.194756265542656,0.8851253552142841,3.2880129041454516
13,8,45.36752053801811,5.417558427476418,5.9058896661572255,1.0865819302769175,4.16859633118952
13,9,49.45230895600011,7.15064633533653,6.228061589929294,0.982159481635958,3.8473023216915236
13,10,36.59942368003426,4.088878882362374,5.459156181178674,1.179064637863462,4.629117296485756
13,11,27.330081693710667,2.0611943115777707,5.838419676852451,1.0101830571101615,3.7868866406378277
13,12,40.50755294403494,5.77299059703073,4.9429650104380904,0.6712937493982061,2.6770604149997883
13,13,59.325316721412044,8.118452410579916,5.824787048084611,0.9265613114519251,3.673689745852571
13,14,89.58102895253893,18.160939006945235,5.0028351473456825,1.2432872703839362,4.629987983057327
13,15,58.265539516446985,4.591475122783079,5.135235702739255,1.1737340203043205,4.543987397262243
13,16,94.10212984730975,12.620298885710255,4.365248126842072,1.170520824117058,4.0110423185018655
13,17,79.95086419583669,9.17673173049134,4.99052366136806,1.1341359914929097,4.334759384821249
13,18,97.91357719915241,6.92508960854218,5.398443096915543,0.9177373196667542,3.5990065650399052
13,19,77.83666258997984,3.1471741740630272,5.6085045299072025,0.8433644736110404,3.3610178326645763
13,20,58.48072921548613,3.339677713904919,5.91317260765931,0.8474108554168529,3.5344360499004974
13,21,60.823482421470025,2.6430899454673504,5.170952870921567,1.2563078739030784,4.627979591111475
13,22,72.55459987746741,3.194552182283667,5.535705184690127,1.0529545402988392,3.9979542499182106
13,23,82.61244711544182,1.7795349910337075,5.112466230061789,1.0539940509305827,3.908659383315774
13,24,72.73227560394858,2.1398540825577497,5.1924933176880685,1.2288720271470437,4.5107043461220915
13,25,51.67276862613759,1.1486014080092863,4.5073064033962424,1.5199213725926732,5.264542745211177
13,26,60.514374225731395,1.5436405984652426,5.381545204346218,0.9574910050224803,3.553410896617094
13,27,60.12362565584915,1.530077088812212,5.610062152683076,0.9720127474563247,3.7279522014467705
13,28,75.59619147507617,3.7351719398842294,4.937866843072112,1.0267876746837343,3.9305185947235954
13,29,47.26094583405438,0.8405199753178283,5.242130273899406,0.9365534464635754,3.6023787182294416
13,30,60.18633708647578,3.0513603166822536,5.522387466383924,1.0387964464699921,4.006183919556359
13,31,52.263303888250064,1.8952840325129658,5.159781350999854,1.0595283465172152,4.0114342703958075
14,0,52.402591429203575,15.088587471185708,6.387265202732118,1.180706195992931,4.445610441661881
14,1,41.70862747570739,1.8141037967368052,5.04576644661378,1.064257526204167,3.8006913080501254
14,2,43.95048996698608,0.6554355260644622,5.150870609105105,1.106466481341016,4.006901082530693
14,3,56.99156049556973,1.6047546229465408,4.709655858085897,0.9491321566748425,3.432310941648228
14,4,49.51477375333943,1.7323134046322815,4.905933649163552,1.0736031458508606,3.723319374015272
14,5,51.53080898002744,2.5846532386024137,5.071125676842361,1.1451861503286143,4.0144712467345425
14,6,57.34800371808083,5.190769135910097,4.971204286275373,0.9084598799705326,3.3213286335181875
14,7,53.455464142321745,3.81512552908692,4.768076581604346,0.9612333433099183,3.438051938247121
14,8,65.22315525095088,6.693812272408689,5.207466360627633,0.9475199470012274,3.588206895895272
14,9,101.53183781901987,12.744845671988632,4.836621993420843,0.9527207193854466,3.6102204591149114
14,10,69.71616984069445,9.222529329886685,5.106040911590088,0.9930678963053472,3.9137565453133107
14,11,56.87329693907394,6.100318285800308,5.302809159432183,0.8608575186430691,3.349633879476953
14,12,32.5337980985592,3.093854246966651,4.641213114744716,0.5863643565536609,2.421929812115025
14,13,54.463270146806025,9.105906545048196,5.617171723738862,0.7604310170027828,3.195229902526638
14,14,55.147690888857284,8.999153148505581,5.38421330738371,0.8815384169489686,3.451210616617096
14,15,66.48364391360327,13.762859015270507,5.527950529852927,1.1280447387658583,4.552105380682524
14,16,79.52315079639285,15.010994423184652,5.463677957977891,1.0871077096022894,4.065645742902037
14,17,80.18786371432225,10.54830420668101,5.560822672685771,1.109450360575691,4.330775375013495
14,18,75.35045667121894,9.579553645777462,6.17851568084766,0.874977418206317,3.5834699591616994
14,19,67.78018183983846,6.149337707616971,6.253364576539017,0.8715213455716064,3.5326155533892925
14,20,66.56599245865239,7.327645215507867,6.244622243561741,0.9322233239603186,3.71368176183501
14,21,71.99206420372117,5.250612556742517,6.13072959158362,1.0397035762117959,4.205649710473093
14,22,64.36302859741224,6.563892246863876,5.845559913569289,1.1346904460274878,4.387060725877575
14,23,79.71011844009844,3.990269399843513,6.276541309495322,0.9184670815760301,3.6734688933890727
14,24,72.07509225498917,1.960660712727952,5.95915889890345,1.0559541199064455,4.084448989293218
14,25,74.5963189068827,2.9451443013503855,5.336595212921649,1.3154330309180464,4.872439846369041
14,26,78.70142132804787,6.188966075715308,5.6848587577297955,1.1732782013690919,4.43206300806987
14,27,62.17071814999705,4.5027498721634425,5.865260260506533,1.1717705968482388,4.333224208586572
14,28,85.97686529010696,9.777486588277576,5.6981652434640955,1.0760710516384329,4.276738393738935
14,29,97.01626280956208,4.297623297264011,6.255061539628039,1.011226993269223,4.0516807021291195
14,30,66.17852815470988,7.864001249283768,6.102264929930539,1.049835802388916,4.1309318612768235
14,31,59.45632290993225,3.3533548989781807,5.8243632173980515,0.9349766832398254,3.803218722475403
15,0,37.64989911796857,9.00652478601135,5.878607886039608,1.0629026754762636,3.6611010107281374
15,1,43.517318687597566,1.2306027950955776,4.662441965449879,0.9503657748889438,3.4665953967146907
15,2,44.00051952677795,0.3276604362472787,4.739944941927439,1.2251118815718884,4.318515202923575
15,3,56.04959542548474,1.0058970396037707,4.929032507550478,0.8299130667458545,3.117991738430147
15,4,57.97093734707423,3.3626236733812167,4.773092572835992,0.8382284881445017,3.089541870457287
15,5,46.695703707599364,2.4738902249609795,4.634166592432227,1.1339904302493151,3.7436216493491363
15,6,76.5064811507504,9.735040831118479,4.610877912244753,0.7816905181344671,2.9684964659131197
15,7,47.89125575622056,3.880079790074472,4.494461283176041,0.884613821328494,3.035000558793934
15,8,54.413532767221746,4.2179869393630725,5.37178910166776,0.9413106548219972,3.3622068066216544
15,9,70.83112561532003,5.877450333266674,5.067714767558326,0.8293377237965522,3.246315303518809
15,10,59.64439933424158,4.9681815669569405,4.731368433409773,1.0361040132718253,3.698450603411135
15,11,55.40059817435596,5.497454534872658,4.832448968503024,0.8968417517657556,3.214095213046675
15,12,35.68126801785198,3.995912447494932,4.448650782834104,0.5050912535107273,2.1901074898502735
15,13,76.46579096951663,18.228150930808507,5.574029761580896,0.916204832447681,3.542873779338053
15,14,70.61476081302021,10.375760535149777,5.196345436562349,1.2669910611444841,4.594033061144254
15,15,47.3791530715932,2.5901323184876817,5.282238543143184,1.1158036282050174,4.221924930211697
15,16,46.2234473739075,3.5140891100396887,4.8249343792867965,1.1568360455011453,4.026905809313268
15,17,54.07892731445309,2.332066789662875,4.922473313513943,1.1291182303322325,4.097430030068967
15,18,35.10694028818372,1.1026515483381234,5.581193759825027,0.8032586586933643,3.1583177754276734
15,19,40.0751807784323,0.5785644348789707,5.2112555560467,0.9003297179449703,3.4006713656648477
15,20,40.197544171373096,2.27591320849723,5.412864176861692,0.9037618487958028,3.4570530268658555
15,21,41.13704218437783,0.8779893104820962,4.393980952699089,0.9266593519299882,3.420050144567221
15,22,41.347453170952136,1.0352235512867562,5.376013663461892,0.8534552641502309,3.234440108895704
15,23,32.25579821218632,0.14990203052791612,4.971592477982792,0.8744600079539495,3.291048923037877
15,24,41.43840825946844,0.3823430329579408,4.489224813225601,1.0187699024675805,3.5375401655942835
15,25,30.513737768296153,0.1121794024817291,3.9986836865999464,1.0234455286722213,3.4299788232244697
15,26,37.1770131805323,1.027214775299682,4.802731491648721,0.9608450724874436,3.403050447297772
15,27,40.1629790829445,0.47640664150550577,5.266750357157257,1.0491250589294854,3.750050727927039
15,28,40.65278281800154,0.8525595568502219,4.938584888949686,0.9152690244859816,3.5154529121924623
15,29,39.81804581778191,0.7010913521588635,5.406518570085498,0.8594210364309056,3.3781804703787652
15,30,39.186086547248316,2.367888966409259,5.382369695624789,1.0514029446812785,3.9235898686167485
15,31,30.689647034662357,0.6208065030549828,4.498830003472955,0.9252059075344974,3.404775184145722
16,0,50.48364369341343,17.795855735021533,5.906315522164883,1.3124602218921169,4.7652455741489845
16,1,18.6466205760504,0.42427530708209393,4.685126992412945,0.8659833462204309,3.2083030986207546
16,2,24.315113838317366,0.26168546515986685,5.4082560218617,1.0300762883958408,3.886149724904631
16,3,22.780081059347033,0.11985481731306968,5.091785834800717,0.795796030800842,3.083271099016592
16,4,24.004129046429775,0.9571395414994466,5.260327742240122,0.9129833950233834,3.4198765632423402
16,5,25.990170150146298,2.0334844942187607,5.018984417674866,1.1324556601459932,3.888493467216211
16,6,28.063451173085404,1.6160781503517092,4.8413842050530445,0.8523139980092767,3.2606662931034625
16,7,27.194726293973254,2.1409982092945774,4.9966477028246175,0.9377259206477966,3.388965714574409
16,8,29.157085530582485,1.5422833290593416,5.705632086750219,0.9798552620968479,3.557116079993451
16,9,37.64834174440003,4.268844070161507,5.535692163341339,0.9452563685708224,3.610521591344268
16,10,71.07866387164343,14.747800899603638,6.057487645838182,1.0597496303092795,4.137269350919202
16,11,58.372465084399664,9.117980808637197,5.96091254158739,0.9667388576129925,3.5968598805612246
16,12,77.38987507158518,19.682390944653974,5.597666126769483,0.7156225852056686,2.841736114050718
16,13,61.16741403241438,15.250985544097007,6.495072659424005,0.8926030712623865,3.5471972041525577
16,14,44.35050408250855,6.991112346614477,5.756521780007091,1.2342828879290426,4.634893464858718
16,15,63.60269085014873,8.548424808027951,6.0005234704912995,1.1523526456368964,4.534173192860872
16,16,47.18428464704208,3.966514076059505,5.435048439949146,1.2419182356094112,4.392400899951411
16,17,70.84472898482296,7.721389324556691,5.9165804029833335,1.1182418942951262,4.288898497000597
16,18,79.78396047034971,3.5457083121367816,6.6616646582425725,0.9039060600157871,3.6548325726100552
16,19,72.97106956266403,3.397784432055162,6.385143772258509,0.9209769385320072,3.6806616458512655
16,20,57.690142843134744,3.4621400110736733,6.034971872357726,1.0856388331519335,4.134430097624461
16,21,74.36390813341556,2.7119880918995083,5.378010252464913,1.2640739509586556,4.6292399656875185
16,22,53.53605369436747,2.644143434560873,5.54468163777485,1.334910026514561,4.8192675258694875
16,23,62.70213387701937,2.92356731424603,5.653261230549061,1.1425523574776157,4.186683010053167
16,24,71.09108301074146,2.093807604700154,5.417381245395278,1.2555074709523542,4.432802344399506
16,25,42.43025812420165,1.1469952747737382,4.151312536401256,1.28213608458685,4.2045226023344675
16,26,60.03868380286501,4.667136905231373,5.273125876709017,1.2006267777848176,4.320737176887617
16,27,56.38612430082644,2.848863134824642,5.500564246289653,1.2950074997938588,4.500710215402264
16,28,56.741249327110275,2.935698198757321,5.586651804591783,0.9890836636093798,3.8925065754955055
16,29,58.015749744576375,2.8236507869562057,5.931103365827704,0.8751759493200542,3.4171516781152356
16,30,37.53453213487127,1.8391100873570365,5.40364722780327,1.1873905905162347,4.305731226029646
16,31,34.83876457816343,1.238684375940675,4.7037551002792295,1.049839662843942,3.7456198549291537
17,0,52.76523415229437,20.113081736262487,6.317748810078502,0.9932672544066845,3.62070823368153
17,1,44.13094504331954,2.2158483815391654,5.323793704592667,0.982915742583093,3.5888579308247626
17,2,35.9773916587707,0.6423271795479059,4.823464994076618,1.2665544192257627,4.405991321025692
17,3,26.666033541793645,0.4554719406819058,5.148769362375303,0.829730543769875,3.0962783674218795
17,4,30.4242504815277,1.214410058282195,5.268002264610951,0.9550372140023846,3.5236814827990672
17,5,32.244597270291166,4.101599819125866,4.875036176501744,1.184457213381437,3.8737245638704305
17,6,35.673556656465585,3.012744607318478,4.872988026382758,0.9700204148281193,3.441921448173792
17,7,28.921910207167507,1.935691477285661,5.083115853413514,1.02656754782853,3.6795855998884814
17,8,48.24540761127237,6.094813039384656,5.6474241670454965,1.2126179518053704,4.27377821632859
17,9,37.072706084976836,2.824990843983546,5.1926593004849835,1.1128249279784974,4.1464313296694115
17,10,42.26595506609505,4.392727616935144,5.297996821868887,1.2867625985984326,4.842728087916578
17,11,29.513354051401855,2.455037743768104,5.284827569852567,1.1819393448883293,4.329722510835116
17,12,30.74752222247021,1.8861333890467922,5.0268436648299595,0.5926901017551547,2.48724312229807
17,13,23.00185565804366,0.8597691710997983,6.227222666822374,0.9416286764554416,3.704903500989687
17,14,29.561459061734958,3.1341287135603504,5.093779790960164,1.3808936890443784,5.123256497276212
17,15,31.695245180618468,2.6816894459716094,5.487818757713956,1.150800504570567,4.370615901561991
17,16,25.096982053360406,0.8250919275991923,4.906202277527047,1.1686218856772523,4.003788560188854
17,17,36.07130207909121,3.6785600520565183,5.704900528928205,1.0062112482879257,3.710485511679309
17,18,30.377811945264163,0.9218413242828969,5.878635157332778,0.8865575685629619,3.417843652645426
17,19,20.691616040240948,0.36677385619639824,5.702557871594436,0.9491133211985883,3.5671331726144304
17,20,32.798063115404645,0.7167942336739608,5.690837531929017,1.0990513006512392,4.045932713619267
17,21,25.937401900046485,1.249402635578279,5.117447692189622,1.1475443991440821,4.1045262910823315
17,22,28.713327107576717,0.49833185827192933,5.704400131198224,1.020175653944004,3.813723707300631
17,23,33.539551434831836,0.41364147090526293,5.750804006877761,0.9456982250102648,3.5459739054526103
17,24,25.77428808562119,0.29111825161043847,5.093792106243015,1.1729122500246412,4.0075943245346055
17,25,31.503153826685313,0.3220179196524453,4.233099693871729,1.109131345328862,3.616795378838477
17,26,32.62519870950397,0.9761223136567513,5.027527008733276,1.1319913296967474,3.8074550069584174
17,27,43.843459408883746,1.4093492926682638,5.296529752003348,1.2048230985039652,4.1245434923569695
17,28,49.19145074133925,1.3528085228996334,5.4494082966783095,0.8190449648751192,3.1654752925637286
17,29,37.92093781711394,0.7427625951935249,5.356327346949409,0.8679558899581634,3.2524211128266445
17,30,52.59770366988334,3.3600220906433504,5.668385830202032,1.0325929610503621,3.859556521903241
17,31,40.82929611445885,1.0381271063202409,4.62574819095088,0.9120997333980068,3.211622819472904
18,0,16.59572207175819,1.9111054443327733,6.103799769881508,1.060178131522112,3.6003238383327214
18,1,24.48196009163484,0.6911045766768841,4.570039100725552,0.9762388960476267,3.3769168555214417
18,2,21.766463110768974,0.12414141467919933,4.9670269927198305,1.2242821482870365,4.363234221091613
18,3,34.36053102563697,0.535280686649354,5.489832548586593,0.8379540314862126,3.2348804889765206
18,4,22.354565426318306,0.5154113913894983,5.454453200103704,0.9455758987912919,3.4962735631008064
18,5,28.71948132362042,1.172060378406671,5.069209605476701,1.2435566567717196,4.2562411044204405
18,6,27.150090854160347,1.7442530449336782,5.2459933921551976,0.9069293892097665,3.3828650143670114
18,7,29.370659639559456,1.725717024935651,5.416178577342541,0.9723561657165609,3.58322593923991
18,8,31.583325341360947,2.467307091584167,5.960016591979045,1.1930078629984004,4.314193918739856
18,9,60.34228836983374,11.898322927464726,6.14715895949956,1.1220181255868074,4.3179415896844295
18,10,47.80882114411051,9.666528405322552,5.408648226078064,1.3282563510648453,4.9560785790769
18,11,34.08201635354475,3.409102881080831,5.5966673097040704,1.1974464951982782,4.335498248511775
18,12,31.042007249833386,2.4532910986075733,5.217102809444339,0.6214408629387993,2.54758902899979
18,13,32.655890943571016,3.2701533510057867,5.96124822861667,0.9868806682666404,3.801350685136484
18,14,30.737961659310674,3.447719420500385,5.053277026992219,1.1941587741909148,4.372195957914319
18,15,46.04416742276672,6.125130965298498,5.286103986647988,1.2341233390765716,4.733083906235937
18,16,21.378575015839235,1.2879956088755886,4.547608664946125,1.2985867953547237,4.423220205998075
18,17,37.51278333522523,2.4927774246086303,5.509364327334057,1.139461834767447,4.2243423376687055
18,18,32.004634797103414,0.9183198292968318,5.68186593425145,0.9610205257978999,3.659756121740032
18,19,32.03299805228163,1.5145890342023827,5.483231588088789,1.1686635580339146,4.3487077576477
18,20,40.06133873602949,2.884418401765054,5.407963004446019,1.241378953304114,4.442841724016271
18,21,38.647678672299385,2.7986638098233416,5.025434941454501,1.2408721312049114,4.370361600643496
18,22,52.074232483362664,6.498373213655688,5.431620238224681,1.130903190162579,4.081354872344299
18,23,35.94705754796661,1.2724078773829097,5.552014713747182,1.0825838598341413,3.907410537662304
18,24,27.090400990187348,0.6570908721487186,5.245499472765348,1.2263891866038996,4.284130692988392
18,25,37.179945218051685,2.5039180059176154,4.5346298296781455,1.326336265697667,4.461677137873847
18,26,54.80816957931953,2.9868829876099277,5.250056060913725,1.171812591485784,4.099638321457808
18,27,33.674712441663544,1.8568368696181996,5.384066189688032,1.1742644858117357,4.141704043070682
18,28,55.425096192628146,4.130671880896676,5.61516196917272,0.9090997199122572,3.5331336370600632
18,29,43.9881632570625,2.1706196426722,5.8440702701708105,0.924149754084258,3.433931653938283
18,30,43.66162049036878,2.551243311617003,5.563799052170686,1.0967095302448469,4.063081622582108
18,31,47.293593044490144,2.275173167551932,5.3700703936058956,1.0912890360678134,3.989161947614253
19,0,24.415997392904977,5.743395055637114,6.176739817871024,1.1107902304289174,3.95887797360986
19,1,31.468796432307094,0.7523212239161792,4.290253358329522,0.8930994703089512,3.1197697580234296
19,2,33.001429267626484,1.3036426976881061,4.193432854586105,1.3882687937754232,4.557700974475566
19,3,25.66635292670807,0.5414872216129198,5.277268798651957,0.8192954680458913,3.1407706056958506
19,4,25.324088280747684,1.9278770862559518,4.966660086268169,1.0396921948647977,3.6492750968426013
19,5,34.745997311807535,2.864269265329305,4.427753293950918,1.353781110717275,4.324906297899836
19,6,37.30364118060916,3.0584561185471584,4.781006403112741,1.1073158289392326,3.850358756078124
19,7,28.621050950813142,2.316569575142824,5.087242255822417,0.9912786017424562,3.568594478091974
19,8,43.094100261743264,5.007875979028616,5.454219146707283,1.3223501805695275,4.749326542291567
19,9,49.29456295603717,7.665551767165467,5.2663147634100795,1.2756958803755687,4.851080509183112
19,10,51.23515982517463,9.625141609642,5.344321172479418,1.4057801505757688,5.387924366713138
19,11,36.96124044984138,3.6451246863302544,5.494304876899845,1.1719487724700022,4.444500458937826
19,12,38.086564049790915,5.794967087398749,5.2565754352723415,0.6167931679586376,2.5704138407608905
19,13,47.857174957237405,10.231313853264595,6.0284096565418945,1.0529582264819073,4.111625723599761
19,14,43.74051358316548,6.069178410619111,5.413029316398029,1.2778870618230025,4.607525910820247
19,15,34.57404494949964,3.703464163411064,5.335631692755882,1.3402706643216469,4.947861304362107
19,16,35.98248411197237,3.652623190614343,4.232145893015073,1.2781597225992662,4.230241168746669
19,17,33.12982730051817,1.1690403178543567,5.017412955152164,1.2390313518070357,4.423786942898105
19,18,30.0672023010384,1.5513805889882315,5.7062136940214705,1.0287916408129112,3.9031517453021203
19,19,24.48849540529792,0.6769680408452323,5.387870499322181,1.1009379557428325,4.017456479313209
19,20,24.1470072423804,0.35522514307166586,5.268700747247466,1.1455542266615328,4.036933120547797
19,21,25.4196940491426,0.7405263237894648,4.51532880084077,1.2815036818923824,4.413838196757084
19,22,18.45529667705182,0.22167719359454685,4.7462218467105854,1.1790927101320987,4.029696113311221
19,23,26.902073175566823,0.13587273008213624,5.0734929094735985,1.060946495350457,3.691558756274705
19,24,21.820083401025734,0.08101090622998264,4.433628668669181,1.2925759609341316,4.20575104479603
19,25,24.852795388034956,0.13441330230944795,3.971995743981655,1.4041713813772243,4.537197918022373
19,26,29.406436150249412,0.44168312632593,4.89208776536344,1.192479491140686,4.073565161222459
19,27,32.6481059195746,0.896552100377485,5.111820860143478,1.2100799111942822,4.112601000951602
19,28,41.907861816697086,0.8996789126810582,4.956245620723092,0.8665228249251262,3.2873834513990263
19,29,32.365494957192155,0.13385301806895825,5.24121782847868,0.9682564091064876,3.3926798083766285
19,30,28.086411306005537,0.5266432781568097,4.8811821731940865,1.0783208427876572,3.894642024256452
19,31,33.58910259781656,0.8090686952403312,4.3729371408466,0.8796079610738401,3.094516973103756
20,0,25.007869565470294,6.115251089888961,6.402638963399848,1.0304348576430193,3.67357457535327
20,1,34.50170844215086,0.7693500285685149,4.648219863646853,1.035367992977811,3.625215196226572
20,2,25.957350924045514,0.4095238685652901,4.577913442246108,1.1598308396669532,3.832126431973986
20,3,35.03163595028354,0.5195026993533277,5.481049075402688,0.7503131264694067,2.951695491342207
20,4,24.201540278087982,0.5040593837108522,5.1185650198101555,1.0063844306745953,3.6158439602406354
20,5,42.166634279860844,3.864091942839294,4.6855473825169565,1.3069854951009159,4.265066855562631
20,6,27.052934516907314,1.1570887624635195,4.954395393480389,1.0893220378549477,3.844895099119821
20,7,35.627843322430294,4.351145430461108,5.10442794037832,1.0226719861036635,3.6786154751342455
20,8,40.73782904004369,5.385969215038024,5.420251014907977,1.3523353579019801,4.848945099630948
20,9,42.003291045291355,3.8917929963633484,5.74990090478309,1.307629194099861,4.9991182543136405
20,10,38.871579168371866,5.312379152519454,5.015629689368825,1.4584189387344306,5.5993768777236115
20,11,36.64400617657884,2.9650250419109416,5.416020661425468,1.2588032699977578,4.763798974022676
20,12,40.81486454086378,4.392018277697069,5.456329724470912,0.6923486867215045,2.7523210142871863
20,13,32.58594313664888,2.292781358694849,5.348291282982785,1.2079769430907277,4.503253329088813
20,14,37.928324415740896,3.247236959761701,5.175943246819794,1.1892112522896028,4.332272087047012
20,15,31.538660676680205,2.853654512120057,4.9587850641151245,1.328923882649086,4.81914188069855
20,16,21.49843680856341,0.6326180408597099,4.1161419331420745,1.3175866134376246,4.373011408186703
20,17,32.13543807614583,2.4598614964372745,5.1939507802144425,1.1921036930528874,4.197835257524475
20,18,21.83566588583315,0.1512742405236333,5.7186900827297595,0.929913742481137,3.5237374196088878
20,19,25.285468145024613,0.4010829896160675,5.628171998422067,1.0787974096805613,3.888591249529176
20,20,24.75059902734311,0.9815989915885328,4.969346794572959,1.3445534645759327,4.449725578483797
20,21,28.627653023830902,1.4636802474578716,4.887243728445058,1.2294601405427699,4.313492503146879
20,22,23.13007565054371,0.7123912851116964,5.244904674249451,1.119907440650814,3.9730717258861543
20,23,27.440625355731488,0.24476104002590177,5.229711525972097,1.102173331734659,3.8711133772258735
20,24,22.260424805945377,0.15188882229153441,4.898523075983914,1.246124081890943,4.2731339926673115
20,25,26.92138130296727,1.4136505403900765,4.324790782351808,1.3711867526270654,4.602450225339758
20,26,33.53717073352563,1.5894101602199862,4.726028602686017,1.213979236654188,4.029974839023387
20,27,26.09063452341718,1.1476664835433723,4.859751582575278,1.2049257222347611,3.954267067713532
20,28,41.7696503071879,4.0882015925133,5.063258953077031,0.9007696541292338,3.458740488649349
20,29,29.363067781437643,0.9630251240200445,5.3132393586669835,0.9803277251912839,3.5450067406656927
20,30,38.01735156940455,5.085707405969629,4.973635904979291,1.096254504802939,4.050352973574335
20,31,35.40556129542473,1.642844614382856,5.0362650288178665,0.959834268140507,3.6010895367635647
21,0,10.828817395238682,1.1607479266765734,6.4159294171372885,1.0225185885271344,3.589348036475905
21,1,19.446198936550438,0.9280378997075666,4.382235953247194,1.051674766169481,3.6182714210470155
21,2,25.027518267347716,0.5751858092677757,4.21162714044994,1.3854719161418867,4.516214663080487
21,3,29.83075119010413,0.4170797892599225,5.243986930424892,0.6942003605144969,2.7958808254045295
21,4,22.775055091306378,1.01201666720294,5.0056871841917605,0.9485659058421065,3.4159557873088597
21,5,26.984361952222372,1.6009358655476706,5.052738385193516,1.258024565358939,4.304085995929792
21,6,24.80077841731733,1.0786766337100837,5.093068716651869,1.0739702199847132,3.834621420831091
21,7,27.759132622262804,1.5328125946602447,4.969736729729249,1.0462943307788812,3.725931990953253
21,8,39.124156915853604,3.6669307819125274,5.672260987214094,1.2516149971879456,4.632528686763633
21,9,26.319627804645798,0.5735956183385423,6.000034163924067,1.215513265344054,4.667991276451215
21,10,35.930030884931725,3.1350459569070876,5.234113469430048,1.449209188903847,5.535242665076687
21,11,23.64331315251276,1.8259226828136021,5.498861787569541,1.2943265967246456,4.820100037692524
21,12,40.67914259373566,4.557581673828368,4.850725538050995,0.6069467475403822,2.5023564384476917
21,13,30.617854185478414,2.71673133059568,5.644025540640079,1.1639923949014728,4.46265971966345
21,14,27.18027671644421,0.7102928118170065,4.92308822127846,1.2445512414279705,4.526155441450803
21,15,33.248937830173844,3.037148536097283,4.780633439794485,1.398819194955296,5.289626941185675
21,16,25.545115703351314,1.109175376711047,4.234423673901614,1.3227374943093642,4.568106828666344
21,17,28.879808591796312,0.8333491855545402,5.323966836074517,1.262154820274774,4.67729648022316
21,18,35.246399045577036,2.9960132624289435,5.4678389290476535,1.0958854495127355,4.025467445676164
21,19,36.50853994245452,1.633962993292542,5.259027474241171,1.2611714958735947,4.571232414749445
21,20,32.273401214276745,1.9887914911782771,5.420086588247191,1.3709068543881786,4.973943243015335
21,21,29.73686365132813,1.0206905101150705,5.225893977371017,1.345949403626495,4.87592001321195
21,22,26.199058399030722,0.9437991580586936,5.410699510609318,1.2070750578207647,4.357019242993798
21,23,28.34062863312046,0.6093218151628226,5.306897285157596,1.1762029050180054,4.245333626844241
21,24,29.59387292055263,0.515464452427385,4.919793503974484,1.3482694630839749,4.76845279121057
21,25,28.354110427059155,0.5369023915873051,4.419647656600963,1.410311415437418,4.81407120423046
21,26,38.834060640926474,1.1451063258781575,5.301029486409378,1.222269191930831,4.384616873363458
21,27,28.251583296588244,0.4169533641493931,5.766161111762473,1.0199831088880602,3.754930808154711
21,28,38.96727429095682,1.7779901989993019,5.30448321093291,1.0165518374762934,3.992537871500797
21,29,29.16379508654986,0.14162509156929448,5.363893072626661,1.0503800353568966,3.836568909639374
21,30,27.245497813249287,0.44428510658443554,5.246527925341747,1.24500723898651,4.685910226882228
21,31,33.55888949487793,1.6500338534150611,5.1226846004012145,1.1828923113779988,4.325530591088928
22,0,24.621240593426734,4.406511747455472,6.066065709339051,1.0824854906707868,3.8509028564972962
22,1,26.74782487683416,0.6209835181849876,4.558384884935998,1.1092130040403125,3.88177289467503
22,2,28.66839447455084,0.7409342033149141,4.088010345298342,1.369580064437173,4.4223381835577875
22,3,41.88986204983591,0.901564871326046,3.991008202549236,0.7809496978230808,2.8469711696984494
22,4,22.729427384744636,0.2722051514551099,4.647728013009261,1.0511267245019518,3.6280058096450976
22,5,28.53361547396609,0.7145041337950493,4.508535280648586,1.4104870727846697,4.618058975444542
22,6,41.51840168017982,2.7413214798947605,4.462475881216131,1.0079609549147577,3.467231186276644
22,7,34.137089130852004,2.5397621333784617,4.36389196220634,1.089380611625268,3.60241273789004
22,8,44.84868789175116,4.288022752955744,5.047616073921078,1.3721393780150937,4.74240812977287
22,9,30.965271415741203,2.9282335620198148,5.485972449554402,1.298491671023446,4.849501940821328
22,10,32.52101062954143,2.029524037381669,4.629037194472872,1.52608218691182,5.806619318018864
22,11,25.56815594483814,1.8563662613669965,5.3598818104538815,1.2542607606185463,4.543275585350051
22,12,15.914042267262799,0.4236256658174897,4.638006342825182,0.567066195585781,2.384004184606546
22,13,27.179116104960947,1.202541350021103,5.435219233848867,1.1215564493274055,4.270382741784232
22,14,22.282450310623123,0.7610253797136598,4.8976931011390334,1.2715257202887322,4.709042399624875
22,15,36.71028066397363,5.830078114346122,4.905897411226422,1.2488564123845354,4.557662394443872
22,16,20.708268309310796,0.7474097824974939,4.408709520334844,1.2443802506350146,4.289283590323339
22,17,27.527548228759567,0.9843011465970236,5.411582078524055,1.1713641293214963,4.232645014119925
22,18,31.807402599310336,1.980378631372232,5.729278577881217,1.040966230488527,3.851815891830301
22,19,41.633237975216545,2.324547434431582,5.52809009937615,1.1029378957348532,4.01989907502973
22,20,32.211353138305036,2.324978688757288,5.176459387965987,1.26167375364175,4.415130883053429
22,21,28.64817570498719,1.195561412492344,5.101489361881654,1.224445955055094,4.365509386570157
22,22,26.32334693557263,1.3353352999456156,4.948278934199324,1.130485508590823,3.8178239377649703
22,23,34.21183731149498,0.9802072847470411,5.226127951602631,1.0893844710831386,3.9419281476498433
22,24,32.11278005903644,0.8758201717631591,4.995872813009189,1.3585847669355662,4.809332394031862
22,25,31.83804735340724,1.3707096358584312,4.309372211479271,1.335960114272571,4.447789898711309
22,26,36.94062477006274,1.5304781993112397,5.251587894457807,1.1407212637318151,3.9378022971349114
22,27,28.017091509557545,0.6355879492375909,5.29898562800139,1.1350041882503241,3.8879653629923436
22,28,55.20529497367925,3.9983109796221172,5.715819874207201,0.809843924267466,3.2880846843241542
22,29,49.91572619400925,0.7347329035400209,5.783955640354161,0.9979567775864933,3.667592845291467
22,30,28.591658288471315,1.1551895735884778,5.472681720757526,1.101824272051834,4.114308968941648
22,31,32.610061104650164,1.1232339750786875,5.343727645604602,1.0146802270193636,3.675621846005803
23,0,22.690254115915998,7.293782794776589,6.296109751085887,1.0016464417978108,3.6166080762778234
23,1,43.740213388900926,1.5057437629579447,5.0421154490159115,0.9973525529339584,3.5889381422625646
23,2,44.9372292891917,0.9914642888696711,4.2875505643802185,1.3516942974785033,4.5334943193913615
23,3,46.48118205235474,1.017466376299596,4.885474579552222,0.7402566726579405,2.874024353726569
23,4,24.115995592574745,0.3579648802140082,5.062122102632884,0.942563715907017,3.386771207032648
23,5,20.84887437664855,0.2521426701428674,4.704794295559827,1.3208311485532152,4.200391587622685
23,6,44.313566373336265,5.060660765536829,5.0724125956908015,1.0191723441865266,3.6146236809328696
23,7,28.871972168050366,0.9675121729396401,4.751648199361211,1.003124317811265,3.372860823107358
23,8,42.49206225831797,2.8283115751608783,5.543686940399242,1.2469732942302532,4.432449566604459
23,9,29.933774805582473,1.0646862223287192,5.7490336505870605,1.1682395889340746,4.4250267641346674
23,10,31.04602506076012,1.6496225298388167,4.938485852815907,1.366114106532522,4.9888065912141935
23,11,26.00011655419534,1.3813916682674856,5.484769919537766,1.12952502163101,4.0244366211732405
23,12,27.083919741321914,2.124482101806156,4.783893181933816,0.5737959597705684,2.3626554889319364
23,13,32.80558719845462,3.578336538797916,4.825445494301951,1.0184109039350062,3.6720622235118516
23,14,30.16986251415564,2.2753219888204455,4.5679140345048825,1.1924385669072386,4.196485577535851
23,15,33.942893725783534,2.546985333083297,5.010106474893565,1.2901375989522714,4.643473083928172
23,16,32.95795715314621,1.9446339689989176,4.447036336474931,1.1741196057890049,4.053922526191867
23,17,30.197890545551083,1.4976534566499362,5.259577654578504,1.1039806859249701,3.8435182406858237
23,18,31.455111876503484,1.8186641559286434,5.469242014412571,0.9756394319433337,3.639656686697862
23,19,37.2755948724554,1.5530903817175483,5.361038037790461,1.2010205823996403,4.300428145943526
23,20,36.829770752895314,2.560377422203086,5.326456150274828,1.1898160868574879,4.183484674649528
23,21,33.49692544506291,1.114073890007776,4.933662108798778,1.1922676102422969,4.178606926581691
23,22,20.8739703076887,0.7055364542619711,5.06388502729991,1.1123140063229568,3.9017458378692034
23,23,39.55572776368463,1.4449353785593735,5.247378727465062,1.022542497889483,3.6777987814318966
23,24,27.90633331984202,0.4001315929926844,4.612461120776121,1.3261038410628752,4.341944901266387
23,25,30.002723824290285,0.287919756471015,4.000987608734421,1.3875602306319283,4.424777169001613
23,26,32.0432148114962,1.0809663197501047,5.154612308449405,1.1315300204506604,3.9093976647033677
23,27,27.87097232724818,0.9730096228286982,4.979176785050042,1.2278231131186441,4.198546613374733
23,28,53.093475102845666,2.2360478748208306,5.452193202779277,0.8179176707260805,3.304168673737527
23,29,40.64749306102698,0.3468098095748031,5.269996439133707,1.1042222657398542,3.892427740241158
23,30,38.30098338647272,2.0058014607597032,5.263883772704439,1.0479589996476477,3.79774909320117
23,31,32.34329134009074,0.6394352358259604,5.096209485679058,1.1247635867417651,3.937392726686986
24,0,10.705541692552153,0.5516148584346661,6.037007505011969,1.0826446131865417,3.7629635617807224
24,1,27.049644599821796,0.47556647239067257,4.325983731119258,1.003727495871166,3.312999284962443
24,2,19.999647043813564,0.1420991616568165,3.9056868452581677,1.3823960608238641,4.4362879233691
24,3,23.24881978075531,0.3264357377477828,4.693219902707929,0.7845320088322012,2.9738628472308086
24,4,22.24338686002587,0.26046174071896966,5.040025833768857,0.949159876135897,3.370794837955173
24,5,15.28564281092808,0.527901607944334,4.620199169407576,1.345286009025079,4.302613768178994
24,6,21.063531144379894,0.45181905336516476,4.896175311822923,1.0737726229474012,3.845330236240706
24,7,19.28572570751278,0.820888293558214,4.394376682311719,1.0515630175730584,3.473590952586521
24,8,37.08975528798981,3.932213857305517,5.1956484832372745,1.2114418023532902,4.372686188275948
24,9,26.989877394254812,1.8724242918006477,5.797720849070567,1.1741568018530337,4.525057506121219
24,10,22.376463536833793,0.6745346826588091,4.79655447360612,1.4788929002635989,5.460916313409468
24,11,20.018067669729458,0.5434697855938008,5.4224050583048715,1.1885115593238549,4.4104819340431565
24,12,22.15378481447933,1.2474957981102415,4.763591738010099,0.6381812857468097,2.551481510109564
24,13,24.094106359263954,1.6425774649048177,5.2663516245073065,1.170184684936018,4.3512515048321525
24,14,31.86833237699153,2.1124249188422697,5.23672727219175,1.1901947027210031,4.357049367323229
24,15,40.13008841702972,5.869025237093966,4.57924981704559,1.494717227441983,5.4823441058621425
24,16,33.34738605218557,2.7889245165984615,3.989938266789701,1.3658041160118772,4.626984693670074
24,17,34.170048842709484,3.4589206808727724,5.2296649857963615,1.219579613408733,4.403112778211148
24,18,41.0309751203337,1.7942032380123034,5.651812120100004,0.9847641614781057,3.782675046285577
24,19,32.53057320942945,1.8191058030952618,5.488282997495492,1.1895838583120169,4.3645618787786615
24,20,28.46542739278887,1.5472379402885863,5.1506957590915485,1.233841919448639,4.393044072422094
24,21,27.172464388844617,1.3605752100079829,5.1212650180206545,1.2412181762591095,4.46868784322819
24,22,18.606616577151172,0.5053483055221618,4.988911138188923,1.1463067452957958,4.150929699828144
24,23,22.1185914841989,0.1686187539308613,5.122624624134591,1.0489640271747795,3.8059065143186612
24,24,22.8660696454429,0.06367226067097174,4.208891459761832,1.4049718530358533,4.647610260752495
24,25,20.38754279430285,0.41264014342207816,3.893074557590569,1.4229444038338532,4.586396322464922
24,26,30.856058380771408,0.6629623285105471,4.948784911029514,1.222350709520465,4.236736750552954
24,27,21.840691866097366,0.5173604890092077,4.697955702195236,1.257264979462665,4.303560351381617
24,28,31.993910594598912,1.2975685492438913,4.821996510139998,0.8840673272002633,3.463547351831085
24,29,27.904932531589623,0.3124386114390105,4.888439816512234,0.9885079260572436,3.5133596409308105
24,30,24.548394959809137,0.6391194207688446,5.0814369984099415,1.044303185831053,3.910304903056707
24,31,24.222646441400332,1.0171828003621224,4.936449020684529,1.0822158982946446,3.893892545021162
25,0,21.07501470802861,4.5595631310284,6.3949367715992995,1.0638439947763363,3.7617249304459914
25,1,17.746820098789645,0.09029261370550302,4.599348164666873,0.980217430954248,3.4409687774865123
25,2,21.083306954798882,0.18514088880912585,3.836010095204044,1.4335535521727363,4.582608330780584
25,3,20.345278663304907,0.4521872035532043,4.250374534614468,0.7992034431803443,2.926592724077045
25,4,22.866391925835977,0.36341687121404326,4.630408090353197,1.0008487476547812,3.4612373643769936
25,5,15.950151041513198,0.30486918996041346,4.4567415070147725,1.3940104035690384,4.489924852576176
25,6,23.75322900631266,0.31820427777992183,4.70110596351727,1.1535226421547176,4.118789033920915
25,7,22.582087172260096,0.5715576858458944,4.320218507019769,1.1313202433474654,3.709305903937209
25,8,25.629959486857686,0.6399272172886592,5.148127461784809,1.2933002548612684,4.577176479318691
25,9,30.2503059551662,3.316186229809182,5.663906345169275,1.2557910753592791,4.807380205989491
25,10,36.40150575413687,5.5652341082121275,4.76448018714036,1.4423697060738592,5.425034227405178
25,11,26.672556391499572,2.413983892050889,5.396751490958641,1.1606437414949733,4.32131649571717
25,12,36.95442227968414,6.361788670703799,4.167735230220924,0.6644097250004766,2.5754237255646752
25,13,51.42218883467959,11.473964883335041,5.526467250071368,1.2072148765905446,4.544262936666431
25,14,52.91701701948735,9.441072539753755,4.816696293456146,1.3074145429905046,4.8444910698567885
25,15,42.74052402151399,6.396759910943479,5.072159251805951,1.3289992873624996,5.139203843299108
25,16,26.34136715641931,2.019465000898143,4.398636599559957,1.450115116296165,5.11556418526175
25,17,29.07301425678321,1.106713442116345,5.200409925058334,1.377090934135678,5.208526930330137
25,18,33.71373651989866,0.7490250271059851,5.679796742386178,1.194777647730505,4.528701312621004
25,19,38.294265991426435,2.5546809672418807,5.624316003679267,1.1765179000732164,4.412560770633436
25,20,28.57523114373949,1.3199356933786133,5.504583873538559,1.2313491147391442,4.525230990116945
25,21,44.949087222927815,2.751768383277997,5.633542595961458,1.2149903135687108,4.583412312779959
25,22,36.776875231114374,2.1460213602786284,5.583271062173097,1.1942490487189588,4.3795219859675765
25,23,24.73333395745479,0.36552371519897386,5.586411216754144,1.0486415233455402,3.8140562495333237
25,24,34.38110698034593,1.0362163475109498,5.127136042434474,1.2898581047428728,4.643530274424594
25,25,26.752288190155383,0.5023567206581895,4.744492114841023,1.3424351631474618,4.616366031040586
25,26,45.452903965383385,3.2319711954510946,5.188840777932918,1.194687613534792,4.3610877483644765
25,27,39.874814391340266,1.8449647457103528,5.946066458717117,1.050005174175479,3.949217276829352
25,28,48.529436574601604,2.740999193537371,5.633420489603832,0.942833153165008,3.8545358243969523
25,29,56.39276097094047,1.6136159231675915,5.6998767028185,1.0325624674307692,3.884454946743736
25,30,30.239433171895605,1.077009311646969,5.789150871757956,1.1174878378115949,4.343244029399363
25,31,34.02414367162549,1.6369970812474488,5.432204404065276,1.1093245248539585,4.2219789464562805
26,0,54.13200075312476,22.600558397567458,6.215529374438929,1.317742576748194,4.798359528575821
26,1,38.178112410084296,1.1938325807862897,4.942504824270733,1.0521896558024109,3.803181378354657
26,2,28.63070546670669,0.4812056886300785,4.429118893470705,1.5020807738210058,5.028791426295141
26,3,29.378343842576605,0.7539844947321284,4.851408515010123,0.9771599557543045,3.493038735737657
26,4,40.38979491990517,3.220935102320724,5.20411310122601,1.1941688211924584,4.228066952525181
26,5,19.387076220946863,1.7124470243799494,4.850943779950621,1.3863329028423452,4.659670363422833
26,6,28.54316053449432,2.0749233027269347,5.058954402861019,0.9215685360416588,3.419323862301842
26,7,29.470286822171015,3.837319629073159,5.1534598523748425,1.0332066512428462,3.628610623367557
26,8,44.065592492493835,7.059561768979841,5.619284454101245,1.265565408484627,4.532628129518306
26,9,29.422715917881405,2.1771852155771665,5.53056023147414,1.186876852783465,4.440537565673518
26,10,34.909208571128005,4.309036036195021,5.146423965963404,1.3697505574840498,5.229990287520214
26,11,21.110611446907072,1.4684056412747921,5.454019597943445,1.1156393530214297,4.175653917327246
26,12,11.097982985087953,0.815467762498123,4.394265817572514,0.6449640716556138,2.555670814627179
26,13,30.51572115866367,3.722678661137087,5.972496120158118,1.092662812520211,4.2725442042860395
26,14,25.4101204547358,1.5786698995837578,5.237767197409529,1.1873507209638383,4.580039868982763
26,15,36.669712252686594,5.912581150328222,5.407627687838264,1.2743571841385588,4.828944170312484
26,16,21.290597579130022,1.2198315285016457,4.564469195626609,1.4322048772685037,5.073511811329554
26,17,18.700835816585077,0.42338801727048836,5.085133265137626,1.2358704665505158,4.584296758814531
26,18,22.525099156826546,0.37840709866976685,5.485207527363314,1.2283558416202274,4.567141132214167
26,19,35.933049668659855,1.6994232711284134,5.550236192274848,1.1137258036732822,4.254779667005492
26,20,26.697445548369828,1.3661936177911365,5.347813357846922,1.1825358922930764,4.282320388852983
26,21,31.302840991319883,1.83431883847646,5.382179782595004,1.1545447824452957,4.290332511228107
26,22,30.317312768887458,1.8034138706313225,5.0285955006086,1.3612184901249327,4.826656123474216
26,23,27.374448725454926,0.4045832622588109,5.275450542138367,1.082495455072336,3.902082845053985
26,24,27.297398857448016,0.5190422473422105,4.724802756741928,1.3697266421290273,4.832171733336676
26,25,29.055603479738668,0.4878175086911686,4.172113595018156,1.4685688012430989,5.112549211835873
26,26,40.98627558046742,1.408475055105836,5.209111026647976,1.1479251780085216,4.252897237117137
26,27,29.06120452359399,0.5951902882772708,5.05039436205567,1.3764825337345004,4.818799492903413
26,28,39.88021034135335,1.853481758640445,5.281706086419037,1.0981765024663925,4.242738960342228
26,29,50.538439563018095,0.912762834257585,5.700787781908789,1.0746212784855613,3.982711725685673
26,30,31.722481851761763,1.9597961977934468,5.362988291067719,1.2297055692358265,4.6391664777871995
26,31,30.575419437268934,0.8864445063022595,4.901324686879374,1.0924372368827058,4.019593450109044
27,0,51.26445044529073,19.062477793337806,6.330209892661365,0.9861488520065276,3.5073273064932105
27,1,39.63666740836199,1.0732180033216754,5.103282861040787,0.9909962562434149,3.734458674085034
27,2,43.740707259053295,1.155048414488321,4.582081052682417,1.2138001107058223,4.24779417608173
27,3,44.95916158617908,0.737234829178283,4.980314638902553,0.7722481770159417,2.987207772637449
27,4,33.79374303088958,2.0967273459472064,5.072467490445316,0.9501867277442555,3.4064626593528313
27,5,34.431143699767425,3.2394055060690947,4.776146783719538,1.252506903612022,4.109370459690324
27,6,52.540306890336154,7.17461865789091,4.91415611531123,1.084184335951325,3.8098057710777575
27,7,29.286023163355303,3.711555453516704,4.660904005381134,0.9867415328872111,3.4090817536672997
27,8,34.21115140379622,4.314880177495766,5.917246752984434,1.1296861538551228,4.115992523440931
27,9,44.01929761121137,8.717167963971647,5.695871793607606,1.069965814901976,4.037427602180927
27,10,39.15605780579253,7.031255173467439,5.5519789520653005,1.3136380042032725,4.874687733018949
27,11,39.359895046942896,7.1719160926909336,5.3851890935708315,1.1409156438473964,4.180764117046569
27,12,14.347256891813004,0.11426756101688956,4.465438254518817,0.5359975888147712,2.2742979620573385
27,13,60.875593667315435,25.22193633517663,5.644277629433086,1.1631540251881107,4.309468405315817
27,14,38.460721852879125,6.164128285198091,4.634293752497371,1.2851407128900458,4.6746591746211354
27,15,40.85165731411324,6.156597855302877,5.335623986659735,1.2300136980273404,4.522318005798383
27,16,48.051123849655056,6.548189943047212,4.498340166413097,1.2203034238265325,3.998622948469015
27,17,45.481853116304215,4.791224746386133,5.473278409095525,1.1569726316579123,4.113223969627358
27,18,34.6656746341905,0.8117134350692277,5.5952413258549605,1.0823403846276936,3.895088137571116
27,19,41.82313484900098,2.5540705377376534,5.644842546975698,1.0175162527418857,3.740923180527238
27,20,27.773835818405725,1.0958300392572449,5.2581190445045065,1.0968296638324802,3.8836466316028595
27,21,33.05578651089937,1.1463048417784005,4.797655695443063,1.2077826971954417,4.193629378280451
27,22,33.52702924822646,1.0439969046604227,5.242887835879015,1.044332614708149,3.6248775132368234
27,23,32.936482066695916,0.4875081017336978,5.0644919171414475,1.0265890620398341,3.60278908931885
27,24,35.227805668063425,0.7217141356443098,5.112417222957603,1.194229668176657,4.197487594112596
27,25,31.789124306313994,0.7440241742483882,4.229982439683347,1.1626350595156634,3.771608734558225
27,26,42.17602741385416,1.76161616825487,5.348189183639064,1.0026876071806639,3.4868268325367207
27,27,38.486806195725165,1.168369173900799,5.366619607441606,1.1316244269754065,3.846384156807656
27,28,51.8640604062106,3.0896687703805803,5.474211023483042,0.8819427153771962,3.33729159455269
27,29,53.14492332147706,2.0787962920715737,5.441008812944748,0.8793119348032885,3.19844680039743
27,30,58.762109314958856,7.42079856635082,5.712658116477371,0.9785605921777103,3.555505717025233
27,31,49.08386077907531,2.381951793030468,5.073725005696563,0.897537437125,3.3325908063045886
28,0,27.895649763289093,2.9954420069891574,5.798244914580842,1.1568514724565429,3.6899748231620255
28,1,12.383581016781868,0.22676229152386213,4.46041303258796,1.0003365137849265,3.5347630877874114
28,2,14.860328906887936,0.16815783067034998,4.189207825361424,1.1928333961295232,3.996777424897038
28,3,21.443858391421458,0.42276123576096303,4.990683955096941,0.7700853914916213,3.0185449009147334
28,4,17.321615682877084,0.2903410984486389,4.989235216880957,0.9573767144875696,3.417617825130848
28,5,16.88336621936518,0.1529786701385484,4.857668037754687,1.2598224989567601,4.044728976276772
28,6,16.7283867553447,1.1586906869482723,4.661553392874248,1.136190900981421,4.011174290362802
28,7,20.59801030902521,1.3280018637376116,4.832552281535731,1.0271905688760752,3.567684032562028
28,8,37.164251745580266,4.930128684646616,5.715348112574093,1.216854933681562,4.338802336234965
28,9,63.147371756256085,17.360479180079782,5.838994401201655,1.221559283416509,4.639304805043804
28,10,45.535916616174205,9.573900944593358,5.016722933703487,1.4800229859439602,5.496678425617589
28,11,28.848188909650254,3.2563317117600477,5.155946278993662,1.3662293865561885,5.011050298126342
28,12,32.058832939214554,5.051501801457315,4.949576572757634,0.6686447841283432,2.676227414569914
28,13,35.77634861498875,6.215556945068929,5.085535814697918,1.1633120585776364,4.198369623284728
28,14,43.18443549892446,6.203043912675871,4.370578069496778,1.15208642571013,4.130411683973292
28,15,41.651073664605605,6.197011010232956,4.7470001438420795,1.2706338457110213,4.611112133571811
28,16,24.3656624963584,2.3827270098369615,4.246185181366291,1.2572709359672753,4.114583757772147
28,17,22.61723720128807,0.5983004789985557,5.213102427169964,1.1421903196040715,4.01420460962967
28,18,20.716034091505172,0.1831317531092054,5.524589902536203,1.0666582668120714,3.9411469940995745
28,19,30.309891837475817,1.0527664010729794,5.533497105091227,1.0473836898582043,3.8754021675122594
28,20,21.52906529815695,0.8411417805728859,5.121969698291875,1.1665057113507968,4.077463791529287
28,21,19.813367688016477,0.24477218325556008,5.163848989617442,1.1763342025883459,4.198254583018839
28,22,24.461193750801666,0.41635672242381727,5.34764438819275,1.149440987606468,4.079967199435659
28,23,26.09222260946849,0.5038391324016457,5.19689091236909,1.0993164002323574,3.9292820349235393
28,24,27.40183503035809,0.44240167107929146,4.848599348544091,1.345189277463036,4.714523377676018
28,25,16.938394410504905,0.10170355883514043,4.592118539317198,1.3140304178672526,4.502994453110199
28,26,27.009602827555764,0.5318557697818155,5.138123475211926,1.1422293145071256,3.9527462360097987
28,27,24.238392429113723,0.4110688374407989,5.09983073634503,1.2473326648663292,4.304713427413657
28,28,29.792254421289517,1.4089047386206086,5.467710654830351,0.8424488630741713,3.3718270613373686
28,29,36.40428077775643,0.787359303516022,5.670048998663157,0.9632761432471746,3.533268606884739
28,30,26.120884183493544,1.7858459596814322,5.331123884324844,1.0415609442415477,3.823419277819562
28,31,27.520806096101115,1.7451911500554371,5.14108815014297,1.028420340096039,3.7838486798522086
29,0,33.00447372546421,10.048642278031,6.326920086474626,1.0710242316635856,3.789369157775853
29,1,25.565790038847354,0.575198117294516,4.689914066466859,0.9628026926844768,3.4111783753182614
29,2,28.567485055374473,0.5600613787904217,3.8893427248644294,1.2989339828524238,4.1324315662139375
29,3,28.03871471686665,0.24176610158752432,5.054583403630731,0.7763537051156568,2.9619327727625873
29,4,22.286343472481207,0.4506567301835699,5.151872129355217,0.9455228513212406,3.3549227466750553
29,5,17.466997369553074,0.9521039114074107,4.654791289386582,1.3390220980194734,4.391196055816524
29,6,22.046498667604073,1.3769851842083298,4.88424970231931,1.0855959561804474,3.7997552390221943
29,7,17.80129923142339,1.0343430004070866,4.796236772443919,0.9885635228247303,3.419083636277181
29,8,30.755574405071382,4.454538277003444,5.437574613289259,1.1798788381242806,4.243689475145616
29,9,24.576297651740678,0.8540028663674312,5.995480248687925,1.1144197504085636,4.24090999876963
29,10,21.26321088136441,1.1690990349936923,4.822161395465116,1.4258189846783536,5.176373947314035
29,11,15.048330141430595,0.697425791971576,5.221056665881374,1.3573314401756011,4.864887342406298
29,12,16.873152679513648,1.0399258591700873,5.0158104576254114,0.6317783124861176,2.5723557272850917
29,13,18.057187256863457,0.20917644042896047,5.000994606187163,1.1016426136326558,3.978771010593415
29,14,36.08209903842312,7.593403858480598,4.528025949278662,1.2557860797795986,4.40882300916535
29,15,26.87202287264124,1.601299066200219,4.820795104863176,1.2896948655304055,4.786643549975853
29,16,35.58045849839851,6.809298634699273,4.4082477321544955,1.3064256579249909,4.486681705051371
29,17,29.068910428110144,2.5525345935297086,5.47547130900602,1.0823877109039728,4.05261483331898
29,18,36.29284729108848,3.888848200514027,5.260497173353105,1.1509395770466258,4.225614767769488
29,19,32.83928768296513,2.368462006903957,5.450653795310213,1.1188122087141883,4.122206769614843
29,20,25.394850135869643,1.9129424520756104,4.942525799027372,1.2380161171035482,4.3716081678881515
29,21,21.906783118947715,0.9531491696476436,5.099161839174018,1.2960224834443954,4.563193599910109
29,22,26.96638534928105,1.3044775345622972,5.230115322893047,1.1136260113504743,4.025720126891028
29,23,23.720246329615577,0.4953283029718552,5.083580812561696,1.1220886200743374,4.063134006704711
29,24,20.997518748321887,0.640041387560562,5.023468204156897,1.2844325731918813,4.6764577227965125
29,25,16.34015124559142,0.17294073956646314,4.555895096436716,1.363005904655716,4.705998988296867
29,26,32.498455840286184,1.2370202098245524,5.219168182910622,1.2265084985790446,4.182849625791576
29,27,22.968619064476112,0.2832626892423372,5.15221075623184,1.2055600967847253,4.141021941420188
29,28,41.048391028679234,2.1862234049041396,5.587892575666104,0.9459016365357567,3.710564583225825
29,29,43.11982997942897,2.6821883744298094,5.893522928735106,1.0086382678889878,3.7613680698734453
29,30,31.082169762128416,1.6115565128952658,5.772985581554645,1.0112860500968592,3.8017072514037236
29,31,30.140171450405873,1.880753450717243,5.46572224105438,1.0410053104085213,4.004161586654835
30,0,23.773902690167773,3.6146769696196595,6.223463026022626,1.117494145970193,3.889260544576714
30,1,35.68584869593193,0.6257939537277634,4.5449429696147705,1.1333737282241945,3.8746230142186753
30,2,31.0750818344602,0.5039782963901065,4.085770383099854,1.5020254753803517,4.973598783448625
30,3,22.756163895234273,0.5410836673424937,4.21230395037627,0.8737979955089452,3.1029175323704585
30,4,18.51677917349035,0.822223201255518,4.746358420952054,1.070773823383111,3.6460234161240845
30,5,22.91132390255553,2.920293847394174,4.824588887335809,1.3860467337242586,4.680473921089231
30,6,30.289407413686458,1.8684368049578959,4.5416677697629755,0.9703817001814512,3.382256774719813
30,7,17.35868935407473,1.0163451574100981,4.460613201083124,1.0921849001314907,3.611487199646739
30,8,35.37806362918627,3.805131857135116,5.2618172341561005,1.1806411801553702,4.2193045716655835
30,9,28.530355992744262,2.1942546664737743,5.665340521623961,1.1664838899857486,4.286202149901531
30,10,30.818701899195393,3.038926348318339,5.091171363804473,1.312767114909163,4.853258374261325
30,11,23.65080092560614,3.422257238016946,5.275256143386142,1.2478116703705178,4.4597601409009515
30,12,24.17864089416336,3.435078956382453,4.49211988186612,0.548398539787466,2.3074821632535922
30,13,28.98439684459168,2.9391025006124156,5.059352924669019,1.0405771251235372,3.902734719042949
30,14,19.996845149977148,1.1048437699905902,4.422617761125462,1.1468975424168741,4.0101941674823385
30,15,30.481537871962114,2.9574305477986362,4.84234368281507,1.3028975780437655,4.817134635432578
30,16,26.290547094924516,2.838252682240058,4.506895768331901,1.2349240086657272,4.275056287964694
30,17,24.0732110730978,1.8899971232372277,4.935574755491128,1.1374748646357666,4.035991732506099
30,18,22.059659104232193,2.6877414622934515,5.206347348345109,1.0786805237038335,3.932692065995983
30,19,25.299000931826924,0.6630909132100399,5.364974352282555,1.1105068818073693,4.043902829214725
30,20,26.445645156122048,2.829665300176087,4.803243791728097,1.1983286849630543,4.160794057344649
30,21,21.144252208004332,0.576027074255798,4.768579848658206,1.2452330794819444,4.415008291794983
30,22,20.354358225699723,0.9345393476843091,4.710226864728504,1.1330583678269681,4.021529501653978
30,23,24.209987865816352,0.5045679649520136,4.738983046752303,1.159492431568908,4.1353801006550786
30,24,18.751604282011,0.10479543960565386,4.857870741814617,1.2840671609011363,4.630314683774441
30,25,18.8248929318391,0.06465477153253074,4.305585431900855,1.3290795912483446,4.658160892394728
30,26,33.96215036298618,0.7055843115893107,4.9156174432464965,1.167665436510477,4.062777134925372
30,27,26.001198363357553,0.7312286238262269,4.951356979811507,1.1759270321612778,4.115773381754506
30,28,30.480950783501545,0.6158170243051853,4.8765789673265045,0.9128921695110108,3.539818084831581
30,29,25.882481568021184,0.15900063614274593,5.259323516940868,0.9547264159799917,3.454105873981221
30,30,20.35372285642694,0.32111135932722273,5.062719985875064,1.104836618068533,4.059499244714967
30,31,27.429899586225194,1.0855693499911205,4.867508514828635,1.0022590469527275,3.6711574001443386
31,0,23.92572064172101,4.903232135895749,6.335322815629001,0.9769066566620017,3.4949017889202016
31,1,32.00647686995219,0.5906241524821809,4.9785213937961155,0.902528759468356,3.384915031052671
31,2,28.611361019884807,0.3984230902538187,4.090934814226266,1.3392146834066354,4.426277327099804
31,3,40.34965176003587,1.5492189954758775,4.8744553737659935,0.7160435090577506,2.8482610971330176
31,4,30.53281981327408,1.2414051209669086,4.848709757318849,0.8936520080864394,3.1680708847145858
31,5,29.6465326152034,2.6412647258972735,4.367544845901431,1.2951432864792443,4.197494493548592
31,6,26.7718809493316,0.9571911039723509,4.6826606163604225,0.9535039769992117,3.4007664209408857
31,7,16.403625390889292,0.9096856737740734,4.476020886761003,0.9369426082285601,3.1787294532537183
31,8,27.49100173132885,3.2216446030413253,5.355089557199326,1.198775383322757,4.283746938319023
31,9,26.40302166491437,3.4986327155669072,5.764732691959058,1.1045560504029996,4.346322692378484
31,10,27.799755064486696,2.329577379582234,4.681767767020734,1.4312441228020152,5.332479576183348
31,11,24.026283151820913,2.9621379297191703,5.233953042435093,1.31121140917105,4.877973771493292
31,12,13.39802302383026,0.24135698753664045,4.219091531750582,0.6726271227836822,2.6248533492261834
31,13,32.38974759888992,4.574431823330678,5.267268617509488,1.35728398921042,5.091506581564568
31,14,37.381041297616875,8.253784857575063,5.123885384380369,1.213678358388778,4.501819136365837
31,15,49.57177392811758,10.012636957386619,5.027838743980487,1.3599009370978408,5.151118270853869
31,16,40.65026857485468,7.76518150706237,4.826377517562961,1.294130742660042,4.767082602988317
31,17,34.05040770049668,3.5983915823166677,5.2517936593596435,1.2848582985185732,4.881202399071089
31,18,29.60075245500829,1.827028646468984,5.734385634081133,1.1653069458764689,4.384993849657164
31,19,47.1799382808945,4.191682941588335,5.359334522185029,1.2379759086104096,4.702278850217622
31,20,55.38540002745202,8.814369001777688,5.970487116893837,1.176823428318075,4.542272488623654
31,21,45.65481009726571,3.9213829927603263,5.218648525530433,1.377210007339559,5.114363718228139
31,22,48.29839348513274,5.923304026572136,5.615006340056411,1.3114644083807558,5.001050681734076
31,23,54.61071146146517,3.411131602882082,5.294789568407347,1.3016872795057264,4.78749997866975
31,24,46.104719806155494,2.9605871469550085,5.28427935590449,1.4448362641429418,5.375435878088495
31,25,44.10186336820826,2.5680829788520514,4.9439150831006415,1.382486750196545,4.869088304823489
31,26,64.0400897286853,9.000463698678054,5.148423895290764,1.2651137924425768,4.618063970219805
31,27,41.639205839000546,3.5282995002773614,5.865893675781306,1.0920692176215638,4.10124274392697
31,28,49.811868711702544,6.630466383052459,5.657238294278654,1.009603555691168,4.136218727450388
31,29,45.49435002322666,2.1279788065530973,5.460459988963484,1.1265573061512653,4.160054030323936
31,30,43.68661668576997,7.024221209769818,5.6033326614583805,1.229548325682198,4.869169771233293
31,31,46.00677642897087,3.6666049663343303,5.4615513624783585,1.0780559076140506,4.226025203027864
32,0,67.3561649707784,26.339126504885897,5.965731148569967,1.3597079465395518,5.099126478432731
32,1,41.27872148593519,1.6056123552028627,4.906160687333299,1.1240198664317527,4.165842785356609
32,2,26.676220208482796,0.4624679501205245,4.244736721829563,1.6311918911412118,5.826161928485448
32,3,37.49831379243875,0.9089095248417752,4.838381625157043,0.9572343495882434,3.537220245057107
32,4,49.73760142871612,3.5742207239435633,5.16404784231537,1.2448941539937985,4.351606646013021
32,5,34.093128970731,3.3932218418901785,4.472920990822647,1.6277056969848243,5.693245500550473
32,6,34.44133342389119,2.0156960909370727,4.775857820751357,1.0209769671137883,3.6878223681663034
32,7,20.464328272305032,2.0728569887035597,4.788217157421939,1.1021723933510268,3.792279235007859
32,8,38.13552622516785,6.77682847075514,5.4011367697799315,1.2964199026304506,4.681683466792708
32,9,35.551220149565665,4.932130715885821,5.790782086682793,1.1582538567298277,4.444473036642257
32,10,43.77625078331042,9.450694525844586,5.258704920281662,1.333201004848692,5.120823323529572
32,11,38.287711889420166,10.011584871395934,5.691943068118276,1.1553117971047318,4.4125342073919915
32,12,17.243241136620775,2.1647346814324995,4.605286227685584,0.7048415146893472,2.736900662076179
32,13,37.051879700472654,7.51084848318633,5.850109661679774,1.2431626429924787,4.8363997801062295
32,14,58.12097536695028,18.26015035448592,5.508293573221374,1.234830969515932,4.89729573716868
32,15,53.0472151241977,12.778904672012088,5.1310150175156295,1.2749789917789816,4.96989837897154
32,16,53.33014960320599,8.314084350006798,4.721633353462407,1.2602414939549167,4.62291237478077
32,17,56.97450453499332,9.822355103171793,4.7215506924795445,1.114626916404191,4.155354120182107
32,18,64.92751977692727,8.611904528643612,5.4968467100265155,0.8891442013138944,3.5006267635340715
32,19,76.67601023072743,9.54782258566577,5.2908260649913235,0.6430027777338214,2.735821068933222
32,20,92.80159258546959,16.52267377983713,4.987779484805297,0.8888603229332697,3.5462689974737374
32,21,74.15335761067892,6.016580674812302,5.019525100415944,1.0229334602528297,3.9850680396297413
32,22,76.00322698158706,8.014149265468392,5.521695027109166,0.9435624613418208,3.6716120928737994
32,23,69.05709363836793,5.658701245067373,5.36469974763933,0.9500917971489677,3.743278299639743
32,24,72.02626828701965,6.900399184731019,5.05286203719251,0.9748016256070855,3.7376162653891325
32,25,66.44594777760203,2.9031644098751133,4.7925159266396875,1.2766944941781695,4.60244854075794
32,26,73.6794953387749,5.869317344730925,4.684856470120613,0.8180880429160275,3.1940383739824423
32,27,70.5752386585057,6.603510422432247,5.253479121314214,0.9888469279426504,3.7755925685572147
32,28,73.61169113722482,5.257180092182903,4.645157547201906,1.1049678399668537,4.209046641611797
32,29,72.69586688537271,5.3913907860102,5.2684636419879345,0.891001520368083,3.4458474446400182
32,30,58.78904478725194,7.6154097993564775,5.484458743918321,0.8896483661486911,3.559352485626199
32,31,65.78237577133439,5.313395548489829,4.788273067522772,0.8377702802561924,3.439109141620571
33,0,63.14743537601173,21.33084997985145,5.770391131385548,1.07576996566703,3.6855694013142313
33,1,43.80257231985021,1.762066551433175,4.309233839633448,1.1459041164462338,4.03116958635767
33,2,39.87386140649977,1.6844692250328048,3.7375720564072252,1.404937677638888,4.811190396416566
33,3,28.250735266776623,0.25045478784967223,4.897151374027947,0.9636802129465529,3.6265302746561123
33,4,30.738492900467175,3.0180827435995567,4.885718494814242,0.9801514162348601,3.5800533657378133
33,5,31.018738246780146,5.366601942795889,4.4805101434178205,1.4284765222189577,4.9205037037759745
33,6,41.8282885679709,5.538860164869114,4.851470983458687,0.818555586084142,3.209660486513667
33,7,21.103822643329437,1.5272999986668632,4.558321951739509,0.9915836555960027,3.433453796629416
33,8,40.79106094152212,5.403843544942225,5.705212567949237,1.0732107141183649,3.8814958496886973
33,9,31.08562927974848,4.005029343593005,5.447754147805623,0.9646127506914492,3.650137498962892
33,10,42.03224988742439,8.047531437014149,5.044301901161035,1.1779802332240967,4.461913245177488
33,11,34.59033432745886,7.546234768614502,5.256249663571657,1.0720243316909768,3.972036708471443
33,12,18.28307737198123,2.7562523719578564,4.694451393554019,0.6456983959473677,2.6511676515043394
33,13,60.489662166480194,22.261549799791254,5.644285559856565,1.079184774357234,4.270599774706573
33,14,47.254755466080965,13.768424113961435,5.11708824427102,1.4017635989357151,5.440223467321017
33,15,42.94845213164817,6.693501104696898,5.398661244538571,1.1244552627575306,4.450121862575712
33,16,29.556639458422147,3.3393238765024877,4.891403809818447,1.347152247937518,4.9153750011185755
33,17,39.441673827916006,6.342485661681775,5.132179205026223,1.2700005506694447,4.768465733962318
33,18,49.68339992036053,7.177694033645873,6.117924954173409,0.958643178541136,3.7813719132730808
33,19,56.187340284988856,8.887144351536588,5.427429522395135,0.8868528336905559,3.462393214899934
33,20,73.951482472131,12.70191245844798,5.709213179536707,0.9869114817186526,3.838305071113802
33,21,51.31096824599898,2.526708101816566,5.069416138113557,1.0912345740851235,4.193355053488848
33,22,47.089269749101575,5.129039405666974,5.553101186602261,1.0972680592012596,4.1072729185512395
33,23,34.33264118132343,1.729475604098741,5.070502334269261,1.1263731734774165,4.124409218180078
33,24,57.46735028560564,4.821129352409337,4.78803101662331,1.2055709443303853,4.129384269194916
33,25,45.739092460184764,2.0070676526824998,3.888416347826437,1.2670396049076804,4.06541812515311
33,26,56.3085471917675,3.0884747506981767,4.868080609226071,0.9794993886780903,3.5077603292588204
33,27,56.4789212403911,4.410484274217656,5.025237404260995,1.3542115294060713,4.676654486393424
33,28,40.9912658977227,2.5986915684348397,4.619739370506857,1.0405124625610922,3.8475803152457044
33,29,35.93225344584439,1.408603300708334,5.024370259893143,0.8832138476325131,3.381074401905105
33,30,31.131565572403925,3.023520765913479,5.0101548248102645,1.0737830507889576,3.9569600596005894
33,31,34.7195180492406,2.6923523983383677,4.314018295087039,0.914403465447843,3.428452969432215
34,0,55.191379071309406,21.564526636377604,5.906199766702377,1.3491673151101766,4.90306902807641
34,1,16.92080853468328,0.3045907617716955,4.478410845405726,1.0902441178345317,3.8523494499630186
34,2,31.045979795547453,1.8765987970654052,4.103999199488412,1.3438908565784118,4.66095391031552
34,3,15.648500609422957,0.23297031384661576,4.9450930035581475,0.8797046753667868,3.311673326197529
34,4,18.860539444633076,2.970188489423247,5.200004385907037,0.9062539846715474,3.490268517338354
34,5,26.61350904108773,2.9110403419415602,5.018463517812719,1.2312457890369144,4.366674784001578
34,6,21.979252070013352,2.3039800440824325,4.650139345871224,0.7952137942834323,3.0668586883946816
34,7,17.67827900971873,1.4290849595306874,4.891114366292688,0.9911738341757879,3.5879020061707454
34,8,28.574257808415226,3.2806458974787223,5.651396144089071,1.1422248955872707,4.061475153808961
34,9,36.56026765235166,7.629587869332207,5.832509760602376,1.123699134950332,4.174013781686035
34,10,56.812021115340954,15.011899720352359,5.506322084937828,1.3236892380026166,5.121042851600792
34,11,36.90554364878692,7.605010693816469,5.842939350285271,1.0706013010763211,3.9994605958966734
34,12,26.257582855045513,6.100562090995128,4.962152000137872,0.7330146622110361,2.8901799570095266
34,13,68.07743040045106,25.94188582673111,6.269456017681858,1.1106542515434228,4.385558645463421
34,14,56.589516048956696,17.798467174652153,5.484221695224193,1.396310776565537,5.362553162664225
34,15,58.44521219443422,13.277159496424725,5.635341947191627,1.2810222598827394,5.0422681123171795
34,16,54.44671041874224,7.2068738930885505,5.510223051524658,1.4170984535090323,5.268374371859841
34,17,44.693012809863774,7.8974407616472195,5.994064699200829,1.1361187810337299,4.481481793957833
34,18,59.57759261575642,4.726871839915829,6.570211425570894,1.0057129638315123,4.089795723312216
34,19,65.40443154553545,5.815541047562142,6.4152691076746855,0.9210460110488237,3.7102716477511164
34,20,39.39676567119072,5.04356836807473,6.293277115614071,1.0906656505390178,4.254133141957507
34,21,55.77222336252543,3.1916042087123646,5.592192593345393,1.3543913193741624,5.0770616061947305
34,22,47.18476549352599,5.100159241145632,5.808434292459417,1.3040172092768625,4.791341601237583
34,23,49.64104706731396,3.1776433745737025,5.811682528822532,1.2080280299331205,4.50367325209203
34,24,50.76571220333595,1.7311430303050832,5.6861323649125595,1.2983066026505359,4.6988672588775335
34,25,39.82688426416844,1.584031516445925,4.601082960311305,1.4142119805061428,4.9235121419682475
34,26,49.148693756402785,2.8035122701291515,5.373557823544804,1.22402977564081,4.443301140269639
34,27,36.301543122138554,1.6448710954922081,5.3758049741636205,1.4344572433324148,5.097934277998077
34,28,47.46177565105565,3.8817472897955994,5.490862992361161,1.053385483243396,4.102364149089566
34,29,74.38409633579144,4.428886881711115,6.212674649071818,0.9495381183425131,3.6984466037986308
34,30,48.18016618496779,6.908852271036475,5.395236215192883,1.319218360918403,4.832429919769939
34,31,48.63307853202541,3.2060155836685453,5.026045260272039,1.1293941746168068,4.159320885878443
35,0,47.40116937981861,17.86116145244805,6.241392704380797,1.034197626141907,3.78758610029218
35,1,37.83115843997605,1.783548793410303,5.328388847377292,1.0017611814638858,3.759359668803805
35,2,39.881655053235825,0.9171164560292493,5.397032961582383,1.014898925980015,3.8835215227149313
35,3,26.41155023594392,0.33862916464499243,5.269029944805258,0.8577957714988385,3.230707148816567
35,4,33.06987390002376,2.009266587332689,5.736132281979771,0.8197240955506286,3.15735757936381
35,5,37.69050349152315,3.2092434980977003,5.881636924906049,1.0065721397637937,3.764696840588186
35,6,33.61459091513049,2.6252709509318777,5.4354496695072605,0.7377111748443888,2.9350640678698414
35,7,24.59268793370294,2.587381873275006,5.44752291145987,0.832201804699574,3.1112071392799847
35,8,39.373531670354915,5.020998136157297,6.444562157836953,0.9691159149794659,3.616094418286418
35,9,30.13519778015803,5.5005860295872075,6.102955989360456,0.9424535419801785,3.5420811460858936
35,10,43.19366516754757,5.706363039290618,6.1208375662123125,1.147087127575066,4.484224701594847
35,11,35.27410229531517,8.071557219761452,5.7235643410229775,1.0647456834981606,3.9336009818660846
35,12,33.52734508703516,6.364404202038149,5.284551234472856,0.6354731471592601,2.6192817220678664
35,13,46.97064661857016,13.7220794530228,6.3891655044658515,1.0686070471900102,4.2775429169757295
35,14,49.45428621467954,10.517869133934536,5.591727491063253,1.2532827464320917,4.785757357844057
35,15,59.787816686502566,16.51254677739233,6.0228409882024865,1.2676103152184686,5.091611936349639
35,16,36.318169827093215,4.8410789759822945,5.7176501633739925,1.2482726558961499,4.551630305605852
35,17,54.01613769461772,14.491820659057279,6.192634677890023,1.2187263422528352,4.830431145578799
35,18,48.4008315173998,8.083785294054248,6.730359236725279,0.9084601438000854,3.7122076229265595
35,19,43.33465666438913,5.552230225722977,6.35555870384614,0.8919275107289151,3.5852792293103564
35,20,50.4333309825968,9.006186823192127,6.700261816784608,0.9308041778965626,3.892521444641043
35,21,50.63269019775853,6.890319940967479,5.696869209385292,1.3610262862348632,5.306364874203402
35,22,54.51826867396477,11.868378204624058,6.416629336559916,1.0859749817826447,4.25647678560898
35,23,39.674693686685984,4.7997836823698785,6.2059411315828985,1.0647877774689771,4.082649961119362
35,24,44.055471260478974,6.103362211645052,5.980921025324764,1.1938054834435725,4.451539049883134
35,25,40.31324890116727,3.803406416724261,4.9338748184732335,1.4394053168991423,5.062364804014349
35,26,50.89005503464379,5.343476903088111,6.247444102033196,1.1151751561448826,4.2528468125920575
35,27,54.59255598645509,6.56376433065503,6.247516572518392,1.1709721349655142,4.4171853599607305
35,28,45.922432024353526,3.479569133919314,5.868481864579382,0.9941827966313577,3.876450453963477
35,29,37.54120463216114,1.803146375033208,6.331615504429415,0.8957217205137074,3.394921503293865
35,30,47.993222058749026,6.7180515746651865,6.4236797035914375,1.0599159737878932,4.2242390716971645
35,31,60.22666897079884,4.587516753273399,5.853181440211183,0.8217203466623131,3.307224055070917
36,0,11.024391218094284,0.45060154432295535,6.077121064477839,1.1313974502633481,3.983607129087664
36,1,18.55950726538701,0.2414347364445653,4.637976467683872,1.0029900833250167,3.5057366261609366
36,2,35.715287332310595,0.5701251213073141,5.1542653212074905,1.1188861737583462,3.975776789315109
36,3,34.78972326155321,0.34118046637320754,5.260782361479977,0.786911675139585,3.0035866182805173
36,4,26.88364695567275,1.4423035992335904,5.568129196955639,0.8452691756037067,3.162729919922274
36,5,33.04045169502222,1.137571319590013,5.466659675352222,1.1145226016884386,3.972842283132358
36,6,28.195344426499904,1.4312394710992615,5.280416969613013,0.824715176898291,3.0925844355511964
36,7,26.313243744331917,2.45505737007852,5.517535237079825,0.8303849498382174,3.144449540080032
36,8,26.724241930866256,1.7461498719246604,6.304288300897596,0.9861707183663757,3.715235953841989
36,9,20.88200168397408,1.1042722196008798,6.058509499358236,0.9790837721201813,3.7096502164575553
36,10,27.575694337982977,1.2502918941038244,5.90700437416359,1.1971097470309715,4.58369721924547
36,11,22.19499997164915,1.8675511702660876,5.792483014412955,0.9921435681450435,3.6877980098878336
36,12,18.676225459116992,1.7983722868509502,4.903097104716339,0.6634184246189418,2.6265382895491496
36,13,21.96317155635203,1.8684772495871855,6.458978608684106,1.0348729078466326,4.1584841240227695
36,14,29.79652077969748,3.533751990321112,5.677033577475793,1.1492892895771778,4.472792962226781
36,15,28.92177350676154,1.5338399721124252,5.802790806237431,1.2657145055427117,4.899134318132684
36,16,23.767401908902933,1.569864403713038,5.455332467446404,1.1826585200962798,4.358954234486532
36,17,22.47511693848492,1.4701908488559552,5.996579506743535,1.1737368217283244,4.642302833858103
36,18,22.224137167039018,2.9013649475323686,6.484112159101505,0.9017828186503261,3.6483478749421754
36,19,19.32936118392699,0.34187996330570697,6.016209240800542,0.8999636605708083,3.5541140233107305
36,20,27.04464414473797,1.2620126895740433,6.297915422069584,0.8902045903913463,3.6432699668145365
36,21,30.87705929858969,0.900352408312539,5.176329340461309,1.2675810876328155,4.675950163817359
36,22,27.707913598588988,3.227216562951278,6.24568192723245,1.0436647888264448,4.006441420314819
36,23,33.071095904251365,1.7626833811211693,5.9103880170242595,1.1001349229867028,4.133430928056864
36,24,31.69763456613849,1.8544676051456395,5.689744673693103,1.195099578991612,4.354257067599483
36,25,31.354023801095046,1.1636685464440564,4.682287057411132,1.437630835136554,4.9723395392686305
36,26,23.920106507731504,0.3481693455715412,5.744991760341868,1.1609302919213782,4.296688635336232
36,27,24.28445995475436,0.25071983459192737,5.967581353174194,1.144323190568202,4.227315054682042
36,28,29.05456262527276,0.6296634789807971,5.561261862352778,0.8551568611360238,3.4405535435613417
36,29,23.671481634847936,0.33442975886589243,5.88093048973484,0.8365207718105543,3.2417959575022546
36,30,21.851632366253043,0.4169702225804293,5.75321979014014,1.0209450778001834,3.8570851655676877
36,31,30.917390110724384,0.7360165754910394,4.9022326654832185,0.7993253654260482,3.121384827660896
37,0,12.14735197447956,0.8470161919218839,6.150155729296282,1.0672045370764955,3.8726716548540367
37,1,22.815909446537788,0.40291500016401516,4.653439712291577,1.0065737755589943,3.5041462330329365
37,2,25.960989456617124,0.28731852403240116,5.294791901149968,1.0420896786785177,3.846503175205542
37,3,20.841506805267585,0.28459523179368684,5.449344836471946,0.7143477057213818,2.85874540455765
37,4,17.98811279001697,0.3649646022914049,5.324156922401863,0.7872174509030794,2.9983052678794833
37,5,22.89730864537011,1.5884114906000635,5.427860198266103,0.9651080482711576,3.43620063907955
37,6,17.111148868841262,0.31374859223052626,5.24621120939368,0.791339005376889,3.0175767457653873
37,7,15.139656382084347,1.031782250719314,5.475503570188769,0.7959072199773498,3.0146386449180627
37,8,22.054475957622156,2.230894347470507,6.175213739483069,0.9320842043699313,3.487254633677154
37,9,32.11833790173036,5.9638796911690966,6.1775144644022735,0.9476306296604324,3.560872533581865
37,10,34.36632329806385,4.521281143583727,5.877701682116748,1.1635627556588686,4.573864393249737
37,11,26.345730329910207,4.758219631953087,5.921782850015447,0.9710330926420818,3.7508665535436263
37,12,18.180856986342334,4.402401532931872,5.223575458403874,0.6157392346348658,2.5477965889531395
37,13,28.38756347000771,4.057369644432837,6.263577911393102,0.9986442262940365,3.996186039998779
37,14,27.10886911658524,2.3303720074051695,5.747112763801642,1.1724520069990287,4.606176540408274
37,15,24.691789168308027,1.3641112789144303,6.022336356028847,1.2232550649264384,4.790047024636849
37,16,22.941158760341935,1.6204819481975254,5.789976151943147,1.089087452377525,4.112219829596103
37,17,27.244466034893648,3.7653875923040987,6.253008272905449,1.0782942792299703,4.225267448511667
37,18,39.54229365095087,4.252653233049154,6.626144829838145,0.9160876816471841,3.6926396054587385
37,19,40.47173665802164,2.5698895148419054,6.445419936517808,0.9021187407626705,3.7017282030023324
37,20,49.3207634574934,4.217439117186458,6.689727641901593,0.9353659054131009,3.7933689678747795
37,21,50.96883826140238,6.220811190415718,5.776378599884428,1.3380878544589132,5.153755910202777
37,22,37.14476468949453,2.1880424464153823,6.33835490048283,1.0703131393539023,4.104024781929427
37,23,42.758682218082434,2.2544532247304496,6.1645224858790355,1.0610364589594896,4.009400134829072
37,24,48.609712014789324,2.4150341083436944,5.914266941994103,1.2828217873191372,4.651453628446898
37,25,42.02966682378752,1.9899995726334403,5.349801710788217,1.4314628221547814,5.120451666084812
37,26,52.24280593474226,5.617141759685353,6.349684165869786,1.0805118436211023,4.184220241201512
37,27,37.906802703793886,2.893426032757929,6.453839946743637,1.082120046755417,4.115830162541169
37,28,54.20822612729607,6.825614300812706,6.110156004188067,0.9452457671365053,3.78253663576211
37,29,48.309270698589565,2.361570580821998,6.310258733102909,0.9584845221190488,3.6927250922891757
37,30,57.306709067054626,6.403614564477726,6.406134774818485,1.0565442492060875,4.116930583003739
37,31,40.61500028562849,1.6612064450824955,5.599073878699428,0.9366046069082978,3.6468900085221456
38,0,13.270047888074457,0.8419731116838225,5.875682262760434,1.1792410287906128,4.09283116719242
38,1,12.320370465065993,0.13169765299491173,4.273196879982348,1.082633600561663,3.6359311293146086
38,2,17.304977456550326,0.08399172025452316,4.956443608835088,1.1162613195533266,3.9757610548129585
38,3,11.434269385179354,0.003556192884104875,4.984406792188182,0.7921490267816829,2.9824605625751732
38,4,14.557314283413358,0.19562689883128986,5.305096133992505,0.8181515810644182,3.0931567586423983
38,5,12.833309062551336,0.6877314906486676,5.345511863288872,1.0574466432427627,3.7394324118352813
38,6,17.136675908777182,0.8705345401233616,5.268725206157287,0.8453630847518188,3.1803408928139865
38,7,18.67630910991504,1.3199953739503492,5.579507841115612,0.8532379063281343,3.2221209641214656
38,8,30.073796083077873,2.9441289631364747,6.240834788859582,0.9961559658377341,3.694634865309588
38,9,33.58708101598272,5.883884034429071,6.421690408989087,0.9838526354997095,3.7728565412799235
38,10,35.14129823085116,5.22226970658711,6.119176793333735,1.1581067352689187,4.634372184141237
38,11,26.35667150948604,3.5588071237543093,5.931847804900787,1.0721460766863373,4.016099250237741
38,12,30.221345829713517,7.111335406941946,5.596512374736353,0.6882774622681698,2.7752852874494933
38,13,44.56699851667534,9.877861432498282,6.426065562220104,1.03221856494857,4.146181386593136
38,14,43.816002629178364,9.398234612438513,5.75248068305071,1.245571951745566,4.911682008428712
38,15,35.5240001834589,5.150856113008311,5.915645277030736,1.3174674363807117,5.185067653832404
38,16,41.69244551722086,6.3085885271491255,5.813093719532292,1.2683852976734826,4.761248582839624
38,17,26.27232154126071,1.765403138998697,6.201252697578189,1.0979667935177106,4.309320372942722
38,18,36.684265393994835,2.9831249257367203,6.6359030363157885,0.9905627341652954,3.9821662077222983
38,19,38.15417308633311,1.7617880049298416,6.6110736628266755,0.8925441549018513,3.673239488797066
38,20,31.832166056907766,2.389090593801863,6.569783167811856,1.0226002207278597,3.985109692195135
38,21,34.264273368229155,1.4575013936649102,5.782252491446183,1.2979039026692725,4.90970777515803
38,22,34.16070079323667,2.0228792625990955,6.212483976141845,1.1497388796610322,4.318711047917225
38,23,38.89555512459704,1.0032415814282163,6.100506415173647,1.0966346787028192,4.129177066834327
38,24,30.505352306641406,0.6666555987958029,5.891673344534983,1.3322631737828168,4.897403755564122
38,25,27.112729077179438,0.5658760049805075,5.06804830012385,1.500615912503135,5.406326413416187
38,26,30.625130951678983,0.8258834533624658,6.139865192043247,1.1541373956004168,4.375336040974786
38,27,24.57402245243296,0.6433789527245786,5.88697644391538,1.2515507773218157,4.528255859200728
38,28,43.385434411283434,3.0693386624996943,5.937781386004158,0.9148993069518969,3.7217456317315367
38,29,36.568931145430234,0.7858890842404747,6.505879309681733,0.8488528607885417,3.401148052861975
38,30,27.503771466568598,2.111873054026895,6.039861112851311,1.1020323315564466,4.194939948683117
38,31,26.209603204356448,0.8634587527154376,5.247348417064352,0.9112808922014848,3.4865949313183258
39,0,26.482761395195737,6.452193898676454,6.182375603069104,1.0789055174389173,3.790127226900748
39,1,43.715268688408116,1.5753467903381069,5.418569509738653,1.0373195051922375,3.8514602920725967
39,2,24.738580057893675,0.39997863046028886,4.544764534323067,1.3398807072265777,4.638160296046319
39,3,34.56397474084089,1.0411616989136978,5.450150063084107,0.7920548917559174,3.076568612956873
39,4,22.891384939753024,1.0228923420719105,5.463988730506411,0.9583006981190092,3.5764017523310856
39,5,29.298437621850955,2.1512907304568545,5.314889653848427,1.2455668952184542,4.431701806221167
39,6,28.039110143028733,3.459402245103707,5.210583504957762,1.0267973770872079,3.703973322194037
39,7,18.01103336553271,2.0369986681468837,5.24528519528654,0.9340096881634432,3.3957475955207133
39,8,29.746837050647642,3.910204537653648,6.220367426039565,1.0073083432904175,3.853726723640104
39,9,25.19411393491147,3.6138229586033415,6.39654314179107,0.9914375760627179,3.8190622437382076
39,10,32.76676026999306,3.756200187422588,5.8710417106362485,1.2682928300461196,5.003673898079248
39,11,24.852220310810992,4.269895538439284,5.888795105609928,1.093818512848312,4.060260611533117
39,12,32.81296744999345,8.808734272877489,5.128780774437843,0.617819287526121,2.5697483964527086
39,13,29.59331754583436,3.1104251398978087,6.147159613132651,0.9684217599676819,3.8900538163645915
39,14,34.786765076032154,5.245704750495388,5.218708904157822,1.3236662181917342,4.99485558360575
39,15,32.60602254620569,2.7990448096839518,5.7157962541584775,1.278033322399188,5.072827594769661
39,16,27.62320383560204,3.2387887755661295,5.5281646016101185,1.2342057481591233,4.629340835015314
39,17,29.076542854166462,3.0004597924408056,5.946357782449186,1.1342847235871965,4.343551457110615
39,18,46.3096288364004,7.863818294792285,6.186194401214752,1.0122976725359267,3.981104023523669
39,19,37.21511093212624,2.835490018868617,6.145945216397978,0.9631320105921608,3.769129476664085
39,20,44.63945880336571,5.736903163690709,6.160418595430036,1.1542630059456362,4.381460224388012
39,21,31.25047289919376,1.654545371136328,5.5099907983605005,1.3813280216907708,5.151733884298625
39,22,30.92358510167277,2.6114868287617274,6.376974774084003,1.0663671979891252,4.239849213420904
39,23,32.772053622542344,0.49243947286075,6.135805328367797,1.0753367166822096,4.079180404720437
39,24,31.353620911304183,3.2240017751331327,6.028772461751112,1.1878388443286916,4.388471898038586
39,25,32.45678410177093,1.3434764354557935,5.549988689910689,1.2565641434066936,4.656236717629092
39,26,45.17961500906368,3.171168250358647,6.177386971909675,1.0857293816730262,4.148498347435836
39,27,40.97980834598077,3.222272324513849,6.200746175369487,1.0357588550832384,3.950174614436252
39,28,47.65184618818969,4.738795582345039,5.911714910667356,0.9645076298035553,3.8600216874277073
39,29,39.09519087122036,3.0783238399908637,6.14742829891433,1.0127002716481117,3.772848005774803
39,30,40.09689901360342,3.778005541649805,6.051663037917859,1.0130184686657673,3.9181381302837774
39,31,32.64367464822047,1.205062110043225,5.442848980508641,0.9469402484807494,3.624060225532664
40,0,28.69659459524049,6.428664918737848,6.1072490846326115,1.1306802016871291,3.9267281647631873
40,1,29.182010871490007,0.5092494998239504,4.538039668285874,1.0865424828190529,3.7204450802459306
40,2,36.69271174235394,0.7379849435063028,4.385799150325971,1.52850932747862,5.238718393599868
40,3,25.887545397011863,1.3310585849531402,5.035312106277486,0.9424387714784217,3.3843084728356847
40,4,21.66250567858084,0.7295125434494996,4.943998040915942,1.1075067078311625,3.8824916786349064
40,5,25.285116049663166,1.8733254271846418,4.958573306365992,1.2899990714833214,4.345180814736954
40,6,24.66353452656207,2.012402809887102,4.94861294631408,1.0809774273793558,3.8329944000599343
40,7,23.97984289887672,2.782765663240762,5.257882384194511,1.0381076625438315,3.7866120944418924
40,8,26.728926301013786,3.4460558807266133,6.106101796162387,1.0842784127845864,4.145813506936059
40,9,22.43681678244525,1.9291579322157903,6.1354514844023065,1.107839474155444,4.1501262344950804
40,10,25.07663815832449,1.9301521245536428,5.718888111628912,1.4251987057305149,5.691182009802344
40,11,18.647928829849754,1.8743702857482525,5.946094972425289,1.068812996462019,4.059542661986237
40,12,26.48139158071317,4.782952772786411,5.465365154344003,0.646887559813341,2.715088841793471
40,13,34.193231703935695,4.984787376973014,6.08516019341737,1.0587108041189834,4.198892170321462
40,14,37.58374812513934,7.104929238465608,5.3904774574453285,1.3108506342153854,5.012189262677942
40,15,54.11164441598805,15.504061339190187,5.010888391499174,1.3525119536033872,5.061137581820504
40,16,31.023401264949012,4.4896544301428944,4.872601647485598,1.2247604361206816,4.444622306396715
40,17,29.10671922584887,4.245864923686644,5.558803046770911,1.141904257566983,4.3738034973839905
40,18,20.128651038002744,0.9538379154029692,5.689917340123737,1.023705313949299,4.049505454972537
40,19,31.249162178462228,1.9086963293504369,6.012378181504725,0.9986034428331152,3.910065679254687
40,20,27.516679595510467,1.8313982489229104,5.902350919394357,1.1330113906620536,4.232517923654188
40,21,31.50814507225375,2.6850670149466667,5.265359799909376,1.3164116744847743,4.822419998088125
40,22,25.078336192419798,0.7994648524413868,6.050767909738803,1.075534625482689,4.169291324163042
40,23,29.468210578104014,1.0472864699629185,5.6250807325876,1.1500798476308356,4.0712745876094125
40,24,21.172505569321775,0.1847403714359404,5.702549560674738,1.2318645609901289,4.429401267692822
40,25,23.92989691678344,0.19646633598080745,5.037362767984987,1.3496304670988692,4.699612444080005
40,26,28.873753602787495,0.7566017099274096,6.079810528009197,1.0242882950437515,3.947950836713572
40,27,31.29288930452629,1.0917214593211388,5.601831793640308,1.185307636122614,4.230062989454975
40,28,43.402906943690795,1.2159564030004013,5.570116840136292,0.9653571281758033,3.824932922130762
40,29,31.962152665255907,0.26517252977293276,6.080615468435214,0.9904826551980035,3.599244702899849
40,30,33.10188507643998,2.807550711075276,5.95912933193863,1.0121020424905796,3.8545577545962755
40,31,37.801677209876495,1.6918113209826842,4.78385466055791,0.8171487366154366,3.176070988546058
41,0,24.382252945120765,4.1476711246814935,6.417082969769335,0.9904402984824197,3.6278572092001777
41,1,40.004152170009235,1.3441706216611422,5.317106268145559,0.9789994113299736,3.546940980801813
41,2,44.81112425823585,4.1013935570300415,4.8865240709952396,1.3838670664334343,4.893161975329652
41,3,39.815166455624606,1.5146746466292669,5.20786104079851,0.9587144052099141,3.6118596492062456
41,4,23.348624744000617,0.6338893049414571,5.36728488009738,1.0327195598395589,3.871746055113825
41,5,34.66348270923498,5.964031576406701,5.025173999144194,1.2368011374891852,4.5472228902081335
41,6,48.75078252906011,8.527041515293647,5.0867883231368705,1.1178440764801971,4.105705033956182
41,7,49.58114965883296,15.951248674358638,5.173673669824569,1.1298544879858161,4.26067677143855
41,8,40.398487727030194,7.889542558664807,6.090363017453398,1.1429390972095437,4.53246438858954
41,9,37.54765063215902,8.341719915950906,6.042594007995325,1.1306463905989776,4.415369401213861
41,10,47.49161295560083,9.94789194051745,5.302326640158343,1.327926860557243,5.294861009111462
41,11,44.962264981881155,14.523615875201395,5.279839101493009,1.282820216718843,4.826873587331003
41,12,29.41570728917521,6.0524776737054555,5.233706409426497,0.7588866775045124,2.993520719933591
41,13,49.09116885967862,12.754629898154267,5.923227121991318,1.1005158004938762,4.35702488928922
41,14,83.08024741362615,31.41394586863149,5.258598180958428,1.35230271913447,4.897642993962958
41,15,56.371144120934034,9.349851390540332,5.087089444387978,1.3539108775922628,5.124332178667651
41,16,52.4860287861135,10.907916027175771,4.5594717316786,1.4279058859952638,5.075704311900242
41,17,46.22852363279744,7.451151857385453,5.4876115789954465,1.1565687336462105,4.35283869807295
41,18,36.119285487292046,3.039579754880198,5.645713920013689,0.8652364326647266,3.3809662180441085
41,19,36.710809107079875,2.703207931532102,5.883093343866385,1.0291988588167946,3.8566111338968483
41,20,36.74735683609631,3.760502644112515,5.689756531470408,1.151593254915821,4.073744377649006
41,21,39.3019001462504,3.0161984513531093,5.248557928057863,1.223001243934875,4.2732520089764785
41,22,35.278262392978405,2.415515938896233,5.753660846751103,1.0307638532556762,3.8146889047255725
41,23,36.21909245082519,1.3047112145290571,5.469395907054924,1.0748368232225936,3.8111801410921116
41,24,27.279225095660863,0.774724499485876,5.767664572349791,1.0774499548139023,3.9111713625048488
41,25,47.90545412423893,0.9967969024251341,4.959735323755856,1.2214859923095416,4.120239814347303
41,26,38.36438564198564,2.045529974998318,5.756997197567047,0.9999074244047828,3.6368109525994177
41,27,49.940229703490985,3.0788911885180985,5.641698534857472,1.1373613129698334,4.166129320069798
41,28,53.20279795027899,1.5235041044316788,5.174214428422063,0.9564487744786625,3.6870305830135126
41,29,53.89708986873839,1.8784321392510148,5.324672584734955,0.9756511721640075,3.580966236960511
41,30,49.240358447555366,6.702111410499546,5.010874647988806,1.0353392141064095,3.728193665093361
41,31,46.09538995646249,1.3367965848914865,4.1861123784497405,1.009486126784764,3.5557988102537657
42,0,22.930601785108905,3.318570380285105,5.996974751389498,1.1486345649950636,3.7429508604525297
42,1,21.101722882089536,0.26506824809939383,4.8576874715484974,1.0353602105369282,3.670035717953459
42,2,26.353630831578315,1.2812790542754433,4.6034069442016765,1.3924601423783018,4.901488995010295
42,3,32.61571090379288,0.7087286039565917,5.635565050512396,0.7610175983628764,3.1140923377938368
42,4,27.61210139078932,2.8950646374025797,5.1550538365533,0.897259097864703,3.396527831524844
42,5,22.00354279856241,1.8921241395314232,4.8268430374731075,1.2472472050746406,4.4178215504074245
42,6,30.808681187523028,4.013115503411223,4.912248436257529,1.0839523669928202,3.868145079342076
42,7,38.55674982391186,8.512181276119215,5.110876428968252,1.0088794409616444,3.716533800763332
42,8,32.312675548979605,4.085492241172911,5.7832862236032,1.1657591952745072,4.403701590517303
42,9,41.78154441693705,10.516761919923539,6.241673170482332,1.0893952739606796,4.203302963149765
42,10,37.99848938220029,7.33068197778856,5.617628359502163,1.3514802324044917,5.386351613840585
42,11,42.88999527602981,12.967547416322638,5.900152536714337,1.175240283125481,4.496653515452749
42,12,21.35557600596669,3.400032625930884,5.147322217961531,0.7049440272253493,2.84967498748442
42,13,56.0675085409636,13.71598853208543,6.035647969943769,1.0720996605672166,4.222681902903732
42,14,61.059164706266074,17.37004969613072,4.9776265372149435,1.4218538494760455,5.455415644249417
42,15,63.00654443132252,7.801806135679758,5.418469058540847,1.435764902218259,5.877829655749836
42,16,54.71908530915228,9.422240806212567,5.2577435708129325,1.523933346037328,5.7910614464434875
42,17,38.05589797327565,4.970469167305733,5.82145422602399,1.2971074661333857,5.072000759464611
42,18,63.582899799434074,10.743328535454626,6.567491292278003,0.9485572292597304,3.9297440406384694
42,19,35.464095376735365,2.516743266914818,6.542089237067351,1.0347267266386808,4.197110809571034
42,20,60.42383385407598,7.198043649059271,6.668443373595107,1.0088609831636717,4.103889515275015
42,21,48.80270420853885,3.6427816493129166,5.549799877189031,1.5288267031324079,5.924154016463414
42,22,43.212888896551945,2.172227643636339,6.371995357670311,1.1370255146975108,4.483857386085766
42,23,40.469440967481376,1.5419298267224302,5.981749956670991,1.1279451732431944,4.344279905081686
42,24,32.456230524058554,0.9903181137300685,6.1182730324537005,1.1811029352033513,4.475094187791209
42,25,42.99187445526514,1.9763234797126428,5.2502485365277565,1.5148267028540943,5.597155711667269
42,26,53.015232211420845,4.691167710493334,6.103040903279624,1.1102542309851113,4.322075631381257
42,27,52.35015340027457,2.669469083074147,6.10824127063109,1.2059859123383996,4.570529579519758
42,28,51.01447235738454,2.343223857919923,5.92967462440319,1.022444203595417,4.122424735954635
42,29,56.77540330387473,2.813427452780314,6.282027542716584,0.9457619664897194,3.7038243774037034
42,30,64.1456166561129,7.594142657359687,6.242909632385649,1.0133271166009008,4.052350129793328
42,31,52.59233053265882,4.106120924997355,5.43173341897481,1.0430906384555003,4.067200397030514
43,0,25.782913606961372,6.006487632708494,6.227263451649591,1.0620721024839526,3.8012655401988393
43,1,28.995876060130648,0.6966082201737258,4.669093265264813,1.1892729463758318,4.151889658360913
43,2,38.04042945726598,1.1008171027313405,4.866649533830088,1.3926238608386576,4.935204585179314
43,3,33.16995855569774,1.2227053092032585,5.106466098378908,0.9440032842461994,3.550644365699319
43,4,29.569847886788537,3.321854238727397,5.094319698866309,1.1499479487105706,4.088463772129806
43,5,31.737278874431478,5.350015978558104,5.275565976113415,1.2892163418989142,4.652549635454276
43,6,23.022599003415174,2.2340802951066108,4.9279756979074785,1.0989204130844357,3.932688492466208
43,7,22.03715383021025,1.8017246694541997,5.222258365210189,1.095398579063776,4.0024437246165085
43,8,33.13610711492717,4.457905418305407,6.135533616669774,1.1083468157694512,4.184071837945326
43,9,31.728570191797232,5.966306439021874,6.369451452488564,1.0255095922367117,3.873513940775905
43,10,35.23769695642814,6.337137129773039,5.889346434287647,1.4144412480528015,5.628735829877577
43,11,34.732368040155386,8.731800942792397,5.7167406541100805,1.231864917913457,4.629896009174361
43,12,23.187058180956832,3.34271856247846,5.277804373744152,0.6997333674251198,2.7846021696252126
43,13,34.775751167707625,4.066473140556505,6.424477777751089,0.9728235773935134,3.9259320493124137
43,14,51.04928212623262,13.008424481174531,5.431366597835217,1.4294750295670227,5.538774021833191
43,15,35.38057277093836,5.24056771550401,5.675892905284009,1.3449929597858041,5.364454795433496
43,16,32.74546271256045,2.6903278108338435,5.535750147438667,1.4007998084122892,5.236572280878615
43,17,27.873651671392608,2.3205238327836533,6.140834585754742,1.1001302647761042,4.336057396541925
43,18,30.691933557899702,3.5481901826750475,6.305245224628018,1.0509173759917543,4.204149798059313
43,19,25.8472547369533,1.1421550791880908,6.34498517506824,1.0295213532693293,4.134005822556614
43,20,27.570832933690806,1.4687837741139647,6.341475260816558,1.053301424768665,4.033234220467549
43,21,46.9619336005033,3.5124188205610647,5.8277505108652745,1.3170336659133817,5.11916589824661
43,22,26.8014611687398,0.8712253621054146,6.17976353563467,1.152680814368905,4.461001996460509
43,23,32.301100781460526,1.4895077634129894,6.040882931082958,1.1439257353888248,4.2788771796560265
43,24,27.98994908179357,0.8944562476031795,6.004666042026991,1.224767364913986,4.524425759089129
43,25,36.34223797384836,2.3651686716239047,5.327746132673862,1.4194534882881706,5.148386383375896
43,26,38.377857663420556,2.4285000179780534,6.316571606041505,1.0712735614427942,4.123791409614378
43,27,31.773856438483747,1.1736066561504401,6.047067452043514,1.195805580739849,4.445315442701648
43,28,53.610695196838506,5.191670894611802,6.139187049871743,0.9524458420882338,3.8787057254845565
43,29,54.57957485322929,1.0151506924690934,6.32761097744773,1.012859887810177,3.8001461366381633
43,30,36.99821785755301,2.998947885943423,6.194734480047041,1.073003209540527,4.137195167401676
43,31,33.5944087887067,1.107799599398922,5.385155462145413,0.9406477930033557,3.6494105896443205
44,0,10.60051642098174,0.3722138681383904,6.054109941549264,1.0864076087869146,3.8627353711415924
44,1,21.731006054341698,0.6043106944696506,4.944665070338834,1.0580601096162798,3.793532388787483
44,2,30.11028114305889,0.5847093311209732,4.536201644490726,1.4572685129288052,5.138868650588288
44,3,14.474570365533737,0.15059674671940654,5.083745307425566,0.8668804984749343,3.308267870099846
44,4,15.717075097514135,0.35155408759629025,5.292113207779751,1.0571220316094188,3.7661221049954596
44,5,20.90105994356742,0.9622693986426919,5.09765782847665,1.3114402680155743,4.507579741542038
44,6,30.02045598010168,3.195808075445278,5.1884207622089855,1.056200370626561,3.762920760121723
44,7,15.26787210261774,0.6620157376645263,5.160614237275813,1.0324378888899899,3.73122379841432
44,8,27.110990565646635,2.3565208969488762,6.103179153329698,1.1024210000287802,4.13954524521277
44,9,27.574186467279574,3.820125174627738,6.3006070223079504,1.160316417935471,4.4299503412537895
44,10,31.679484391474883,4.422399292434445,5.707255774758388,1.427301240545166,5.565263045391714
44,11,27.798668490644527,4.015087652946944,5.585936127581945,1.2658909603064057,4.80843367612079
44,12,14.49206808778905,1.2037823159559435,5.385220816625154,0.645581077077118,2.65286482555122
44,13,24.39712769799094,0.5486545324421627,6.483518287572084,0.9882166410422819,3.918442207764084
44,14,20.896600587772824,0.3939065957321062,5.750264760037778,1.2321630081033117,4.731500467568254
44,15,23.92026202013788,0.79622298182997,5.822635152467415,1.2681087266311906,4.971469759316748
44,16,21.826212127296202,1.213103407172393,5.61456154099187,1.2747289340408017,4.66840472773476
44,17,20.290535071902717,1.7916469351917481,6.057009915300461,1.1108763094903686,4.317415252749143
44,18,21.98406795806526,1.6851786437439635,6.4019385322518305,0.9666024616354054,3.8344096003975365
44,19,26.57615469682452,0.5068281216018229,6.345080675584989,1.015301077412584,3.9904285258493175
44,20,24.427540963255417,0.7134156449159875,6.061384873232112,1.132831344920345,4.269072006522733
44,21,24.28141293157138,1.2854750176921068,5.599991275637699,1.3592000048265742,5.239879609446938
44,22,23.241711355058882,0.3587494312419678,5.938841599164971,1.1908756953889972,4.522575460819509
44,23,27.741532976937837,0.8982073061514053,5.816445723173551,1.2295054668369803,4.476136106911102
44,24,23.486128118480725,0.6554452654238201,5.822016556047818,1.2781839015197871,4.6215320490011225
44,25,26.90263226897698,2.1238691595307624,4.932932149958093,1.5352986623567784,5.425482712328769
44,26,22.804161781400104,0.7062950730563123,6.165990559320617,1.1144870387731824,4.1945469892113465
44,27,20.871294959218222,0.568616540558577,5.966858746053338,1.2188543917781827,4.492724628694679
44,28,34.25943121631765,0.9647819938720466,5.881134533810652,0.8974161232098954,3.6116084137110365
44,29,32.80102900411705,0.6105198757181112,6.332831859214077,0.9360471794235679,3.544227011035278
44,30,25.8416612497587,1.2551432083653196,5.949184378477874,1.0650734673283822,3.972818103981368
44,31,25.00275057950315,0.46721270180980334,4.7350520780854515,0.9596813891100506,3.5478046114873534
45,0,29.371380237183892,7.588663258766637,6.459413071938743,1.0111218987961372,3.5889614121108857
45,1,28.56840014072171,0.9931224988523666,5.2109536580197044,1.006100629511037,3.68192694223416
45,2,25.144621039095163,0.31350546185785566,4.656041795038412,1.3049586310394314,4.5052065562550325
45,3,33.337321384793,0.9836620570915335,5.570314822763053,0.7534156011606301,2.9851915993514844
45,4,22.204390069835522,0.7807971778850262,5.4247632706585005,0.9846034486784427,3.611005812318405
45,5,23.65278078279625,1.0900560163919208,4.895497594243935,1.3878135197043022,4.694200402343311
45,6,27.372826014031016,2.912220773388367,5.350455587141895,1.1041081541481743,4.027759794668242
45,7,19.60401176392155,2.156398792189429,5.1563014528827065,1.0639252430316066,3.865210121567202
45,8,40.22285089150615,5.4381977160742965,6.02649704457958,1.2653245257333188,4.6922607084868595
45,9,26.977704380806152,3.7260547849232717,6.392683719073816,1.1892892045303256,4.605420402318076
45,10,21.819533481643738,0.5271571258651649,5.699304695953423,1.398996636457789,5.5807438337948145
45,11,26.96611094414935,3.458342604838762,5.874249106609319,1.223253594676681,4.673772872654404
45,12,16.39564107956502,1.1683310669008975,5.293208132602355,0.6848668292520754,2.7567745574652296
45,13,21.2789603664126,0.8567191234919691,6.3440723588427765,1.1197325698177139,4.427606872547777
45,14,34.21410247102989,3.808110713023184,5.899192474185119,1.1798079755895463,4.552563569541564
45,15,24.102847369985305,1.7541116210000818,5.926162122365726,1.2440649667622523,4.87871741507378
45,16,35.0180219553212,3.0490562856064214,5.409720049866281,1.400948253122599,5.1942339480102495
45,17,36.32738607028645,3.9143964932213233,6.0507928995147875,1.2034347577622855,4.659033115249407
45,18,53.45559606475838,5.143124135794402,6.529572332330962,0.9985070485932654,3.9564886356249453
45,19,58.84500936214748,3.849634285600027,6.315598187514901,1.05269449268524,4.246634861360995
45,20,62.67151452913994,6.306207059163343,6.264460312761334,1.1397279328142433,4.386893142306857
45,21,53.55607736064857,5.794309764909517,5.6793541454431065,1.3707876482503982,5.196218372844148
45,22,43.06538316939635,2.3114470264342497,6.268718649521934,1.1009969263485093,4.27479699511616
45,23,51.97581884950719,2.941314124869926,5.880338091175617,1.177730404146831,4.4222905863647
45,24,54.77224792476142,2.407545335743311,5.880944475000505,1.3186015255394876,4.966635511026227
45,25,41.909953173344206,1.0530207241363807,4.95944284296213,1.5733959764432415,5.615947239485398
45,26,53.465346625101674,2.5742838617343846,5.883870851006106,1.222187013853314,4.585543285561108
45,27,35.374815007773364,1.0797097287418815,6.405112489708744,1.0906608661873083,4.148609471204912
45,28,41.333534199233924,2.3612722572285256,5.6836478278206,0.9681045379749911,3.8976242988940193
45,29,48.8582854548127,2.5412614902521806,5.82565214088817,1.0696367046634396,3.9734361677026695
45,30,41.79964748268728,3.6415149773168913,5.954940562126572,1.0954138043436057,4.294919921024996
45,31,46.55757807624866,2.1441431907200807,5.382462368826889,1.0531983731086036,4.057395009357116
46,0,18.632693778223047,3.762717718990115,6.294965405369588,1.0707110316277406,3.8165925222583192
46,1,31.461442658228197,0.8158145543605049,4.898343315760224,1.0357766881930228,3.736882989024147
46,2,39.76315501634558,0.5960485039408211,5.311614007128282,1.2562829219106808,4.658435078984005
46,3,32.88829670427182,1.2742943324890934,5.105452625168257,0.819946330062459,3.1488319023940496
46,4,25.584383209939958,0.892288197667211,5.2403698523178335,1.0299366776927759,3.7199045363999574
46,5,34.55670526805518,4.626852780518289,5.381703439723021,1.22750828055948,4.294608373438323
46,6,41.84832001596662,5.905434232038611,5.072811540697835,0.9371854425094428,3.4340826117844356
46,7,28.17563055124034,3.728854752849898,4.995205273828362,0.9784958107738628,3.4379723985843875
46,8,32.435334726788014,3.997641086424518,5.940240314157293,1.0993782608961267,4.13677252275993
46,9,24.838537746962935,2.180035064796217,6.019972157083757,1.161648532045212,4.362593192354213
46,10,32.907513959787565,4.163066641406436,5.741061537082554,1.3593601642912212,5.348064521539163
46,11,26.2116089955725,3.4678944912234786,5.8095524001009915,1.1499343647814069,4.3744213925660995
46,12,13.862271523120032,1.297771074776087,4.765810558867296,0.6606155725995171,2.6317949507950513
46,13,29.327494112686388,1.334635320062144,6.145520050425005,1.1356856124412893,4.535192912236639
46,14,37.220764452597685,4.443782899489882,6.333992336476526,1.019663856587135,4.002464478969064
46,15,30.440318124968506,2.172855217867167,6.022000083304697,1.1515672696990276,4.576100491045495
46,16,30.912810218945587,1.8013522139908447,5.651506942407503,1.2128839939078295,4.654726673652229
46,17,20.82940280172275,1.5957813532046423,5.977568818826834,1.1877132728628457,4.635963878978614
46,18,25.67750043819805,0.32189966843758333,6.376313900693832,0.971841923491823,3.838627283643759
46,19,32.24384861381219,1.0637714135383443,6.078234479802223,0.930185063431928,3.750014654253588
46,20,28.42047749530812,1.0745228548340522,6.40832638056458,0.889447369620477,3.57308346943432
46,21,38.33723256003107,2.5207863594263484,5.401877731435614,1.2005755969554555,4.534271747741868
46,22,23.18459031718335,0.5395131207879716,6.1727101738178725,1.0714881454568905,4.1804352833612395
46,23,25.71377247619054,0.7416797679296414,5.7563903652328,1.1732856777748886,4.303237205065043
46,24,17.538654709852267,0.18065462301960758,5.861207174384239,1.2440039264423666,4.629218843997731
46,25,30.811877209559334,0.30980844068090735,4.913396894644399,1.433790784424244,5.198223595810365
46,26,30.194857077613108,1.744720253701421,5.766041330936162,1.0658091447736249,4.080275028586437
46,27,24.12648666141806,0.6389103841087087,6.279893246054961,1.0348112529483524,3.9798523708988744
46,28,33.65505556644123,1.0881343962068175,5.574675103352027,0.9520301845974171,3.7951511709709767
46,29,34.74221035735043,0.9750788239377872,5.642705025049537,0.9808899190051621,3.7459674259220272
46,30,19.527511367605396,0.3802389575434514,5.8459225366098115,1.058220943294212,4.206616140339531
46,31,20.727186501945738,0.319235934766546,5.051781817068541,1.0082046855393862,3.851141740192248
47,0,33.38681354335444,10.918315477375803,6.490707929856063,0.9976517982826572,3.472117976452303
47,1,25.30683213009202,0.5554531844949464,4.946916766908679,1.0318238746129547,3.767175230386519
47,2,24.624516241094966,0.34023707971212497,4.688315426179178,1.2970110307216727,4.5874561421873965
47,3,18.385298838362452,0.4051388643779181,4.559591226592569,0.924458385463022,3.3312416328612855
47,4,14.0168876800088,0.17829424168808905,4.936890613192013,1.109748196483027,3.967697790474447
47,5,22.81451313968379,1.2318453610456355,4.797217176090465,1.366050239208624,4.761869155715382
47,6,22.31661223361389,1.7865221611869357,5.131291317017984,1.002875185767417,3.677086902943668
47,7,21.660614939107532,2.5439975899388645,4.999890883001605,1.0555139530483837,3.744800374846956
47,8,24.33599871085535,1.6630635175103827,5.892448962979366,1.1960826850178767,4.558793825837681
47,9,46.8048082495136,13.800017106778455,5.818441864260892,1.1794414205723571,4.473131157538203
47,10,40.3724794496973,10.094939121588267,5.481833100592571,1.3254073970247724,5.33586828782134
47,11,37.620559086789214,10.04986709913169,5.597412446221167,1.1580469886216926,4.52325723769706
47,12,23.09857818511564,4.255591001146186,4.826407208685931,0.7144231322175543,2.8238411253393654
47,13,51.26477191852513,13.894605397989414,6.1483113963768385,1.1425203200603873,4.465630018808024
47,14,58.4501805852719,13.070772699710105,5.767361641652407,1.1614029032082929,4.603046593552958
47,15,47.87693293312044,6.817246096164154,5.9484856083127085,1.179536598743045,4.900612912411453
47,16,45.35115960275872,6.336572739407977,5.3896469103917735,1.4128969655662953,5.490644760389986
47,17,50.65395680444689,10.615297508311444,5.891978401786998,1.2702809734871483,5.028190270229248
47,18,50.46937746218973,5.37521446985305,6.2681219117780795,1.0660262127064097,4.242460800455399
47,19,50.424433366627866,5.559592973787549,6.165855584952278,1.0375998929143906,4.212503930160872
47,20,59.407961629677715,9.116568562148318,6.156056534613402,1.1271518462408148,4.3820813754248915
47,21,50.6038960028862,4.54186596609291,5.769327657137978,1.2445944273598828,4.783917280959372
47,22,52.87165897857518,4.146226240804564,5.549810512189335,1.4136449554430817,5.273642916572021
47,23,50.64357649427021,2.897378568877781,5.7139937346778655,1.3340889943088863,4.981746361692258
47,24,55.04999083116297,2.418948693369522,5.715409258119465,1.3338909549186688,4.915136077179571
47,25,48.53454868623855,1.4182397407038305,4.772292787479925,1.6055831344521136,5.750669587183737
47,26,49.72660531363018,4.65672852953945,5.468170135866417,1.2696660946207015,4.5405582564853395
47,27,51.23310449078686,3.9692826800179746,5.644608377577304,1.3900420104204656,4.914437616585931
47,28,50.40476618513989,3.91441720639631,6.019361665114929,0.9471875681107731,3.902206331705123
47,29,73.43092556683877,4.58263706144419,6.552281652534471,1.0074798589209548,3.872109631942624
47,30,47.51563862142292,7.470318707351772,6.021658778042426,1.1929589116171497,4.594742234251253
47,31,45.630958627202475,2.9974093716236867,5.754259099940164,1.0394323751252523,4.020051212286455
48,0,37.79127403021523,13.156562288650985,6.51865996607447,0.9677069445054638,3.5062716410781456
48,1,35.40881346949731,1.2928498015400713,5.4275678056265,0.8973383940272797,3.4733483834979726
48,2,47.783477411403645,1.063478472340882,4.713621014330024,1.25515694022278,4.335936619369398
48,3,63.16651794288448,2.2780882908317257,5.713289656569879,0.7990200129170724,3.21878289742262
48,4,47.172439692691114,2.84354277347022,5.679794152889092,0.9718820943014155,3.605289849888099
48,5,57.229736618871996,6.934644768421002,5.465891886065075,1.1218630406341568,3.9477881500424346
48,6,79.41898779814247,11.378768679626196,5.5378631882519755,1.1205159514036591,4.197570662573304
48,7,52.13605770295453,8.078980579389881,5.5027625885153935,0.8786028258292111,3.306525132382416
48,8,64.69391266714261,13.754620099896899,5.740419840443123,1.2885547762998737,4.7087199994721205
48,9,68.17435976675299,21.373808569050183,5.879669937261869,1.2957912841605257,4.904588906563515
48,10,80.43801865300026,26.786058408455343,5.300584701510408,1.4244107751714985,5.489781503632016
48,11,55.30076729766731,14.340968034650807,5.594596772247774,1.3602163719465379,5.0389400576563785
48,12,51.311350506196234,11.419927852807593,5.766819697870166,0.5874496716747979,2.567613543436254
48,13,78.33533115254521,29.078870696512656,5.79808358059026,1.1686993340811096,4.482112137037681
48,14,55.73234473621165,10.606268717552243,4.92588614076146,1.3021410750616083,4.786504568021079
48,15,69.87924391614791,11.993778286285544,5.523268035629303,1.2650630683127195,4.923028309606984
48,16,36.86752457726582,5.107498731891729,4.797526117078571,1.2631825425835874,4.499146706037308
48,17,47.78166036224243,5.675267960920346,5.978170590516679,1.0380050901175109,4.037663928310939
48,18,39.25212240455055,4.468066513209946,5.532131999704716,1.096505315826902,4.149568361684618
48,19,41.44602093623226,3.1154206551302854,6.055589095392424,1.0929293171674388,4.1934841728299075
48,20,47.609083898453804,8.277701135430274,5.510768936340103,1.3124749157244135,4.850281903116718
48,21,45.65009197405645,5.473137612755698,5.33932393580684,1.2828783487057143,4.648699524126184
48,22,46.17522023397109,4.02148753057295,6.166153311279695,1.0265652385964827,4.0115283768983385
48,23,47.74093367350728,1.2361809055283284,6.240229093531647,0.9635151435448375,3.7649936245842235
48,24,43.19922492901543,1.7104128731626567,5.949716931502559,1.0935159212361052,4.127744316098054
48,25,42.06320099368468,1.3150804089493138,5.205198553526389,1.2344162832261922,4.382105373810917
48,26,65.37367818668096,9.013229098228255,6.113073610800717,1.096758055925572,4.213771075122583
48,27,51.784436186502475,1.8555180438327559,6.367031364181302,1.019916173159495,3.948109057031189
48,28,58.93983883627948,6.006950517150783,6.020893670642391,0.9221536442525586,3.6931077950295075
48,29,37.617128750892746,1.9106685854532839,6.141464605150463,1.0088118158448767,3.771109791469611
48,30,48.035586557584054,6.610297662520931,6.042506139781358,1.00705187004512,3.968171864685311
48,31,37.955104137720674,2.015099713161118,5.618469736236963,0.9504778210137346,3.761947736649468
49,0,30.278069705450864,9.102071419208905,6.045211910108103,1.1121345870084163,3.952529793618196
49,1,28.160094851313307,0.6887430842980652,4.4093386127648735,1.0958245321045528,3.8049139227969486
49,2,32.263263402318174,0.688851989750095,4.095955294863368,1.5508587670242262,5.323191802403158
49,3,32.66284086735176,1.4885459904189347,4.992962816140585,0.8663379681202681,3.3101697485285952
49,4,22.8048905666339,0.7883312064896,5.122087422511001,1.0299740684899943,3.7343936881005835
49,5,38.77837775245942,5.099003060593409,4.862575631951863,1.1798043723217182,4.243424529509102
49,6,48.79325890462314,7.271301133841658,4.544146693970772,1.1144235585365694,4.008941614497353
49,7,30.324648529707275,4.321501468827948,4.811121201737329,1.053414359847503,3.749185445662234
49,8,45.89739054218252,12.3612233311326,5.181859044271556,1.3295506456365986,4.886896823600723
49,9,38.05184912891634,5.868678329112117,5.663038458703614,1.2874069622802828,5.0028872481555515
49,10,43.8946667757354,6.353945200894406,5.27849400972559,1.4462355747465772,5.6555267292115845
49,11,42.082595650541336,10.066854891025088,5.629426323755354,1.269529703999929,4.754452274165556
49,12,24.771462482003738,2.2226748331246977,4.340102030327545,0.6033853296528493,2.4894098860980374
49,13,19.740905122828565,1.7751130039998628,5.43648656898622,1.191127792155772,4.543740281586243
49,14,41.48187286985684,6.092240846335899,4.913887804097666,1.1611170845163041,4.4264881188486624
49,15,25.98942395105444,2.9580347536816953,4.538772366222849,1.4074939920341292,5.272951570091626
49,16,41.678728214449904,7.347407952739317,4.093088838247011,1.428060937544167,5.084795951920281
49,17,31.859081976594034,3.121112583789155,5.052059191034721,1.3264412402180605,4.7946623131981605
49,18,49.90924838954412,6.906516202311996,5.714358792119773,1.1268051604878906,4.238116895658509
49,19,32.00924572594189,1.3088972430445251,5.531191693188528,1.2838628654655517,4.751932730446369
49,20,45.48597606294959,5.793990829472174,4.888980324515312,1.3247555720551558,4.685504045369948
49,21,30.184824381395877,0.6278870551729876,5.056323237660513,1.3942064239310268,5.079035337559377
49,22,29.825241479813158,1.4497974101496724,5.396199507264043,1.1600963015461243,4.203187600629178
49,23,25.604882724038845,0.5048042471002686,5.4741914156113065,1.18264518363757,4.171029179511795
49,24,29.34224170642326,0.674076817083037,5.231367273139984,1.3140357049076483,4.614902289083149
49,25,31.636825510294486,0.508979872723933,4.640454878934259,1.3394633150186062,4.460526339653545
49,26,37.51190977863476,1.2988211443659514,5.689902802207935,1.138842276924831,4.306221864596365
49,27,29.003730163425693,1.099510249319375,5.936391938491171,1.1096752164909862,4.069768680806583
49,28,34.72098555302186,0.9642163226187184,5.403943884759919,0.9507877992666529,3.7515121289207216
49,29,34.270870957034845,1.646260988409269,6.007384911410158,0.9551445648178687,3.592871721717923
49,30,35.06642429562173,2.9831648779694113,5.675098888279013,1.1155146287503177,4.346382619398516
49,31,29.759883412990973,1.5992525787778915,5.275296164723697,0.9758678711182611,3.74330808672301
50,0,12.631810208687005,0.954496887572601,6.275565977283854,1.0380532963685365,3.7412161732427998
50,1,22.86395093145731,0.5593809806584148,4.647403174298728,0.9932584457918878,3.544571814375692
50,2,24.32393784043699,0.2230162942180642,4.367575991202228,1.296952252803119,4.35976652586027
50,3,12.380772155071579,0.11474582187302831,4.775830624243131,0.7745911739350868,3.029614315961083
50,4,16.956502724273047,0.7189939605931823,4.934803253985143,0.9848625375502387,3.4617567814400956
50,5,32.688401798827854,4.443953214542118,4.727104006236411,1.1956772876763573,3.9991176648681908
50,6,25.73954618730334,2.3631628353085734,5.020217271683096,0.929739241571351,3.494957904216859
50,7,22.063702118939446,2.718020219919371,4.899734551739797,0.9571544257009741,3.5066827037582278
50,8,34.095682663597955,6.771272587737201,5.200910833726979,1.2390247561544037,4.5392889779261845
50,9,27.36193535369074,5.1747554569086835,5.468530829798233,1.3525673396754287,5.098758455296471
50,10,43.50537127844193,7.564294529381173,4.879247102769881,1.404963597721693,5.400796731637099
50,11,38.89135551076035,7.560919100383818,5.336191822728811,1.4080099194600422,5.262867182917231
50,12,23.44369752226561,2.421191308077841,5.065580450704367,0.5953677539251458,2.536102487996437
50,13,17.2112723290384,1.3453389383712144,5.523020377223738,1.1643799585753447,4.40092629463123
50,14,30.192643880183734,2.66888107501633,4.70635103982379,1.1497861524116821,4.225815834532017
50,15,45.26917304371189,10.279638959789201,4.969646682975059,1.220659761045627,4.612587320207867
50,16,17.06910704441112,0.5206668172660474,4.285092662019069,1.2872355170255103,4.511531407932533
50,17,22.71306156118419,0.8484912453235358,5.439410642582015,1.1294841256917119,4.136536074341137
50,18,27.835681738845498,1.4187987926157493,5.487615121417994,1.1100763785325096,4.093786030654044
50,19,31.08823937273098,1.1118297958530503,5.740114993807092,1.1315366514580374,4.245108516619429
50,20,29.757261968087445,1.7574552138626756,5.3810595787553215,1.1406805738992043,4.18975789574516
50,21,31.801134050990356,1.1910547555812068,5.573077182283565,1.2008785823531651,4.388799161966377
50,22,23.90217470286822,0.950789949438977,5.732476377457844,1.1548070380240274,4.367375452334723
50,23,32.72628851293323,0.7556232510228307,5.909444467635055,1.1388056352133287,4.240509680660169
50,24,28.387948294220596,0.833793472043221,5.425780953502871,1.3496887465942216,4.864565691149351
50,25,31.137091676636942,0.9793212161703934,5.08478678391495,1.3051582898828293,4.613770984596662
50,26,40.295418389707315,1.3364907182144743,5.683552607162298,1.136525455672242,4.125323030996506
50,27,37.75325676534895,1.6393584465426456,5.985972494374099,1.134131380182799,4.2181514253345025
50,28,44.04708555316947,3.2815837359539355,5.726488601983961,0.8321492913702482,3.4007202614672742
50,29,37.731129134841595,0.9762046200800574,6.158017794199206,0.9720692359621603,3.698487789639992
50,30,37.66907287201332,3.233313737933422,6.0420435656580045,1.0437384662217415,3.9796526758323245
50,31,31.7202625280387,1.45143085323632,5.421748957494275,0.9849941375387647,3.7820591617948356
51,0,12.55769126555337,0.541826979443205,6.0033888418579995,1.0919551497000644,3.885943919699576
51,1,20.93339749924685,0.39502033807556197,4.805455698542955,1.0147902045011667,3.638216595587744
51,2,29.331608514416555,0.26843661505524946,4.277388320051198,1.42149351404628,4.868188451676479
51,3,17.637738337990037,0.3178000507309859,4.617377871531559,0.7301101855835439,2.812109404402994
51,4,21.718922511750023,0.5760797845162092,5.255629749386081,0.9797725818587608,3.514634530274972
51,5,21.38004573230134,0.41056844387617164,4.971369164620757,1.17432447124156,4.054739818125323
51,6,28.334353577576007,1.579672234381141,5.38034139405412,0.8571922185149532,3.2321789387142426
51,7,28.254444452731633,3.5824816618648767,4.897559388026046,0.9748518362576615,3.440000766164555
51,8,36.72418449676074,6.383588899779014,5.616814636385602,1.0774793467408825,3.87625231571666
51,9,26.952180222698125,2.6672449063852173,5.735956177852397,1.1236409670730216,4.2223456198845755
51,10,37.7106509734828,3.2262961136845427,5.374556911757814,1.209859481638981,4.596924759932901
51,11,49.36830044590642,13.043687812050926,5.7317000211599245,1.2435904563372802,4.479248798617886
51,12,30.739991527933295,5.544517952912927,5.136440321513746,0.6417750917674914,2.603688661522404
51,13,39.961644334136636,8.751770000183887,5.044966196838158,1.0380036168138025,3.7464616748038853
51,14,43.8763622610045,6.856693183106534,4.6890500768008545,1.1038354284012781,3.8621944026429094
51,15,32.59905032757266,3.787351563285077,5.070738817088801,1.1812120311447583,4.4203599964628255
51,16,24.404704732985344,2.3119344357930403,4.5123311755497255,1.2796884873519758,4.373685848790129
51,17,21.596509185992822,1.2049643331395554,5.078616287126247,1.220552968113573,4.217165198230744
51,18,19.932129394104948,0.8224091327678282,5.391751533097763,1.016609728844852,3.744408333003868
51,19,22.52551672690477,0.5963072790821724,5.62997888550316,1.0624557769786795,3.9367843030136185
51,20,20.840248701697238,0.2221676000530264,4.820438081548413,1.2014756720334079,4.124657111863275
51,21,18.62266909657386,0.19158695804408157,5.121600328512212,1.2260979474168305,4.403999617396035
51,22,27.105991656859395,0.7890977247538259,5.02554041259387,1.1858086022204901,4.1650344117210745
51,23,30.084594526032205,0.525534469580691,5.659878599388459,1.1143589794176814,4.09868878011345
51,24,19.198622740918438,0.17137074206298006,4.882099516499618,1.3422375652632539,4.596283111380472
51,25,20.882483642280075,0.13628953251939982,4.3781098069470605,1.4080391687589682,4.760782070160292
51,26,24.2810738979374,0.5870532374610106,5.091426260028446,1.2563042170752974,4.39242255518561
51,27,24.463601256730712,0.25907416886802775,5.439069811216096,1.2183588704324704,4.365914098686188
51,28,27.55000285749009,0.3860813581739382,4.916547619997168,0.9088926375934374,3.5102746435930143
51,29,31.658455969257204,0.2141144323426546,5.576302509874976,0.9677488978839541,3.5570645459821453
51,30,25.92380863434814,1.0269506650543887,5.510586255526912,1.095607555441756,4.059648794279579
51,31,28.671709887041953,1.1239068927287625,4.93951680862085,0.9696125396922257,3.6152607167814588
52,0,31.97178927165473,9.790623084073271,6.558347998182836,0.9469306656581189,3.3861072168061597
52,1,26.643708444518616,0.4380525755019532,5.223350785017809,0.9593573013737062,3.5657202995768085
52,2,29.276605222493487,0.31026734851216003,4.441041814785623,1.1990240648928054,4.064363055973734
52,3,20.49508643208452,0.20872608832686348,5.043066624935362,0.6959759689018465,2.7696172289690604
52,4,23.018379956129493,1.1518166943268662,5.124291723488479,0.909916325895507,3.2898600459211504
52,5,25.0116664019016,1.3600461875323604,4.568739500366901,1.278571759602257,4.041575346070201
52,6,20.963338991889167,0.8110604344744538,5.293302925340945,0.9131518164243824,3.3890286474903193
52,7,23.921856355469163,2.0807773652333146,5.141789357004007,0.8781291843543597,3.2329347993077118
52,8,28.082565916327674,4.129383282709437,5.277769537407013,1.242456003970072,4.537963989270227
52,9,33.11711033846063,5.323956510315941,5.793368201581593,1.2121612578414602,4.5988818009459775
52,10,34.861820292349925,3.974766736739234,4.724982884463867,1.390997341468724,5.313242443374669
52,11,46.26664917007772,12.876212295200165,5.470977623043519,1.3427020768008564,5.06588850565959
52,12,29.23085084606356,5.379015553204969,4.703494361322773,0.6863902001099467,2.7783302391648452
52,13,65.6595946124167,23.77800509340001,5.122457421032995,1.3339772589952643,5.237856272490188
52,14,80.0125390927773,20.538364028548706,4.9688127388000485,1.285732914831902,4.771235079611079
52,15,55.68230194276891,13.683858870964219,4.88314621420727,1.3786866395349193,5.237103911132096
52,16,44.02604039647756,8.812124273733295,4.652930081052336,1.3840005362294319,5.127236882589639
52,17,36.49503635845197,4.1482456340469165,5.336752935863377,1.4646412331596093,5.647290138844105
52,18,53.12698499079134,5.625238050801517,6.044742371982151,1.114182006811438,4.273168533784654
52,19,49.28864771699716,3.4426317572948686,5.783209480815705,1.2721503637769889,4.850259031233187
52,20,50.32912009282546,5.465235784779695,5.81042551713592,1.2714874045981936,4.888310860783173
52,21,35.03045699868102,1.9451619413215577,5.444578320574568,1.3930577191035063,5.351746157723225
52,22,41.61237539514117,3.727208157530785,5.773185924663371,1.2476071101864,4.76442393203357
52,23,48.629564632124485,2.5433435163717935,5.771809456635906,1.2506386328596406,4.639724210918737
52,24,45.669096690776755,2.5390352109309813,5.447755650044311,1.4590470091350092,5.460039025405385
52,25,30.9076496366421,0.39719228671518336,4.691010148292782,1.5653477486162855,5.43027004482643
52,26,56.875302202476135,7.531883964230152,5.479520307013912,1.3035223013103128,4.884819643416835
52,27,33.45506564437518,1.381597851242889,6.115186554840255,1.1680747346528122,4.38013053248462
52,28,40.429150947388464,2.5286943339317083,5.442559735220036,1.0596347182760395,4.225379990782209
52,29,43.959864877109524,2.3215516717159046,5.98610366693115,1.1140477581158645,4.191421195154182
52,30,40.699908345546596,5.680381194678083,5.62536616468472,1.2216767511199604,4.8063999635135985
52,31,43.76383741104383,3.178592351531079,5.452751916568743,1.1215134825015163,4.360325355978643
53,0,34.29244289333973,12.605605426060453,6.473878255171803,0.9714326781016993,3.424724021640574
53,1,26.344796905465817,0.9360618243514685,4.874647673185382,1.0157854201639571,3.709628771989806
53,2,30.913500115839927,0.5315140754198935,4.3602913920874204,1.408412454404436,4.962717899142702
53,3,23.24114406350165,0.4326793810664112,4.435211882999964,0.9467295197397831,3.4454603449091774
53,4,24.920522247695004,0.8707541542978035,4.871758860369167,1.198321915708207,4.192286935382405
53,5,27.702399705170784,1.7850666414364262,4.532497976950678,1.4213031877239306,4.811028588787154
53,6,29.499013686485068,1.9104348375532272,4.887095985766461,1.0566279277747785,4.01476966408217
53,7,23.002098619464753,1.9614140281314267,4.848420542029347,1.1825487617803194,4.2460245882161525
53,8,46.73496301273221,13.786906678859697,5.3518113307043915,1.3350679216143817,5.048891766212132
53,9,37.50044627029486,7.680142341565501,5.746507591343647,1.3571078822061278,5.201526827743564
53,10,55.35915883274541,12.541685372000654,5.541544586795604,1.3808981750620575,5.64505078146888
53,11,31.591735911338382,3.7609314695642873,5.619099584498071,1.248832666793846,4.736409034081358
53,12,14.914987483688869,0.703044442482069,4.758797154148439,0.7163455625485176,2.8363540692576015
53,13,43.070421013882836,12.601320194460868,6.136474830296258,1.1539670878927275,4.61071209624505
53,14,47.05414531935946,8.682017722550597,5.0385943709498395,1.483277670975955,5.771951640393529
53,15,45.03235000444019,13.206950760773013,5.773462574378632,1.225809686298609,4.989631480143974
53,16,29.120024045743335,2.985716544579491,4.99811636286756,1.609335826643111,6.207063363440673
53,17,27.149043418256745,2.9761736910761263,5.407111443424395,1.3836966571050517,5.331046480939934
53,18,39.47673748779722,3.15419898875818,6.138202199630366,1.1750368386273013,4.582080501021062
53,19,45.16826701121241,2.7879126675087464,6.306179161435681,1.1348472626232997,4.53168454237941
53,20,42.94160974543155,5.044911420031328,6.196907459972728,1.1671704468883775,4.4828886365118565
53,21,34.39180893031687,1.8233088923537766,5.917611484939977,1.2134056150396209,4.645706261151317
53,22,33.857889308588994,3.5226445481817388,5.867244015472569,1.2773517922141577,4.750153844577981
53,23,34.81786059448823,1.5506868964399905,5.855817246694865,1.2473063477256323,4.561134523262731
53,24,34.29456740394822,1.1429874022581243,5.821008251779332,1.2878894893323727,4.701360226275731
53,25,36.311473837055345,0.5388123971074434,4.85282624214468,1.541341728665346,5.560332571050677
53,26,40.996668437613465,4.248371618100879,5.808606231028729,1.1830989041655409,4.406803257746776
53,27,34.99320092951979,2.2705569747727186,5.784361764564833,1.3731631688853234,4.987062345659371
53,28,37.00160940376166,1.6302264803169388,5.618451426917498,0.9594775967519844,3.768588358459008
53,29,47.93034503113237,0.8827411577087971,6.267813200332087,1.0400495396527276,3.8861597789309195
53,30,29.10904929640687,2.5488661275428597,6.018748281282313,1.0495046790037614,4.006695620563834
53,31,21.98657115311822,0.6526986669620978,5.344767945499688,1.0436546188984828,3.8966944523605416
54,0,34.140427270249035,10.703411323147002,6.236075950296203,1.0435519354863008,3.7861880062762268
54,1,26.275659234615148,1.2496576822171537,5.105599533465201,0.9695301708486008,3.6619145995838194
54,2,41.38004948246436,1.5270296060693485,4.913836084758964,1.2526425402781314,4.487158039289315
54,3,36.15681489034405,0.7300516162682991,5.11795928077299,0.8030037188242272,3.0938141231717955
54,4,22.30069056768323,0.5622452974352636,5.146960948759942,1.0090162391658914,3.5847193416540013
54,5,28.430122044458592,1.4162902943820561,4.686983171694562,1.2796392901615334,4.25078570122574
54,6,44.234369841556486,3.349326006817977,4.997362205353772,1.1021077543062932,3.970472193049341
54,7,35.464527226448226,4.584857032189122,5.086936892869037,0.9246777445392063,3.3026233443455935
54,8,48.2665133755641,9.716301242049004,5.843735789291958,1.125490160505528,4.130678926698444
54,9,47.89306612698567,13.393153068868626,5.940914967410405,1.2511529831110488,4.828481042673589
54,10,66.36434334560182,17.07027925427933,5.439277032797546,1.4554784614855363,5.6015976818159565
54,11,39.61272091490761,7.114523846917901,5.435218616778039,1.4150717360376142,5.339653273462866
54,12,39.51481855608867,7.492731143501633,5.400798015721161,0.7177755112735227,2.902698572536094
54,13,37.57897925419775,8.749257977808611,6.182959392398965,1.0425274280977481,4.0886408745539455
54,14,58.384242454896125,12.417662930511298,5.151408508155972,1.3681949063158214,4.995248153607754
54,15,37.88451758345632,5.8997999937219285,5.687186113940365,1.2074282015068487,4.6090045294589235
54,16,47.920309265220865,8.822664726598411,4.969574874374048,1.2954486197916184,4.663884214627789
54,17,36.5392942832493,6.304871837429957,5.843349836713117,1.0638428064460186,4.065727108023131
54,18,46.29099389458047,10.757422114625019,5.728660990833282,1.026892684416775,3.922107019433782
54,19,35.75156259523807,1.3087957075409231,5.99024409636238,1.0854478159478642,4.186903365871846
54,20,51.41755558955495,6.882925913708522,5.784706501928846,1.2867459741487375,4.877482610541689
54,21,42.94717002858431,4.058436177041074,5.684302765766073,1.2677828221682548,4.767027276290069
54,22,46.89511567655019,7.151548275863084,6.296335744509284,0.9448501939271416,3.8427246149310843
54,23,48.135286111992826,2.76760380793207,6.105960767609222,1.089521589022782,4.122038830459997
54,24,51.34893261175391,6.4995650377414504,5.938049202458775,1.0985087575537706,4.1720712237407
54,25,49.73404477668994,4.272804195141035,5.261710871730744,1.2658441871413197,4.676302665754504
54,26,61.38326909547936,7.948171662292202,6.314810196751392,1.1022962476636025,4.29311784241211
54,27,41.02641099216429,2.5288689138466625,6.306301611364346,1.0631479262333956,4.044339714974913
54,28,65.91841109766028,9.483836122561613,5.938231234803002,0.9765772727271651,3.832516758702623
54,29,50.1724667032118,3.6243011294133742,6.229355726636041,1.0851159320350572,3.960283246616874
54,30,54.65618265858244,10.384659357813163,6.157537393780052,1.0365395174620513,4.011234788492728
54,31,54.7457019863048,5.148825199595182,5.866365930081621,0.8972197215601936,3.6310662466290973
55,0,16.19794923469518,1.6687328741645069,5.992390984020583,1.1171967356816053,3.947089894436956
55,1,33.19713106353426,1.313289167669686,4.18964233938935,1.0905653762200291,3.7489767998291557
55,2,39.36555452192919,0.9260062664902103,4.105038752854119,1.5689440989811043,5.51676879322578
55,3,22.335549970099347,0.4951158781009983,5.071172234626806,0.7999941520108766,3.1441773122976513
55,4,29.044976299079426,4.088888325599617,5.079309291933004,1.0101060458509323,3.6625285378899815
55,5,29.364329284883148,3.4396856554263997,4.8313520386078395,1.2075257571874376,4.383108396202769
55,6,44.50789734877402,4.4971612388728985,4.635783631047595,1.0861032383776523,4.03696571620471
55,7,26.376938123987124,3.9464440827230782,4.609500780810679,1.047651036487796,3.7297275991231866
55,8,40.73115401695306,10.070502406686673,5.500653826793509,1.1711938133683049,4.56036385670922
55,9,50.65340831952709,15.965908287150246,5.6458849017708985,1.1180887462133127,4.323965814291119
55,10,54.32537525746845,11.823127832473114,5.434680174472445,1.363258733262815,5.228875690557616
55,11,60.8522996278688,21.265429560132887,5.487961015178914,1.3451284460999986,5.097096247911047
55,12,25.29747630464992,1.9089523833600657,4.854292060352364,0.6462688843646651,2.6292287847947744
55,13,37.77330561274685,6.636746126455819,5.662486864864991,1.1791069021542304,4.509587974499034
55,14,48.09164003418795,9.201647250444445,4.948400743720376,1.255028004177988,4.703095722156958
55,15,43.08668754179665,6.292490824076335,5.304266581470903,1.201163089349838,4.584873262302539
55,16,45.32494437663278,6.316919712069074,4.935932158766445,1.371794986438866,5.2350519732682415
55,17,35.325291523560516,4.416747278085145,5.5154835344615405,1.182909338539809,4.390729356762124
55,18,37.61907041754787,5.457811248130343,5.87331263519601,1.0488933925151,4.031251607731706
55,19,25.483899036815757,0.982497623034346,5.72454457770038,1.1895923608108658,4.361556983640734
55,20,33.40715481255397,2.837942162078317,5.837417163188292,1.1404145099825955,4.322362473568115
55,21,32.195990288145275,1.598016109754199,5.366265041859489,1.1402917571296811,4.227247032543442
55,22,32.733925067241174,2.8925646844446793,6.18720854272312,1.0486155520167575,3.982406938470325
55,23,32.128435298132686,1.0897280560331566,5.538832325374841,1.1159701880804596,4.031547346329389
55,24,28.157098159510497,0.9026312929786142,5.817396730988795,1.1770721331694087,4.320925081583303
55,25,35.91176648676601,1.3529373986920408,4.992589902984141,1.3401904340811353,4.605413055806575
55,26,36.00155112943145,2.9448910972837044,5.977857581817965,1.0612228030173991,4.033750940235687
55,27,31.23519576450873,1.0805006359211458,6.0935635274485,1.1178110747836953,4.04197538557233
55,28,32.025186396225834,1.4390210591999355,5.350939138636802,0.8217333893833345,3.25917239283941
55,29,36.80645804057029,2.0864172040593583,5.950436382337784,0.9545208439624879,3.5601585340333797
55,30,41.95036808250907,5.616534956974698,5.946268267278831,0.9187012253334101,3.5747678311688604
55,31,26.871580299916367,1.8280475237697678,5.292221459552023,0.8724802409181036,3.415319105579296
56,0,12.881838218357986,0.5164515932490327,6.124265279312656,1.1013948298854102,3.910897863306681
56,1,28.79172230543395,0.6131399359701619,4.430963939900405,1.0922754253805715,3.7593559537998846
56,2,36.30648171467697,0.5212035145979826,3.934179296542653,1.430502512859901,4.879986631621241
56,3,11.06325628804187,0.043062158893861176,4.66916315336184,0.7773607984678659,2.97615630714351
56,4,21.045616072600282,1.2250848887500014,5.018257636464759,1.0221442152268692,3.6346476015186537
56,5,28.464074333289823,3.5275220776880256,5.0236781245657935,1.1921313660702841,4.153764702724925
56,6,14.61943050087497,0.1266857876974787,4.805716304061546,0.9632041309549599,3.5500641888319646
56,7,18.640893181311608,2.130863947518755,4.855949694972523,1.0338580318580473,3.681304488702099
56,8,25.37470117695958,3.4634252470426783,5.508345016459996,1.138985770622801,4.27230484111254
56,9,35.61523415894855,7.434916138409555,5.792873856675726,1.1463073872877434,4.4297227734637765
56,10,32.17191719815628,3.7270430303804174,5.360698583646889,1.3343988161697142,5.2002864670889295
56,11,45.79510371569917,13.744622126803597,5.413548197942115,1.3984581785584167,5.269012328577816
56,12,19.184903394282074,3.626529779821066,5.038423765065083,0.731457689418515,2.9267900752006013
56,13,25.578719589081306,2.1934015589554114,6.009647563931218,1.0508743775652416,4.027496784775742
56,14,32.43265631702431,3.5111335230871976,5.462366361417543,1.2724450532872256,4.907705371368441
56,15,46.345800577386,9.634843869176276,5.633189651714097,1.1925433773333243,4.610500986762161
56,16,41.2481606687632,7.742027098862843,5.222145149542945,1.355504049212664,4.994499796363281
56,17,43.05601302638732,8.959870447281888,5.872214134479285,1.148235548864716,4.289702881325932
56,18,59.71759855587908,9.111691378946656,6.247986716233474,1.0558931647707075,4.037786451065914
56,19,57.56772640925736,6.563346676241327,6.070275996087368,1.1667663694405643,4.380223065087815
56,20,47.99318085732364,6.397113411420167,5.827843577141918,1.2043392217780724,4.373295326849181
56,21,61.79554229850205,7.622727493917367,5.829035761623651,1.2294204550539245,4.577767921531724
56,22,47.666749109111166,5.2527143820402955,5.72313114090144,1.2880779935535127,4.783478417473601
56,23,74.08505254301065,5.397533362639813,5.892543934102921,1.2552069576298202,4.566502097111123
56,24,51.19230572072541,4.472460488531099,5.7968574160376996,1.3209962233701358,4.654030388083111
56,25,50.776042187539765,1.9329211285762813,5.4826071817317406,1.3862628972193392,4.960112712187247
56,26,63.6931861417333,7.498938031761742,6.090621083690815,1.126728333937634,4.206614432444409
56,27,50.28313367224388,4.974764347013082,6.172271902897704,1.172895340822408,4.244844241969753
56,28,62.893417725044486,6.510511146442682,5.854769388684122,0.8871545776247807,3.5411887053472717
56,29,66.03563075261049,5.076188901607961,6.352753448629252,1.0010780449150012,3.6914876007404076
56,30,54.493285557731724,9.167994019793326,6.06755508110464,1.0003896287311473,3.7902068896485512
56,31,51.355572320143416,5.302200236873853,5.796163107719611,0.8915422224026042,3.540642408803317
57,0,26.56723420876515,6.198073744857389,6.416639691814636,0.9709521316953982,3.4236532933683206
57,1,51.81076877137146,1.9780598362917914,5.698429203202096,0.9437938459775443,3.6212802161015203
57,2,63.85820295960928,2.0844276177498267,4.971268704088736,1.2605217272368812,4.432423943575623
57,3,55.927276223529546,2.3533313991534395,5.749677365781621,0.7708303670734651,3.076900620046677
57,4,32.79790678291841,1.333678638646989,5.299452402919447,0.9611226946962788,3.490838798147061
57,5,42.163145715879196,1.917824065179198,5.041656546758499,1.3040080419235478,4.363596648480494
57,6,40.18681228134469,3.2908535846407876,5.027477092416424,1.152557253672322,4.0563618878830505
57,7,32.38767973097682,3.517308011113646,4.961887112300847,1.0573331682378004,3.7354992304624406
57,8,44.59883704286166,7.155317849537738,5.766307857406743,1.1429760361494212,4.182235887450349
57,9,32.468819253840394,4.389646268635811,5.793724823665598,1.2764709602579183,4.89589332585122
57,10,40.357150507163965,3.6012658752525235,5.7732846565889115,1.1914993022723888,4.498289316837942
57,11,43.10903832322936,8.528859682743763,5.557250310273097,1.3262556397164493,4.8822101983623245
57,12,25.561780318906273,3.519506458492277,5.230164618773142,0.6977174949744303,2.8230079621397084
57,13,33.99325679277589,3.889570583270576,5.450754300329303,1.0318801365765715,3.801121275863905
57,14,42.31101664487608,5.899769987548899,4.862798361067918,1.2703578670795759,4.482814565137145
57,15,39.10729824504615,4.938512002107615,5.218494634846456,1.1751576397438885,4.341239966397928
57,16,27.51243618610323,1.8511214840982286,4.4486158955401836,1.4018306464468528,4.986824741066506
57,17,28.97230371249455,1.7789327810269535,5.399979467387477,1.2211535112213898,4.412541902025865
57,18,41.36720563833877,3.3129097659147724,5.980900427103719,0.9850151008193722,3.707642067604102
57,19,36.413049061084095,2.2767861109123158,5.872935514958389,1.0870274332995296,4.123165628409921
57,20,40.430309526430726,2.2722327005344347,5.36093657420307,1.2897153847669323,4.665041333506557
57,21,33.948570602676405,1.587316323654494,5.542656579749801,1.1258359472153687,4.0664630212385005
57,22,32.88966586159453,1.1749388373838867,5.746125461595893,1.1581769706792624,4.290174925299264
57,23,39.337540500462104,1.0651125266260422,5.634342777267406,1.1953486253487213,4.377176952150719
57,24,32.695950129833605,0.5383181109162885,5.620062905533153,1.2424660330140878,4.450553652645229
57,25,29.571897191830818,0.16629346250605956,5.091696231913559,1.375719072187536,4.750448052475683
57,26,35.31040222390017,1.032452551101006,5.754060005589882,1.1689343080291792,4.269497696166028
57,27,38.631754585372384,0.8129489728374901,6.287297596972343,1.115366511570234,4.155545320722278
57,28,46.54347624166659,1.869523030032619,5.509927571003686,0.9194715253560855,3.73891539003758
57,29,43.748016464384904,0.47395761783143486,5.836038027144781,1.145601572928216,4.01852834969919
57,30,35.21007288874852,3.7947629277814614,5.859679094965463,1.0942085488279405,4.175205948380833
57,31,41.15556842616398,2.7675736005885287,5.600878744807641,0.9870540968975794,3.902117767571421
58,0,35.76279412064642,11.705079723170595,6.448930134396849,0.9755506138070196,3.4420385644438087
58,1,31.915737232367345,1.1976202990080624,4.802926469547718,1.0791971736545358,3.8453380180233308
58,2,43.31003578080169,1.1252342091153893,3.979943079875649,1.5041118485422813,5.100551272417624
58,3,36.41674285763751,1.9010990557496463,4.639817362486293,0.8747103297027667,3.231377422216059
58,4,28.805584120180036,1.3381407417476994,4.844114470673457,1.1965900255516821,4.173559944290515
58,5,33.63010059692192,4.454988920715601,4.69653138832669,1.4005177194634992,4.72727473933913
58,6,30.271422959641395,2.2947312824243276,5.004243372787854,1.0486340791795774,3.8702493903292288
58,7,20.749449898418945,0.9992733327943107,4.8919500155733,1.1577685436151652,4.143845619500077
58,8,31.539524172381398,3.3052056184563177,5.423648248647865,1.292139917163599,4.819749191363025
58,9,32.828764337416786,3.5286458812386448,5.7535223803354985,1.3152705747401399,5.088350293689347
58,10,41.17809542504226,4.656427138059892,5.198770422022006,1.4217291429861287,5.667673478988371
58,11,41.43017176536145,6.679869230130948,5.597620560338727,1.399607273378864,5.376698614413613
58,12,23.16921251161329,3.8316355621685885,4.699202757029916,0.7926940365497597,3.0533532588063994
58,13,20.918244180698153,1.1912586114505421,5.575571698852864,1.1056127625473309,4.178005609638975
58,14,24.725760379145175,1.5769928510001687,4.964846189984494,1.1978736925201954,4.474279222036838
58,15,47.235148724638705,6.754821055282204,5.080849282990242,1.2165722045805651,4.578472230835773
58,16,30.709078608349593,4.251302686262689,4.7217694758491096,1.3535797578540958,4.8103792760179545
58,17,32.867603069542994,4.546538446151217,5.361964514070867,1.111801225777235,3.96731312591481
58,18,44.618696563200565,5.323407932542419,6.202581557556616,0.9503653142276693,3.537976129088293
58,19,45.905089616392225,3.3767878432324503,5.918271855465239,1.0522255079264164,3.9539535301330795
58,20,38.259062245463426,4.055594336778752,5.562021964813921,1.1210220113128662,3.9651170480528224
58,21,23.58042418082122,0.920837588334246,5.770178538362473,1.0847700285535558,4.03497174574359
58,22,29.86415038986462,0.8887578638551661,5.466985428801927,1.1620349208122676,4.2175125791709505
58,23,32.38856076491959,0.5859699007337826,5.734521209544781,1.155768087659566,4.245645147921864
58,24,33.34866909159338,0.6723586303362418,5.409803602548531,1.2639778572332148,4.441394931913966
58,25,23.09673276112582,0.1513340514179357,5.008501634841039,1.4427273925810198,5.129299161534908
58,26,29.74558614863167,0.7947828726259882,5.7364811541590734,1.1566171573889301,4.2251624603287
58,27,30.740231240216673,0.5807494513526064,5.685845847488197,1.1977476047993312,4.265456779765253
58,28,42.10250892178591,1.42347958248227,5.45793663323557,0.8880456075386007,3.470642310981053
58,29,37.2566419902287,0.47820043346455116,6.06275580582029,0.9536203312201303,3.532861699019967
58,30,27.676773624879406,2.4645439782893237,5.752707435909979,1.0850331645935505,4.056426233750545
58,31,29.02529574315287,1.5468696571497746,5.248459281580173,0.8846136647804652,3.449273046461932
59,0,37.68197285143491,11.983332882945387,6.456957004062056,0.9390543366330402,3.38039359704989
59,1,30.918969603513908,1.1106825848965034,5.1316033724116625,0.9178852734002128,3.4583030958089807
59,2,42.39581946738092,1.4046715745652616,4.516607398905027,1.246733805436917,4.261755928214347
59,3,29.79145847933914,1.0154503441808336,5.012807346711487,0.6934067969434086,2.774103178526499
59,4,32.531079926142496,1.2832477230385653,5.499512846321069,0.9145090101123241,3.4152994871121196
59,5,36.6173782947079,4.7257666083373975,5.0055148135962675,1.2642277612639177,4.255394542221223
59,6,30.365485198395945,1.4858307848941696,4.965285255493177,1.058249314065761,3.792726435352682
59,7,27.65224028683992,2.1930299558447626,4.950134418530343,1.0176611100066886,3.6202814401925023
59,8,45.80911336439419,5.881051632397718,5.848858421549975,1.1596085790932094,4.235393805660857
59,9,35.689178660105,6.161489309127119,5.6610984205568755,1.3430838792881632,5.155290317313413
59,10,45.84607370130986,5.239269870916916,5.211584344702803,1.2473399910091345,4.689442548383186
59,11,41.08155435980099,5.807357687710743,5.52076169098317,1.1700233479609325,4.335988580533304
59,12,32.57443437977148,5.006984965126905,5.2137825617912625,0.6682767680514088,2.7373085192100626
59,13,28.82337745050502,4.351262853508045,5.127963092820474,1.0884284647923312,3.942553957333288
59,14,40.94118345644604,6.139968013634894,5.128353671626949,1.1364963829560315,4.1710298118003255
59,15,45.96922421923401,6.674267272076309,5.2381449904110635,1.2135609961098277,4.474039087211527
59,16,39.1701012695321,5.27011198117564,4.5818936661566205,1.377243245331706,5.029737390698166
59,17,29.717011941965296,2.385728437791001,5.275266838982288,1.2027757696787305,4.293011320710443
59,18,43.055670106473045,3.805117634064743,5.909426061816779,0.9385480639677253,3.542907458840376
59,19,48.426372624255166,2.6756564237036873,5.548594494980044,1.0381423531777196,3.897614127980917
59,20,51.052599642071286,5.676817353532009,5.442521259151695,1.2128700742944805,4.51896237863845
59,21,30.79694456288553,1.8883515904103834,5.476303018175461,0.9728609993751256,3.7522129400970967
59,22,37.89660024356785,1.567580949859339,5.829190453405794,1.020934454916624,3.8519041058429875
59,23,29.83526900906223,0.42348027185607084,5.737530404387297,1.0779290468259308,3.976078157326031
59,24,37.03066522018577,0.9644651130801734,5.571592076340469,1.1727704241876085,4.201915569492091
59,25,26.619011479797674,0.1970849681543307,5.15981908442982,1.233262359479598,4.335580353554004
59,26,41.15690306672714,2.150207129734905,5.8231116759392005,1.098083098637459,4.02197972985411
59,27,35.20249594540128,1.1720171612432133,6.193259429951789,1.0393868717202714,3.857481060904819
59,28,42.11183828751118,1.7078223234772967,5.538417760875911,0.8473036355772567,3.45930428966873
59,29,38.77913857162253,1.1544317575876786,6.097990397950991,1.0341967204500584,3.717869215099387
59,30,33.54101987127262,4.318384336246402,6.051832172135983,1.005744778339312,3.8429881684706375
59,31,36.777209794506476,2.452633207792021,5.377316972614005,0.9581290511847946,3.823915246962494
60,0,38.47579507774151,12.309322914991558,6.356040923439265,0.9403790328658941,3.3825704798833764
60,1,31.3777784853919,1.181479439535296,4.628442789421897,1.0442565990315629,3.7281422230839776
60,2,32.461361882523704,0.9981916427664821,4.192073986815055,1.370911325522406,4.839028744654494
60,3,26.943226107342564,0.778191121684224,5.041071110030847,0.8488896760248688,3.2415525131077905
60,4,25.64683865630988,0.5982598447745759,5.115692563965338,1.1177966205824825,4.067527721503877
60,5,29.678009859109334,3.957695863724066,4.789844860088157,1.375447117256594,4.631648562982412
60,6,21.864120670171438,1.825824029156902,4.920955854662446,1.1490267891192856,4.276881527225843
60,7,18.213229795271694,1.1772945388297247,4.741828328048839,1.2573883468391358,4.465820913327314
60,8,22.916950882374316,0.5413844476957156,5.550851146208677,1.3263248745951373,4.954553550380021
60,9,25.020788389336097,1.7057043845715878,5.700414054761247,1.430201376133394,5.699540112350532
60,10,33.868214896453466,2.088832125054574,5.4730853682966565,1.3808573247299876,5.485736171295852
60,11,28.171911536582677,1.4615112508752048,5.7681450345381275,1.3501395033788768,5.171041353298761
60,12,20.06994108694263,2.2245263280284933,5.089655588864013,0.7326494380196165,2.923774495392565
60,13,24.526554158179025,2.705354072684319,5.412049228611625,1.1209647789939456,4.23538131011171
60,14,39.167144918482975,4.973501434173413,4.998057567657252,1.172712504507663,4.531290134333434
60,15,30.418092403684398,3.8300469355743054,5.37103307624913,1.2215910877139953,4.549709526153559
60,16,26.059307783500458,1.9276579174221928,4.863301250980159,1.3584429936807334,4.814159005009253
60,17,22.23729674304445,0.5706466409161398,5.608674680942187,1.1691183564125724,4.290440406018891
60,18,31.215117134681215,1.596860845779224,6.215735365100958,0.9598200499309533,3.6502611398852554
60,19,47.30077067759686,5.070572841414669,5.763531433488527,1.1517987326911978,4.2900513263904845
60,20,30.03326131046284,1.4634394691348935,5.784096817491184,1.1254609064949577,4.236846068577473
60,21,29.256457078501768,1.0954587281545733,5.681216017917243,1.081171476666145,4.132283636714653
60,22,34.246967883154845,0.9721996985757594,5.791701554041985,1.1230325836109074,4.101971126010966
60,23,29.260063303227398,0.6833852709372104,5.4823266190711575,1.2525975076515383,4.441828458688407
60,24,30.35189735583501,0.6245406938081299,5.485993240390468,1.3294093725551948,4.720725041903152
60,25,28.888558706861275,0.3189817586536011,4.929272941422341,1.4613474449613895,5.0265172134888445
60,26,34.95937103368568,1.1400699888409944,5.547976144892797,1.2139126360323829,4.327402748635986
60,27,23.76270904656875,0.23666886775854523,5.731493741132073,1.2296177919085451,4.369409380925578
60,28,32.910511360773455,0.971943364641299,5.251733531870823,0.8789394971843976,3.4417885358822846
60,29,36.4928474705192,0.5652715606078615,6.048705744335476,0.9948604126270277,3.656119156221489
60,30,30.53476870475771,2.2194487600156636,5.684795317016645,1.0711038237202377,3.999122697087017
60,31,22.50011173755481,0.9018793072875609,5.011392784668535,0.8924169423187047,3.4649380324512307
61,0,25.28818433357287,4.776404533255132,6.074752119708822,0.9476065982291093,3.5222727113360355
61,1,16.740950103572416,0.757409694252768,4.842976676360435,1.0528230852714513,3.781978570444201
61,2,16.049101236581528,0.08323251286532689,4.075166251916997,1.4959262322173625,5.055257526572095
61,3,17.007488632176095,0.8426419344567978,4.691962572553192,0.9579853238740741,3.5055032271020368
61,4,16.459709809740342,1.0503835922434865,5.001734327869649,1.1888024760807907,4.1747909040864295
61,5,18.208973667585198,1.0615997208163954,4.616717841851052,1.4142864019635573,4.714736497964678
61,6,18.52204322178619,1.5782040258606762,4.657730086974839,1.0885884620296666,3.9105097097625836
61,7,19.075678395066788,3.020297156230648,4.526059766622662,1.173317484412605,4.015032838373383
61,8,35.043930862743764,6.155054075952177,5.245665084135243,1.2314666693445302,4.403514700816719
61,9,25.711259828591242,3.3111622173417197,5.63277855911779,1.3257287973244516,5.0995444059388895
61,10,31.63678494025177,2.527431379843885,5.240930015599185,1.32178060533876,5.037978083229913
61,11,35.31168882000703,5.229557231119935,5.576209520799352,1.3178270161057126,4.949020180242209
61,12,18.45147475494104,2.8647478274166405,4.918957520821633,0.7229957428475116,2.8695015566686384
61,13,24.81792082717047,5.333264621814331,5.868665013121463,1.0101293859680514,3.8192476782117377
61,14,23.69902493763898,1.169563304244627,5.214177507529418,1.1773182398483932,4.493004456755888
61,15,24.639935813529295,2.2348753215769586,5.413422882971004,1.196486913678533,4.55014760053858
61,16,19.086159934565913,1.5835569575795243,5.003013871811215,1.350017710739035,4.9397085654472175
61,17,28.440967045656404,2.5721526823084453,5.553137411616804,1.2467182237372798,4.691911471083392
61,18,29.84973687708739,2.27536196142691,6.07779940438277,0.9940683192543531,3.8095428251406838
61,19,36.7665878271711,4.031440863422066,5.940868980102233,1.0790570469674483,4.100070774547777
61,20,33.763533383054,1.727972027544499,5.698301694017115,1.1366469493968454,4.138929510698686
61,21,29.494031500670467,3.198749640686617,5.792798476007575,1.1740877322244643,4.523874869007883
61,22,23.416482234656044,0.5453548956500325,5.72738003924355,1.2063212228253581,4.513859644412836
61,23,24.135874125875276,0.6146331831353803,5.797503571612195,1.185555501833531,4.368290059556968
61,24,29.43315504435654,0.9468815065044528,5.583678623332718,1.289298650899319,4.61561075309401
61,25,34.618966834572824,0.7307476198600624,5.4369163148988715,1.3718355593071108,4.9697861204662495
61,26,29.32519535467202,0.4859682263360294,5.865577383167114,1.1361169563486238,4.184952385990544
61,27,27.911718085599333,0.48111646348653847,5.820383093184679,1.220517635368859,4.389593086186307
61,28,28.107752416921237,1.9010407344730886,5.6442997803248405,0.9402759169690738,3.684360578960442
61,29,39.563852271308185,0.3367693567022185,6.297028009488476,0.9875121814265384,3.684001463497232
61,30,24.89079883800668,0.8211010340290772,6.050604795470183,1.0464922497072742,3.980113260937737
61,31,28.020491773082853,1.028162342473489,5.666973737887831,0.84560805924378,3.4564002501847573
62,0,33.03445674185031,9.638370054194425,6.417990101086431,0.9742630587574945,3.4841373905997455
62,1,31.309425576315434,0.7871646596238628,5.277269577074904,0.9968880086759286,3.6989055775976625
62,2,44.12814625408635,1.6241972310605495,5.012023094588715,1.2549069338923067,4.386548477703198
62,3,46.37005864204863,2.2254214311711693,5.501357827304627,0.7544033691775986,2.956600300488069
62,4,34.95915738779436,2.118340768196312,5.675585429780034,0.9815925044779643,3.6185853345551857
62,5,29.44596763225232,1.8610936226901922,5.348993158237621,1.277647590178077,4.353040317797458
62,6,36.31436902611224,3.5248194681700395,5.315055066093038,1.0750658510511855,3.852590120283612
62,7,27.638428407418004,3.6431851651685605,4.981645036790384,1.112764657631491,3.9157098741856844
62,8,29.89087526888101,1.900350578228112,5.697628340000562,1.1793034672815663,4.27327338849499
62,9,29.133965194311582,4.686457551947544,6.041977704274664,1.2567437425795323,4.8584201986601165
62,10,32.42000790440359,1.6705210405379554,5.445903508008459,1.3104376832425748,5.021289415318349
62,11,25.940741347218278,3.6436088319462967,5.841376574552083,1.2045443814271461,4.499056733318654
62,12,20.137999104391504,4.340585247354822,5.006698491335814,0.6782182445758167,2.795114031055544
62,13,40.72298763829741,8.487927510846612,6.20009387068993,1.2251118352319201,4.77118536408372
62,14,45.91464182307827,10.7992081556705,5.720729105452206,1.3111909829633177,5.078525821620478
62,15,53.28372951510654,12.739159141824763,5.166543891501948,1.3760015407969295,5.273260409550313
62,16,46.27715273475837,10.751312132439383,4.787985543610516,1.5516202528972656,5.8824075352941
62,17,33.49022458406937,8.108518570779182,5.4336965078208515,1.4341087631986458,5.587926560132043
62,18,44.88373017330616,7.585842924315944,5.7219737795415515,1.222179430955066,4.65183515973714
62,19,45.861517720557,4.513839076852759,5.921114926340048,1.24313167737487,4.8038022708503565
62,20,56.25609088275934,9.581938703960894,5.894916941941325,1.3733350691495403,5.37241049472855
62,21,27.416809216467833,1.700132224661791,5.826424948504213,1.2592797105744333,4.928572149924637
62,22,31.54709360969467,2.835497659953651,6.148508769608125,1.1642662942703392,4.574912791445312
62,23,36.59386982021932,2.3061617454343715,5.794081721107936,1.2345068439021123,4.705663369446904
62,24,44.68867591171937,2.7626588443084197,5.687028109257461,1.3426905913825866,5.036694012190243
62,25,29.716765254242596,0.44236270070219974,5.1108648278069975,1.4754237197015652,5.281499897022527
62,26,46.9251376058896,5.04179350376557,5.835649230889911,1.2314489646667202,4.709920745794857
62,27,38.33366800704301,1.7239684470206984,6.292750841857071,1.1273578361697183,4.319835189849027
62,28,35.823365307137166,1.8748853397393672,5.551932172666417,0.9806369713413865,3.9250053802815903
62,29,30.81401749315943,1.0631400522284549,5.86365046135458,1.1777351581820446,4.232099664382685
62,30,29.068596389258452,2.120791186674831,5.900012330471557,1.173489073074104,4.547356125652349
62,31,29.2111089764243,1.0659341486401799,5.736570848317922,0.9447981385372177,3.8523289183219465
63,0,22.781082553853643,4.642625397166613,6.149342532718604,0.9781698708895625,3.555309282641606
63,1,32.290926877483315,1.54567588835563,4.820509985375142,1.1177486630492526,4.000360604876432
63,2,55.98536031687304,1.8231463258776808,4.415838854185451,1.5238521258145772,5.18504130161572
63,3,34.82376169227861,1.900423997503841,4.908180774400385,0.8853056176835832,3.3655665968189115
63,4,28.44375792066508,1.0637423994341102,5.309704251985513,1.1264266943423102,3.9807781082033666
63,5,28.391597292331628,2.6748932904121405,5.368828610705334,1.306939855742403,4.61921944004591
63,6,36.49175925974151,4.703525708030284,5.003520123405613,1.0916040646717082,3.941941704349457
63,7,25.563489410712574,3.614256499527937,5.1375401045441365,1.0928783972242613,3.910925530736742
63,8,37.83304733684587,4.835474069590056,5.47552926332054,1.2971073459318934,4.810467829107797
63,9,29.78911661374009,3.5877011857927883,5.86715796098404,1.329358615889765,5.271005692032446
63,10,44.923002585362156,7.702986419453962,5.495953133731323,1.4371263577870028,5.929905542256058
63,11,25.881700220616406,2.763792523278497,5.704802532133586,1.337272195468782,5.1606990664494425
63,12,15.99147921708644,1.7668745215996697,4.8938241026959,0.6768740073081405,2.759383289985244
63,13,23.22697766630683,1.7197302752300345,5.96862420701944,1.2127481999758274,4.730960556380767
63,14,34.550304931141625,2.7783629580812077,5.263616126783193,1.3570644361116653,5.26633766264699
63,15,38.17390094453407,3.5515141616841017,5.530803224155472,1.3002182983038502,5.021718476376855
63,16,35.04873168699706,4.58971172135549,5.160907822298365,1.3405695217833058,5.03274285298043
63,17,30.354202656274367,2.8479787948034634,6.064302956240566,1.0872559873849408,4.219193115743086
63,18,25.29639991390504,1.4994780483604635,5.546828674358435,1.1329226516133115,4.248226534305515
63,19,33.847602358007094,1.3430626626212838,6.086202949160924,1.0342496105493044,3.9431906781686097
63,20,36.370351110230715,3.5493548915771473,5.843825176585932,1.169897730928751,4.397304541381481
63,21,40.63996573171793,2.3223227554297123,6.00967462476266,1.0346155732292095,3.952427499252184
63,22,28.907870610520092,1.5015447943349876,5.9919248183785205,1.1106807014171496,4.171691897667507
63,23,34.904375727915344,1.545011210735485,5.847025524390121,1.1570802444611434,4.198667196139574
63,24,31.160734837554617,0.410183823867959,5.9198967273801895,1.1858119959001039,4.283075675979334
63,25,34.818956662010336,0.6370108813939638,5.2641903945633794,1.3163466437752298,4.668061097411022
63,26,41.32030401450793,2.3563768476045195,6.251685383004582,1.0340908285876074,3.9284904956107343
63,27,29.293250126066273,0.9670792146030729,6.306495450102036,1.0190580585929645,3.811678082035375
63,28,44.636409993961834,3.194163038147703,5.873031181829668,0.8315816676682308,3.3702299579716866
63,29,53.151257786636435,2.059989806068337,6.103997983328444,1.0393206393347239,3.760974164914965
63,30,35.945010565320466,2.8520789440966614,6.3753701401304905,0.938132258953754,3.6578212396494494
63,31,29.702086989408787,1.6826809356108783,5.797538230672864,0.9131839670316202,3.618554621561699
64,0,11.091500852666051,0.6946651320275208,6.082880774722,1.0170766235996442,3.658396180477959
64,1,23.955264647945125,0.32762666548341957,5.0770866378640385,1.0462218742048286,3.8235584187373073
64,2,30.994495488302324,0.3430221340282457,4.386011070228462,1.4470589595459735,5.117995186747966
64,3,17.149460229634006,0.25819513267896044,5.235881838942535,0.7832541396880259,3.086147591596049
64,4,16.6025542066442,0.5262487019606759,5.5144873908341605,0.9957853359101874,3.6309062777152192
64,5,27.7460682229305,2.026415355318161,5.064317292741929,1.3011674091229288,4.534675518952597
64,6,27.46008540001755,1.2303272881595606,5.21291533421352,1.071363870844606,3.9190376102989366
64,7,15.727979780378325,1.0578755250217329,5.156063411361778,0.9873305734009232,3.4993439137041293
64,8,30.501573692479404,5.044368246179957,5.737825363652635,1.137884551766466,4.225902911150781
64,9,26.300809448920862,1.2436292061399945,6.022450318383083,1.1170793933008651,4.247337758914734
64,10,35.20282992661487,4.9032565351164905,5.184666322216344,1.4266409199572836,5.483788859508857
64,11,20.381130017852865,0.13617693798483427,5.745721134495482,1.2213447726918067,4.588925080846766
64,12,21.750646347841123,3.332228675672936,5.396708085504134,0.6217507160920466,2.5889918255827835
64,13,25.22385238294986,3.3009675975755846,6.194342733105852,1.1398058463727843,4.480944505060246
64,14,24.08503225339895,1.0585219430498976,5.29410404339204,1.3285653410789537,4.967564878912147
64,15,21.127556263967175,1.518915521259778,5.551553514162765,1.2160206442487889,4.58001428058481
64,16,22.660074921773802,1.4728152620407509,5.215844220306911,1.2957736037181622,4.798224324359011
64,17,24.69331595442194,2.3600849405047235,5.940722677470646,1.1397982151724264,4.3168997915223715
64,18,28.473113067826617,1.7282806684431273,5.868791897096651,1.0877083536429746,4.095739887411945
64,19,26.00651987992145,0.45726589952703034,6.13750397972042,1.0202396415379456,3.8108746094628656
64,20,26.559096744080513,1.372941873115135,5.410534991837509,1.2827256707294215,4.586658992159539
64,21,26.650614865308814,1.521396612555109,5.49630933030475,1.2426343738718684,4.496920936309079
64,22,24.920198194989432,1.1580395143269435,5.575283400450654,1.2398853415614939,4.513035718823625
64,23,29.082920056512066,0.48674573664605053,5.709393654562832,1.2534609656196745,4.476597771832244
64,24,28.84100564450867,0.5784844212723959,5.708910153102694,1.261281719536865,4.404008955730151
64,25,23.249694809559664,0.1938329141008317,4.98819014936121,1.4144351374323794,4.913140812784524
64,26,21.638183972482764,0.24457443985375615,5.773443149656338,1.1518598062343122,4.238069741017549
64,27,23.62578114513465,0.24289592235045332,5.934964610496183,1.1312712486253593,4.112076885914573
64,28,27.908485811290884,0.5055177904427861,5.502350618986638,0.8378520176627386,3.2755497476346247
64,29,38.28267222552446,0.39959949316820287,6.1068635665429625,0.9327136707113102,3.426263718729303
64,30,28.696167399627214,1.3207599599105628,5.741192894177043,1.0311754205929766,3.7893535372462686
64,31,29.267440992727746,1.1948701686880323,4.938280463397359,1.0308046995340971,3.7278127686362477
65,0,23.149391191699777,4.380844766990208,6.366195604641163,0.9889626936461919,3.5678543910309912
65,1,23.994276108420628,0.6065575131322851,5.046525638904829,1.0624441573874526,3.837261209631938
65,2,33.630975588817876,0.7261558570659603,4.62170972598218,1.4310995868344474,4.90394264319649
65,3,15.994346972650735,0.10070866942118459,5.331391048364681,0.7481372705897193,2.9668609736577105
65,4,15.624895356449832,0.2165534669440361,5.519808709306314,0.9583970153251187,3.44548951121367
65,5,19.799888116393994,0.4491361467276341,4.943046096446285,1.3751388670276823,4.464804515243724
65,6,25.154952618874283,1.3552963917304084,5.361603428373533,1.1040961488890053,4.007821825157299
65,7,16.24402265942299,0.873003295272667,5.16094977557358,1.04818822362643,3.67533292488906
65,8,29.13891014749057,5.175130439098188,5.854623028143212,1.251626124931473,4.709939810775223
65,9,21.498864258792764,1.5598594455580288,6.132539175777172,1.1887612261450826,4.546596390528399
65,10,38.807730544101716,6.8056480095420575,5.221724614217453,1.4660220102491026,5.575630102767822
65,11,27.362959078417745,3.2949364547437106,5.632501077960674,1.319752156441071,4.878866056869906
65,12,19.574892094790414,1.5839018275448165,5.5662461133187815,0.61034679111724,2.5982869770681245
65,13,24.467349570593058,2.1066045020999504,6.099766284550126,1.02999982949615,4.02025903195986
65,14,26.933384816229726,1.7277284825877846,5.2509991954100945,1.1561454337218597,4.355503660103865
65,15,23.55872174439331,1.2466276574545572,5.223746209050841,1.2461977043418013,4.559892445113642
65,16,19.173708299115894,1.1534956173129827,4.723994628297683,1.3435331205042038,4.8562617380008914
65,17,21.818637198850418,2.553921076696057,5.795157126701392,1.0820703605636464,4.082268319548763
65,18,26.94781580736727,2.1157799243726463,5.783816303341673,0.9547409952226742,3.6812360859084112
65,19,21.624486542208192,0.38686709143043835,6.024896848589936,0.9806347313864006,3.660933149115178
65,20,29.464495971799376,1.8508121067448295,5.513610256263016,1.2027284872344408,4.317638928294292
65,21,24.29765531262905,1.7372516316284035,5.234272473297388,1.2124756668348784,4.327141923722237
65,22,17.457736571625997,0.5220357942975157,5.4398034801989255,1.1305678639338534,4.045205186419023
65,23,19.44692678389491,0.47727216950077234,5.7418825853131565,1.109912824240599,4.104030318253342
65,24,19.82936354352006,0.1415687457132157,5.593103276652582,1.2079563674813825,4.3193999362461115
65,25,17.44498803592834,0.32446178836212614,4.613526833944544,1.3962087810683759,4.690017458800907
65,26,32.63847129007358,1.588996347744672,5.499296670689558,1.145794734000889,4.100763072264483
65,27,26.383013035536305,0.9594059732476141,5.512265747760469,1.1675415624900127,4.125512187983907
65,28,28.887099341857134,1.302131840586518,5.298266042473823,0.8239760737489359,3.254917451971454
65,29,26.14689338650399,0.3182148364196879,5.825565801651745,0.8986604896356258,3.295219805212075
65,30,29.543191810065103,0.9672219413469316,5.3972913471547095,0.9983581257291192,3.5999237551937444
65,31,29.907551353327364,1.2902404380695036,4.949211639406487,0.9637537611035842,3.6227031665846847
66,0,17.14121889716367,3.1561081370147948,6.512760095999005,0.9934208344417703,3.486595833944054
66,1,34.05426124309507,0.6962843453220036,5.399736469985012,1.0776470532148927,3.9797997509131506
66,2,28.93738005548858,0.183840343102613,4.398179764881953,1.4237891719264457,4.695776632751818
66,3,23.281222105998513,0.46801794952715736,5.322848260117659,0.746714539358563,2.949943421527237
66,4,21.06042424447387,1.9000453529349395,5.323258527025169,1.0130310149806974,3.672858925171398
66,5,25.98790208742235,1.9610150727867843,4.995886578694483,1.4068586287288412,4.858382922650828
66,6,22.539911981119126,1.2078737076939996,5.253947213741256,1.1613848739457104,4.2935634987343105
66,7,18.4134856115096,2.0076692082397933,5.191979817035592,1.0807935605221664,3.909501157704458
66,8,35.06643385820398,9.242093240973972,5.7471461408043165,1.2517087707466512,4.75587180582079
66,9,22.252071252367383,2.3214281696637835,6.1637943345017465,1.2088685265006518,4.764584807580564
66,10,34.288122576195256,4.834058699289578,5.273153843288785,1.461268715666412,5.771080671692736
66,11,29.893665969881813,4.1747818528535525,5.866596263743933,1.2904509873387173,4.97547310782722
66,12,23.157521965799777,3.796721695357456,5.248936849195023,0.7162872087443759,2.8968146461817916
66,13,39.495032245563834,9.876330154323512,6.085452591093027,1.287983909175182,4.979949705431541
66,14,61.101560876148405,19.15898660671278,5.5213338081310015,1.3602649195336012,5.105734941313361
66,15,36.102992171115446,4.643745621987367,5.423779404115897,1.3757660722088456,5.3908677633200535
66,16,40.275866178027286,9.747298659224551,4.956999466913391,1.5464367085778115,5.8352254004288735
66,17,38.30225491457249,7.56783384535965,5.668105007914783,1.4190811581859704,5.501428706880901
66,18,45.49199422645718,5.953647935826787,6.262056538032269,1.1256983123458122,4.333857140469333
66,19,37.49021191280314,1.1412342647018523,6.199184651244442,1.229382071748896,4.902868750343387
66,20,45.33024778142815,3.9120571408221414,6.0628504978976245,1.295179042886172,5.017905375595685
66,21,45.66921783201579,5.029122699765663,5.727064649359129,1.3669969991374629,5.166454909023927
66,22,41.85320165215946,4.193339029776201,6.142733726483901,1.2417187297440568,4.725409818335316
66,23,37.29153958673406,1.725399437024124,5.674585204852692,1.3577653126667393,5.047531570780254
66,24,42.729957774826666,1.532474530785456,5.591158031865398,1.4328298999913738,5.281763766249694
66,25,30.691154597997432,0.9035828345122925,4.902275961360144,1.5819979151332229,5.563261814870161
66,26,47.29211239191788,3.3556394351278924,5.76658718834602,1.3095416146574719,4.953007862970667
66,27,35.0092346062073,1.8255402587154816,6.110334918685636,1.2150755235997632,4.54644632633811
66,28,35.38693288867938,2.6989839632923656,5.323685835369306,1.156899735760688,4.424030593393584
66,29,32.620622906671656,1.0022759843533389,5.598948131855269,1.2331099027015542,4.507643661387
66,30,32.39404575610459,2.4058478738001323,5.834967388330592,1.2362660418001399,4.853837641199699
66,31,30.313753016643485,1.6705628151027931,5.511488329215745,1.1329764236445419,4.391671360868404
67,0,32.508241417015654,9.590718718987121,6.5194891578050225,0.9476891967170271,3.3154218862380507
67,1,34.00559365932857,0.973649323680658,5.0005546576083395,1.096909872983531,3.9836324703222554
67,2,33.455578374404304,0.8106830771788873,4.607104273114613,1.4966632461908898,5.512861841089785
67,3,26.692943810014555,1.0832922913067269,5.1916202544410375,0.9321118538487365,3.580327741782694
67,4,26.64442778582081,2.0676921598693707,5.367934730512548,1.1299041655068098,4.135092026971935
67,5,32.434857945364755,4.534599771714337,4.984733208254186,1.4716726308558385,5.153318290070419
67,6,28.670585483126345,2.482917921061336,5.201704543623505,1.0607291240782857,3.9645080641863966
67,7,19.731570440219564,2.152959736552915,5.109813495136756,1.1718867930590786,4.261461622383146
67,8,30.661943747178846,6.362114629822411,5.650871008101756,1.405556993186675,5.4092678641769325
67,9,32.55324529724656,5.751513272113119,6.025787124807222,1.394228726064581,5.652395420692142
67,10,43.74247589958325,8.61298123132846,5.32455791180061,1.556671670318586,6.407018956547552
67,11,30.401563690609663,5.257301341267015,5.654327217955949,1.3299202469155942,5.209969155076161
67,12,11.982003698144855,0.9387965220177752,5.174706262452654,0.7994338092466986,3.1752721670961943
67,13,31.008209599666387,6.651993364540013,6.330087958846463,1.254937561211336,4.961348456131236
67,14,31.203261091799806,3.788488614657612,5.727301984840743,1.397643784836827,5.561377532918677
67,15,37.25328619641268,5.711155153282465,5.801840474288273,1.3318168272884474,5.359702919445089
67,16,23.882689964377818,1.9711841619707111,5.118660740215796,1.5048849605654553,5.765090382094791
67,17,28.143917334828632,4.442337448180442,5.947564185702637,1.3239683492231524,5.177975692548707
67,18,30.50368679530438,1.5885659280834468,6.474013236618979,1.1223593813724468,4.4282102895017035
67,19,31.07867631440644,1.5714223306592956,6.494097250180522,1.098033622091826,4.385045806704946
67,20,34.33820366864218,2.5037518112076165,6.1707774600527046,1.225346943935575,4.739842310879956
67,21,29.645824934864358,0.7129749107225973,5.901290229454977,1.375237224725515,5.345206560175692
67,22,30.41411881025971,1.8865893303587442,6.149502301310008,1.2689559297296311,4.7037874976383875
67,23,27.151382687143744,0.5245384180965448,6.0164550757821225,1.2981739347229144,4.885821793237244
67,24,28.542607449479252,0.6371177006654589,5.992099958423845,1.3532037290722663,5.013542881871352
67,25,36.43786663920088,1.3595282976735006,4.8895031037391075,1.6245061449691889,5.909626941996357
67,26,37.759552643210625,2.0282369885283043,5.921430911028338,1.2447083518197903,4.6169402076228545
67,27,29.696740041295104,1.5890176336451298,5.769923766112396,1.361105661031206,4.939309762350132
67,28,40.44574171068072,1.9557262757462102,5.60739249129334,1.0988251657267334,4.260124529722373
67,29,47.669890989710446,1.5246897492912617,6.209422988963993,1.0353861238470987,3.911952149587737
67,30,34.23224326479971,3.3161995997270606,6.0982197357820205,1.2013930055673079,4.616008604980337
67,31,31.411460934330442,1.609812825943128,5.70588907449349,1.0328959693996609,3.9808829042983365
68,0,27.967308022123202,5.310221476092067,6.154423230555166,0.9310511418833674,3.4229075457095295
68,1,18.986158232545957,0.24524083060591653,5.197371142351809,1.0731303623654593,3.9941307830908057
68,2,23.555325726810466,0.2505681197030667,4.635290099279805,1.502511334400122,5.4030967429038625
68,3,15.073522279058242,0.33761342108555953,4.938091272253163,1.0244211793066755,3.8212996420582668
68,4,16.520096908555022,0.7199408770893138,5.326249806150334,1.115291546121414,4.057248976979677
68,5,23.310138377276672,3.1106782467130807,5.19373224457895,1.3127269522037377,4.591488236538326
68,6,18.771542209153466,1.571932967906573,5.166793513405036,0.9207581975417058,3.5211172184261685
68,7,13.366109327183674,0.644529103921941,5.02979953017163,1.0363031626573953,3.686524553870742
68,8,36.062358158952776,7.292723261399281,5.960429527909149,1.0600708232189966,4.001028257683603
68,9,47.44438298001283,17.521889237501526,6.27177703782692,1.0113507626745744,3.9855811755892763
68,10,33.55421408716229,7.250228239861545,5.807383081689672,1.3060199926710894,5.231418898593832
68,11,23.821751461268924,2.002918059854067,5.879230544615591,1.243127586036766,4.737019835900293
68,12,10.60246695376711,0.8596079821198236,5.385600030410759,0.691317659627507,2.8304102378454767
68,13,20.598275099303937,1.7380923734795521,6.467162094564164,1.100957598628188,4.35165363020432
68,14,24.26213988182485,2.8130262658866445,5.862231704252924,1.2723906351290726,5.020930675682957
68,15,21.342789314937598,1.1722563323496606,6.09206026022358,1.2274343611275231,5.00522080182593
68,16,21.319084770315616,1.2415881083325238,5.48751383233009,1.3724293812599138,5.190135721119033
68,17,22.975239255233387,2.2855277188687753,6.112866873228552,1.2227698399069258,4.773491825703643
68,18,17.127663761633244,0.5999919566943404,6.437267518002934,1.0644219548503848,4.177871101936608
68,19,23.836405051104446,0.5610666449039616,6.399468654782036,1.0515322111969914,4.14990907769139
68,20,27.610660633947536,0.5070034872284563,6.040101663652722,1.1699887355427219,4.392716101914927
68,21,24.047499022047795,1.2877461829686228,6.0125301715586925,1.2926560672150025,4.98730117950464
68,22,21.662719467021077,0.4218155408233476,6.178430891218044,1.1796234027436618,4.3421821761054735
68,23,23.72849370155385,0.636794280563231,6.151698989395158,1.2068653364210054,4.561290690559901
68,24,19.05278432009275,0.04200303505751319,6.077830488724549,1.2952889184675689,4.768008866130949
68,25,33.7607021365359,0.948129280417825,5.220898544432431,1.538800206894206,5.6187026140142935
68,26,23.84337018569685,0.3416052407917678,6.002523322750513,1.1881413859633918,4.346370160570654
68,27,26.21705385027257,0.5543123021398719,5.646062076963708,1.2903980391232368,4.553713407649066
68,28,32.25467767202953,2.1841685139333387,5.899835280264175,0.9768920009979558,3.8394012149754637
68,29,30.512680833498248,0.5693346822427229,6.297831303366478,0.9606595367420248,3.6299306205215913
68,30,20.86471132271835,0.8841938071166422,5.91923739147812,1.179367941463882,4.35284681987116
68,31,30.293494896854327,1.200949671218571,5.698354891016402,0.9854309186293371,3.7714280641533433
69,0,30.8244380865947,7.406295365674383,6.378365229071173,0.9970725640505629,3.528598502036803
69,1,36.13194087450086,0.9726091521764749,5.536502755474688,1.0238672869369276,3.923669508096177
69,2,47.626730082786864,1.3479216311094138,5.21548647845006,1.1706760736746649,4.0702867563953165
69,3,37.62548448948921,0.5994177126818754,5.581931110546625,0.7853280414599357,3.0456538822524855
69,4,30.052624348792236,1.356462467300567,5.7219952143828365,0.9612126916655424,3.521329708072103
69,5,41.41512796346677,3.417014953177541,5.3980957680289,1.29945236226959,4.515509615405803
69,6,49.677968331957025,4.776277357978863,5.374141386376548,1.0480352420728813,3.871870825145714
69,7,30.115358753329673,3.615647095410489,5.4888831630191275,0.981769557025439,3.520872650895133
69,8,63.25227523579579,16.59931054494957,6.244505264765732,1.1792247709773722,4.485359310956224
69,9,43.83905238820512,12.43178237064765,6.213111610456139,1.2518835826790626,4.900967555581668
69,10,50.19298144160129,10.116757432046937,5.672545403857316,1.3659485449081394,5.387603981631883
69,11,35.05911591238854,6.775887012836588,5.936651596931081,1.3712112307166597,5.249772711200646
69,12,29.783403953370758,5.85959787490195,5.903112923800993,0.6446675169332137,2.724340105373891
69,13,33.65778470289469,7.854543221590628,6.38269804417831,1.198249024496473,4.632674554108239
69,14,37.16901684277629,5.893715103900597,5.712633575977131,1.303228846605764,4.8496324024147475
69,15,27.255311390636933,2.7197545374551666,6.054630918529803,1.3187341451104881,5.23497071708993
69,16,22.217906229515137,1.5773096088322895,5.155054992606912,1.4386108282540304,5.360785682259673
69,17,29.089599323730788,3.895292694415737,6.044660560474867,1.2558606288491623,4.885169379283309
69,18,33.706249997295494,5.1504907670673825,6.354858081590558,1.0287808992294654,3.976114492209484
69,19,35.18249970888061,2.6138652297735416,6.178725202470826,1.191114568333692,4.549667816047941
69,20,41.34109225364584,5.885754625299849,6.080353937486658,1.3286238941864168,5.04068518725567
69,21,31.06787058378641,3.10326577546261,5.837747961500299,1.3709357027894287,5.138113958696863
69,22,30.460205270911125,3.44241524756357,6.395876111068713,1.1022986216993615,4.2586689273238285
69,23,38.13483650360124,2.24887690470631,6.3777835458907735,1.0429620229762708,4.02061288271399
69,24,35.91561753865492,2.280571362572408,6.0456786777010665,1.1489144687449961,4.3012760997089
69,25,36.521536275843744,1.92955085393207,5.399029054744172,1.2578044010810654,4.552702904750551
69,26,51.968015131581005,4.583384746339152,6.4225920354846044,1.021534472539531,4.001551269632051
69,27,43.530693361721035,3.4302876273698923,6.434344146963597,0.9772932917823249,3.8021778540789173
69,28,41.73294915861939,4.022223337389775,6.001386437631442,0.9399987138735035,3.785714049224738
69,29,34.079184346427,1.8335158483755964,6.098991136032636,0.9886787327958384,3.7186732646789165
69,30,36.749017335966954,4.750975155172231,6.373554027050152,0.9050699919267879,3.6543091571815833
69,31,34.783353675663214,2.642682994006463,6.01219366394497,0.901204836332294,3.658311757533697
70,0,18.9645361844423,2.9287673870174435,6.254480049722891,0.9673291999481801,3.496611642473067
70,1,26.1018824007678,0.20025387215758414,4.9714079974569785,1.0047630567671817,3.6333200396542793
70,2,30.409293509471084,0.4216890182142381,4.604179014646284,1.4008259574930175,4.737260204806533
70,3,22.12028650705657,0.06563377126327838,4.616563923780808,0.7244312993612647,2.8600277835210868
70,4,21.179527393484992,0.6715710446056586,5.041635660778747,1.0158585615793694,3.486898693908375
70,5,26.286887576258458,1.2295657347538764,4.905925452715556,1.2667293683007408,4.256090758308051
70,6,37.626300277703706,2.0143192956246834,5.10378744318982,0.8853711116221827,3.293919723951382
70,7,29.77727828554031,3.6175822342305786,5.040144988632502,1.039679754862135,3.5881449364573146
70,8,29.945870485171262,3.588924857355069,6.182659396316982,1.1281530970411957,4.290254573470835
70,9,27.494089080642915,2.774243297631711,6.3072968422027325,1.1154930501494986,4.322947842309752
70,10,37.63246809476068,5.630045827258616,5.780747199495234,1.3719079512620027,5.279854510022295
70,11,21.347190230685925,2.3967118140637016,5.626598057813488,1.3759737527385214,5.171121880418531
70,12,20.246762582651677,4.142127233049632,5.1377977692258145,0.6219703837238386,2.5713372729392368
70,13,39.37704233235548,9.749293340046453,5.745666948106271,1.1664605608006244,4.4332846030849655
70,14,36.468972370726135,7.987432020347444,5.198842533233135,1.3232790186106573,4.880091894762639
70,15,38.60492918957354,6.245200607715992,5.611658594932356,1.2048661707268096,4.65988174837936
70,16,29.421005798807176,2.7884609177274458,5.072020986630505,1.3000301869522817,4.73979947201063
70,17,30.40211837696257,3.384405206739736,5.888739188181802,1.175868564390207,4.361058239327125
70,18,45.06773102819801,5.265014773884894,6.0576379479099165,1.09046145534744,4.096395442633666
70,19,41.9643586159584,3.7675880205650882,6.1559778038655315,1.12266097424218,4.126487288361385
70,20,34.19107324570409,1.9970175857371741,6.021284912529248,1.20545078273331,4.47332373845717
70,21,32.7417454910974,2.0024929473970827,5.811878044093658,1.2018599456056593,4.443596803671442
70,22,38.57823632152555,3.90842170925526,6.052380754216138,1.0718439134837023,3.9883218511676435
70,23,37.37515302149919,1.7564774189845762,6.268644500327764,1.0691641512542471,4.08116668207984
70,24,34.29647138478863,1.7681748651411775,5.637117460241679,1.3173853264984778,4.725479121033387
70,25,44.26545953440643,1.736871793122471,5.3868479165778425,1.3449968673173176,4.858023261901928
70,26,44.5559901387796,2.702431636821457,6.1574886605432315,1.0522915047072203,3.9166506361370894
70,27,36.56258840290369,2.4301123835741185,6.147407594370058,1.013689898567888,3.7086129210819223
70,28,43.91725648894967,2.086942875686761,5.90414498290834,0.7759172011423203,3.2243283650434744
70,29,46.21480379576337,2.1262734196526667,6.205704537103923,0.9141728259001525,3.451658664351285
70,30,44.01675116798762,5.6822044931827005,6.281016236405969,0.9410271105213548,3.669562635385531
70,31,32.25019884027671,2.506899181854201,5.4712382711767855,0.9618396216635556,3.6035370984470783
71,0,15.589288804904465,1.2922403083965004,6.376880852505927,1.0264617783989323,3.624858372667685
71,1,28.150983588652295,0.6537807960752311,4.818123144724307,0.9988940948057223,3.4578609110561858
71,2,35.312686816883215,0.288158667633722,4.174716085793382,1.4105659176347656,4.602375940522208
71,3,26.3833744378566,0.2582409119780934,4.866623330842534,0.6820344174410575,2.7281266642954822
71,4,23.835387645364808,0.500878780766077,5.238066035669958,0.9348144318226996,3.2643097979968556
71,5,31.273250952398016,0.626068107598786,4.836765444535858,1.3475233891262253,4.424197350711618
71,6,35.83034486124758,1.1662433487825814,4.957128511862953,1.0511755908365883,3.6932587091958355
71,7,28.208054477846158,6.146260522216663,4.661430575940037,1.0402172132346967,3.4610343855114336
71,8,33.644704658471255,2.8515717248769556,5.897632755013154,1.1933549412361373,4.390825353511147
71,9,24.454886225929556,3.0234959154804444,6.225492791038002,1.1725569142458694,4.49984067340031
71,10,25.419828800605824,1.0666949897152216,5.322503073692593,1.4435356971121553,5.572730903776124
71,11,22.628770744501757,2.271444902727607,5.740473752320122,1.2789847582557048,4.772633845123294
71,12,22.528300961989025,4.2482889313044305,5.142835236324515,0.6673450071432461,2.667187014138976
71,13,25.58319413820669,2.8477627245002792,5.602015009103834,1.1439380247964372,4.304777867414813
71,14,33.19557077078037,4.137506924306049,4.810905419270204,1.1261210281249578,4.055123080134679
71,15,22.509050655274137,1.8931716418138045,5.14733798897039,1.3234421033333295,5.004500148440028
71,16,25.451646944019636,2.3552503479921234,4.64873267667163,1.4612757840364043,5.280988426133273
71,17,18.632190594622045,0.9381411511271436,5.4036045891409294,1.2531264521569847,4.529175318432111
71,18,18.10146652608101,0.5404803543656377,5.994370122604375,1.0145393636156879,3.8756746048115702
71,19,21.492040141904134,0.31874683333709053,5.705111690705014,1.217433004540398,4.442170103093087
71,20,25.09451031533096,0.8383376281645047,5.63621021553055,1.2322666690256519,4.499473137961474
71,21,30.599323321223906,1.7061243142888252,5.340147733271269,1.1770688134292877,4.287375284507498
71,22,29.67455164925242,1.9055024362041335,5.589863906283348,1.0756578461211106,3.99458575801991
71,23,26.386099533063174,0.8191049847597592,5.6201208055284795,1.0964139786079405,4.113031255294544
71,24,27.195104869596683,0.49000036996394525,4.936158819309002,1.2871214616595354,4.4255285536884825
71,25,32.073863292513494,1.4391207418141563,4.489920833523589,1.395159431077337,4.70444410788121
71,26,38.66740327565598,3.273079175181712,5.476966719924353,1.2202828064401308,4.375862558907678
71,27,21.44881011741154,0.281678293569327,5.686170185663392,1.1627912454017846,4.192200555727344
71,28,30.486629423259764,1.372056769982494,5.207432008588792,0.8742443572282328,3.46492330661766
71,29,33.89281193673388,0.5612835096111948,5.683241397158978,1.0180182928492556,3.77954937113894
71,30,26.381365192409177,1.3516589362130158,6.042350960146793,0.9048063135826432,3.545627174368362
71,31,23.294459926216838,0.881839563641827,5.272248587753554,1.0414957595344498,3.8726234073258436
72,0,11.837812986891159,1.149952292632931,6.432081365553772,1.0405289117862084,3.620130335692603
72,1,12.972876195929526,0.17466571676029938,4.577660146923526,1.1069709296410188,3.6967481626854815
72,2,13.984468199787969,0.07301765528343562,4.096855959736665,1.4692480858209613,4.808350987821806
72,3,14.173546000720426,0.07685280120699971,4.664934621077689,0.7457728545142235,2.844833946377361
72,4,19.853732240965105,0.3581257529459274,5.004372899516433,1.0144045942521807,3.523132383243263
72,5,15.920543838061745,0.2518993465080192,4.945928365678654,1.3794935111416144,4.668065729406394
72,6,20.59489752786181,0.345628526068077,4.966776793528567,1.1226753714276043,4.131071181783593
72,7,13.114051404589272,0.3712273777399408,4.967170379318235,1.1539062987666266,4.011846311005425
72,8,23.51343103737082,1.6151081391409132,5.734226232602056,1.4069590477050884,5.410200252586531
72,9,31.04931922600678,5.79037375773874,5.976736933079926,1.3467261330916278,5.284186876839888
72,10,45.008197901657525,8.29297539610095,5.120701056335225,1.534657190498777,6.045420206202975
72,11,30.520700810072345,5.342214521397214,5.68779047297064,1.3438985231116858,5.194823884847734
72,12,21.80878654574041,3.6264508389817176,5.096435340459747,0.7342463005747817,2.990500067268758
72,13,40.36235991549581,9.568831023506556,5.7437987147164336,1.3197162089321868,5.134834725794583
72,14,38.61958888700169,6.565559961200966,5.178403252276688,1.414395652685716,5.395691559517985
72,15,44.0134639847423,8.738501309552735,5.243556838573774,1.5349572416500958,6.117180817314328
72,16,25.433289430651158,2.554596007043821,5.028474504722058,1.5541453844735642,5.827492405203658
72,17,39.184413193868465,7.800391539095712,5.789092456210152,1.296154992571739,5.195764214839717
72,18,30.986460121135064,2.0673269469569364,6.110513806834008,1.1275816207729283,4.3272630848261135
72,19,40.62584738986464,3.7175213277022814,5.938429737167135,1.237653655445249,4.7087326982134075
72,20,30.5666823692193,2.216382089970361,5.883656573548105,1.356848627827402,5.169446896440402
72,21,42.768236993165154,4.182414334227964,5.746305883504922,1.3022725410016402,5.013385095316681
72,22,41.55718125231346,4.506502504116538,6.257708209020816,1.062898451124763,4.082649819952911
72,23,37.36039340619904,2.0781096086864728,5.882353424561757,1.218291199590806,4.497615549577824
72,24,31.84343780801368,1.216219344798494,5.504608389460868,1.3378179298996278,4.811045001137169
72,25,30.186767191039774,1.4970136460291874,5.129187221373604,1.4462281434040447,5.0869381584590085
72,26,42.16457725622391,4.673010571363161,5.657804497661695,1.2688567559743218,4.874934519695166
72,27,30.993045166139538,1.4463372389667533,6.23865948455164,1.020117827167498,3.8740276534018205
72,28,29.621178073925115,2.238499127475496,5.4922926033755,1.0240350768650526,4.0700709700689375
72,29,49.98223977793225,3.7516640116272333,6.1753852195376275,1.035975663709932,3.9415640236896077
72,30,32.42046748172693,3.1726160316422174,5.908553594296752,1.1442530374828106,4.3841685603956835
72,31,40.52289987252834,4.602228974196365,5.7296988689319495,0.9990193856988085,3.9955494847257804
73,0,22.253888794422572,4.163748289465236,6.248780706420478,1.0143273983332097,3.592478396322785
73,1,28.87088615451863,0.9152838653780512,5.007712231837644,1.1700363245365466,4.233351010025784
73,2,30.68209173760374,0.33857335417662393,4.502409973654859,1.4449143931778172,4.9284012769534975
73,3,26.080088646605333,0.6993370967740995,4.971448519140855,0.7260172144796906,2.903286442225615
73,4,20.142881930746206,1.0688464324144644,5.1853531426407535,1.1113705919111725,3.900272595442786
73,5,22.188470227512248,1.5100727917206755,5.380913546995149,1.3041468928314384,4.593623670024847
73,6,17.424534890966363,0.6902881812369784,5.087799306560419,1.0395649354498984,3.8410239996319624
73,7,19.470822560070644,2.211235156699359,4.971320282655281,1.2585307571561435,4.273180851450645
73,8,23.847478929094443,1.46715398319554,5.9274523843923035,1.305651576061491,4.88781887647788
73,9,26.021359318072065,4.530791312596013,5.784717647661583,1.3990571738473632,5.449174943131329
73,10,28.379065323895837,5.066180213368915,5.865909928167451,1.3515245741670467,5.495408221620371
73,11,23.108436031576645,3.0683100635247325,5.5673085372707325,1.419825874472874,5.449381012116312
73,12,23.011796508491088,5.356827893936993,5.578863554492057,0.7231584546535688,2.915996713927699
73,13,43.84615760916715,10.394874266516945,6.265035058526733,1.2007065443127045,4.727975621192704
73,14,22.978089643124378,2.1886409397530673,5.320416650872136,1.4135308974955105,5.2637436206692385
73,15,48.04954414298077,11.407167034044106,5.912945916966291,1.287050529619087,5.042987079634616
73,16,28.290316441169217,3.329195443204559,5.149901321771583,1.3760919613225129,5.024862582105671
73,17,36.90147802838121,7.1904257230039015,5.91513904935838,1.2369851589800174,4.750013752623014
73,18,36.80383455349519,3.891133567972013,6.282476578980606,1.0666960400002408,4.108320664230127
73,19,47.904584510240404,6.180343913637933,6.3585995140782945,1.0427357938714037,3.914628451328799
73,20,38.109502111144884,4.279376746515647,6.283237988214493,1.1067551365287027,4.135730673944643
73,21,40.31903195019136,2.991388048305091,6.139619532913692,1.1491958271020701,4.411770625952244
73,22,28.723011501154744,1.3586015755028833,6.308528727907502,1.0302300330273173,3.9497689641931517
73,23,28.99372778859643,1.8830010820030374,6.159929930716048,1.0937124536762317,4.134165121470697
73,24,30.523016760489504,1.3758144275662507,5.581179930811178,1.2824982292606588,4.52631839836039
73,25,32.58651631631436,0.49413494554651827,5.288677338794395,1.3818801684379345,5.033699689925746
73,26,39.60545520968455,2.111685166013035,6.076978641171339,1.1228032803431383,4.276279569864112
73,27,32.04968673457429,1.7258163440512715,6.302374839524051,1.0343218592481502,3.8434237533930253
73,28,45.384178747936915,4.991463986483832,6.2391525384134985,0.8626413584114418,3.6051806555978483
73,29,49.544945334954946,2.153405587673877,6.3029405909164264,1.020904622537052,3.8767545984052494
73,30,29.91429615284992,2.348246158966548,6.266333485599347,1.0439824516535392,4.074594718574195
73,31,32.153282574017744,2.0794618162260226,5.865730480846018,0.9006149355506263,3.6017408853713486
74,0,33.046117319988056,11.369949940237365,6.3395840756433275,1.0124834798486413,3.6759311639757946
74,1,35.31424719407991,1.349276693358512,5.242073787781001,1.0706695007714302,3.843960024180933
74,2,43.31741998228839,1.1624624794734113,5.162279331037259,1.3678610887551228,4.806996098280647
74,3,16.929738328855862,0.23715278626437925,5.254211407570223,0.7737316471982547,3.0108095726480535
74,4,22.141740209971985,0.7443425402384927,5.579116092776227,1.048386864735746,3.7830110585406316
74,5,32.67005658448116,2.9791149217484394,5.65905646980769,1.3067131696193908,4.581748974226692
74,6,36.343729685075445,2.362358852457243,5.672230299409913,1.025645475379279,3.79844449757059
74,7,16.75264555522974,1.08652708428614,5.498953188899752,1.1005710819580639,3.799954471119746
74,8,29.42419354093051,3.9695244902686295,6.341209250697313,1.1677919406314645,4.385480588481164
74,9,37.922587369051385,8.23737694136213,6.218743171717627,1.290124561369268,5.085436012462644
74,10,35.676681266786886,5.235314215165244,5.949241105508648,1.364844473597362,5.313092263006293
74,11,33.80617789398107,8.174649825435091,5.903848535218809,1.3655644874604116,5.2939675680466936
74,12,20.867542453867806,2.952896557225336,5.651956798093931,0.7407944705348477,2.9528504408845015
74,13,38.68057264864466,7.820093690786103,6.459627299374481,1.0880998972850016,4.344504659957756
74,14,36.45032924600773,6.282733376506994,5.48524489063373,1.2638895313325857,4.664286084932028
74,15,54.76969853399711,11.64763785413848,5.980896612363435,1.2289226367483925,4.770431733041341
74,16,49.339775198402336,7.110457712778101,5.422228349239035,1.231558217326655,4.476174642222299
74,17,53.061431805512946,5.990555475490845,6.145236789231452,1.164307303945039,4.482828032968917
74,18,71.32284137320914,10.711753836074001,6.190628455185599,1.0039291131003756,3.7440406632092373
74,19,64.56595066936102,5.84108993283755,6.478784309336994,1.06266564396652,3.9322160991005504
74,20,56.25270164693025,5.104410209476367,6.203423118956689,1.1217960658709503,4.079675003347211
74,21,52.07334614611711,2.834142909130173,5.840900065931425,1.1722281454015793,4.226373718761447
74,22,63.554838839087154,5.462497296735646,6.015826845880041,1.0754397872970207,3.8326118638224753
74,23,83.13542267928105,6.8576511832390485,5.960134686459333,1.0921470974952365,3.8381095834752856
74,24,57.615077300365485,2.82715102513674,5.317027079353331,1.2521684849511976,4.073398160492006
74,25,55.53135594813173,2.0615424221707834,4.811058674884595,1.4268779378302439,4.866273718175959
74,26,74.32190425727555,4.453703233336953,6.005448656405274,1.2024247892261108,4.416863186086067
74,27,59.74283440385345,4.301705634670414,5.095235644690853,1.4032179594327445,4.649795318744726
74,28,74.68026673122984,7.462502369100143,5.844690887882187,0.941948441132654,3.7315211188548876
74,29,66.31450999669067,2.323877834344384,5.923169648241256,1.2077641683820648,4.268702996257274
74,30,74.51430874418028,11.495387585103778,5.617007551850938,1.1528761409527837,4.311447360157349
74,31,51.54241318888529,3.6724411572704887,5.313890924133005,1.0169021770664566,3.7731358580444043
75,0,25.67981269015817,5.355561506984552,6.135787215792422,1.046945727006885,3.687834830458337
75,1,20.551031089240883,1.0474459401246392,5.193758188092232,1.104548439487031,3.9787652354578853
75,2,30.312829920849396,0.54344463614628,4.977473340716221,1.3893866663609824,4.786232156912149
75,3,22.32583124618638,0.9187845149129947,5.444662090523496,0.8402260376533981,3.1395828960754617
75,4,16.245126848895744,0.7655419406345898,5.3118383036882015,1.0769327237155641,3.7720659341783667
75,5,28.71900483755264,2.404074567433389,5.129235201634872,1.5079399946050565,5.13355331701787
75,6,33.2045169954355,6.167020943813056,5.58956546555887,1.2427977711106024,4.537303139265895
75,7,16.168276683489452,0.81509669104941,5.347656501942652,1.1875166990572286,4.107691705053824
75,8,42.90454400096712,10.688400847312426,5.939765486160213,1.385358752217658,5.025667488065003
75,9,30.07245949143478,7.276114041588596,5.91590217811259,1.4155265596938351,5.4432765457748085
75,10,45.344339130709244,8.70095970964777,5.57496914563141,1.4619823315109137,5.718432609800757
75,11,31.784037889171525,8.305985435220641,5.8424500781493265,1.3408079591512916,5.032167633467588
75,12,37.001472183540244,11.195061630806714,6.018790801066578,0.6848441502597904,2.851546614050754
75,13,58.73760621081356,20.377020532798632,6.0405536591486,1.1465734719130705,4.394230118329442
75,14,33.243534147141,4.733135625958832,5.241534222830833,1.2905715229475518,4.542832009840471
75,15,41.542312427300445,5.0962584094995895,5.996096376319544,1.254097569471507,4.833005727740181
75,16,35.60950798893272,3.958810980788405,5.256700026429428,1.306717725897414,4.616376583107788
75,17,52.70724065258892,7.672443809021966,5.831084893643396,1.2374372000772729,4.676615096695485
75,18,63.993591872932186,7.22453869656818,6.5988116766250435,0.9614932364985602,3.715885216213806
75,19,51.55465183419672,3.476963817571315,6.2916472651095745,1.1075885856363143,4.099765964585498
75,20,47.41093735167231,4.654479523944478,6.161335597231355,1.0865754288804617,4.033937596758643
75,21,41.91188166072271,1.6229034010707926,5.7803756965825865,1.170196500574579,4.411242815966286
75,22,43.372236357273216,2.846482866455597,6.129755552014005,1.0287861230186985,3.8331671109713925
75,23,64.17331043325734,4.580179213495404,6.347823259015584,0.9045954272970747,3.604969559008985
75,24,50.471861076255436,2.116280677628782,5.455461119015643,1.222926656938438,4.348844039756848
75,25,41.63426267500977,1.2065302298129439,5.046021091271964,1.3502246164732252,4.706015759506584
75,26,54.28386889935777,2.055254738652712,6.026276523346765,1.0901970466579964,4.079789467041497
75,27,68.63841372579898,7.978407594563117,6.023010545742436,1.1757293521663454,4.27673150129854
75,28,40.135342444800614,1.5934889795812608,6.157882972261931,0.829950518082728,3.4444972472121793
75,29,69.6573047263215,2.2783601602703802,5.780991540142173,1.2102519209526053,4.185006013713557
75,30,54.34452780248719,5.530700808280095,6.244116171482068,1.0486343740151582,3.966641449128223
75,31,40.898819015234096,2.9548474994687757,5.790183121435142,0.9821518206674282,3.7657990151011886
76,0,20.662856104009823,3.8248493672672756,6.289118501470533,0.981491176183579,3.587807283698543
76,1,24.23292787094295,0.6663749748680097,4.906246152656232,1.1000238754285476,3.872665333132534
76,2,24.72930301399534,0.594166398136642,5.039569877323018,1.316510040424566,4.558199490192249
76,3,53.392770517415684,3.3939741889461486,6.0426856335782295,0.9998443234220931,3.9160164965737256
76,4,43.6988145519697,4.140560064365265,6.101209517362333,1.0420596266424926,3.940948683271731
76,5,65.90340230472907,11.531422875599906,6.069669490637295,1.1886722914110637,4.5451771610785885
76,6,61.61425949867316,13.211200757405967,5.959671985705791,0.7787451821948617,3.192042430623745
76,7,51.81891890293876,12.384156585437019,5.564728534890982,1.043028970164313,3.728669047596655
76,8,73.70594033643866,22.121759467880757,5.7768070339446655,1.0947279408098396,4.149068957985458
76,9,97.79327586647108,28.26742246145649,5.416924264946192,1.1259366051130337,4.329523063536319
76,10,82.58028285088437,22.62320964737569,5.777286233558004,1.1251060031536655,4.499752894900104
76,11,74.92671291136222,23.030706381253534,5.925456908933164,0.9509579451422869,3.74564265484015
76,12,58.547110233417236,22.132804568015914,5.439416583936732,0.7925313253880022,3.2057226751591643
76,13,96.98082409633056,34.737474656665576,5.576016766168596,1.1711125771855802,4.6169609029815915
76,14,86.63425171611878,25.993902472797416,5.908803746132607,1.2386382950178643,4.954052885007923
76,15,73.9752758103122,15.541640107440475,6.118046994429643,1.2762670818091335,5.217861640172629
76,16,72.9179851238607,12.851230279312903,5.860652296555561,1.2493522833969921,4.830735893437763
76,17,64.25119217456701,10.264469138269487,6.337912461276293,1.1516996937853934,4.762378027193714
76,18,49.65793500514022,3.3693028891069083,6.625093930138364,1.0213458236247304,4.068746693653093
76,19,77.71316318930893,11.374950672118569,6.214708301268786,0.898867528625237,3.606815511122985
76,20,67.86222188850496,8.492008587482575,6.579262592969618,0.9441785680732657,3.853205487201918
76,21,58.55677420244075,3.7825070161736853,5.363499653529435,1.3445844826063569,5.087377020346263
76,22,47.6802796623842,2.3321558405509717,6.052231415317231,1.1961898159234652,4.385772535949275
76,23,40.49609020665706,2.340180412746203,6.003605904501091,1.1452216106299327,4.2073425893178635
76,24,37.22905927550742,1.115402745582109,5.593703328426306,1.305141441530055,4.611672745893223
76,25,34.557404197082775,0.9426869539362907,4.9196673667382385,1.3500825851359686,4.640373958119059
76,26,53.90876616783869,3.9750723355845494,5.868343571946568,1.1278014579164193,4.164823275608373
76,27,38.23295467664083,2.0803599151937147,5.817401430730214,1.189487609219955,4.228870542616748
76,28,49.85296152380896,4.462937967630258,4.638805127611148,0.9377980131142625,3.640341202015654
76,29,59.4785887737108,3.0983604090910175,5.045903072948462,0.933193550524047,3.5426366765081707
76,30,47.882212918762995,5.144656788711866,4.684339941500143,1.2978592400466233,4.650509522168386
76,31,48.05515621200503,3.880508253317272,4.319001046975151,0.8485835526309264,3.323088678315983
77,0,27.395101787554495,7.779439940060896,6.338650017835313,0.9959028500351312,3.676347637214643
77,1,21.470783897043972,0.4359462144303119,4.880519478147887,1.0940035747022465,3.8530945517071764
77,2,29.311684077926014,0.6454266209835204,4.87745372041652,1.3417005993613387,4.707482682254887
77,3,36.132244551414935,1.980332279376405,4.934069126991812,0.8761771404350123,3.212105819737236
77,4,34.58936524782028,3.4388007126037503,5.284226586715924,1.0397136447914939,3.5848834041750677
77,5,48.54708057574194,5.155597432114652,5.05522419536312,1.3552218778708554,4.515667719122743
77,6,53.0190706013063,7.949976374296592,5.605339893639302,1.074368199941281,4.01890786492333
77,7,37.999275058695304,6.943255361728769,5.552357887420382,1.0568502859425593,3.898077674217536
77,8,47.18078375325848,11.670994507168619,5.8769707627624515,1.233252082284161,4.7314597087608155
77,9,57.94962574140351,14.310448351454372,5.853927332259444,1.218126655179181,4.664377460429443
77,10,47.49814373427276,8.20149497596368,5.85883337500106,1.2975326792567419,5.20256023019313
77,11,55.825057415007514,14.925283915522959,5.748841478809544,1.0264273036386546,4.087059293493405
77,12,28.419824589948103,6.774154817164831,5.360657444975216,0.68137817066438,2.8338160207345893
77,13,60.08326648133357,14.883875488508862,6.344571810470979,1.0866391137520566,4.307956480239169
77,14,52.9428964406481,12.175796603045818,6.117135591396016,1.1338363301521897,4.4276788951977295
77,15,66.34298051028603,14.011318618947113,5.744452061621999,1.303316500289748,5.045417217788611
77,16,66.69735211927946,9.54969044990766,5.198569446465678,1.1792833000400842,4.378027634399722
77,17,69.95657540581381,10.346865625803503,5.617658588383703,1.202076991604125,4.501943895056116
77,18,68.28857161848458,5.22508185079842,5.399858612417125,1.1100980689170656,4.094193820335616
77,19,77.00455198803215,8.485004707676884,6.029323674785034,1.008212612132465,3.9222705848148904
77,20,71.47190605657477,7.660291770431918,5.75392267167802,1.1065864643994008,4.128436544738501
77,21,62.803625490550935,3.5839426616995547,5.179026877983275,1.1254528014396321,4.019553080338711
77,22,57.64243833153989,3.813701848390525,4.986070467450624,1.0799611841284342,3.7725709390765156
77,23,55.47439094705355,3.689532609332433,5.138359175162524,1.1014342221284217,3.892213285736018
77,24,51.81730211524674,3.072317900627503,4.547972475959899,1.2506815653128012,4.070240510157807
77,25,38.854848544233725,2.345692707905151,4.447874877896637,1.3837258456347064,4.621219284937138
77,26,48.813355904799565,2.83461231855662,5.012093258978155,1.189366843205419,4.159924419979638
77,27,42.254649149777556,4.09318196793391,4.7854365022257745,1.4356304933321082,4.840206493946497
77,28,33.61227896570047,5.479620097818456,4.700325717219483,0.8302521942540455,3.2819141339419966
77,29,48.97256732575222,2.2458089370744334,5.326702224668421,1.0779716713360612,3.965521858996728
77,30,49.618224153213575,8.374127608566766,4.582470381677673,1.2275245242454789,4.355820036429296
77,31,39.123430098612246,2.2272469506555295,4.429249053293386,0.9811068513755306,3.6059680933363687
78,0,25.82660991843337,6.246066005355477,6.124916168010059,1.039814330008018,3.70590125245787
78,1,12.875984452768652,0.2343903754980528,4.845521914351153,1.144861006021582,4.08657323201015
78,2,23.19956011521245,0.26527991761071074,4.301203444857528,1.451135112476691,4.857637153838227
78,3,14.242671991042897,0.2638509498591076,5.270294841005318,0.8446964906610761,3.2465706146889683
78,4,16.583445923156347,0.6438985947562471,5.292353242640607,1.0731120859701058,3.776297052641611
78,5,26.11352179739176,2.96269936741524,4.705182051029703,1.4729996384805766,4.797902239441623
78,6,29.146743830132685,2.499063335912019,5.235931494424126,1.20525183890088,4.360992849761587
78,7,28.757006807864798,3.4612689564036545,5.010229812405646,1.1836919414174014,4.05945783509253
78,8,47.2990541787138,11.14123058458199,5.71732652255641,1.3325016861401613,4.948926096096744
78,9,50.82955484146635,13.416387278563331,6.029318654496995,1.317865412674312,5.15494614246943
78,10,49.599359233376504,7.83038443356478,5.237641743652453,1.4274318163032609,5.547380872078773
78,11,41.31602016271067,11.30463461116582,5.759595197984778,1.3201007871280837,5.064084542235924
78,12,37.37084381885617,11.031197151935494,5.492745009562778,0.699448807431363,2.825359776997237
78,13,41.64996058449253,5.6893320749956775,5.973696931434489,1.32626897611964,5.091178756250374
78,14,51.498732730195925,15.308694251920372,5.647786396118063,1.3127383317017456,5.086398739999378
78,15,60.35197530996571,12.738818631918072,5.786462390189549,1.293022654165907,5.143314596040079
78,16,75.0111546405297,14.961655046001543,5.128891743092847,1.3001751635137424,4.929066611427272
78,17,45.042436172894014,6.006714525565391,5.923397250162292,1.1742479250186033,4.572958913218962
78,18,60.4762538479351,6.429329904056821,6.170269494750361,0.9341511997474274,3.714924009451308
78,19,51.439059099810464,5.403502196464916,5.843540030221047,1.163086929961695,4.430929216255568
78,20,47.24483535370822,5.06518928897524,6.027602468387952,1.2008586551402862,4.6458245673084235
78,21,54.494730942610914,4.648555349227296,5.601957128530919,1.2188116599970966,4.781165827841385
78,22,52.321072720048164,5.976304755353641,5.581247200671702,1.1968014281337345,4.453003834439145
78,23,42.631937329954006,1.8711523802121723,5.981197238294294,1.0587672770338301,4.008816390992102
78,24,42.4852555100793,1.857213768897308,5.312494255890115,1.2868292335887386,4.626774075858045
78,25,38.28151631977255,1.108735647536766,4.983422330594415,1.3958277573550006,4.965824595693307
78,26,41.52566837630687,1.9434518569293773,5.372703844800748,1.2311455428234641,4.434142199929421
78,27,38.07709627482514,1.5925356715707208,5.3587229895851465,1.23881414576611,4.359101122328596
78,28,31.824822561488617,1.8320700633191809,5.499310638960523,0.9382479828882726,3.7222015692924857
78,29,38.7891826610665,0.6093450205409318,5.498708338814216,1.1636406522133464,4.193389896358756
78,30,45.486437968972666,6.717380209875324,5.7411648652416964,1.0854519185981246,4.148411881976496
78,31,34.00902086468263,1.7884065788551877,5.5268824570818795,0.8917636023993225,3.5826217996611267
79,0,18.534129807326043,5.1986548616588095,6.528405000934409,0.9724931905100478,3.481328259690515
79,1,20.681043099001673,0.766940867656262,5.218750514043142,1.1426320662590435,4.066315837154703
79,2,25.318314388548345,0.855320021249,4.479746289237398,1.4625343353040892,5.016133326289985
79,3,20.600452753505724,0.8609563545265002,5.152101544021285,0.9035524358391722,3.3409547668335375
79,4,24.63287141127609,1.6252026273330031,5.417829305289066,1.0928876300520454,3.870931371811012
79,5,27.983109296879697,3.0503817923533822,5.2823813958701935,1.3916939829250268,4.651945784632007
79,6,30.82348820547466,3.650009520100361,5.5192289617240595,1.0763830318737453,4.0555463805235865
79,7,19.02110574810802,0.8593855580012212,5.53177122574857,1.0779964250110714,3.824790111859666
79,8,37.96462201747043,6.26375983821632,5.859013142833492,1.2820506362110642,4.903578345851061
79,9,28.853159774717536,5.984121036080312,6.089760763052087,1.4220164005664575,5.734202754906132
79,10,38.92999101668276,5.086377221307706,5.773928938391061,1.517197585402796,6.060133834953936
79,11,23.855925486395844,3.3792749491461596,5.9603097428898755,1.3188616221079164,5.19483227329593
79,12,32.45540007620873,7.353099528978223,5.4268878907153315,0.7271284819393262,2.9663209716242367
79,13,56.12890990460497,15.248009704280722,6.292070237746179,1.2823022547744296,5.020389592392261
79,14,44.66694440630004,13.075328259169597,5.880384312720651,1.347555306426881,5.28533847598085
79,15,35.16434483869061,2.857833545478316,5.853480017294007,1.3315920921395943,5.334021002037174
79,16,27.850398898441732,2.8840035566826594,5.336833567358737,1.4516457588311686,5.701180354427502
79,17,34.68308459989089,5.240380424077039,6.020446076418698,1.406270688699447,5.683517635534581
79,18,33.68837457756869,1.6188629124945495,6.4744514918386695,1.0550046057736084,4.127121661388103
79,19,46.538912831634164,4.324725158585006,6.132557139247277,1.1067900768440806,4.444230831527217
79,20,43.425211621492664,5.41784650839381,6.647890726349633,1.0141552560682552,4.213324637985891
79,21,45.49177087521398,4.745677492620323,5.844283378728469,1.3460454285207328,5.442394508630389
79,22,39.24750734803537,2.9637672915715267,6.598794371433691,1.1056985494497997,4.410491865931324
79,23,27.165813113619922,1.3749456769965882,6.3776360452218634,1.0904332923578322,4.245967455639359
79,24,41.18891108371922,2.780829340012895,5.985773239153387,1.2946338958277845,4.841046624128832
79,25,30.717672676890356,0.6522812786824137,5.467383057743273,1.3991665584030724,5.103990462975554
79,26,43.9174673230125,4.535663631190008,6.066986080584082,1.2168591649504261,4.69745572836221
79,27,48.71531760803136,3.762140707890574,6.565701735758509,1.064363237903919,4.234892751303987
79,28,44.388421116717225,4.294002523003815,5.911859585729841,1.1661819405183422,4.702381070107438
79,29,65.92158766943706,4.222434160467692,5.966685059222654,1.1626443430710678,4.352171258391476
79,30,35.78002133862238,3.3707518127136415,6.337490121306928,1.1486915195519245,4.730371315532127
79,31,38.8185728387372,2.0676489373456475,6.0496298098337515,1.0239908330633654,4.231162410716719
80,0,64.82348470434178,28.254146734800482,6.418520210845992,1.2870906933286284,4.911438759118326
80,1,60.64823078828552,3.9080699388425044,5.72161966761788,1.177675318328986,4.403510703241572
80,2,52.883406342380795,2.4087241509472532,5.281286337271949,1.5038398346424158,5.635100958217148
80,3,44.69485493306807,2.2381739181027225,5.75047419638316,1.0685308544678387,4.060535083391098
80,4,46.78778574965142,4.797836204169476,5.881735777781289,1.1349825140933785,4.232316146513627
80,5,46.32737045818674,6.476243237373555,5.464468979010911,1.4997671032128839,5.538047960845637
80,6,39.311107905119385,3.7501232837320284,5.691354720807549,0.9801748849142635,3.7961955292122505
80,7,32.26158576950594,5.060597760651652,5.3912511414517805,1.1561795917047952,4.190843435904872
80,8,40.235285269420174,6.579875003058529,5.860218865588878,1.342576550429933,5.185701251988654
80,9,41.29665394016594,8.95938479544725,5.988845481763317,1.3653001887578249,5.43789676570688
80,10,34.389760822967716,3.2063568080900433,5.629440395128773,1.4000869446666435,5.738756907873997
80,11,31.969960588185273,5.464038913144071,5.860278046028891,1.1785218017811703,4.7057041153104455
80,12,18.778880147842145,2.2999041384788077,5.431412018086699,0.7327727073274781,2.9976140630859636
80,13,48.799822535829094,12.598660601865216,6.057587541312062,1.1640786806106291,4.59458480676891
80,14,47.44311096143535,12.219168193999986,5.550260549345726,1.254828758002116,4.902619009027168
80,15,45.864235248588884,7.003694217168775,5.379188928468024,1.3434833072837398,5.454608808814879
80,16,57.22131023787094,8.273280906658648,5.2347901648743775,1.1725382770080781,4.5135101253494305
80,17,51.624694040956456,9.934934649904344,5.939809873401909,1.0277172908524674,4.088297741317862
80,18,69.29807439994725,11.697218176236891,5.772218566538765,0.8660102597556882,3.4801239420219146
80,19,49.886177951185296,4.6561945400683955,5.606791571668782,0.7584783471826944,3.111963921559226
80,20,65.56548069235681,11.2106398042291,5.578186300608122,0.9304063428442664,3.707366075049512
80,21,66.5797655851911,5.29085220276881,5.567156794487051,1.0365398787610243,4.154705827140792
80,22,62.56754005080538,5.323381242982406,5.914510255975303,1.0020992130614985,3.8682944126606014
80,23,59.94000998546733,3.5699752244585112,5.993654091163455,0.9870139219952723,3.9146273877452367
80,24,55.48772096098219,4.088005495814837,5.882098933066799,0.9781102332184517,3.8213397561304054
80,25,54.459197950979195,1.3446212113245328,5.554362179812809,1.2057432021792138,4.452326804384361
80,26,66.63141571825147,8.68524049590397,5.378279769627728,0.9313122635655064,3.5549868796298205
80,27,51.71658902713084,3.2117978411459824,6.026006101089387,1.0231420249162646,3.942574676097636
80,28,58.35759722800605,4.026768405139456,5.39432671605879,1.1059281528790441,4.355289079557616
80,29,69.1971365623499,3.8761358988104173,5.948318004677803,0.9577188193057102,3.7114336687566674
80,30,50.02985478633441,5.013346149654098,5.640593695150829,0.9588292693294411,3.765505486601822
80,31,53.27481144276904,3.063976723399745,5.533864166117615,0.8942870927632471,3.630232057403615
81,0,62.286633175430694,21.96531656479339,5.840831187403514,1.056464802895813,3.6031003742725085
81,1,41.746274356819384,2.737152295472894,4.760998969097168,1.2440244646427603,4.39967826154679
81,2,49.87221026529215,2.562240124736802,4.308096200812239,1.5582523527327385,5.474581629957645
81,3,31.29897097540739,0.7765484390468114,5.2759276956977486,1.0601717736492642,3.8827334267240565
81,4,34.68433073633618,3.4172376158136633,5.44549534275537,0.9925124809185277,3.7736042838050428
81,5,30.56295442471142,2.5533535961160325,4.7019138156309275,1.5887230959362277,5.66706928415368
81,6,35.184024680036394,2.5903891683894336,5.11470096907149,0.9139870076548497,3.617466634253881
81,7,31.450467367945983,4.026067298773463,4.995221795115143,0.9988050458108564,3.6261005672260893
81,8,48.655211650335346,9.41169418863549,5.96125693823819,1.0612303148763074,3.9571701414285343
81,9,43.52355193581774,8.456137831656864,5.563502437125111,1.033877451510401,3.8752386556193024
81,10,52.3821385176494,6.809657950712917,5.346084550737925,1.1669840854682159,4.452483636427086
81,11,46.02687370749547,11.464013394228973,5.55946120712281,0.8992672395489709,3.5300926632806293
81,12,26.060854011244597,4.754770932666776,5.257184650924044,0.6846687559226892,2.8621756759072303
81,13,79.05164290202836,33.53844701126431,5.229746195143532,1.1712635927674286,4.412565958270919
81,14,77.39646368746955,33.00424872927898,5.164749392819243,1.2910845198773941,5.02844306204537
81,15,45.97385692607894,5.981688163262107,5.085459245987078,1.1335965714746647,4.541522375835339
81,16,36.3050201127301,6.530050037866139,4.98058643502166,1.2333012610310412,4.635833386937715
81,17,34.13241762394739,2.869684538624017,5.704822736003981,1.026239527762164,4.155315161742654
81,18,61.45753938955485,6.827960631415115,6.093183866256817,0.8436571041740653,3.4371215041775147
81,19,31.684489929616998,0.919813285702211,5.56286533719525,0.8246329990905901,3.3541438157777708
81,20,45.52004746291337,7.567798381476806,6.191632811747132,0.8654413436424377,3.5374775915083476
81,21,36.785238883830004,0.8421242195979249,5.258273381563814,1.0697957414887656,4.1878504714197025
81,22,39.09763046894761,1.8195247944733204,5.822573906467848,0.951809613013114,3.75100186516649
81,23,33.256573319160466,1.9384135069951363,5.707790206391707,1.0397153339341365,3.988567199640637
81,24,40.850124302948814,3.2540652719127823,5.4975269637472115,1.0858868733744194,3.9634046849536997
81,25,37.68597452947374,0.8763227682478231,4.7505409282239555,1.2017491048039615,4.16021005773008
81,26,37.64115112294127,1.2854834816866316,5.25940746911362,0.9914331076347445,3.5750064169271067
81,27,48.69881844985811,3.269360171820124,5.740516568476913,1.2051510686758498,4.413292131581902
81,28,29.89174522646112,0.9405355734758671,5.118014616029406,1.118270201238813,4.27574385731392
81,29,31.68601399187039,0.44604224217335225,5.553529504796682,0.9967267307776941,3.803819154269576
81,30,35.88251440199917,3.279244892734261,5.530784661088302,1.0757304322626364,4.176573802587748
81,31,31.425897719160826,1.3607769339061981,5.0776892939307094,0.9796526325937176,3.82645438430141
82,0,57.31857811696583,22.771202896908257,6.159044659290418,1.287458320390149,4.714259358172963
82,1,22.38919665371343,0.8373437436737623,5.008393425887663,1.1796083194353164,4.221462897170739
82,2,33.50700939934566,1.2106441039720415,4.647406548603298,1.3379700114455702,4.811881111037774
82,3,16.176057604956604,0.2866789692785644,5.364126755494704,0.9645974977589065,3.547601066307812
82,4,20.8246241131486,3.9181647745405264,5.600842404951587,0.9757658453829157,3.781469623870625
82,5,28.79059229211263,3.0568323866252824,5.303597348677509,1.354853116781137,4.958193766852508
82,6,20.772033131368097,1.639862146330731,5.224538437340665,0.8836049960986863,3.4110891379573096
82,7,24.883008883856398,3.7264167550269898,5.26309720044047,0.9552142766273013,3.5867961038822727
82,8,42.46932885166601,8.18413779812149,5.972151439109737,1.1391521537391611,4.1446712219854405
82,9,43.778925145303056,8.217888514914774,6.13793839153642,1.1480971044149175,4.323503579677085
82,10,44.947959621956294,4.93865296847555,5.585391684513239,1.4269325595359543,5.675136060401506
82,11,39.75044828522752,9.303396979383997,5.6589205617647025,0.9975508478483093,3.90691892641082
82,12,21.50126947991878,2.1640236502878647,5.62607859381922,0.5892291574370949,2.6038032954248167
82,13,63.42181539915315,22.900646789535347,6.235319899911877,1.0058354364670237,3.9502548536504762
82,14,63.18459609326605,24.03178545929304,5.768164048431814,1.1616180615835283,4.50539863234692
82,15,60.40018047194286,12.726168427422424,5.759019758009123,1.3563143494961682,5.591860792141476
82,16,46.43943600181231,4.85077324088813,5.821888662228014,1.3496040103179752,5.335527683173298
82,17,50.50370013268134,7.457577314717815,6.341073006220981,1.1386193475909039,4.604946557093931
82,18,50.04712204813539,2.8993042892601,6.740151112702661,0.9746318038713166,3.980883811135558
82,19,64.64439049162408,8.476795260798568,6.709469793813337,0.8955085759984591,3.7030853737698775
82,20,48.65428960718753,5.554889425373234,6.630742987543399,1.082085219733404,4.254534399811697
82,21,57.0016023857876,3.0278035122456624,6.017461794446303,1.23574581363453,4.7927692305467815
82,22,62.82969638656055,6.236924622299314,6.548653078270695,1.1714860699507135,4.480968914947792
82,23,50.47193545228055,2.4408600885348557,6.5117900720857005,1.126254361024631,4.343319329783933
82,24,61.793222525010336,3.5595814633693013,6.3876327752686635,1.1598925471396448,4.30448022249604
82,25,52.06230168459836,2.198364402756915,5.018047754237671,1.435732546267345,5.049281661718071
82,26,58.86026739289167,4.555259773203532,6.091648389864561,1.1858919934022856,4.414402045371418
82,27,44.84925535504929,2.3915171775112083,6.262085081625737,1.3082001405891122,4.879875811677854
82,28,56.27260550974722,5.5298622888665765,6.1776371191237605,1.1239555438487319,4.448950440688945
82,29,73.73700692078218,4.1212296057096465,6.7389156985819865,0.9457164407580976,3.801328019523955
82,30,54.924506822819296,8.073978256131177,6.079898698987153,1.2879909624335122,4.900510127329294
82,31,51.17427643840736,3.131361556505847,5.768042535488625,1.0782598167406956,4.157706614833439
83,0,51.5592543079402,18.49704812742666,6.588591987945609,0.9631239290686597,3.493877343451338
83,1,45.91974764864944,1.9077451083819241,5.550806011556821,1.0555022303730945,3.91845978925337
83,2,65.36247650882342,0.9835664447310963,6.210100614578941,1.084098881767476,4.259559439416148
83,3,47.52164922871987,1.3846134983116853,6.090436550134168,0.8247793588901935,3.1989922982657073
83,4,36.80534350855693,1.4373461996366719,6.209408742385803,0.7728877323511876,3.0958007758049746
83,5,37.27937615320744,3.7235448211402202,5.881017616942658,1.0278921233530935,3.8136637251163386
83,6,31.78292367195563,1.9125874675929795,5.639119840947943,0.7263428798205283,2.9588165078562763
83,7,23.097760922444177,3.171246816440643,5.274860722482403,0.8599061949353883,3.1678075177258322
83,8,48.20301917885201,10.863956770606432,6.081340029386109,0.9855757733896109,3.774272693556874
83,9,43.375677760462324,11.04204193706472,6.001062728912705,0.9721575353258913,3.752911587566737
83,10,42.95893913780171,10.015263882958145,5.622299326177296,1.14162326529416,4.5363888084739115
83,11,30.33960470075836,5.358968247006324,5.540216618185907,1.0080791216014404,3.830467022834457
83,12,17.88663621071273,1.7653325613467878,5.531820036763115,0.5830290612869629,2.523644839478316
83,13,36.85300142683423,5.955102897070386,6.022133009419051,0.9181417538775847,3.6321994451860324
83,14,60.48116865670647,18.660310105000622,5.244768094728075,1.0742786548807466,4.002405350129298
83,15,73.08169200859248,16.763832264969754,5.464135058838074,1.0486481308943238,4.3039500810920135
83,16,50.10886878479589,9.573682380592569,5.488156600989536,1.1276755725545629,4.2657548003633865
83,17,56.00629577134724,10.02280251370545,5.8936652745502744,0.9994499391576852,3.9556366678577204
83,18,65.3373225241251,6.972224379813252,6.228271150085258,0.8129715979682262,3.3680782798383877
83,19,75.18628798608606,15.06496316886411,5.901570592717995,0.7939407567116614,3.2313695409019187
83,20,82.31065874425411,20.97873537981263,6.281614110933261,0.7791523567048291,3.2659737111793348
83,21,58.75807587134912,4.076377637362621,5.653700791100545,0.9315953929062806,3.7159929661163322
83,22,73.68623828256607,8.177661689837041,6.412017125618969,0.723859151107777,3.0819399323949783
83,23,63.92555405209606,4.306955874647559,6.202309634317821,0.8160502924854818,3.249531265523047
83,24,65.88619957987429,5.349150106087039,6.148393625982862,0.8838943128096242,3.467662075036955
83,25,64.81016316640155,2.5511549715975383,5.557432126284878,1.0665693543973918,3.845217796610621
83,26,56.792361135161656,4.493945717197193,6.082944051443527,0.9021458768986044,3.4802416633582434
83,27,65.25060523207972,5.435462494908483,6.4296166846392975,0.9512970182156728,3.6869831414308334
83,28,47.367488514628775,3.292748265322663,6.036610124173543,0.8476205483437047,3.3967119643150845
83,29,35.974719717577244,1.4590927726993506,6.040724492257851,0.9149683357687781,3.3884803358822966
83,30,58.17010040012573,6.700051479434722,6.388567694378162,0.866131555414893,3.490722000417239
83,31,50.65862214790384,3.6258657107029597,5.7986413500242975,0.8137433711431443,3.3374086237840372
84,0,26.514611553713234,6.420432688100345,6.415642433969263,0.9517936405386767,3.3239544050884935
84,1,22.66495536001626,0.43697759305510026,4.336866117720976,1.0650571960240791,3.628147294259847
84,2,33.4794856878427,0.26579022076920034,4.7519073992780845,1.1618584430744097,4.1465945029146285
84,3,20.70870035113229,0.2185364949747499,4.694390826754668,0.8266976580771574,2.969999300832146
84,4,32.55253810247848,0.9239402195042993,5.3973768687957575,0.8860705455242899,3.3907302610307872
84,5,17.442673687618313,0.5803915858993014,5.495601608612358,1.102637064317884,4.09264798418739
84,6,12.16462405103469,0.07241189012815927,5.105536362786387,0.8620452046460914,3.2864387427027175
84,7,14.300991207894066,0.8282108109276848,5.147146018435285,0.8431721709777698,3.208378237939234
84,8,36.777796709053376,4.634518862759252,6.11327808312093,1.0928897166385276,4.158400825411902
84,9,46.430260174093476,8.640198571215011,6.2637004080945795,1.0384783214283368,4.06473906164879
84,10,36.67251206098322,4.979751267722393,5.882062273907033,1.2264482479272623,5.027583301876561
84,11,31.008755516047227,5.375222108088041,5.903491507190498,1.0074579277550146,3.9798714363042897
84,12,12.961175850795744,0.33150585300988006,5.464051887038026,0.6642364529476712,2.7704673259613357
84,13,53.776615566184056,12.084356160816249,6.338181704212873,1.0498973263386668,4.2755118159625844
84,14,65.81322966932862,24.394204557379798,5.503029849583778,1.1954413780861364,4.58560593430553
84,15,62.20211016051834,11.261697124404135,5.47001601316286,1.3335723309568657,5.534388765960491
84,16,64.30910685946301,13.882916868321047,5.450100001225872,1.5051042993077495,5.812939243858995
84,17,76.55607044648096,16.3929835488085,6.276437149335701,1.1647480906791134,4.632152848948704
84,18,92.94347028914963,12.247482203160622,6.703538881506354,1.0467925460250145,4.243990504373679
84,19,83.40918037121773,13.508951183784385,6.616252727071977,0.9295626179215262,3.832212064681669
84,20,87.56680776651876,23.68392511876239,6.43876702673716,1.1702904575696973,4.566918915154957
84,21,78.7749154142786,8.052998502721687,6.136327152156877,1.1658488585652664,4.582479415703913
84,22,94.03140006043523,12.005219623136174,6.4002707650618245,1.2225407725814899,4.667157773375179
84,23,82.3317716619465,5.319068460915007,6.0703321990035635,1.2741769876245304,4.84742773728979
84,24,75.43375178529163,5.184854990652551,5.968729513632704,1.3841984045742395,5.103429335460565
84,25,68.3137786059813,3.069135331353243,4.805532356931273,1.5472184679260987,5.447520904317558
84,26,59.03758893284325,5.013766751956526,5.889755930204956,1.2182466927703368,4.481163803503155
84,27,63.68906782349244,5.719715273032433,5.918863925744332,1.39290342835789,5.084334290577343
84,28,48.863042025471586,4.309347671914093,5.97281318788683,1.0062993300239027,3.9937944877180014
84,29,64.49529740902214,4.201479463304893,6.5907538198994065,0.9598273809326949,3.767651168180304
84,30,52.89116578640116,7.84569176926408,5.827824650943072,1.2696949133162203,4.9007431000527815
84,31,38.182587176091346,2.0293519807868643,5.420716088666415,1.0223142110677337,3.8836051546000054
85,0,36.05292106435655,9.715148791280171,6.36537511469054,0.98731387021739,3.531047822753487
85,1,45.360547464659135,3.091793454298805,5.465701358910596,0.9928121686495279,3.696974678704284
85,2,35.966017715080554,0.5280959576761118,4.905219622030745,1.3794337865630162,4.8982730541236945
85,3,36.98873784227547,0.8032757121640239,5.466244674772222,0.859479983076592,3.287600954751367
85,4,33.531545869417336,1.3545989385688568,5.806068142291132,0.9719499627473853,3.680117619200085
85,5,38.70280752684683,4.217683445176508,5.680703383115868,1.2328116925735113,4.525055585855169
85,6,26.162061246677524,1.838536342239752,5.266054205856043,1.0129049772269072,3.663184951175412
85,7,29.856558552524938,4.927071519677014,5.636444292946812,0.8726841990479874,3.354202865524214
85,8,37.65837549501215,5.501255834698096,6.416489582551227,1.0548708261828352,3.95221741470752
85,9,30.62066884205788,5.8865080084711545,6.328231806663028,1.0473345439955537,4.007488736762867
85,10,33.22353576919704,4.98206992570875,5.744006406130035,1.383151056495259,5.491366187613693
85,11,22.937656984995616,1.3690387243251447,5.931356299715477,1.0092175547808777,3.8923024604221785
85,12,15.337167324659063,0.3592871719782297,5.364890393378598,0.552473391205913,2.4382069771858355
85,13,30.79584679373461,3.581406859149156,6.1759592319205545,1.0102218290911544,4.060365651005995
85,14,41.55251784783614,10.756881803024479,5.15922524685131,1.3270041239778916,4.9117910829283336
85,15,47.47627501748,9.069864650430134,5.540633324489496,1.3522084392870868,5.327298001268874
85,16,31.157900598066917,2.3393415512175277,5.393317243545707,1.3127841135443497,5.053527411082138
85,17,32.191134048248855,3.5347925527697344,6.132191980051434,1.1147675906089969,4.463141858532532
85,18,29.765681923344154,1.238297820202455,6.145908082450431,1.035934267411716,4.1035874834021975
85,19,25.8244333920135,1.070215207809634,6.135850889240756,0.9892217488794159,3.913471910327834
85,20,34.75588395960753,1.6389550642798891,6.003544425008366,1.31161749958126,5.027381021572348
85,21,36.95673750244599,4.310880583012127,5.844905022688781,1.1554666290799478,4.277393941315207
85,22,31.283488986396467,2.123954459479193,6.529441913725771,1.0133383868160006,4.042966701852207
85,23,33.03203722343154,0.7409040343543668,6.15238399430249,1.1178085577390693,4.260723264041348
85,24,33.29106387104677,0.6968179270887528,6.130881136500825,1.1670385447454894,4.285144720474738
85,25,49.241778822991456,4.4044975922967495,5.465637929430077,1.3243908105868947,4.793807664938827
85,26,47.00547205328414,2.4809830984294776,6.408363709811697,1.114267258156394,4.234630113235787
85,27,41.29295070812206,1.5870162310777287,6.551874843310835,1.053488140262277,4.078983251903091
85,28,40.59400054838215,3.894090716202337,6.165632372928121,0.9652017032696634,3.8731753311792776
85,29,40.811711675765395,2.4072214887987355,6.427144045186033,1.0600785154634966,3.9070984348713598
85,30,43.037748775081674,4.001466021485674,6.31080667489824,1.0087632643071283,3.956305554341428
85,31,50.552473990118685,2.4520303035093844,5.799730692654217,0.9484284268715566,3.8082109310703887
86,0,28.935032642308137,4.431840635030442,6.2279954782139875,1.0494890237686016,3.7353823200798466
86,1,37.64591953836732,0.6086520241834035,4.7090733008775825,1.0575671556879822,3.650797408951206
86,2,29.280810840337608,0.3457797615257732,4.707157910089446,1.5148060721272492,5.287997330122005
86,3,25.52444143214792,0.725041930352437,5.062761561057767,0.9543841231593806,3.4552151119966807
86,4,19.023120365686246,0.39681014885935867,5.174472806155629,1.1159390999569894,4.027696975586
86,5,26.44561897269187,1.6499095085806028,4.941752456045959,1.391288150734919,4.68843543984479
86,6,18.75020981773853,1.501994673051847,4.995370675696337,1.029825477937731,3.7478001740908375
86,7,15.274980588107193,0.8066105518759463,5.217279776329686,0.9410414790229851,3.4268226393656436
86,8,24.143193427743405,1.7121143185880445,6.15830344900096,1.074601215408845,4.03199757394277
86,9,21.309472156198552,0.9756782326089526,6.188724404997602,1.0091566903469715,3.826482294277679
86,10,26.323409326096844,3.4147377993664163,5.62675876455085,1.3232967909928508,5.324868723619805
86,11,16.129216820463682,0.5177701625030185,5.819508758356184,0.9831547093514157,3.816930364838989
86,12,13.468064446582503,0.42099508864361795,5.429056165031575,0.5854076329368061,2.5451523767577178
86,13,41.75994577651028,9.87717112424691,6.015172667737044,1.1468808554577299,4.606895676918074
86,14,42.83709257994029,10.43102843797001,5.5426101804970305,1.4360045959820784,5.571519131334492
86,15,55.94544194895527,15.280655364418228,5.241853595592934,1.3472366784084695,5.24765212726476
86,16,46.05122439990136,11.165569669018177,5.104458758909033,1.24303016879034,4.706426733352645
86,17,36.29357986454562,6.3567974973522166,5.717835127919232,1.1792027621481918,4.547713027434069
86,18,39.755400952303205,7.154297091912085,5.687265666523095,1.0299333109308524,4.10685163975187
86,19,30.959175492376467,2.085076494715205,5.617566951886946,1.1246607188955364,4.211004522637332
86,20,34.85092997515676,3.223006549698175,5.823121443976888,1.1599470535121128,4.441336383142858
86,21,28.769957685270377,0.8198253301587947,5.323744734675137,1.246484486757928,4.440012489227085
86,22,38.85763852521714,3.31472880425152,5.782113106711165,1.1700699130287475,4.501121905411687
86,23,42.458354571510185,1.3245765836213017,5.779231896646227,1.1230114388377874,4.080409089223229
86,24,30.08324732852566,1.0559816478056065,5.74370041043076,1.2084700024142476,4.3943187654077835
86,25,35.88811286818446,0.7976061297795722,5.015612568772811,1.3874367635371119,4.873180866829953
86,26,28.34789684109157,0.19271157824773974,5.908880314677128,1.1265668102728785,4.288991005712697
86,27,30.964174972846838,0.8913284296914592,5.89306472996094,1.1231336181808826,4.211126716972259
86,28,40.33569097636823,2.072380481332762,5.570115488631254,0.9607624168865927,3.7800972500593133
86,29,28.84879690247703,0.014498783182868983,5.97838611487381,1.0151704056621744,3.6690769618740395
86,30,31.327678667251252,1.6707770354238314,5.6658526012333414,1.0453424261645416,3.948766225845052
86,31,33.25602728917769,0.7375835570784419,4.607906555461248,0.8605994690027039,3.235117364702726
87,0,26.646865901938554,4.353530920597436,6.537153631914242,0.9454622421467622,3.474883138786649
87,1,44.769084016267314,1.8364608686990787,5.506169700050303,0.9825481598118415,3.5671192804874576
87,2,46.71026903167841,4.78188879401193,5.064012391093144,1.3913205997283393,4.908915698571548
87,3,33.31443893791425,0.7686332729430716,5.6015282141666445,0.9891115798514436,3.7541600001114026
87,4,30.22412399619621,3.6163377725251062,5.532738901152088,1.1283155043987083,4.357600803705877
87,5,35.49642471581346,4.579313312127293,5.245236592273578,1.382311888983498,5.25543589695711
87,6,48.29074125898137,9.431484028127873,5.621330669182454,1.061885175431641,4.141209815888187
87,7,59.97187880559704,16.78368126589799,5.598859089578232,1.2011422678096242,4.61864150099155
87,8,59.50345857126942,13.616741123746682,6.103150974808969,1.2548598324592062,5.095319724726851
87,9,50.215713790092366,10.999192242044874,5.810480481517519,1.2505803085249827,5.046783362891135
87,10,65.37483088428758,16.755736745408367,5.736305282787381,1.3237690966775535,5.510009759804723
87,11,77.92864376956169,37.35595439754734,6.022156024075127,1.2305406578380396,4.918602437603376
87,12,43.69522345169963,15.119859032714594,5.65658838175249,0.9158700543134888,3.71779091425348
87,13,122.62091134518404,60.12055684266922,5.708972950773397,1.262716248851829,4.963826046341526
87,14,114.66991365349124,57.06496915137777,5.699578098744385,1.4352862605571763,5.620518058042435
87,15,103.64671406443958,33.744839947775326,5.510813921239179,1.440639310047045,5.872248335067658
87,16,74.4756236129771,17.376528690729902,5.405813683874339,1.3487183397071307,5.13660650297915
87,17,51.51251261550884,6.785008987992947,6.0146608350870965,1.1679854824818516,4.561621098335463
87,18,50.594951799263434,5.908624993896801,6.177714001106734,1.037019590743986,4.101916496880474
87,19,57.638278076296956,8.28873681528091,6.000310232662885,1.1005786288242572,4.176058364897203
87,20,46.484170622729906,4.068480999675283,5.859842420197946,1.3736492699826224,5.157184984536821
87,21,40.920224845586866,3.9490511581704943,5.331305978082419,1.3908205053748635,4.966378457734276
87,22,42.03537239287437,2.8727572647624906,5.843045096180631,1.2031984202431758,4.593463530969623
87,23,38.61370597231388,1.2137526504379204,5.679467421933128,1.1613913978341879,4.232385994292788
87,24,28.943164194936244,1.2849918516331276,5.77114466360198,1.2787338970614748,4.7469396628774785
87,25,37.7691857543871,0.7053795334161626,4.729258941601829,1.320535880295032,4.499625946686293
87,26,42.74564861480192,1.145116056239888,5.4166618836317575,1.1773889523014516,4.2311224168912105
87,27,48.77566997525047,2.9400907291342504,5.409715948207578,1.300381554089813,4.808807982172681
87,28,49.99053277787536,4.005648156365381,5.01926597581487,0.9957017229591729,3.8195178532008
87,29,57.82457165786067,2.787106534347354,5.003459951553989,1.0580877655919458,3.768352575997932
87,30,60.70892466612732,11.585959652567425,4.724515860388363,1.2212484795442604,4.266578612501932
87,31,52.63035712183904,1.500850723271414,4.108199517931457,1.0944893878512598,3.7152007972729666
88,0,20.362136784463104,1.814782395491571,6.111391451823339,1.0875803426423643,3.5626100368716007
88,1,22.895812831302198,0.1574751257782935,5.047047213070769,1.0462219032506033,3.7300024153323488
88,2,22.745662654882207,0.33503354448815403,4.780972714519384,1.38583562538716,4.878728892758389
88,3,31.60761303782905,1.0472148311837601,5.777362953066973,0.8284383950963115,3.3047973468303518
88,4,24.007430194826032,0.8422137978584682,5.4609548014733065,0.9575801214979549,3.6687561186185618
88,5,30.842497117754,3.354169684996971,5.040153421476685,1.3757377965758302,4.96629024202576
88,6,44.072581647350205,8.20188598587437,4.929644887792722,1.1532110487388332,4.08975269151208
88,7,47.264388382031605,11.56439029561946,5.267668565869974,1.0067841533750483,3.717965698280728
88,8,64.96499730793047,16.063659341333228,5.830438618901049,1.253415032533992,4.772452604541351
88,9,61.697425741876074,17.929057184417545,6.167035723441149,1.070754320037019,4.262272531792986
88,10,60.96731881104923,13.178792366442607,5.6717796775989395,1.3670515954289737,5.497466031275722
88,11,73.059217516237,29.038050984577325,5.916228800822545,1.1377031598716147,4.462014108173475
88,12,43.32781509549924,14.380876431268812,5.575762988937845,0.6216422855141586,2.6099783688754346
88,13,91.38885530110713,34.88777141770235,6.0325518747564555,1.1211544263216124,4.409375997150656
88,14,94.63899774495383,37.29617605301759,5.064157435988929,1.3715833971857725,5.19116690258788
88,15,100.20952724289401,33.172362186592544,5.083782560964833,1.5357373547720163,6.28519083002756
88,16,54.414022311384045,6.227024593680026,5.015898952520972,1.6210035409496282,6.27430283639154
88,17,43.018642866956355,4.397775828230771,5.979670558569872,1.2587405812768155,4.948450063982338
88,18,44.484821233191745,4.024372707307311,6.15277613163725,1.149605594587368,4.544489976513671
88,19,50.8899330665317,5.203456664069691,6.4470016569783795,1.0325886279285754,4.188195107885981
88,20,61.092464230513016,9.88351747520187,6.174601456593738,1.2518098101355104,4.964404380324961
88,21,52.42952306761126,5.315651067104824,5.638423059366303,1.4248018948059942,5.513322867572322
88,22,46.424326430633194,2.7402692273928078,6.472780230903067,1.1237204595763481,4.413032844307873
88,23,46.867881117866276,1.693091139992729,5.794869136899841,1.2505278144953778,4.787747626017558
88,24,58.74350763196587,5.12206819742334,5.897665255431367,1.294738767079492,4.801697514838968
88,25,51.29220895503476,3.121767107029106,5.208771424565766,1.5073125782968138,5.460294165264459
88,26,65.71802070907452,6.536021124431305,6.060025362371843,1.2284801995605354,4.729558905272639
88,27,62.72678850449304,4.827056647883074,6.352120786870351,1.1472979341612444,4.410988410923519
88,28,57.98071488533209,5.197475599794163,5.990102023801759,1.1192088998057201,4.4622099793401535
88,29,57.26405378209017,4.265509835312701,6.485915152046081,0.9652203324061555,3.7576445101276437
88,30,69.97495875911747,11.61907206610758,6.029647013823324,1.1610678294907384,4.637023541380255
88,31,63.672110874648865,6.670836212828914,5.738487542041198,1.1318938057188968,4.416599368666363
89,0,22.856076347922276,5.2399313366041245,6.500048929684837,0.9971790403026626,3.558156845380322
89,1,39.09099634056223,1.4336332128323197,5.2942273549725405,1.1429480931184033,4.190467459418833
89,2,38.00368511263471,0.633651128190016,5.112857784399795,1.3051832123860923,4.827001104356133
89,3,30.14569925578273,0.8606650364777535,5.782183893820067,0.8485476487568384,3.360072187982866
89,4,43.43741656780679,4.784703800949408,5.717557962571686,1.0403860019479767,3.785617145590962
89,5,39.42569232833857,4.612453518740161,5.679131157588854,1.1871037527390573,4.351794738765032
89,6,39.80528426785716,5.919384511160668,5.558260820368903,0.9230946742393069,3.4415710763156415
89,7,30.605962039158307,4.1369098661892325,5.618152911128611,0.9101023364529119,3.4691071553272463
89,8,49.058062741631836,8.247447699753062,6.264661678951947,1.0916773441481507,4.176489017160815
89,9,59.16306035770417,16.033184551557213,6.492821411588796,1.0696718021226586,4.079900504961921
89,10,53.15556634851016,8.773863775656084,5.93199254151647,1.2287402776770522,4.968613931530121
89,11,34.704707624338425,6.329462736131466,6.036929069492297,1.1206053754949066,4.345265727398333
89,12,16.365419306456527,1.296546960197722,5.5092228907519605,0.6679507948694212,2.7289751354991925
89,13,30.915981022961564,3.873246854233044,6.305487186022358,1.0386825257012067,4.211756781329634
89,14,42.05212258088952,3.8729411336258392,5.5715930546503,1.2488578449498267,4.7797532182905575
89,15,45.140917830262765,4.390027181571669,5.756417677336428,1.2196567189147967,4.86150556443622
89,16,34.73875563410924,3.4065016076290107,5.690016860036445,1.321830001371663,4.920648208166723
89,17,30.942103434607976,3.548679676251302,6.160502308727532,1.2012130004983597,4.6626720772861665
89,18,29.179652530815503,0.8302680120047767,6.2674550927261965,1.0408455007531359,4.038829533266037
89,19,29.81022446615497,0.6438390221160418,6.540159337625795,0.9448211350615949,3.842693343175096
89,20,35.09543355098535,0.7864854313191108,6.436017943219504,1.0245036691685758,4.023681627009841
89,21,51.44066634360659,3.1496829776233195,5.973936250263971,1.1687310680195893,4.380960011980999
89,22,25.073126527033885,0.4891057724847924,6.718973886768005,0.93918497297717,3.6758778281758624
89,23,27.436764819226116,0.3430781082052956,6.165231645123503,1.1173568735863846,4.278057932269691
89,24,21.420257897957207,0.14404120217016209,6.137989771896123,1.2030179765722497,4.468324918910849
89,25,40.77953587320019,1.3284148467335135,5.621530593148901,1.2332919519809602,4.487198658090336
89,26,26.237594283927145,0.19675717758767086,6.165436751439186,1.0444635599599117,4.03976532068787
89,27,30.040177069311458,0.8166229998442686,6.55776783188172,0.9845758466892347,3.7977170022787865
89,28,37.79768691768437,1.2079402700398807,5.78280424680394,0.871824765537939,3.497872805831498
89,29,52.22791445309741,0.5047575547868697,6.010490541547705,0.9620661908247783,3.6062903942078557
89,30,25.03084336083194,1.211039403347433,6.146638800734073,0.9994917054953385,3.9813039508398678
89,31,35.64184946561464,0.9413031291509931,5.189157450119172,1.0077929820868823,3.8146639407245146
90,0,13.719204416732882,1.1356069936782398,6.274592389786921,1.040423701450977,3.7284081143906582
90,1,18.956405582454558,0.2695550460985139,4.68103429190501,1.0879856150746656,3.833540563909998
90,2,33.935067718022744,0.6064499106574013,4.997509908073851,1.3858862243312187,5.030823533607133
90,3,17.617015996317235,0.4758836575344574,5.016296566657136,0.9068215198859733,3.410410205926305
90,4,20.134991366627794,0.8465549022412131,5.44497579172001,1.0393389431614644,3.8180121232349764
90,5,26.401011810503626,1.0369844102249615,5.583384971148668,1.1898351779565495,4.265693973735453
90,6,17.45677889377531,0.22660989846377044,5.18023427290317,1.0704668980103502,3.87123477186243
90,7,13.044574573823322,0.021667745993217212,5.307211208541949,0.9650684259830875,3.6442965165306958
90,8,29.980299305022058,3.1334950055747304,5.669893857586338,1.2606072490178182,4.51786297344616
90,9,29.2086452013485,1.8514277658768865,6.111742318804657,1.323368565080969,5.1108609738414925
90,10,38.05684860514934,2.7717194398682787,5.7317810401847495,1.4001964584571382,5.565627466612457
90,11,20.359603687150674,2.8621086942487857,5.862322947075441,1.245626919503307,4.824383527569235
90,12,11.705364475536635,0.10442470132486258,5.3194008408840165,0.6221231497348789,2.6289530078052716
90,13,38.55978575030879,4.600867011318833,6.170674935177779,1.1109243286196548,4.5002215404230395
90,14,43.89291115813484,5.534224895998798,5.389465481311879,1.393986495514742,5.248848367019949
90,15,43.18873852847561,2.860301221093339,5.563538704884005,1.3972031274757786,5.511649238188911
90,16,34.71392837624606,4.87708447537733,5.074072582546374,1.449471563450194,5.396990373765911
90,17,26.1880436838367,2.0310778486181187,5.947909607909869,1.1961521149175454,4.670374386265325
90,18,34.58461380213575,3.9096543404822093,6.009170086078081,1.0708170896090978,4.171766842856014
90,19,29.11603039202818,1.0673124509288743,6.215051751505985,1.0702903481934776,4.206257968884283
90,20,25.899758003657155,1.2102750143527659,5.939145033076367,1.1836532012312642,4.417407283759956
90,21,39.54592466383905,2.7442689444340713,5.959231071683897,1.0721499511741364,4.13094947955092
90,22,23.430742270882458,0.6505736191939948,6.440284318132902,1.022856578723217,3.979472820688545
90,23,30.414110755068585,0.4396891006239469,6.338642464022151,1.002454786350362,3.838766214049282
90,24,21.562244826003862,0.12343720399268325,6.130345587816214,1.115923080213408,4.142553582276702
90,25,37.30942535658004,1.7012875135027716,5.355759414433054,1.2532598727100686,4.4946218804064415
90,26,39.00419703847109,1.3151439833601102,6.039077771454159,1.1193932949207923,4.1969688687253575
90,27,31.016706174145042,1.0575597374975403,6.296624322935834,1.0483429231032506,4.064107128096179
90,28,41.52163424780686,2.6841502459423445,5.600269464385175,0.892310226685904,3.618343504792359
90,29,39.968802591445,0.417675767700708,5.773116075351829,0.9629881183747324,3.6023786840269514
90,30,29.531429891071255,1.1436146282426634,6.093765699109164,1.0175331629478235,3.989874364758748
90,31,29.914292824638675,0.7401515253986466,5.528194415586132,0.9613529469512923,3.697585393493883
91,0,20.211763021715182,1.6624102298475436,6.230702821819788,1.0593920509935986,3.7379371286912804
91,1,24.896916155792425,1.0786048298870843,5.07495360890636,0.9755146923942544,3.5492717079789053
91,2,28.464389234351287,0.4484801726770242,4.795993416817478,1.445586676159925,5.117242618594831
91,3,16.694783296638178,0.20806724188689796,4.866372542774341,0.8968316014947391,3.3110417138988666
91,4,16.897539470638836,0.25099209755986374,5.386618498378802,0.9989378058809919,3.6234947824476267
91,5,25.55256892247375,1.2210597160790098,5.19831885343997,1.2503458742372198,4.3095910154632735
91,6,22.489314473431,0.7767280319797467,5.034679063921425,1.0700989960950862,3.7722588321262647
91,7,22.98580530405821,1.1105251092753905,5.1777975036124975,0.9446988385880566,3.4341511408983307
91,8,30.790014852498167,1.8861481138191187,5.696349753749785,1.185857875883027,4.326784210241111
91,9,28.583957154535096,1.7354988669186993,6.173504320148689,1.2235781855025092,4.7448410607767295
91,10,31.13244268196534,1.292931752700305,5.404979327219401,1.2755412708862668,4.971510967902909
91,11,24.499916073026696,2.3803423969527353,5.76125495781718,1.166661901194387,4.4750928311342815
91,12,14.343748897821882,0.8895887991318594,5.268933088308463,0.6565364116977728,2.6989470944584744
91,13,56.009051508585245,14.627521887460404,5.868464439997444,1.0137814185079987,4.061020629902117
91,14,45.7384613033297,4.248314780176326,5.222675722156637,1.2740648488436204,4.764603976367038
91,15,38.217827224089184,2.2172401481225177,5.420913094787547,1.3386352553721972,5.188531361394406
91,16,29.52302325112752,1.9342587519191727,5.024882539294115,1.3789415513792065,4.94817884626438
91,17,27.00728240049161,1.4704107548898193,5.727513043221627,1.2574681338339868,4.80362950066073
91,18,27.976903294462026,0.40656882818893436,6.093462936150273,0.9573010133855586,3.735820362092343
91,19,24.385756400675053,0.48428600502336183,6.06763184626764,1.1338956331938315,4.308030726413287
91,20,30.90251290230652,1.0396504182645998,5.560371208643339,1.2970033223059367,4.827715844598109
91,21,34.599806601783406,1.0942158681045402,5.636313184037151,1.164168448296616,4.2779512033148945
91,22,24.18350717699914,1.3977375015420117,5.742365215969704,1.1931540991138938,4.512194209217501
91,23,24.558676895920485,0.32720549640392765,5.829992198387046,1.1274914916653627,4.201456144842989
91,24,24.06927671316177,0.19714678979878733,5.583069152524649,1.2621185799860593,4.539033450463994
91,25,27.488786460395495,0.997428576104769,5.067492474075339,1.3385223163294953,4.811399571038695
91,26,31.662985008958398,1.1912531687538461,5.5008973337339775,1.187700562496559,4.396529101343885
91,27,22.681466394934372,0.4408887228659101,5.453017662894782,1.2666731584714812,4.436573487828371
91,28,32.850352905976486,0.6286813568252685,5.400644012824404,1.0016471738935193,3.8986198008864443
91,29,35.76400535988829,0.5798350483999747,5.743639342104778,0.9308393648672784,3.458573637859674
91,30,31.57996860415848,1.639105288709543,5.621855860501498,1.0767492269593593,4.04022739292338
91,31,28.193277750831967,0.7313570901906219,5.091638843112644,0.9939431087850084,3.700138391532233
92,0,26.922545220009678,3.803630678947954,6.5433655522678755,0.9633132382370997,3.4974599016151324
92,1,34.30961168848346,1.1604610463135638,5.441055941177032,1.0437978681721525,3.7800925743527216
92,2,41.971356171867015,1.8987796380947939,4.745019759318755,1.5020124013202043,5.136255055855252
92,3,26.6474645068738,0.4845609460596805,5.492657485431677,0.8343323574741879,3.17594913387873
92,4,28.369245135367173,1.5450799021258046,5.667746424150677,1.0159713266644923,3.7434115789897175
92,5,25.53753579877899,1.624576382841946,5.0802051843949485,1.455689479094664,5.030420264992896
92,6,30.064875374616346,2.5559397055734396,5.366258164629532,1.2777117575673698,4.717172364881704
92,7,24.646238534802162,2.3839898195686415,5.413561063450017,1.1001986496588243,4.031117354409786
92,8,41.465048446569284,3.7281765428871276,6.113345051315755,1.238869548638693,4.683107317939795
92,9,39.63542265106853,5.986991552477105,5.968636411893675,1.236850050629715,4.812402173630756
92,10,52.44470293154543,9.585976865668778,5.584478233966146,1.4453933914634742,5.826346419913337
92,11,34.5443461177404,3.816621224018044,5.6302892619839175,1.238800220505289,4.922443570521478
92,12,25.484356655521488,5.759863288730964,5.523767966250657,0.8022207203783616,3.2615599723598603
92,13,93.95097388074805,33.558752077657886,6.122443797613286,1.1665836020563933,4.702651628126702
92,14,107.25423773579084,40.91463154231068,5.274802043019164,1.4405518340426786,5.409884775237249
92,15,80.3449345260553,13.354159573901374,5.770722443551377,1.4143220220241668,5.850935321048928
92,16,39.83792874770222,2.66169148481545,5.752285868059337,1.2585915370301848,4.70400485097607
92,17,43.077846659608575,4.080099934361691,6.012435183028574,1.142880723923403,4.33333995430391
92,18,45.929983032537706,3.1576482838059783,5.758883403420109,1.0647689124007087,4.1102962740108095
92,19,36.68694044499685,2.8988028066731606,5.626226602775855,1.2129106244316716,4.473581289421733
92,20,45.91392825475015,4.623222258396837,5.457152968865363,1.3307620916317289,4.858757139563654
92,21,36.24730755328236,1.7642252561011331,5.181340107004995,1.3317444110844852,4.780238243365605
92,22,33.998570096212916,2.5311959613926196,5.66697243097118,1.0461262326981382,3.912315493524512
92,23,35.12717279139731,0.8841963241018107,5.681693449797314,1.0195274774418506,3.843569085168093
92,24,28.025282057857787,0.6564334355724137,5.335503228737082,1.2444814864230525,4.4059645523973545
92,25,39.58740169676564,0.4428482891916371,4.724238564767505,1.2756137511971284,4.347078952688513
92,26,53.161176400646056,5.492723827319818,5.336636240566529,1.2584913593078015,4.426203116108408
92,27,51.93117106426355,2.9975348968296385,5.300404203980802,1.2692365646382502,4.328697215428024
92,28,59.07196874227766,4.756479024239556,5.475056079019393,0.925223782548148,3.62082945877766
92,29,57.61308382435956,1.5343989610988304,5.386409028126318,0.9737394607418652,3.5802056598584957
92,30,73.26032551618049,9.521150533043146,5.881930663470986,0.9999907515030921,3.857110500375192
92,31,57.01061407892064,2.529470683584658,5.280537722643942,0.9006010192827736,3.5098077255642597
93,0,17.87227776670791,1.349046239174872,6.372113149611755,0.9608479914099579,3.3080808597999196
93,1,45.47667823011095,1.7134856977788688,5.5000985636223465,0.89928100639621,3.3549653002827338
93,2,27.75638748554343,0.2694951926532817,5.380467309391095,1.26025575019408,4.507505861540639
93,3,29.517628622803954,0.4401178210977927,5.814688512088163,0.8996694980687865,3.512735091994474
93,4,27.64458151379008,0.802475716915964,5.613527891587443,1.1673889952332122,4.339592394397287
93,5,27.451696318408217,4.682379654367619,5.323813604123952,1.4469410143297186,5.150666664138484
93,6,62.064123230443215,12.810949176512736,5.868967608827896,1.0238257841443117,4.267968505886708
93,7,58.16618144573043,16.225655750818156,5.000986389514909,1.143592220530091,4.187119491743346
93,8,79.26931581410913,17.66699313220264,5.149742973417137,0.9638245744230476,3.7571758739491474
93,9,97.74505532839838,22.71711493083126,4.992958311497702,1.0189267122369259,3.9639738716503032
93,10,87.83165231710751,20.06928191085616,4.7753841424330545,0.986032079517714,3.883778699407775
93,11,67.73020967969656,8.598933483826261,5.012895698087652,0.8926316698308554,3.4481893098864806
93,12,44.354505918545975,11.597361854766282,4.556415939995457,0.6269627769695099,2.6255378352605163
93,13,85.27971063339143,13.003998059506724,5.058619212382236,0.9108881505988862,3.5837293145666957
93,14,61.25542780438793,5.513403750774056,5.591150569907019,1.1236268036923072,4.404141216206876
93,15,56.27645150277132,2.6168284000699513,5.857041580512135,1.231778449965688,5.020887867423424
93,16,78.95474252309367,10.008733991366993,5.80500358691145,1.2959051555286365,5.1243767044478155
93,17,74.05922660204098,9.002654212963838,6.1061939634930305,1.061194348893192,4.19432364538509
93,18,59.383533545774895,3.0627033535032555,6.515042511994847,0.8115009082064928,3.4448772922781687
93,19,90.45569074060131,7.822971645305376,6.318878020468018,0.8898036867797696,3.630091650961119
93,20,80.80451471643812,6.553615821448814,6.640253683668957,0.9667613625963813,4.089262813150547
93,21,76.49559908953788,4.886404614497017,5.492837137308543,1.4058722205955174,5.406260714245935
93,22,55.192768829687594,2.1619485541421044,6.624918265908871,1.0544738395538706,4.327897628194544
93,23,51.10207429359379,1.1347414597282206,6.280015021700293,1.1708587905763634,4.486307723609992
93,24,44.45685305230556,0.49401257484093786,6.111406127259699,1.1578031587409798,4.424158089410765
93,25,40.868249190247965,0.4205159916399457,5.130724705987427,1.3984994234084054,4.944431123534998
93,26,56.18177393993086,2.228100485019196,5.934988133654769,1.1444949936951385,4.373211891086273
93,27,51.0838177279294,1.927040423995162,6.023106688154942,1.1694371843199098,4.363180922779802
93,28,48.20343991598059,2.753108277192524,4.661093103761351,1.0983303632549388,4.133905631630716
93,29,62.01194735032707,2.8518892438115166,3.432866856596788,0.9887817329546555,3.1473997728570575
93,30,62.978666093093295,6.22089467387877,5.152589812948703,1.2640364312729933,4.589295507165409
93,31,53.42816384090778,1.1569676178544148,3.859222516989095,1.0692017028964074,3.6526201063787287
94,0,18.694231473744164,2.939551235692854,6.134710226749167,1.0712970360093106,3.5754177595338095
94,1,23.142365962780406,0.5061701489663952,4.854048408511622,1.0851213770870194,3.8179680790790367
94,2,15.30228674049507,0.1102856881097928,4.817289715415956,1.4286449440455407,5.108001147428845
94,3,23.642107622851988,0.6542802501608085,5.254682274626413,0.8452867775510864,3.2698573716595543
94,4,27.04020205173303,0.6361318108237359,5.5863381031144455,0.9843334256013803,3.6340511176483554
94,5,37.146954234651695,5.432414718280969,5.108887841122406,1.360090331595436,4.699940210567527
94,6,63.175320681059986,8.294938818865777,5.514416371196119,1.081300936935338,4.0363998230191145
94,7,72.1076333560392,18.03270101560775,5.150076877118996,1.069383860369559,3.851262379017301
94,8,67.63653538808416,11.363851389810263,5.814894261749618,1.1950121285700739,4.535252616017039
94,9,95.79640787008475,19.89095748551096,6.096469952343108,1.1594312515803384,4.6097019472777685
94,10,81.63555215629268,15.764841885882182,5.648398117491157,1.2731521583165168,5.007749437156734
94,11,81.43499038237823,10.727608276489532,5.874370565025984,1.1165058102126242,4.3790847429905675
94,12,56.7981871177192,15.132376746758993,5.594094216049097,0.643263136667934,2.708724903977729
94,13,97.59087495963101,13.76015184178338,5.983114607906868,1.0857607924393875,4.396365611145947
94,14,121.64244758269037,35.045208595647686,4.989908177047727,1.227471761601036,4.5542706253210055
94,15,94.88142286264106,10.389731426138344,5.161901415144063,1.3684100893839375,5.310684784255641
94,16,77.86063862673979,12.146703823744215,5.002734309200168,1.3376445951208726,4.998168154575948
94,17,87.10414318778558,12.34200834191619,5.724401775700921,1.1640753676465998,4.406506507978019
94,18,69.24361107550419,4.373510696496615,5.86264885028629,0.9429964198477139,3.7395879184679703
94,19,73.34926676615709,6.087889574989374,5.966535063240483,1.1445734315126543,4.397943098530244
94,20,66.25522461682783,3.990431887870977,5.42943096080017,1.3364939779270983,4.973439677984602
94,21,62.18776729630707,2.9036602439077326,5.436053257221545,1.2338429961013109,4.6087558612597155
94,22,56.746500099017375,2.846510275907056,5.897769957439209,1.078329518796263,4.2124711229038745
94,23,48.99909451508126,1.5851844497373855,5.816744366195826,1.0855974423178711,4.174582479287221
94,24,47.9333677632366,1.2359173633696012,5.539476008170562,1.2861037539801483,4.79627822475594
94,25,48.347435747201715,1.0712279301411294,5.107047344167796,1.4322395222974311,5.351209442528602
94,26,47.59525109911408,2.8003067547037586,5.330006786952962,1.23780619429626,4.496378205214356
94,27,41.10697523603753,2.137119200761143,5.372679835531186,1.2451902484123751,4.445556321173216
94,28,55.67778379904124,5.233486068115061,5.438780743049712,1.0255739821697336,4.119541386594276
94,29,79.89544623031887,5.128347298400039,5.872907019146179,0.9475790724853628,3.65614180339842
94,30,79.00181836306142,14.387884174143629,5.437649451304292,1.1879393152213158,4.436864951035693
94,31,46.70941830879855,2.2753278391035265,5.451187046015452,0.9705001340362713,3.9021063693168307
95,0,28.9853482164444,10.91176456206215,6.682835902500826,0.9875142423448198,3.45416746435729
95,1,30.08659677665627,0.9841437476902686,5.268641237755123,1.1172962526814434,4.090978940383617
95,2,21.72615570837682,0.473408231318554,4.575444503190868,1.5237975395192311,5.2351600376596705
95,3,29.735380314690865,0.9951168806488834,5.371563089072683,0.8150560969133602,3.171491439020798
95,4,24.152767633181615,0.8264393314745644,5.336381981581921,1.0119424537602537,3.712651299296856
95,5,22.426602655446263,1.157839041666982,5.065163669711039,1.394443084686336,4.9009675719739665
95,6,17.807752031286192,0.4214643522300676,5.267518023341683,1.1704951208595196,4.239368427472002
95,7,21.18709444686657,1.4576955911907243,4.919166935098595,1.081028882868889,3.8895273066084206
95,8,33.64468777038407,4.249266418095572,5.5213184476662285,1.3194964681606054,4.930325402882267
95,9,33.40515627954074,2.1489479299075587,6.160888801372721,1.2906377247531946,5.174221311776378
95,10,32.60200747355296,2.658873627335234,5.619734444366047,1.4569866825611166,5.9175130940922624
95,11,35.25548835497863,8.554864777170314,5.8604524720962985,1.3497400649888496,5.366217885048003
95,12,17.304738076133933,1.5445307354615654,5.460412354750606,0.6953289701091885,2.843776869069328
95,13,61.86978506339881,14.57377949063825,6.116708628056871,1.245542649303827,5.072562129659043
95,14,69.55373022357006,16.352949253485207,5.502393740418118,1.327039922518158,5.037858018676312
95,15,62.478518418045454,7.296251187148117,5.334616413472233,1.4934349501099042,6.184517783510674
95,16,44.83003144310859,7.289974491505447,5.011676281931173,1.6963191549651215,6.631327449623768
95,17,65.64220995027884,16.470473337337598,5.752352569932734,1.485126726954162,5.904558555864251
95,18,71.76063610669733,14.150421610109897,6.332504668511044,1.1554042394196342,4.465956347018004
95,19,47.05315664354811,2.6198770375793243,6.381816007556582,1.1562712418925818,4.659145840099425
95,20,54.53444622993002,5.820926740548383,5.790014683444179,1.4352445976951067,5.380969591810853
95,21,52.27489561986635,4.8957845688680015,5.711544719386426,1.5260422326352936,5.942219200091416
95,22,53.132164939153455,5.063596701119313,6.280001852122256,1.1405082111660896,4.436938854450653
95,23,40.30308815366089,2.499534877069421,5.965958326806561,1.2270846205821684,4.680531484470763
95,24,44.607722857974835,2.8489689460208867,5.658516436524163,1.4005627407737045,5.211987385406539
95,25,50.30889275655079,2.2276387454440685,5.102515090964172,1.557445810556633,5.631631822088605
95,26,55.957577918522276,6.95038469775644,5.724913551175434,1.3980875922081575,5.287274722943562
95,27,46.6318026509202,2.2840366923422972,6.196267979483542,1.2865312969028224,4.860716273603298
95,28,50.8429709733624,4.38988379942678,5.847275119561005,1.2435034619591514,5.186660366336893
95,29,61.41312002229911,2.7740709772827405,6.253240609842662,1.1736008336604282,4.389375950983471
95,30,57.51526329276732,12.968421344883756,5.891374967956915,1.3487767140933018,5.363814284782312
95,31,47.61382995048342,3.411092539575332,5.943209032932515,1.142302954789364,4.574595767885766
96,0,26.333855973929595,3.899863655722389,6.273155657406603,1.0448268301065111,3.704410802513716
96,1,31.327511597367376,0.45961639641043545,5.215036026502208,1.1803271914804938,4.298394779104285
96,2,29.35350170490741,1.2735147003900835,4.662133998304608,1.512727732901607,5.245734631637183
96,3,24.252799567264574,0.6792251805908992,4.803349455045318,0.8975996277516725,3.3454529520354206
96,4,22.956574102395393,0.9247573719869364,5.248340405339986,1.1284699276419685,4.029499037932343
96,5,26.322329529592906,2.7933000010195324,5.038568872166356,1.4215691097525296,4.827269324229195
96,6,26.088319871272457,1.6418692847451153,5.159234436285235,1.115418055499454,4.013040038318585
96,7,19.747008533592425,0.6223397849021886,4.86989691840737,1.2159412430943384,4.264737152152942
96,8,40.16095357106953,7.877244419089007,5.631850418282637,1.326365711722035,4.870773912187614
96,9,36.75441667300693,3.662861321169432,5.866767788480387,1.2700977873772503,5.032505025705587
96,10,35.80472679860267,3.04057478082865,5.517784928309926,1.4286623337484832,5.906634191804701
96,11,25.58216473748032,2.0241012724005585,5.894360733192824,1.2911299581952909,5.053718163865796
96,12,17.259819251936527,1.5304729973505822,5.520044812916579,0.6585211304419438,2.74695468536359
96,13,30.986203505419702,3.828733603220126,6.03951162224741,1.0853558498222897,4.400597659056405
96,14,42.99687538088311,6.439631231506758,5.078700693956957,1.2608859219284811,4.67157388723471
96,15,39.15053485959198,4.809161916394879,5.483170993684466,1.3363725105383697,5.315506959972907
96,16,36.56273305679939,3.0867905295555897,4.896678457777064,1.509248169703426,5.616546758033367
96,17,35.64898868642214,2.017038683445445,5.865876950811101,1.4017691982357157,5.478073869613928
96,18,28.434501693287334,1.7357305317883933,6.4318224607617225,1.0636135953010086,4.137279340949764
96,19,36.60947942372363,2.724722731307693,6.3705445476710825,1.0772308464747695,4.141183625818832
96,20,30.6529847445381,1.7069299421884447,6.165890741275753,1.2042410935556465,4.5826021636069525
96,21,41.65983045782739,1.2038710613769485,5.7603436397330245,1.2588642623280233,4.838177623736912
96,22,39.73323569846284,2.8361560265974735,6.127714744048063,1.0982162370652917,4.135098686154981
96,23,35.579262496282176,1.2076222729811352,6.036430504605172,1.1497037866614912,4.360596696971175
96,24,33.842316425675506,1.0970022395123742,5.600167644002859,1.371863314058749,4.903904137678026
96,25,46.31791842785551,1.2062875097462895,5.082881298296256,1.4200488719656157,5.007234047746802
96,26,37.947434108787625,1.760825301638814,6.109540767638325,1.189219483544397,4.426848991356026
96,27,34.65665327323807,1.109063062076622,6.397043210831924,1.1375547531511216,4.238825158267723
96,28,52.37497503776157,6.292328798876371,6.380799422635278,0.9958991296360429,4.1227432801688995
96,29,49.66621957415475,2.1736855881667614,6.142851313847364,1.1422165448811237,4.169419517871406
96,30,35.795165213234476,1.57217313110528,6.129505205088609,1.2140679756925525,4.7898285431846235
96,31,37.206255649475565,1.6153300639000254,5.950934478362801,0.9968923719791389,3.941126121793468
97,0,36.98148635904406,11.301127844728313,6.366632179961005,1.0456587113767712,3.7794040554473445
97,1,29.163106946111476,0.5167766263562896,5.306865698482045,1.087606359986009,3.9455154012870715
97,2,34.376181559959896,1.2691671432067664,4.808708249076991,1.5532619964820533,5.520963290257064
97,3,26.451424193466607,0.5548921669908545,5.3864584969583404,0.852567259285328,3.263566287452034
97,4,21.693237770649034,0.485126551780951,5.540221853443505,1.0159091514744318,3.7493314626510648
97,5,30.634563127002334,2.526594656908747,5.485260032359562,1.3009077727020344,4.536891757118153
97,6,33.59812598715361,2.5655328749673414,5.622067977653991,1.0142610431037076,3.849895378759648
97,7,27.446160678589017,2.7965705386101276,5.254494339962349,1.031650334693417,3.6629749301874415
97,8,53.97158660834698,10.80737718991376,6.209635335404233,1.1413124014451554,4.276948556753238
97,9,40.34381233854277,3.776212210847226,6.061389610518316,1.2454546144439753,4.83053401809486
97,10,74.53444124615902,19.578265446994383,5.710925777796711,1.3860729955175133,5.481359846162298
97,11,51.82158676076661,12.193420426835328,6.091176924028816,1.229377742003086,4.686211393845394
97,12,41.5466023625253,11.31972969798389,5.917287390493717,0.625360721711548,2.6872625545148634
97,13,63.74244075168126,19.629779591827365,5.959395486257959,0.9839816335428182,3.938975147632696
97,14,43.43177831348365,7.459881601928168,4.920721957080653,1.2053601477268048,4.373500894324311
97,15,69.82593298471359,13.925962598814765,5.46583283922471,1.2265691241111885,4.905981832124596
97,16,54.74865974376111,7.195585010006744,4.960985444658897,1.3144946594603368,4.728001270691764
97,17,60.50131174372661,4.042158159524751,5.854681668652306,1.308786203424356,4.867699094569129
97,18,78.20826249109298,9.576407253085161,6.223917483972221,1.0579623580789068,3.958831170083679
97,19,66.24745705843135,5.439218164111413,6.566729614655404,1.028075241080785,3.8952394897066402
97,20,55.783949922859705,4.683001363845522,6.154846522706308,1.1505105484797964,4.310428592993871
97,21,51.61805986812422,1.5624024798471112,5.586699228808499,1.205563315523369,4.414325799167143
97,22,70.06931625630456,4.727385663018832,5.494599240999149,1.1321902941790443,3.928245254933574
97,23,93.04920585533701,7.650391177302604,5.656528070875464,1.1834648614660441,4.064259849362754
97,24,57.7020478582586,2.0667365321837172,5.212825792252982,1.2457544552370123,4.048337136587474
97,25,62.996499313907734,1.330321814973997,4.7193948969619655,1.4068372747815756,4.679436578996387
97,26,66.49310343142507,2.4778954972751794,6.0142264791154485,1.1886273774663465,4.370379938347927
97,27,53.14703640691751,2.118489860550069,5.516088749038261,1.3694531854576768,4.773364536900925
97,28,54.853323906784546,2.954949996502555,5.894613325305642,0.9602246049909517,3.8322849736171567
97,29,70.38482913302543,1.6317885038479312,6.062978327675206,1.187318655540798,4.225254027837506
97,30,58.20821077398243,6.785950699629021,5.478456028586409,1.184510546670869,4.448299180678772
97,31,55.38726641342996,2.6044935307072006,5.299999423166547,1.0479636014605287,3.925622263150692
98,0,30.615705990454547,5.975899117352734,6.161919872970344,1.0400584761938187,3.6988012563195114
98,1,21.45382243870474,1.295362402411198,5.45963640210411,1.056535672721239,3.8768421468045564
98,2,23.289526535802093,0.9005883819341762,4.702303309232084,1.6143465253253586,5.735378572970405
98,3,21.071349536522714,1.0690986758004697,5.559172193986849,0.8959933718673136,3.437697912956653
98,4,27.443251494787635,5.669842784710459,5.462456513956257,1.1005465330431967,3.9444175463226028
98,5,30.37114217725552,3.3637389428713123,4.938840681321461,1.5781171029890446,5.338913291788792
98,6,30.22764934132443,4.940347076158925,5.429262894137376,1.261212640810803,4.6432115352054275
98,7,16.991655692800336,0.6518441657794997,5.093228107273433,1.198859849580666,4.119362788903834
98,8,33.18662623170248,1.6383863874920874,5.766766983319442,1.3630676630179286,5.056034783459039
98,9,24.15129864301374,2.1020910322378565,5.808484303255174,1.3041067726637596,4.980019926826264
98,10,41.471846099194096,7.280446362057225,5.095672919721968,1.5772409353672305,6.231993977880805
98,11,21.57383909645502,1.2280110887763118,5.830586043343583,1.257757322063819,4.688468723764501
98,12,21.455955072418355,2.7192442635889362,5.737739815996225,0.6282620847288749,2.660396997430619
98,13,38.61044750255186,3.1327894091529704,5.108837932246746,1.0625753952728845,4.038967878483595
98,14,36.6361093408147,1.4363746967555229,4.526234441384465,1.1479771514242758,4.088323896446771
98,15,44.713812529361846,3.740324169818282,5.149306622839752,1.3036724664699468,5.012862527914334
98,16,39.51935338462964,2.723714303214689,4.5878490460674675,1.284507501743387,4.412381586887548
98,17,45.152053520576544,1.3682962132679841,5.504003041430503,1.2553195993852846,4.613637019188472
98,18,59.46157571016802,4.770024473169135,6.34527097182432,0.9481339676608442,3.5876254239285696
98,19,39.64632859445622,1.2419697354305586,6.193365875639218,1.086626678275449,4.061454288895831
98,20,38.38633896379289,2.600563206519081,5.977251401198898,1.1037742656131044,4.122012302097489
98,21,44.31127453771627,0.809637942281883,5.507276639308422,1.188810289206363,4.367665003815324
98,22,47.69378138531485,2.7719410043666146,5.720777491420158,1.0918441497042544,3.973624245292784
98,23,61.632476057533836,2.6392394566839292,6.0421775758913725,0.9656180533979919,3.6879495369726594
98,24,48.59451965117971,0.8126924957684629,5.3044041529823005,1.2656188738890881,4.3520146605789485
98,25,51.40826088982807,1.1918638806795685,4.742226338517209,1.392668970868594,4.711541531027767
98,26,61.63501206533325,1.6554917014107517,5.668293041972049,1.2117489731869142,4.452607234500864
98,27,58.38636307330569,3.779668195179942,6.066485511501158,1.2047624297890556,4.378802724978105
98,28,29.11653609975335,0.47335548863197674,6.082523734424331,0.9341371175723427,3.7551777702409095
98,29,62.02820114427811,1.9362345832299606,5.886430742370442,1.1386742695963283,4.020020518058258
98,30,64.19936832184248,7.022791523505358,6.140721650228689,1.1471347930743576,4.312724971929708
98,31,55.04904148091548,3.3084846978126294,5.66579994812275,1.0462464293887983,3.983915093670005
99,0,21.813221607248803,4.355964137820703,6.386747980385389,0.9741068497020802,3.587771451841363
99,1,22.960779018922327,0.8961743249070451,5.040912986327967,1.0823744400266477,3.821690091109994
99,2,37.07629607535915,3.0106332330878747,4.674404809212736,1.4785267425819457,5.180513745542736
99,3,46.117229552145915,2.685851753648197,5.757662822981808,1.0823359246524324,4.081865780208858
99,4,49.06525302729152,9.867134211663904,5.823191925367082,1.077315871015296,4.070266885785695
99,5,36.10217349720539,3.9501883478352147,5.49671123871798,1.4011998982500913,5.02944691171
99,6,48.11483130200277,12.107260281799208,5.709236102831316,0.98926148603244,3.917157784987404
99,7,27.788004538979045,4.395207510458799,5.156495150612528,1.2051141686685982,4.466082517139691
99,8,63.46669812631468,16.890655833163912,5.431834725714531,1.3626368995273692,5.361779754375552
99,9,52.64965683888012,11.450464483009295,5.867062096744518,1.2584738844847294,5.243306371976276
99,10,62.64052666829576,13.116438206761691,5.5692360723723855,1.4080298133367535,5.9432851999353975
99,11,58.35501109619924,17.862871637887146,5.688667474637182,1.2349569831220988,4.834976714874589
99,12,49.695368706602,16.731946362244337,5.460670223391464,0.7917812233335164,3.2548841484871516
99,13,102.6776299585152,35.277148762963606,6.219425504225933,1.1755850671577832,4.610386762315112
99,14,96.74344645268481,27.668539086769734,5.92085516007058,1.3177195777102302,5.283235471129923
99,15,99.84757750156376,21.741560055343417,5.651175676174944,1.3540372227868405,5.4861501190219615
99,16,89.40734292685887,19.806210563415938,5.671448250587584,1.489259093343163,6.050270429982104
99,17,66.92382290829994,11.858664591013644,6.442420074217456,1.1932302213597348,4.829124952117405
99,18,68.25570369950242,5.957310156534765,6.76676566107111,1.0796599282581028,4.372606649088447
99,19,81.05347633514124,10.214124779886971,6.340579716520037,1.0797584430958667,4.380283370800432
99,20,64.46674546788314,8.360005317738583,6.52730209310476,1.115251091383918,4.472721652826939
99,21,76.99415229478319,7.044188429305051,5.782343143731529,1.401374575588969,5.508596588062851
99,22,63.881209414644935,6.151832024225907,5.976335420200012,1.3763052741496686,5.167953770142212
99,23,56.332597362382515,3.8985103334917857,5.593168556835555,1.3959417952803834,5.207813082164134
99,24,56.23716387661783,3.1557526449694024,5.21256186615642,1.404726281033537,4.959976373565456
99,25,40.69801961452036,1.1376984621230033,4.2068948545479445,1.5972790692768761,5.3100248849864276
99,26,58.6399290166007,6.7868411427849376,5.694392261401043,1.2095648145571394,4.4783511173767545
99,27,49.941842667961836,1.9308747949037666,5.769544925026953,1.3695165765241182,4.980635903804343
99,28,66.5273085302322,6.081840418708814,4.540662436633651,1.0928208972398323,4.05044652760671
99,29,66.96569529630924,6.7843098436008695,5.334309389874793,0.9439331834435674,3.6361645182519418
99,30,64.37423642644349,10.860229076170384,5.149762427251575,1.2799796591416763,4.759183721099513
99,31,47.62572052081758,3.711637069467895,4.121205748042029,0.9619742944794565,3.6312318965335644
100,0,28.916920521645448,7.204136375176817,6.391560978146383,1.0055930313566437,3.7375019743699784
100,1,21.337722282688933,0.49247977372852897,4.93637260058372,1.108354537202679,3.90278892622061
100,2,21.217928075139753,0.45140892491233103,4.580520012340778,1.5277025089722551,5.491564835077188
100,3,33.742904807018746,1.4995375120185805,4.966400633261065,0.945045140435032,3.4302394900168425
100,4,36.30089951290488,5.306743614025851,5.320120689452252,1.030736199645677,3.608638795463271
100,5,27.989292557941326,2.5020950663965715,4.909751605550869,1.454311332595184,4.874864806721529
100,6,39.15316728539088,5.437053883017567,5.453456319764314,1.164275354405257,4.330023684375765
100,7,33.58836586887605,5.904285087216632,5.210896030145821,1.1673592808792428,4.018936650926509
100,8,53.84010612073227,12.770164190245321,6.089903679006943,1.2080337696461276,4.54049631815756
100,9,43.706865287988336,7.479115453141423,5.993597296946318,1.2708969331427564,4.865240521939551
100,10,51.87990659368727,7.295390398205109,5.563236285601249,1.381862861276053,5.553988347155225
100,11,47.99369148494043,9.948241086594612,5.920749263860475,1.2310376383680675,4.766592044135627
100,12,43.30432738757658,13.467677374366101,5.556461184862801,0.6095502093184368,2.5894944627597227
100,13,88.77034721685959,24.803829019755906,6.080084076153245,1.0018941419332865,4.0190912351008
100,14,85.76296070736774,21.387821867064538,4.65400216545462,1.1802493858573238,4.314896782614426
100,15,91.54797150926713,17.680223724040083,5.162959482392141,1.1801077625167204,4.471450471770454
100,16,88.29839634186698,16.882294329402665,4.678892452833919,1.1747120798840989,4.060564931171155
100,17,72.02427967321591,12.195764428566031,5.660847931457226,1.135218546777545,4.145173946304693
100,18,76.4534931609644,5.77662281536807,5.784050843838801,1.1067590415454678,4.048233733547859
100,19,89.0068705606381,8.699983502488122,6.195852797112559,1.024958180838329,3.957538629624147
100,20,72.80747877681286,8.98327007645996,5.532043847114033,1.1673710744349766,4.196601026364864
100,21,79.61434250920449,8.249780638198438,5.56590644634538,1.1086529857003953,4.058858833457124
100,22,77.57590752396518,8.795375794703713,5.206152414886,1.1109805849427081,3.984425756090235
100,23,68.08544039999438,5.1180134286264645,5.232425384048099,1.1582123453844435,3.9800364232338326
100,24,51.9553341504746,4.318613603225263,4.739804951547348,1.2530206893696478,4.062867695743884
100,25,56.1174860995322,2.532007715855597,4.39844949900113,1.5157718330349912,4.961328918232036
100,26,71.57102586070268,6.795999372506812,5.284977864189685,1.215084195197246,4.261472118693364
100,27,41.04741414806448,3.2501987430010657,5.321424070528103,1.4060703763546938,4.9446477430437845
100,28,63.374336188007845,8.335401196570562,5.005488067223047,0.9710693904335725,3.751185125986888
100,29,60.161655463701024,3.26911091956119,5.862500740087567,1.066053913283639,4.011016381358194
100,30,63.47956414799845,7.449209624492254,5.224051830902585,1.1424077903531629,4.167944068027732
100,31,64.18008183655729,5.630426436377702,5.047997290286321,1.0147784753224451,3.918582806061238
101,0,29.581023787525453,6.188523877198684,6.265745630628794,1.036092098232726,3.70256165682305
101,1,18.73182667726283,0.5808142783692014,5.116268123657699,1.1259041704271002,4.057092620227149
101,2,31.33588464953197,1.846685925301767,4.204270243406096,1.5758476545392384,5.384125163449813
101,3,18.981231534234375,0.5906239044612355,5.394156431327852,0.9330835471736751,3.5375323643364647
101,4,18.873509594935374,0.4459577179332085,5.461550873462689,1.0753589203028255,3.893639714652567
101,5,35.56374531286568,6.604072797196863,4.740915306983446,1.5360468835422072,5.172640235444757
101,6,28.96759020214335,2.990246611059196,5.208183774155467,1.2794591907519859,4.6381327607211125
101,7,17.93282851249789,0.339310085648479,5.063557129768045,1.175001494473432,4.160996636736349
101,8,35.978969140088324,3.2137995234450063,5.5032548868544335,1.370094756885499,5.06459626327744
101,9,35.86892445850095,4.319854099162903,5.970756489937042,1.3180359979246834,5.145810836174883
101,10,37.38012080546231,1.9259525666988564,5.158066330799546,1.5029356253411654,5.940277913459727
101,11,39.021204620280585,6.272785311394258,5.939303973945515,1.2854992785935657,4.984708079080376
101,12,26.801620204263777,4.547263921496531,5.726254000951372,0.6773515370686249,2.826691992720302
101,13,60.767467856652665,10.398364538042633,5.213579788511472,1.3182748131244395,5.05281807951217
101,14,47.24228261046472,5.7710889783936175,4.867674651946886,1.278231767852331,4.722832338327781
101,15,53.2950837939927,5.767655320856279,5.1556231532925025,1.449957865666816,5.715836211337727
101,16,68.28280373403197,8.35567313389188,4.990052138116598,1.2724603718439358,4.730061027643942
101,17,58.206058990821916,7.370310076320532,5.986505575717839,1.1336996307794225,4.4146466751351525
101,18,88.47220023398874,11.07906168615249,6.219206447139357,0.9686810812133722,3.8967685416172086
101,19,57.89502446777652,3.6489546761709906,6.059436897685876,1.084857354603331,4.213753039715383
101,20,55.6908350913971,7.11986258087347,5.708778804632076,1.3482623189037692,5.064366698508386
101,21,51.20923762193956,3.049697088538754,5.445390466052879,1.2636352585385726,4.8382408864013335
101,22,46.25179774538946,3.4741854121482585,5.4714581264629,1.200431050208235,4.436212469161316
101,23,43.66749119435688,2.4438549912423033,5.973807561316288,1.0148444422922633,3.84791441920933
101,24,38.89835240071865,0.9196198229511579,5.318734003726105,1.2863738206945303,4.505873302952799
101,25,50.945910712699714,1.6290142457799173,4.911028518739526,1.4238011506884032,4.94973039571683
101,26,46.57405270273004,1.1866110039432989,5.509000512406933,1.2825975201237343,4.610384492962856
101,27,44.13759635123429,2.6726832417125244,5.664665958006602,1.303856140681594,4.564290876926198
101,28,39.058966490505455,2.2789728709485315,5.816874191693307,1.0200727108361605,4.0654859031193205
101,29,48.57717096155293,1.3210841211888027,5.825449139398774,1.203891518570627,4.314589084535574
101,30,45.38338722935863,3.989179116254113,5.996317640713494,1.1175237880749744,4.380153674873667
101,31,36.02236092652532,1.5364726207381487,5.679888731673931,0.9517977058502103,3.8231579395008715
102,0,20.21712613900125,5.130089616779504,6.605351221839204,0.9708105767310204,3.4946194105937303
102,1,21.564844340266944,1.1366570426684688,5.272728722706509,1.142824087086102,4.087607016068487
102,2,30.725784883743703,1.2068415205062397,4.358750184517872,1.5409528500854952,5.354513623086603
102,3,21.532718579882008,0.8671438975016799,5.245397669624754,0.9426935138710864,3.4806221608259698
102,4,27.919909136750263,1.7436470370389767,5.508480091687348,1.0407937515141734,3.835790183066453
102,5,31.788418738599773,3.9776063072887102,5.175961241028205,1.4264973149419005,4.922524782906543
102,6,30.25496400462581,3.134068766179365,5.452364852384802,1.1627861047735326,4.339683077198906
102,7,21.739690907073395,1.5174728677127194,5.298276146363473,1.1132195160523661,3.9737773020206673
102,8,45.07647893745311,4.760949050260439,5.761469941699987,1.2248037423027158,4.679168889102567
102,9,36.988558086075884,4.2513993045188965,6.013156084211049,1.342310716809335,5.248212878634542
102,10,47.020028016105755,5.784261279242941,5.510336624719269,1.4446881622002836,5.689208398709732
102,11,38.8755338393664,4.80887980765102,6.2086121830118,1.2614537741650924,4.871213935503701
102,12,35.84572838449847,7.365426869675333,5.3645031436442405,0.6294006674807378,2.6767866198062986
102,13,55.59564715336343,8.39275525344908,5.774041506864466,1.1462937209856063,4.3680763888677
102,14,44.12641183446104,4.52260005088991,5.064104652384802,1.1604275861330349,4.311328772601049
102,15,42.8218905834337,3.4285210214038737,5.417232040911269,1.3512429603024234,5.280357470427369
102,16,25.656425665233847,0.257067603623116,5.065473301585735,1.5276583820117722,5.7634212517967525
102,17,41.0807019212735,4.01029316667417,6.1549235497967985,1.2403263949781254,4.922372814190003
102,18,31.580244853201314,1.8983974005384225,6.374040108440916,1.093933545220934,4.296310080674873
102,19,36.54934276959951,0.9359680822362857,6.245041132577728,1.1467449367940041,4.534749537803163
102,20,28.32303593417667,0.5367611822197897,5.707713549876104,1.3060744169188112,4.867173950014002
102,21,34.04006928655366,0.8369998756445808,5.9619379087370765,1.2653594799877341,4.983984852821668
102,22,31.443686663696084,1.3698412011944336,6.393160146208208,1.0568528926355567,4.117662397383153
102,23,25.61787440429696,0.5601951693383465,6.084688627559345,1.112132697942763,4.301981378123072
102,24,34.61933270619039,1.1569047835571677,5.872327580395901,1.222027017542393,4.447294014051671
102,25,27.84597229486616,0.3136233216810787,5.271821883972429,1.3579732143282914,4.744600734590411
102,26,38.07149584212567,2.0810060291248886,5.680146535773812,1.3942131035619703,5.2120816932058025
102,27,38.178683015024724,1.7284996580338499,6.113911455304361,1.2409429252303958,4.7078793264343854
102,28,37.21074311020838,1.1769216674532315,6.053300797083399,1.1296917787955616,4.742337632576732
102,29,52.43069548794015,2.535347973537923,6.289293202973625,1.1786639296110764,4.493880283232766
102,30,27.2767890450962,0.7304013366837211,5.937266440314833,1.3509524362161205,5.34043828585636
102,31,38.30097779971619,1.5189099142423337,5.8518694191895175,1.1600714069308058,4.68936832654714
103,0,31.55088850093485,10.347329159182035,6.676298243563396,0.9137932736508789,3.2782349624927876
103,1,37.89976545188887,1.5310035194194702,5.39049856865475,1.0957067332553434,4.009153937291266
103,2,29.39800927738839,0.8817435647194398,4.587459763632825,1.5586675177322675,5.498140231417948
103,3,23.721795957403884,0.6206249558408794,5.093784038862946,1.042308422117915,3.8361150337640044
103,4,28.821641942613255,3.0126501341993994,5.228147983464535,1.163864342165886,4.258452832918402
103,5,28.368447118499542,3.0054077638428014,5.049499033081988,1.487269016426179,5.244123079281075
103,6,26.62351245830179,0.8728577970152247,5.169927027766467,1.2978584160691842,4.813635026392165
103,7,22.100646769146287,1.4724600759219795,5.321603693636072,1.1816823956959999,4.311168624667658
103,8,33.897714819339434,2.9112893272105254,5.504727143374993,1.4876608411228665,5.646009815517277
103,9,38.315341372080525,6.229523336190879,6.096520715719797,1.2944478043215968,5.12866706581356
103,10,63.568094257679846,13.0360237587643,5.491235490643703,1.4885231644975274,5.9765077197050624
103,11,53.58500059815144,12.980208140200904,6.04200698932236,1.201925585214088,4.690032572200614
103,12,22.142358096785877,2.745864353880453,5.324140781794012,0.666206249497896,2.7536111056776296
103,13,32.583350338089865,1.097258708252016,6.354880666178847,1.1804175663668932,4.709979361687231
103,14,33.50139613328726,1.1841166319698986,4.946082685960441,1.2164410515739146,4.532451418330986
103,15,24.48097824864997,0.6077143257143016,5.37496742423299,1.304167402429531,4.995737101562285
103,16,15.968502686784042,0.14343822413891355,5.0414865678636485,1.547337851100714,6.042854049940264
103,17,21.07720324603804,0.5019135732903544,5.847063023625976,1.254854225451802,4.8353829557341
103,18,23.787695748954384,0.4863731977710476,6.2695543456081495,1.1277732701433196,4.38123900429477
103,19,27.872215573514485,1.3117180079896693,6.159952286834962,1.0806067529171797,4.227342287110905
103,20,30.53092057510562,1.123145373333715,5.660769495799407,1.2476556952928668,4.7086807045725685
103,21,31.84377563509635,0.691456603275384,5.956919424741367,1.1774847660424657,4.57440124533954
103,22,23.50826906801179,0.24148621968581616,6.051466954467354,1.1786942043095499,4.5252419349485535
103,23,27.792700825123482,0.6514730057215917,5.869406950069513,1.2191234715533872,4.66122001591016
103,24,25.07096645731596,0.5913322636442522,5.3963643178036715,1.4296548894104024,5.190874963302124
103,25,26.33633364223428,0.1338858498128875,5.060436277426362,1.5879693160573627,5.723691152763446
103,26,29.721625477948372,0.8098538973383674,5.7316015413334895,1.2809685705443776,4.681593426859814
103,27,22.606662826323088,0.08458214927587471,5.711981974650657,1.445294751353809,5.196969672708954
103,28,34.19446205323718,1.1221426270391912,5.9881549142001536,1.0411815219388654,4.185828873399502
103,29,49.02490086585513,0.7370290166753929,6.639916638437191,1.0057700662991458,3.907736059625681
103,30,17.798700926853652,0.08574677831968272,6.247602135896057,1.1746900318408935,4.575992834832992
103,31,30.911810857413986,0.8324025004007506,5.796995273892753,1.1197347144737204,4.324708168326867
104,0,32.15841519279408,10.525187951465421,6.379724163436482,0.9983084924238845,3.6211096383191284
104,1,39.3311735673352,2.1469384361847683,5.775655009554471,0.9952095881542853,3.841039010290657
104,2,46.430021613460234,1.9098202874584034,5.161562849519862,1.2529873427521823,4.382169283399225
104,3,41.54839918575133,1.0805550747530828,5.604871007320862,0.8273522063528747,3.2655502348618963
104,4,44.137826145490024,6.807633370096111,5.686965149603173,1.0028477255843598,3.6543057601889943
104,5,36.386953020728264,4.6911701999551285,5.024771016463076,1.282325616728432,4.268926188825111
104,6,60.01081502040076,6.024764810174221,5.875793390284674,1.0113417523841557,3.844645667933709
104,7,45.62612767870213,6.713454995455507,5.776177370568453,0.8944242038837729,3.2974705755439997
104,8,51.22890251788221,6.181048636687724,5.967851449760635,1.1441412558000055,4.216216008797338
104,9,47.82421655567872,7.010866834946956,6.182252291102198,1.1285541433497572,4.298393990982178
104,10,61.30672572188172,10.468548825147138,5.366598764052251,1.3438462475267432,4.987610826059906
104,11,53.80731256076086,9.209070438869764,5.976880942944307,1.2048358342330525,4.485740130038904
104,12,37.69912627355991,5.6135017680050705,5.696011147041725,0.5340546154416987,2.4287850576489034
104,13,48.499207270827235,4.2657034357736565,5.131109859221949,1.023056914178091,3.823338922409319
104,14,30.022320892992962,1.997147252335721,4.824560978283404,1.0884297975274002,3.9433378214986643
104,15,63.63881665286348,9.736451330458799,5.384503444101202,1.2781677139565994,4.867602716496528
104,16,34.66451488431494,1.7243070777778162,5.069143698446295,1.3222076007426171,4.7912752678397625
104,17,45.41909240245162,5.731799200835347,6.089708401932161,1.0748672238624444,4.114441049148012
104,18,35.89430846276627,2.417068655707264,6.356396692177697,0.9806525490471527,3.832685433028854
104,19,38.87119130015296,1.6650787314473292,6.347166611350726,1.0020408867411534,3.9483027851393033
104,20,39.805605150407864,3.577690509831475,5.278730107626414,1.3986261691545323,5.095861596523374
104,21,42.538825120904534,2.250614901984745,5.3139058381742235,1.3859970988287031,5.081824608121667
104,22,39.01726452255343,1.999144196127608,5.72335951364998,1.0490462665201843,3.890478634087514
104,23,42.22244968512992,2.58738017360121,5.785436122595769,1.1309279827974468,4.134293537424596
104,24,33.67043233882283,0.5355275204829753,5.504188455292822,1.3023369064128572,4.649710425211234
104,25,39.1879924106797,1.443144953280099,5.1512063321928725,1.3040063376168263,4.599405152062933
104,26,47.35350550689124,3.730768579975667,5.720523687584404,1.2055371216738058,4.180135991473361
104,27,34.84694944744,2.185484092684347,5.853025301632159,1.241225948084275,4.436048000952381
104,28,52.77894573942926,4.041379439639504,6.245877427943251,0.9455333445030742,3.7854072478785703
104,29,42.8643667035825,0.7815727180990444,6.38544745247816,1.0090629809261653,3.812003358789188
104,30,32.02956230307196,2.006624503046334,5.942493268999325,1.1848411401950756,4.495277835729932
104,31,43.74956938483762,1.670273705234211,6.153692983025883,1.02120356461214,4.063863675562333
105,0,12.38019028019904,1.5480778888874487,6.639088180640269,0.9661482695259798,3.472911349997485
105,1,28.472919795433576,0.5370830618062647,4.880447400279678,1.0422279224555258,3.6890194659714934
105,2,43.01683020262067,1.28879594043845,4.064913398867459,1.3046621392350009,4.266562085790853
105,3,31.6564080387848,0.44543947955977103,4.937134848479078,0.7719235329249745,2.9745325800361364
105,4,24.750248822686956,0.22310278549170628,5.0341204264760515,1.0453046372017987,3.560111565066659
105,5,27.406206918442066,1.5552622582231475,4.95327192156558,1.238070056914066,4.102576540446643
105,6,26.848936230418254,0.7369133600641886,4.802560086958779,1.0530946864883832,3.7401420466998383
105,7,18.914786370833518,0.7254967625856059,4.568194990282227,1.015853885950082,3.353536827809731
105,8,25.30853575772526,0.5190975756279927,5.5133807426949595,1.26751686976543,4.761973106972786
105,9,20.805051520282383,0.21636282901361148,5.970421965211472,1.304316963882198,5.029481702328445
105,10,33.269844323024635,1.695390342867873,5.21433555638867,1.449232959954747,5.578879451937689
105,11,29.354196129947702,1.5720362778069523,5.806414490094365,1.3146156915684308,4.849680222307508
105,12,19.66708945092136,1.055186829295137,5.311549457896944,0.6001835052962265,2.5882163761737904
105,13,42.60506144276485,2.3826885943221607,5.472791519633024,1.2293083348220364,4.676442806795857
105,14,22.084729341884465,0.8898086380761494,4.556408449296954,1.2531211766716543,4.483082112303808
105,15,45.669330828479055,3.5683832947780867,4.9559301213819085,1.4021419273019848,5.319819954180758
105,16,25.62945314808485,0.7469940627546976,4.635948259776698,1.5019678228308022,5.469030064400894
105,17,39.67626682264117,4.436735250484078,5.605304487956856,1.3119507926650513,5.000797763067904
105,18,26.382832372775734,0.08895195985737889,6.144399285700328,1.1209818390454345,4.2693458063905085
105,19,38.764289230519815,1.8311376519985874,5.670776272121618,1.2453448001747907,4.667325921903756
105,20,27.438043119469647,1.7304054814264156,5.646005282672021,1.364137973590732,5.227606154238723
105,21,41.1697383567089,2.263878376854012,5.486673837025908,1.355208787469122,5.097829274306113
105,22,32.35140906221034,0.6379783893216153,5.6944621317588675,1.2077622208502854,4.475510961268867
105,23,26.625660112268257,0.7368185360208768,5.617465000660553,1.2780787505793434,4.703030854764138
105,24,25.075820954518825,0.5748824511250683,5.223393191974887,1.4833170843863366,5.403691900958134
105,25,26.36968684188426,0.20120081156348502,4.8270155186251165,1.4762479732405138,5.036332980507092
105,26,37.49415702483066,1.0267335834127302,5.585157800405746,1.3152820537368237,4.883271022057949
105,27,29.706561744440094,1.6904819849846118,6.199100294633839,1.243064004754781,4.63492896557535
105,28,35.19793349845888,1.562245921102586,5.698720623202426,0.9857420691818195,4.0030974138959134
105,29,33.79698104769849,0.6883347014364298,6.07436994344599,1.1554374468965332,4.333567615682286
105,30,30.937546122137903,1.3708557121767293,5.763344620317896,1.2495938983683592,4.819624347785543
105,31,37.25478840069462,1.597820067819976,5.649502892650284,1.0536150673022702,4.154524097789879
106,0,19.835635319600033,4.048601029990537,6.257923977441082,1.0703367859485233,3.794661991135271
106,1,19.046240554987705,0.5470832756268718,4.749643219014759,1.0537735913611295,3.7590132672864867
106,2,23.32533512514106,0.6427633081967354,4.047096422552263,1.5431991064062238,5.094653645332272
106,3,21.750131199756204,0.12695142940499315,4.859892862085025,0.8481218096523273,3.1115954925682767
106,4,14.307443341329119,0.11141419874141709,5.12805947154685,1.096901643490642,3.742937717782698
106,5,13.793378056673998,0.13337951691024463,4.535654675310773,1.32882615434107,4.228652695076075
106,6,16.923055798404796,0.14849554231674944,4.806723401455017,1.1223396979818157,3.9298173521325563
106,7,16.392101914697545,0.6594448069032728,4.763763575713858,1.0520216207716508,3.5498896016999315
106,8,24.05229436281472,0.5364678063234414,5.292838416945797,1.3981288769823497,5.052768048920866
106,9,18.73540050859701,0.584880471765892,5.924188109486529,1.2511951447632264,4.857146208795615
106,10,23.412655097540284,0.7743571028684348,5.154391449582348,1.5400139086738642,5.896887717417592
106,11,17.682513345647127,0.21100006633917784,5.820306251269299,1.3932296429058573,5.170252791988357
106,12,15.176738255526237,0.39869752617630944,5.341780817336662,0.5623789254208429,2.4414436601686145
106,13,25.62067188793431,0.04440626489650947,5.390168728525712,1.000516450957198,3.750506713034633
106,14,27.355838797912913,0.6137151679672564,4.977969661424798,1.129984282360744,4.203552946353455
106,15,40.18411021611631,4.5744983084439514,5.341830262153416,1.2741023861375025,4.902509370929133
106,16,25.640079967610514,0.6529741064883087,4.804879477385376,1.389528889201559,5.0156887805727655
106,17,36.54713399702471,1.276846689956023,5.707374932821965,1.1792303890479188,4.374116454360267
106,18,36.27143638328933,1.923182399939661,6.151365158488796,1.0519439051701305,4.027744962864985
106,19,42.65353130671489,1.6709118610027258,5.891815657405504,1.1288704483071381,4.154676265805695
106,20,44.08182644339149,4.9004998417663845,5.388059034373478,1.2373719304616788,4.461521185892711
106,21,42.86875759569533,1.8765426406856653,5.7497569480724335,1.2484904873715426,4.689518158655938
106,22,38.9490608331731,1.7145559173206206,5.37852969249531,1.2300060484458948,4.348569893438089
106,23,36.123574581341686,1.0553257068248871,5.749187272339365,1.23857906305581,4.700373848839172
106,24,36.48937924489239,0.480560436773913,5.170635407053583,1.473615383611472,5.177906292649124
106,25,48.25850437642373,0.8394627442183014,5.259414251487103,1.4439646138148232,5.14071691070325
106,26,35.586104631453054,0.678156658988471,5.830143417138443,1.2840956413612545,4.5861378575229415
106,27,37.03485202690844,1.0100086844399117,5.576645153835039,1.3410256866538166,4.593640928028178
106,28,59.18780549204395,3.3534305928110753,5.947231048331704,0.8523065954821325,3.4846356189910885
106,29,53.505069919486075,1.4737782655417169,6.526992784909282,1.0360521949793693,3.9032258747440793
106,30,38.12114245870815,2.8748670950786597,6.0510226355177,1.1195134473747297,4.1500977446534995
106,31,40.52706688648871,2.1501786760702357,5.891137541470027,1.0280305628390352,3.9848624898167717
107,0,31.54555615306991,10.223252807040204,6.669140864597164,0.9493524430907438,3.392884140155596
107,1,41.21268960130294,1.576319215395769,5.5268804325768475,1.104204075917182,4.068486870080598
107,2,48.89540092882024,1.3943369733935556,4.700662392989011,1.3996969952662228,4.832555679370425
107,3,47.126638590422665,2.2889072721570405,5.785549921285609,0.8237712640532635,3.185415253480938
107,4,33.076759560284714,1.1109038712051529,5.816271587846215,0.9662572220817074,3.590986246737152
107,5,37.01516032422356,3.3532641173493287,5.499667187523597,1.241139400732692,4.1880440983471185
107,6,34.884987662935146,1.3853378966079322,5.4446573611220614,1.1751165364936984,4.283023448963355
107,7,22.422106634497865,1.9220772435240305,5.277899551474917,1.0405200534013854,3.7247422624987956
107,8,27.283178401107413,1.6188980179370085,5.817573494504196,1.3028742972279241,4.807800604619225
107,9,28.647921735044683,2.5819683725852274,5.982915395228233,1.2091539687235908,4.665525260016941
107,10,31.95792233466343,3.2999799411388833,5.367556866110722,1.4687632513428523,5.67089276704443
107,11,25.80982047642921,1.03523818285015,5.716431515283456,1.301255646749964,4.785804751166124
107,12,22.3046063051528,1.66881365312658,5.332300007864468,0.59790496831382,2.5429147239352425
107,13,25.14846036896754,0.5720700878206555,5.078637811805039,0.9909957539674892,3.6736205523847283
107,14,35.838433756955965,2.8093286277487506,4.176220595324233,1.011824392730376,3.6362197288612417
107,15,28.976143849322483,0.3481766974124438,4.64311531589995,1.298188822816667,4.790329365989984
107,16,19.117457633849774,0.5583984819892569,4.796610777082175,1.3056084186884664,4.652257160459346
107,17,22.000671243523197,0.33032413290406215,5.588311080068291,1.1725176567093243,4.3195416920654806
107,18,26.371911831213986,0.6496957172494782,6.010501388327215,1.1166103305653579,4.2984974164440315
107,19,24.607764020119724,0.4078322825219068,5.734241468032238,1.1700425611467447,4.293268822207343
107,20,25.948552811242884,1.1960133998243383,5.153824663130678,1.3348480560331168,4.828859025315559
107,21,26.3450910532268,0.10241891884635598,5.259358439725731,1.386565784958444,5.107987601353591
107,22,25.056950536686056,0.3067699667592064,5.173142312060715,1.2332802316256632,4.381385660172037
107,23,27.705343981585536,0.759939190185677,5.299209795292947,1.3041594789243307,4.869152104892522
107,24,25.078544003183534,0.2614761418033743,4.959090296716056,1.4685282337127568,5.188658740720162
107,25,28.212697307531258,0.28666053586330775,4.507308279000773,1.4273956044200569,4.794392114797827
107,26,28.173370431895314,0.8329390475928113,5.330615648273026,1.2959359920733542,4.438877224375315
107,27,21.993540379212096,0.3238686966859536,5.440477390561597,1.282772221788786,4.392958435167223
107,28,42.7757573825859,2.672070471056476,5.551055442959788,0.9276119730497641,3.7280426783878906
107,29,41.31384080722954,0.8295286579284314,6.155822133040858,0.9831438836619917,3.7425384131440875
107,30,26.889623534485892,0.8464851288920274,5.625028022617968,1.1057357649484825,4.125814795079994
107,31,32.88531168436609,1.065984332347351,5.718162584113015,0.9679529297518368,3.8531519657123248
108,0,10.684306445811773,0.7643165686935153,6.723096298799777,0.9906889613516068,3.4740715910574527
108,1,34.68143499660316,1.1838061866907708,5.1312516862770945,1.065577222730223,3.8244679841444884
108,2,24.36142855847797,0.4981606818590475,4.152385453582216,1.328638997896741,4.391285414135958
108,3,26.390354487135582,0.8277314779574697,5.128553648428074,0.7977436441356414,3.1263648916187314
108,4,22.628683513167935,0.3556318435288203,5.255835828894776,1.0736074921672945,3.7484970237151356
108,5,18.730369443574798,0.5074775159529469,5.016013067561705,1.2980441789684463,4.323947516666429
108,6,28.737117897470398,1.350237520773359,5.446810489522885,1.122629532360266,4.164475036704189
108,7,18.932610382906674,1.0402514250995194,5.209465507112013,1.0590160440159373,3.6424435780557807
108,8,29.74677245129749,1.4404404938583384,5.607869004884108,1.3737397688206316,5.063956452148202
108,9,41.26781374460839,7.258768518579858,6.140355937967213,1.362519554900123,5.423121653922879
108,10,52.61570237215372,7.930537382863971,5.49146910607818,1.5928284250072569,6.482582027744703
108,11,50.00295071199989,8.436647282113535,6.081000423053682,1.2513645717717257,4.866724339413036
108,12,35.33770596945621,4.13355057055662,5.439465584492526,0.6991560414627145,2.8839558619736634
108,13,84.56480360064484,21.825024834421093,6.361285607293906,1.2066845394681511,4.919199117364399
108,14,70.4954679296485,14.236112297454241,5.5574290741139425,1.261679856820825,4.814845819306496
108,15,82.9615791420685,19.361604623556243,5.28509505048634,1.45270840170057,5.766921171151911
108,16,75.60659654884864,15.10476428836758,5.492151995696871,1.3898246664027711,5.620815136028632
108,17,71.58639911395645,15.223441581500033,5.911874903035553,1.271176385063387,5.011159899656002
108,18,58.87371116447058,6.564714578742841,6.322305072522996,1.0845330679174818,4.360772770078864
108,19,53.75513934268291,8.561539600619364,5.786474776900674,1.1150570888564033,4.474633862916718
108,20,71.9341310038324,13.025946274171035,6.4539997339945225,1.0418810347388838,4.396296438723157
108,21,56.41920294204019,5.203265030178134,5.645785700523458,1.382072397983583,5.388339698136706
108,22,60.731283928651706,3.4953689490278634,6.420340877983914,1.0632207336208044,4.30348580838959
108,23,54.514889514838345,2.9827672560846374,6.173290809134512,1.1110920672318265,4.349266685410432
108,24,52.279516917197554,3.2342516657745133,5.983187266613316,1.291222359561865,4.905792512823657
108,25,55.236596196150586,1.5290807686546117,5.425833879994527,1.399595129383031,5.10805801126717
108,26,61.65422159523819,4.369718176960239,6.019717629721779,1.1699945941566243,4.601545550282845
108,27,62.00902808574768,3.7312667468696166,6.738367664982762,0.9983962009090845,4.063724515858246
108,28,40.511480468083114,1.9743890359866536,5.907550719651111,1.0524103548812924,4.332596281870207
108,29,58.53743172580634,1.9652986825217973,6.150634285752119,1.1434377850604083,4.324889262878062
108,30,52.268650837808316,4.5680432706063225,6.149974778109139,1.191732580625433,4.924913900252229
108,31,31.33737000358633,1.272789347468418,5.748501873983356,1.0424968336596612,4.211779645457121
109,0,72.53475632981662,33.611831407340006,6.428658130766082,1.344982188973188,5.1025578975225745
109,1,60.62044763372868,3.9354266657270704,5.693497358321854,1.2084210349612823,4.547202821875805
109,2,58.44081932225218,1.9208570552682036,5.038414611614098,1.5082516431115716,5.891255977626428
109,3,39.54981445284752,1.2533041424844997,5.6386491490893755,1.0782293241002767,4.102458968024688
109,4,52.726390838828536,6.284576764343111,5.882625524082583,1.049716040558712,3.998895893146465
109,5,45.93343397089619,7.877084511149967,5.292810569313462,1.4450631008471007,5.264113765254567
109,6,41.08332170481866,4.92446596231363,5.5312430027919675,1.027674246938572,4.01154118813598
109,7,34.67462128203622,5.125042377789571,5.338564595285961,1.1720905634237129,4.320254612508163
109,8,37.280380272926195,3.7969334624604842,5.681417154238847,1.2743652618705719,4.841573900114529
109,9,40.13272826388852,6.263887459825767,5.982264522460166,1.2044853178934547,4.746564020081195
109,10,41.134884915420045,4.934072128901844,5.617002425120736,1.3785941453790151,5.6316554722040175
109,11,34.01733699977676,5.983837666929809,6.070650663830596,1.1931924709597848,4.6628509509483695
109,12,28.3398443010457,6.036993456828416,5.779512033816239,0.8102419271679882,3.2387726965459915
109,13,51.348537351032604,7.10834547536306,6.219446577424295,1.117406016726223,4.473945329376034
109,14,83.57581501867503,31.901923240580558,5.472206147139495,1.3875909022653419,5.493718587514913
109,15,66.24559566529203,8.34909336708633,5.6537167914642374,1.2744749840140672,5.139104628946063
109,16,48.78025597327216,5.38205026785241,5.264246872537429,1.2528631221414805,4.85670305181647
109,17,48.35555835803305,4.40091939598394,5.923864616927588,1.1937259602503012,4.636846027360304
109,18,41.84411197028418,2.9151510020007523,6.325846857533268,0.9721123177675768,3.9449641849608406
109,19,44.347204240649035,3.5234482286593005,6.104500286186305,0.8178645284789248,3.385432599698356
109,20,46.5109501429931,3.883655959055783,5.869664003184286,1.0720812294031772,4.317911939336389
109,21,55.60367808010595,3.7130129169962194,5.757737591156028,1.1700488071532558,4.701964826209867
109,22,45.961577070601976,2.03758744855444,6.032198110537603,1.1106005727051187,4.25182790223278
109,23,48.67897649669139,2.363448278521457,5.99903605299116,1.1239102774587302,4.425812003795253
109,24,46.87057312712439,1.7523119985385702,6.001296335641356,1.1242482677841465,4.344285281230649
109,25,55.45111803217609,0.7193705196279138,5.628509533905813,1.2924941556326779,4.721289497873998
109,26,52.02974360453412,7.084865481080923,5.674449490387209,1.0153036898614394,3.9302228097229954
109,27,32.467768220996845,2.0047498174529648,6.250419865285016,1.100488017562454,4.269536045608112
109,28,52.22515785895855,2.3919891362865724,5.394825527060862,1.2475339582983453,4.941566929555568
109,29,60.18885734197154,2.605490456464557,6.403136100094071,0.9603665615750954,3.758717679701347
109,30,36.10117081933689,1.80909964174745,5.7904717635125404,1.0755130677736133,4.217537222788777
109,31,52.291826753227156,2.559638268557682,5.7920099251342165,0.884601677518841,3.7247811077216633
110,0,63.23010192064872,22.83827350330121,5.937797791676463,1.054351694333631,3.6309689404066896
110,1,43.97611441597485,2.4392142591386436,4.735861968912117,1.273724928674353,4.454690726073384
110,2,57.087924414206505,1.8758725526113071,4.606179400212833,1.5748634585586734,5.766279348345364
110,3,39.88070077732591,0.8378879778393946,5.555231722424452,1.053029705052321,3.911240186052326
110,4,38.932752714786986,3.200455731334343,5.595813060384911,0.992135732968042,3.7770882725851878
110,5,32.32473436225076,3.835638457070266,4.81915402729196,1.519652209546182,5.258886282515613
110,6,50.05397982332238,9.578900005634976,5.3992162633837495,1.0018450513642625,3.8331777612142117
110,7,37.28888570651952,5.721954910427077,5.160673311149203,1.0189212930591323,3.6898606076110165
110,8,55.8076627277093,12.099488221212372,6.08765902099495,1.0627278485792946,3.8627526297453363
110,9,40.81458871499255,5.743422793198368,5.922937433680692,1.048356404250228,4.013370477856088
110,10,47.94657525861252,5.086011466909487,5.7602717062749145,1.1577146081341159,4.452064964014922
110,11,49.6425771880491,11.369975987468006,5.763761967638166,0.9764935096359135,3.8087976937779016
110,12,22.978347432277545,1.7939821945377452,5.670866647077938,0.638650849628994,2.7669787601014266
110,13,52.38788859408024,11.420685259612739,5.660854358652246,1.0943322903640897,4.171869656143658
110,14,57.37600325967507,13.977809736957408,5.074799523999579,1.3594748507081027,5.206846321616604
110,15,52.48678158424309,5.106430072419389,5.373203327885961,1.2463025889777724,4.93394037596455
110,16,41.681777398961614,3.534666752801602,5.2759882895038,1.4004695177967985,5.30285355988302
110,17,30.530540614384776,1.3036573847754067,6.009148930344783,1.248592069510635,5.035750698995675
110,18,45.18467446039571,3.702266101998098,6.392646865538448,0.9805174481112564,3.945798171320256
110,19,41.13554580679606,3.505448705207515,5.849790250803039,0.9707225443714087,3.8793927737774334
110,20,67.01934345725047,15.05618882102338,6.2053737195568335,1.0973136591706316,4.384749208900516
110,21,47.51682592411229,2.6552498555476056,5.543709459756445,1.227446668675781,4.768094104439984
110,22,55.644079985102415,6.7231375506083015,5.910985937557589,1.2061342693637949,4.605072859270038
110,23,43.21469765923598,3.1368656837925775,5.727654453869752,1.2788010360801216,4.831598718416069
110,24,53.30740278772731,4.9003978719379155,5.283456684932142,1.234424228595027,4.312764193194643
110,25,38.066047192803524,1.3131291324752146,4.516798452230864,1.3291577902640537,4.51481321838546
110,26,43.56633209536612,2.150427872316137,5.520740672328702,1.1313397304008168,4.077289424803253
110,27,60.605196801140586,5.831850105662118,5.9241089615099884,1.3433637630536994,4.8710684935926745
110,28,43.822917867877145,2.342939860038772,5.4409087873792785,1.212775780596873,4.701985046044981
110,29,38.97571765998079,0.9868436766343708,6.007161427268162,0.9997896541924653,3.86565812450383
110,30,43.82447528789335,4.020554847406222,5.774729256157965,1.2661707707299694,4.915786990075139
110,31,37.94912319324906,2.3622222840364637,5.164551815946545,1.0766344768450704,4.203875375733324
111,0,60.26144109585453,24.16544623259532,6.244855778572093,1.282999506685739,4.725175107243978
111,1,23.64096890533319,0.5911585723975652,5.059845543125554,1.1846296390733917,4.234447440635326
111,2,40.142647655309815,2.3351282023312905,4.933409478299373,1.3186622762449298,4.921096361310949
111,3,16.69980731963718,0.2182357938240649,5.440269891352594,1.0258133590681116,3.7292288632788035
111,4,25.469508378942727,4.8969291988472055,5.7521433314032455,0.9899469082976706,3.8371967142974994
111,5,29.854294747231677,3.6656894805770057,5.444804364797843,1.3051056739562021,4.791750880847356
111,6,34.11708755423591,6.018902942679701,5.447476840981454,0.8631620743452277,3.356090872231259
111,7,25.124774273007603,4.095418026985606,5.469712354383708,0.9684430710512792,3.654702526087677
111,8,39.0444598485472,7.187665889082594,6.138652156577269,1.0985196843497667,4.0388259936800734
111,9,35.56299254073823,4.790424771528505,6.406042326782856,1.1370926191066886,4.364488109520382
111,10,39.27347220886456,3.4784404423890276,5.8926046189455645,1.3684932953188307,5.477559949880574
111,11,34.184806603650415,5.357764698484388,6.263113105205132,0.9511276979701222,3.7144052927130677
111,12,20.524572720911557,1.6550892404884492,6.085647766733935,0.6921594181055486,2.9415640223529453
111,13,42.45192342428069,7.089628912310824,6.270047817740305,1.1387921440237774,4.372114740074576
111,14,53.76756308097502,10.91067492016754,5.874490850275496,1.3629344695768824,5.325585944666545
111,15,65.3329824254162,9.016422196876082,6.280541299318694,1.2634270336294104,5.227865098317289
111,16,47.564956341070285,2.9657711755901994,5.9806956687785116,1.4323227518263932,5.61214420877156
111,17,37.46975955877407,2.8978799914955617,6.3598770654437145,1.3092711706292066,5.336498730988948
111,18,46.448815362939115,3.370117494786655,6.964578143845764,1.0264788599471126,4.26995981119021
111,19,46.11019884517563,3.290604415159501,6.7398171017065875,0.9423151601103843,3.887676551760548
111,20,41.176859859213046,3.6926294404679494,6.704028701588554,1.1642612153800744,4.6163633547621306
111,21,49.99478500057991,2.1822136034830732,5.989159045919015,1.3706289164990864,5.325248045867967
111,22,43.55487304906506,2.9047141017188887,6.570886480207313,1.2597083244333378,4.898914894154301
111,23,39.57735465296831,2.1523496061918346,6.532930517538485,1.2208460854632435,4.800513927295707
111,24,47.84397299748054,1.2671827873258406,6.302161892372847,1.2805635428715796,4.780751348693643
111,25,40.41890037185003,1.1706057991481498,5.273877854425377,1.4495666132602683,5.29211032579526
111,26,48.352762815028896,4.79219556282783,6.223376273336124,1.2250370083432793,4.637512740809109
111,27,36.87053748479286,1.045713227131805,6.362019278554323,1.3795363873812985,5.234878165465568
111,28,49.37569607246209,3.921050411629607,6.137623328543371,1.1988385036031763,4.813845439991593
111,29,69.52516377765454,2.980948414841057,6.912021223311448,0.9901676179868071,3.9963893341193177
111,30,39.66014762792427,4.872717549676185,6.012200097270648,1.3697531740371733,5.282287903596785
111,31,51.102052538389486,2.5304831835479007,5.86065794347811,1.0877309358018454,4.24802947035398
112,0,49.277938555158016,17.15010438712519,6.503922346092835,1.0031540884779817,3.6900709916631476
112,1,42.45566265007369,1.5886637547092648,5.622561605639121,1.1322367469890136,4.151344990812363
112,2,43.3713317127076,0.8315099685187316,5.213032095144305,1.1970841915315393,4.30906590003889
112,3,31.141600996969636,0.3896423338414855,5.795582395263933,0.9194077710469246,3.4421119673309764
112,4,26.223520962725672,1.1111460874935528,5.940396411547125,0.9034775520834568,3.3911514713677398
112,5,44.18860662016483,3.7260463331565443,5.6567329354265805,1.183544891885436,4.375690028939677
112,6,30.765773219261916,2.889746286646213,5.508222976842216,0.8826570135328513,3.3448294824423423
112,7,24.41545553336837,3.0788987594126294,5.175416583879644,1.0133370347140795,3.662642891337809
112,8,39.635765155830114,5.31689186433382,6.166761975248449,1.0025485936273268,3.8526123034378874
112,9,38.899213733651536,10.398077851823494,6.201244404249634,0.9459821001541107,3.66735060083239
112,10,42.24330181368269,6.976255649233165,5.732731872592534,1.254044671080405,4.939577086504679
112,11,26.839925062725733,4.040467265221529,5.926228594860114,0.9975174622615111,3.7253052402991416
112,12,21.69315679512257,2.566312880763243,6.048494502275774,0.6781611303749617,2.847459329843574
112,13,59.81044703148944,19.796090507909785,6.4350602249737,1.104242399494165,4.291656803859025
112,14,51.11641230756404,13.007094167056483,5.565502814523076,1.3661671109262494,5.370210665157555
112,15,58.98167437682431,7.885856770348819,5.922807712278839,1.2627850671961331,5.00848275901767
112,16,92.59375183484275,34.063431325186265,5.691596120707594,1.1607516267118339,4.536016955364656
112,17,107.22728968473625,55.680317545785265,6.08982498775705,1.1580907614454796,4.596550773111604
112,18,98.50990710427821,38.57092808134627,6.517712142651932,0.8923228929547271,3.7766147359635536
112,19,78.69878530322453,24.105176737235595,6.086666782174079,1.0287152973645224,4.077287223413268
112,20,110.87798881540105,40.29285512611993,6.249673104916121,1.0535981335850337,4.283448613407226
112,21,85.96528479991451,22.833846634293423,5.61721360866577,1.3310379651689903,5.169939381082028
112,22,123.57599146820237,39.61282946365694,6.159073352373207,1.093856647463336,4.276625085531745
112,23,82.71701918159093,22.45582222191996,6.353522314947298,0.9544823053756302,3.726764192443076
112,24,99.74862528026216,27.811842556134437,6.048943105813281,1.176269585024606,4.386572655485141
112,25,89.62579112680854,14.12712604415822,5.347750212267458,1.3045996562265625,4.757076315641106
112,26,83.0820527692726,17.44048581267672,6.403381998543136,1.0782736535727935,4.190464315055541
112,27,91.51307693782415,17.616856149169198,6.47760434818365,1.090512750203267,4.175304249051117
112,28,53.689550834070175,5.337305536633774,6.243294527135664,0.9647521067919911,3.8237333107399194
112,29,45.36492356829996,2.9766123301443885,6.665286801681042,0.9106374629784195,3.41523852199884
112,30,78.15326003358668,20.0670930647977,6.528932835767531,0.9325136744639764,3.825092612582776
112,31,67.63706758474497,7.745191317395349,5.942426745828471,0.9481590049002397,3.764024327683565
113,0,23.259598218663804,3.5966648917959585,6.569609789316685,0.9882369248566647,3.4984097447528777
113,1,48.226633309988266,1.6059497176201494,5.436502507705811,1.121102290362959,4.104514535451876
113,2,64.9294999876796,1.7102533443396601,5.016588581618446,1.4874909065604607,5.270623355896998
113,3,68.73649251145238,1.8961279713049703,6.101649697710501,0.8455642465872248,3.3004959560661034
113,4,45.51650311323985,1.4465035097452317,5.8751608068551135,0.9718591571663691,3.6490608899965085
113,5,58.12715649611197,3.274123632534499,5.627878023635528,1.250734974644823,4.576835411586682
113,6,41.42695778272754,3.058307134618998,5.215020459022384,1.0909544752764262,3.848967511773116
113,7,41.78791094065997,4.931724233999379,5.603370632062985,1.007893144339337,3.7230988534256246
113,8,43.19525502747834,4.988719928693475,6.515318931176326,0.9172522798175642,3.584949900342584
113,9,39.22269879002576,5.139970459852956,6.60662403574255,0.9401352399801048,3.647922182114005
113,10,32.583516704800346,2.6105730738780264,5.947010509643627,1.1811151217951892,4.6880090072305745
113,11,29.258860188722103,1.7391839966742322,6.042521656335482,0.9484549037401928,3.596661134867529
113,12,24.314070009002783,1.9041930864886278,5.698837669315692,0.6052609938505018,2.5598074699189355
113,13,59.120181047838884,19.40886056979655,6.5592147670996415,0.9251137569478214,3.769195207698083
113,14,100.41629276543112,48.33569682034329,5.2585535532936305,1.2364058096059,4.59510770541201
113,15,49.81222119288135,5.811213665662282,5.829012840229569,1.2459524633987593,4.9224676784834855
113,16,54.86498645242244,12.20936109081604,5.4702545103993625,1.2348994749913258,4.707015545281128
113,17,33.30735850937528,3.23888923030926,5.542560071711009,1.204233208826949,4.495682319368369
113,18,42.7622835477995,6.743005204357291,6.499500930382553,0.8460369848525335,3.566579951185709
113,19,35.25952781424439,0.6728372847231068,6.0881423115451225,1.048782838516133,4.066455640830501
113,20,36.38740413037746,1.4032113819213903,5.770314879852281,1.2365820337624474,4.672218005613664
113,21,39.03867753544084,1.0346725666068255,5.0619034725078125,1.4796803216051329,5.526380383861648
113,22,35.88516492763937,1.8575731974344132,6.165720732399842,1.0543136886112228,4.172604423824496
113,23,44.41588473237537,0.7952930632612244,6.272115568278366,0.9590638550746737,3.7207806070771032
113,24,26.571976118070225,0.21944430558082145,5.77970767376785,1.2199849536235297,4.330827139326741
113,25,54.53695795782075,1.1666173363413788,5.442183318645066,1.2362125314777233,4.469376890059186
113,26,31.711162875059706,1.0833522156914512,6.497957938490936,1.0470552518974907,4.111558728332677
113,27,39.70845972712098,1.0659035172385307,6.832008052987422,0.9161431537768729,3.7016563177454995
113,28,43.15707690882464,1.110848307001708,6.251889514228017,0.9332472176553015,3.806139194313957
113,29,40.1635132786472,0.6684987572458176,6.459654347528071,0.9929319336911249,3.7487081778483136
113,30,27.60695881863832,2.0372599837427643,6.035502941330123,1.0616634788917851,4.092745891254814
113,31,29.970115794432246,0.2932350960492106,5.539095118775234,1.0012327235079912,3.83290777339664
114,0,20.02478990258509,3.7436674751396337,6.3367377656781,1.0460683645426947,3.720012053897638
114,1,19.51077409513269,0.2216675188674565,4.418615545822117,1.1636177464402975,3.7935615358617967
114,2,41.96768566154398,0.8704567706919037,5.057565341875049,1.5054571908153642,5.464864093393104
114,3,31.79854601697685,0.8567815815377521,5.47894814784282,0.8096376407342305,3.1411533443216615
114,4,25.658208268319818,0.7127141021825112,5.3506926160679775,1.0253447286657327,3.6685530279926213
114,5,22.704150994336413,0.48630510762424567,5.139745507066424,1.372562004868815,4.85439621792273
114,6,13.256776508775296,0.05157231438313975,4.82515045721291,1.129101639932327,3.9898701837756536
114,7,18.304107469444382,0.3173168895112831,5.328371433952238,1.0969095194764638,4.002970403243355
114,8,19.77226068324904,3.8142418801681663,6.089638688968632,0.9971754244993525,3.7695920061032338
114,9,18.15782641612754,0.37142193486006814,6.488268307721442,0.9550257708876257,3.6791587664411485
114,10,22.861975778404773,2.1997166870539524,5.382542802660746,1.3819155319255998,5.325964287428291
114,11,17.794805921970763,0.964731316357697,5.6947103800791545,1.094699388921855,4.211818405191528
114,12,9.871870594409575,0.14431022281017883,5.535240544924138,0.6083861832831836,2.5729509008636287
114,13,22.54271968433755,0.008345751271867112,6.667505454994171,0.9102788261315062,3.689481224628325
114,14,25.696618106837974,1.4925511907437017,5.309015782597114,1.243425794083553,4.617208014729927
114,15,25.369480850972913,1.7522909541846898,5.4739392050335365,1.3202065606571516,5.033970156161504
114,16,32.4850429306712,7.187558390993989,4.92120990801563,1.377943670583436,5.091208681560615
114,17,32.449135336864344,5.337835456391698,5.5808020656418575,1.169344622049576,4.424974495293776
114,18,33.10024224808321,3.5168113350790446,6.197902135297251,0.9674802866402237,3.93768582564865
114,19,29.314881144058774,1.497075966270053,5.44009898300129,1.1303885403799505,4.180015580524896
114,20,36.932959192256305,2.7632831473702777,5.458403919243806,1.1523554591173069,4.148135419293758
114,21,40.8435920207893,3.987669760129965,5.403170007782375,1.238657911177067,4.604801327674739
114,22,46.84567870099231,4.832893363955024,6.248829442496994,0.9924319549039247,3.9431265162734994
114,23,39.762256334955424,5.399876763520089,5.829152292283744,1.1073771604767142,4.126319478526752
114,24,53.82468796848782,9.025290783117853,5.814224217451613,1.2589263740843375,4.551103055904382
114,25,45.07524650389445,1.3775857690641764,5.111922783629398,1.3252134238137483,4.73402738445935
114,26,36.820991860501664,1.828257466164701,6.21791983550447,1.0965174477885693,4.24549635330605
114,27,41.91150250388426,4.569333048301271,6.301754616238395,1.0747559829647404,4.140360505569996
114,28,46.40993125362064,4.312173824266699,5.856724111399321,0.9481669120034262,3.7619385326036516
114,29,45.33508934156739,0.5223354461758836,6.386302880488207,0.9848070880573996,3.700485835974107
114,30,45.51660570395666,5.557481847665375,6.082868961899259,1.0280038951437858,3.9541079610630225
114,31,26.071759598729916,0.9134899394607545,5.112175640043951,0.9777792327743846,3.6155488038984966
115,0,12.51259094495327,0.45384570325493256,6.270404540410828,1.0441506693977605,3.7522811928144995
115,1,23.86136559787917,0.4117597496844708,4.832583931992255,1.0777067105939508,3.7074975471881424
115,2,27.215067247152767,0.19234511947326466,4.584949671562471,1.4679978421713642,5.179718665407789
115,3,21.829142121899057,0.7160532786964804,5.206796029397161,0.8718494020498104,3.268450813984424
115,4,17.400157906228834,0.44649634940939326,5.466981356615138,1.0374921783604378,3.7315137621763483
115,5,21.537132965835603,0.873115864576621,5.016663446390633,1.4119489753215966,4.938411731137118
115,6,14.979299817315844,0.3051920071520089,5.044185566458737,1.1052880607298734,3.939335714162037
115,7,18.039640673220074,0.8193465549907427,5.134673727932282,1.0544972682523737,3.842245478706082
115,8,31.946987495567647,4.79316163722705,5.995991266159422,1.1364708889252517,4.2197156709329775
115,9,25.39253305979699,2.804207183470998,6.3316965530339315,1.137697673753209,4.53273411365598
115,10,26.09721525752704,1.9348634938103921,5.364013957827697,1.3563529042389648,5.269245294804402
115,11,30.529866452490452,5.36613061567732,5.750305907201108,1.201311195722373,4.5925736097412555
115,12,16.593870237978898,1.105041387526391,5.730039562782046,0.6709600954587325,2.7563789304600124
115,13,64.58862640232596,23.29528988756521,6.596972127522534,1.0952722987087853,4.32929501484708
115,14,69.86929872749455,27.02542014515531,5.546260227410256,1.3845787882475182,5.348569044243012
115,15,29.96981470206854,0.6018187591948472,5.413022872590567,1.3609790254479988,5.282939570903744
115,16,27.74674712637222,3.4355037465725347,4.992310354831465,1.4253109891768272,5.167533754513066
115,17,47.50794319613928,11.23433822727441,5.846601145753722,1.1689050970936306,4.464234894338503
115,18,41.775821079552045,6.477040834569806,6.3109076397138635,0.9266815882939303,3.7506014098339846
115,19,39.52939335451636,1.9738205106891125,5.776650458214914,1.0682807692437999,3.961579210372971
115,20,33.93967663292877,1.365874609302986,5.536669258976518,1.1579447978999253,4.123294037284994
115,21,37.66523247947106,2.774662847008772,5.18578282919662,1.3660439885023337,5.0525545774656955
115,22,40.88396205057556,4.155049161570675,6.007215439234809,1.0837688688041656,4.167874513014106
115,23,44.86696770299111,4.285100838980709,5.770285459640613,1.2258014330734177,4.523130490426518
115,24,37.3944659431489,2.891420305292141,5.685448796424599,1.3553308030696485,4.860397125597316
115,25,25.943323916435006,0.5701386225319287,4.834839872383389,1.4841105966076515,5.152097934108998
115,26,29.250389180692192,0.6743179548146969,5.934948640242027,1.1897155466359788,4.411944651098007
115,27,31.715303341905585,0.8570192165177225,6.023279327915092,1.2046535593500023,4.510131701651341
115,28,35.48316637958656,1.116092817480133,5.758624951616216,0.9582086985035696,3.8118047569701257
115,29,42.43582687288895,1.3441967901680807,6.313313241149064,0.9662935102248085,3.577234964466495
115,30,40.18090443141861,2.988935283125141,5.9662888334833095,1.0478192109631586,3.9775441881048703
115,31,31.915290173034528,1.021462919676226,4.7168745490085175,1.074187596135439,3.8952519540551616
116,0,30.921731679266934,7.535990434669725,6.623429963094554,0.9684878531653007,3.4771539248871046
116,1,36.16112462620727,0.8568911833105377,5.4029303764286585,1.0754137394698908,3.887777366764245
116,2,27.992067749022894,0.5505254716638447,4.331530664882408,1.4141516970266776,4.772880696714484
116,3,23.909482328926586,0.3192160965745809,5.507579428919515,0.8249426726172677,3.1870617630280127
116,4,22.697556133268932,0.5861136880320095,5.536086041979632,0.9602579446904533,3.591142509549041
116,5,19.721931252230444,0.5394462969982692,4.828744666023759,1.518495297974244,5.237799448545719
116,6,24.393204475542284,1.9021118447720595,5.458373322192241,1.1368384881624962,4.211396167430897
116,7,20.44135561642122,1.091077941215729,5.416829965231234,1.0528728373999696,4.032220757151104
116,8,34.05946932420686,4.863021266267834,5.967792322504402,1.2514493797478572,4.7664531373096315
116,9,19.487969673340682,1.065571903636545,6.344603875194358,1.1902701258552764,4.831153621177978
116,10,20.99524287131956,0.926677705146479,5.3318489615602935,1.4655297176630615,5.788805619620234
116,11,15.998043251412017,0.7467219784030938,5.907228453378128,1.2224604748683428,4.666506192359096
116,12,16.03158778996565,1.4395828333037426,5.7443233115600005,0.6706317475276453,2.7493528766268374
116,13,74.16158742516086,30.75292914803566,6.3080844353478485,1.1719581982199268,4.785458443407584
116,14,68.4664683667987,28.54429909283897,5.405788838679092,1.2849732590217684,4.944179432965554
116,15,51.183431692869405,12.291044790324953,5.257088176547156,1.313725043187155,5.035377858828817
116,16,54.2989505123461,13.17355567063618,4.780398035577463,1.2875721987762558,4.6407189141982945
116,17,71.8582896014527,19.59757028972655,5.267236875029302,1.2914076135340293,4.862453938041253
116,18,74.59088610452426,11.949246771358126,6.091665490104866,0.9579263653826722,3.797995466597642
116,19,54.26077545914839,4.519420516863143,5.541994757106558,1.17679165037507,4.394504418137568
116,20,52.988310968143296,5.6543841663669765,5.617556582475119,1.1624133307946352,4.457557672494462
116,21,56.46920086243813,6.850510491562577,5.5209767283837365,1.3356452592251973,5.175829703341193
116,22,57.39871306989798,5.416571268819604,6.12145845530117,1.0529551696396044,4.109965840808232
116,23,73.98329633786761,7.923690092977066,5.852260456924088,1.07101067109351,4.09655617077357
116,24,66.94997527204524,5.0152118529817304,5.727621208942206,1.3033611593165126,4.878083314582532
116,25,45.74391819782933,1.392551849816551,5.317270597067704,1.4353765999522654,5.231949554949325
116,26,49.97752198098441,3.340697029809442,5.8347949021134475,1.1616967514635004,4.473389663723799
116,27,37.98830126421974,1.3317534712623254,6.4832708306700315,1.0224443649420891,4.002744439181829
116,28,44.15586655884617,3.3594835681257234,5.923266160837223,0.9458738584096817,3.8150817855198547
116,29,53.88193629538368,3.184929883443677,6.5025161068096935,1.0058675906003867,3.832995318204511
116,30,42.07564072048905,5.020194340698281,6.166651316589723,0.9929208648368881,3.9895313208053036
116,31,42.56622653964278,1.3767036258467584,5.7335504279893765,1.0307833070439187,3.9994745859799816
117,0,33.53424295513343,9.798544743926715,6.603744079061654,0.9644304115283298,3.3955542405661383
117,1,39.355182297775755,1.2358042977938024,4.895296593927879,1.1490927143388934,4.060385425262515
117,2,28.030306832721077,0.35241562474828864,4.656247105882496,1.3995733221837368,4.945495849813222
117,3,28.02169125973925,0.9249081046199622,4.671964691977223,1.0175868617280752,3.549751950892602
117,4,26.27906417081219,0.5388670394291353,5.058296283301068,1.1140506196465623,3.915177540801868
117,5,35.78699921093133,6.026446618319294,4.623080644271031,1.4827288762156883,5.163035603818737
117,6,26.201364472198893,2.902604406768566,5.122874234178145,1.084374471927008,4.022513915977004
117,7,30.825942706899376,4.99459323779509,4.878145344783535,1.0758812381552616,3.8542929266858614
117,8,36.032917402916254,7.301923737405911,5.824867830950904,1.1166758334591513,4.291879630940322
117,9,29.301266487514255,3.536096571057146,6.018298657491898,1.1605073462830928,4.4723130073547805
117,10,32.7162865431103,5.640255062770203,5.616119242913669,1.2837577717689577,5.149683807475207
117,11,34.89161734881584,9.208542626417966,5.813960768734804,1.0529602485686702,4.101615034418725
117,12,15.546349469689465,1.0494359938053892,5.5618553237568555,0.6934148468729164,2.8631231894188773
117,13,48.28059072940087,12.923902376152327,6.371674603907819,1.260236879310881,5.223984446469564
117,14,46.095424360920134,10.392599031291853,5.792911180576088,1.2139687405786201,4.814374425511754
117,15,56.099464305910104,10.192153054863931,5.7545924563964554,1.4070850447540924,5.864085688742008
117,16,69.37913469310455,22.49984644315086,5.802376085068753,1.3738192887478,5.369384146642101
117,17,105.2274916222069,46.827232008555626,6.336343856811377,1.356602568479099,5.5247665928540615
117,18,88.63155492387861,29.254431036579092,6.840443778926186,1.01375536041086,4.176970344812871
117,19,86.18891624476227,24.254409427837288,6.849628142413316,0.9551776437773576,3.9254566958295722
117,20,113.85825986281802,34.899738472444,6.82642404356285,1.1350948054646084,4.463414924343993
117,21,72.58776154772605,11.873865879282645,6.2219089275917465,1.274565721816865,5.094440476917654
117,22,99.30470819873813,18.66033093027552,6.544605016821712,1.2826927928043714,4.928794503614345
117,23,88.53141774681747,11.700336641706178,6.503654389733146,1.2216735378748647,4.756034446140424
117,24,90.14996028965551,12.468264862656437,6.340201246439206,1.3152994048255051,4.870171176099591
117,25,81.56448945802504,5.713329686343151,5.46037709333675,1.5941418232320164,5.944304669968724
117,26,80.97371269765571,13.109074904411386,6.389192548402669,1.263144629832075,4.748960760324112
117,27,75.29891259742094,6.542998525043789,6.381197035647245,1.3593779718483363,5.043121892209264
117,28,61.48002294543758,6.7853839880216285,6.226943152146225,1.1662335144380416,4.570586348588356
117,29,75.908006857216,6.0005003562102,6.891555665891251,1.0237628930192981,3.999592261417716
117,30,71.31326350570852,13.365263015413316,6.5503742861934,1.242651314285081,4.906304418207821
117,31,46.945012560240386,4.1880752880343515,5.997391609033729,1.0661975357422726,4.2050277992316065
118,0,32.797227520821295,8.383225709552505,6.41320782883143,1.0229093126742255,3.741556886609135
118,1,36.6768971720736,1.9145197860157812,5.351575770149861,1.0147012306890497,3.80507253934689
118,2,81.06687813315705,1.9906725625478643,5.3466801039972776,1.2807427223231986,4.83148206166696
118,3,50.36453958109574,1.4234049602414676,5.595681446800555,0.8467998274737045,3.32336549901523
118,4,56.24505702470644,7.714748825322383,5.84791175487776,0.9578036792800901,3.5698532210009066
118,5,96.24038348382909,21.886726406320907,5.7639016589615615,1.1937038152970416,4.370592443755761
118,6,73.31669337729615,13.061394884916297,5.650408269533358,1.0126864088155472,3.8122945963641803
118,7,63.87649723302993,20.209592738965082,5.791797434673834,0.8652579343573308,3.3509999187391206
118,8,93.89403104773497,39.449192946974726,6.33607767221062,1.1480812974104646,4.262274910380924
118,9,113.7151138731032,63.16265797368944,6.384715307862874,1.1803993269615098,4.592612916038627
118,10,140.97059322449417,60.726259807020426,5.947031011774653,1.370321333682325,5.3603545747213
118,11,101.77763495140633,47.87510714752842,6.048536654247505,1.1480432153106248,4.335384621990628
118,12,51.6648163387025,18.287584666545136,6.021913987083751,0.6551014366512362,2.7627405877027065
118,13,101.9740454972965,47.77546085473904,6.355110856583474,1.1701172324742295,4.61891803295987
118,14,142.30664040736514,74.93979571881158,5.6314340560522345,1.2799679855724158,4.8720558415298205
118,15,102.9930953494763,32.84164342171371,5.4395150433062405,1.391854381390182,5.3417999073535025
118,16,52.038676163170315,9.742335816252899,5.231896756204815,1.3530195853259004,4.916809789501076
118,17,61.688219250809894,14.619949697191434,6.425912072215718,1.1060130791084566,4.456117241200486
118,18,62.15101233518037,12.90113114553133,6.066971348656173,1.0398052213769704,4.066843086597396
118,19,41.50387756575448,4.296115376698143,6.417746610704769,1.0332037964097234,4.080711259199301
118,20,62.81769387865992,12.397882307025435,6.361883034220008,1.2198869934122074,4.656840730113312
118,21,59.15980426786962,6.278905242105473,6.153989160957862,1.1207703205350175,4.255479910519794
118,22,55.30536724870448,9.42728997492079,6.9571242041123815,0.9572293975412718,3.8645346097166144
118,23,56.73713965314532,4.3443203162167325,6.861487390928719,0.8729526869507085,3.522305806426671
118,24,53.70450311501762,8.727725615981191,6.509227874597333,1.0754929748895847,4.0597852458703905
118,25,53.20896079895611,3.182145108789681,5.871761724207716,1.2016278980705124,4.512861088191471
118,26,64.81384536277278,9.732246510104694,6.8472921235118545,1.005890227363679,3.9457907552338556
118,27,64.38143060991553,7.726813186743286,7.05940145058228,0.9316365046687629,3.699722683558047
118,28,52.811958529952406,6.65543027309974,6.695039303416958,0.9074083449212136,3.7256607399529185
118,29,40.10008954705918,1.8853985734017908,6.675209117228115,1.0092157905667998,3.734567916788628
118,30,46.05430032041373,7.018499355670455,6.839577419900052,0.9437142525804489,3.7618604313971895
118,31,50.28754908254811,3.8627662437005412,6.069311803558785,0.9153406940002684,3.706906681246499
119,0,21.160777751054468,1.278079293746989,6.299029784523903,1.0468679932192915,3.7202408283318236
119,1,40.17903258594496,1.4646184583628645,4.821580100585846,1.0314703899559028,3.639625115651022
119,2,43.69354337631361,1.1301333071461748,4.893907453076478,1.4858966658124206,5.232473236552526
119,3,25.301110115277687,0.2692137595482935,5.322717179006799,0.8569985100527804,3.2253914716001018
119,4,21.886007913874145,1.1127093607494973,5.349560752731008,1.0328441206654002,3.66992351483949
119,5,15.624715809210663,0.1267778397171556,5.385450074830406,1.2606334565477662,4.449663383369782
119,6,21.444782025101446,1.0591428496946478,5.123646056240506,1.1265821323165461,3.972015146065962
119,7,26.129383292424265,2.694839261353886,5.497208376656806,0.965376593606635,3.5303522739169693
119,8,29.54530222936829,3.908645711064663,5.951705091725826,1.111188044814206,4.106844457972179
119,9,46.07370847007449,15.179379998490798,6.268772877522936,1.0509704026882973,3.978326609105476
119,10,52.26672640802134,12.590890910971847,5.814196996828517,1.21498071248715,4.771660629291154
119,11,44.517812683371574,13.719669164835997,5.910439020058334,1.03147531968974,3.8444467841903616
119,12,22.84751714855989,4.198110707856159,5.468544033532873,0.6662354855893611,2.6993125557035453
119,13,78.66794604214505,31.22626641430997,6.300502189738833,0.9961573576440186,3.963811082014171
119,14,88.90379464200944,36.09511267639652,5.466682739640886,1.2583988110804736,4.7644839827818135
119,15,63.50056141053907,10.811802966896568,5.0763750509917624,1.3651035571894887,4.938330645769563
119,16,45.27371339233116,4.7873174257976565,5.201194094092814,1.4793477747132373,5.507495828180443
119,17,24.88487483851172,0.9567834616390224,6.058185884267773,1.1981359302449173,4.716273430725016
119,18,24.31230004107582,1.0288631993042736,6.101450949253586,0.9776103739430235,3.8527919618108144
119,19,37.182069807899076,2.2757248035305233,6.282537278217184,1.0687530628550777,4.108756350924846
119,20,37.8600678623378,2.681170868856267,5.947387142796506,1.254950907951395,4.680755317843875
119,21,34.54412631113133,1.1120261960305198,5.643778486388909,1.2570003389311069,4.498748087986103
119,22,34.507731116173865,2.431104579517184,6.388913111303857,1.0774393303996703,4.241994329556926
119,23,42.337803069755566,1.6663825457326034,6.232298404260523,1.1206538193351374,4.167579953139892
119,24,35.92325540769312,2.341837157433112,6.023564134968156,1.2404235982430327,4.516894373656165
119,25,36.63880012011833,0.9884765868298736,5.424394139867475,1.316237751075116,4.747107956068355
119,26,37.22199849261416,1.5652947818375418,6.269654507528745,1.1135210531907127,4.268451365806114
119,27,31.505742281930356,0.7685087675034101,6.470484707009384,1.0525165633132527,4.065078294834522
119,28,35.516026509631075,1.9931211247046698,6.05274146536527,0.9153596742801096,3.7013471241778966
119,29,32.44413349905308,0.6171049092914014,6.490062072059359,0.9817351648029131,3.6412635907427564
119,30,26.959759052833753,1.3326992699679994,6.153444008365249,1.0028420548491823,3.837841860238345
119,31,33.49521841118584,1.0846547451483255,5.155217492259686,0.9519456272895344,3.5953041014559655
120,0,26.40230232504641,4.281980290000591,6.649067998868666,0.9477762922861332,3.4892973154779483
120,1,46.76764167005309,1.2587623323542787,5.588013629365183,0.9974833695303884,3.617905396420992
120,2,44.82708063445795,4.2369182153458524,5.021608168309664,1.4115454084666332,4.997318351425614
120,3,24.99758270893925,0.4517098386809197,5.6233635167554965,0.9452173514698874,3.608292477358284
120,4,27.67073520746625,5.32347040645253,5.577493563261498,1.0440859392362407,3.942158610128353
120,5,46.38370986897151,7.5888878505499395,5.316390761727431,1.320629582054404,4.815504424358061
120,6,45.77738923362982,9.518579345740074,5.203069584687629,1.1214889326010251,4.067182935522095
120,7,39.5009557757348,8.923110375377291,5.6381452102941765,1.0826181588356487,4.119269589176756
120,8,44.08661343884004,9.783051222946222,6.259278616842229,1.0731766117807497,4.188050222525982
120,9,53.17011837101184,17.624582221057437,6.1153757905342,1.2181418954237664,4.841202194930582
120,10,57.1697044198454,14.0855862138544,5.544621840356653,1.3200205208428297,5.3328330391664895
120,11,39.86823912929594,10.142679692879007,5.788531069656658,1.20358587188203,4.657174913401372
120,12,27.783493335528096,6.344271316375732,5.714875015815727,0.7280324054751128,3.0138950293462483
120,13,128.4675138837526,64.20036739551028,5.956153364273167,1.1838396842743908,4.600984194452028
120,14,69.81701702255766,18.258799852745213,5.506804521978307,1.3486244115903823,5.018919720362118
120,15,66.86517739355683,18.875437559595127,5.439646108466249,1.407311187374047,5.264693251720528
120,16,57.911686310395936,11.36710840728294,4.779134975032017,1.4783095045056163,5.510743726563732
120,17,45.723226827237724,4.1888152833157,5.567430042079817,1.2715717951815897,4.6999581829193104
120,18,45.155764658799036,3.2034260772450205,5.681316663551784,0.9889423618821738,3.846931395273255
120,19,47.755543989674436,4.02325467711601,5.922870822108498,1.1687009917506472,4.4065639118352085
120,20,41.608418296322924,3.728364043731692,5.674244553231452,1.3710336173038549,4.957603203657126
120,21,51.5532694744841,5.501763491890639,5.232473614515931,1.307666533539206,4.506184787151865
120,22,63.19746828180722,4.5144439061690935,5.875264806118551,1.0329643332171914,3.950766918219769
120,23,44.09871864992436,1.205025167387463,5.596995114237314,1.1190070797515412,3.9589724750870787
120,24,38.49371345319244,1.5546124805515753,5.820419976382427,1.100313123572925,3.9925162669237566
120,25,56.20992521179912,1.336862655337238,4.939227732679325,1.242045023045626,4.209795129773703
120,26,55.91318787895821,3.634296639918255,5.7213570355231775,1.1212140945016085,4.04532515363657
120,27,57.799131317074384,4.125421469192583,5.5638867920760795,1.259594162784735,4.542729489348808
120,28,69.11005260725629,3.368534826868729,5.346300285836689,0.9527233470852909,3.737531338195657
120,29,63.195343354546274,3.164901415092449,5.2864868038706305,1.07498381749856,3.851788394557038
120,30,75.01822306305971,13.710939494149184,4.977323438910226,1.2215752116354563,4.3060778785926805
120,31,57.83126488761598,1.9280581606843885,4.367164181556323,1.1239909516151592,3.8563583124155176
121,0,21.36599229029092,2.1423266266952012,6.187418667293265,1.088334911151219,3.5650860605344437
121,1,23.295674309537212,0.13752203172361355,5.134545787863464,1.0758465656434293,3.858542482564412
121,2,20.861999881576104,0.3704709205609621,4.882414565532651,1.3790198318840545,4.936710283911286
121,3,27.435118688553814,0.7277756432695814,5.795436156746901,0.8568258219563392,3.412288869072558
121,4,20.70520286682126,0.5213886327128225,5.474218790935399,0.993216622423323,3.71391893588604
121,5,28.144986022229,2.5236890449811655,5.132529008451078,1.3555895106183975,4.936292647936733
121,6,22.438349379834378,2.3833683371864685,5.034523055783348,1.211531176576135,4.354488438430335
121,7,32.431804041828805,7.634367753964675,5.1701161931958,1.0261613111906644,3.794799739233874
121,8,34.79914108766555,5.890062704280995,5.722175756997736,1.2117514402986673,4.61727692512218
121,9,43.82833467014548,13.117747848376084,5.980560329327742,1.172531438272567,4.609627633975555
121,10,40.18702379264745,7.535336210080043,5.622358003889303,1.3504887776930383,5.3447154448692356
121,11,48.09023478193818,12.864152173633164,5.70688427812497,1.2243611057766062,4.597059398657115
121,12,30.261493285543157,6.7315251546761665,5.728407725624524,0.6432183221219665,2.6814441859755203
121,13,86.92533788539612,27.584095170724826,6.102032614748292,1.199959971223131,4.705981835552512
121,14,47.179083773273355,7.221184912516783,5.480267588006193,1.2505502019273544,4.8177499570895765
121,15,63.26621481585355,10.26307379484138,5.129732281255387,1.38740689589378,5.265112669800487
121,16,60.43591631333909,14.697638526034932,4.683869459180539,1.631477311343196,6.226406027738836
121,17,47.40545612434221,4.835797783259722,5.826660379315092,1.353031184414073,5.33508444668213
121,18,84.20279115955574,17.71559550876179,5.853971257321394,1.1493200678961344,4.394037263877097
121,19,45.58553880537663,2.8260187194129984,6.134397447865568,1.1667252677474123,4.532486470007548
121,20,63.94735716881005,10.023141565755159,6.1413007976489755,1.3088170055748547,5.097953257362374
121,21,54.80371945037376,2.9834500253114906,5.822468561115949,1.3151460721952688,5.027373868739246
121,22,63.59330748078921,5.633566457791942,6.341725729312235,1.1842873148711544,4.702045605944402
121,23,68.2578718610344,2.3451530440455723,5.931579204589486,1.2550304342773106,4.744233828719937
121,24,82.1351999998341,7.831547257007497,5.707379550116967,1.4214582921832948,5.248576323467232
121,25,81.4277885139255,5.788434103506082,5.071493235202649,1.5548471760309255,5.604428092032827
121,26,97.17629231049865,7.375364990931134,6.074423428721824,1.2731864874716274,4.788164858831695
121,27,77.14934868337261,10.791876869910254,6.511402032636946,1.1916899155782072,4.528860727038753
121,28,76.51172140286239,5.640937408739088,5.782038529761733,1.1379494018911211,4.586164477754238
121,29,63.11795944249528,5.218062201141008,6.339947021380473,1.124873119309731,4.365796579117684
121,30,89.82006539163629,15.951558630275887,6.245002251690356,1.1419390948194232,4.591928272052082
121,31,65.88990418073088,6.375560418532428,5.893448233989359,1.102325637936227,4.312104310693762
122,0,34.930072441759926,9.339424132224114,6.448619490288826,0.9700231646547754,3.5311314759854167
122,1,36.07739262873757,1.0525074889387775,4.855681682726702,1.2120482810295297,4.183937856270684
122,2,45.78970333704636,0.7452587262611885,4.2035011159051745,1.4473471937700042,4.9535848097970305
122,3,41.34142884861259,1.643781118536023,4.883933926706339,1.0696530444433412,3.8496258879497764
122,4,31.654209316765343,3.2768623675935227,5.427383188884212,1.1344899610261603,4.027003868301331
122,5,41.84013676696132,6.9622261450349185,5.526428364291533,1.3153530628956673,4.916298077944318
122,6,30.946137228047192,3.964191978725312,5.247100614658168,1.0498574151617337,3.860812338366363
122,7,24.60264501379396,2.4143479157193766,5.376420875658246,0.9639586028284848,3.601844438606096
122,8,47.58876139658034,13.910645035724572,6.0246105875037115,1.170866791679118,4.47988203594175
122,9,56.59771989860424,22.920863144359796,6.257024612334485,1.13984706651262,4.389621210385968
122,10,51.05194249038906,10.174152270307047,5.657543522054844,1.2394172980069502,4.906609884461673
122,11,43.68470136380395,12.385234424341462,5.809467202539248,1.173375498902419,4.402513084906381
122,12,23.133078048034427,3.6568863989359004,5.370556821069018,0.6744194830045878,2.742182580436137
122,13,68.20034135261619,14.61849471351126,6.294884768512459,1.1494851569378568,4.555172871460927
122,14,76.19812259528813,24.14173562478077,5.8495800318383,1.2338124872730178,4.789354028933399
122,15,45.28545338152406,8.253648804642662,5.840720344184422,1.1743506601048646,4.683368121984307
122,16,38.08393884700058,6.082026870165874,5.362645915737447,1.540256895290911,5.725283185519734
122,17,53.45387704491699,8.884751779084748,5.943259172807865,1.3589085773102747,5.4359871733426415
122,18,56.11109993046382,7.244586483536931,6.576982432201117,1.0653775829705827,4.291856290254138
122,19,51.257959337572245,3.151837407917017,6.536540995988953,0.9843834953436534,4.022241508607756
122,20,50.75137496331942,5.706503494190557,6.395064289391244,1.2074785781101687,4.863940166289046
122,21,43.803658542781086,2.55244099666536,5.853767685426758,1.387223464348181,5.492642886458798
122,22,34.371798188885776,2.5437582797210543,6.28801326205215,1.2241653169008373,4.8669126064041075
122,23,40.84744585491943,1.9443033024758818,6.336005880183792,1.2046505370025322,4.763451930888905
122,24,39.18027634916078,1.0067333490083377,6.23038894461814,1.305145136383996,4.919519754517626
122,25,47.20799305564403,2.7241447305099564,5.542742765683356,1.5184402680507674,5.8319835134669535
122,26,41.1178443349689,1.1490217846337918,6.232203331181042,1.1752973940056153,4.463584803836116
122,27,35.183154761144785,0.896572764996722,6.232740485089288,1.2482378506758742,4.759210719597216
122,28,49.804920010473865,3.055185383913699,5.996105864452765,1.0493614824325803,4.167621753516315
122,29,63.6227894903253,1.352153148939553,6.648823990644392,1.028988409818071,3.9688675763516423
122,30,36.90498624163428,3.5682395855112343,5.893152295751602,1.2807204230385638,4.869404438735273
122,31,27.17002691635911,0.6525772343815954,5.70232031508502,1.0220884497363478,3.975322321823557
123,0,16.44172241076073,2.273470565897669,6.536448290024614,0.9617974211896412,3.531183574498651
123,1,41.05782349464435,1.3178809275431096,5.479986249615873,1.0697213559254166,4.036427596324806
123,2,64.4247728915335,1.691898981604008,4.927580389399494,1.2923384516328413,4.6286043792208895
123,3,45.332682708462585,1.262023956971686,5.748057706322706,0.8997304901599046,3.512886210011365
123,4,37.53057264896113,2.663939678968572,5.813114819455327,0.9974407737990063,3.6502880604230215
123,5,39.14932983211098,3.899417108466168,5.033715695349825,1.2881719029965684,4.3774341249736235
123,6,50.329678544948635,4.764620075960984,5.261448743947241,0.9523721607515494,3.4602360991507926
123,7,30.26612968247381,2.1776786437033104,5.193019015559121,0.8322735537924775,3.1240034643712526
123,8,46.14912743936845,8.096019968871568,5.91325031607893,1.026089844679091,3.8234333227071913
123,9,45.13781160983673,9.939104242971814,6.012366167051382,1.0535296825627505,4.047866747157905
123,10,64.87531466801723,14.91170349130849,5.793223142087885,1.327189946705019,5.029591450388661
123,11,45.62578450983067,11.322478728066365,6.060848587813058,1.162657403911667,4.460224005976032
123,12,21.806136393184282,4.509465147992656,5.275687020438323,0.599319303848926,2.5322167137937894
123,13,55.09228080748275,9.301281040040749,6.297683481014332,1.20580056134291,4.763455245739019
123,14,55.29207838018098,7.16553483750445,5.776898705078473,1.323350439881036,5.139977353568752
123,15,71.1113979621172,18.341804485664014,6.043131226872801,1.2620028040838838,4.960554424774146
123,16,38.81434502914739,5.986517462131875,5.22795126144884,1.4520618456808538,5.323709155763401
123,17,44.212571522983026,5.229859818851025,6.361956445435915,1.1729286838837094,4.60262318465244
123,18,34.591616093119185,2.386484180242573,6.799623506388244,1.037723901547194,4.145283674046192
123,19,42.23089193999908,2.0063867108721367,6.855921713939846,0.9571053512120784,3.857788093789323
123,20,59.11003337310676,7.408294756915488,6.615909447492854,1.1901931949828306,4.67756994146017
123,21,54.95019817654136,5.276266921529754,6.16605750990756,1.2579845117922916,4.8139666881287395
123,22,47.271509147388215,5.911111347779923,6.632446673325375,1.1251474332901834,4.343471141259717
123,23,42.61029135166099,1.1332750610511566,6.512193295454043,1.1615704209412883,4.515502486701811
123,24,31.60144331314006,0.43651228806818554,6.178551749029351,1.3389884759621413,4.9676320210381455
123,25,48.57422540145399,2.0139171766777895,5.6534727903997215,1.4645564494564294,5.41924207316708
123,26,56.13869973482714,6.611643604169811,6.54364202822741,1.170578942853112,4.401900655349883
123,27,39.131632589430545,2.3107669450207324,6.667493097902708,1.0756159963705052,4.082230464577582
123,28,54.602154034502554,5.389405556370223,6.589020426123095,0.8531531955836682,3.5585174062916196
123,29,41.59565248293738,0.9739869696226697,6.523926721471877,0.9541539252226645,3.567656950060448
123,30,50.09924729465306,5.481500823955435,6.3609015421117,1.0764575994876857,4.158453709417828
123,31,41.54744146203564,1.5634057965541959,5.9489789465491345,0.953452806255962,3.7444377620117097
124,0,18.857289898289505,2.0473404268534985,6.613235620590138,1.006023433603402,3.5272319672493073
124,1,34.87398525625281,1.193270064133802,5.069487454636036,1.0913784529207735,4.002798703119352
124,2,44.12761398007818,0.9682249801777577,4.206148405206184,1.668880519656394,5.679609400496665
124,3,34.755832566046394,1.0533153377666502,5.680178042979209,0.8590914823450833,3.3500747889690548
124,4,31.459390543363856,2.359730915469935,5.524506398802204,0.9560917415406758,3.4587193329962758
124,5,34.79038697618312,3.7200278210935642,5.182012378234322,1.2844420017887908,4.5783237401492585
124,6,36.01344512835662,6.263285688852857,5.046207505504988,1.0447996980427359,3.7451882462401715
124,7,21.491585376880842,0.9821348101381389,5.1567275380037,0.9413177619736031,3.458217075935467
124,8,25.628835037340913,1.1996072636388189,5.908201665060715,1.1019647480431383,4.254294961829165
124,9,41.82605011309269,11.378288224773886,5.728650560250299,0.9632597226863489,3.70842177044218
124,10,41.452702749748155,5.821904453295444,5.712704275663189,1.2272322896494083,4.825816139256158
124,11,25.84420223671888,1.2842115022525615,6.120470707848839,1.1016590885842623,4.1415010478972345
124,12,22.8198795198885,2.304506010713732,5.062875410814355,0.6164232570535333,2.548961013417965
124,13,33.56229898639029,2.1859923026856327,5.9487570488716575,1.1333754858302267,4.388441433642986
124,14,26.28812419401978,2.0831517919662903,5.483970908990042,1.3859479526751546,5.37450259833068
124,15,45.04860042336087,4.4023045613456055,5.79056423110261,1.232545042896244,4.725316043493881
124,16,39.45483763566159,5.4634120669363675,5.285186479624902,1.327822835708302,4.968465116828213
124,17,23.931877336879676,0.9437799788891246,6.090399418150712,1.2490059261755926,4.92351222587973
124,18,38.702879485255856,3.0488556233430577,6.3188534513013765,1.054719593677107,4.122263125425349
124,19,32.24871919808076,0.465182205881139,6.352285872194097,1.1156642500129763,4.355720799961276
124,20,25.47297587997392,1.413859752194129,6.276817401829478,1.3417828362562272,5.2136760926860894
124,21,44.38171521526878,3.8943214748004173,5.876471244628516,1.326536405636876,5.021297925765753
124,22,27.777010197085065,1.491511905772199,6.584646262194271,1.094713906476085,4.339437709205088
124,23,36.377169837760405,1.4499074086273605,6.449156312850944,1.0941309843658393,4.255150213100641
124,24,30.586373804775064,1.2597702264600747,6.2794550494515615,1.2510131358539587,4.649051597187274
124,25,28.77456819174935,0.059194540201371874,5.694925826793554,1.3374792945695102,4.973641381010879
124,26,32.165565237462175,1.103768675418325,6.4775994242219985,1.1592589731551346,4.405086130553569
124,27,31.695017629469298,1.0207816796539235,6.553136093226451,1.1061122975892133,4.190176658795214
124,28,30.65872995578648,1.138812540409285,6.089554441933384,1.0006313826713757,4.014337774751856
124,29,43.83256381914342,4.047377580676802,6.644684982538314,1.03506662313215,3.9074163220816467
124,30,29.28581219074625,2.225466873441037,6.525217137913698,0.9848028820033994,3.949475870384186
124,31,38.87805381201937,2.943815250799477,5.841474430193047,0.9875472049200109,3.9109136170047667
125,0,25.494285703764824,3.256106107213034,6.3969401078589785,1.079325624889166,3.7489544916268405
125,1,37.865094164016796,0.7705811143071664,4.872589072942536,1.1151007887521667,3.8827982556332183
125,2,27.77401391143775,1.0754560931230146,4.39316674372051,1.6946113478545612,6.01857468421961
125,3,26.55463630450427,0.5399700595749989,5.141750490665663,1.0324288862752349,3.7256042158546716
125,4,18.990303687957937,0.06863802776125336,5.127562172278234,1.1816649253986062,4.094957085772871
125,5,28.33715244179453,2.6714196934422927,4.610002948022755,1.4872412931889372,5.022211805912792
125,6,30.08761260372473,4.289385596963146,4.840745186118282,1.1022692352959425,3.8683589188392973
125,7,18.841483334732562,2.1740557683379773,4.819677234926905,1.0925820759158542,3.7969050921833847
125,8,35.846459456541126,5.727386874695664,5.693088732427955,1.1607267885663477,4.2257780709422015
125,9,70.44244763467665,29.551874308788257,6.047016073750969,1.2864539640352657,4.939945080120773
125,10,44.005951309438956,8.904542118820402,5.502468409163672,1.3544239578956168,5.407368943842058
125,11,33.53268235319037,5.814482227965339,5.899993722653654,1.3473883951064298,5.175048553443335
125,12,25.69159331530843,5.094146491397993,5.760706588035193,0.6653724068476752,2.7982273683082064
125,13,74.15651489670927,20.98228425684009,6.556787980660145,1.0593029144005799,4.318640031607482
125,14,60.099817386087324,11.266832223603277,5.590205374535295,1.2810284379450687,4.8960326767000435
125,15,45.601227703825266,4.966938912228449,5.566306959500535,1.2843050736838713,4.909563444507226
125,16,40.78590293505254,4.483036691768574,5.410224040063676,1.2958273523739123,4.9090342325342515
125,17,39.01482198842948,3.838766182230014,6.151957861151979,1.1694929022019043,4.663746354596827
125,18,34.20183049657041,3.999395783824407,6.469855817723644,0.9875807559932301,3.9610519129299018
125,19,46.23897050004359,3.555657592766635,6.463246999522864,1.092442708234893,4.2476422933831905
125,20,45.56370687498044,6.517623224378409,5.970805115334526,1.329323027104154,5.104716627312538
125,21,50.667324336741814,6.352353273309095,5.602592500727182,1.3857919699018337,5.151987158776735
125,22,40.31560330168301,2.1447828563784928,6.477221307267156,1.0897668224760935,4.348114798907959
125,23,36.70256116531938,0.7927385493358845,6.156093387125943,1.1798023008367702,4.368591795659601
125,24,30.39800531618178,0.40822227897015545,6.045366352503882,1.2626082503530078,4.549874198537394
125,25,44.92427160294228,1.365097701031476,5.4971048829218745,1.383333964678819,5.0824301069563615
125,26,44.453294962769206,1.3612057476569013,6.481908302597878,1.1161322401652196,4.308893448684632
125,27,38.22793336686537,0.9013097094279813,6.141363323588905,1.209571970920237,4.392221191373632
125,28,59.722045314755384,3.1535912224050158,6.1166729461750124,1.0067601330434046,3.9825866268668
125,29,44.7625050024417,1.434760083254461,6.577671570577838,1.0117920011848263,3.7138907802269827
125,30,38.14074664706634,3.2974947242084838,6.2843977768948776,1.0556540621595065,4.089498187363133
125,31,42.125959901718616,1.8857448792895584,5.586577867380534,0.9297895104826477,3.6111407826644584
126,0,31.842034385026487,7.163118732608289,6.647232773202338,0.9288101026897042,3.3226550474403598
126,1,47.65114000561899,1.7421146754250003,5.7155497000801825,0.963021460707858,3.6397819251087182
126,2,41.95342966084393,0.8800501793555882,4.880489411876333,1.5408261147427975,5.477077385693544
126,3,41.935620523401866,1.2874172892096603,5.85295663004128,0.8987789823204908,3.5031729840654933
126,4,24.331206852371736,0.631930311682597,5.507475948124717,1.0435564537076134,3.7837756680656858
126,5,41.489040220741074,7.91320476443635,5.044158997400526,1.438014716168519,4.916441619999737
126,6,32.014491800986235,5.598745757094427,5.163603855933344,1.2472364948414905,4.339999631699859
126,7,20.10487799458535,1.4052341681201845,4.971259152775703,1.0854482572912882,3.8630232856916904
126,8,42.050342918516314,5.5442075149455565,5.830008150135916,1.2428130668120811,4.651795090949981
126,9,55.464496283100004,15.665763776919173,6.188037079080204,1.2170879599305904,4.756456396030436
126,10,41.76721685432192,5.556888648671133,5.71742636079696,1.2912998185654017,5.090523160145011
126,11,29.950814460349847,5.38561331987133,5.978142491384319,1.3044676420052195,5.001290526054061
126,12,22.786490129123283,3.7903663116919626,5.667000275521607,0.6341768196981423,2.726461435273034
126,13,45.16823393279304,5.016970819412408,6.554195064905115,1.1865955571371591,4.859552934581428
126,14,61.324599915025885,12.014715189974062,5.830037258070101,1.3410679778039052,5.392826480315504
126,15,58.4752312384745,15.365107560784516,5.55272922961477,1.4434584508283406,5.830370993859259
126,16,70.57616819380894,20.83703918401079,4.904537123827206,1.6583135603818855,6.402377849786676
126,17,78.03837515665806,28.444741112604838,5.594499058841152,1.5158339248211892,5.949696852292636
126,18,75.87518140465532,24.369846262373883,6.360295642447435,1.1498019755598872,4.543431805134005
126,19,55.576134248029,6.346303779749075,6.443658797820396,1.163096053654768,4.673000575633234
126,20,67.2133695184228,13.862750785601037,6.067539603665879,1.4198484044173378,5.62724199297161
126,21,59.19841587685728,10.172435396751977,5.6949864069033325,1.519773491305001,5.817125659044471
126,22,55.844784118251226,7.722590914105972,6.214316126197261,1.3042888534165034,5.193850645713575
126,23,48.63596163770433,2.0606846657422513,6.089930285432531,1.2566495766587167,4.829203437541009
126,24,50.56183468881345,2.903125524566313,6.061775972488759,1.3558242529371354,5.151714558516068
126,25,59.45122484054272,3.2646095428451956,5.338464119949387,1.4988567300373488,5.494474840056001
126,26,61.14281451490919,5.257960804514772,6.320457816639795,1.2844627675365983,5.033360031327142
126,27,41.93820358002108,1.2640543530435486,6.517784957064833,1.2065368958926435,4.6821350009655465
126,28,54.36403751562671,5.316186413783356,6.168201367249341,1.1178721425676654,4.615961091452018
126,29,43.272638191448024,0.5128881994390005,6.566098796600125,1.0926923046870902,4.10937702471054
126,30,36.39529417920343,1.8850161768695217,6.209931485997569,1.2049412444041723,4.9338798623408096
126,31,41.65217259840455,1.7729409611868099,6.0945950428821885,1.065247182942283,4.309406472278707
127,0,20.891553603117245,2.582967885282601,6.480651535896266,0.9692900744179784,3.5427309637117164
127,1,37.9821722370054,0.7093853504273623,5.117286444338698,1.1539618384358015,4.116790360392228
127,2,42.75801658777944,0.804309908913112,4.453614564146466,1.626564272689139,5.803427709395292
127,3,32.13973682135753,1.1330510790117823,4.891935355572064,0.9357012587950964,3.453445733074698
127,4,31.97861138300289,1.145649935823844,5.297722524564409,1.1156431099251423,3.8798610065557626
127,5,38.47618879099274,4.579787758677623,4.977490234836528,1.4045157711033394,4.768635822154796
127,6,32.726412781555226,2.6690812432941486,5.0947386939071695,1.0907844941049376,3.958037118506916
127,7,34.434853975062445,7.60015029506952,4.823764708636921,1.1741983619822465,4.015115302184633
127,8,43.84606030054414,6.910684093889094,5.741582379132177,1.1385599935499195,4.32421377595205
127,9,34.13315863591663,4.780405685413553,6.043953478284196,1.2146954870796858,4.686250397992486
127,10,43.753278549111684,6.667134062044038,5.7554000285982,1.3799018931602447,5.482953830763467
127,11,38.011011737868145,7.887167646133651,5.721390330537169,1.2979442491884923,4.878485893810264
127,12,21.565140113864377,3.614695944590042,5.232325903617781,0.6496140817429445,2.6063136063406893
127,13,68.9449739517099,17.57677981961222,5.728425371535754,1.3611890633170622,5.305440039125371
127,14,99.23031592820848,40.143414766157136,5.030687121502495,1.3998906932630657,5.295870648928053
127,15,68.10866337044504,13.871926224073079,5.623543840579318,1.339617981709825,5.247448102695734
127,16,51.87356767479628,11.327770984812767,4.99292417827278,1.4890301011158042,5.391630464667654
127,17,43.28394888115949,6.607851453461282,5.819831963654373,1.3387273128406534,4.918575793108373
127,18,65.53816173052735,16.46323781513427,6.273056577158648,1.1228420217920307,4.249464455475249
127,19,65.93072102944052,8.559363290931762,6.388499569048256,1.0820823069057726,4.088390722432058
127,20,53.95144287740495,11.616634566985123,5.852684555216506,1.2387522112218017,4.634410877219527
127,21,60.54824970254091,3.706175428404852,5.761069624109869,1.261531639656564,4.666231295651608
127,22,55.69476064376395,4.9938257211462584,6.062738550566118,1.1153429908839083,4.127161034380035
127,23,51.09369730261837,3.674327577480155,6.104513660329972,1.2110689500759468,4.549102535564122
127,24,61.94576266419494,9.445806056440418,5.629891020858456,1.3848196426239028,4.8519298844563
127,25,59.155031756092335,2.0307864679201213,5.435306725247399,1.3910678865812232,4.959686879352515
127,26,54.856865257218246,4.6526911295235545,6.432756207822538,1.1580836636076182,4.284622274772675
127,27,54.081429264904656,6.822790435355056,6.231912583323,1.1002112603105196,3.9749787942428534
127,28,56.02051899897671,4.931002001502518,6.448030876726543,0.8670269254599567,3.5701433696872003
127,29,59.995015206773715,2.913587806737832,6.55168062867441,0.9916357238486837,3.651269642128553
127,30,45.215562758638725,4.221211989306446,6.460239492043353,0.977266590302917,3.805351880135091
127,31,41.45311680870433,3.937153572651898,5.780895805668587,1.0260438160815504,3.8816365741327776
128,0,12.886066606553278,0.6391788761632785,6.5784710779915905,1.0221101157330512,3.6273224817059417
128,1,31.94656985225725,0.514324906198924,4.849600136927513,1.0556228902504792,3.6556138992003677
128,2,60.071180617732566,1.126035285284186,4.853206068502618,1.3362224196065275,4.78455015328477
128,3,53.38665047151777,0.7332082359233747,5.296883502310465,0.7927268419724278,3.0910407412256014
128,4,38.980692132402254,4.096340089624473,5.482665099168036,0.9360697343494184,3.3706110177711355
128,5,61.722424768904276,5.941772554608391,4.864280113778262,1.3496188564329197,4.413352976393804
128,6,62.34738408676674,3.5712775095979317,5.724020169444877,1.0068762110792946,3.7525312649370774
128,7,38.78609929248006,8.109246766146022,5.281316298036138,1.1128444985060844,3.837387824347429
128,8,90.22845044020806,31.275042543018884,6.108135926889876,1.3397978611719452,4.920464487896002
128,9,78.20520011105087,30.11943737034728,6.249896256752679,1.3068042149023391,5.154421866060947
128,10,86.4466012206563,28.15562893633075,5.667734824358912,1.486934035747745,5.967304446237809
128,11,77.68469252518948,33.93741117168013,6.076527167781792,1.4036138800118971,5.436089677874654
128,12,36.409196198223746,9.099864448025988,5.6306963218801656,0.6635960940758867,2.686195425128933
128,13,73.74566895119706,15.624401864532551,5.941739413926268,1.2660058695671736,4.874641548816128
128,14,60.304561426587895,15.842458861823884,4.895863571412869,1.1742350904724432,4.274641701010839
128,15,52.074880608321976,5.889075004064405,5.138199513241762,1.3043531981527483,4.716164975732914
128,16,44.412583612578544,4.766527353116306,4.464708896958059,1.4422484822968071,4.923450905512607
128,17,24.568585341756446,2.5510083734772255,5.269678344861044,1.3937782443163371,4.925698037846191
128,18,31.42830087682357,2.1245707118896293,5.976310669578007,1.1677204620247963,4.470598856512669
128,19,34.82884646737631,1.420307604135648,6.010598196756757,1.218075404968773,4.567853457024981
128,20,44.24617270411959,5.5378957023428255,5.96536283239878,1.2436069801292442,4.677155553604182
128,21,44.99230330165123,5.97101934503788,5.48454575125429,1.179428855515015,4.373412768394489
128,22,29.909892407608996,0.44965665370907854,5.963183297021769,1.1197943671811297,4.164724289084311
128,23,34.53285390007095,1.049666034101344,6.029375415433041,1.1181509729748722,4.238539741847518
128,24,26.762729387935842,0.1571355308589187,5.365368908335835,1.3470699842650653,4.676340407251056
128,25,38.47002648046788,0.4766476420698261,4.831313376222413,1.3951501515558489,4.743197133585266
128,26,47.2189789451195,4.048306778832873,5.9999144879894395,1.1939976112051252,4.415775745934683
128,27,36.62125631212151,1.455815392932343,6.289337118624534,1.1325216003174052,4.213983560623812
128,28,34.820374555706564,0.6638948454039679,5.716557914623637,0.8777204884172001,3.488284553946648
128,29,42.08500844232475,1.1680861426627311,6.073315878172906,0.9997012290285836,3.6808261037370764
128,30,28.906941362976596,0.8331886232281431,6.195072028762173,0.9474422625880781,3.6954230037495717
128,31,30.035472085701766,0.5590162900065524,5.533392772353273,1.0241342498632564,3.8228404060028245
129,0,10.294632653837702,0.6238056338338446,6.663702523606632,1.0170343549855057,3.5679203502036603
129,1,24.054662904025975,0.4072835029565539,4.805597235169236,1.1146028397019672,3.747681950709401
129,2,42.11520262378744,0.8796486789522953,4.480253634366086,1.495570587823412,5.227022202156027
129,3,22.741954504214412,1.0153787237433787,4.799928023028445,0.855357441208481,3.1542614489293013
129,4,29.575292402994208,1.3667746767202475,5.208971733059631,1.024430250750231,3.6032611085410156
129,5,20.510826813640566,0.7245882049859231,5.124253908811486,1.354025137803304,4.559661681371492
129,6,35.991639773980054,3.195567791130923,4.99793552631875,1.132351716443039,4.087632842469934
129,7,24.297502172079827,2.463327916755373,4.985668420315428,1.1085503160698966,3.872801368729533
129,8,36.46821558313408,5.6037386964818685,5.793266587890557,1.3058848207590463,4.893307178921443
129,9,24.3548367959407,3.6700566659659515,6.036312751604926,1.3363972079463098,5.264264276374224
129,10,53.219517409506246,9.83154770404672,5.303594312299447,1.552216245974467,6.251268768973327
129,11,70.82505641006003,27.80365135652285,5.75485823002789,1.280797579812229,4.958012686338975
129,12,35.41900632688094,9.704836358052363,4.856782464711029,0.7367563678693765,2.9391392005758203
129,13,64.67333706135871,13.508297173049652,5.729823873174012,1.3919701757319265,5.616940481037975
129,14,62.408991813487354,11.680967930401568,5.570734819699114,1.2968801826978664,5.214652916884276
129,15,51.164600444164805,6.129148589665712,5.241520778354049,1.477513219015612,5.752180892035694
129,16,39.59681050377094,4.911286652715689,4.933945832687143,1.5561861155039782,5.993918416867649
129,17,36.18225820340734,3.8797917862329907,5.228068655655604,1.6007750906655414,6.19368548423951
129,18,49.11249274379962,4.974093895917905,6.019066565382195,1.187214031477815,4.653939388198037
129,19,57.95041406643516,6.145579710665445,5.868346314711781,1.230980869156653,4.88522552990062
129,20,53.502858001807994,7.861910309250301,6.079675617192727,1.435419715078683,5.7941587173055416
129,21,72.04197523003575,7.299054936729469,5.561667127987265,1.4736719018228879,5.678308581416422
129,22,43.19746892263652,3.742253897251215,6.057418039585904,1.274971681061662,4.983066142125195
129,23,37.315055077981604,1.374350102843159,5.963887314602925,1.269982442726021,4.846373645857702
129,24,33.72791233426537,1.0093023782723938,5.578741450791279,1.4908630753301582,5.383261044854764
129,25,30.316494184998405,0.5641197284552536,5.155901149041427,1.5080761475519502,5.337570489531682
129,26,58.473928475911066,7.0595884329800835,6.0193270387538105,1.3298161265078914,5.1910574166239485
129,27,30.43818465151064,0.8368488048383406,6.544337618928741,1.1290719053449028,4.47365731197472
129,28,43.12523606242951,3.599895566125856,5.729275142357246,1.080783910251867,4.426564386278809
129,29,62.81694439274884,5.6756246668311725,6.18602499963193,1.128013754162506,4.3068455831942
129,30,43.86448255368868,3.182543922747865,5.995391814293484,1.1332966199016523,4.577517114174069
129,31,41.881918161520844,5.358435207855148,5.593245238985592,1.0808845945841439,4.290156696850361
130,0,68.25834594659344,30.2086333306123,6.499590001894104,1.3306246274641556,5.032480327391102
130,1,67.92226831302415,3.6277616649488413,5.698707711228806,1.182672020197555,4.428979059700407
130,2,54.536960657556,1.492240671942834,4.966503353307802,1.6240776244637551,6.211684546324856
130,3,34.89073685136674,0.9970840271819159,5.477525931008045,1.072883233622278,4.064745174497832
130,4,44.29000232787773,4.301820530852423,5.600018844144634,1.1522455272681364,4.172852702031691
130,5,53.959928129424384,8.832492843429417,5.294531662747357,1.5470291996725045,5.680794893890037
130,6,37.974952141143476,4.658355360047244,5.414882802595445,1.0842112040564729,3.9398261053951833
130,7,30.41837066339597,4.639622171753851,5.249857176870536,1.1810906734740776,4.17305811547537
130,8,54.74897138488649,14.42941741774478,5.7830731527112045,1.2227458997317973,4.541400519564909
130,9,70.41084961956436,23.334061010497187,6.243015960335873,1.2286351285363626,4.923763451164657
130,10,58.30536768887789,10.456153299725194,5.786901047015352,1.3512356582660416,5.53024289925649
130,11,37.63280704306944,8.20694052965048,5.784572490766536,1.2125718724398737,4.760594600053686
130,12,25.971964260037723,5.728464792689594,5.4556431368391936,0.8112731259470269,3.2479831325181947
130,13,61.34498324056237,9.790880789138159,6.327874568005876,1.1259826758283502,4.503694374383934
130,14,91.42013115593039,32.828704587397226,5.748246280173178,1.27448953359068,5.076569874096337
130,15,82.04205012647805,24.36120733777208,5.400488895103896,1.3499705554698513,5.59933280704244
130,16,90.69640570756464,19.598588215644536,5.23843108896946,1.3311643492682457,5.211071932265764
130,17,62.56504878915598,10.884592016711913,6.018569727390797,1.2355350573944053,4.824797927138436
130,18,92.13836313501474,26.161305271324363,6.354481495620956,0.9544118383926179,3.9032800905412617
130,19,71.46084437463249,19.524616592416187,5.936342168753511,0.825018744846802,3.411138278803953
130,20,111.21177267408368,34.315251153516876,5.736089736984917,1.0900475209306473,4.4251681550176745
130,21,98.656508628379,18.962931395434214,5.606266503782205,1.1551617818893751,4.552001329139717
130,22,120.82537935441414,23.924655615576572,6.0296090083972205,1.0302056235773112,4.023446003104326
130,23,106.75114428263473,14.44861764627452,5.89866717747202,1.1302145937597015,4.446484018671182
130,24,97.56202016195589,16.17772215562246,5.881412521671605,1.0328888022351448,4.027026318765912
130,25,81.65109013853736,4.754513895464665,5.465899897776224,1.297469947593279,4.666066205170874
130,26,96.17190581364841,13.913854694246425,5.438448822018037,1.0067789227539992,3.8182250635353383
130,27,83.91224014824535,9.889042665790171,6.06924267868996,1.1346644903387455,4.350166104925249
130,28,67.2463675535678,5.85848327647117,5.295980142200225,1.2796416325029423,4.865966163765421
130,29,84.26976756356359,8.808566768495293,6.160326549042876,1.0426848027381022,3.8789609710048167
130,30,86.40486458352913,11.212062686864487,5.588813199107112,0.9657147554740897,3.7918331922051367
130,31,56.72063310585957,4.158834952393487,5.733372036611989,0.8797170568293531,3.6773838157675947
131,0,63.2696759617314,23.346515044822688,5.947038094314536,1.0601810741857562,3.6306728805572277
131,1,49.790256047572754,2.3710954092106453,4.8691319867076235,1.2259877382443483,4.293292325677316
131,2,54.92579913346404,1.0735341647346406,4.530258458141242,1.5812110361572618,5.8186292921166345
131,3,50.9917869427624,1.1140953687040338,5.598894702907462,1.0857127139183875,4.046171942207033
131,4,44.47686622218515,2.573299724806615,5.69751802589336,0.9958859840542198,3.7971681957045136
131,5,35.07017429002975,2.2369614194471428,5.130915089522697,1.4147902399394843,5.039551318495759
131,6,49.60787256026589,5.279553377335338,5.505827173787587,0.9065180558630246,3.5471526125035258
131,7,47.57360850030241,7.416712995028785,5.335439440256688,1.0182867077268574,3.7221773449165765
131,8,63.01551626976277,12.892408503353384,6.108620570574818,1.0143867053252595,3.8663384413359254
131,9,52.364035797522845,7.453463417542403,5.730290589295399,1.0509734045813781,3.9871395784268415
131,10,62.403700309980344,14.099469577752746,5.757679982898727,1.0744679747872894,4.303369497389079
131,11,50.10855640197366,10.803450132645223,5.738099236740563,0.9474259279567132,3.65990337917625
131,12,34.384578953456405,9.072259604043094,5.651916301958556,0.6739713737537993,2.8753910511535277
131,13,46.644504259137804,4.929648457296888,5.714695609332841,1.0775455945810695,4.197115196739158
131,14,54.619933146061996,7.618745352474106,4.865727146492248,1.2744953242051995,4.817175473412306
131,15,52.41941720087729,8.157686697681662,5.528323256147717,1.1869297322277976,4.810531755633662
131,16,39.45031407930025,3.344751160016555,5.365155552074819,1.317297760534796,5.071949612933471
131,17,46.25446677517602,5.877919922811667,6.151835193390749,1.118981756177626,4.529058277656687
131,18,50.98997280720751,6.489114031183314,6.433564596778734,0.9140862614078795,3.706342669160395
131,19,38.24111153943241,4.655896663732279,5.919854546043205,0.9119768581490453,3.7207125223753303
131,20,73.38356471121583,21.86206862697896,5.796161239966812,1.1343666949211002,4.394329556196629
131,21,47.15488778700669,2.12041752133757,5.432434375254049,1.1773014647433016,4.56201341799245
131,22,52.8005939812757,5.714003793359568,6.002153717115572,1.1229483604464843,4.3491535204592955
131,23,52.69427331198504,2.3913372797472174,5.945932521336006,1.2095118007800494,4.621870188010433
131,24,59.81381782734141,8.544244620685308,5.484018645439828,1.1770496790668945,4.1666137391315115
131,25,38.9956345189192,0.9461507857851135,4.737704692205796,1.2929138104179891,4.436327507997344
131,26,49.53655086228078,3.5815313792350505,5.638605233738442,1.0776614086061116,3.8934717018260487
131,27,73.55980661647334,8.50281537413729,6.026351340815161,1.2903339340962061,4.728685466597321
131,28,39.50008666113716,2.625672814504972,5.6650787952281085,1.1806208535097156,4.5423388243142275
131,29,47.62710562750409,2.9696623925467573,6.244529300556217,1.0043946252308151,3.883614942726167
131,30,57.35171583552231,6.105781888724414,5.908038842471893,1.253051002171107,4.875042663898741
131,31,40.349332410921754,3.1396289667982824,5.428988422064905,1.052101056908671,4.219900169789315
132,0,59.36052011809614,25.547598261846,6.271353583058171,1.2951947690507284,4.755849476155353
132,1,20.4514487704772,0.45447758441737574,5.067377051905356,1.1573189290223578,4.137595604446487
132,2,41.47101075839868,1.3003953065033207,4.751360897012622,1.4126066856429533,5.16562836850864
132,3,18.245897682481434,0.26432468588763575,5.49500756465634,1.0539004867654276,3.87089221354672
132,4,25.500558953144832,3.700455302233572,5.770769177215373,1.0105528916173947,3.8836582223803853
132,5,26.307892220789473,1.1903834039518792,5.495340880302974,1.3009924940338085,4.7515806647975865
132,6,25.524788377074927,1.4426683995507734,5.388595225422469,0.9444589177624092,3.5449225238871915
132,7,33.26300540637823,5.854809180914373,5.420809370825825,1.008565727117496,3.7842130580132896
132,8,56.56346495302929,10.907917128660369,6.373417058633929,0.9784892289282006,3.7256259744440086
132,9,53.08575433086829,7.764653363318543,6.558208533475316,1.0706848429848659,4.180786654198007
132,10,50.706979810758405,11.12926808681718,6.098922331366391,1.2484844495407996,4.991416300577012
132,11,44.67476903663744,9.377129086705567,6.179690366260642,0.9425155734900823,3.7587475348935917
132,12,28.09343795220275,4.83326833422146,5.889926513334244,0.6469917070418489,2.8216243339327147
132,13,64.81054641987758,11.118625837760472,5.962120925594038,1.0140611062407716,3.875141378504346
132,14,61.14165838977489,11.144221926132168,5.433781713847864,1.2404378806411414,4.676283543870559
132,15,49.04472216218244,6.065011526521175,5.94265757368897,1.3017449520151851,5.321010086860891
132,16,73.81032468380009,8.576879750117632,5.864834632548494,1.34632393639638,5.239115140785536
132,17,62.002964542443294,12.705392911498027,6.058609499771738,1.3340804014234573,5.212867049016409
132,18,55.260173258919394,3.5774965417158406,6.77443509155975,1.038210707288271,4.298440543803686
132,19,57.31097323589958,5.070417234612981,6.744531478021026,0.9508353064632606,3.922829945315907
132,20,56.3277377551393,9.220504285974402,6.488969097441133,1.198761189735821,4.715439320750048
132,21,53.17804595753188,2.5782349581677146,5.864582667325626,1.3176146350100586,5.123587043079844
132,22,57.26407614364193,3.9393303362880507,6.38872476878362,1.292889488726784,5.054417292504031
132,23,50.98166464295756,4.141956154700637,6.424343927957041,1.2368191654900231,4.8260276941425255
132,24,57.61049150070483,1.5858100302289322,6.345011845436594,1.2505872943655358,4.747316611397153
132,25,38.24304902697486,0.9341915551611553,5.288563185958662,1.4271301300964012,5.200066827334568
132,26,46.60080063898765,2.156368754055337,6.179990604171351,1.2055772219553873,4.532596790693514
132,27,38.62613396024726,2.032303617935173,6.260447007678339,1.390716058387346,5.324387015455094
132,28,46.41819946728003,3.2262485869549056,6.203373931442177,1.1263469760682634,4.5537067976798
132,29,62.376324300693426,3.036059395989886,6.849252033519424,1.0087000040804428,4.0312430535250305
132,30,35.41519200516241,2.831102689534271,6.071651088931273,1.335844560804536,5.189122611912304
132,31,45.416907163801646,1.636105246662438,5.835596415187442,1.0899115364414254,4.316052401148295
133,0,56.343813051915426,25.06455265800442,6.728640153489417,0.8947098847670638,3.2355851824461803
133,1,50.423634206145394,3.5033684014760427,5.70774666570073,1.1166129249349472,4.131352702089396
133,2,110.67755780663201,5.742030222060233,5.959052288097158,1.2895735922427534,4.909906808842845
133,3,68.43452880555643,3.1181741293103573,6.466078053859863,0.9047169314719916,3.484367445609642
133,4,62.108894957155265,12.637956325405884,6.368699732788269,0.9796137887747562,3.6656873839127084
133,5,78.17743460282873,9.382375271768689,5.649754437648998,1.3230192954711368,4.674349698950248
133,6,82.46103469550755,13.789383546362924,6.154892930409293,1.0097211879212873,3.8185848479877937
133,7,47.17726293616387,8.490612830582512,6.1146955507908585,0.9384118322945163,3.5888176398179903
133,8,72.4027520021605,15.497768754066863,6.452699460410525,1.17343080780371,4.290272091772301
133,9,58.04036400493796,9.598834987140783,6.3109387106910155,1.18100722191115,4.469999192939387
133,10,99.0748817285609,27.23714893919369,5.833414061830942,1.3204036458632356,5.049790927799164
133,11,73.54678245594593,26.125540872503034,5.876749600377698,1.223491669964634,4.568448863403109
133,12,26.985976386693117,3.4686564188051827,6.088481376780523,0.6088201701431073,2.691283473785834
133,13,70.89263395151049,17.09511587228985,6.004012526273046,1.0195554252692132,3.942023563564951
133,14,82.25948086810762,25.088486400042633,5.0653710223196,1.241306929495928,4.510542291497123
133,15,69.89342634941144,15.477554528740853,5.704284947939284,1.2606516621189439,4.917096593653079
133,16,51.872450375016875,6.400287192206855,5.659570919765749,1.2236998315013414,4.5578825520507555
133,17,68.74307140765467,17.071417589431555,6.454623849229131,1.1524948417480445,4.564136087611319
133,18,58.98609823285284,7.850740872373351,6.342004638274641,0.9660103697644127,3.8481240303627735
133,19,50.20683169966846,4.775379100870193,6.596210641273682,0.9540932262663269,3.8245270671715033
133,20,63.0123941821692,8.63056180691655,6.266543014959907,1.280118371455453,4.9073081612147025
133,21,60.78862049654473,8.908395217900303,6.072528989972131,1.2341853864574404,4.63688484125088
133,22,61.24663385352485,8.168025232315381,6.904395219057447,0.9509983157598008,3.860330354949595
133,23,51.78902417232936,6.974182361364247,6.6562350460696935,0.990819395661517,3.8644054102605714
133,24,48.65097370250256,4.245953953989837,6.2824247129462325,1.1741493900126514,4.317264389856708
133,25,46.70873646561881,3.0065609030985625,5.609940812470942,1.2816425569490324,4.651837596336989
133,26,67.97958867064996,9.804302868282557,6.6789449316905705,1.0599914159984687,4.149091977572024
133,27,54.72448307522614,4.291380830957182,6.783756949249658,1.0564824742212844,4.1211707090760115
133,28,48.147352846903225,4.68201729089311,6.593972284349743,0.968685859652318,3.902112905834117
133,29,42.18868516920122,1.158070031423791,6.691829065108038,1.011862981560471,3.7281292273445215
133,30,57.39006726438231,8.816746216709046,6.708438146959777,0.9958543025911952,3.941763894083448
133,31,49.04669148655143,3.023699180772339,6.202410758746605,0.9357715134152462,3.788045672263121
134,0,27.154694126902868,4.645709678353923,6.303551036732836,1.1054632553671464,3.8204092438360027
134,1,43.54797818802801,1.0170494792685252,4.772200205490216,1.047371293475111,3.6559410413034357
134,2,51.97178464088972,1.2270579474360792,5.008316664735553,1.5063130354958076,5.387202800423725
134,3,34.652913340237326,0.5882197994916175,5.289776015027855,0.8210210818490049,3.0930619125473187
134,4,32.06115035312731,0.6505916109373004,5.5500899796524195,0.9999454845112865,3.637809412585361
134,5,26.2590315249509,0.8646623118202925,5.444287679642512,1.2483448634396703,4.402536952318229
134,6,37.38130516253251,1.492703554360011,5.584311659274564,0.9782195710265276,3.6247070948326185
134,7,26.34698180632558,2.6067958210287268,5.38604820718017,0.9311340934946672,3.434269673822918
134,8,40.044070502189854,2.985500386807106,6.129235799632406,1.0528463836772541,3.995760425830786
134,9,34.41276784147435,1.8517417371635583,5.996103107758481,1.0179574565809713,3.7840804684669447
134,10,55.52697964099725,9.510088269902251,5.434947753883581,1.2515505080869307,4.8992361090948915
134,11,35.891213412078145,5.077760267903527,5.709281924788032,1.0445971272883314,3.896439746422364
134,12,28.45379927402255,2.6986495372430923,5.1863019845719505,0.5598212931501321,2.4431162095734944
134,13,50.29033123151798,9.867270243684143,5.911465346640126,0.8858047674826084,3.5909360239692405
134,14,102.4198490087953,37.250459528010325,5.290313382255006,1.1318646670510333,4.202699883431157
134,15,57.7109941659583,6.954087813783797,5.162033657969729,1.1503372933603204,4.332646113729216
134,16,54.274749858936815,7.985348970339726,5.297730589666584,1.091707440541514,4.106672494595553
134,17,41.76037718394557,7.142908326952439,5.930897785070991,1.1955152157112199,4.725010197428936
134,18,43.7804708705333,3.6281535103301366,6.357270349010127,0.8713689086503802,3.5325901867557454
134,19,42.28843521415012,3.7613495557861008,6.4751677230992755,0.9973081015030285,3.961548372228324
134,20,55.04698756215995,6.34992311919879,6.210152054711853,1.1894627525754125,4.586740782650642
134,21,46.36704228803197,3.780790940238824,5.711183252112081,1.1415836779477386,4.211157938187991
134,22,37.75273244638207,3.221325739836343,6.285150857899004,1.0408674715215085,4.108892074428761
134,23,42.93167379729804,2.123178096823851,6.177857827670913,1.105224721870334,4.102956474835104
134,24,41.427015159438206,2.107121493935038,5.901084687171634,1.2131734255954312,4.4147381550109195
134,25,43.814974059421104,0.7286524948178761,5.227242445759929,1.3231678573915717,4.746043704319292
134,26,39.90851632081187,1.0072987528453314,6.241004482873167,1.0606462110014947,4.098812975176917
134,27,40.63604775592758,2.224258477832735,6.082613512468578,1.1413701408388857,4.267558455698482
134,28,39.2233192992107,1.1254988053302688,5.821862347695035,0.9034614026910033,3.637311617385822
134,29,42.35397577594861,0.30095250406606944,6.41234310941112,0.9200339854331752,3.5052824309741983
134,30,42.140846874772656,2.699946809536558,6.1980493875627385,0.9666038332896889,3.751163010274853
134,31,34.80157474495476,0.7261713511145771,5.148723328621087,0.9115617048232965,3.474720147006312
135,0,28.020256392784177,5.101584359470715,6.683064587279365,0.9521312050661903,3.501352585174396
135,1,43.45883154743107,1.0109304078282189,5.613820760670644,0.9833590119241604,3.585136947172773
135,2,42.566435842396785,0.6707050153730725,5.071695295818837,1.4582160172718446,5.166420917970573
135,3,33.120322924642814,0.3407634832993142,5.6694710098932575,0.911074115625417,3.5005507555211013
135,4,31.35101531701153,2.671926918241983,5.662658928263814,1.0676640414903975,4.111226888327194
135,5,61.13267952581315,9.07531104448212,5.467280547381323,1.3305037196479041,5.0847333344335
135,6,64.16520399841905,10.01699772599233,5.894554571710106,1.094079095648576,4.262626610122613
135,7,70.03219421104303,18.157801442282288,5.501784535943145,1.2053088516079278,4.417486581822489
135,8,84.60086969960788,21.997544027560856,5.862083260365436,1.1356664105703747,4.446975181126532
135,9,91.11996638798057,23.1018858288555,5.751365002945157,1.1971196417537335,4.793353352683816
135,10,107.03010959779515,29.7492487420301,5.79835644784106,1.3211006106768766,5.35318050848558
135,11,91.21179506041008,25.43057393222537,6.045408033420142,1.1369711080518234,4.4626028394008035
135,12,50.07778146027126,14.004875459462259,5.72663270552647,0.8434702066739881,3.4590527636344093
135,13,86.86301746513607,14.771935310965722,6.166995220912831,1.142475735317893,4.525427037591478
135,14,97.8833501191852,27.701190155598425,5.835160583625811,1.3458474029832566,5.102261236144003
135,15,89.8261743346398,19.94210469992526,5.630624427081313,1.482104326938714,5.835176568210939
135,16,70.24152745740116,10.012547387826437,5.214462030730942,1.3966448640828686,5.091489708794189
135,17,44.188001567851316,5.870960104257611,5.303875638847903,1.247171296069319,4.606499595585397
135,18,51.63995202734508,2.737746249161581,5.324348011863234,0.9869739777712985,3.7323792558401827
135,19,52.35607772064306,3.44057801995793,6.018611053721456,1.0692496383511596,4.097951134131147
135,20,47.36979809648945,1.8743119678948728,5.600738056148371,1.353244842268019,4.873436055232635
135,21,43.82863778336615,2.0177252051369345,5.1229440796416466,1.2693795288865513,4.504064034031142
135,22,46.78573947187065,3.5523357332789063,5.622286102217291,1.111127198020406,4.22719170013873
135,23,40.93830857993781,1.2750631158742438,5.4925292121308305,1.142226978917833,4.088548228187528
135,24,47.47515745028859,2.1996360061124407,5.811910389592381,1.1030883205329722,3.949152536479442
135,25,78.02649943297982,4.687313408351487,4.779112983625849,1.2803873781805812,4.272114833150131
135,26,63.827262491794244,3.7601004296815392,5.434590211929132,1.18854488414196,4.243030609125092
135,27,80.85633846993628,8.094564028402964,5.495185382326998,1.3368509174854033,4.794523249096333
135,28,69.21812533030828,3.219049673664311,5.16409549012133,0.9875778236883148,3.8612361818878176
135,29,76.7679754534578,3.3338833509016643,4.9846965378164025,1.1541664293119602,4.065976651614841
135,30,72.73239056007266,12.665491515053649,4.719801866072434,1.2802865318130223,4.360705623837772
135,31,57.33785181907325,1.8204474852025907,4.295229374557252,1.1274086674845023,3.8741090672045364
136,0,21.64056515144636,2.2239936546332624,6.206806812321513,1.103964171405437,3.624741584339751
136,1,24.877536364090133,0.09323508880625142,5.157758473548244,1.0614160858339972,3.7914896508074065
136,2,22.112269266776238,0.6348923505233852,4.733171805613893,1.4522401323397842,5.087164658095646
136,3,28.442040517348534,0.8198912996305122,5.8777152533209875,0.7867039112146603,3.1981560588599747
136,4,23.088994681785607,0.6025150476083845,5.538161239535899,0.9885526573873218,3.778407975125548
136,5,36.044037926812784,3.1602530068863737,5.015524401725685,1.3509385716665028,4.892980231273961
136,6,48.199084539832256,6.170604073742842,5.20018685093523,1.1035376132230654,3.94801006839239
136,7,64.33526331069027,15.255548941724797,5.4380948178323045,1.0105342290750432,3.8008515608532885
136,8,84.57210079913098,17.014591194443632,5.924187495588105,1.1627454406527908,4.527861352589537
136,9,86.436645706265,18.79757183904629,6.129892955856798,1.1223576655651,4.36520629161004
136,10,88.10967142536327,18.659727521481535,5.633272755021139,1.3523144219602878,5.431557053790464
136,11,86.58974166160263,21.81683211473092,5.867950899922398,1.142063985685465,4.362509280343929
136,12,53.60849168140764,14.855921819993764,5.649831666494125,0.5863539185709037,2.5389662126642802
136,13,105.31295930410278,22.365940868624367,5.776124947676086,1.053619515016571,4.218294529284332
136,14,104.8119000207885,29.788495708611922,5.110018844297244,1.1673308772154662,4.344427042964788
136,15,76.63958434674393,11.48506168380293,5.01501805106999,1.3468423077571163,5.0685423985822595
136,16,72.7825510551992,13.812635844068293,4.708163140516399,1.5985324712246243,6.00131094130932
136,17,72.6278229230022,18.093615511548446,5.649172173871673,1.2996867179337288,4.912348138164621
136,18,114.28670033931101,31.223447565455896,6.265264650416629,0.8888431157470755,3.6009825203449513
136,19,82.23154078278755,14.233658759126554,6.102332642242674,1.0797194825890282,4.10755327533196
136,20,107.09907678725574,23.93051611077079,5.850077218833038,1.2292999294758804,4.630812538511414
136,21,67.27998050512073,4.90903126917355,5.679020619652237,1.2971890235025825,4.979705347701278
136,22,96.08303323918577,13.355684759782918,5.838085933392552,1.126300217843939,4.295867855635684
136,23,68.28122488300522,3.9556172564411782,5.835505461008743,1.1379446160614775,4.273919605964385
136,24,102.02748884116602,12.31496301278452,5.344672360857475,1.3233472712353294,4.704908755483588
136,25,98.75808576465005,11.058886266118957,4.985498003198387,1.4532467201857502,5.161032273384333
136,26,101.37009277455005,9.608955451492323,5.720544997082483,1.2714214239699597,4.823931790442657
136,27,106.49446336799961,20.221040480977667,5.964218436766689,1.2781971815014117,4.776160342845443
136,28,64.51743701343244,3.8398338796546287,5.827955606789438,1.0602493968566673,4.223823165607142
136,29,72.11669969428854,6.491556926326534,6.621504158331291,0.9653180838026838,3.7745119071256306
136,30,109.24407307500387,20.526384166713775,6.1588350021312905,1.0946450614391452,4.319818648131664
136,31,70.4605707153072,8.201296910955632,5.850997783938364,1.1067132264863284,4.307046218816189
137,0,26.23882941359078,6.659946552634669,6.52225892223003,0.992735486994258,3.581943889316174
137,1,38.78827098257503,0.8867130708282904,4.880003053797534,1.2358058086975117,4.317437071657733
137,2,51.19381795545655,2.31340958671749,4.528325694081246,1.4952638851722035,5.178842058985864
137,3,32.75877907625339,0.8996536420974593,5.287583517013571,0.919763092786015,3.4704415984908445
137,4,36.9714935875662,3.5180294307143374,5.803383196405294,1.0599910019678163,3.8803554184706455
137,5,55.87088209338755,8.881618054836894,5.179596403225692,1.3675944011546086,4.811737701638318
137,6,46.171216256974496,5.326632469781213,5.414974582548394,1.107401982860834,4.031333154288104
137,7,37.78006081545216,5.962319828959746,5.492242199051561,1.0360734126215556,3.8225627960463218
137,8,79.3228704486337,22.676611826804074,5.954869838487973,1.2255138299414208,4.499796804544887
137,9,82.94892762714412,28.680324491850513,5.914000405979914,1.2669292199987803,4.776324016277185
137,10,86.52105266441338,25.942059292310432,5.470942986069371,1.3834240804091422,5.350017428836517
137,11,56.522689302604476,12.805882188220801,5.75232851175822,1.1973787679477557,4.557487777474872
137,12,25.526978723553793,2.8465846055615556,5.439850712995164,0.6525761828091481,2.745263857250929
137,13,64.71137791374505,13.433584258640934,6.153289977375113,0.9835731460976582,3.9241652040680033
137,14,56.07830957447854,14.01718528445555,5.09342487209666,1.4150393917416864,5.297857280795029
137,15,56.30604730033887,9.366092615858886,5.469724333606644,1.2126591886863833,4.5579946255253425
137,16,47.66229031777273,9.004619193748786,5.187242011066147,1.3282548544595718,4.88335420981537
137,17,38.112792542053775,3.0311160257003387,6.083080268540427,1.2186753406241504,4.705787640765334
137,18,52.179214668895796,5.393162764703504,6.299424768147166,1.0489955558038577,4.203742144517272
137,19,37.08753197366515,1.3279779192174062,6.38774943853321,1.1038742334628955,4.1852390050996515
137,20,32.981451145293974,1.2522162410833253,6.172233606046849,1.2369844263393528,4.6525252812787965
137,21,47.189848115118245,2.425525040776339,5.8887519166127245,1.3025891211135603,5.044612346786702
137,22,51.496885625360875,6.797284894847736,6.438299864122008,1.1808351186883437,4.67714579404188
137,23,55.863512691353506,3.1224766698065975,6.3497023295686885,1.1324212342766025,4.361615884650377
137,24,51.09428912055386,4.976699195877604,5.988271838489396,1.2842868733822401,4.702077862105922
137,25,55.21110560983469,4.386141596038663,5.547665291556126,1.4140412424983326,5.14170873913416
137,26,68.44674887377991,5.655869841112162,6.421929094590167,1.1778425616415635,4.508195486155472
137,27,40.4394909409256,1.8555927747229368,6.457738425806852,1.1548242857980888,4.374477443152925
137,28,56.424234009569204,5.224602848528175,6.376055428412618,0.965528272112917,3.905080897609112
137,29,54.630664388986176,0.8929293758377965,6.613285995782023,1.0107718576773124,3.7940596567454046
137,30,43.92260824932075,3.71803231151726,6.546942175418545,1.0204418293540938,4.066655534810401
137,31,34.82222212436455,0.9146813306635179,5.924663494661236,1.0014110628657562,3.9866732092147545
138,0,16.58276489070907,1.2307025783828618,6.298654450912782,1.0574006681190227,3.717623366211436
138,1,22.479481673673202,0.11233081288016772,4.937599887625351,1.0423773526304725,3.708241710415208
138,2,33.80134876035889,0.34840968328904665,4.321749964121975,1.617995456311581,5.66105776354895
138,3,25.160947107422906,0.2198901555878572,5.1599803653365015,0.8485535063382867,3.1819405853084324
138,4,15.99100697328693,0.2316345843001659,5.64227927058216,1.0140569621514626,3.671950917758313
138,5,29.522943013356432,0.6582144698256053,5.17796926813582,1.326306822008533,4.466813234902956
138,6,35.05842057977229,2.1283632530791294,5.298915355719957,1.1276285305391065,3.971846377323964
138,7,34.269949854199595,4.174737216864131,5.136232292026788,0.9995549264225563,3.5793983569687167
138,8,39.578177530540515,2.1715663174499613,5.97130042208733,1.0966219413767568,4.103108265325449
138,9,51.51775067868954,6.337238375259281,6.192777297020582,1.069011799503068,4.133308485095223
138,10,55.27554866287775,9.485777465181284,5.423394626517409,1.2961174356873464,5.043967307479128
138,11,38.10159825363526,5.407489121354307,5.536808281891355,1.173102206066571,4.450215255286258
138,12,23.16404043389742,2.3056297361492755,5.400817989445797,0.5855964671915475,2.5310061356047435
138,13,96.76964872470413,37.51078160258175,6.008851446376369,1.0250900259355742,4.131487015880442
138,14,65.28692512677377,13.668800151001648,5.304813526555315,1.2862669290772635,4.888302219404873
138,15,37.75294415964002,3.8164458122289115,5.422976696928046,1.2669698779363916,4.82615376256437
138,16,33.432360217596305,1.4417955356273089,5.228984693316256,1.292231573006263,4.7866616537086095
138,17,37.35598236370581,6.432690241882307,5.9813762377615065,1.1676320748617384,4.53588456500422
138,18,36.89581243770668,2.6941046009139296,6.614767550693851,0.9051288483992526,3.7032400611481666
138,19,29.483878544905565,1.3991812836361612,6.369887174384803,1.0927321830793328,4.1024176603788645
138,20,40.76837280135253,3.42563842358876,6.128188210101124,1.2363852805729767,4.763146773481636
138,21,48.55172878356751,4.446909238896916,5.514975270563895,1.4317694866489585,5.4121391497129805
138,22,34.453631165047504,1.5787841340082054,6.335386630318633,1.12105047271843,4.385821021338082
138,23,35.48517724754759,1.3369904354496458,6.067391460919095,1.1548558369292543,4.246932052209224
138,24,26.631361601508424,0.36368865407564877,5.7704851355814455,1.2958632618539134,4.622796054324674
138,25,41.03283653022074,0.6966433059317476,5.348298341456312,1.489979513997529,5.478500522952757
138,26,39.174116829027206,1.1331259410852657,6.104001999727453,1.216627429376648,4.594933020329336
138,27,28.43390598534367,0.1299226752002262,6.020839846126249,1.258140550382735,4.604266416088451
138,28,41.059425565808056,0.8280964704894439,6.017808629801333,1.004214119823045,4.040365291228363
138,29,42.997393123979144,0.395261912611235,6.5671308365652195,0.9860604335058127,3.698810213867728
138,30,28.27082905280661,0.9657006229235359,6.272132192662761,1.0547741877236065,4.1106755392175245
138,31,32.45945786721961,0.8237956450373253,5.453287825114953,0.9635080656571002,3.6810875124236415
139,0,34.040795111829674,9.0608474985246,6.63669525107375,0.991434751003184,3.502828190597385
139,1,47.21511981091727,1.2512818940466808,5.637030917940724,1.0172255554961378,3.813846054101345
139,2,59.55737590198035,1.5746440795326118,5.1510748716003425,1.3948512768821972,4.847083820658923
139,3,54.79987273479475,1.7406204236449896,6.036147674093783,0.8366393418757578,3.295542167115303
139,4,33.20162468382857,0.8110408897695925,5.904235387528447,0.976279186247627,3.6589489048824606
139,5,39.122009868355036,2.741258562775732,5.484672713391789,1.3093429314974117,4.493491917771366
139,6,27.986591821107233,1.583982083836815,5.562955906266442,1.1307778533657098,4.052850906093387
139,7,30.179468399791247,3.037491029603806,5.3177066299108375,1.0345013474616511,3.7317668040110687
139,8,47.69890511484234,6.052077307357148,6.148641162000127,1.1388182996620424,4.308432231186551
139,9,61.85870675308585,15.111631418509617,6.055543538395475,1.1939760834457376,4.6632959831296645
139,10,68.80908978391008,13.176022107041629,5.464211938310079,1.2414630952319188,4.792649426401305
139,11,66.49376431179576,16.455661854060168,5.694255656206485,1.2264149008623981,4.596915251771823
139,12,38.244462540774535,7.047583391456622,5.67470116528884,0.6766516771159932,2.7882867846438146
139,13,119.79406402492191,45.90579137485063,5.819210335299362,1.1536201683985112,4.547297948881862
139,14,87.63522931974691,20.985666892613636,5.007198362357336,1.321800727854245,4.933211282043599
139,15,54.816647220849944,8.026690748583063,5.219290514671416,1.3071541349685125,4.847195404764897
139,16,44.665503824993976,5.318822527176504,4.732583551723865,1.4541802124883763,5.2266657499573705
139,17,36.06284619926265,5.140803850410861,5.625126619312942,1.208096684069254,4.404815220733035
139,18,39.34826681229655,3.2325164913468223,6.259787738842727,0.9840762472301341,3.8736682658030417
139,19,34.463837795317346,4.705809409636586,6.081195848621106,1.1245596454311242,4.143682479648192
139,20,64.94568203608657,8.913039790814295,5.667391690843145,1.3559619553679383,5.047519637820992
139,21,59.616277447984565,8.200633961662005,5.265252414808787,1.4049633557040169,4.9837402237114805
139,22,64.8150728126806,8.941245328127138,6.083528913700684,1.090363997143541,4.179734026857041
139,23,44.96050239085654,3.980047247364174,5.96328168972417,1.2034590194887862,4.5064497997796
139,24,43.64741497180426,5.171190246670038,5.436486802408444,1.4182014734977813,4.963290744278421
139,25,56.1957423780613,3.8778393819302783,5.382026130343721,1.445925361924484,5.207079049343742
139,26,68.73738045641679,7.699026616284384,5.77362345631692,1.372042245015967,4.963405104707399
139,27,45.566326181930364,3.2057522930921434,5.97006434182094,1.2955538124003034,4.732706466102661
139,28,61.973930330864604,7.038724135064966,6.135981191294671,0.9615434457892631,3.9123499688134413
139,29,45.75471669790906,4.171532324104903,6.399814266254523,1.110408132351048,4.0456407276851545
139,30,50.42023670054738,6.204812976353265,6.009011764765262,1.1174530870133452,4.267259205780264
139,31,58.90930873695183,3.159356781608336,5.892730228217998,0.9941325476581655,3.9459157765764803
140,0,12.461218048195656,0.6804057664209219,6.519785972288332,1.041980277572291,3.642814270529625
140,1,31.187171121263482,0.5556768862492827,5.054860245733492,1.0804989132451173,3.8150177656621738
140,2,32.141227183502146,0.6843327407338131,4.759577877536061,1.3962096254621708,4.664800837361544
140,3,25.650553819337524,0.6028362272563975,5.031920766286461,0.892474707750571,3.2608160574816356
140,4,36.229858377587846,2.8599047404618845,5.332708256475373,1.1375322913223496,4.063447660225446
140,5,30.03121855481374,2.7829169584056137,5.0233092485234,1.4366456798510114,4.843315359523312
140,6,21.730223143130793,0.48269450173836626,5.1816831219327435,1.2880615645168794,4.53181267542401
140,7,21.826805660281522,1.9874592375201163,5.040924171200959,1.1284339001162973,3.9672022985301028
140,8,51.93700877163423,12.022740487161425,5.973006550147513,1.314331968902306,5.020637177924005
140,9,35.34037772615244,2.606363940984437,6.159722693920328,1.2507367095405808,4.85716969113588
140,10,45.218223993981006,6.251103577220484,5.536123958717763,1.3461067144145522,5.367016048985787
140,11,42.11112677167808,5.99498041120597,5.681263070128617,1.2899894699022934,4.959677075062983
140,12,32.113955547699895,4.89840883590265,5.179942166587702,0.6856373886436211,2.805206917740499
140,13,42.9011462834164,3.453951107384664,5.672435857564665,1.1856245230121205,4.6872563087760035
140,14,48.300618405966574,3.004572652884212,4.6958032989847,1.2180994694999665,4.486632183260327
140,15,55.45197902425371,7.871205556205631,4.818277011363868,1.4254849866391615,5.418799852731126
140,16,44.58302290913545,5.465954712516449,4.730623978961335,1.4883689950657928,5.321625065234874
140,17,37.62958792813946,3.941574384467315,5.495697560956136,1.3874038700348121,5.211567046774177
140,18,48.15500084904046,5.400032783631991,6.284728692479356,1.0028552965906732,3.9393953164452844
140,19,45.75220489820519,3.465973064651144,6.060655047887082,1.1553982250181098,4.384834173941545
140,20,47.85726907170542,2.7047129023520675,5.83221467099183,1.3612971565780878,5.26068030839097
140,21,39.516048079187556,1.8679423109878173,5.550896312679592,1.426974010824889,5.397169753211388
140,22,48.569546199792974,2.862236743277114,6.001804711979979,1.2513862483924916,4.8851973844698255
140,23,43.427072743539675,1.3161398715875858,5.714862169217675,1.3952011026990903,5.352915595478528
140,24,44.935574049515125,2.086691810093118,5.654817152941007,1.4005582823859193,5.132184046500842
140,25,44.393460858407195,0.7194466044706054,5.313809248392754,1.4811398161311926,5.370518436757542
140,26,44.97546919584062,2.646155757206122,5.8233194516298745,1.4063991093762462,5.3045646942348
140,27,37.87576206151002,0.5722347614692997,6.173749656471619,1.2758536127371318,4.891430406205115
140,28,41.82608002700853,1.8152258375998211,5.360183723995263,1.1181511343320425,4.397174736239538
140,29,42.92522937477342,1.494043085967542,6.3617519672171134,1.178169209586999,4.429686952936492
140,30,29.606904329000457,1.734201156621211,6.102264813875177,1.24607536378603,4.90328742531015
140,31,30.12995865613862,1.2840151174247243,5.681857762743966,1.1148907547276075,4.362440797012333
141,0,23.80480712724477,5.5226971413662795,6.424831598257997,1.0081677987349824,3.6626048641916302
141,1,41.985843050601176,0.6999800621243172,5.393554279380973,1.2211735544729603,4.582567007501607
141,2,28.198915141036085,0.6418627765427561,4.490976220553518,1.4543428876135973,4.948013026046359
141,3,28.94496649446737,0.31961944655861707,5.200924709661493,0.9269182194800623,3.4786327809964264
141,4,19.967943502912227,0.2476431961642413,5.183370557422405,1.2510897762027273,4.305801813418794
141,5,18.74540752412588,0.3640309269562439,4.7226338060151924,1.445033235012957,4.687599656199881
141,6,22.592433882748367,1.1861902719814514,4.99696326280682,1.2852344240428026,4.580975635907822
141,7,28.910123899889413,3.7692149200408913,5.019545002837731,1.2017783538236415,4.210162699332064
141,8,52.94943740538666,8.1683109054859,5.398504635190825,1.3593080375436415,5.04628719262747
141,9,45.68833286821904,4.5179866085969245,5.456016956535292,1.412240466450001,5.488780216023073
141,10,70.63617641906504,15.798805451093026,4.9457874039147605,1.5368926821439413,6.047940462678253
141,11,50.9526207233139,7.850164502933714,5.524952319147687,1.4239836887781312,5.43759523766639
141,12,17.203358735799846,1.5472887653447236,5.231023914651444,0.6667080282368856,2.734465093666672
141,13,57.98382396300885,7.7666847961728145,5.877987313544544,1.1591112576775409,4.540235729892378
141,14,37.813272243597936,4.994815296597957,4.949415964509282,1.18290701989043,4.304287975036576
141,15,36.52134552713195,4.6121366517799105,5.04671811755942,1.2993822511184412,4.8491120366246685
141,16,30.672459602550674,4.111871554496817,4.728562696127993,1.3370500250547819,4.744670086113617
141,17,23.4791311051505,0.9212803460457176,5.518895542564817,1.2298647481479534,4.533393250456564
141,18,29.749527492842542,1.6502478808419634,5.791408289333331,0.9691140000134713,3.674085796679976
141,19,34.8914838376089,1.3203218527281797,5.7166354523077665,1.2008408643789465,4.382134705877763
141,20,44.57733848954476,4.066931619953164,5.708623392238429,1.185068655850566,4.447948920036402
141,21,46.3303044778034,2.6264376443076967,5.522315530347756,1.2892942369019638,4.735252577401346
141,22,39.67832749852519,4.228448391784392,5.725803228074343,1.1548242602778096,4.394031375112322
141,23,33.33088359199604,0.6967747775823608,5.707711890573885,1.2235454297644726,4.592942992511492
141,24,24.7773956786352,0.05039019447644923,5.54282397068047,1.3210629056956869,4.737929473943472
141,25,34.26609204224766,0.37276095688986943,5.189352682776721,1.355143098312717,4.852238290573391
141,26,33.8298574782597,0.9286839796871026,5.768916663270995,1.30213367447434,4.797322176578837
141,27,24.85767278966518,0.18499036164303287,6.082333138299442,1.239343246381348,4.58569285343561
141,28,37.87487560715262,2.6900267036966037,5.386425081423826,0.927036350480809,3.7020035043093142
141,29,47.87612647979721,0.6777113995827316,6.425790723565894,1.0181689210794387,3.865131831003108
141,30,30.020603502296666,2.148469460763171,6.221522171266656,0.9905300657781515,3.895722320659388
141,31,25.90393098749702,0.28919912665612546,5.621767652190927,0.9932450620619182,3.8242866713758317
142,0,15.15945750832822,1.7199893196294285,6.346883230250004,1.0624115748958802,3.76779819164504
142,1,17.388951680028434,0.4494048974591504,5.0636344931687045,1.056157934749546,3.8230873900540763
142,2,20.772894801783963,0.28134369987915264,4.372578035093497,1.5118311531564697,5.20513860089743
142,3,20.576756944882504,0.2926123364679975,5.518200258576488,0.8910787172633183,3.453456281316356
142,4,16.85786269007849,0.7651367433493568,5.4546382970932115,1.1470307494940553,4.07891538643794
142,5,18.0079328022722,1.062076266987539,4.846713254758038,1.392077702626497,4.632890816940528
142,6,35.237364875228494,5.021241660336343,5.1807690422527415,1.2558700669694787,4.430125849458096
142,7,22.382944549937957,1.5669221083628257,5.108424272321922,1.0782446290385286,3.8391972303642325
142,8,36.77235968003269,2.3023866992316915,5.643877168067078,1.2037701716185234,4.485925341697691
142,9,56.11131807092542,10.984726485040289,5.761569866697688,1.2105736002479315,4.749331017157061
142,10,61.52473383273854,16.708001213435363,4.535062252263707,1.339130784082994,4.956783528445342
142,11,49.37324023327296,9.113798434012175,4.7977437133738885,1.2843284573267493,4.602383318271876
142,12,23.59452997265297,1.850900720960261,4.357592979133381,0.6668632963238013,2.5961810454810044
142,13,58.38662155294679,6.079965444483621,4.9543992228882345,1.0840689440612756,4.153783274766063
142,14,37.9959432636948,3.1386995832107765,4.604327562180513,1.1028205346072335,4.0876639230595
142,15,42.51844717599332,6.551934634196201,4.972145865526986,1.3104045764955465,4.966143692949543
142,16,32.655933294077215,3.5983003366392805,4.664151032198053,1.2803180329475552,4.603077892916804
142,17,30.55150537623129,2.631497053588515,5.754944071712418,1.1383506114524682,4.206414921225123
142,18,50.6552940627917,7.118621039572222,6.254010312204022,0.8596837475628041,3.3519490712400346
142,19,48.02126685615005,4.66171905743806,5.930531883829249,1.0598775335618171,3.7940631058710976
142,20,45.613505753705525,3.5156588912845756,5.385024687134664,1.2286122965863004,4.433210951411633
142,21,53.50800072122193,5.985843047790262,5.064608070441057,1.3161315052825024,4.796929374406909
142,22,52.279235238583105,5.767515168846764,5.300557386972218,1.1590198325614676,4.046546527578535
142,23,45.41308684265444,2.718372155914385,5.550595178477204,1.1757085217750571,4.310943834000166
142,24,38.13970464411982,0.9379522891348149,5.229436575152077,1.3422684662078108,4.57557480024792
142,25,28.1917228451702,0.055042884716300304,4.913019728530941,1.5005878361320724,5.265050932811454
142,26,38.45952835437028,0.5243239844891185,5.64595528818388,1.3159377035497668,4.752963243744537
142,27,35.845567274734435,0.9323218083640719,5.555286601322635,1.3473561637807698,4.856379009030176
142,28,46.40382854937885,3.0903485320297435,5.57578545912099,0.9650766990512976,3.825536924911642
142,29,44.005754050232966,0.9389889133764546,6.492698014645329,0.9607760664159786,3.6340437854721124
142,30,40.59225489102042,2.7344584512042345,5.967634219373982,1.0517728099714505,3.99537193526764
142,31,34.121031514790765,1.3636156301293134,5.250242255510898,1.040753108421261,3.8426782889296143
143,0,33.27628029627891,11.615964162858482,6.833154545780788,0.9300767850942506,3.3289920159812616
143,1,40.02684345817872,0.6452531791439303,5.7065589793435585,0.9377022683378602,3.594400827870285
143,2,39.187056494293685,0.7628306893286465,5.024977395418146,1.291460907034116,4.4881877873111105
143,3,40.344371832918874,1.005755727854733,6.044428449230184,0.8066490544480756,3.1969073861431663
143,4,29.966996049154616,0.9774576348817741,5.909243570603579,1.0164079229003997,3.775130218731046
143,5,21.11646985843604,1.1555329327514956,5.083458362772381,1.3001003242501472,4.354672511837642
143,6,26.664344841569417,3.4769414064600612,5.339104190174231,1.1737368661057452,4.198072698840322
143,7,20.996353142779117,1.4810655343169186,5.364071134444046,0.9794805910543891,3.520428858100064
143,8,28.569191861896076,0.8415015958921032,5.4394512622858135,1.2472003490834647,4.607301586422929
143,9,24.98489648655699,0.27543693717906265,5.7870959693544,1.2186011910057264,4.693835953981883
143,10,37.75916540189426,5.590204481012269,4.990063370977532,1.28938697715334,4.811262795568532
143,11,25.75591211357764,0.9411751558554322,5.504644181777712,1.1773310380054491,4.324686589482294
143,12,12.083350357363152,0.2325010004042322,4.71851233230268,0.6007570306283476,2.4529914540802085
143,13,43.109217892346265,5.179686934135939,5.29597502269292,1.0245980482817671,3.8794546515938935
143,14,33.8291948814333,2.0763916559277824,4.654704547089693,0.9957606064320608,3.648317535444805
143,15,31.698747557453352,2.755182547613423,4.981375722221821,1.241503183489102,4.559736293922149
143,16,37.08424203207201,3.3017092581419427,4.7532617594161595,1.2231872121498926,4.413618621601199
143,17,34.0961649639098,1.8215490776362495,5.641091872444303,1.247491877972756,4.470154907308406
143,18,46.72146852897716,2.0462521321180898,5.934356413325415,0.9578245285402041,3.587929720402669
143,19,51.92018609117427,4.453685847952437,5.899494508530644,1.1471355776527918,4.268491868392961
143,20,62.08501573785625,7.0757882586861385,5.812498461512027,1.2277240776487588,4.631236582423597
143,21,56.97175480868592,3.8614692776083217,5.788789937176439,1.1717665958561305,4.3999648203628885
143,22,41.13084445948228,0.9609848748766272,5.890901240472012,1.156752230031647,4.388135697204873
143,23,58.350417839223965,2.9335929567770895,6.031102518618819,1.128824254565215,4.310920201633139
143,24,46.16750021749287,1.3318111283635725,5.674194139282879,1.3232159591562,4.763894238137985
143,25,46.33394247554576,0.8006319593908138,5.410984445296856,1.3925446971471214,4.940576745347811
143,26,69.0079460255089,3.4245492960284336,5.9342211947899015,1.2441171864748286,4.705242650713698
143,27,51.98228985002643,2.218269944155316,6.630360982029778,1.0896445030271025,4.262555474760704
143,28,61.82547209208827,8.419697460353632,5.877801724257848,1.03406141866909,4.19715421970323
143,29,57.606433294800965,4.5193772023331595,6.184293857113432,1.135426054344948,4.196216160428171
143,30,49.60723053018288,5.2056577933388795,6.249646769352402,1.0926854812956872,4.343603174903217
143,31,44.50299108120454,2.764628327643053,5.941126593943058,1.0870795660192067,4.329917941414379
144,0,30.29805112370389,8.901758003057765,6.420725013933554,1.0132854393406507,3.6582289831635344
144,1,29.362167395638846,0.721086726347839,4.821255543982255,1.162104787795946,3.970611361251547
144,2,32.005937378782285,0.38373139646024845,4.577613455141194,1.4093029631490168,4.838804068364646
144,3,27.240795911185696,0.624843740556144,5.144060982492718,0.951204415488462,3.506239971776427
144,4,30.56300268091424,1.16550023387609,5.268824002271188,1.207359968433754,4.191534340448165
144,5,18.91934491646654,1.115499409337258,5.051529384812939,1.349900648941813,4.454073887361547
144,6,22.489129900165878,0.9399784233314827,5.253403944096647,1.2334368630980448,4.529730440170087
144,7,21.40384709251553,1.1879766000195968,5.265654078945037,1.1162188621044287,3.962364454566376
144,8,32.0402415953866,1.2362074747531777,5.592423153785374,1.2593654149171627,4.652666550239729
144,9,45.94198682359823,4.118921036390847,5.8987345787964305,1.360921867279231,5.2848594324213565
144,10,45.281494281363514,6.110476237805777,5.11822193641154,1.3945295037398413,5.431693629852644
144,11,30.646108626403738,1.011416495724333,5.5924207022265495,1.2419128828036108,4.681818707665833
144,12,15.574920264196674,1.1891572867977311,4.916589106114449,0.668057786889328,2.66822762633248
144,13,70.06655832021343,15.355171095756527,5.074408213986258,1.0279929328342474,3.839020607674644
144,14,44.388443873564675,6.814594540945405,4.26643660172515,1.0382982516862285,3.7541041876228354
144,15,50.53428656910537,7.89083303665238,4.705462201444378,1.2428017694136422,4.676656593590314
144,16,43.937640870725865,5.257487194834577,4.308418327756968,1.3902718587502223,4.8985633281374525
144,17,30.431706391466378,2.7123460572325726,5.025672388057634,1.3582521935452077,4.905801270855932
144,18,35.54612058277665,1.3636242910942669,5.612843631067434,1.111757650069742,4.094029712253274
144,19,43.4719167960765,1.5205828384882787,5.637113811095858,1.153261390603828,4.261894034868972
144,20,47.594718945322484,5.273272980130307,5.199688339870159,1.1650722335442687,4.202336748025486
144,21,30.640086533893196,0.7982975054412552,5.37811583377189,1.1790908608013932,4.492033354976817
144,22,36.19708200303352,0.8236760301661947,5.545371193849481,1.107255667788972,4.087326435919598
144,23,26.59880463739453,0.3431457196014203,5.697521679117993,1.1251645599456586,4.3067876206506
144,24,34.323133884728364,0.5568199079239466,5.331164680536044,1.3048117894901994,4.609168193557257
144,25,33.60616972997587,0.6637014915210803,5.143413228028552,1.3549826340397093,4.868091622135971
144,26,33.10307483714343,0.46587305148283253,5.844248937601613,1.1597249662301614,4.279623239618812
144,27,32.22396881479564,0.5750890872573653,5.45783411704558,1.3445690307762916,4.756028622330557
144,28,49.57432676757932,5.635874606773876,5.419243703165049,0.8552182525173366,3.4984297788163126
144,29,42.47720324076356,0.8783700387663548,6.222152122518903,0.929384232560408,3.59182378049789
144,30,34.815928687447176,4.893855476955019,5.948885201287052,0.95919417944424,3.7401716410451287
144,31,36.4163210644529,1.997490183277167,5.321373978576462,0.9311238711872072,3.652072691065472
145,0,24.09595060221458,3.864668282542499,6.587332138056636,0.9962015902911912,3.563982468584267
145,1,32.78822591028489,0.7923290062210605,5.251856604531361,0.9838575934457223,3.649739670489088
145,2,40.897783055152615,1.2854093431713516,4.739724865596729,1.198502210441184,4.123457286754507
145,3,22.68488775839399,0.4414610754863648,5.208958649453203,0.835274534984352,3.148646316069485
145,4,25.070991486482676,0.5962661895998197,5.542858611545164,1.0612537820523382,3.80619218811387
145,5,20.572848959741144,1.3643150621680515,5.05332349312032,1.2823996299516898,4.145175829201517
145,6,34.234087012513115,3.933208681939684,5.460380736046787,1.1819252702791117,4.24252241595928
145,7,21.235926202898604,1.8949253134984982,5.248572692805188,0.993368794616722,3.5730430981280796
145,8,42.37704542700213,4.8826168913282935,5.5795281851006955,1.169033083600464,4.309098606055333
145,9,35.07579833975211,3.8729004706042174,6.175004509413159,1.2712764862122308,4.944840129533127
145,10,52.83743987964222,10.205204912528528,5.428420349363002,1.4187513790968964,5.426521918428003
145,11,28.360631173578373,0.9250812971718138,5.864401221339081,1.1699917900160415,4.500925300095253
145,12,22.91767627607064,3.2208254526808213,5.073017453087828,0.729461038072615,2.980982728985297
145,13,100.79793045317109,29.054572318950274,6.349318889082906,1.222089597628428,4.9225624186245005
145,14,63.22135454061567,13.110039749089866,5.4574554899561045,1.2971770918144427,5.038126479804738
145,15,84.26232684101635,21.331851308719646,4.91913118360112,1.440433620952878,5.631662997945465
145,16,84.91678378424238,21.542785298283572,5.388033487542215,1.272225695278891,5.029143977312114
145,17,44.28740278443243,8.686584350190927,5.887152497097066,1.3932606542534494,5.624842281413411
145,18,66.20334742065148,10.321710645606522,6.39273992117686,1.0670302493750947,4.295453008593245
145,19,72.8184707133173,13.961043159608948,6.401798210014164,0.9953366036991511,4.085541829369729
145,20,82.46069019649386,16.522609725519136,6.378837794568408,1.3378493326735192,5.376630385851373
145,21,47.458345098636656,4.390008192459896,5.689420577969267,1.4533229958034193,5.64421691310296
145,22,55.86208337426147,4.608839558907189,6.289246927687457,1.1833277070807862,4.783764468648497
145,23,36.292480242491024,0.7054331618848267,6.010479052628921,1.2895023201505955,5.05974952249834
145,24,49.04601894864494,2.9885081776167777,5.923823318508553,1.3340408292339152,5.10537343238121
145,25,40.63836582489701,0.7411291792457017,5.27411059394922,1.5419557928730345,5.798716573798882
145,26,58.21928389906506,3.5196715404179737,5.913001604202584,1.3486767204175933,5.330729680525156
145,27,68.09587672601401,5.104859450733203,6.840493765125553,1.0828739902833178,4.492501753747131
145,28,61.88843350091359,7.807846415012129,5.834367268790728,1.1802175292178232,4.9157697434663685
145,29,68.8872041428169,3.2707511036388794,5.842970795750874,1.2742716904980602,4.609274933925
145,30,47.71984644399484,4.184962480757169,6.382216007636985,1.191384011674578,4.9987342908573495
145,31,49.45999444365643,3.7519523884667505,6.051526386867957,1.079824914903158,4.3172589608798875
146,0,62.042169857549524,28.241973194558966,6.5337904174280155,1.2708070230038846,4.696526367669484
146,1,39.738791566288896,1.2494945336128453,5.19991539258482,1.131344825191082,4.101754037350294
146,2,54.800052379565614,2.292830103965355,4.716022627096084,1.6292792799484266,5.884886168409214
146,3,36.37783013942446,0.8048038744678632,5.641482094583633,0.9815619070023258,3.679689641902093
146,4,34.17413463321117,1.7874913036167488,5.5813056776043375,1.1635960147642699,4.236320456845215
146,5,34.481892086558105,3.625898556831571,5.279952909100945,1.4294684877715316,5.0944680522680885
146,6,41.80881809908489,5.691555687634409,5.672054076498554,1.1249512421188577,4.169311935247188
146,7,35.25944281495603,5.119328747011503,5.750211594511527,1.048344060379912,3.869468836972523
146,8,38.99573264241789,4.691612577816234,6.13846382772265,1.1327708400250591,4.177603768019064
146,9,33.931334609744944,2.2371713281878485,6.282574179134659,1.2367740977934876,4.801859982956115
146,10,53.4386248868509,5.52711090802737,6.082152504599191,1.2771822857551607,5.097446743490293
146,11,32.679688743347775,5.6386735922642774,6.048773363145248,1.106904128018062,4.318773894051371
146,12,25.336398294046504,3.9109997108770944,5.634228609903838,0.7321748575887304,3.074665952833845
146,13,45.29686012956121,3.7804342125275388,6.753771775016678,1.0434088944217033,4.195315665921978
146,14,65.3647737785833,10.800616611591682,6.145033236783747,1.096495921887512,4.296324619182383
146,15,53.36323559779851,5.780942276963945,5.646085998559496,1.3180417432302356,5.318440939688217
146,16,53.295599150719234,7.679544718797858,5.731835503060359,1.3635657375639711,5.434350344685518
146,17,43.024317420600795,7.900073010818449,6.167943651123753,1.2821724466187083,5.157070349687154
146,18,44.40832142083612,3.945993068490689,6.71748866906535,1.023515640737493,4.0672375051817715
146,19,48.882823359423796,2.8852896210855534,6.772177457749478,0.9039950271860091,3.797437189116013
146,20,64.2288292467599,5.488944052227171,6.909216599185596,1.059790589146914,4.399261319620504
146,21,51.509421659304486,4.689445109009644,6.228302615692338,1.2148630433874734,4.804689315534812
146,22,52.92946759112089,3.451584795846175,6.431919495216086,1.318446062905318,5.1571943324335
146,23,47.08512126683057,1.805037027239864,6.248793661117131,1.3490148406151237,5.255422732978541
146,24,43.793824080126036,1.353776855673602,6.142227181773223,1.3028245745883646,5.033245108589604
146,25,48.63219664446345,1.1448024334960578,5.2302229191412,1.5760290225760336,5.851953789497301
146,26,78.33968224532383,7.7807826050911295,6.571813554058035,1.1737270452573343,4.698883917089831
146,27,53.07830431275657,3.1595538667273964,6.547219259508323,1.3520333913921885,5.332851034277474
146,28,69.05441435516113,5.721720622663067,6.337765657772741,1.2171170482963953,5.047202285898563
146,29,88.00308958416812,7.037982100620848,6.831867039608981,1.0763020453917287,4.213356617281475
146,30,57.458385804741084,7.968448589721515,6.769530775341922,1.113170368583864,4.640134690749899
146,31,61.95298731433155,4.721906726969257,6.040797563355901,1.0732579242114841,4.422197837097227
