condition,variant,step,layer,before_attention,after_attention,after_mlp
headdress,full,17,0,-2.690234661102295,-4.5148138999938965,-1.780437707901001
headdress,full,17,1,-1.780437707901001,-3.1805002689361572,-1.6997177600860596
headdress,full,17,2,-1.6997177600860596,-1.9356718063354492,-2.209707736968994
headdress,full,17,3,-2.209707736968994,-2.928919792175293,-2.3075497150421143
headdress,full,17,4,-2.3075497150421143,-0.8450237512588501,-0.8795548677444458
headdress,full,17,5,-0.8795548677444458,-1.870002031326294,-1.1757261753082275
headdress,full,17,6,-1.1757261753082275,-0.39976581931114197,-1.0622377395629883
headdress,full,17,7,-1.0622377395629883,-1.0492311716079712,-0.6980904340744019
headdress,full,17,8,-0.6980904340744019,-1.2568583488464355,-1.0636687278747559
headdress,full,17,9,-1.0636687278747559,-1.9585793018341064,-1.78994882106781
headdress,full,17,10,-1.78994882106781,-1.743409514427185,-1.797470211982727
headdress,full,17,11,-1.797470211982727,-2.33341646194458,-1.0561124086380005
headdress,full,17,12,-1.0561124086380005,-1.7768781185150146,-1.246653437614441
headdress,full,17,13,-1.246653437614441,-1.2226793766021729,-2.9143805503845215
headdress,full,17,14,-2.9143805503845215,-3.2223591804504395,-3.35284423828125
headdress,full,17,15,-3.35284423828125,-3.4214329719543457,-3.162592887878418
headdress,full,17,16,-3.162592887878418,-1.3443012237548828,-1.2395492792129517
headdress,full,17,17,-1.2395492792129517,-1.1257182359695435,-1.040663719177246
headdress,full,17,18,-1.040663719177246,-1.5792036056518555,-2.1707639694213867
headdress,full,17,19,-2.1707639694213867,-1.3860288858413696,-1.8157076835632324
headdress,full,17,20,-1.8157076835632324,-1.254913330078125,0.2515171766281128
headdress,full,17,21,0.2515171766281128,0.8172887563705444,1.0055805444717407
headdress,full,17,22,1.0055805444717407,1.3503388166427612,1.5237786769866943
headdress,full,17,23,1.5237786769866943,1.783616542816162,2.98915958404541
headdress,full,17,24,2.98915958404541,2.3787786960601807,2.5179507732391357
headdress,full,17,25,2.5179507732391357,1.8134558200836182,1.9910056591033936
headdress,full,17,26,1.9910056591033936,0.9971432685852051,1.022035837173462
headdress,full,17,27,1.022035837173462,-0.2503225803375244,0.5035345554351807
headdress,full,17,28,0.5035345554351807,0.00928652286529541,0.5140469074249268
headdress,full,17,29,0.5140469074249268,0.486652135848999,1.1527469158172607
headdress,full,17,30,1.1527469158172607,0.4164910316467285,1.1751422882080078
headdress,full,17,31,1.1751422882080078,0.9337430000305176,0.8946391344070435
headdress,full,18,0,-2.442255973815918,-1.302422046661377,1.665168046951294
headdress,full,18,1,1.665168046951294,3.387188673019409,4.895689010620117
headdress,full,18,2,4.895689010620117,5.395939826965332,3.7559866905212402
headdress,full,18,3,3.7559866905212402,3.456810474395752,3.022326946258545
headdress,full,18,4,3.022326946258545,2.876422882080078,0.891410231590271
headdress,full,18,5,0.891410231590271,0.12911450862884521,0.2542145848274231
headdress,full,18,6,0.2542145848274231,-1.0774145126342773,-1.2979025840759277
headdress,full,18,7,-1.2979025840759277,-1.4191021919250488,-2.6815996170043945
headdress,full,18,8,-2.6815996170043945,-0.777765691280365,0.005780279636383057
headdress,full,18,9,0.005780279636383057,-0.44994884729385376,0.9651672840118408
headdress,full,18,10,0.9651672840118408,-0.7713567018508911,0.16547638177871704
headdress,full,18,11,0.16547638177871704,-0.7506471276283264,1.1569390296936035
headdress,full,18,12,1.1569390296936035,1.328514575958252,1.8786561489105225
headdress,full,18,13,1.8786561489105225,1.0116550922393799,0.9028288125991821
headdress,full,18,14,0.9028288125991821,0.4738975763320923,2.3633790016174316
headdress,full,18,15,2.3633790016174316,0.7384999990463257,0.9543658494949341
headdress,full,18,16,0.9543658494949341,-0.9607387781143188,-0.8968076109886169
headdress,full,18,17,-0.8968076109886169,-2.0664122104644775,-1.5228118896484375
headdress,full,18,18,-1.5228118896484375,-1.3019514083862305,-0.7770168781280518
headdress,full,18,19,-0.7770168781280518,-0.6557884216308594,-2.152106761932373
headdress,full,18,20,-2.152106761932373,-2.2995097637176514,-1.3974237442016602
headdress,full,18,21,-1.3974237442016602,-3.398080587387085,-2.8326256275177
headdress,full,18,22,-2.8326256275177,-3.0547144412994385,-1.9684170484542847
headdress,full,18,23,-1.9684170484542847,-1.6991931200027466,-1.1221330165863037
headdress,full,18,24,-1.1221330165863037,-9.42808723449707,-8.495624542236328
headdress,full,18,25,-8.495624542236328,-5.309579849243164,-3.53007173538208
headdress,full,18,26,-3.53007173538208,-1.6847227811813354,-2.5747079849243164
headdress,full,18,27,-2.5747079849243164,-1.624833345413208,-2.5523552894592285
headdress,full,18,28,-2.5523552894592285,-3.3434839248657227,-2.81827712059021
headdress,full,18,29,-2.81827712059021,-3.049525737762451,-3.0143370628356934
headdress,full,18,30,-3.0143370628356934,-5.181107521057129,-5.547181129455566
headdress,full,18,31,-5.547181129455566,-6.027744293212891,1.0272550582885742
headdress,full,19,0,2.9172141551971436,1.6230612993240356,1.5547199249267578
headdress,full,19,1,1.5547199249267578,0.14710378646850586,0.4958534240722656
headdress,full,19,2,0.4958534240722656,-0.6746091842651367,0.12594521045684814
headdress,full,19,3,0.12594521045684814,-0.8323438167572021,1.7702020406723022
headdress,full,19,4,1.7702020406723022,0.8013584613800049,2.4705305099487305
headdress,full,19,5,2.4705305099487305,1.1407816410064697,3.5958240032196045
headdress,full,19,6,3.5958240032196045,2.42134952545166,3.302511692047119
headdress,full,19,7,3.302511692047119,3.90132474899292,4.388772964477539
headdress,full,19,8,4.388772964477539,3.4832565784454346,3.607268810272217
headdress,full,19,9,3.607268810272217,1.0162690877914429,2.0031604766845703
headdress,full,19,10,2.0031604766845703,2.3153584003448486,2.359814167022705
headdress,full,19,11,2.359814167022705,1.8948969841003418,1.8581732511520386
headdress,full,19,12,1.8581732511520386,1.7759425640106201,1.7782247066497803
headdress,full,19,13,1.7782247066497803,1.229763388633728,1.8239861726760864
headdress,full,19,14,1.8239861726760864,1.0506668090820312,1.5192396640777588
headdress,full,19,15,1.5192396640777588,2.45062255859375,4.180217742919922
headdress,full,19,16,4.180217742919922,7.155185699462891,6.616725921630859
headdress,full,19,17,6.616725921630859,5.90013313293457,5.693460464477539
headdress,full,19,18,5.693460464477539,5.849167346954346,7.700987815856934
headdress,full,19,19,7.700987815856934,7.100836277008057,5.763709545135498
headdress,full,19,20,5.763709545135498,5.217297554016113,5.135383605957031
headdress,full,19,21,5.135383605957031,5.71389102935791,6.171042442321777
headdress,full,19,22,6.171042442321777,5.876622200012207,7.250326156616211
headdress,full,19,23,7.250326156616211,8.027334213256836,8.541643142700195
headdress,full,19,24,8.541643142700195,7.9008588790893555,9.722789764404297
headdress,full,19,25,9.722789764404297,9.229869842529297,11.03036880493164
headdress,full,19,26,11.03036880493164,10.698953628540039,11.550830841064453
headdress,full,19,27,11.550830841064453,11.141617774963379,10.363431930541992
headdress,full,19,28,10.363431930541992,9.835916519165039,9.413203239440918
headdress,full,19,29,9.413203239440918,8.338485717773438,7.126631736755371
headdress,full,19,30,7.126631736755371,4.917715549468994,4.61580753326416
headdress,full,19,31,4.61580753326416,1.6496434211730957,1.518428087234497
headdress,full,20,0,1.0619724988937378,-1.2378871440887451,1.69267737865448
headdress,full,20,1,1.69267737865448,-1.3950064182281494,-0.8410388231277466
headdress,full,20,2,-0.8410388231277466,-2.3929603099823,-2.188513994216919
headdress,full,20,3,-2.188513994216919,-1.079763650894165,0.9504342079162598
headdress,full,20,4,0.9504342079162598,1.3387943506240845,1.0136131048202515
headdress,full,20,5,1.0136131048202515,0.1944730281829834,0.13000106811523438
headdress,full,20,6,0.13000106811523438,0.7643682956695557,-0.8987368941307068
headdress,full,20,7,-0.8987368941307068,-0.4261845350265503,-1.2059791088104248
headdress,full,20,8,-1.2059791088104248,-1.0304961204528809,-1.2387934923171997
headdress,full,20,9,-1.2387934923171997,-1.8413548469543457,-0.48583853244781494
headdress,full,20,10,-0.48583853244781494,-1.6704046726226807,-1.1947165727615356
headdress,full,20,11,-1.1947165727615356,-0.6048450469970703,-0.9787759780883789
headdress,full,20,12,-0.9787759780883789,-1.9174736738204956,0.7020996809005737
headdress,full,20,13,0.7020996809005737,0.5918848514556885,0.561769425868988
headdress,full,20,14,0.561769425868988,-0.8412842750549316,-2.170813798904419
headdress,full,20,15,-2.170813798904419,-0.3030202388763428,-0.5475921630859375
headdress,full,20,16,-0.5475921630859375,3.7797534465789795,4.675771236419678
headdress,full,20,17,4.675771236419678,5.195445537567139,6.691031455993652
headdress,full,20,18,6.691031455993652,6.785637378692627,6.994809150695801
headdress,full,20,19,6.994809150695801,7.639533996582031,7.048644065856934
headdress,full,20,20,7.048644065856934,7.2500433921813965,8.752522468566895
headdress,full,20,21,8.752522468566895,8.564642906188965,8.276580810546875
headdress,full,20,22,8.276580810546875,8.240009307861328,8.239814758300781
headdress,full,20,23,8.239814758300781,7.759253978729248,7.770111083984375
headdress,full,20,24,7.770111083984375,15.699563980102539,13.778921127319336
headdress,full,20,25,13.778921127319336,13.031492233276367,11.681657791137695
headdress,full,20,26,11.681657791137695,10.282564163208008,9.193483352661133
headdress,full,20,27,9.193483352661133,10.189436912536621,10.039289474487305
headdress,full,20,28,10.039289474487305,9.131032943725586,9.599557876586914
headdress,full,20,29,9.599557876586914,9.593624114990234,9.959695816040039
headdress,full,20,30,9.959695816040039,11.673168182373047,8.134294509887695
headdress,full,20,31,8.134294509887695,8.291136741638184,11.685901641845703
headdress,full,21,0,-0.7427998185157776,-0.1808822751045227,-1.579491138458252
headdress,full,21,1,-1.579491138458252,-0.6653018593788147,0.4299700856208801
headdress,full,21,2,0.4299700856208801,0.45277827978134155,-0.17179644107818604
headdress,full,21,3,-0.17179644107818604,-0.4760488271713257,-0.3524989187717438
headdress,full,21,4,-0.3524989187717438,0.20376372337341309,0.20792347192764282
headdress,full,21,5,0.20792347192764282,-1.0684465169906616,-1.3389724493026733
headdress,full,21,6,-1.3389724493026733,-1.755118489265442,-2.2805118560791016
headdress,full,21,7,-2.2805118560791016,-2.336740016937256,-3.5823097229003906
headdress,full,21,8,-3.5823097229003906,-4.160798072814941,-4.521523475646973
headdress,full,21,9,-4.521523475646973,-4.043489933013916,-3.182687520980835
headdress,full,21,10,-3.182687520980835,-3.286905527114868,-2.536430835723877
headdress,full,21,11,-2.536430835723877,-2.368546724319458,-1.6783530712127686
headdress,full,21,12,-1.6783530712127686,-2.924138307571411,-1.4025263786315918
headdress,full,21,13,-1.4025263786315918,-2.575812816619873,-0.682152271270752
headdress,full,21,14,-0.682152271270752,-1.1850067377090454,-1.3137478828430176
headdress,full,21,15,-1.3137478828430176,1.2919228076934814,0.7719480991363525
headdress,full,21,16,0.7719480991363525,2.7727150917053223,3.999829053878784
headdress,full,21,17,3.999829053878784,4.337934494018555,5.728302001953125
headdress,full,21,18,5.728302001953125,5.190347194671631,4.9030585289001465
headdress,full,21,19,4.9030585289001465,4.848045349121094,4.122869491577148
headdress,full,21,20,4.122869491577148,5.353713035583496,4.651025772094727
headdress,full,21,21,4.651025772094727,3.7852869033813477,4.12168550491333
headdress,full,21,22,4.12168550491333,3.72285532951355,4.754201889038086
headdress,full,21,23,4.754201889038086,4.67468786239624,5.284219741821289
headdress,full,21,24,5.284219741821289,5.209290981292725,5.965676784515381
headdress,full,21,25,5.965676784515381,5.734552383422852,6.0229387283325195
headdress,full,21,26,6.0229387283325195,5.870930194854736,5.651891708374023
headdress,full,21,27,5.651891708374023,5.058879852294922,6.20587158203125
headdress,full,21,28,6.20587158203125,5.963582515716553,6.336034774780273
headdress,full,21,29,6.336034774780273,6.408502578735352,8.549976348876953
headdress,full,21,30,8.549976348876953,7.798134803771973,10.057621002197266
headdress,full,21,31,10.057621002197266,10.116122245788574,8.581905364990234
headdress,full,22,0,1.1346807479858398,-1.2980986833572388,0.08625137805938721
headdress,full,22,1,0.08625137805938721,-1.4651778936386108,-1.993367075920105
headdress,full,22,2,-1.993367075920105,-0.6720923185348511,-0.6888668537139893
headdress,full,22,3,-0.6888668537139893,-1.4532663822174072,-0.08594024181365967
headdress,full,22,4,-0.08594024181365967,0.26911866664886475,1.1987019777297974
headdress,full,22,5,1.1987019777297974,-0.6623287200927734,-0.37833333015441895
headdress,full,22,6,-0.37833333015441895,1.0193949937820435,-1.8455909490585327
headdress,full,22,7,-1.8455909490585327,-1.0616199970245361,-0.23253297805786133
headdress,full,22,8,-0.23253297805786133,-1.754089117050171,0.4553983211517334
headdress,full,22,9,0.4553983211517334,0.527106761932373,0.5582485198974609
headdress,full,22,10,0.5582485198974609,-1.4315683841705322,1.3661704063415527
headdress,full,22,11,1.3661704063415527,0.9487955570220947,0.48523974418640137
headdress,full,22,12,0.48523974418640137,0.18145906925201416,2.2035582065582275
headdress,full,22,13,2.2035582065582275,1.7874460220336914,1.8349964618682861
headdress,full,22,14,1.8349964618682861,2.762140989303589,1.3025622367858887
headdress,full,22,15,1.3025622367858887,3.17606782913208,2.149108409881592
headdress,full,22,16,2.149108409881592,1.5738540887832642,1.912837028503418
headdress,full,22,17,1.912837028503418,2.6110925674438477,2.878274440765381
headdress,full,22,18,2.878274440765381,5.031827926635742,6.0833740234375
headdress,full,22,19,6.0833740234375,6.127004146575928,4.334123134613037
headdress,full,22,20,4.334123134613037,4.107645511627197,3.784702777862549
headdress,full,22,21,3.784702777862549,3.8349997997283936,3.1573667526245117
headdress,full,22,22,3.1573667526245117,2.9253501892089844,1.4703683853149414
headdress,full,22,23,1.4703683853149414,4.174307346343994,4.519885063171387
headdress,full,22,24,4.519885063171387,6.991479873657227,8.005681037902832
headdress,full,22,25,8.005681037902832,8.511597633361816,9.357805252075195
headdress,full,22,26,9.357805252075195,14.309734344482422,14.911937713623047
headdress,full,22,27,14.911937713623047,12.99505615234375,12.998494148254395
headdress,full,22,28,12.998494148254395,10.95731258392334,11.10145378112793
headdress,full,22,29,11.10145378112793,11.269765853881836,7.143258094787598
headdress,full,22,30,7.143258094787598,6.794524192810059,6.496048927307129
headdress,full,22,31,6.496048927307129,7.727646827697754,14.293705940246582
headdress,full,23,0,0.9579998850822449,1.4677338600158691,0.23480021953582764
headdress,full,23,1,0.23480021953582764,-0.0953817367553711,-0.4870508909225464
headdress,full,23,2,-0.4870508909225464,-0.4734124541282654,1.1688485145568848
headdress,full,23,3,1.1688485145568848,1.48440420627594,0.35494351387023926
headdress,full,23,4,0.35494351387023926,0.7574722766876221,2.4087746143341064
headdress,full,23,5,2.4087746143341064,2.3314034938812256,1.4915375709533691
headdress,full,23,6,1.4915375709533691,1.5302870273590088,1.6079707145690918
headdress,full,23,7,1.6079707145690918,1.0931637287139893,1.808650255203247
headdress,full,23,8,1.808650255203247,1.4683924913406372,2.0188770294189453
headdress,full,23,9,2.0188770294189453,1.787521481513977,1.073221206665039
headdress,full,23,10,1.073221206665039,0.6732583045959473,0.7233583331108093
headdress,full,23,11,0.7233583331108093,1.593428373336792,0.6348145604133606
headdress,full,23,12,0.6348145604133606,0.7182331085205078,1.052770733833313
headdress,full,23,13,1.052770733833313,0.9443336129188538,0.47161537408828735
headdress,full,23,14,0.47161537408828735,1.3660962581634521,0.3388323187828064
headdress,full,23,15,0.3388323187828064,0.4577213525772095,0.6446214318275452
headdress,full,23,16,0.6446214318275452,1.398620367050171,1.49972665309906
headdress,full,23,17,1.49972665309906,1.6796438694000244,1.1592214107513428
headdress,full,23,18,1.1592214107513428,1.4072215557098389,1.463924765586853
headdress,full,23,19,1.463924765586853,1.4217495918273926,0.8945027589797974
headdress,full,23,20,0.8945027589797974,1.3851823806762695,1.4214245080947876
headdress,full,23,21,1.4214245080947876,0.9548912048339844,0.584065318107605
headdress,full,23,22,0.584065318107605,5.989213943481445,6.36893367767334
headdress,full,23,23,6.36893367767334,6.277644157409668,6.10183048248291
headdress,full,23,24,6.10183048248291,6.722275257110596,6.4337615966796875
headdress,full,23,25,6.4337615966796875,6.671836853027344,5.917453765869141
headdress,full,23,26,5.917453765869141,5.642123222351074,5.365575790405273
headdress,full,23,27,5.365575790405273,7.453742027282715,7.508713722229004
headdress,full,23,28,7.508713722229004,6.999768257141113,5.936224460601807
headdress,full,23,29,5.936224460601807,5.416254043579102,5.515110969543457
headdress,full,23,30,5.515110969543457,5.344853401184082,5.064924240112305
headdress,full,23,31,5.064924240112305,5.456852912902832,6.732733249664307
headdress,full,24,0,1.2896993160247803,2.5147781372070312,1.1640492677688599
headdress,full,24,1,1.1640492677688599,2.5834150314331055,2.4500808715820312
headdress,full,24,2,2.4500808715820312,1.853057622909546,-1.0734517574310303
headdress,full,24,3,-1.0734517574310303,-0.8508059978485107,0.626157283782959
headdress,full,24,4,0.626157283782959,1.4952841997146606,1.8261630535125732
headdress,full,24,5,1.8261630535125732,1.704468011856079,0.863336980342865
headdress,full,24,6,0.863336980342865,1.3487577438354492,0.049976348876953125
headdress,full,24,7,0.049976348876953125,0.19294095039367676,0.34354209899902344
headdress,full,24,8,0.34354209899902344,1.1539372205734253,0.3566488027572632
headdress,full,24,9,0.3566488027572632,1.323484182357788,2.008152723312378
headdress,full,24,10,2.008152723312378,3.052846670150757,4.313356876373291
headdress,full,24,11,4.313356876373291,4.899990081787109,4.061672210693359
headdress,full,24,12,4.061672210693359,3.560699701309204,2.6101927757263184
headdress,full,24,13,2.6101927757263184,1.3364816904067993,1.8846802711486816
headdress,full,24,14,1.8846802711486816,2.6012344360351562,2.4127979278564453
headdress,full,24,15,2.4127979278564453,1.3604505062103271,1.5745882987976074
headdress,full,24,16,1.5745882987976074,1.02436101436615,1.2828655242919922
headdress,full,24,17,1.2828655242919922,1.6817188262939453,-0.903265118598938
headdress,full,24,18,-0.903265118598938,-0.5483659505844116,-1.2638967037200928
headdress,full,24,19,-1.2638967037200928,-0.5579075813293457,0.002384662628173828
headdress,full,24,20,0.002384662628173828,-0.4412935972213745,-2.4427480697631836
headdress,full,24,21,-2.4427480697631836,-2.9126505851745605,-4.182753086090088
headdress,full,24,22,-4.182753086090088,-3.5381381511688232,-2.0765671730041504
headdress,full,24,23,-2.0765671730041504,-3.1034955978393555,-5.179172039031982
headdress,full,24,24,-5.179172039031982,-3.567620038986206,-5.242149353027344
headdress,full,24,25,-5.242149353027344,-4.176004886627197,-2.877448797225952
headdress,full,24,26,-2.877448797225952,-2.5181689262390137,-3.3976917266845703
headdress,full,24,27,-3.3976917266845703,-3.0062201023101807,-3.1184945106506348
headdress,full,24,28,-3.1184945106506348,-3.416253089904785,-4.3486328125
headdress,full,24,29,-4.3486328125,-3.373765230178833,-1.8689563274383545
headdress,full,24,30,-1.8689563274383545,-0.9123309850692749,0.6306350231170654
headdress,full,24,31,0.6306350231170654,3.3716557025909424,1.6270688772201538
headdress,full,25,0,-3.9442310333251953,-1.9679365158081055,-2.6370363235473633
headdress,full,25,1,-2.6370363235473633,-1.2841885089874268,-1.2440814971923828
headdress,full,25,2,-1.2440814971923828,-1.7344036102294922,-0.15600240230560303
headdress,full,25,3,-0.15600240230560303,0.34533214569091797,0.5751481056213379
headdress,full,25,4,0.5751481056213379,0.2441752552986145,0.29684382677078247
headdress,full,25,5,0.29684382677078247,-0.14585256576538086,1.9035624265670776
headdress,full,25,6,1.9035624265670776,2.3224849700927734,2.915189266204834
headdress,full,25,7,2.915189266204834,1.9492146968841553,2.78261137008667
headdress,full,25,8,2.78261137008667,2.998809814453125,1.9885629415512085
headdress,full,25,9,1.9885629415512085,3.088545799255371,3.608203172683716
headdress,full,25,10,3.608203172683716,5.0183844566345215,3.666785955429077
headdress,full,25,11,3.666785955429077,3.688737154006958,2.0971622467041016
headdress,full,25,12,2.0971622467041016,3.477907657623291,2.798527717590332
headdress,full,25,13,2.798527717590332,3.967381238937378,3.763498067855835
headdress,full,25,14,3.763498067855835,4.241516590118408,3.932027816772461
headdress,full,25,15,3.932027816772461,4.1949944496154785,3.029043674468994
headdress,full,25,16,3.029043674468994,2.8654417991638184,3.272642135620117
headdress,full,25,17,3.272642135620117,2.5251874923706055,4.70859956741333
headdress,full,25,18,4.70859956741333,10.486736297607422,7.170984745025635
headdress,full,25,19,7.170984745025635,6.655921936035156,7.576226234436035
headdress,full,25,20,7.576226234436035,7.280097961425781,5.903713226318359
headdress,full,25,21,5.903713226318359,6.410233020782471,8.091753005981445
headdress,full,25,22,8.091753005981445,8.915155410766602,9.03046989440918
headdress,full,25,23,9.03046989440918,9.31344223022461,9.670705795288086
headdress,full,25,24,9.670705795288086,9.02566146850586,9.145092010498047
headdress,full,25,25,9.145092010498047,8.55087947845459,9.009796142578125
headdress,full,25,26,9.009796142578125,7.97526741027832,7.664353847503662
headdress,full,25,27,7.664353847503662,6.6257524490356445,7.112116813659668
headdress,full,25,28,7.112116813659668,6.211299419403076,7.136537551879883
headdress,full,25,29,7.136537551879883,5.925441265106201,7.995779991149902
headdress,full,25,30,7.995779991149902,6.011451721191406,3.0610275268554688
headdress,full,25,31,3.0610275268554688,1.4884355068206787,0.6730625629425049
headdress,full,26,0,-0.4860578179359436,-0.9852626323699951,-0.6215118169784546
headdress,full,26,1,-0.6215118169784546,0.5504435300827026,0.8275411128997803
headdress,full,26,2,0.8275411128997803,1.6329224109649658,3.5317459106445312
headdress,full,26,3,3.5317459106445312,3.264404773712158,3.1279959678649902
headdress,full,26,4,3.1279959678649902,3.1979212760925293,2.6572322845458984
headdress,full,26,5,2.6572322845458984,2.7321019172668457,4.794153213500977
headdress,full,26,6,4.794153213500977,4.799482345581055,3.9481611251831055
headdress,full,26,7,3.9481611251831055,4.43353796005249,5.63321590423584
headdress,full,26,8,5.63321590423584,5.756053924560547,5.4794921875
headdress,full,26,9,5.4794921875,5.272830963134766,4.811033725738525
headdress,full,26,10,4.811033725738525,5.584804058074951,3.9572458267211914
headdress,full,26,11,3.9572458267211914,4.0260162353515625,4.2217254638671875
headdress,full,26,12,4.2217254638671875,4.984694004058838,5.412374496459961
headdress,full,26,13,5.412374496459961,3.504230499267578,3.577272891998291
headdress,full,26,14,3.577272891998291,3.381032705307007,2.2304248809814453
headdress,full,26,15,2.2304248809814453,2.07546329498291,1.4181243181228638
headdress,full,26,16,1.4181243181228638,3.0261096954345703,2.7329063415527344
headdress,full,26,17,2.7329063415527344,2.759373188018799,2.5462746620178223
headdress,full,26,18,2.5462746620178223,3.670210361480713,3.7406842708587646
headdress,full,26,19,3.7406842708587646,3.286351442337036,4.91917610168457
headdress,full,26,20,4.91917610168457,7.132958889007568,5.663122653961182
headdress,full,26,21,5.663122653961182,4.439539909362793,2.7810888290405273
headdress,full,26,22,2.7810888290405273,2.220630645751953,-3.135587453842163
headdress,full,26,23,-3.135587453842163,-4.197662353515625,-3.2433013916015625
headdress,full,26,24,-3.2433013916015625,-3.389042377471924,-4.185308933258057
headdress,full,26,25,-4.185308933258057,-4.556995391845703,-2.3727145195007324
headdress,full,26,26,-2.3727145195007324,-1.7629197835922241,-0.9709659814834595
headdress,full,26,27,-0.9709659814834595,-0.7240911722183228,-0.9949554204940796
headdress,full,26,28,-0.9949554204940796,-1.596960425376892,-1.2735170125961304
headdress,full,26,29,-1.2735170125961304,-1.3440697193145752,-1.8487598896026611
headdress,full,26,30,-1.8487598896026611,-0.8800033330917358,-1.063174843788147
headdress,full,26,31,-1.063174843788147,1.4337643384933472,0.5681187510490417
headdress,full,27,0,0.35434502363204956,-0.16685599088668823,-4.106533527374268
headdress,full,27,1,-4.106533527374268,-3.6525378227233887,-2.9440488815307617
headdress,full,27,2,-2.9440488815307617,-3.8983635902404785,-2.199117660522461
headdress,full,27,3,-2.199117660522461,-3.069265842437744,-1.9510695934295654
headdress,full,27,4,-1.9510695934295654,-1.078972339630127,-3.131063222885132
headdress,full,27,5,-3.131063222885132,-2.7937140464782715,-5.248938083648682
headdress,full,27,6,-5.248938083648682,-4.8224639892578125,-4.5871686935424805
headdress,full,27,7,-4.5871686935424805,-1.2323404550552368,-0.7940400838851929
headdress,full,27,8,-0.7940400838851929,-2.058321952819824,-1.587817907333374
headdress,full,27,9,-1.587817907333374,-2.595520257949829,-2.5440566539764404
headdress,full,27,10,-2.5440566539764404,0.09876751899719238,-1.8741636276245117
headdress,full,27,11,-1.8741636276245117,-0.8377846479415894,-2.932584524154663
headdress,full,27,12,-2.932584524154663,-0.2443472146987915,-0.11292064189910889
headdress,full,27,13,-0.11292064189910889,-0.24906739592552185,0.1826777458190918
headdress,full,27,14,0.1826777458190918,-0.8747521638870239,-0.0733799934387207
headdress,full,27,15,-0.0733799934387207,-1.0655977725982666,-0.828373908996582
headdress,full,27,16,-0.828373908996582,-0.3102571964263916,-0.9393899440765381
headdress,full,27,17,-0.9393899440765381,-0.3343844413757324,0.031188249588012695
headdress,full,27,18,0.031188249588012695,-0.3745443820953369,-0.9455909729003906
headdress,full,27,19,-0.9455909729003906,-0.43343234062194824,0.32126009464263916
headdress,full,27,20,0.32126009464263916,0.5175800323486328,-1.4330830574035645
headdress,full,27,21,-1.4330830574035645,-1.9132001399993896,-3.932192087173462
headdress,full,27,22,-3.932192087173462,-1.8751914501190186,-8.071115493774414
headdress,full,27,23,-8.071115493774414,-8.525263786315918,-6.127199172973633
headdress,full,27,24,-6.127199172973633,-2.5462839603424072,-0.7972736358642578
headdress,full,27,25,-0.7972736358642578,2.949354887008667,3.965117931365967
headdress,full,27,26,3.965117931365967,3.8046743869781494,3.818976879119873
headdress,full,27,27,3.818976879119873,3.8010177612304688,4.239593982696533
headdress,full,27,28,4.239593982696533,6.050501823425293,3.298210620880127
headdress,full,27,29,3.298210620880127,2.081014633178711,1.6359837055206299
headdress,full,27,30,1.6359837055206299,1.348195195198059,2.424685001373291
headdress,full,27,31,2.424685001373291,4.666738033294678,2.461250066757202
headdress,full,28,0,2.954542636871338,3.1557581424713135,1.2634352445602417
headdress,full,28,1,1.2634352445602417,1.4476101398468018,1.3825914859771729
headdress,full,28,2,1.3825914859771729,2.343827724456787,1.577110767364502
headdress,full,28,3,1.577110767364502,1.8571102619171143,1.2599422931671143
headdress,full,28,4,1.2599422931671143,0.6822739839553833,-1.2732208967208862
headdress,full,28,5,-1.2732208967208862,-2.0429909229278564,-1.3773677349090576
headdress,full,28,6,-1.3773677349090576,-1.7052714824676514,-2.793262481689453
headdress,full,28,7,-2.793262481689453,-2.5290021896362305,-2.7722597122192383
headdress,full,28,8,-2.7722597122192383,-4.870428085327148,-4.988289833068848
headdress,full,28,9,-4.988289833068848,-7.1097235679626465,-6.3644256591796875
headdress,full,28,10,-6.3644256591796875,-8.15627670288086,-6.892653465270996
headdress,full,28,11,-6.892653465270996,-5.635366439819336,-4.940393447875977
headdress,full,28,12,-4.940393447875977,-6.533195495605469,-6.913744926452637
headdress,full,28,13,-6.913744926452637,-9.571645736694336,-8.367853164672852
headdress,full,28,14,-8.367853164672852,-7.490735054016113,-4.82818078994751
headdress,full,28,15,-4.82818078994751,-5.128914833068848,-5.515852928161621
headdress,full,28,16,-5.515852928161621,-5.010412216186523,-2.8269598484039307
headdress,full,28,17,-2.8269598484039307,-2.893373489379883,-1.4741971492767334
headdress,full,28,18,-1.4741971492767334,-1.8753626346588135,-2.757542610168457
headdress,full,28,19,-2.757542610168457,-3.2292919158935547,0.20719432830810547
headdress,full,28,20,0.20719432830810547,-1.5066046714782715,0.31300970911979675
headdress,full,28,21,0.31300970911979675,1.218428611755371,3.1786317825317383
headdress,full,28,22,3.1786317825317383,5.137320518493652,6.029353618621826
headdress,full,28,23,6.029353618621826,5.061079978942871,17.337677001953125
headdress,full,28,24,17.337677001953125,17.03786277770996,21.114084243774414
headdress,full,28,25,21.114084243774414,20.880435943603516,19.94244956970215
headdress,full,28,26,19.94244956970215,19.212907791137695,18.762264251708984
headdress,full,28,27,18.762264251708984,19.140583038330078,17.13896942138672
headdress,full,28,28,17.13896942138672,16.63532257080078,14.198161125183105
headdress,full,28,29,14.198161125183105,12.585052490234375,11.984766960144043
headdress,full,28,30,11.984766960144043,12.424972534179688,12.746257781982422
headdress,full,28,31,12.746257781982422,10.3367280960083,11.10023021697998
headdress,full,29,0,-4.557139873504639,-2.7963974475860596,-3.4488065242767334
headdress,full,29,1,-3.4488065242767334,0.7130112648010254,1.013810634613037
headdress,full,29,2,1.013810634613037,2.136333703994751,2.643887996673584
headdress,full,29,3,2.643887996673584,3.252028465270996,3.716770648956299
headdress,full,29,4,3.716770648956299,4.376920700073242,2.246769666671753
headdress,full,29,5,2.246769666671753,3.131624698638916,0.07653605937957764
headdress,full,29,6,0.07653605937957764,1.2527403831481934,3.12626576423645
headdress,full,29,7,3.12626576423645,3.0902953147888184,2.0691003799438477
headdress,full,29,8,2.0691003799438477,2.791242837905884,1.163370966911316
headdress,full,29,9,1.163370966911316,2.8252670764923096,2.9367969036102295
headdress,full,29,10,2.9367969036102295,4.4892988204956055,5.1452956199646
headdress,full,29,11,5.1452956199646,5.348895072937012,4.975121021270752
headdress,full,29,12,4.975121021270752,6.95806360244751,5.470279216766357
headdress,full,29,13,5.470279216766357,6.965977668762207,5.320185661315918
headdress,full,29,14,5.320185661315918,5.781030178070068,4.567988395690918
headdress,full,29,15,4.567988395690918,5.882343292236328,6.723165988922119
headdress,full,29,16,6.723165988922119,8.189336776733398,7.204146385192871
headdress,full,29,17,7.204146385192871,6.9094624519348145,5.289128303527832
headdress,full,29,18,5.289128303527832,5.249317169189453,7.460644721984863
headdress,full,29,19,7.460644721984863,7.733433723449707,6.054384708404541
headdress,full,29,20,6.054384708404541,10.329097747802734,8.49803352355957
headdress,full,29,21,8.49803352355957,8.21086311340332,9.458868980407715
headdress,full,29,22,9.458868980407715,9.423614501953125,3.0433554649353027
headdress,full,29,23,3.0433554649353027,4.817622661590576,8.75809097290039
headdress,full,29,24,8.75809097290039,8.798429489135742,8.163846015930176
headdress,full,29,25,8.163846015930176,7.9854536056518555,8.858050346374512
headdress,full,29,26,8.858050346374512,8.317476272583008,6.263824462890625
headdress,full,29,27,6.263824462890625,5.869876384735107,5.095882415771484
headdress,full,29,28,5.095882415771484,5.578792572021484,5.589737892150879
headdress,full,29,29,5.589737892150879,5.118865489959717,5.8631768226623535
headdress,full,29,30,5.8631768226623535,5.024256229400635,5.255373001098633
headdress,full,29,31,5.255373001098633,4.563382148742676,3.410403251647949
headdress,full,30,0,-0.2895880937576294,-0.6515284776687622,-1.3582870960235596
headdress,full,30,1,-1.3582870960235596,-0.3473292589187622,0.13838696479797363
headdress,full,30,2,0.13838696479797363,3.1644954681396484,1.2287734746932983
headdress,full,30,3,1.2287734746932983,2.6406774520874023,2.390155792236328
headdress,full,30,4,2.390155792236328,2.4098663330078125,-0.08946406841278076
headdress,full,30,5,-0.08946406841278076,0.6790962219238281,0.05090451240539551
headdress,full,30,6,0.05090451240539551,-0.042932748794555664,-0.7811822891235352
headdress,full,30,7,-0.7811822891235352,0.6565979719161987,-1.226222038269043
headdress,full,30,8,-1.226222038269043,-0.48953235149383545,0.21801304817199707
headdress,full,30,9,0.21801304817199707,-1.6367905139923096,-1.4542341232299805
headdress,full,30,10,-1.4542341232299805,-0.8185895681381226,-0.17880412936210632
headdress,full,30,11,-0.17880412936210632,-1.1357167959213257,0.21406272053718567
headdress,full,30,12,0.21406272053718567,1.1849915981292725,2.3700461387634277
headdress,full,30,13,2.3700461387634277,4.211404800415039,4.458860397338867
headdress,full,30,14,4.458860397338867,3.742666721343994,3.4737343788146973
headdress,full,30,15,3.4737343788146973,4.6119842529296875,2.4138503074645996
headdress,full,30,16,2.4138503074645996,1.5698387622833252,1.0567609071731567
headdress,full,30,17,1.0567609071731567,1.23323655128479,1.5387324094772339
headdress,full,30,18,1.5387324094772339,1.180904507637024,1.9773794412612915
headdress,full,30,19,1.9773794412612915,2.8775575160980225,2.010439872741699
headdress,full,30,20,2.010439872741699,3.0730230808258057,3.248547077178955
headdress,full,30,21,3.248547077178955,3.1439309120178223,2.3983139991760254
headdress,full,30,22,2.3983139991760254,1.529138445854187,1.740323543548584
headdress,full,30,23,1.740323543548584,10.326282501220703,9.739740371704102
headdress,full,30,24,9.739740371704102,9.281593322753906,8.3128080368042
headdress,full,30,25,8.3128080368042,-1.1708076000213623,-0.9041576385498047
headdress,full,30,26,-0.9041576385498047,-1.287670373916626,-0.177223801612854
headdress,full,30,27,-0.177223801612854,-2.0079169273376465,-2.734046459197998
headdress,full,30,28,-2.734046459197998,-4.248497486114502,0.7912024259567261
headdress,full,30,29,0.7912024259567261,0.4451264441013336,1.3675870895385742
headdress,full,30,30,1.3675870895385742,6.17359733581543,1.6791058778762817
headdress,full,30,31,1.6791058778762817,3.4555139541625977,1.8732976913452148
headdress,full,31,0,-3.1718902587890625,-2.2149198055267334,-2.531465530395508
headdress,full,31,1,-2.531465530395508,-3.3417115211486816,-3.525867223739624
headdress,full,31,2,-3.525867223739624,-5.165225982666016,-4.2043328285217285
headdress,full,31,3,-4.2043328285217285,-5.033448219299316,-3.795145273208618
headdress,full,31,4,-3.795145273208618,-5.006641387939453,-3.623210906982422
headdress,full,31,5,-3.623210906982422,-1.9011850357055664,-1.0127360820770264
headdress,full,31,6,-1.0127360820770264,-1.3747422695159912,2.629323959350586
headdress,full,31,7,2.629323959350586,1.153664231300354,-0.17032766342163086
headdress,full,31,8,-0.17032766342163086,-0.9607312679290771,-1.220184087753296
headdress,full,31,9,-1.220184087753296,0.4468381404876709,0.006992340087890625
headdress,full,31,10,0.006992340087890625,0.052258968353271484,1.3899524211883545
headdress,full,31,11,1.3899524211883545,1.042203664779663,0.048566579818725586
headdress,full,31,12,0.048566579818725586,0.1049952507019043,0.6118392944335938
headdress,full,31,13,0.6118392944335938,0.7651767730712891,-0.7824041843414307
headdress,full,31,14,-0.7824041843414307,0.5880138874053955,2.2008910179138184
headdress,full,31,15,2.2008910179138184,3.1045243740081787,1.8349158763885498
headdress,full,31,16,1.8349158763885498,5.213225841522217,5.185579776763916
headdress,full,31,17,5.185579776763916,4.902791500091553,6.551007270812988
headdress,full,31,18,6.551007270812988,6.844583511352539,5.609348297119141
headdress,full,31,19,5.609348297119141,4.388593673706055,4.896979331970215
headdress,full,31,20,4.896979331970215,6.7740068435668945,7.4742751121521
headdress,full,31,21,7.4742751121521,8.405810356140137,7.934383869171143
headdress,full,31,22,7.934383869171143,4.357179164886475,4.781375885009766
headdress,full,31,23,4.781375885009766,8.019851684570312,8.39985466003418
headdress,full,31,24,8.39985466003418,7.99255895614624,7.222857475280762
headdress,full,31,25,7.222857475280762,13.871807098388672,13.102521896362305
headdress,full,31,26,13.102521896362305,12.991216659545898,12.048135757446289
headdress,full,31,27,12.048135757446289,13.76478099822998,13.804481506347656
headdress,full,31,28,13.804481506347656,15.47374153137207,9.47534465789795
headdress,full,31,29,9.47534465789795,8.924535751342773,9.547225952148438
headdress,full,31,30,9.547225952148438,9.387571334838867,9.877885818481445
headdress,full,31,31,9.877885818481445,9.381126403808594,14.301390647888184
headdress,full,32,0,1.7169839143753052,1.0135107040405273,0.5110450983047485
headdress,full,32,1,0.5110450983047485,0.23968321084976196,0.08825093507766724
headdress,full,32,2,0.08825093507766724,0.6265275478363037,0.596458911895752
headdress,full,32,3,0.596458911895752,0.12315049767494202,0.8455187678337097
headdress,full,32,4,0.8455187678337097,1.3467693328857422,0.35392242670059204
headdress,full,32,5,0.35392242670059204,0.924973726272583,1.993280053138733
headdress,full,32,6,1.993280053138733,1.8737828731536865,1.7692203521728516
headdress,full,32,7,1.7692203521728516,1.0589839220046997,1.991855263710022
headdress,full,32,8,1.991855263710022,2.810525894165039,2.795684337615967
headdress,full,32,9,2.795684337615967,2.5517921447753906,2.1528773307800293
headdress,full,32,10,2.1528773307800293,0.7260943651199341,1.9127905368804932
headdress,full,32,11,1.9127905368804932,2.1347496509552,2.9267845153808594
headdress,full,32,12,2.9267845153808594,2.2971811294555664,2.3498096466064453
headdress,full,32,13,2.3498096466064453,1.8000760078430176,1.5289599895477295
headdress,full,32,14,1.5289599895477295,0.862014651298523,0.8577830195426941
headdress,full,32,15,0.8577830195426941,0.823704719543457,1.304934024810791
headdress,full,32,16,1.304934024810791,3.2438695430755615,2.629176139831543
headdress,full,32,17,2.629176139831543,3.5215835571289062,3.3783493041992188
headdress,full,32,18,3.3783493041992188,3.091128349304199,2.531911849975586
headdress,full,32,19,2.531911849975586,2.520261287689209,3.0607237815856934
headdress,full,32,20,3.0607237815856934,3.1535935401916504,3.208749771118164
headdress,full,32,21,3.208749771118164,3.4471774101257324,3.5353856086730957
headdress,full,32,22,3.5353856086730957,4.395328998565674,4.027873992919922
headdress,full,32,23,4.027873992919922,4.4971418380737305,4.992290496826172
headdress,full,32,24,4.992290496826172,5.206258773803711,5.048635005950928
headdress,full,32,25,5.048635005950928,6.674991607666016,6.133531093597412
headdress,full,32,26,6.133531093597412,5.690744400024414,5.897453784942627
headdress,full,32,27,5.897453784942627,5.524063587188721,5.383404731750488
headdress,full,32,28,5.383404731750488,5.267871856689453,5.270402908325195
headdress,full,32,29,5.270402908325195,4.445736885070801,4.748099327087402
headdress,full,32,30,4.748099327087402,4.889172077178955,5.504002571105957
headdress,full,32,31,5.504002571105957,6.282795429229736,14.650015830993652
headdress,full,33,0,0.6139160990715027,1.2457520961761475,0.4529365301132202
headdress,full,33,1,0.4529365301132202,1.2041471004486084,1.8225936889648438
headdress,full,33,2,1.8225936889648438,1.4534505605697632,1.7950196266174316
headdress,full,33,3,1.7950196266174316,1.1648778915405273,2.812871217727661
headdress,full,33,4,2.812871217727661,2.4382052421569824,2.896125555038452
headdress,full,33,5,2.896125555038452,2.3100996017456055,-0.5377704501152039
headdress,full,33,6,-0.5377704501152039,-0.5773712992668152,1.7556064128875732
headdress,full,33,7,1.7556064128875732,1.9220855236053467,1.0081852674484253
headdress,full,33,8,1.0081852674484253,0.9196689128875732,0.40484482049942017
headdress,full,33,9,0.40484482049942017,0.23571595549583435,-0.09094205498695374
headdress,full,33,10,-0.09094205498695374,0.7486598491668701,-1.3416364192962646
headdress,full,33,11,-1.3416364192962646,-1.1444342136383057,-1.7535808086395264
headdress,full,33,12,-1.7535808086395264,-1.0657522678375244,-1.9586644172668457
headdress,full,33,13,-1.9586644172668457,-0.8962628841400146,-1.5605610609054565
headdress,full,33,14,-1.5605610609054565,-1.5711023807525635,-0.8719372749328613
headdress,full,33,15,-0.8719372749328613,-0.9620033502578735,-2.14536452293396
headdress,full,33,16,-2.14536452293396,-2.496943235397339,-4.976147651672363
headdress,full,33,17,-4.976147651672363,-4.531121730804443,-3.8453431129455566
headdress,full,33,18,-3.8453431129455566,-3.440185070037842,-2.2052862644195557
headdress,full,33,19,-2.2052862644195557,-2.4470458030700684,-2.7048912048339844
headdress,full,33,20,-2.7048912048339844,-2.812570333480835,-3.161940097808838
headdress,full,33,21,-3.161940097808838,-2.9645473957061768,-1.9529212713241577
headdress,full,33,22,-1.9529212713241577,-2.9760582447052,-2.5627517700195312
headdress,full,33,23,-2.5627517700195312,-1.7700858116149902,-0.35803622007369995
headdress,full,33,24,-0.35803622007369995,-0.5333263874053955,0.5676473379135132
headdress,full,33,25,0.5676473379135132,-0.6171490550041199,-0.12682348489761353
headdress,full,33,26,-0.12682348489761353,-0.517072856426239,-0.29475224018096924
headdress,full,33,27,-0.29475224018096924,-0.09888976812362671,0.2791244387626648
headdress,full,33,28,0.2791244387626648,0.521757960319519,1.0586090087890625
headdress,full,33,29,1.0586090087890625,0.657086968421936,0.6375588774681091
headdress,full,33,30,0.6375588774681091,-0.011118292808532715,0.7885220050811768
headdress,full,33,31,0.7885220050811768,-0.8186330795288086,-0.5427725315093994
headdress,full,34,0,-3.5932207107543945,-0.5659561157226562,-2.3307108879089355
headdress,full,34,1,-2.3307108879089355,-1.14423668384552,-2.7858810424804688
headdress,full,34,2,-2.7858810424804688,-1.9751487970352173,-2.0486860275268555
headdress,full,34,3,-2.0486860275268555,-1.3998993635177612,-1.3845633268356323
headdress,full,34,4,-1.3845633268356323,-0.8244647979736328,-0.08002611994743347
headdress,full,34,5,-0.08002611994743347,0.21720737218856812,0.3492417335510254
headdress,full,34,6,0.3492417335510254,-1.5794093608856201,-1.7069121599197388
headdress,full,34,7,-1.7069121599197388,-2.927212953567505,-2.939805507659912
headdress,full,34,8,-2.939805507659912,-3.5343735218048096,-4.58094596862793
headdress,full,34,9,-4.58094596862793,-4.386080741882324,-3.333103656768799
headdress,full,34,10,-3.333103656768799,-4.729283332824707,-2.682109832763672
headdress,full,34,11,-2.682109832763672,-2.1769237518310547,-2.310027599334717
headdress,full,34,12,-2.310027599334717,-4.397148609161377,-3.990795612335205
headdress,full,34,13,-3.990795612335205,-2.297668933868408,-3.305297374725342
headdress,full,34,14,-3.305297374725342,-2.6053924560546875,-1.7812457084655762
headdress,full,34,15,-1.7812457084655762,-1.5742592811584473,-1.2672758102416992
headdress,full,34,16,-1.2672758102416992,-2.497302532196045,-2.214536666870117
headdress,full,34,17,-2.214536666870117,-1.708213210105896,-0.8306316137313843
headdress,full,34,18,-0.8306316137313843,-2.4630331993103027,-2.8246917724609375
headdress,full,34,19,-2.8246917724609375,-2.648122549057007,-4.607290744781494
headdress,full,34,20,-4.607290744781494,-4.054553031921387,-3.659219264984131
headdress,full,34,21,-3.659219264984131,-2.974529981613159,-2.124833106994629
headdress,full,34,22,-2.124833106994629,-1.0996191501617432,-0.011452734470367432
headdress,full,34,23,-0.011452734470367432,1.1619904041290283,-2.882229804992676
headdress,full,34,24,-2.882229804992676,-2.4767048358917236,-1.43418288230896
headdress,full,34,25,-1.43418288230896,-0.6744755506515503,-1.639615774154663
headdress,full,34,26,-1.639615774154663,-2.7866971492767334,-4.067351341247559
headdress,full,34,27,-4.067351341247559,-4.055789947509766,-4.524603843688965
headdress,full,34,28,-4.524603843688965,-3.1634621620178223,-3.8872718811035156
headdress,full,34,29,-3.8872718811035156,-2.8667407035827637,-1.3185851573944092
headdress,full,34,30,-1.3185851573944092,-1.6291358470916748,-0.49384409189224243
headdress,full,34,31,-0.49384409189224243,-2.5898609161376953,-1.737345576286316
headdress,full,35,0,-1.3885732889175415,-0.6270002126693726,-0.31752318143844604
headdress,full,35,1,-0.31752318143844604,0.40500226616859436,-0.9042108058929443
headdress,full,35,2,-0.9042108058929443,0.8959391713142395,1.4498722553253174
headdress,full,35,3,1.4498722553253174,2.8559420108795166,1.9445436000823975
headdress,full,35,4,1.9445436000823975,2.8028745651245117,4.300509929656982
headdress,full,35,5,4.300509929656982,4.596005439758301,5.38959264755249
headdress,full,35,6,5.38959264755249,4.979321002960205,4.234838962554932
headdress,full,35,7,4.234838962554932,2.107881546020508,1.437376618385315
headdress,full,35,8,1.437376618385315,1.6054015159606934,2.5909905433654785
headdress,full,35,9,2.5909905433654785,2.1557228565216064,3.67000150680542
headdress,full,35,10,3.67000150680542,1.8395172357559204,2.5676307678222656
headdress,full,35,11,2.5676307678222656,0.5855515599250793,1.60023832321167
headdress,full,35,12,1.60023832321167,0.6737054586410522,4.291432857513428
headdress,full,35,13,4.291432857513428,0.3550140857696533,0.27837085723876953
headdress,full,35,14,0.27837085723876953,0.0744854211807251,-3.0650172233581543
headdress,full,35,15,-3.0650172233581543,-1.590999722480774,-0.0604400634765625
headdress,full,35,16,-0.0604400634765625,0.4943908452987671,1.0270607471466064
headdress,full,35,17,1.0270607471466064,-0.44300246238708496,0.3497612476348877
headdress,full,35,18,0.3497612476348877,0.3450157642364502,1.102437973022461
headdress,full,35,19,1.102437973022461,1.5703561305999756,1.7053375244140625
headdress,full,35,20,1.7053375244140625,2.0384292602539062,2.9170501232147217
headdress,full,35,21,2.9170501232147217,0.5183506011962891,-1.6116173267364502
headdress,full,35,22,-1.6116173267364502,-0.10842084884643555,0.005081057548522949
headdress,full,35,23,0.005081057548522949,-3.324270725250244,-1.8515405654907227
headdress,full,35,24,-1.8515405654907227,-2.717696189880371,-1.9384357929229736
headdress,full,35,25,-1.9384357929229736,-2.0641462802886963,-1.8490254878997803
headdress,full,35,26,-1.8490254878997803,-1.5587422847747803,-3.0422239303588867
headdress,full,35,27,-3.0422239303588867,-2.662222146987915,-3.3605215549468994
headdress,full,35,28,-3.3605215549468994,-11.235528945922852,-8.59408950805664
headdress,full,35,29,-8.59408950805664,-6.90299129486084,-6.702185153961182
headdress,full,35,30,-6.702185153961182,-5.614789009094238,-4.787225246429443
headdress,full,35,31,-4.787225246429443,-2.9414966106414795,-1.1542283296585083
headdress,full,36,0,-3.360307216644287,0.16912055015563965,-1.0544772148132324
headdress,full,36,1,-1.0544772148132324,1.230542540550232,-1.5129019021987915
headdress,full,36,2,-1.5129019021987915,0.11137020587921143,-1.8406156301498413
headdress,full,36,3,-1.8406156301498413,-0.1535944938659668,-2.7873597145080566
headdress,full,36,4,-2.7873597145080566,-1.8549247980117798,-1.7831051349639893
headdress,full,36,5,-1.7831051349639893,-0.9393996000289917,0.58152174949646
headdress,full,36,6,0.58152174949646,-0.1324787139892578,-0.4418210983276367
headdress,full,36,7,-0.4418210983276367,-1.384584903717041,-1.7389209270477295
headdress,full,36,8,-1.7389209270477295,-2.0283560752868652,-2.3648831844329834
headdress,full,36,9,-2.3648831844329834,-1.9471365213394165,-0.25091493129730225
headdress,full,36,10,-0.25091493129730225,0.2636227607727051,0.25862109661102295
headdress,full,36,11,0.25862109661102295,-0.07954543828964233,-1.72842276096344
headdress,full,36,12,-1.72842276096344,-2.2494754791259766,-2.780576705932617
headdress,full,36,13,-2.780576705932617,-5.042871952056885,-5.04992151260376
headdress,full,36,14,-5.04992151260376,-2.9349043369293213,-3.5813956260681152
headdress,full,36,15,-3.5813956260681152,-4.091043949127197,-5.8354997634887695
headdress,full,36,16,-5.8354997634887695,-5.9009246826171875,-2.9247052669525146
headdress,full,36,17,-2.9247052669525146,-4.024832725524902,-1.685615062713623
headdress,full,36,18,-1.685615062713623,-1.9526258707046509,-1.2684037685394287
headdress,full,36,19,-1.2684037685394287,-0.6177055835723877,0.6308149099349976
headdress,full,36,20,0.6308149099349976,1.0705945491790771,-1.5167863368988037
headdress,full,36,21,-1.5167863368988037,-1.329955816268921,-0.47447264194488525
headdress,full,36,22,-0.47447264194488525,-1.2883837223052979,-0.5983400344848633
headdress,full,36,23,-0.5983400344848633,-3.436258554458618,-4.097032070159912
headdress,full,36,24,-4.097032070159912,-2.880383253097534,-4.656574726104736
headdress,full,36,25,-4.656574726104736,-5.630990505218506,-6.3859453201293945
headdress,full,36,26,-6.3859453201293945,-4.52494478225708,-4.88169527053833
headdress,full,36,27,-4.88169527053833,-3.9858345985412598,-3.0757718086242676
headdress,full,36,28,-3.0757718086242676,-4.729463577270508,-4.618659019470215
headdress,full,36,29,-4.618659019470215,-3.690556526184082,-1.4164081811904907
headdress,full,36,30,-1.4164081811904907,-1.157074213027954,0.949475884437561
headdress,full,36,31,0.949475884437561,1.4749736785888672,-1.3171865940093994
headdress,full,37,0,0.3631969690322876,-3.091552972793579,-1.8507335186004639
headdress,full,37,1,-1.8507335186004639,-2.5306284427642822,-1.995078206062317
headdress,full,37,2,-1.995078206062317,-2.21755313873291,-0.009415626525878906
headdress,full,37,3,-0.009415626525878906,-0.1267848014831543,-0.3838844299316406
headdress,full,37,4,-0.3838844299316406,-0.37831950187683105,0.2326728105545044
headdress,full,37,5,0.2326728105545044,-2.337921142578125,-2.0231101512908936
headdress,full,37,6,-2.0231101512908936,-2.0570244789123535,-2.4021716117858887
headdress,full,37,7,-2.4021716117858887,-2.567967414855957,-3.9171957969665527
headdress,full,37,8,-3.9171957969665527,-4.815799236297607,-2.715641498565674
headdress,full,37,9,-2.715641498565674,-4.521191596984863,-4.184778690338135
headdress,full,37,10,-4.184778690338135,-3.9320895671844482,-5.1524248123168945
headdress,full,37,11,-5.1524248123168945,-4.913527488708496,-4.809569835662842
headdress,full,37,12,-4.809569835662842,-3.581277370452881,-2.9169604778289795
headdress,full,37,13,-2.9169604778289795,-1.7668718099594116,-1.9657419919967651
headdress,full,37,14,-1.9657419919967651,-3.091803550720215,-1.9142706394195557
headdress,full,37,15,-1.9142706394195557,-1.0804264545440674,-1.4937963485717773
headdress,full,37,16,-1.4937963485717773,-0.04439431428909302,-0.24331912398338318
headdress,full,37,17,-0.24331912398338318,-0.26752227544784546,-0.7008107900619507
headdress,full,37,18,-0.7008107900619507,-0.48853832483291626,-2.2243096828460693
headdress,full,37,19,-2.2243096828460693,-2.1262805461883545,-2.007884979248047
headdress,full,37,20,-2.007884979248047,-1.6065280437469482,-2.010554790496826
headdress,full,37,21,-2.010554790496826,-2.0337772369384766,-2.5476136207580566
headdress,full,37,22,-2.5476136207580566,-2.191035032272339,-2.0555267333984375
headdress,full,37,23,-2.0555267333984375,-2.0399656295776367,-2.43440842628479
headdress,full,37,24,-2.43440842628479,-2.4665396213531494,-2.1348774433135986
headdress,full,37,25,-2.1348774433135986,-2.2974588871002197,-1.5302785634994507
headdress,full,37,26,-1.5302785634994507,-1.4233561754226685,-1.048567771911621
headdress,full,37,27,-1.048567771911621,-0.20069873332977295,-0.14012575149536133
headdress,full,37,28,-0.14012575149536133,0.3529897928237915,0.6055892705917358
headdress,full,37,29,0.6055892705917358,0.7662781476974487,2.4672317504882812
headdress,full,37,30,2.4672317504882812,2.9704794883728027,5.649487495422363
headdress,full,37,31,5.649487495422363,7.474704265594482,9.421089172363281
headdress,full,38,0,-1.4282947778701782,-0.885269284248352,0.6689536571502686
headdress,full,38,1,0.6689536571502686,0.3203408718109131,4.491934776306152
headdress,full,38,2,4.491934776306152,3.8725290298461914,2.640801429748535
headdress,full,38,3,2.640801429748535,1.532605767250061,0.8149067163467407
headdress,full,38,4,0.8149067163467407,0.2512984275817871,1.2978205680847168
headdress,full,38,5,1.2978205680847168,0.8441060781478882,0.8035679459571838
headdress,full,38,6,0.8035679459571838,0.9047741889953613,3.0870728492736816
headdress,full,38,7,3.0870728492736816,3.171562671661377,2.3629820346832275
headdress,full,38,8,2.3629820346832275,1.9040353298187256,2.4975173473358154
headdress,full,38,9,2.4975173473358154,0.9467053413391113,2.0036706924438477
headdress,full,38,10,2.0036706924438477,0.8700015544891357,1.038729190826416
headdress,full,38,11,1.038729190826416,-1.114647388458252,1.0680919885635376
headdress,full,38,12,1.0680919885635376,1.1185716390609741,0.9569685459136963
headdress,full,38,13,0.9569685459136963,1.4575858116149902,1.456404209136963
headdress,full,38,14,1.456404209136963,1.6922223567962646,2.0360331535339355
headdress,full,38,15,2.0360331535339355,5.575350761413574,6.921481132507324
headdress,full,38,16,6.921481132507324,8.876035690307617,8.677469253540039
headdress,full,38,17,8.677469253540039,8.296812057495117,9.964214324951172
headdress,full,38,18,9.964214324951172,9.071491241455078,10.642494201660156
headdress,full,38,19,10.642494201660156,10.914085388183594,11.103355407714844
headdress,full,38,20,11.103355407714844,15.319814682006836,17.130725860595703
headdress,full,38,21,17.130725860595703,16.878231048583984,16.696849822998047
headdress,full,38,22,16.696849822998047,16.431283950805664,15.86223030090332
headdress,full,38,23,15.86223030090332,16.75197982788086,15.353081703186035
headdress,full,38,24,15.353081703186035,14.845465660095215,17.57632064819336
headdress,full,38,25,17.57632064819336,16.541213989257812,19.5174560546875
headdress,full,38,26,19.5174560546875,18.812929153442383,19.38558006286621
headdress,full,38,27,19.38558006286621,18.420135498046875,15.921662330627441
headdress,full,38,28,15.921662330627441,15.343973159790039,15.894845008850098
headdress,full,38,29,15.894845008850098,14.156734466552734,15.643805503845215
headdress,full,38,30,15.643805503845215,12.366508483886719,11.539348602294922
headdress,full,38,31,11.539348602294922,8.354798316955566,4.698105812072754
headdress,full,39,0,-0.5789556503295898,-0.2378523349761963,0.38106390833854675
headdress,full,39,1,0.38106390833854675,1.240527629852295,0.8767504692077637
headdress,full,39,2,0.8767504692077637,2.1362733840942383,0.2065877914428711
headdress,full,39,3,0.2065877914428711,1.1471164226531982,-0.02591109275817871
headdress,full,39,4,-0.02591109275817871,0.7869604825973511,0.263142466545105
headdress,full,39,5,0.263142466545105,-0.13451671600341797,0.4391810894012451
headdress,full,39,6,0.4391810894012451,0.2556551694869995,1.8978592157363892
headdress,full,39,7,1.8978592157363892,0.47204554080963135,1.434737205505371
headdress,full,39,8,1.434737205505371,2.02748441696167,4.033119201660156
headdress,full,39,9,4.033119201660156,3.7794532775878906,3.2152533531188965
headdress,full,39,10,3.2152533531188965,2.2497613430023193,1.3154772520065308
headdress,full,39,11,1.3154772520065308,-0.9203144311904907,1.8724324703216553
headdress,full,39,12,1.8724324703216553,3.7926387786865234,5.460672855377197
headdress,full,39,13,5.460672855377197,4.225390434265137,4.991327285766602
headdress,full,39,14,4.991327285766602,1.9335808753967285,5.040998458862305
headdress,full,39,15,5.040998458862305,3.3653650283813477,3.962848663330078
headdress,full,39,16,3.962848663330078,3.4117088317871094,3.193394660949707
headdress,full,39,17,3.193394660949707,3.2851970195770264,3.169828414916992
headdress,full,39,18,3.169828414916992,3.7534830570220947,3.5164220333099365
headdress,full,39,19,3.5164220333099365,4.203573703765869,4.070629119873047
headdress,full,39,20,4.070629119873047,5.0358710289001465,6.503542900085449
headdress,full,39,21,6.503542900085449,3.8708624839782715,4.2873711585998535
headdress,full,39,22,4.2873711585998535,5.0970988273620605,6.023927211761475
headdress,full,39,23,6.023927211761475,5.350398063659668,6.22597074508667
headdress,full,39,24,6.22597074508667,-5.229251861572266,-3.2374870777130127
headdress,full,39,25,-3.2374870777130127,-6.985279560089111,-4.782999515533447
headdress,full,39,26,-4.782999515533447,-4.311216354370117,-2.9114251136779785
headdress,full,39,27,-2.9114251136779785,-3.425138473510742,-1.9509893655776978
headdress,full,39,28,-1.9509893655776978,-1.7231431007385254,-0.7420791387557983
headdress,full,39,29,-0.7420791387557983,-0.9963914155960083,-0.6841344833374023
headdress,full,39,30,-0.6841344833374023,-1.8059923648834229,0.682183027267456
headdress,full,39,31,0.682183027267456,4.156622886657715,2.4934163093566895
headdress,full,40,0,2.7670819759368896,0.8005711436271667,-0.43835318088531494
headdress,full,40,1,-0.43835318088531494,-1.4320333003997803,-0.48018181324005127
headdress,full,40,2,-0.48018181324005127,-0.2706107795238495,0.6768509149551392
headdress,full,40,3,0.6768509149551392,0.8269275426864624,1.60909903049469
headdress,full,40,4,1.60909903049469,1.4204144477844238,3.6798534393310547
headdress,full,40,5,3.6798534393310547,2.5321044921875,2.5387773513793945
headdress,full,40,6,2.5387773513793945,1.933703899383545,0.6554497480392456
headdress,full,40,7,0.6554497480392456,-0.20908784866333008,-1.1510279178619385
headdress,full,40,8,-1.1510279178619385,-2.39727783203125,0.44456860423088074
headdress,full,40,9,0.44456860423088074,0.1380329430103302,1.0688421726226807
headdress,full,40,10,1.0688421726226807,1.0238455533981323,0.060877181589603424
headdress,full,40,11,0.060877181589603424,1.5735347270965576,0.1290876865386963
headdress,full,40,12,0.1290876865386963,1.1067492961883545,-0.8655114769935608
headdress,full,40,13,-0.8655114769935608,2.7613375186920166,1.6487679481506348
headdress,full,40,14,1.6487679481506348,3.204601764678955,2.4096860885620117
headdress,full,40,15,2.4096860885620117,4.540026664733887,2.4721570014953613
headdress,full,40,16,2.4721570014953613,4.011327743530273,1.4420890808105469
headdress,full,40,17,1.4420890808105469,3.1221084594726562,2.2310147285461426
headdress,full,40,18,2.2310147285461426,3.0746853351593018,2.1878011226654053
headdress,full,40,19,2.1878011226654053,1.6764695644378662,2.333460807800293
headdress,full,40,20,2.333460807800293,4.534598350524902,4.835260391235352
headdress,full,40,21,4.835260391235352,7.086710453033447,7.094717025756836
headdress,full,40,22,7.094717025756836,14.180051803588867,12.086465835571289
headdress,full,40,23,12.086465835571289,10.726968765258789,11.073872566223145
headdress,full,40,24,11.073872566223145,3.345489978790283,4.956317901611328
headdress,full,40,25,4.956317901611328,12.667279243469238,12.22532844543457
headdress,full,40,26,12.22532844543457,4.956425666809082,1.2323787212371826
headdress,full,40,27,1.2323787212371826,-2.043686628341675,-2.384382724761963
headdress,full,40,28,-2.384382724761963,-2.7603094577789307,-2.0223278999328613
headdress,full,40,29,-2.0223278999328613,-2.120609998703003,-1.7948777675628662
headdress,full,40,30,-1.7948777675628662,0.3299691677093506,0.24924588203430176
headdress,full,40,31,0.24924588203430176,3.156008005142212,0.9659562110900879
headdress,full,41,0,0.07131147384643555,1.2236871719360352,2.1554923057556152
headdress,full,41,1,2.1554923057556152,2.5649404525756836,0.9321746826171875
headdress,full,41,2,0.9321746826171875,0.82332444190979,0.8831441402435303
headdress,full,41,3,0.8831441402435303,0.4477570652961731,2.2207164764404297
headdress,full,41,4,2.2207164764404297,2.3127174377441406,1.9928481578826904
headdress,full,41,5,1.9928481578826904,1.184417724609375,1.4424712657928467
headdress,full,41,6,1.4424712657928467,-0.05172848701477051,-0.2003607153892517
headdress,full,41,7,-0.2003607153892517,-1.8599485158920288,-0.9495970010757446
headdress,full,41,8,-0.9495970010757446,1.0926029682159424,1.8594576120376587
headdress,full,41,9,1.8594576120376587,2.1614489555358887,2.2774693965911865
headdress,full,41,10,2.2774693965911865,2.7559001445770264,1.4758632183074951
headdress,full,41,11,1.4758632183074951,-0.7281527519226074,1.7339723110198975
headdress,full,41,12,1.7339723110198975,-0.32968831062316895,-2.4758076667785645
headdress,full,41,13,-2.4758076667785645,-1.37809419631958,-0.15188992023468018
headdress,full,41,14,-0.15188992023468018,-2.784472703933716,-3.3204240798950195
headdress,full,41,15,-3.3204240798950195,-3.7403669357299805,-2.716878890991211
headdress,full,41,16,-2.716878890991211,-1.136074423789978,-1.1038459539413452
headdress,full,41,17,-1.1038459539413452,-1.9071727991104126,-1.347766637802124
headdress,full,41,18,-1.347766637802124,-0.9631326198577881,0.6010751724243164
headdress,full,41,19,0.6010751724243164,0.8413974046707153,0.9086339473724365
headdress,full,41,20,0.9086339473724365,1.3527346849441528,1.42210054397583
headdress,full,41,21,1.42210054397583,0.3254663944244385,0.5237040519714355
headdress,full,41,22,0.5237040519714355,2.05230450630188,4.264142036437988
headdress,full,41,23,4.264142036437988,4.763748645782471,4.152528762817383
headdress,full,41,24,4.152528762817383,1.957024335861206,0.0850520133972168
headdress,full,41,25,0.0850520133972168,-2.7302870750427246,-0.8177968859672546
headdress,full,41,26,-0.8177968859672546,5.466580390930176,5.389317989349365
headdress,full,41,27,5.389317989349365,9.24660873413086,10.130703926086426
headdress,full,41,28,10.130703926086426,9.803389549255371,9.215880393981934
headdress,full,41,29,9.215880393981934,7.944296836853027,8.650489807128906
headdress,full,41,30,8.650489807128906,7.222129821777344,7.974359512329102
headdress,full,41,31,7.974359512329102,6.62840461730957,8.968233108520508
headdress,full,42,0,-0.5907708406448364,-1.3732141256332397,0.8782076835632324
headdress,full,42,1,0.8782076835632324,-0.705715000629425,-0.9237000942230225
headdress,full,42,2,-0.9237000942230225,0.1478337049484253,0.8657313585281372
headdress,full,42,3,0.8657313585281372,0.013846158981323242,-1.8281440734863281
headdress,full,42,4,-1.8281440734863281,-1.6073638200759888,-1.544785976409912
headdress,full,42,5,-1.544785976409912,-1.4011577367782593,-0.8905512690544128
headdress,full,42,6,-0.8905512690544128,-0.8202565908432007,-2.8131103515625
headdress,full,42,7,-2.8131103515625,-3.5718061923980713,-1.6403008699417114
headdress,full,42,8,-1.6403008699417114,-0.5617561340332031,0.7456865310668945
headdress,full,42,9,0.7456865310668945,-0.36017751693725586,-1.1892412900924683
headdress,full,42,10,-1.1892412900924683,-0.8769755363464355,0.40039217472076416
headdress,full,42,11,0.40039217472076416,1.3291387557983398,1.1078124046325684
headdress,full,42,12,1.1078124046325684,-0.41547155380249023,-0.5907843112945557
headdress,full,42,13,-0.5907843112945557,-1.8754949569702148,-0.39578843116760254
headdress,full,42,14,-0.39578843116760254,0.955280065536499,3.202284574508667
headdress,full,42,15,3.202284574508667,7.367664337158203,5.36167573928833
headdress,full,42,16,5.36167573928833,8.649450302124023,8.493148803710938
headdress,full,42,17,8.493148803710938,7.574840545654297,9.276443481445312
headdress,full,42,18,9.276443481445312,9.420206069946289,7.676580429077148
headdress,full,42,19,7.676580429077148,7.659067153930664,8.564208984375
headdress,full,42,20,8.564208984375,11.239171981811523,9.877253532409668
headdress,full,42,21,9.877253532409668,9.72401237487793,7.892399787902832
headdress,full,42,22,7.892399787902832,7.52199649810791,3.706684112548828
headdress,full,42,23,3.706684112548828,4.144011974334717,5.644205570220947
headdress,full,42,24,5.644205570220947,5.5892109870910645,4.980527877807617
headdress,full,42,25,4.980527877807617,4.931118488311768,5.68556022644043
headdress,full,42,26,5.68556022644043,5.710810661315918,6.173726558685303
headdress,full,42,27,6.173726558685303,5.967578887939453,8.260517120361328
headdress,full,42,28,8.260517120361328,7.092927932739258,8.224281311035156
headdress,full,42,29,8.224281311035156,7.9211530685424805,6.218654632568359
headdress,full,42,30,6.218654632568359,6.108763694763184,6.906581401824951
headdress,full,42,31,6.906581401824951,6.7413716316223145,5.835762977600098
headdress,full,43,0,-3.7328124046325684,0.14235171675682068,0.21413087844848633
headdress,full,43,1,0.21413087844848633,-3.3149561882019043,-2.268178939819336
headdress,full,43,2,-2.268178939819336,-2.1088595390319824,-1.656969666481018
headdress,full,43,3,-1.656969666481018,-4.045282363891602,-1.5516810417175293
headdress,full,43,4,-1.5516810417175293,-3.2140159606933594,-2.93778133392334
headdress,full,43,5,-2.93778133392334,-2.2221736907958984,-3.165055274963379
headdress,full,43,6,-3.165055274963379,-2.526604175567627,-1.768894076347351
headdress,full,43,7,-1.768894076347351,-1.9491444826126099,-3.433427095413208
headdress,full,43,8,-3.433427095413208,-5.195955276489258,-6.185651779174805
headdress,full,43,9,-6.185651779174805,-4.178030490875244,-1.6635533571243286
headdress,full,43,10,-1.6635533571243286,-2.5897746086120605,-0.7130720615386963
headdress,full,43,11,-0.7130720615386963,-2.0938827991485596,-2.402008295059204
headdress,full,43,12,-2.402008295059204,-2.799100637435913,-4.204961776733398
headdress,full,43,13,-4.204961776733398,-2.8702340126037598,-4.005825042724609
headdress,full,43,14,-4.005825042724609,-3.465670347213745,-2.4548463821411133
headdress,full,43,15,-2.4548463821411133,-0.5067938566207886,0.8998717069625854
headdress,full,43,16,0.8998717069625854,5.667133331298828,8.061999320983887
headdress,full,43,17,8.061999320983887,7.651586532592773,6.315983295440674
headdress,full,43,18,6.315983295440674,6.413279056549072,6.588832378387451
headdress,full,43,19,6.588832378387451,4.229159832000732,5.134530067443848
headdress,full,43,20,5.134530067443848,6.852306842803955,8.193174362182617
headdress,full,43,21,8.193174362182617,7.947966575622559,7.409082412719727
headdress,full,43,22,7.409082412719727,5.7434000968933105,4.910927772521973
headdress,full,43,23,4.910927772521973,4.991404056549072,6.2840423583984375
headdress,full,43,24,6.2840423583984375,14.966404914855957,13.472223281860352
headdress,full,43,25,13.472223281860352,16.106216430664062,13.215007781982422
headdress,full,43,26,13.215007781982422,10.329010009765625,9.419900894165039
headdress,full,43,27,9.419900894165039,11.576464653015137,12.69737434387207
headdress,full,43,28,12.69737434387207,11.77889633178711,12.145973205566406
headdress,full,43,29,12.145973205566406,12.39854621887207,12.023454666137695
headdress,full,43,30,12.023454666137695,12.246703147888184,10.8130464553833
headdress,full,43,31,10.8130464553833,10.335403442382812,11.259774208068848
headdress,full,44,0,3.495107650756836,3.508368492126465,0.9595210552215576
headdress,full,44,1,0.9595210552215576,0.9215620160102844,2.030834674835205
headdress,full,44,2,2.030834674835205,1.6261262893676758,2.314147472381592
headdress,full,44,3,2.314147472381592,0.6258145570755005,1.7118031978607178
headdress,full,44,4,1.7118031978607178,1.5936253070831299,0.5643176436424255
headdress,full,44,5,0.5643176436424255,0.3441254496574402,1.4265022277832031
headdress,full,44,6,1.4265022277832031,1.0058059692382812,1.6491079330444336
headdress,full,44,7,1.6491079330444336,2.2661094665527344,1.8676282167434692
headdress,full,44,8,1.8676282167434692,1.0722215175628662,2.434032440185547
headdress,full,44,9,2.434032440185547,0.9767701625823975,1.8161900043487549
headdress,full,44,10,1.8161900043487549,3.198310375213623,1.6739243268966675
headdress,full,44,11,1.6739243268966675,2.579677104949951,2.3326029777526855
headdress,full,44,12,2.3326029777526855,2.608815908432007,4.228510856628418
headdress,full,44,13,4.228510856628418,3.9412641525268555,3.2274208068847656
headdress,full,44,14,3.2274208068847656,3.759202480316162,4.769916534423828
headdress,full,44,15,4.769916534423828,7.697002410888672,6.169183731079102
headdress,full,44,16,6.169183731079102,9.641731262207031,10.113557815551758
headdress,full,44,17,10.113557815551758,9.748104095458984,17.166202545166016
headdress,full,44,18,17.166202545166016,16.565996170043945,14.955596923828125
headdress,full,44,19,14.955596923828125,15.35824966430664,14.30062484741211
headdress,full,44,20,14.30062484741211,15.864246368408203,15.9580078125
headdress,full,44,21,15.9580078125,15.026415824890137,14.815028190612793
headdress,full,44,22,14.815028190612793,14.51365852355957,15.825138092041016
headdress,full,44,23,15.825138092041016,15.962543487548828,16.917335510253906
headdress,full,44,24,16.917335510253906,15.999629020690918,16.572052001953125
headdress,full,44,25,16.572052001953125,15.398187637329102,14.317093849182129
headdress,full,44,26,14.317093849182129,13.970952987670898,14.007847785949707
headdress,full,44,27,14.007847785949707,13.536471366882324,15.600593566894531
headdress,full,44,28,15.600593566894531,14.390052795410156,16.679000854492188
headdress,full,44,29,16.679000854492188,14.827523231506348,17.72250747680664
headdress,full,44,30,17.72250747680664,15.05421257019043,16.204425811767578
headdress,full,44,31,16.204425811767578,12.14699649810791,8.876738548278809
headdress,full,45,0,1.2219479084014893,-0.08536630868911743,-0.3158177137374878
headdress,full,45,1,-0.3158177137374878,0.5237785577774048,0.5174169540405273
headdress,full,45,2,0.5174169540405273,0.49194419384002686,2.990288734436035
headdress,full,45,3,2.990288734436035,4.847855567932129,4.822988986968994
headdress,full,45,4,4.822988986968994,6.576186180114746,5.8342509269714355
headdress,full,45,5,5.8342509269714355,6.533850193023682,3.7167201042175293
headdress,full,45,6,3.7167201042175293,3.061237096786499,-0.2443661093711853
headdress,full,45,7,-0.2443661093711853,1.5939120054244995,1.2842018604278564
headdress,full,45,8,1.2842018604278564,2.982351779937744,2.126657724380493
headdress,full,45,9,2.126657724380493,2.5976510047912598,3.107308864593506
headdress,full,45,10,3.107308864593506,1.7258068323135376,0.709226131439209
headdress,full,45,11,0.709226131439209,1.1837921142578125,1.6962206363677979
headdress,full,45,12,1.6962206363677979,0.871964156627655,0.9078913331031799
headdress,full,45,13,0.9078913331031799,0.47849974036216736,0.6068267226219177
headdress,full,45,14,0.6068267226219177,2.7401485443115234,0.12438803911209106
headdress,full,45,15,0.12438803911209106,2.1004562377929688,3.187065601348877
headdress,full,45,16,3.187065601348877,4.644938945770264,4.61179256439209
headdress,full,45,17,4.61179256439209,3.6794261932373047,4.467270851135254
headdress,full,45,18,4.467270851135254,5.218481063842773,3.152942180633545
headdress,full,45,19,3.152942180633545,4.62845516204834,4.762538909912109
headdress,full,45,20,4.762538909912109,4.488534927368164,5.0081329345703125
headdress,full,45,21,5.0081329345703125,8.148763656616211,7.816153526306152
headdress,full,45,22,7.816153526306152,7.943741321563721,8.188677787780762
headdress,full,45,23,8.188677787780762,8.900506019592285,9.648039817810059
headdress,full,45,24,9.648039817810059,11.669337272644043,11.2019681930542
headdress,full,45,25,11.2019681930542,10.938875198364258,10.808337211608887
headdress,full,45,26,10.808337211608887,16.277301788330078,13.457733154296875
headdress,full,45,27,13.457733154296875,14.067754745483398,14.485580444335938
headdress,full,45,28,14.485580444335938,12.388262748718262,11.07266902923584
headdress,full,45,29,11.07266902923584,9.466392517089844,8.703778266906738
headdress,full,45,30,8.703778266906738,7.12682580947876,6.4060468673706055
headdress,full,45,31,6.4060468673706055,4.8125691413879395,10.990808486938477
headdress,cut_source,17,0,-2.690234661102295,-4.5060200691223145,-1.964101791381836
headdress,cut_source,17,1,-1.964101791381836,-3.1550629138946533,-1.6316355466842651
headdress,cut_source,17,2,-1.6316355466842651,-1.3882781267166138,-1.8158249855041504
headdress,cut_source,17,3,-1.8158249855041504,-1.9270005226135254,-1.4741370677947998
headdress,cut_source,17,4,-1.4741370677947998,0.13770854473114014,-0.48650336265563965
headdress,cut_source,17,5,-0.48650336265563965,-1.2303820848464966,-0.7646931409835815
headdress,cut_source,17,6,-0.7646931409835815,0.5147063136100769,0.23960834741592407
headdress,cut_source,17,7,0.23960834741592407,-0.004955843091011047,-0.6949491500854492
headdress,cut_source,17,8,-0.6949491500854492,-1.4393317699432373,0.09440673887729645
headdress,cut_source,17,9,0.09440673887729645,0.505110502243042,0.43255898356437683
headdress,cut_source,17,10,0.43255898356437683,0.7341409921646118,0.285062700510025
headdress,cut_source,17,11,0.285062700510025,0.5214079022407532,0.5321958661079407
headdress,cut_source,17,12,0.5321958661079407,-0.05966687202453613,-0.5981895923614502
headdress,cut_source,17,13,-0.5981895923614502,-0.24245774745941162,-1.6818808317184448
headdress,cut_source,17,14,-1.6818808317184448,-1.193526268005371,-2.436763286590576
headdress,cut_source,17,15,-2.436763286590576,-2.9878084659576416,-2.3273768424987793
headdress,cut_source,17,16,-2.3273768424987793,-2.21883225440979,-3.242859363555908
headdress,cut_source,17,17,-3.242859363555908,-4.042356014251709,-2.7671685218811035
headdress,cut_source,17,18,-2.7671685218811035,-3.5833725929260254,-3.8672609329223633
headdress,cut_source,17,19,-3.8672609329223633,-3.849417209625244,-3.987203598022461
headdress,cut_source,17,20,-3.987203598022461,-4.1078267097473145,-1.9199998378753662
headdress,cut_source,17,21,-1.9199998378753662,-1.9008708000183105,-1.7711503505706787
headdress,cut_source,17,22,-1.7711503505706787,-2.0431630611419678,-1.452565312385559
headdress,cut_source,17,23,-1.452565312385559,-1.5982345342636108,-0.3363252282142639
headdress,cut_source,17,24,-0.3363252282142639,-0.5503849983215332,-0.8688454031944275
headdress,cut_source,17,25,-0.8688454031944275,-0.9395850896835327,-1.7343608140945435
headdress,cut_source,17,26,-1.7343608140945435,-2.0099852085113525,-1.7000020742416382
headdress,cut_source,17,27,-1.7000020742416382,-2.076153039932251,-1.6963481903076172
headdress,cut_source,17,28,-1.6963481903076172,-1.83086097240448,-1.3406060934066772
headdress,cut_source,17,29,-1.3406060934066772,-1.2052271366119385,0.029539823532104492
headdress,cut_source,17,30,0.029539823532104492,-0.16819679737091064,0.5541274547576904
headdress,cut_source,17,31,0.5541274547576904,0.5861424803733826,4.439098358154297
headdress,cut_source,18,0,-2.442255973815918,-1.6301006078720093,1.349271297454834
headdress,cut_source,18,1,1.349271297454834,3.1111812591552734,4.981224536895752
headdress,cut_source,18,2,4.981224536895752,5.859328746795654,3.724677562713623
headdress,cut_source,18,3,3.724677562713623,3.4750442504882812,2.917224407196045
headdress,cut_source,18,4,2.917224407196045,2.065190315246582,-0.18892812728881836
headdress,cut_source,18,5,-0.18892812728881836,-1.4406323432922363,-1.0854103565216064
headdress,cut_source,18,6,-1.0854103565216064,-2.2665083408355713,-1.9729186296463013
headdress,cut_source,18,7,-1.9729186296463013,-1.8895702362060547,-2.023862361907959
headdress,cut_source,18,8,-2.023862361907959,-1.8342208862304688,0.8096445798873901
headdress,cut_source,18,9,0.8096445798873901,-1.002350091934204,1.7784366607666016
headdress,cut_source,18,10,1.7784366607666016,1.5557138919830322,1.2971391677856445
headdress,cut_source,18,11,1.2971391677856445,1.004664421081543,1.7711706161499023
headdress,cut_source,18,12,1.7711706161499023,1.9186935424804688,1.3337936401367188
headdress,cut_source,18,13,1.3337936401367188,1.3076432943344116,0.6882980465888977
headdress,cut_source,18,14,0.6882980465888977,0.6197440028190613,3.713502883911133
headdress,cut_source,18,15,3.713502883911133,1.7113525867462158,2.231675148010254
headdress,cut_source,18,16,2.231675148010254,1.130211353302002,1.9656760692596436
headdress,cut_source,18,17,1.9656760692596436,0.7506041526794434,2.2236738204956055
headdress,cut_source,18,18,2.2236738204956055,1.8549697399139404,3.5900826454162598
headdress,cut_source,18,19,3.5900826454162598,3.0715785026550293,1.5741794109344482
headdress,cut_source,18,20,1.5741794109344482,1.074167251586914,2.597662925720215
headdress,cut_source,18,21,2.597662925720215,3.4462525844573975,2.6840858459472656
headdress,cut_source,18,22,2.6840858459472656,2.1025402545928955,2.798755645751953
headdress,cut_source,18,23,2.798755645751953,3.22622013092041,4.120816707611084
headdress,cut_source,18,24,4.120816707611084,3.9401776790618896,4.683074951171875
headdress,cut_source,18,25,4.683074951171875,4.695068359375,4.665550231933594
headdress,cut_source,18,26,4.665550231933594,4.523801803588867,3.059453248977661
headdress,cut_source,18,27,3.059453248977661,3.1037240028381348,2.0081210136413574
headdress,cut_source,18,28,2.0081210136413574,1.481602430343628,1.7751586437225342
headdress,cut_source,18,29,1.7751586437225342,1.8953843116760254,1.9171416759490967
headdress,cut_source,18,30,1.9171416759490967,0.47918370366096497,1.3219588994979858
headdress,cut_source,18,31,1.3219588994979858,0.5151654481887817,6.206538200378418
headdress,cut_source,19,0,2.9172141551971436,1.6355398893356323,1.6013908386230469
headdress,cut_source,19,1,1.6013908386230469,0.23356249928474426,0.5023205280303955
headdress,cut_source,19,2,0.5023205280303955,-1.0492042303085327,-0.37587541341781616
headdress,cut_source,19,3,-0.37587541341781616,-1.3553590774536133,1.7409783601760864
headdress,cut_source,19,4,1.7409783601760864,0.8293808698654175,2.5598907470703125
headdress,cut_source,19,5,2.5598907470703125,1.291005253791809,2.471904754638672
headdress,cut_source,19,6,2.471904754638672,1.8076791763305664,2.9893462657928467
headdress,cut_source,19,7,2.9893462657928467,3.5892343521118164,3.911381959915161
headdress,cut_source,19,8,3.911381959915161,3.9442920684814453,3.4914426803588867
headdress,cut_source,19,9,3.4914426803588867,2.2536611557006836,2.664600372314453
headdress,cut_source,19,10,2.664600372314453,2.619096040725708,2.570464611053467
headdress,cut_source,19,11,2.570464611053467,2.3944711685180664,1.8403739929199219
headdress,cut_source,19,12,1.8403739929199219,0.7666480541229248,0.2940835952758789
headdress,cut_source,19,13,0.2940835952758789,-1.1859196424484253,-0.931348443031311
headdress,cut_source,19,14,-0.931348443031311,-1.955032467842102,-0.2220550775527954
headdress,cut_source,19,15,-0.2220550775527954,-1.763767957687378,-1.024153709411621
headdress,cut_source,19,16,-1.024153709411621,-0.8251453638076782,-0.31245362758636475
headdress,cut_source,19,17,-0.31245362758636475,-0.6737183332443237,-1.4455997943878174
headdress,cut_source,19,18,-1.4455997943878174,-1.4780648946762085,0.04648637771606445
headdress,cut_source,19,19,0.04648637771606445,-0.6502552032470703,-1.4421160221099854
headdress,cut_source,19,20,-1.4421160221099854,-1.339302659034729,-2.561631441116333
headdress,cut_source,19,21,-2.561631441116333,-2.745337963104248,-2.778869152069092
headdress,cut_source,19,22,-2.778869152069092,-2.747417688369751,-2.8045663833618164
headdress,cut_source,19,23,-2.8045663833618164,-2.9521875381469727,-3.457322120666504
headdress,cut_source,19,24,-3.457322120666504,-3.34303879737854,-3.2876014709472656
headdress,cut_source,19,25,-3.2876014709472656,-3.2616422176361084,-3.5524446964263916
headdress,cut_source,19,26,-3.5524446964263916,-4.291832447052002,-3.4087400436401367
headdress,cut_source,19,27,-3.4087400436401367,-3.8008010387420654,-6.301158428192139
headdress,cut_source,19,28,-6.301158428192139,-5.758057594299316,-5.813687324523926
headdress,cut_source,19,29,-5.813687324523926,-5.95898962020874,-7.606838226318359
headdress,cut_source,19,30,-7.606838226318359,-8.328669548034668,-9.68130111694336
headdress,cut_source,19,31,-9.68130111694336,-11.16689682006836,-9.210381507873535
headdress,cut_source,20,0,1.0619724988937378,-1.1190550327301025,1.7279257774353027
headdress,cut_source,20,1,1.7279257774353027,-1.355618953704834,-0.7255347967147827
headdress,cut_source,20,2,-0.7255347967147827,-2.4600906372070312,-1.8241530656814575
headdress,cut_source,20,3,-1.8241530656814575,-1.137095332145691,1.2778918743133545
headdress,cut_source,20,4,1.2778918743133545,1.908040165901184,1.4785398244857788
headdress,cut_source,20,5,1.4785398244857788,1.4981980323791504,1.822057843208313
headdress,cut_source,20,6,1.822057843208313,2.1633780002593994,0.46341246366500854
headdress,cut_source,20,7,0.46341246366500854,-0.3212693929672241,-1.8886113166809082
headdress,cut_source,20,8,-1.8886113166809082,-1.5285595655441284,-2.2176003456115723
headdress,cut_source,20,9,-2.2176003456115723,-0.9465872645378113,-1.443648338317871
headdress,cut_source,20,10,-1.443648338317871,-1.7293452024459839,-3.1686503887176514
headdress,cut_source,20,11,-3.1686503887176514,-3.028627872467041,-4.110267162322998
headdress,cut_source,20,12,-4.110267162322998,-4.735836982727051,-2.9952144622802734
headdress,cut_source,20,13,-2.9952144622802734,-5.58497953414917,-3.541886806488037
headdress,cut_source,20,14,-3.541886806488037,-2.93670392036438,-3.5719711780548096
headdress,cut_source,20,15,-3.5719711780548096,-3.7649149894714355,-4.390707492828369
headdress,cut_source,20,16,-4.390707492828369,-3.0670371055603027,-0.8192616105079651
headdress,cut_source,20,17,-0.8192616105079651,0.33270859718322754,1.0024044513702393
headdress,cut_source,20,18,1.0024044513702393,0.8313993811607361,0.5868760943412781
headdress,cut_source,20,19,0.5868760943412781,0.3490321636199951,2.2265968322753906
headdress,cut_source,20,20,2.2265968322753906,2.7005434036254883,2.951539993286133
headdress,cut_source,20,21,2.951539993286133,2.879640579223633,3.6385252475738525
headdress,cut_source,20,22,3.6385252475738525,4.18973445892334,3.5154786109924316
headdress,cut_source,20,23,3.5154786109924316,3.3120710849761963,2.370603084564209
headdress,cut_source,20,24,2.370603084564209,2.661466121673584,1.613822340965271
headdress,cut_source,20,25,1.613822340965271,1.9523409605026245,3.1275482177734375
headdress,cut_source,20,26,3.1275482177734375,2.602816104888916,2.5629475116729736
headdress,cut_source,20,27,2.5629475116729736,2.002328872680664,2.9914374351501465
headdress,cut_source,20,28,2.9914374351501465,2.8328614234924316,2.8599495887756348
headdress,cut_source,20,29,2.8599495887756348,3.216397762298584,3.5463507175445557
headdress,cut_source,20,30,3.5463507175445557,3.647756338119507,4.0085225105285645
headdress,cut_source,20,31,4.0085225105285645,4.643099784851074,5.073703289031982
headdress,cut_source,21,0,-0.7427998185157776,0.2949737310409546,-1.346482276916504
headdress,cut_source,21,1,-1.346482276916504,-0.2826319932937622,0.9857370853424072
headdress,cut_source,21,2,0.9857370853424072,1.4246594905853271,0.2581738829612732
headdress,cut_source,21,3,0.2581738829612732,0.6369746923446655,0.7722195386886597
headdress,cut_source,21,4,0.7722195386886597,1.5187827348709106,1.406529426574707
headdress,cut_source,21,5,1.406529426574707,0.37628173828125,-0.03948479890823364
headdress,cut_source,21,6,-0.03948479890823364,-0.4634360074996948,-1.6944178342819214
headdress,cut_source,21,7,-1.6944178342819214,-1.852846384048462,-2.8905301094055176
headdress,cut_source,21,8,-2.8905301094055176,-3.3112292289733887,-4.01392936706543
headdress,cut_source,21,9,-4.01392936706543,-4.358427047729492,-3.356482982635498
headdress,cut_source,21,10,-3.356482982635498,-4.2828145027160645,-3.490285634994507
headdress,cut_source,21,11,-3.490285634994507,-4.13022518157959,-4.678028106689453
headdress,cut_source,21,12,-4.678028106689453,-5.460954189300537,-4.384345531463623
headdress,cut_source,21,13,-4.384345531463623,-4.506824493408203,-3.8693838119506836
headdress,cut_source,21,14,-3.8693838119506836,-3.7608354091644287,-3.4998092651367188
headdress,cut_source,21,15,-3.4998092651367188,-3.7954115867614746,-3.786691188812256
headdress,cut_source,21,16,-3.786691188812256,-3.8172311782836914,-3.8089656829833984
headdress,cut_source,21,17,-3.8089656829833984,-3.575974941253662,-5.6300859451293945
headdress,cut_source,21,18,-5.6300859451293945,-5.876385688781738,-5.345742702484131
headdress,cut_source,21,19,-5.345742702484131,-5.286930084228516,-5.249114990234375
headdress,cut_source,21,20,-5.249114990234375,-5.385372161865234,-5.1042256355285645
headdress,cut_source,21,21,-5.1042256355285645,-5.752809524536133,-5.293651580810547
headdress,cut_source,21,22,-5.293651580810547,-5.306694984436035,-4.459171295166016
headdress,cut_source,21,23,-4.459171295166016,-4.326767921447754,-2.919349193572998
headdress,cut_source,21,24,-2.919349193572998,-3.337925434112549,-2.905440330505371
headdress,cut_source,21,25,-2.905440330505371,-3.0136611461639404,-2.884103298187256
headdress,cut_source,21,26,-2.884103298187256,-3.016162157058716,-2.6840710639953613
headdress,cut_source,21,27,-2.6840710639953613,-3.0247225761413574,-2.470782518386841
headdress,cut_source,21,28,-2.470782518386841,-2.2103400230407715,-2.6381075382232666
headdress,cut_source,21,29,-2.6381075382232666,-1.9235690832138062,-1.3929264545440674
headdress,cut_source,21,30,-1.3929264545440674,-1.357590913772583,1.0309960842132568
headdress,cut_source,21,31,1.0309960842132568,1.7710206508636475,0.051957130432128906
headdress,cut_source,22,0,1.1346807479858398,-1.481784701347351,0.14612329006195068
headdress,cut_source,22,1,0.14612329006195068,-1.380791425704956,-1.9185397624969482
headdress,cut_source,22,2,-1.9185397624969482,-0.976248025894165,-1.3581929206848145
headdress,cut_source,22,3,-1.3581929206848145,-2.511413335800171,0.21058309078216553
headdress,cut_source,22,4,0.21058309078216553,0.15451335906982422,0.7068617343902588
headdress,cut_source,22,5,0.7068617343902588,2.211703062057495,3.5979247093200684
headdress,cut_source,22,6,3.5979247093200684,3.9543914794921875,1.4281702041625977
headdress,cut_source,22,7,1.4281702041625977,3.192890167236328,1.8904646635055542
headdress,cut_source,22,8,1.8904646635055542,1.6585462093353271,-0.0829581618309021
headdress,cut_source,22,9,-0.0829581618309021,0.41581690311431885,0.18416012823581696
headdress,cut_source,22,10,0.18416012823581696,-0.38941287994384766,-4.56308650970459
headdress,cut_source,22,11,-4.56308650970459,-5.995519161224365,-6.517764091491699
headdress,cut_source,22,12,-6.517764091491699,-3.2184181213378906,-3.00822377204895
headdress,cut_source,22,13,-3.00822377204895,-2.851883888244629,-2.6599583625793457
headdress,cut_source,22,14,-2.6599583625793457,-0.779906153678894,-2.47522234916687
headdress,cut_source,22,15,-2.47522234916687,-1.394454002380371,0.6711959838867188
headdress,cut_source,22,16,0.6711959838867188,1.5341427326202393,2.3020944595336914
headdress,cut_source,22,17,2.3020944595336914,2.191030502319336,3.7984299659729004
headdress,cut_source,22,18,3.7984299659729004,6.942991256713867,6.0272369384765625
headdress,cut_source,22,19,6.0272369384765625,6.881988048553467,7.116567611694336
headdress,cut_source,22,20,7.116567611694336,7.0780439376831055,7.019891738891602
headdress,cut_source,22,21,7.019891738891602,8.629497528076172,6.683646202087402
headdress,cut_source,22,22,6.683646202087402,6.708711624145508,5.005362033843994
headdress,cut_source,22,23,5.005362033843994,7.45064115524292,8.956385612487793
headdress,cut_source,22,24,8.956385612487793,10.4042387008667,9.745610237121582
headdress,cut_source,22,25,9.745610237121582,9.604972839355469,9.190325736999512
headdress,cut_source,22,26,9.190325736999512,9.033459663391113,8.342610359191895
headdress,cut_source,22,27,8.342610359191895,7.49753475189209,7.122532844543457
headdress,cut_source,22,28,7.122532844543457,6.993537425994873,5.610508441925049
headdress,cut_source,22,29,5.610508441925049,6.299675941467285,5.266652584075928
headdress,cut_source,22,30,5.266652584075928,5.104638576507568,5.0860419273376465
headdress,cut_source,22,31,5.0860419273376465,6.811323165893555,10.273149490356445
headdress,cut_source,23,0,0.9579998850822449,1.4429773092269897,0.16634762287139893
headdress,cut_source,23,1,0.16634762287139893,-0.09737658500671387,-0.5272355079650879
headdress,cut_source,23,2,-0.5272355079650879,-0.5906972885131836,1.1391891241073608
headdress,cut_source,23,3,1.1391891241073608,1.5349831581115723,0.14079231023788452
headdress,cut_source,23,4,0.14079231023788452,0.49838459491729736,2.4189705848693848
headdress,cut_source,23,5,2.4189705848693848,1.955326795578003,0.5040444731712341
headdress,cut_source,23,6,0.5040444731712341,0.6174221038818359,1.3228071928024292
headdress,cut_source,23,7,1.3228071928024292,1.0473700761795044,1.6417433023452759
headdress,cut_source,23,8,1.6417433023452759,1.8071587085723877,1.273553490638733
headdress,cut_source,23,9,1.273553490638733,0.8865379691123962,1.1280536651611328
headdress,cut_source,23,10,1.1280536651611328,0.549912691116333,0.3102344274520874
headdress,cut_source,23,11,0.3102344274520874,0.4774099290370941,0.7869504690170288
headdress,cut_source,23,12,0.7869504690170288,0.3843439817428589,0.7067806720733643
headdress,cut_source,23,13,0.7067806720733643,0.9544581770896912,0.9552927017211914
headdress,cut_source,23,14,0.9552927017211914,1.417307734489441,0.7793993949890137
headdress,cut_source,23,15,0.7793993949890137,0.877439022064209,0.80816650390625
headdress,cut_source,23,16,0.80816650390625,1.7440404891967773,1.9446871280670166
headdress,cut_source,23,17,1.9446871280670166,2.0811233520507812,2.1668291091918945
headdress,cut_source,23,18,2.1668291091918945,2.172088623046875,1.7798452377319336
headdress,cut_source,23,19,1.7798452377319336,1.6322087049484253,1.6799038648605347
headdress,cut_source,23,20,1.6799038648605347,1.7069828510284424,1.1699533462524414
headdress,cut_source,23,21,1.1699533462524414,1.1768038272857666,0.8833901882171631
headdress,cut_source,23,22,0.8833901882171631,0.7505384683609009,1.1179007291793823
headdress,cut_source,23,23,1.1179007291793823,1.13271963596344,1.8424595594406128
headdress,cut_source,23,24,1.8424595594406128,2.0878171920776367,1.9524738788604736
headdress,cut_source,23,25,1.9524738788604736,1.9570140838623047,1.1479138135910034
headdress,cut_source,23,26,1.1479138135910034,1.003385305404663,0.8154197931289673
headdress,cut_source,23,27,0.8154197931289673,0.8718848824501038,1.072467565536499
headdress,cut_source,23,28,1.072467565536499,1.00789475440979,0.14184468984603882
headdress,cut_source,23,29,0.14184468984603882,0.15876823663711548,-0.4420546889305115
headdress,cut_source,23,30,-0.4420546889305115,0.28559809923171997,0.12653833627700806
headdress,cut_source,23,31,0.12653833627700806,0.44818925857543945,-1.0311411619186401
headdress,cut_source,24,0,1.2896993160247803,2.6170456409454346,1.380731463432312
headdress,cut_source,24,1,1.380731463432312,2.736072301864624,2.713644504547119
headdress,cut_source,24,2,2.713644504547119,2.1868832111358643,-0.8045791387557983
headdress,cut_source,24,3,-0.8045791387557983,-0.5545331239700317,1.05306875705719
headdress,cut_source,24,4,1.05306875705719,1.3931111097335815,1.8912994861602783
headdress,cut_source,24,5,1.8912994861602783,2.2359681129455566,1.0584832429885864
headdress,cut_source,24,6,1.0584832429885864,1.486392617225647,1.0124648809432983
headdress,cut_source,24,7,1.0124648809432983,0.049761176109313965,0.35910534858703613
headdress,cut_source,24,8,0.35910534858703613,-0.9241800904273987,-1.989671230316162
headdress,cut_source,24,9,-1.989671230316162,-2.79418683052063,0.1744617223739624
headdress,cut_source,24,10,0.1744617223739624,-0.2664189338684082,1.1624383926391602
headdress,cut_source,24,11,1.1624383926391602,0.9176989793777466,0.3724503517150879
headdress,cut_source,24,12,0.3724503517150879,0.39681434631347656,-0.9136408567428589
headdress,cut_source,24,13,-0.9136408567428589,0.32125186920166016,1.0272371768951416
headdress,cut_source,24,14,1.0272371768951416,0.9191980361938477,0.5133516788482666
headdress,cut_source,24,15,0.5133516788482666,1.2080433368682861,2.0590996742248535
headdress,cut_source,24,16,2.0590996742248535,2.4858925342559814,2.542412757873535
headdress,cut_source,24,17,2.542412757873535,2.724477767944336,1.2239701747894287
headdress,cut_source,24,18,1.2239701747894287,1.143476963043213,0.2038576602935791
headdress,cut_source,24,19,0.2038576602935791,0.7949033975601196,1.3660268783569336
headdress,cut_source,24,20,1.3660268783569336,0.9693348407745361,1.4440958499908447
headdress,cut_source,24,21,1.4440958499908447,1.3949477672576904,1.040846347808838
headdress,cut_source,24,22,1.040846347808838,1.2414790391921997,1.1466907262802124
headdress,cut_source,24,23,1.1466907262802124,0.27393805980682373,0.6664392948150635
headdress,cut_source,24,24,0.6664392948150635,1.5751821994781494,1.506249189376831
headdress,cut_source,24,25,1.506249189376831,2.0017542839050293,2.1194331645965576
headdress,cut_source,24,26,2.1194331645965576,1.9641367197036743,2.186067819595337
headdress,cut_source,24,27,2.186067819595337,2.1402359008789062,2.96783447265625
headdress,cut_source,24,28,2.96783447265625,2.3733291625976562,2.5555648803710938
headdress,cut_source,24,29,2.5555648803710938,2.548095464706421,2.7982895374298096
headdress,cut_source,24,30,2.7982895374298096,3.1487984657287598,3.7962794303894043
headdress,cut_source,24,31,3.7962794303894043,6.163365364074707,3.7450079917907715
headdress,cut_source,25,0,-3.9442310333251953,-1.6250700950622559,-1.8878436088562012
headdress,cut_source,25,1,-1.8878436088562012,-0.45174235105514526,-0.6208211183547974
headdress,cut_source,25,2,-0.6208211183547974,-0.5599225759506226,1.0375196933746338
headdress,cut_source,25,3,1.0375196933746338,1.5525838136672974,1.3763651847839355
headdress,cut_source,25,4,1.3763651847839355,0.3727872371673584,0.13988131284713745
headdress,cut_source,25,5,0.13988131284713745,-0.21197929978370667,1.3167343139648438
headdress,cut_source,25,6,1.3167343139648438,1.3378697633743286,2.631197929382324
headdress,cut_source,25,7,2.631197929382324,2.4405272006988525,2.4717843532562256
headdress,cut_source,25,8,2.4717843532562256,2.5852243900299072,1.8628100156784058
headdress,cut_source,25,9,1.8628100156784058,2.3960483074188232,3.3133888244628906
headdress,cut_source,25,10,3.3133888244628906,4.963095664978027,2.978379011154175
headdress,cut_source,25,11,2.978379011154175,3.4845046997070312,2.0859947204589844
headdress,cut_source,25,12,2.0859947204589844,2.9309773445129395,2.104793071746826
headdress,cut_source,25,13,2.104793071746826,3.1287858486175537,2.6370346546173096
headdress,cut_source,25,14,2.6370346546173096,3.3668453693389893,3.2435388565063477
headdress,cut_source,25,15,3.2435388565063477,3.692150354385376,2.7072432041168213
headdress,cut_source,25,16,2.7072432041168213,2.624006509780884,2.4193620681762695
headdress,cut_source,25,17,2.4193620681762695,1.9418408870697021,2.831533908843994
headdress,cut_source,25,18,2.831533908843994,7.808481216430664,5.796483039855957
headdress,cut_source,25,19,5.796483039855957,5.777659893035889,5.712379455566406
headdress,cut_source,25,20,5.712379455566406,6.323652267456055,5.728524684906006
headdress,cut_source,25,21,5.728524684906006,6.820102691650391,8.56882381439209
headdress,cut_source,25,22,8.56882381439209,9.793858528137207,9.8939208984375
headdress,cut_source,25,23,9.8939208984375,10.315706253051758,10.260675430297852
headdress,cut_source,25,24,10.260675430297852,9.831562042236328,9.491567611694336
headdress,cut_source,25,25,9.491567611694336,9.305904388427734,9.587701797485352
headdress,cut_source,25,26,9.587701797485352,8.504949569702148,8.392263412475586
headdress,cut_source,25,27,8.392263412475586,7.57379150390625,7.910364151000977
headdress,cut_source,25,28,7.910364151000977,6.746820449829102,7.953400135040283
headdress,cut_source,25,29,7.953400135040283,6.6436309814453125,8.430797576904297
headdress,cut_source,25,30,8.430797576904297,7.028041362762451,2.5793344974517822
headdress,cut_source,25,31,2.5793344974517822,1.4924476146697998,1.4161003828048706
headdress,cut_source,26,0,-0.4860578179359436,-1.4048981666564941,-1.0937514305114746
headdress,cut_source,26,1,-1.0937514305114746,0.01049572229385376,0.4188154339790344
headdress,cut_source,26,2,0.4188154339790344,1.5004034042358398,3.0677199363708496
headdress,cut_source,26,3,3.0677199363708496,2.9561829566955566,3.069243907928467
headdress,cut_source,26,4,3.069243907928467,2.9868204593658447,2.0055673122406006
headdress,cut_source,26,5,2.0055673122406006,2.626044750213623,5.167391777038574
headdress,cut_source,26,6,5.167391777038574,4.785515785217285,5.071584701538086
headdress,cut_source,26,7,5.071584701538086,5.420561790466309,5.215386867523193
headdress,cut_source,26,8,5.215386867523193,5.77296257019043,6.060374736785889
headdress,cut_source,26,9,6.060374736785889,5.8291239738464355,4.469820022583008
headdress,cut_source,26,10,4.469820022583008,4.284544944763184,3.4192113876342773
headdress,cut_source,26,11,3.4192113876342773,2.6892507076263428,3.792762041091919
headdress,cut_source,26,12,3.792762041091919,4.758853435516357,3.4391679763793945
headdress,cut_source,26,13,3.4391679763793945,3.6454215049743652,2.1680493354797363
headdress,cut_source,26,14,2.1680493354797363,2.560015916824341,1.6827690601348877
headdress,cut_source,26,15,1.6827690601348877,1.1690454483032227,2.2726166248321533
headdress,cut_source,26,16,2.2726166248321533,5.69326114654541,5.303908348083496
headdress,cut_source,26,17,5.303908348083496,5.083377838134766,4.2042036056518555
headdress,cut_source,26,18,4.2042036056518555,5.287199974060059,4.691135406494141
headdress,cut_source,26,19,4.691135406494141,4.2156782150268555,3.6965901851654053
headdress,cut_source,26,20,3.6965901851654053,4.4076433181762695,2.2242531776428223
headdress,cut_source,26,21,2.2242531776428223,1.128692865371704,-0.8731727600097656
headdress,cut_source,26,22,-0.8731727600097656,-1.2413967847824097,-7.228472709655762
headdress,cut_source,26,23,-7.228472709655762,-6.879563331604004,-6.74412727355957
headdress,cut_source,26,24,-6.74412727355957,-6.480157852172852,-8.081050872802734
headdress,cut_source,26,25,-8.081050872802734,-7.188045501708984,-4.707974433898926
headdress,cut_source,26,26,-4.707974433898926,-3.9629814624786377,-4.353521823883057
headdress,cut_source,26,27,-4.353521823883057,-3.7350056171417236,-4.496361255645752
headdress,cut_source,26,28,-4.496361255645752,-4.97201681137085,-5.550384521484375
headdress,cut_source,26,29,-5.550384521484375,-5.968881130218506,-5.943660736083984
headdress,cut_source,26,30,-5.943660736083984,-3.8595328330993652,-4.268573760986328
headdress,cut_source,26,31,-4.268573760986328,-1.7730696201324463,-1.2950973510742188
headdress,cut_source,27,0,0.35434502363204956,-0.44914060831069946,-4.264932632446289
headdress,cut_source,27,1,-4.264932632446289,-3.9384894371032715,-2.549085855484009
headdress,cut_source,27,2,-2.549085855484009,-3.6207363605499268,-2.613159656524658
headdress,cut_source,27,3,-2.613159656524658,-3.4382266998291016,-2.2967183589935303
headdress,cut_source,27,4,-2.2967183589935303,-2.1009624004364014,-3.9619617462158203
headdress,cut_source,27,5,-3.9619617462158203,-3.710245370864868,-6.339189529418945
headdress,cut_source,27,6,-6.339189529418945,-5.970969200134277,-4.978489398956299
headdress,cut_source,27,7,-4.978489398956299,-2.330108165740967,-2.043020486831665
headdress,cut_source,27,8,-2.043020486831665,-3.1053552627563477,-3.2248778343200684
headdress,cut_source,27,9,-3.2248778343200684,-4.264017581939697,-4.271508693695068
headdress,cut_source,27,10,-4.271508693695068,-3.319028854370117,-5.7339372634887695
headdress,cut_source,27,11,-5.7339372634887695,-5.0877275466918945,-5.404366970062256
headdress,cut_source,27,12,-5.404366970062256,-2.690535306930542,-2.5865824222564697
headdress,cut_source,27,13,-2.5865824222564697,-1.9088634252548218,-3.2070131301879883
headdress,cut_source,27,14,-3.2070131301879883,-3.535341739654541,-3.0346689224243164
headdress,cut_source,27,15,-3.0346689224243164,-4.629664897918701,-2.9748358726501465
headdress,cut_source,27,16,-2.9748358726501465,-2.2764205932617188,-3.60662841796875
headdress,cut_source,27,17,-3.60662841796875,-3.9554595947265625,-2.4726991653442383
headdress,cut_source,27,18,-2.4726991653442383,-2.7076902389526367,-2.9009346961975098
headdress,cut_source,27,19,-2.9009346961975098,-2.44520902633667,-1.4809082746505737
headdress,cut_source,27,20,-1.4809082746505737,-1.1551306247711182,-2.7917709350585938
headdress,cut_source,27,21,-2.7917709350585938,-3.8869714736938477,-5.070781707763672
headdress,cut_source,27,22,-5.070781707763672,-6.840826034545898,-10.26193904876709
headdress,cut_source,27,23,-10.26193904876709,-10.015660285949707,-7.408572196960449
headdress,cut_source,27,24,-7.408572196960449,-7.375382423400879,-6.1964826583862305
headdress,cut_source,27,25,-6.1964826583862305,-5.837552070617676,-4.758884429931641
headdress,cut_source,27,26,-4.758884429931641,-4.637993812561035,-4.669896125793457
headdress,cut_source,27,27,-4.669896125793457,-4.001410961151123,-4.567074775695801
headdress,cut_source,27,28,-4.567074775695801,-4.649836540222168,-4.0391058921813965
headdress,cut_source,27,29,-4.0391058921813965,-5.386194705963135,-6.146113395690918
headdress,cut_source,27,30,-6.146113395690918,-5.3881940841674805,-5.8531036376953125
headdress,cut_source,27,31,-5.8531036376953125,-4.8006134033203125,-5.7032928466796875
headdress,cut_source,28,0,2.954542636871338,2.782252311706543,1.0669430494308472
headdress,cut_source,28,1,1.0669430494308472,1.252831220626831,1.1694468259811401
headdress,cut_source,28,2,1.1694468259811401,1.3575451374053955,1.3352539539337158
headdress,cut_source,28,3,1.3352539539337158,1.626304030418396,0.29564160108566284
headdress,cut_source,28,4,0.29564160108566284,-0.02567601203918457,-1.0263465642929077
headdress,cut_source,28,5,-1.0263465642929077,-1.8132191896438599,0.21219277381896973
headdress,cut_source,28,6,0.21219277381896973,-0.9294722080230713,-1.1447691917419434
headdress,cut_source,28,7,-1.1447691917419434,-1.4809041023254395,-2.0698931217193604
headdress,cut_source,28,8,-2.0698931217193604,-3.053037643432617,-3.6752877235412598
headdress,cut_source,28,9,-3.6752877235412598,-4.393590450286865,-4.677328109741211
headdress,cut_source,28,10,-4.677328109741211,-5.254014492034912,-3.6974387168884277
headdress,cut_source,28,11,-3.6974387168884277,-3.013840675354004,-5.526421546936035
headdress,cut_source,28,12,-5.526421546936035,-6.433783531188965,-5.698538303375244
headdress,cut_source,28,13,-5.698538303375244,-6.388204574584961,-7.746787071228027
headdress,cut_source,28,14,-7.746787071228027,-7.092496871948242,-0.5159558057785034
headdress,cut_source,28,15,-0.5159558057785034,-1.6857367753982544,-2.206505060195923
headdress,cut_source,28,16,-2.206505060195923,-2.7014613151550293,-1.911444067955017
headdress,cut_source,28,17,-1.911444067955017,-2.5331737995147705,-1.2138140201568604
headdress,cut_source,28,18,-1.2138140201568604,-2.143543243408203,-3.4433932304382324
headdress,cut_source,28,19,-3.4433932304382324,-3.4239892959594727,0.8200570344924927
headdress,cut_source,28,20,0.8200570344924927,1.3142787218093872,2.9726955890655518
headdress,cut_source,28,21,2.9726955890655518,1.8573907613754272,3.442661762237549
headdress,cut_source,28,22,3.442661762237549,2.738288402557373,1.1623551845550537
headdress,cut_source,28,23,1.1623551845550537,0.5350357294082642,12.451019287109375
headdress,cut_source,28,24,12.451019287109375,12.620391845703125,15.409836769104004
headdress,cut_source,28,25,15.409836769104004,15.046279907226562,15.151702880859375
headdress,cut_source,28,26,15.151702880859375,14.761836051940918,13.636619567871094
headdress,cut_source,28,27,13.636619567871094,14.45829963684082,11.711868286132812
headdress,cut_source,28,28,11.711868286132812,11.314945220947266,11.30855941772461
headdress,cut_source,28,29,11.30855941772461,10.056943893432617,9.163725852966309
headdress,cut_source,28,30,9.163725852966309,7.697797775268555,7.163478851318359
headdress,cut_source,28,31,7.163478851318359,5.371421813964844,3.9163014888763428
headdress,cut_source,29,0,-4.557139873504639,-2.6507568359375,-3.422145366668701
headdress,cut_source,29,1,-3.422145366668701,0.8998396992683411,1.30523681640625
headdress,cut_source,29,2,1.30523681640625,2.262892723083496,2.7690019607543945
headdress,cut_source,29,3,2.7690019607543945,3.229590892791748,3.7110419273376465
headdress,cut_source,29,4,3.7110419273376465,4.757880210876465,2.4216082096099854
headdress,cut_source,29,5,2.4216082096099854,3.4029040336608887,-0.05733299255371094
headdress,cut_source,29,6,-0.05733299255371094,1.2841925621032715,3.5809578895568848
headdress,cut_source,29,7,3.5809578895568848,4.245203971862793,3.5059192180633545
headdress,cut_source,29,8,3.5059192180633545,3.719672679901123,2.462263584136963
headdress,cut_source,29,9,2.462263584136963,3.3390450477600098,3.855708122253418
headdress,cut_source,29,10,3.855708122253418,4.757272243499756,5.979611396789551
headdress,cut_source,29,11,5.979611396789551,5.948006629943848,6.174095630645752
headdress,cut_source,29,12,6.174095630645752,6.865564346313477,4.834967613220215
headdress,cut_source,29,13,4.834967613220215,5.776643753051758,4.946200370788574
headdress,cut_source,29,14,4.946200370788574,5.452695846557617,4.309154033660889
headdress,cut_source,29,15,4.309154033660889,4.868183135986328,5.72168493270874
headdress,cut_source,29,16,5.72168493270874,5.14943265914917,3.6135106086730957
headdress,cut_source,29,17,3.6135106086730957,4.157388687133789,3.250891923904419
headdress,cut_source,29,18,3.250891923904419,3.598029136657715,4.455609321594238
headdress,cut_source,29,19,4.455609321594238,4.586108207702637,3.196762800216675
headdress,cut_source,29,20,3.196762800216675,3.192399263381958,2.8144187927246094
headdress,cut_source,29,21,2.8144187927246094,2.5391135215759277,4.144608020782471
headdress,cut_source,29,22,4.144608020782471,4.3387556076049805,-1.7838945388793945
headdress,cut_source,29,23,-1.7838945388793945,-0.15275833010673523,5.825710296630859
headdress,cut_source,29,24,5.825710296630859,5.460171699523926,4.011361122131348
headdress,cut_source,29,25,4.011361122131348,4.194380760192871,2.412658929824829
headdress,cut_source,29,26,2.412658929824829,2.3034627437591553,0.482417494058609
headdress,cut_source,29,27,0.482417494058609,0.381367564201355,-2.1624596118927
headdress,cut_source,29,28,-2.1624596118927,-1.6351616382598877,-3.6120967864990234
headdress,cut_source,29,29,-3.6120967864990234,-3.481332302093506,-3.8154029846191406
headdress,cut_source,29,30,-3.8154029846191406,-3.636439800262451,-2.8551058769226074
headdress,cut_source,29,31,-2.8551058769226074,-1.9859278202056885,-0.940959095954895
headdress,cut_source,30,0,-0.2895880937576294,-0.6475687026977539,-1.329573392868042
headdress,cut_source,30,1,-1.329573392868042,-0.4292212128639221,0.10277652740478516
headdress,cut_source,30,2,0.10277652740478516,2.6448962688446045,0.7541466951370239
headdress,cut_source,30,3,0.7541466951370239,2.3475873470306396,2.3075594902038574
headdress,cut_source,30,4,2.3075594902038574,2.459033966064453,0.07692170143127441
headdress,cut_source,30,5,0.07692170143127441,0.8590635061264038,1.2117938995361328
headdress,cut_source,30,6,1.2117938995361328,0.41753077507019043,-0.8458154201507568
headdress,cut_source,30,7,-0.8458154201507568,-1.0602936744689941,-1.2759119272232056
headdress,cut_source,30,8,-1.2759119272232056,-1.845160961151123,-0.36080145835876465
headdress,cut_source,30,9,-0.36080145835876465,-0.14610075950622559,1.5828443765640259
headdress,cut_source,30,10,1.5828443765640259,2.220319986343384,2.3298041820526123
headdress,cut_source,30,11,2.3298041820526123,2.4900383949279785,2.5520565509796143
headdress,cut_source,30,12,2.5520565509796143,3.096625804901123,3.1309990882873535
headdress,cut_source,30,13,3.1309990882873535,2.284860134124756,1.9945894479751587
headdress,cut_source,30,14,1.9945894479751587,2.609421968460083,0.4202080965042114
headdress,cut_source,30,15,0.4202080965042114,-1.018416404724121,-1.6412725448608398
headdress,cut_source,30,16,-1.6412725448608398,-2.181887149810791,-2.2424540519714355
headdress,cut_source,30,17,-2.2424540519714355,-2.5350501537323,-0.370713472366333
headdress,cut_source,30,18,-0.370713472366333,-1.120474100112915,-1.003033995628357
headdress,cut_source,30,19,-1.003033995628357,-0.9356015920639038,-0.5332226753234863
headdress,cut_source,30,20,-0.5332226753234863,-0.4454941749572754,0.02597808837890625
headdress,cut_source,30,21,0.02597808837890625,-0.3279205560684204,-1.8919827938079834
headdress,cut_source,30,22,-1.8919827938079834,-2.1286509037017822,-3.5025689601898193
headdress,cut_source,30,23,-3.5025689601898193,-3.2037317752838135,-3.162961483001709
headdress,cut_source,30,24,-3.162961483001709,-3.8385796546936035,-5.0716705322265625
headdress,cut_source,30,25,-5.0716705322265625,-5.062351703643799,-3.0578951835632324
headdress,cut_source,30,26,-3.0578951835632324,-2.891832113265991,-1.608823299407959
headdress,cut_source,30,27,-1.608823299407959,-1.738156795501709,-1.5961627960205078
headdress,cut_source,30,28,-1.5961627960205078,-1.447953701019287,-0.5361218452453613
headdress,cut_source,30,29,-0.5361218452453613,-0.7613351345062256,-0.8177142143249512
headdress,cut_source,30,30,-0.8177142143249512,-0.6028542518615723,-0.8124434947967529
headdress,cut_source,30,31,-0.8124434947967529,0.9551188945770264,0.6798083782196045
headdress,cut_source,31,0,-3.1718902587890625,-2.303468704223633,-2.6130332946777344
headdress,cut_source,31,1,-2.6130332946777344,-3.222956657409668,-3.420130491256714
headdress,cut_source,31,2,-3.420130491256714,-4.856319427490234,-4.506887435913086
headdress,cut_source,31,3,-4.506887435913086,-4.679825782775879,-3.0897679328918457
headdress,cut_source,31,4,-3.0897679328918457,-3.829226493835449,-1.8606679439544678
headdress,cut_source,31,5,-1.8606679439544678,-2.9460301399230957,-1.9713410139083862
headdress,cut_source,31,6,-1.9713410139083862,-2.2890660762786865,-0.6053273677825928
headdress,cut_source,31,7,-0.6053273677825928,0.29160356521606445,-0.5772554874420166
headdress,cut_source,31,8,-0.5772554874420166,-0.9732375144958496,0.3868746757507324
headdress,cut_source,31,9,0.3868746757507324,0.1599559783935547,-0.8884825706481934
headdress,cut_source,31,10,-0.8884825706481934,-1.3890974521636963,0.5226892828941345
headdress,cut_source,31,11,0.5226892828941345,0.49848508834838867,-0.09541106224060059
headdress,cut_source,31,12,-0.09541106224060059,-0.37960338592529297,-1.3287725448608398
headdress,cut_source,31,13,-1.3287725448608398,-1.8523974418640137,-1.5951111316680908
headdress,cut_source,31,14,-1.5951111316680908,-2.1918654441833496,-1.1877949237823486
headdress,cut_source,31,15,-1.1877949237823486,-1.4266254901885986,-3.355177164077759
headdress,cut_source,31,16,-3.355177164077759,-2.978684902191162,-1.158388614654541
headdress,cut_source,31,17,-1.158388614654541,-2.0509989261627197,-3.22163724899292
headdress,cut_source,31,18,-3.22163724899292,-2.6756362915039062,-1.532989740371704
headdress,cut_source,31,19,-1.532989740371704,-1.8266706466674805,-3.4783272743225098
headdress,cut_source,31,20,-3.4783272743225098,-3.646949529647827,-2.590897560119629
headdress,cut_source,31,21,-2.590897560119629,-2.9852535724639893,-4.121814727783203
headdress,cut_source,31,22,-4.121814727783203,-4.155691623687744,-4.945481300354004
headdress,cut_source,31,23,-4.945481300354004,-4.951292991638184,-3.177199125289917
headdress,cut_source,31,24,-3.177199125289917,-2.921861171722412,-1.6516618728637695
headdress,cut_source,31,25,-1.6516618728637695,-1.7355551719665527,-3.949756383895874
headdress,cut_source,31,26,-3.949756383895874,-4.191768169403076,-4.005641460418701
headdress,cut_source,31,27,-4.005641460418701,-3.822188377380371,-3.842733383178711
headdress,cut_source,31,28,-3.842733383178711,-3.558082103729248,-4.8022379875183105
headdress,cut_source,31,29,-4.8022379875183105,-4.420664310455322,-2.8662192821502686
headdress,cut_source,31,30,-2.8662192821502686,-2.085698366165161,-2.493537664413452
headdress,cut_source,31,31,-2.493537664413452,-2.21423077583313,-2.662733554840088
headdress,cut_source,32,0,1.7169839143753052,1.172777533531189,0.41539034247398376
headdress,cut_source,32,1,0.41539034247398376,0.10525387525558472,0.38303935527801514
headdress,cut_source,32,2,0.38303935527801514,0.06795471906661987,0.2624940872192383
headdress,cut_source,32,3,0.2624940872192383,-0.16375237703323364,0.6742023229598999
headdress,cut_source,32,4,0.6742023229598999,0.5153988599777222,-0.3200305104255676
headdress,cut_source,32,5,-0.3200305104255676,0.5259459018707275,1.8230160474777222
headdress,cut_source,32,6,1.8230160474777222,1.8823275566101074,2.468426465988159
headdress,cut_source,32,7,2.468426465988159,1.9777576923370361,2.0948562622070312
headdress,cut_source,32,8,2.0948562622070312,2.7293944358825684,1.4375971555709839
headdress,cut_source,32,9,1.4375971555709839,0.986532986164093,1.3007140159606934
headdress,cut_source,32,10,1.3007140159606934,0.20445001125335693,1.5296337604522705
headdress,cut_source,32,11,1.5296337604522705,1.639211654663086,2.368159294128418
headdress,cut_source,32,12,2.368159294128418,1.8327078819274902,1.9515035152435303
headdress,cut_source,32,13,1.9515035152435303,2.324770212173462,2.369619846343994
headdress,cut_source,32,14,2.369619846343994,1.196804404258728,1.672773003578186
headdress,cut_source,32,15,1.672773003578186,0.921123743057251,3.2488481998443604
headdress,cut_source,32,16,3.2488481998443604,1.921616792678833,1.9459428787231445
headdress,cut_source,32,17,1.9459428787231445,2.0959348678588867,2.6377062797546387
headdress,cut_source,32,18,2.6377062797546387,2.238206386566162,2.043178081512451
headdress,cut_source,32,19,2.043178081512451,1.8799848556518555,1.7543764114379883
headdress,cut_source,32,20,1.7543764114379883,1.8035244941711426,0.33447861671447754
headdress,cut_source,32,21,0.33447861671447754,0.4436781406402588,1.0396702289581299
headdress,cut_source,32,22,1.0396702289581299,1.0253819227218628,1.6324000358581543
headdress,cut_source,32,23,1.6324000358581543,1.6129992008209229,3.1451563835144043
headdress,cut_source,32,24,3.1451563835144043,2.9824728965759277,2.3863086700439453
headdress,cut_source,32,25,2.3863086700439453,2.3964555263519287,2.435214042663574
headdress,cut_source,32,26,2.435214042663574,2.5577144622802734,3.230536460876465
headdress,cut_source,32,27,3.230536460876465,3.0319557189941406,2.4599368572235107
headdress,cut_source,32,28,2.4599368572235107,2.324214220046997,2.637052297592163
headdress,cut_source,32,29,2.637052297592163,2.4038844108581543,2.193417549133301
headdress,cut_source,32,30,2.193417549133301,2.499983310699463,4.20242977142334
headdress,cut_source,32,31,4.20242977142334,4.945073127746582,9.467452049255371
headdress,cut_source,33,0,0.6139160990715027,1.5217057466506958,0.580481767654419
headdress,cut_source,33,1,0.580481767654419,1.3394290208816528,1.652632474899292
headdress,cut_source,33,2,1.652632474899292,1.5649343729019165,2.016763210296631
headdress,cut_source,33,3,2.016763210296631,1.706956148147583,4.180307388305664
headdress,cut_source,33,4,4.180307388305664,3.8412678241729736,4.1072516441345215
headdress,cut_source,33,5,4.1072516441345215,3.677537441253662,0.6114211082458496
headdress,cut_source,33,6,0.6114211082458496,-0.07791996002197266,1.2695833444595337
headdress,cut_source,33,7,1.2695833444595337,2.124607563018799,1.122401237487793
headdress,cut_source,33,8,1.122401237487793,2.261676073074341,0.6836163401603699
headdress,cut_source,33,9,0.6836163401603699,0.5462301969528198,1.0961356163024902
headdress,cut_source,33,10,1.0961356163024902,1.2834174633026123,0.6407005190849304
headdress,cut_source,33,11,0.6407005190849304,0.6022495627403259,0.7828332781791687
headdress,cut_source,33,12,0.7828332781791687,0.8598408699035645,0.5223743319511414
headdress,cut_source,33,13,0.5223743319511414,-0.22847414016723633,0.002231597900390625
headdress,cut_source,33,14,0.002231597900390625,-0.18425744771957397,0.6022291779518127
headdress,cut_source,33,15,0.6022291779518127,-0.01843351125717163,-0.284013569355011
headdress,cut_source,33,16,-0.284013569355011,0.18869256973266602,-0.6576529741287231
headdress,cut_source,33,17,-0.6576529741287231,-0.6102418899536133,1.3470981121063232
headdress,cut_source,33,18,1.3470981121063232,1.2995095252990723,3.3240222930908203
headdress,cut_source,33,19,3.3240222930908203,3.2907581329345703,3.4543323516845703
headdress,cut_source,33,20,3.4543323516845703,3.7693610191345215,2.583646297454834
headdress,cut_source,33,21,2.583646297454834,2.3482556343078613,2.913285732269287
headdress,cut_source,33,22,2.913285732269287,2.4348063468933105,2.6322903633117676
headdress,cut_source,33,23,2.6322903633117676,2.937389373779297,2.9515416622161865
headdress,cut_source,33,24,2.9515416622161865,2.640861749649048,3.1654272079467773
headdress,cut_source,33,25,3.1654272079467773,2.195784330368042,3.6213228702545166
headdress,cut_source,33,26,3.6213228702545166,3.402247428894043,3.7437686920166016
headdress,cut_source,33,27,3.7437686920166016,3.5740866661071777,4.180911064147949
headdress,cut_source,33,28,4.180911064147949,4.7810587882995605,4.207456588745117
headdress,cut_source,33,29,4.207456588745117,3.9940671920776367,4.459813117980957
headdress,cut_source,33,30,4.459813117980957,4.323723793029785,3.98544979095459
headdress,cut_source,33,31,3.98544979095459,1.9076306819915771,0.282246470451355
headdress,cut_source,34,0,-3.5932207107543945,-0.41555342078208923,-2.250458240509033
headdress,cut_source,34,1,-2.250458240509033,-1.2029759883880615,-2.968679904937744
headdress,cut_source,34,2,-2.968679904937744,-2.377375841140747,-2.140468120574951
headdress,cut_source,34,3,-2.140468120574951,-1.9100992679595947,-1.715226650238037
headdress,cut_source,34,4,-1.715226650238037,-1.1586005687713623,-1.4999864101409912
headdress,cut_source,34,5,-1.4999864101409912,-1.5572185516357422,-1.9990625381469727
headdress,cut_source,34,6,-1.9990625381469727,-3.127479314804077,-3.138624906539917
headdress,cut_source,34,7,-3.138624906539917,-4.192718982696533,-4.512563228607178
headdress,cut_source,34,8,-4.512563228607178,-5.034834861755371,-4.577850341796875
headdress,cut_source,34,9,-4.577850341796875,-4.678863525390625,-4.029343128204346
headdress,cut_source,34,10,-4.029343128204346,-3.9588911533355713,-5.582521438598633
headdress,cut_source,34,11,-5.582521438598633,-3.5809202194213867,-4.397005081176758
headdress,cut_source,34,12,-4.397005081176758,-6.163438320159912,-5.341992378234863
headdress,cut_source,34,13,-5.341992378234863,-5.616720199584961,-4.418027400970459
headdress,cut_source,34,14,-4.418027400970459,-5.141100883483887,-6.031696319580078
headdress,cut_source,34,15,-6.031696319580078,-5.661671161651611,-5.179476261138916
headdress,cut_source,34,16,-5.179476261138916,-6.36364221572876,-5.7455830574035645
headdress,cut_source,34,17,-5.7455830574035645,-6.514385223388672,-5.280531883239746
headdress,cut_source,34,18,-5.280531883239746,-6.419236183166504,-6.318065643310547
headdress,cut_source,34,19,-6.318065643310547,-5.679676055908203,-5.8148112297058105
headdress,cut_source,34,20,-5.8148112297058105,-5.665714263916016,-4.276756763458252
headdress,cut_source,34,21,-4.276756763458252,-3.4675774574279785,-2.789762496948242
headdress,cut_source,34,22,-2.789762496948242,-3.427797317504883,-1.0731850862503052
headdress,cut_source,34,23,-1.0731850862503052,-0.999565839767456,-3.0621070861816406
headdress,cut_source,34,24,-3.0621070861816406,-3.230039596557617,-2.261090040206909
headdress,cut_source,34,25,-2.261090040206909,-2.639035701751709,-2.9186620712280273
headdress,cut_source,34,26,-2.9186620712280273,-3.426903247833252,-3.5655930042266846
headdress,cut_source,34,27,-3.5655930042266846,-3.747176170349121,-3.1842429637908936
headdress,cut_source,34,28,-3.1842429637908936,-1.9554781913757324,-1.0246883630752563
headdress,cut_source,34,29,-1.0246883630752563,-0.14661669731140137,-1.0866281986236572
headdress,cut_source,34,30,-1.0866281986236572,-2.195309638977051,-3.6925530433654785
headdress,cut_source,34,31,-3.6925530433654785,-5.570540904998779,-2.7088847160339355
headdress,cut_source,35,0,-1.3885732889175415,-1.012499451637268,-0.22213518619537354
headdress,cut_source,35,1,-0.22213518619537354,0.35479432344436646,-0.8843168020248413
headdress,cut_source,35,2,-0.8843168020248413,0.24471312761306763,0.7201544046401978
headdress,cut_source,35,3,0.7201544046401978,2.8739724159240723,1.8615195751190186
headdress,cut_source,35,4,1.8615195751190186,2.8944334983825684,4.03935432434082
headdress,cut_source,35,5,4.03935432434082,4.865974426269531,5.587350845336914
headdress,cut_source,35,6,5.587350845336914,5.5974531173706055,3.7582550048828125
headdress,cut_source,35,7,3.7582550048828125,2.6209235191345215,2.81823992729187
headdress,cut_source,35,8,2.81823992729187,3.303168773651123,1.7524642944335938
headdress,cut_source,35,9,1.7524642944335938,1.6937296390533447,4.914020538330078
headdress,cut_source,35,10,4.914020538330078,4.165410041809082,5.984706401824951
headdress,cut_source,35,11,5.984706401824951,4.6984710693359375,4.028230667114258
headdress,cut_source,35,12,4.028230667114258,4.620765686035156,4.571333408355713
headdress,cut_source,35,13,4.571333408355713,4.3734025955200195,5.722431182861328
headdress,cut_source,35,14,5.722431182861328,6.2677717208862305,2.9027044773101807
headdress,cut_source,35,15,2.9027044773101807,3.4711623191833496,4.066103458404541
headdress,cut_source,35,16,4.066103458404541,3.865447521209717,4.779941558837891
headdress,cut_source,35,17,4.779941558837891,4.767328262329102,5.94713020324707
headdress,cut_source,35,18,5.94713020324707,5.809202194213867,6.6398725509643555
headdress,cut_source,35,19,6.6398725509643555,6.836062431335449,7.168300628662109
headdress,cut_source,35,20,7.168300628662109,7.089008331298828,6.811615467071533
headdress,cut_source,35,21,6.811615467071533,6.7785210609436035,7.347142219543457
headdress,cut_source,35,22,7.347142219543457,7.370820045471191,7.803924560546875
headdress,cut_source,35,23,7.803924560546875,7.568880081176758,7.108880043029785
headdress,cut_source,35,24,7.108880043029785,6.689815521240234,8.180634498596191
headdress,cut_source,35,25,8.180634498596191,7.863251686096191,7.5709638595581055
headdress,cut_source,35,26,7.5709638595581055,7.6969499588012695,6.866231918334961
headdress,cut_source,35,27,6.866231918334961,7.039592742919922,7.848101615905762
headdress,cut_source,35,28,7.848101615905762,7.731421947479248,8.048686981201172
headdress,cut_source,35,29,8.048686981201172,8.187860488891602,8.526874542236328
headdress,cut_source,35,30,8.526874542236328,7.850491046905518,8.891987800598145
headdress,cut_source,35,31,8.891987800598145,10.044282913208008,9.746854782104492
headdress,cut_source,36,0,-3.360307216644287,0.30204516649246216,-0.7428580522537231
headdress,cut_source,36,1,-0.7428580522537231,1.491758942604065,-1.3962204456329346
headdress,cut_source,36,2,-1.3962204456329346,0.8421213626861572,-1.7146148681640625
headdress,cut_source,36,3,-1.7146148681640625,-0.7686948776245117,-3.005945920944214
headdress,cut_source,36,4,-3.005945920944214,-1.5768828392028809,-1.9751964807510376
headdress,cut_source,36,5,-1.9751964807510376,-1.1594377756118774,-0.039299726486206055
headdress,cut_source,36,6,-0.039299726486206055,-0.42969703674316406,-1.4049007892608643
headdress,cut_source,36,7,-1.4049007892608643,-2.4898552894592285,-2.3001811504364014
headdress,cut_source,36,8,-2.3001811504364014,-2.469161033630371,-2.5286271572113037
headdress,cut_source,36,9,-2.5286271572113037,-2.3852686882019043,-2.0605621337890625
headdress,cut_source,36,10,-2.0605621337890625,-1.9523649215698242,-0.8363214731216431
headdress,cut_source,36,11,-0.8363214731216431,-0.5323091745376587,-2.4939608573913574
headdress,cut_source,36,12,-2.4939608573913574,-1.4115939140319824,0.2570032477378845
headdress,cut_source,36,13,0.2570032477378845,0.14240217208862305,-2.4787824153900146
headdress,cut_source,36,14,-2.4787824153900146,-1.3696386814117432,-2.892493724822998
headdress,cut_source,36,15,-2.892493724822998,-2.608166217803955,-3.989426612854004
headdress,cut_source,36,16,-3.989426612854004,-3.6874473094940186,-1.9438045024871826
headdress,cut_source,36,17,-1.9438045024871826,-1.0560519695281982,-0.24449723958969116
headdress,cut_source,36,18,-0.24449723958969116,-0.5713879466056824,0.10793042182922363
headdress,cut_source,36,19,0.10793042182922363,0.10272592306137085,0.16675958037376404
headdress,cut_source,36,20,0.16675958037376404,0.22101572155952454,-1.2909417152404785
headdress,cut_source,36,21,-1.2909417152404785,-1.1140398979187012,-0.317979097366333
headdress,cut_source,36,22,-0.317979097366333,-1.0504915714263916,0.05300724506378174
headdress,cut_source,36,23,0.05300724506378174,-0.08723890781402588,-0.2410123646259308
headdress,cut_source,36,24,-0.2410123646259308,-0.32764604687690735,-1.9156330823898315
headdress,cut_source,36,25,-1.9156330823898315,-2.28118896484375,-1.2733455896377563
headdress,cut_source,36,26,-1.2733455896377563,-1.320467233657837,-1.4940578937530518
headdress,cut_source,36,27,-1.4940578937530518,-1.349170446395874,-0.6816019415855408
headdress,cut_source,36,28,-0.6816019415855408,-1.2319236993789673,-0.8644855618476868
headdress,cut_source,36,29,-0.8644855618476868,-0.7473461627960205,-0.9559155106544495
headdress,cut_source,36,30,-0.9559155106544495,-1.2722187042236328,-1.1289801597595215
headdress,cut_source,36,31,-1.1289801597595215,-0.5328370332717896,-0.9753440022468567
headdress,cut_source,37,0,0.3631969690322876,-3.0655019283294678,-1.9087148904800415
headdress,cut_source,37,1,-1.9087148904800415,-2.399808883666992,-1.5671768188476562
headdress,cut_source,37,2,-1.5671768188476562,-1.7433881759643555,0.7404391169548035
headdress,cut_source,37,3,0.7404391169548035,-0.11416435241699219,-0.049338579177856445
headdress,cut_source,37,4,-0.049338579177856445,-0.4728490710258484,-0.2603793144226074
headdress,cut_source,37,5,-0.2603793144226074,-1.4186028242111206,-0.7652185559272766
headdress,cut_source,37,6,-0.7652185559272766,-1.0714279413223267,-2.675666570663452
headdress,cut_source,37,7,-2.675666570663452,-3.610924243927002,-5.427913665771484
headdress,cut_source,37,8,-5.427913665771484,-5.679357051849365,-4.264758110046387
headdress,cut_source,37,9,-4.264758110046387,-4.955852508544922,-5.717517375946045
headdress,cut_source,37,10,-5.717517375946045,-4.920851707458496,-4.870744228363037
headdress,cut_source,37,11,-4.870744228363037,-3.7176852226257324,-5.579714775085449
headdress,cut_source,37,12,-5.579714775085449,-4.191668510437012,-4.48732852935791
headdress,cut_source,37,13,-4.48732852935791,-3.4522552490234375,-1.2572005987167358
headdress,cut_source,37,14,-1.2572005987167358,-1.8458575010299683,-2.7929630279541016
headdress,cut_source,37,15,-2.7929630279541016,-1.9781224727630615,-1.1040164232254028
headdress,cut_source,37,16,-1.1040164232254028,-1.9786388874053955,-1.7736331224441528
headdress,cut_source,37,17,-1.7736331224441528,-2.647427797317505,-2.9127182960510254
headdress,cut_source,37,18,-2.9127182960510254,-3.088218927383423,-3.89450740814209
headdress,cut_source,37,19,-3.89450740814209,-3.5822196006774902,-3.1478748321533203
headdress,cut_source,37,20,-3.1478748321533203,-3.084439277648926,-4.459448337554932
headdress,cut_source,37,21,-4.459448337554932,-4.589252471923828,-4.066171646118164
headdress,cut_source,37,22,-4.066171646118164,-3.87785005569458,-3.0970065593719482
headdress,cut_source,37,23,-3.0970065593719482,-3.1440086364746094,-2.5018467903137207
headdress,cut_source,37,24,-2.5018467903137207,-2.482910633087158,-2.6013712882995605
headdress,cut_source,37,25,-2.6013712882995605,-2.865405797958374,-1.4781694412231445
headdress,cut_source,37,26,-1.4781694412231445,-1.4444538354873657,0.02577793598175049
headdress,cut_source,37,27,0.02577793598175049,0.04787921905517578,-0.841288685798645
headdress,cut_source,37,28,-0.841288685798645,-0.8756399154663086,-0.6829559803009033
headdress,cut_source,37,29,-0.6829559803009033,-0.14242196083068848,0.7108649015426636
headdress,cut_source,37,30,0.7108649015426636,1.01497220993042,3.192748785018921
headdress,cut_source,37,31,3.192748785018921,4.566295623779297,5.657461166381836
headdress,cut_source,38,0,-1.4282947778701782,-0.8141055107116699,0.5867718458175659
headdress,cut_source,38,1,0.5867718458175659,0.2973169684410095,4.27116584777832
headdress,cut_source,38,2,4.27116584777832,3.0466468334198,1.9161782264709473
headdress,cut_source,38,3,1.9161782264709473,0.8440396785736084,0.29505062103271484
headdress,cut_source,38,4,0.29505062103271484,-0.19916141033172607,0.5513921976089478
headdress,cut_source,38,5,0.5513921976089478,0.7088057994842529,-0.4542396068572998
headdress,cut_source,38,6,-0.4542396068572998,-0.8166917562484741,2.367020606994629
headdress,cut_source,38,7,2.367020606994629,2.3500795364379883,1.9126660823822021
headdress,cut_source,38,8,1.9126660823822021,1.9939312934875488,2.7856686115264893
headdress,cut_source,38,9,2.7856686115264893,1.7705419063568115,2.941667079925537
headdress,cut_source,38,10,2.941667079925537,1.9975955486297607,2.8491616249084473
headdress,cut_source,38,11,2.8491616249084473,1.9939297437667847,3.0299630165100098
headdress,cut_source,38,12,3.0299630165100098,2.561323642730713,2.4189822673797607
headdress,cut_source,38,13,2.4189822673797607,1.578622579574585,1.4022862911224365
headdress,cut_source,38,14,1.4022862911224365,0.7521564960479736,1.9683233499526978
headdress,cut_source,38,15,1.9683233499526978,1.2148406505584717,2.3777101039886475
headdress,cut_source,38,16,2.3777101039886475,0.86053866147995,2.1197943687438965
headdress,cut_source,38,17,2.1197943687438965,1.9845386743545532,3.284956932067871
headdress,cut_source,38,18,3.284956932067871,3.1576709747314453,4.294305324554443
headdress,cut_source,38,19,4.294305324554443,4.61958122253418,3.6100101470947266
headdress,cut_source,38,20,3.6100101470947266,4.267378807067871,4.837136745452881
headdress,cut_source,38,21,4.837136745452881,4.9570465087890625,4.72906494140625
headdress,cut_source,38,22,4.72906494140625,4.66230583190918,4.446352481842041
headdress,cut_source,38,23,4.446352481842041,5.120739936828613,4.6801371574401855
headdress,cut_source,38,24,4.6801371574401855,5.099981307983398,6.999255180358887
headdress,cut_source,38,25,6.999255180358887,6.809549331665039,6.222366809844971
headdress,cut_source,38,26,6.222366809844971,5.762908935546875,6.867217540740967
headdress,cut_source,38,27,6.867217540740967,6.541954040527344,6.450172424316406
headdress,cut_source,38,28,6.450172424316406,6.101550579071045,6.392248630523682
headdress,cut_source,38,29,6.392248630523682,5.206874370574951,4.862378120422363
headdress,cut_source,38,30,4.862378120422363,2.4124245643615723,0.9029533267021179
headdress,cut_source,38,31,0.9029533267021179,-1.1874849796295166,-0.3792802691459656
headdress,cut_source,39,0,-0.5789556503295898,-0.4589316248893738,0.21824398636817932
headdress,cut_source,39,1,0.21824398636817932,0.9072598218917847,0.6650794744491577
headdress,cut_source,39,2,0.6650794744491577,2.1118204593658447,0.16835331916809082
headdress,cut_source,39,3,0.16835331916809082,1.5677002668380737,0.31802964210510254
headdress,cut_source,39,4,0.31802964210510254,1.309715747833252,0.0312877893447876
headdress,cut_source,39,5,0.0312877893447876,-0.1829085350036621,0.8603174686431885
headdress,cut_source,39,6,0.8603174686431885,1.0920499563217163,1.2832748889923096
headdress,cut_source,39,7,1.2832748889923096,1.4938616752624512,3.3337550163269043
headdress,cut_source,39,8,3.3337550163269043,4.436229705810547,3.7420432567596436
headdress,cut_source,39,9,3.7420432567596436,3.3642923831939697,2.7313032150268555
headdress,cut_source,39,10,2.7313032150268555,3.9936063289642334,4.509064674377441
headdress,cut_source,39,11,4.509064674377441,3.489781379699707,5.655416011810303
headdress,cut_source,39,12,5.655416011810303,6.642775535583496,7.26401424407959
headdress,cut_source,39,13,7.26401424407959,6.107171058654785,6.356441020965576
headdress,cut_source,39,14,6.356441020965576,4.783880233764648,5.729942321777344
headdress,cut_source,39,15,5.729942321777344,6.078317642211914,7.0686187744140625
headdress,cut_source,39,16,7.0686187744140625,6.0702104568481445,4.7775163650512695
headdress,cut_source,39,17,4.7775163650512695,5.239658355712891,5.264272689819336
headdress,cut_source,39,18,5.264272689819336,4.940603733062744,3.3688342571258545
headdress,cut_source,39,19,3.3688342571258545,3.6266844272613525,2.6143951416015625
headdress,cut_source,39,20,2.6143951416015625,2.611037492752075,0.4728778004646301
headdress,cut_source,39,21,0.4728778004646301,-0.7095948457717896,0.013374805450439453
headdress,cut_source,39,22,0.013374805450439453,-0.23347413539886475,-0.4968447685241699
headdress,cut_source,39,23,-0.4968447685241699,-0.6598989963531494,-0.2612569332122803
headdress,cut_source,39,24,-0.2612569332122803,-0.7140202522277832,1.0736771821975708
headdress,cut_source,39,25,1.0736771821975708,0.43725407123565674,-0.40877318382263184
headdress,cut_source,39,26,-0.40877318382263184,-0.051053524017333984,0.26729094982147217
headdress,cut_source,39,27,0.26729094982147217,1.0253123044967651,1.6204475164413452
headdress,cut_source,39,28,1.6204475164413452,1.5391002893447876,1.873828411102295
headdress,cut_source,39,29,1.873828411102295,1.9166476726531982,2.5658211708068848
headdress,cut_source,39,30,2.5658211708068848,2.609670639038086,2.77518367767334
headdress,cut_source,39,31,2.77518367767334,5.7534098625183105,2.5558128356933594
headdress,cut_source,40,0,2.7670819759368896,0.9022369384765625,-0.3570406436920166
headdress,cut_source,40,1,-0.3570406436920166,-1.352759599685669,-0.34821557998657227
headdress,cut_source,40,2,-0.34821557998657227,-0.18814733624458313,0.6548852324485779
headdress,cut_source,40,3,0.6548852324485779,1.6782609224319458,2.6383376121520996
headdress,cut_source,40,4,2.6383376121520996,2.0088539123535156,3.729088306427002
headdress,cut_source,40,5,3.729088306427002,2.35530686378479,2.293792963027954
headdress,cut_source,40,6,2.293792963027954,0.5554828643798828,-0.06253460049629211
headdress,cut_source,40,7,-0.06253460049629211,-0.14683067798614502,-2.261302947998047
headdress,cut_source,40,8,-2.261302947998047,-3.478536605834961,-3.147062063217163
headdress,cut_source,40,9,-3.147062063217163,-3.275233030319214,-3.135030746459961
headdress,cut_source,40,10,-3.135030746459961,-2.9524950981140137,-2.5796570777893066
headdress,cut_source,40,11,-2.5796570777893066,-2.6686506271362305,-2.7476468086242676
headdress,cut_source,40,12,-2.7476468086242676,-2.6863059997558594,-4.2377095222473145
headdress,cut_source,40,13,-4.2377095222473145,-4.270472526550293,-4.941305637359619
headdress,cut_source,40,14,-4.941305637359619,-5.679331302642822,-4.950826168060303
headdress,cut_source,40,15,-4.950826168060303,-4.359724044799805,-2.9193191528320312
headdress,cut_source,40,16,-2.9193191528320312,-3.0876996517181396,-2.177579164505005
headdress,cut_source,40,17,-2.177579164505005,-1.1672488451004028,-3.4324753284454346
headdress,cut_source,40,18,-3.4324753284454346,-3.336819887161255,-2.833963394165039
headdress,cut_source,40,19,-2.833963394165039,-3.1864919662475586,-2.8404839038848877
headdress,cut_source,40,20,-2.8404839038848877,-2.8294808864593506,-2.727250576019287
headdress,cut_source,40,21,-2.727250576019287,-3.4632387161254883,-4.371940612792969
headdress,cut_source,40,22,-4.371940612792969,-5.11754035949707,-5.596306324005127
headdress,cut_source,40,23,-5.596306324005127,-5.848418235778809,-5.645694255828857
headdress,cut_source,40,24,-5.645694255828857,-5.385341644287109,-5.989716529846191
headdress,cut_source,40,25,-5.989716529846191,-5.572756290435791,-5.672577857971191
headdress,cut_source,40,26,-5.672577857971191,-5.5218939781188965,-4.328651428222656
headdress,cut_source,40,27,-4.328651428222656,-3.776132583618164,-4.199907302856445
headdress,cut_source,40,28,-4.199907302856445,-4.020142555236816,-3.653258800506592
headdress,cut_source,40,29,-3.653258800506592,-4.023161888122559,-4.40546178817749
headdress,cut_source,40,30,-4.40546178817749,-3.9170355796813965,-2.726854085922241
headdress,cut_source,40,31,-2.726854085922241,-0.26895660161972046,-1.0979746580123901
headdress,cut_source,41,0,0.07131147384643555,0.9429754018783569,2.1126017570495605
headdress,cut_source,41,1,2.1126017570495605,2.5159387588500977,0.8453208208084106
headdress,cut_source,41,2,0.8453208208084106,1.0190613269805908,0.8151148557662964
headdress,cut_source,41,3,0.8151148557662964,0.4964580535888672,2.391353130340576
headdress,cut_source,41,4,2.391353130340576,2.4833152294158936,1.5832176208496094
headdress,cut_source,41,5,1.5832176208496094,1.6207460165023804,1.237006425857544
headdress,cut_source,41,6,1.237006425857544,1.1480743885040283,0.963489294052124
headdress,cut_source,41,7,0.963489294052124,-0.3181018829345703,-0.04700791835784912
headdress,cut_source,41,8,-0.04700791835784912,1.5761771202087402,2.9985766410827637
headdress,cut_source,41,9,2.9985766410827637,2.954711675643921,0.3080630302429199
headdress,cut_source,41,10,0.3080630302429199,1.1528313159942627,-0.6780725717544556
headdress,cut_source,41,11,-0.6780725717544556,-0.7671476602554321,0.2701956629753113
headdress,cut_source,41,12,0.2701956629753113,0.07279622554779053,0.17621469497680664
headdress,cut_source,41,13,0.17621469497680664,0.7339870929718018,2.150000810623169
headdress,cut_source,41,14,2.150000810623169,1.3332029581069946,0.983116626739502
headdress,cut_source,41,15,0.983116626739502,1.7183003425598145,3.4419302940368652
headdress,cut_source,41,16,3.4419302940368652,3.5990467071533203,3.8582541942596436
headdress,cut_source,41,17,3.8582541942596436,2.648350238800049,4.553269863128662
headdress,cut_source,41,18,4.553269863128662,4.379377841949463,2.9071600437164307
headdress,cut_source,41,19,2.9071600437164307,2.879647731781006,2.655520439147949
headdress,cut_source,41,20,2.655520439147949,2.542186975479126,1.1279370784759521
headdress,cut_source,41,21,1.1279370784759521,0.6536866426467896,0.9599219560623169
headdress,cut_source,41,22,0.9599219560623169,1.5097506046295166,1.939814567565918
headdress,cut_source,41,23,1.939814567565918,2.079432487487793,2.957446813583374
headdress,cut_source,41,24,2.957446813583374,2.448535919189453,5.037464141845703
headdress,cut_source,41,25,5.037464141845703,4.4163408279418945,4.567844390869141
headdress,cut_source,41,26,4.567844390869141,4.847116470336914,4.461078643798828
headdress,cut_source,41,27,4.461078643798828,4.469892501831055,4.435190200805664
headdress,cut_source,41,28,4.435190200805664,3.907255172729492,3.4210829734802246
headdress,cut_source,41,29,3.4210829734802246,3.1715166568756104,3.982417583465576
headdress,cut_source,41,30,3.982417583465576,2.464723825454712,2.45999813079834
headdress,cut_source,41,31,2.45999813079834,1.060035228729248,-0.40641117095947266
headdress,cut_source,42,0,-0.5907708406448364,-1.2425051927566528,0.9219951033592224
headdress,cut_source,42,1,0.9219951033592224,-0.6158229112625122,-0.9395767450332642
headdress,cut_source,42,2,-0.9395767450332642,-1.1058201789855957,-0.4274106025695801
headdress,cut_source,42,3,-0.4274106025695801,-0.5767102241516113,-2.4307730197906494
headdress,cut_source,42,4,-2.4307730197906494,-2.3415751457214355,-2.3003010749816895
headdress,cut_source,42,5,-2.3003010749816895,-2.491504192352295,-2.052553176879883
headdress,cut_source,42,6,-2.052553176879883,-1.8669073581695557,-3.0214004516601562
headdress,cut_source,42,7,-3.0214004516601562,-3.113710880279541,-1.4948996305465698
headdress,cut_source,42,8,-1.4948996305465698,-1.3572497367858887,-1.0730105638504028
headdress,cut_source,42,9,-1.0730105638504028,-1.3486154079437256,-1.5324515104293823
headdress,cut_source,42,10,-1.5324515104293823,-1.0371123552322388,0.8134413957595825
headdress,cut_source,42,11,0.8134413957595825,0.41621914505958557,0.31906044483184814
headdress,cut_source,42,12,0.31906044483184814,0.6161667704582214,0.5466406345367432
headdress,cut_source,42,13,0.5466406345367432,0.322083055973053,-0.02066946029663086
headdress,cut_source,42,14,-0.02066946029663086,0.08389580249786377,0.9879934787750244
headdress,cut_source,42,15,0.9879934787750244,0.22091567516326904,-1.0566197633743286
headdress,cut_source,42,16,-1.0566197633743286,-0.9760087728500366,-0.9187043309211731
headdress,cut_source,42,17,-0.9187043309211731,-1.5629186630249023,-0.40226584672927856
headdress,cut_source,42,18,-0.40226584672927856,-0.1538308560848236,-1.425522804260254
headdress,cut_source,42,19,-1.425522804260254,-1.3863859176635742,-0.9243777394294739
headdress,cut_source,42,20,-0.9243777394294739,-0.7683985233306885,-1.4639939069747925
headdress,cut_source,42,21,-1.4639939069747925,-1.0775818824768066,-1.8975237607955933
headdress,cut_source,42,22,-1.8975237607955933,-2.39844012260437,-2.610790729522705
headdress,cut_source,42,23,-2.610790729522705,-2.5923209190368652,-2.770211696624756
headdress,cut_source,42,24,-2.770211696624756,-2.901057720184326,-2.9934639930725098
headdress,cut_source,42,25,-2.9934639930725098,-2.936734676361084,-1.6820087432861328
headdress,cut_source,42,26,-1.6820087432861328,-1.646967887878418,-1.926471471786499
headdress,cut_source,42,27,-1.926471471786499,-1.8409109115600586,-1.3570122718811035
headdress,cut_source,42,28,-1.3570122718811035,-2.7160959243774414,-2.9830522537231445
headdress,cut_source,42,29,-2.9830522537231445,-2.4694035053253174,-4.505321979522705
headdress,cut_source,42,30,-4.505321979522705,-3.526339530944824,-1.2505946159362793
headdress,cut_source,42,31,-1.2505946159362793,-0.23272991180419922,0.2438865453004837
headdress,cut_source,43,0,-3.7328124046325684,0.1336461305618286,0.24526512622833252
headdress,cut_source,43,1,0.24526512622833252,-3.235020637512207,-2.258289098739624
headdress,cut_source,43,2,-2.258289098739624,-3.585252285003662,-2.2921741008758545
headdress,cut_source,43,3,-2.2921741008758545,-4.539081573486328,-2.6572580337524414
headdress,cut_source,43,4,-2.6572580337524414,-3.8512961864471436,-1.001515507698059
headdress,cut_source,43,5,-1.001515507698059,-0.9640272855758667,-3.276527166366577
headdress,cut_source,43,6,-3.276527166366577,-2.75398588180542,-1.7321797609329224
headdress,cut_source,43,7,-1.7321797609329224,-2.048032760620117,-2.775968074798584
headdress,cut_source,43,8,-2.775968074798584,-3.518261432647705,-4.248480319976807
headdress,cut_source,43,9,-4.248480319976807,-2.6073923110961914,-2.033301591873169
headdress,cut_source,43,10,-2.033301591873169,-1.75996994972229,-0.6101574897766113
headdress,cut_source,43,11,-0.6101574897766113,-1.8377046585083008,-3.0388083457946777
headdress,cut_source,43,12,-3.0388083457946777,-2.217257499694824,-1.7311367988586426
headdress,cut_source,43,13,-1.7311367988586426,-2.8933615684509277,-4.586617946624756
headdress,cut_source,43,14,-4.586617946624756,-4.308300971984863,-3.189838171005249
headdress,cut_source,43,15,-3.189838171005249,-3.3390696048736572,-3.8798751831054688
headdress,cut_source,43,16,-3.8798751831054688,-2.824611186981201,-2.7149078845977783
headdress,cut_source,43,17,-2.7149078845977783,-1.9517384767532349,-2.637968063354492
headdress,cut_source,43,18,-2.637968063354492,-2.2415239810943604,-1.8740708827972412
headdress,cut_source,43,19,-1.8740708827972412,-2.0148799419403076,-0.4271364212036133
headdress,cut_source,43,20,-0.4271364212036133,-0.3384634256362915,0.3999558687210083
headdress,cut_source,43,21,0.3999558687210083,0.5520462989807129,-0.6806553602218628
headdress,cut_source,43,22,-0.6806553602218628,-0.7957615852355957,-1.207519769668579
headdress,cut_source,43,23,-1.207519769668579,-1.445251226425171,-2.8677852153778076
headdress,cut_source,43,24,-2.8677852153778076,-1.767862319946289,-2.9882972240448
headdress,cut_source,43,25,-2.9882972240448,-2.646988868713379,-4.4845428466796875
headdress,cut_source,43,26,-4.4845428466796875,-4.22648811340332,-2.841684579849243
headdress,cut_source,43,27,-2.841684579849243,-2.359837770462036,-2.243338108062744
headdress,cut_source,43,28,-2.243338108062744,-2.746140241622925,-1.9162085056304932
headdress,cut_source,43,29,-1.9162085056304932,-1.4966800212860107,-2.5791823863983154
headdress,cut_source,43,30,-2.5791823863983154,-0.9464522004127502,0.4048311710357666
headdress,cut_source,43,31,0.4048311710357666,1.6871129274368286,-1.2693054676055908
headdress,cut_source,44,0,3.495107650756836,3.7687478065490723,1.0520737171173096
headdress,cut_source,44,1,1.0520737171173096,1.0387499332427979,2.0903751850128174
headdress,cut_source,44,2,2.0903751850128174,1.417661190032959,2.0921709537506104
headdress,cut_source,44,3,2.0921709537506104,0.9589923620223999,2.3686041831970215
headdress,cut_source,44,4,2.3686041831970215,2.6640844345092773,1.612021565437317
headdress,cut_source,44,5,1.612021565437317,0.8899303078651428,1.624457597732544
headdress,cut_source,44,6,1.624457597732544,1.3810075521469116,1.3997920751571655
headdress,cut_source,44,7,1.3997920751571655,2.227295398712158,1.9537262916564941
headdress,cut_source,44,8,1.9537262916564941,1.3811737298965454,2.1040265560150146
headdress,cut_source,44,9,2.1040265560150146,1.044079303741455,1.2912613153457642
headdress,cut_source,44,10,1.2912613153457642,2.273303508758545,1.5196757316589355
headdress,cut_source,44,11,1.5196757316589355,2.2127068042755127,1.1267492771148682
headdress,cut_source,44,12,1.1267492771148682,1.5426349639892578,2.6335339546203613
headdress,cut_source,44,13,2.6335339546203613,1.1319212913513184,1.1789021492004395
headdress,cut_source,44,14,1.1789021492004395,2.215461254119873,3.109339952468872
headdress,cut_source,44,15,3.109339952468872,3.0858607292175293,2.2555387020111084
headdress,cut_source,44,16,2.2555387020111084,2.615222215652466,2.0871922969818115
headdress,cut_source,44,17,2.0871922969818115,2.12294340133667,3.958686351776123
headdress,cut_source,44,18,3.958686351776123,3.9676289558410645,5.059037208557129
headdress,cut_source,44,19,5.059037208557129,5.321625709533691,4.545495510101318
headdress,cut_source,44,20,4.545495510101318,4.777080059051514,4.889986038208008
headdress,cut_source,44,21,4.889986038208008,4.9834184646606445,4.19199275970459
headdress,cut_source,44,22,4.19199275970459,3.3623037338256836,4.80773401260376
headdress,cut_source,44,23,4.80773401260376,4.716136932373047,5.0813493728637695
headdress,cut_source,44,24,5.0813493728637695,4.396658897399902,4.716925621032715
headdress,cut_source,44,25,4.716925621032715,4.009451866149902,4.927980422973633
headdress,cut_source,44,26,4.927980422973633,4.744722366333008,4.6830620765686035
headdress,cut_source,44,27,4.6830620765686035,4.558608055114746,5.244955539703369
headdress,cut_source,44,28,5.244955539703369,5.207547664642334,6.195075035095215
headdress,cut_source,44,29,6.195075035095215,5.702771186828613,6.069953918457031
headdress,cut_source,44,30,6.069953918457031,5.193511009216309,6.351041793823242
headdress,cut_source,44,31,6.351041793823242,3.6178348064422607,0.5878455638885498
headdress,cut_source,45,0,1.2219479084014893,0.012838900089263916,-0.3761073350906372
headdress,cut_source,45,1,-0.3761073350906372,0.4847426116466522,0.5875856876373291
headdress,cut_source,45,2,0.5875856876373291,0.9478470087051392,3.032207489013672
headdress,cut_source,45,3,3.032207489013672,4.205923080444336,5.255221843719482
headdress,cut_source,45,4,5.255221843719482,7.016127586364746,4.584232330322266
headdress,cut_source,45,5,4.584232330322266,5.423447132110596,4.585960388183594
headdress,cut_source,45,6,4.585960388183594,4.250476360321045,1.9244499206542969
headdress,cut_source,45,7,1.9244499206542969,4.430930137634277,3.897003650665283
headdress,cut_source,45,8,3.897003650665283,3.535982847213745,3.147348165512085
headdress,cut_source,45,9,3.147348165512085,2.8781073093414307,3.4074649810791016
headdress,cut_source,45,10,3.4074649810791016,2.0352659225463867,2.4222612380981445
headdress,cut_source,45,11,2.4222612380981445,3.062345266342163,2.27362060546875
headdress,cut_source,45,12,2.27362060546875,4.0223894119262695,4.39063835144043
headdress,cut_source,45,13,4.39063835144043,4.133042335510254,6.028268337249756
headdress,cut_source,45,14,6.028268337249756,5.881312370300293,4.239409446716309
headdress,cut_source,45,15,4.239409446716309,3.433772087097168,4.083902359008789
headdress,cut_source,45,16,4.083902359008789,5.443047523498535,4.29032039642334
headdress,cut_source,45,17,4.29032039642334,3.6352427005767822,4.184702396392822
headdress,cut_source,45,18,4.184702396392822,4.725226879119873,4.076543807983398
headdress,cut_source,45,19,4.076543807983398,4.787887096405029,5.305383205413818
headdress,cut_source,45,20,5.305383205413818,5.166207790374756,6.176629066467285
headdress,cut_source,45,21,6.176629066467285,6.347714424133301,6.5763044357299805
headdress,cut_source,45,22,6.5763044357299805,6.869924068450928,7.2858991622924805
headdress,cut_source,45,23,7.2858991622924805,6.8103437423706055,7.336770534515381
headdress,cut_source,45,24,7.336770534515381,7.343319892883301,8.863348007202148
headdress,cut_source,45,25,8.863348007202148,8.767900466918945,9.763544082641602
headdress,cut_source,45,26,9.763544082641602,9.384153366088867,8.494932174682617
headdress,cut_source,45,27,8.494932174682617,8.049999237060547,8.829924583435059
headdress,cut_source,45,28,8.829924583435059,9.434682846069336,9.544326782226562
headdress,cut_source,45,29,9.544326782226562,9.458019256591797,9.307209968566895
headdress,cut_source,45,30,9.307209968566895,8.4087553024292,6.929555892944336
headdress,cut_source,45,31,6.929555892944336,5.1557297706604,7.688802719116211
headdress,cut_remote_history,17,0,-2.690234661102295,-4.482605934143066,-1.7349929809570312
headdress,cut_remote_history,17,1,-1.7349929809570312,-3.149214267730713,-1.5901503562927246
headdress,cut_remote_history,17,2,-1.5901503562927246,-1.8692030906677246,-2.1845929622650146
headdress,cut_remote_history,17,3,-2.1845929622650146,-2.9209816455841064,-2.2941393852233887
headdress,cut_remote_history,17,4,-2.2941393852233887,-0.8178541660308838,-0.884684681892395
headdress,cut_remote_history,17,5,-0.884684681892395,-1.8967278003692627,-1.2403755187988281
headdress,cut_remote_history,17,6,-1.2403755187988281,-0.47393888235092163,-1.1174886226654053
headdress,cut_remote_history,17,7,-1.1174886226654053,-0.9811845421791077,-0.6270579099655151
headdress,cut_remote_history,17,8,-0.6270579099655151,-1.1957335472106934,-1.0704203844070435
headdress,cut_remote_history,17,9,-1.0704203844070435,-1.9235326051712036,-1.7502610683441162
headdress,cut_remote_history,17,10,-1.7502610683441162,-1.7577277421951294,-1.8480286598205566
headdress,cut_remote_history,17,11,-1.8480286598205566,-2.3695449829101562,-1.0414100885391235
headdress,cut_remote_history,17,12,-1.0414100885391235,-1.74744713306427,-1.1959325075149536
headdress,cut_remote_history,17,13,-1.1959325075149536,-1.2073098421096802,-2.877012252807617
headdress,cut_remote_history,17,14,-2.877012252807617,-3.1883482933044434,-3.319518566131592
headdress,cut_remote_history,17,15,-3.319518566131592,-3.3986082077026367,-3.172342538833618
headdress,cut_remote_history,17,16,-3.172342538833618,-1.3440532684326172,-1.2655973434448242
headdress,cut_remote_history,17,17,-1.2655973434448242,-1.1287896633148193,-1.0260281562805176
headdress,cut_remote_history,17,18,-1.0260281562805176,-1.562993049621582,-2.1730527877807617
headdress,cut_remote_history,17,19,-2.1730527877807617,-1.3892881870269775,-1.819577932357788
headdress,cut_remote_history,17,20,-1.819577932357788,-1.271168828010559,0.24415183067321777
headdress,cut_remote_history,17,21,0.24415183067321777,0.8246884942054749,1.0132960081100464
headdress,cut_remote_history,17,22,1.0132960081100464,1.3465893268585205,1.5316832065582275
headdress,cut_remote_history,17,23,1.5316832065582275,1.7894811630249023,3.0006721019744873
headdress,cut_remote_history,17,24,3.0006721019744873,2.3994035720825195,2.532716751098633
headdress,cut_remote_history,17,25,2.532716751098633,1.8401169776916504,2.0065791606903076
headdress,cut_remote_history,17,26,2.0065791606903076,1.0213208198547363,1.035273551940918
headdress,cut_remote_history,17,27,1.035273551940918,-0.24199342727661133,0.5234100818634033
headdress,cut_remote_history,17,28,0.5234100818634033,0.03746676445007324,0.546684980392456
headdress,cut_remote_history,17,29,0.546684980392456,0.5213977098464966,1.1852803230285645
headdress,cut_remote_history,17,30,1.1852803230285645,0.423938512802124,1.174177646636963
headdress,cut_remote_history,17,31,1.174177646636963,0.9302316904067993,0.9020923972129822
headdress,cut_remote_history,18,0,-2.442255973815918,-1.2743405103683472,1.6773998737335205
headdress,cut_remote_history,18,1,1.6773998737335205,3.376182794570923,4.929990768432617
headdress,cut_remote_history,18,2,4.929990768432617,5.411729335784912,3.7271595001220703
headdress,cut_remote_history,18,3,3.7271595001220703,3.455850601196289,3.057112693786621
headdress,cut_remote_history,18,4,3.057112693786621,2.974853754043579,1.1261383295059204
headdress,cut_remote_history,18,5,1.1261383295059204,0.37597769498825073,0.3430778980255127
headdress,cut_remote_history,18,6,0.3430778980255127,-0.9392494559288025,-1.3446524143218994
headdress,cut_remote_history,18,7,-1.3446524143218994,-1.4513243436813354,-2.688645362854004
headdress,cut_remote_history,18,8,-2.688645362854004,-0.7855492830276489,0.002149522304534912
headdress,cut_remote_history,18,9,0.002149522304534912,-0.458523690700531,0.9784213900566101
headdress,cut_remote_history,18,10,0.9784213900566101,-0.6901826858520508,0.14649152755737305
headdress,cut_remote_history,18,11,0.14649152755737305,-0.7864932417869568,1.0932044982910156
headdress,cut_remote_history,18,12,1.0932044982910156,1.317047357559204,1.9230889081954956
headdress,cut_remote_history,18,13,1.9230889081954956,1.0488102436065674,0.9768860936164856
headdress,cut_remote_history,18,14,0.9768860936164856,0.5578354597091675,2.4123358726501465
headdress,cut_remote_history,18,15,2.4123358726501465,0.8262954950332642,1.0267380475997925
headdress,cut_remote_history,18,16,1.0267380475997925,-0.8876910209655762,-0.8396728038787842
headdress,cut_remote_history,18,17,-0.8396728038787842,-2.0015792846679688,-1.444586992263794
headdress,cut_remote_history,18,18,-1.444586992263794,-1.2323830127716064,-0.7062746286392212
headdress,cut_remote_history,18,19,-0.7062746286392212,-0.5731565952301025,-2.0406196117401123
headdress,cut_remote_history,18,20,-2.0406196117401123,-2.2116260528564453,-1.2866231203079224
headdress,cut_remote_history,18,21,-1.2866231203079224,-3.274216651916504,-2.7352850437164307
headdress,cut_remote_history,18,22,-2.7352850437164307,-2.9575486183166504,-1.8858349323272705
headdress,cut_remote_history,18,23,-1.8858349323272705,-1.6185667514801025,-1.0495632886886597
headdress,cut_remote_history,18,24,-1.0495632886886597,-9.309463500976562,-8.402125358581543
headdress,cut_remote_history,18,25,-8.402125358581543,-5.237669944763184,-3.4698846340179443
headdress,cut_remote_history,18,26,-3.4698846340179443,-1.5973608493804932,-2.4907126426696777
headdress,cut_remote_history,18,27,-2.4907126426696777,-1.5379259586334229,-2.474658727645874
headdress,cut_remote_history,18,28,-2.474658727645874,-3.304361343383789,-2.7822704315185547
headdress,cut_remote_history,18,29,-2.7822704315185547,-3.01778244972229,-2.967867851257324
headdress,cut_remote_history,18,30,-2.967867851257324,-5.19606351852417,-5.533328533172607
headdress,cut_remote_history,18,31,-5.533328533172607,-6.003961563110352,1.0621824264526367
headdress,cut_remote_history,19,0,2.9172141551971436,1.6322507858276367,1.5468047857284546
headdress,cut_remote_history,19,1,1.5468047857284546,0.17557412385940552,0.5710643529891968
headdress,cut_remote_history,19,2,0.5710643529891968,-0.6350053548812866,0.07456469535827637
headdress,cut_remote_history,19,3,0.07456469535827637,-0.8471459746360779,1.7381017208099365
headdress,cut_remote_history,19,4,1.7381017208099365,0.8873212337493896,2.4093282222747803
headdress,cut_remote_history,19,5,2.4093282222747803,0.982403039932251,3.5110385417938232
headdress,cut_remote_history,19,6,3.5110385417938232,2.465651035308838,3.34551739692688
headdress,cut_remote_history,19,7,3.34551739692688,3.9776530265808105,4.42827033996582
headdress,cut_remote_history,19,8,4.42827033996582,3.6284759044647217,3.747979164123535
headdress,cut_remote_history,19,9,3.747979164123535,1.1795258522033691,2.032121419906616
headdress,cut_remote_history,19,10,2.032121419906616,2.418919086456299,2.411396026611328
headdress,cut_remote_history,19,11,2.411396026611328,1.9299237728118896,1.8439130783081055
headdress,cut_remote_history,19,12,1.8439130783081055,1.7817190885543823,1.7587800025939941
headdress,cut_remote_history,19,13,1.7587800025939941,1.227469563484192,1.8001229763031006
headdress,cut_remote_history,19,14,1.8001229763031006,0.9952239990234375,1.5060346126556396
headdress,cut_remote_history,19,15,1.5060346126556396,2.3831372261047363,4.113821029663086
headdress,cut_remote_history,19,16,4.113821029663086,7.025891304016113,6.545818328857422
headdress,cut_remote_history,19,17,6.545818328857422,5.774933815002441,5.553627014160156
headdress,cut_remote_history,19,18,5.553627014160156,5.674091815948486,7.547986030578613
headdress,cut_remote_history,19,19,7.547986030578613,6.954258441925049,5.595748424530029
headdress,cut_remote_history,19,20,5.595748424530029,5.035211563110352,4.955440521240234
headdress,cut_remote_history,19,21,4.955440521240234,5.474390506744385,5.95438814163208
headdress,cut_remote_history,19,22,5.95438814163208,5.672868251800537,7.081282615661621
headdress,cut_remote_history,19,23,7.081282615661621,7.871266841888428,8.449352264404297
headdress,cut_remote_history,19,24,8.449352264404297,7.797928810119629,9.62847900390625
headdress,cut_remote_history,19,25,9.62847900390625,9.146238327026367,10.961767196655273
headdress,cut_remote_history,19,26,10.961767196655273,10.601316452026367,11.461438179016113
headdress,cut_remote_history,19,27,11.461438179016113,11.096275329589844,10.305601119995117
headdress,cut_remote_history,19,28,10.305601119995117,9.744993209838867,9.361989974975586
headdress,cut_remote_history,19,29,9.361989974975586,8.317380905151367,7.058354377746582
headdress,cut_remote_history,19,30,7.058354377746582,4.864518165588379,4.5572710037231445
headdress,cut_remote_history,19,31,4.5572710037231445,1.5864691734313965,1.5240038633346558
headdress,cut_remote_history,20,0,1.0619724988937378,-1.2617974281311035,1.676015019416809
headdress,cut_remote_history,20,1,1.676015019416809,-1.3179196119308472,-0.5545209646224976
headdress,cut_remote_history,20,2,-0.5545209646224976,-2.2475085258483887,-2.0815181732177734
headdress,cut_remote_history,20,3,-2.0815181732177734,-1.0763111114501953,0.8714240789413452
headdress,cut_remote_history,20,4,0.8714240789413452,1.2517695426940918,1.0065118074417114
headdress,cut_remote_history,20,5,1.0065118074417114,0.21908843517303467,0.13319116830825806
headdress,cut_remote_history,20,6,0.13319116830825806,0.8374453783035278,-0.7465736865997314
headdress,cut_remote_history,20,7,-0.7465736865997314,-0.3692813515663147,-0.9801952242851257
headdress,cut_remote_history,20,8,-0.9801952242851257,-0.9499709606170654,-1.055158257484436
headdress,cut_remote_history,20,9,-1.055158257484436,-1.678023099899292,-0.2453462779521942
headdress,cut_remote_history,20,10,-0.2453462779521942,-1.3289103507995605,-0.9755760431289673
headdress,cut_remote_history,20,11,-0.9755760431289673,-0.4925273060798645,-0.8298586010932922
headdress,cut_remote_history,20,12,-0.8298586010932922,-1.6370878219604492,0.6758556365966797
headdress,cut_remote_history,20,13,0.6758556365966797,0.3911600112915039,0.49305999279022217
headdress,cut_remote_history,20,14,0.49305999279022217,-0.9292834997177124,-2.069809675216675
headdress,cut_remote_history,20,15,-2.069809675216675,-0.23523390293121338,-0.5341480374336243
headdress,cut_remote_history,20,16,-0.5341480374336243,3.811434507369995,4.6358137130737305
headdress,cut_remote_history,20,17,4.6358137130737305,5.180307388305664,6.70042085647583
headdress,cut_remote_history,20,18,6.70042085647583,6.820090293884277,7.0531511306762695
headdress,cut_remote_history,20,19,7.0531511306762695,7.6986083984375,7.097255706787109
headdress,cut_remote_history,20,20,7.097255706787109,7.284739017486572,8.792986869812012
headdress,cut_remote_history,20,21,8.792986869812012,8.626749992370605,8.366585731506348
headdress,cut_remote_history,20,22,8.366585731506348,8.323183059692383,8.417522430419922
headdress,cut_remote_history,20,23,8.417522430419922,7.961556434631348,7.987022399902344
headdress,cut_remote_history,20,24,7.987022399902344,15.540647506713867,13.578742980957031
headdress,cut_remote_history,20,25,13.578742980957031,12.905874252319336,11.769083023071289
headdress,cut_remote_history,20,26,11.769083023071289,10.381460189819336,9.239779472351074
headdress,cut_remote_history,20,27,9.239779472351074,10.178184509277344,9.989128112792969
headdress,cut_remote_history,20,28,9.989128112792969,9.097784042358398,9.539763450622559
headdress,cut_remote_history,20,29,9.539763450622559,9.527324676513672,9.832852363586426
headdress,cut_remote_history,20,30,9.832852363586426,11.657923698425293,8.099853515625
headdress,cut_remote_history,20,31,8.099853515625,8.269037246704102,11.54355239868164
headdress,cut_remote_history,21,0,-0.7427998185157776,-0.19432979822158813,-1.6190621852874756
headdress,cut_remote_history,21,1,-1.6190621852874756,-0.7803924083709717,0.250823438167572
headdress,cut_remote_history,21,2,0.250823438167572,0.17703145742416382,-0.39630597829818726
headdress,cut_remote_history,21,3,-0.39630597829818726,-0.864777147769928,-0.701431155204773
headdress,cut_remote_history,21,4,-0.701431155204773,-0.22498947381973267,-0.36166369915008545
headdress,cut_remote_history,21,5,-0.36166369915008545,-1.6363352537155151,-1.9305963516235352
headdress,cut_remote_history,21,6,-1.9305963516235352,-2.1865696907043457,-2.5947258472442627
headdress,cut_remote_history,21,7,-2.5947258472442627,-2.906148910522461,-4.080792427062988
headdress,cut_remote_history,21,8,-4.080792427062988,-4.712310791015625,-4.983728408813477
headdress,cut_remote_history,21,9,-4.983728408813477,-4.501953125,-3.7159509658813477
headdress,cut_remote_history,21,10,-3.7159509658813477,-3.7445499897003174,-3.006932497024536
headdress,cut_remote_history,21,11,-3.006932497024536,-2.719119071960449,-1.9167487621307373
headdress,cut_remote_history,21,12,-1.9167487621307373,-3.142587900161743,-1.6911152601242065
headdress,cut_remote_history,21,13,-1.6911152601242065,-2.9401092529296875,-1.0213432312011719
headdress,cut_remote_history,21,14,-1.0213432312011719,-1.5503101348876953,-1.7319996356964111
headdress,cut_remote_history,21,15,-1.7319996356964111,0.9079405069351196,0.3965553641319275
headdress,cut_remote_history,21,16,0.3965553641319275,2.246555805206299,3.471802234649658
headdress,cut_remote_history,21,17,3.471802234649658,3.837747573852539,5.046057224273682
headdress,cut_remote_history,21,18,5.046057224273682,4.512843132019043,4.354916572570801
headdress,cut_remote_history,21,19,4.354916572570801,4.295822620391846,3.5901265144348145
headdress,cut_remote_history,21,20,3.5901265144348145,4.718472957611084,4.05709981918335
headdress,cut_remote_history,21,21,4.05709981918335,3.1748108863830566,3.501035690307617
headdress,cut_remote_history,21,22,3.501035690307617,3.126415967941284,4.124125957489014
headdress,cut_remote_history,21,23,4.124125957489014,4.04974889755249,4.66943883895874
headdress,cut_remote_history,21,24,4.66943883895874,4.550390243530273,5.311138153076172
headdress,cut_remote_history,21,25,5.311138153076172,5.111362934112549,5.419277191162109
headdress,cut_remote_history,21,26,5.419277191162109,5.271764755249023,5.007619857788086
headdress,cut_remote_history,21,27,5.007619857788086,4.4641313552856445,5.558360576629639
headdress,cut_remote_history,21,28,5.558360576629639,5.354140281677246,5.68505859375
headdress,cut_remote_history,21,29,5.68505859375,5.800420761108398,7.863861083984375
headdress,cut_remote_history,21,30,7.863861083984375,7.196566104888916,9.471776962280273
headdress,cut_remote_history,21,31,9.471776962280273,9.586149215698242,7.722919940948486
headdress,cut_remote_history,22,0,1.1346807479858398,-1.3858951330184937,0.010545134544372559
headdress,cut_remote_history,22,1,0.010545134544372559,-1.5193839073181152,-1.9965897798538208
headdress,cut_remote_history,22,2,-1.9965897798538208,-0.7452821135520935,-0.7062650918960571
headdress,cut_remote_history,22,3,-0.7062650918960571,-1.5205559730529785,0.12158477306365967
headdress,cut_remote_history,22,4,0.12158477306365967,0.2630171775817871,0.9931256771087646
headdress,cut_remote_history,22,5,0.9931256771087646,-1.0608681440353394,-0.7229461669921875
headdress,cut_remote_history,22,6,-0.7229461669921875,0.10760951042175293,-2.5566701889038086
headdress,cut_remote_history,22,7,-2.5566701889038086,-1.3151447772979736,-0.17184972763061523
headdress,cut_remote_history,22,8,-0.17184972763061523,-1.750359058380127,-0.13973546028137207
headdress,cut_remote_history,22,9,-0.13973546028137207,0.19143962860107422,0.138336181640625
headdress,cut_remote_history,22,10,0.138336181640625,-1.2964751720428467,0.848665714263916
headdress,cut_remote_history,22,11,0.848665714263916,-0.21779179573059082,0.3069159984588623
headdress,cut_remote_history,22,12,0.3069159984588623,0.9582439661026001,2.0301380157470703
headdress,cut_remote_history,22,13,2.0301380157470703,1.4600520133972168,1.5770906209945679
headdress,cut_remote_history,22,14,1.5770906209945679,2.4509437084198,0.7826805114746094
headdress,cut_remote_history,22,15,0.7826805114746094,2.666900634765625,2.343747854232788
headdress,cut_remote_history,22,16,2.343747854232788,1.9722387790679932,2.2706985473632812
headdress,cut_remote_history,22,17,2.2706985473632812,2.871593475341797,3.822845935821533
headdress,cut_remote_history,22,18,3.822845935821533,5.92880392074585,7.043971061706543
headdress,cut_remote_history,22,19,7.043971061706543,7.1944050788879395,4.783178806304932
headdress,cut_remote_history,22,20,4.783178806304932,4.292802333831787,4.029218673706055
headdress,cut_remote_history,22,21,4.029218673706055,4.069485187530518,3.089658260345459
headdress,cut_remote_history,22,22,3.089658260345459,2.934396743774414,1.391648769378662
headdress,cut_remote_history,22,23,1.391648769378662,4.4841437339782715,5.077881336212158
headdress,cut_remote_history,22,24,5.077881336212158,7.581470966339111,8.768754959106445
headdress,cut_remote_history,22,25,8.768754959106445,10.58027458190918,11.288982391357422
headdress,cut_remote_history,22,26,11.288982391357422,15.794337272644043,16.6209659576416
headdress,cut_remote_history,22,27,16.6209659576416,14.400704383850098,14.470560073852539
headdress,cut_remote_history,22,28,14.470560073852539,12.158895492553711,12.360637664794922
headdress,cut_remote_history,22,29,12.360637664794922,12.345110893249512,7.719337463378906
headdress,cut_remote_history,22,30,7.719337463378906,7.291073322296143,6.977425575256348
headdress,cut_remote_history,22,31,6.977425575256348,8.350358963012695,15.673559188842773
headdress,cut_remote_history,23,0,0.9579998850822449,1.4537216424942017,0.21879327297210693
headdress,cut_remote_history,23,1,0.21879327297210693,-0.027747273445129395,-0.42664849758148193
headdress,cut_remote_history,23,2,-0.42664849758148193,-0.4471322298049927,1.1887798309326172
headdress,cut_remote_history,23,3,1.1887798309326172,1.5357095003128052,0.3329275846481323
headdress,cut_remote_history,23,4,0.3329275846481323,0.6863565444946289,2.355165481567383
headdress,cut_remote_history,23,5,2.355165481567383,2.3194756507873535,1.461348295211792
headdress,cut_remote_history,23,6,1.461348295211792,1.4589297771453857,1.5366380214691162
headdress,cut_remote_history,23,7,1.5366380214691162,1.0987510681152344,1.8367278575897217
headdress,cut_remote_history,23,8,1.8367278575897217,1.4434740543365479,2.0165274143218994
headdress,cut_remote_history,23,9,2.0165274143218994,1.8660590648651123,1.0893878936767578
headdress,cut_remote_history,23,10,1.0893878936767578,0.6936056613922119,0.7513434886932373
headdress,cut_remote_history,23,11,0.7513434886932373,1.6514744758605957,0.6505681276321411
headdress,cut_remote_history,23,12,0.6505681276321411,0.742590069770813,1.0461468696594238
headdress,cut_remote_history,23,13,1.0461468696594238,0.8354253768920898,0.4438437223434448
headdress,cut_remote_history,23,14,0.4438437223434448,1.3469972610473633,0.2947807013988495
headdress,cut_remote_history,23,15,0.2947807013988495,0.4550887644290924,0.6448101997375488
headdress,cut_remote_history,23,16,0.6448101997375488,1.3880014419555664,1.5162489414215088
headdress,cut_remote_history,23,17,1.5162489414215088,1.739861249923706,1.2184250354766846
headdress,cut_remote_history,23,18,1.2184250354766846,1.4440090656280518,1.5174064636230469
headdress,cut_remote_history,23,19,1.5174064636230469,1.490964651107788,0.9646883010864258
headdress,cut_remote_history,23,20,0.9646883010864258,1.4423786401748657,1.4080040454864502
headdress,cut_remote_history,23,21,1.4080040454864502,0.9793470501899719,0.6220366954803467
headdress,cut_remote_history,23,22,0.6220366954803467,5.910064220428467,6.295074939727783
headdress,cut_remote_history,23,23,6.295074939727783,6.193580627441406,6.009828567504883
headdress,cut_remote_history,23,24,6.009828567504883,6.613016128540039,6.329005241394043
headdress,cut_remote_history,23,25,6.329005241394043,6.546260833740234,5.832355499267578
headdress,cut_remote_history,23,26,5.832355499267578,5.555281162261963,5.292078495025635
headdress,cut_remote_history,23,27,5.292078495025635,7.344621658325195,7.400496482849121
headdress,cut_remote_history,23,28,7.400496482849121,6.900046348571777,5.83241605758667
headdress,cut_remote_history,23,29,5.83241605758667,5.323053359985352,5.444703102111816
headdress,cut_remote_history,23,30,5.444703102111816,5.26929235458374,5.0506415367126465
headdress,cut_remote_history,23,31,5.0506415367126465,5.4249043464660645,6.596530437469482
headdress,cut_remote_history,24,0,1.2896993160247803,2.570817470550537,1.216568946838379
headdress,cut_remote_history,24,1,1.216568946838379,2.6468029022216797,2.6175026893615723
headdress,cut_remote_history,24,2,2.6175026893615723,2.1088061332702637,-0.8849380016326904
headdress,cut_remote_history,24,3,-0.8849380016326904,-0.6134955883026123,1.0175228118896484
headdress,cut_remote_history,24,4,1.0175228118896484,2.055013656616211,2.1630313396453857
headdress,cut_remote_history,24,5,2.1630313396453857,2.040888547897339,1.2281818389892578
headdress,cut_remote_history,24,6,1.2281818389892578,1.606666088104248,0.32687389850616455
headdress,cut_remote_history,24,7,0.32687389850616455,0.4007185697555542,0.42166435718536377
headdress,cut_remote_history,24,8,0.42166435718536377,1.255753517150879,0.4106177091598511
headdress,cut_remote_history,24,9,0.4106177091598511,1.233514428138733,1.7006126642227173
headdress,cut_remote_history,24,10,1.7006126642227173,2.815572500228882,4.068886756896973
headdress,cut_remote_history,24,11,4.068886756896973,4.556387901306152,3.8856093883514404
headdress,cut_remote_history,24,12,3.8856093883514404,3.5136213302612305,2.2354393005371094
headdress,cut_remote_history,24,13,2.2354393005371094,0.830771803855896,1.3474472761154175
headdress,cut_remote_history,24,14,1.3474472761154175,1.580761432647705,1.8101725578308105
headdress,cut_remote_history,24,15,1.8101725578308105,1.3054291009902954,1.9544596672058105
headdress,cut_remote_history,24,16,1.9544596672058105,1.5361089706420898,1.8872723579406738
headdress,cut_remote_history,24,17,1.8872723579406738,2.644643545150757,0.21732056140899658
headdress,cut_remote_history,24,18,0.21732056140899658,0.7161524295806885,-0.09168887138366699
headdress,cut_remote_history,24,19,-0.09168887138366699,0.649287223815918,0.7966890335083008
headdress,cut_remote_history,24,20,0.7966890335083008,0.156585693359375,-1.1845567226409912
headdress,cut_remote_history,24,21,-1.1845567226409912,-1.7114726305007935,-3.164238452911377
headdress,cut_remote_history,24,22,-3.164238452911377,-2.392482280731201,-1.0718835592269897
headdress,cut_remote_history,24,23,-1.0718835592269897,-2.117072582244873,-3.987400531768799
headdress,cut_remote_history,24,24,-3.987400531768799,-2.528470516204834,-3.963062286376953
headdress,cut_remote_history,24,25,-3.963062286376953,-2.8417649269104004,-1.9009219408035278
headdress,cut_remote_history,24,26,-1.9009219408035278,-1.742304801940918,-2.5998218059539795
headdress,cut_remote_history,24,27,-2.5998218059539795,-2.408541679382324,-2.5457077026367188
headdress,cut_remote_history,24,28,-2.5457077026367188,-2.9612624645233154,-4.170555114746094
headdress,cut_remote_history,24,29,-4.170555114746094,-3.2328407764434814,-1.784899353981018
headdress,cut_remote_history,24,30,-1.784899353981018,-0.7640334367752075,0.6750656366348267
headdress,cut_remote_history,24,31,0.6750656366348267,3.417423725128174,1.6875989437103271
headdress,cut_remote_history,25,0,-3.9442310333251953,-1.9724359512329102,-2.655380964279175
headdress,cut_remote_history,25,1,-2.655380964279175,-1.4586155414581299,-1.4170863628387451
headdress,cut_remote_history,25,2,-1.4170863628387451,-1.9722150564193726,-0.5550447106361389
headdress,cut_remote_history,25,3,-0.5550447106361389,-0.09204135090112686,0.82810378074646
headdress,cut_remote_history,25,4,0.82810378074646,-0.11043387651443481,-0.07090044021606445
headdress,cut_remote_history,25,5,-0.07090044021606445,-0.32999110221862793,1.5500786304473877
headdress,cut_remote_history,25,6,1.5500786304473877,2.0350563526153564,2.7978217601776123
headdress,cut_remote_history,25,7,2.7978217601776123,1.8472033739089966,2.8304903507232666
headdress,cut_remote_history,25,8,2.8304903507232666,3.1624808311462402,1.3235193490982056
headdress,cut_remote_history,25,9,1.3235193490982056,2.4637603759765625,3.4162611961364746
headdress,cut_remote_history,25,10,3.4162611961364746,4.70830774307251,3.485060691833496
headdress,cut_remote_history,25,11,3.485060691833496,3.1471245288848877,1.8018369674682617
headdress,cut_remote_history,25,12,1.8018369674682617,3.414499044418335,2.320950508117676
headdress,cut_remote_history,25,13,2.320950508117676,3.5815112590789795,3.012575626373291
headdress,cut_remote_history,25,14,3.012575626373291,3.351917266845703,2.8414664268493652
headdress,cut_remote_history,25,15,2.8414664268493652,3.0765771865844727,2.3923585414886475
headdress,cut_remote_history,25,16,2.3923585414886475,2.5538740158081055,2.4745466709136963
headdress,cut_remote_history,25,17,2.4745466709136963,1.7174665927886963,3.542020320892334
headdress,cut_remote_history,25,18,3.542020320892334,6.105323791503906,4.300479412078857
headdress,cut_remote_history,25,19,4.300479412078857,3.9580111503601074,4.358303070068359
headdress,cut_remote_history,25,20,4.358303070068359,4.267736434936523,2.836893081665039
headdress,cut_remote_history,25,21,2.836893081665039,3.145998239517212,3.9803719520568848
headdress,cut_remote_history,25,22,3.9803719520568848,5.054875373840332,4.316404819488525
headdress,cut_remote_history,25,23,4.316404819488525,4.519425868988037,4.107670307159424
headdress,cut_remote_history,25,24,4.107670307159424,3.7560923099517822,4.405333995819092
headdress,cut_remote_history,25,25,4.405333995819092,4.077712059020996,4.122101783752441
headdress,cut_remote_history,25,26,4.122101783752441,3.5845978260040283,3.325626850128174
headdress,cut_remote_history,25,27,3.325626850128174,2.777087688446045,2.568235158920288
headdress,cut_remote_history,25,28,2.568235158920288,2.046985626220703,2.4064061641693115
headdress,cut_remote_history,25,29,2.4064061641693115,1.5632925033569336,2.38462495803833
headdress,cut_remote_history,25,30,2.38462495803833,0.9441359043121338,-0.9914364814758301
headdress,cut_remote_history,25,31,-0.9914364814758301,-2.5710959434509277,-2.179107904434204
headdress,cut_remote_history,26,0,-0.4860578179359436,-0.8764259219169617,-0.7272060513496399
headdress,cut_remote_history,26,1,-0.7272060513496399,0.34073686599731445,0.6197024583816528
headdress,cut_remote_history,26,2,0.6197024583816528,-0.19961822032928467,2.4401745796203613
headdress,cut_remote_history,26,3,2.4401745796203613,1.7368464469909668,0.5058647990226746
headdress,cut_remote_history,26,4,0.5058647990226746,0.7565595507621765,0.49371933937072754
headdress,cut_remote_history,26,5,0.49371933937072754,0.8918913006782532,1.5835819244384766
headdress,cut_remote_history,26,6,1.5835819244384766,1.484102487564087,1.493283748626709
headdress,cut_remote_history,26,7,1.493283748626709,2.2986812591552734,3.5538864135742188
headdress,cut_remote_history,26,8,3.5538864135742188,3.7155449390411377,3.473505973815918
headdress,cut_remote_history,26,9,3.473505973815918,4.505931854248047,2.8797473907470703
headdress,cut_remote_history,26,10,2.8797473907470703,4.188477516174316,1.2594022750854492
headdress,cut_remote_history,26,11,1.2594022750854492,1.7199739217758179,1.8624762296676636
headdress,cut_remote_history,26,12,1.8624762296676636,1.6537070274353027,3.4895858764648438
headdress,cut_remote_history,26,13,3.4895858764648438,2.676994800567627,3.010122060775757
headdress,cut_remote_history,26,14,3.010122060775757,2.265481472015381,1.3787355422973633
headdress,cut_remote_history,26,15,1.3787355422973633,1.264230728149414,0.5500612258911133
headdress,cut_remote_history,26,16,0.5500612258911133,1.6986069679260254,2.0328264236450195
headdress,cut_remote_history,26,17,2.0328264236450195,1.8929115533828735,2.0350563526153564
headdress,cut_remote_history,26,18,2.0350563526153564,2.5126490592956543,3.326772689819336
headdress,cut_remote_history,26,19,3.326772689819336,2.7628872394561768,4.393359661102295
headdress,cut_remote_history,26,20,4.393359661102295,6.588414669036865,5.644329071044922
headdress,cut_remote_history,26,21,5.644329071044922,4.925103664398193,2.904460906982422
headdress,cut_remote_history,26,22,2.904460906982422,2.441399335861206,-1.5713772773742676
headdress,cut_remote_history,26,23,-1.5713772773742676,-2.3841440677642822,-1.9952646493911743
headdress,cut_remote_history,26,24,-1.9952646493911743,-2.1766953468322754,-2.85408616065979
headdress,cut_remote_history,26,25,-2.85408616065979,-3.364881992340088,-1.1288301944732666
headdress,cut_remote_history,26,26,-1.1288301944732666,-0.21916556358337402,0.6535277366638184
headdress,cut_remote_history,26,27,0.6535277366638184,0.7904990911483765,0.39219141006469727
headdress,cut_remote_history,26,28,0.39219141006469727,-0.28777289390563965,-0.04624485969543457
headdress,cut_remote_history,26,29,-0.04624485969543457,-0.24199533462524414,-1.0285427570343018
headdress,cut_remote_history,26,30,-1.0285427570343018,-0.2227458953857422,0.04526197910308838
headdress,cut_remote_history,26,31,0.04526197910308838,2.385967493057251,0.9976469874382019
headdress,cut_remote_history,27,0,0.35434502363204956,-0.15472188591957092,-4.349085807800293
headdress,cut_remote_history,27,1,-4.349085807800293,-3.5895283222198486,-3.276193857192993
headdress,cut_remote_history,27,2,-3.276193857192993,-4.064871788024902,-3.320511817932129
headdress,cut_remote_history,27,3,-3.320511817932129,-4.490581512451172,-3.258007764816284
headdress,cut_remote_history,27,4,-3.258007764816284,-1.9292577505111694,-3.9819459915161133
headdress,cut_remote_history,27,5,-3.9819459915161133,-3.1735572814941406,-5.929886817932129
headdress,cut_remote_history,27,6,-5.929886817932129,-5.854122161865234,-5.186834335327148
headdress,cut_remote_history,27,7,-5.186834335327148,-1.0740172863006592,-1.2223604917526245
headdress,cut_remote_history,27,8,-1.2223604917526245,-1.7861312627792358,-1.58005690574646
headdress,cut_remote_history,27,9,-1.58005690574646,-2.9462318420410156,-2.7690372467041016
headdress,cut_remote_history,27,10,-2.7690372467041016,-0.3110175132751465,-3.0966598987579346
headdress,cut_remote_history,27,11,-3.0966598987579346,-1.5677624940872192,-2.359645366668701
headdress,cut_remote_history,27,12,-2.359645366668701,-0.5893168449401855,-0.8023189306259155
headdress,cut_remote_history,27,13,-0.8023189306259155,-0.7598331570625305,-0.30692410469055176
headdress,cut_remote_history,27,14,-0.30692410469055176,-1.6404764652252197,0.15187621116638184
headdress,cut_remote_history,27,15,0.15187621116638184,-0.24924659729003906,-1.5174576044082642
headdress,cut_remote_history,27,16,-1.5174576044082642,-1.670224905014038,-2.2113938331604004
headdress,cut_remote_history,27,17,-2.2113938331604004,-1.6826261281967163,-1.291106104850769
headdress,cut_remote_history,27,18,-1.291106104850769,-1.6799259185791016,-2.2569987773895264
headdress,cut_remote_history,27,19,-2.2569987773895264,-1.9116289615631104,-0.9750864505767822
headdress,cut_remote_history,27,20,-0.9750864505767822,-0.6085216999053955,-1.9230881929397583
headdress,cut_remote_history,27,21,-1.9230881929397583,-2.3560638427734375,-3.8502302169799805
headdress,cut_remote_history,27,22,-3.8502302169799805,-1.3466686010360718,-6.404546737670898
headdress,cut_remote_history,27,23,-6.404546737670898,-6.956419467926025,-4.75541877746582
headdress,cut_remote_history,27,24,-4.75541877746582,-2.216468572616577,-0.24928677082061768
headdress,cut_remote_history,27,25,-0.24928677082061768,2.2781407833099365,3.239241600036621
headdress,cut_remote_history,27,26,3.239241600036621,3.243337392807007,3.0144612789154053
headdress,cut_remote_history,27,27,3.0144612789154053,2.9467437267303467,3.093560218811035
headdress,cut_remote_history,27,28,3.093560218811035,4.8467631340026855,2.745354413986206
headdress,cut_remote_history,27,29,2.745354413986206,1.3063263893127441,0.80267333984375
headdress,cut_remote_history,27,30,0.80267333984375,0.37671589851379395,1.7138125896453857
headdress,cut_remote_history,27,31,1.7138125896453857,3.5966336727142334,2.104048490524292
headdress,cut_remote_history,28,0,2.954542636871338,3.0996971130371094,1.2172844409942627
headdress,cut_remote_history,28,1,1.2172844409942627,1.4703341722488403,1.2055250406265259
headdress,cut_remote_history,28,2,1.2055250406265259,2.1959145069122314,1.8604520559310913
headdress,cut_remote_history,28,3,1.8604520559310913,2.3302626609802246,1.9687923192977905
headdress,cut_remote_history,28,4,1.9687923192977905,1.1188507080078125,-1.3929874897003174
headdress,cut_remote_history,28,5,-1.3929874897003174,-1.784987449645996,-1.6197547912597656
headdress,cut_remote_history,28,6,-1.6197547912597656,-2.3838064670562744,-3.085106611251831
headdress,cut_remote_history,28,7,-3.085106611251831,-1.9552404880523682,-1.7947940826416016
headdress,cut_remote_history,28,8,-1.7947940826416016,-3.710757255554199,-3.6822657585144043
headdress,cut_remote_history,28,9,-3.6822657585144043,-6.017698287963867,-5.943133354187012
headdress,cut_remote_history,28,10,-5.943133354187012,-7.590783596038818,-5.980447769165039
headdress,cut_remote_history,28,11,-5.980447769165039,-5.662215232849121,-5.513874530792236
headdress,cut_remote_history,28,12,-5.513874530792236,-5.794582366943359,-6.7687273025512695
headdress,cut_remote_history,28,13,-6.7687273025512695,-9.119890213012695,-6.97111701965332
headdress,cut_remote_history,28,14,-6.97111701965332,-6.346904754638672,-4.288329601287842
headdress,cut_remote_history,28,15,-4.288329601287842,-4.493664264678955,-4.313562393188477
headdress,cut_remote_history,28,16,-4.313562393188477,-3.5002689361572266,-1.852372169494629
headdress,cut_remote_history,28,17,-1.852372169494629,-1.852044939994812,-0.606836199760437
headdress,cut_remote_history,28,18,-0.606836199760437,-0.918875515460968,-2.0071964263916016
headdress,cut_remote_history,28,19,-2.0071964263916016,-2.5090086460113525,0.6925956010818481
headdress,cut_remote_history,28,20,0.6925956010818481,-0.7407363653182983,0.6750212907791138
headdress,cut_remote_history,28,21,0.6750212907791138,1.637873888015747,3.4591403007507324
headdress,cut_remote_history,28,22,3.4591403007507324,5.404709815979004,5.94374942779541
headdress,cut_remote_history,28,23,5.94374942779541,4.790160655975342,16.86199951171875
headdress,cut_remote_history,28,24,16.86199951171875,16.600181579589844,20.197568893432617
headdress,cut_remote_history,28,25,20.197568893432617,19.924625396728516,19.130802154541016
headdress,cut_remote_history,28,26,19.130802154541016,18.448394775390625,17.961706161499023
headdress,cut_remote_history,28,27,17.961706161499023,18.357311248779297,16.37041473388672
headdress,cut_remote_history,28,28,16.37041473388672,15.861873626708984,13.411941528320312
headdress,cut_remote_history,28,29,13.411941528320312,11.797179222106934,11.086666107177734
headdress,cut_remote_history,28,30,11.086666107177734,11.306831359863281,11.301612854003906
headdress,cut_remote_history,28,31,11.301612854003906,8.816699981689453,8.30289077758789
headdress,cut_remote_history,29,0,-4.557139873504639,-2.7728071212768555,-3.476025342941284
headdress,cut_remote_history,29,1,-3.476025342941284,0.7632520794868469,0.879788875579834
headdress,cut_remote_history,29,2,0.879788875579834,2.1500279903411865,2.744572162628174
headdress,cut_remote_history,29,3,2.744572162628174,3.4894237518310547,4.123018264770508
headdress,cut_remote_history,29,4,4.123018264770508,4.714824199676514,2.6273703575134277
headdress,cut_remote_history,29,5,2.6273703575134277,3.284074544906616,0.6253713965415955
headdress,cut_remote_history,29,6,0.6253713965415955,2.075873851776123,3.1158833503723145
headdress,cut_remote_history,29,7,3.1158833503723145,3.0148463249206543,2.574507474899292
headdress,cut_remote_history,29,8,2.574507474899292,3.152717351913452,1.2405972480773926
headdress,cut_remote_history,29,9,1.2405972480773926,2.6953721046447754,3.671048164367676
headdress,cut_remote_history,29,10,3.671048164367676,5.063716411590576,5.009726524353027
headdress,cut_remote_history,29,11,5.009726524353027,5.09421968460083,4.775685787200928
headdress,cut_remote_history,29,12,4.775685787200928,6.56124210357666,5.050919055938721
headdress,cut_remote_history,29,13,5.050919055938721,6.2437052726745605,5.476291656494141
headdress,cut_remote_history,29,14,5.476291656494141,5.86845588684082,4.807075500488281
headdress,cut_remote_history,29,15,4.807075500488281,6.377202033996582,7.0887298583984375
headdress,cut_remote_history,29,16,7.0887298583984375,8.489606857299805,7.420435905456543
headdress,cut_remote_history,29,17,7.420435905456543,6.889351844787598,5.118502140045166
headdress,cut_remote_history,29,18,5.118502140045166,5.12833309173584,7.3317766189575195
headdress,cut_remote_history,29,19,7.3317766189575195,7.58979606628418,5.8560638427734375
headdress,cut_remote_history,29,20,5.8560638427734375,9.782231330871582,8.030871391296387
headdress,cut_remote_history,29,21,8.030871391296387,7.793692588806152,8.697797775268555
headdress,cut_remote_history,29,22,8.697797775268555,8.721149444580078,2.178208589553833
headdress,cut_remote_history,29,23,2.178208589553833,3.7308692932128906,8.393521308898926
headdress,cut_remote_history,29,24,8.393521308898926,8.343047142028809,7.716796875
headdress,cut_remote_history,29,25,7.716796875,7.568568229675293,7.504462242126465
headdress,cut_remote_history,29,26,7.504462242126465,6.999323844909668,5.113396644592285
headdress,cut_remote_history,29,27,5.113396644592285,4.781991004943848,4.099658012390137
headdress,cut_remote_history,29,28,4.099658012390137,4.7148237228393555,4.510936737060547
headdress,cut_remote_history,29,29,4.510936737060547,4.110321044921875,4.975917816162109
headdress,cut_remote_history,29,30,4.975917816162109,4.290068626403809,4.381115913391113
headdress,cut_remote_history,29,31,4.381115913391113,3.7826218605041504,2.289907693862915
headdress,cut_remote_history,30,0,-0.2895880937576294,-0.6644079685211182,-1.5022581815719604
headdress,cut_remote_history,30,1,-1.5022581815719604,-0.4062469005584717,0.15971910953521729
headdress,cut_remote_history,30,2,0.15971910953521729,2.9770970344543457,0.9308229684829712
headdress,cut_remote_history,30,3,0.9308229684829712,2.2773666381835938,2.1267800331115723
headdress,cut_remote_history,30,4,2.1267800331115723,2.011655807495117,-0.4950230121612549
headdress,cut_remote_history,30,5,-0.4950230121612549,0.01496744155883789,-0.7179975509643555
headdress,cut_remote_history,30,6,-0.7179975509643555,-0.36144399642944336,-0.8821499347686768
headdress,cut_remote_history,30,7,-0.8821499347686768,0.8205828666687012,-1.4782207012176514
headdress,cut_remote_history,30,8,-1.4782207012176514,-0.6590145230293274,-0.22645533084869385
headdress,cut_remote_history,30,9,-0.22645533084869385,-2.0536718368530273,-2.1070823669433594
headdress,cut_remote_history,30,10,-2.1070823669433594,-1.460091233253479,-1.0014667510986328
headdress,cut_remote_history,30,11,-1.0014667510986328,-2.450197696685791,-0.6203317046165466
headdress,cut_remote_history,30,12,-0.6203317046165466,0.43588417768478394,1.788630723953247
headdress,cut_remote_history,30,13,1.788630723953247,3.431243419647217,3.291653633117676
headdress,cut_remote_history,30,14,3.291653633117676,2.6394243240356445,2.346773147583008
headdress,cut_remote_history,30,15,2.346773147583008,3.727945566177368,1.5667412281036377
headdress,cut_remote_history,30,16,1.5667412281036377,1.1484806537628174,0.9953705072402954
headdress,cut_remote_history,30,17,0.9953705072402954,1.349003791809082,1.618632197380066
headdress,cut_remote_history,30,18,1.618632197380066,1.1999515295028687,2.0499932765960693
headdress,cut_remote_history,30,19,2.0499932765960693,2.940608501434326,2.139584541320801
headdress,cut_remote_history,30,20,2.139584541320801,3.100480318069458,3.467669725418091
headdress,cut_remote_history,30,21,3.467669725418091,3.380589246749878,2.551856756210327
headdress,cut_remote_history,30,22,2.551856756210327,1.6658365726470947,1.9016823768615723
headdress,cut_remote_history,30,23,1.9016823768615723,10.804452896118164,10.129286766052246
headdress,cut_remote_history,30,24,10.129286766052246,9.664806365966797,8.737951278686523
headdress,cut_remote_history,30,25,8.737951278686523,-0.5597678422927856,-0.2844467759132385
headdress,cut_remote_history,30,26,-0.2844467759132385,-0.6965805292129517,0.6932165622711182
headdress,cut_remote_history,30,27,0.6932165622711182,-1.0268715620040894,-1.849163293838501
headdress,cut_remote_history,30,28,-1.849163293838501,-3.2439279556274414,1.4830093383789062
headdress,cut_remote_history,30,29,1.4830093383789062,1.1124365329742432,2.033358097076416
headdress,cut_remote_history,30,30,2.033358097076416,6.525524139404297,1.9645240306854248
headdress,cut_remote_history,30,31,1.9645240306854248,3.7576680183410645,1.9132546186447144
headdress,cut_remote_history,31,0,-3.1718902587890625,-2.3199570178985596,-2.5251505374908447
headdress,cut_remote_history,31,1,-2.5251505374908447,-3.366548538208008,-3.645625114440918
headdress,cut_remote_history,31,2,-3.645625114440918,-5.0409770011901855,-4.258578300476074
headdress,cut_remote_history,31,3,-4.258578300476074,-4.74611759185791,-3.115267276763916
headdress,cut_remote_history,31,4,-3.115267276763916,-4.296867370605469,-3.712069272994995
headdress,cut_remote_history,31,5,-3.712069272994995,-1.6118192672729492,-1.384751796722412
headdress,cut_remote_history,31,6,-1.384751796722412,-1.363765835762024,2.8948514461517334
headdress,cut_remote_history,31,7,2.8948514461517334,1.3594887256622314,0.3104555606842041
headdress,cut_remote_history,31,8,0.3104555606842041,-0.6171011924743652,-0.7669692039489746
headdress,cut_remote_history,31,9,-0.7669692039489746,0.7018171548843384,0.6106271743774414
headdress,cut_remote_history,31,10,0.6106271743774414,0.09623861312866211,1.3914326429367065
headdress,cut_remote_history,31,11,1.3914326429367065,1.0995101928710938,0.011370182037353516
headdress,cut_remote_history,31,12,0.011370182037353516,-0.05453801155090332,-0.039453744888305664
headdress,cut_remote_history,31,13,-0.039453744888305664,0.22620415687561035,-1.1415295600891113
headdress,cut_remote_history,31,14,-1.1415295600891113,-0.0344696044921875,2.0162949562072754
headdress,cut_remote_history,31,15,2.0162949562072754,2.9551262855529785,1.5554956197738647
headdress,cut_remote_history,31,16,1.5554956197738647,4.747579097747803,4.689368724822998
headdress,cut_remote_history,31,17,4.689368724822998,4.371767520904541,6.0649871826171875
headdress,cut_remote_history,31,18,6.0649871826171875,6.330937385559082,5.172082424163818
headdress,cut_remote_history,31,19,5.172082424163818,3.976112127304077,4.517293453216553
headdress,cut_remote_history,31,20,4.517293453216553,6.211963176727295,6.7603678703308105
headdress,cut_remote_history,31,21,6.7603678703308105,7.72416877746582,7.258134365081787
headdress,cut_remote_history,31,22,7.258134365081787,3.756974220275879,4.254487037658691
headdress,cut_remote_history,31,23,4.254487037658691,6.923393249511719,7.361307621002197
headdress,cut_remote_history,31,24,7.361307621002197,7.016129493713379,6.371184349060059
headdress,cut_remote_history,31,25,6.371184349060059,12.864433288574219,12.150644302368164
headdress,cut_remote_history,31,26,12.150644302368164,12.034923553466797,11.086223602294922
headdress,cut_remote_history,31,27,11.086223602294922,12.636898040771484,12.735058784484863
headdress,cut_remote_history,31,28,12.735058784484863,14.444353103637695,8.764842987060547
headdress,cut_remote_history,31,29,8.764842987060547,8.18891716003418,8.783474922180176
headdress,cut_remote_history,31,30,8.783474922180176,8.586833953857422,8.986528396606445
headdress,cut_remote_history,31,31,8.986528396606445,8.537697792053223,12.113460540771484
headdress,cut_remote_history,32,0,1.7169839143753052,1.087200403213501,0.5962957143783569
headdress,cut_remote_history,32,1,0.5962957143783569,0.3662096858024597,0.16796940565109253
headdress,cut_remote_history,32,2,0.16796940565109253,0.6995863914489746,0.7523674964904785
headdress,cut_remote_history,32,3,0.7523674964904785,0.2819306552410126,1.1366870403289795
headdress,cut_remote_history,32,4,1.1366870403289795,1.5962073802947998,0.6671775579452515
headdress,cut_remote_history,32,5,0.6671775579452515,1.157439947128296,2.0857033729553223
headdress,cut_remote_history,32,6,2.0857033729553223,1.8356339931488037,1.7312103509902954
headdress,cut_remote_history,32,7,1.7312103509902954,0.9990116357803345,1.8293198347091675
headdress,cut_remote_history,32,8,1.8293198347091675,2.5566389560699463,2.7085471153259277
headdress,cut_remote_history,32,9,2.7085471153259277,2.6515913009643555,1.8808722496032715
headdress,cut_remote_history,32,10,1.8808722496032715,0.4654977023601532,1.9639182090759277
headdress,cut_remote_history,32,11,1.9639182090759277,2.130758047103882,2.6816868782043457
headdress,cut_remote_history,32,12,2.6816868782043457,2.2557084560394287,2.1164755821228027
headdress,cut_remote_history,32,13,2.1164755821228027,1.5176873207092285,1.4664666652679443
headdress,cut_remote_history,32,14,1.4664666652679443,0.7125065922737122,0.6473443508148193
headdress,cut_remote_history,32,15,0.6473443508148193,0.7061328887939453,1.2947850227355957
headdress,cut_remote_history,32,16,1.2947850227355957,3.0734639167785645,2.587867259979248
headdress,cut_remote_history,32,17,2.587867259979248,3.5276763439178467,3.3592381477355957
headdress,cut_remote_history,32,18,3.3592381477355957,3.063711404800415,2.6168277263641357
headdress,cut_remote_history,32,19,2.6168277263641357,2.5941081047058105,3.0974650382995605
headdress,cut_remote_history,32,20,3.0974650382995605,3.213459014892578,3.2566096782684326
headdress,cut_remote_history,32,21,3.2566096782684326,3.4299824237823486,3.59489107131958
headdress,cut_remote_history,32,22,3.59489107131958,4.413054466247559,4.0817060470581055
headdress,cut_remote_history,32,23,4.0817060470581055,4.54389762878418,5.049216270446777
headdress,cut_remote_history,32,24,5.049216270446777,5.215157985687256,5.04404354095459
headdress,cut_remote_history,32,25,5.04404354095459,6.537453651428223,5.988584518432617
headdress,cut_remote_history,32,26,5.988584518432617,5.553038597106934,5.744397163391113
headdress,cut_remote_history,32,27,5.744397163391113,5.399949073791504,5.314291000366211
headdress,cut_remote_history,32,28,5.314291000366211,5.167545318603516,5.163811683654785
headdress,cut_remote_history,32,29,5.163811683654785,4.386956214904785,4.636879920959473
headdress,cut_remote_history,32,30,4.636879920959473,4.7945380210876465,5.618022441864014
headdress,cut_remote_history,32,31,5.618022441864014,6.505679130554199,14.4425048828125
headdress,cut_remote_history,33,0,0.6139160990715027,1.2589201927185059,0.4775421619415283
headdress,cut_remote_history,33,1,0.4775421619415283,1.1020827293395996,1.7574858665466309
headdress,cut_remote_history,33,2,1.7574858665466309,1.4291648864746094,1.686250925064087
headdress,cut_remote_history,33,3,1.686250925064087,0.9803221225738525,2.6097264289855957
headdress,cut_remote_history,33,4,2.6097264289855957,2.1828174591064453,2.439695358276367
headdress,cut_remote_history,33,5,2.439695358276367,1.9238872528076172,-0.8384429812431335
headdress,cut_remote_history,33,6,-0.8384429812431335,-0.5089520215988159,1.7495945692062378
headdress,cut_remote_history,33,7,1.7495945692062378,2.1210145950317383,1.1704384088516235
headdress,cut_remote_history,33,8,1.1704384088516235,0.9513509273529053,0.24500498175621033
headdress,cut_remote_history,33,9,0.24500498175621033,0.16444140672683716,-0.2814600169658661
headdress,cut_remote_history,33,10,-0.2814600169658661,0.5942748785018921,-1.0874581336975098
headdress,cut_remote_history,33,11,-1.0874581336975098,-0.9807333946228027,-1.3631271123886108
headdress,cut_remote_history,33,12,-1.3631271123886108,-0.533014714717865,-1.318570613861084
headdress,cut_remote_history,33,13,-1.318570613861084,-0.23684245347976685,-0.8917591571807861
headdress,cut_remote_history,33,14,-0.8917591571807861,-0.22861747443675995,0.5955644845962524
headdress,cut_remote_history,33,15,0.5955644845962524,0.0375937819480896,-1.7546305656433105
headdress,cut_remote_history,33,16,-1.7546305656433105,-1.5143905878067017,-3.9735336303710938
headdress,cut_remote_history,33,17,-3.9735336303710938,-3.335042953491211,-2.91232967376709
headdress,cut_remote_history,33,18,-2.91232967376709,-2.5014405250549316,-1.3919390439987183
headdress,cut_remote_history,33,19,-1.3919390439987183,-1.733642339706421,-1.8468360900878906
headdress,cut_remote_history,33,20,-1.8468360900878906,-1.6667885780334473,-2.29339599609375
headdress,cut_remote_history,33,21,-2.29339599609375,-2.1147043704986572,-0.7998038530349731
headdress,cut_remote_history,33,22,-0.7998038530349731,-2.154658317565918,-1.765535593032837
headdress,cut_remote_history,33,23,-1.765535593032837,-0.9021047949790955,0.294675350189209
headdress,cut_remote_history,33,24,0.294675350189209,0.21427106857299805,1.0752840042114258
headdress,cut_remote_history,33,25,1.0752840042114258,-0.11165511608123779,0.35920506715774536
headdress,cut_remote_history,33,26,0.35920506715774536,-0.07777363061904907,0.41756874322891235
headdress,cut_remote_history,33,27,0.41756874322891235,0.5665745139122009,0.7631632089614868
headdress,cut_remote_history,33,28,0.7631632089614868,0.7076801061630249,1.4869024753570557
headdress,cut_remote_history,33,29,1.4869024753570557,1.0493626594543457,0.817674994468689
headdress,cut_remote_history,33,30,0.817674994468689,0.6284912824630737,0.9992212653160095
headdress,cut_remote_history,33,31,0.9992212653160095,-1.040144681930542,-0.5837786197662354
headdress,cut_remote_history,34,0,-3.5932207107543945,-0.7708516120910645,-2.4262688159942627
headdress,cut_remote_history,34,1,-2.4262688159942627,-1.2423465251922607,-2.699807643890381
headdress,cut_remote_history,34,2,-2.699807643890381,-1.8156414031982422,-1.6806130409240723
headdress,cut_remote_history,34,3,-1.6806130409240723,-0.967974066734314,-0.657892107963562
headdress,cut_remote_history,34,4,-0.657892107963562,-0.0062358081340789795,0.9015604257583618
headdress,cut_remote_history,34,5,0.9015604257583618,1.0287928581237793,1.747972011566162
headdress,cut_remote_history,34,6,1.747972011566162,0.40583693981170654,0.36354517936706543
headdress,cut_remote_history,34,7,0.36354517936706543,-1.301872730255127,-1.7565146684646606
headdress,cut_remote_history,34,8,-1.7565146684646606,-2.342287063598633,-3.1785833835601807
headdress,cut_remote_history,34,9,-3.1785833835601807,-3.8832106590270996,-2.081845283508301
headdress,cut_remote_history,34,10,-2.081845283508301,-3.4895823001861572,-1.768118143081665
headdress,cut_remote_history,34,11,-1.768118143081665,-1.4776666164398193,-1.612299919128418
headdress,cut_remote_history,34,12,-1.612299919128418,-3.152797222137451,-2.927464246749878
headdress,cut_remote_history,34,13,-2.927464246749878,-1.2945771217346191,-3.508469343185425
headdress,cut_remote_history,34,14,-3.508469343185425,-3.342242479324341,-3.18768048286438
headdress,cut_remote_history,34,15,-3.18768048286438,-2.596346378326416,-1.926239252090454
headdress,cut_remote_history,34,16,-1.926239252090454,-2.581979274749756,-2.3186018466949463
headdress,cut_remote_history,34,17,-2.3186018466949463,-1.941216230392456,-1.3019373416900635
headdress,cut_remote_history,34,18,-1.3019373416900635,-2.546342611312866,-2.6150779724121094
headdress,cut_remote_history,34,19,-2.6150779724121094,-2.414661169052124,-4.007567405700684
headdress,cut_remote_history,34,20,-4.007567405700684,-3.805227279663086,-3.6086277961730957
headdress,cut_remote_history,34,21,-3.6086277961730957,-2.454624891281128,-2.507002830505371
headdress,cut_remote_history,34,22,-2.507002830505371,-1.7492666244506836,-1.0514580011367798
headdress,cut_remote_history,34,23,-1.0514580011367798,0.041052162647247314,-4.293302536010742
headdress,cut_remote_history,34,24,-4.293302536010742,-3.918637275695801,-3.454982280731201
headdress,cut_remote_history,34,25,-3.454982280731201,-2.650082588195801,-3.2916784286499023
headdress,cut_remote_history,34,26,-3.2916784286499023,-4.559319496154785,-5.8379693031311035
headdress,cut_remote_history,34,27,-5.8379693031311035,-5.575154781341553,-6.213970184326172
headdress,cut_remote_history,34,28,-6.213970184326172,-4.9203572273254395,-5.806138038635254
headdress,cut_remote_history,34,29,-5.806138038635254,-4.419732093811035,-3.074619770050049
headdress,cut_remote_history,34,30,-3.074619770050049,-3.166024684906006,-2.330287218093872
headdress,cut_remote_history,34,31,-2.330287218093872,-4.229767799377441,-2.380953073501587
headdress,cut_remote_history,35,0,-1.3885732889175415,-0.5561457872390747,-0.09399652481079102
headdress,cut_remote_history,35,1,-0.09399652481079102,0.5638327598571777,-0.8576966524124146
headdress,cut_remote_history,35,2,-0.8576966524124146,1.189605951309204,1.7584084272384644
headdress,cut_remote_history,35,3,1.7584084272384644,2.9440903663635254,1.8909258842468262
headdress,cut_remote_history,35,4,1.8909258842468262,2.099757671356201,4.451824188232422
headdress,cut_remote_history,35,5,4.451824188232422,4.8147993087768555,5.411339282989502
headdress,cut_remote_history,35,6,5.411339282989502,5.0072526931762695,4.735019683837891
headdress,cut_remote_history,35,7,4.735019683837891,2.5575523376464844,1.541516900062561
headdress,cut_remote_history,35,8,1.541516900062561,1.440244197845459,3.5007784366607666
headdress,cut_remote_history,35,9,3.5007784366607666,1.8191440105438232,2.2764811515808105
headdress,cut_remote_history,35,10,2.2764811515808105,0.5730195641517639,0.8230238556861877
headdress,cut_remote_history,35,11,0.8230238556861877,-1.2455863952636719,0.5292224884033203
headdress,cut_remote_history,35,12,0.5292224884033203,-0.1301361322402954,2.884415864944458
headdress,cut_remote_history,35,13,2.884415864944458,-0.32264959812164307,-0.013441920280456543
headdress,cut_remote_history,35,14,-0.013441920280456543,-0.22464025020599365,-2.428173303604126
headdress,cut_remote_history,35,15,-2.428173303604126,-0.1129751205444336,1.2129300832748413
headdress,cut_remote_history,35,16,1.2129300832748413,2.2155308723449707,1.7136262655258179
headdress,cut_remote_history,35,17,1.7136262655258179,0.5120090246200562,1.3094151020050049
headdress,cut_remote_history,35,18,1.3094151020050049,1.1533328294754028,1.3555803298950195
headdress,cut_remote_history,35,19,1.3555803298950195,2.1881487369537354,2.099642515182495
headdress,cut_remote_history,35,20,2.099642515182495,2.6082584857940674,4.1795196533203125
headdress,cut_remote_history,35,21,4.1795196533203125,1.5621211528778076,-0.11872339248657227
headdress,cut_remote_history,35,22,-0.11872339248657227,1.709039568901062,1.7279613018035889
headdress,cut_remote_history,35,23,1.7279613018035889,-1.6299710273742676,0.37506455183029175
headdress,cut_remote_history,35,24,0.37506455183029175,-0.36522355675697327,0.5015425086021423
headdress,cut_remote_history,35,25,0.5015425086021423,0.24847406148910522,0.20224231481552124
headdress,cut_remote_history,35,26,0.20224231481552124,0.4341612458229065,-0.37475764751434326
headdress,cut_remote_history,35,27,-0.37475764751434326,-0.1154017448425293,-0.7490077018737793
headdress,cut_remote_history,35,28,-0.7490077018737793,-9.263514518737793,-6.649962425231934
headdress,cut_remote_history,35,29,-6.649962425231934,-5.204463958740234,-4.489350318908691
headdress,cut_remote_history,35,30,-4.489350318908691,-3.392909049987793,-2.155808448791504
headdress,cut_remote_history,35,31,-2.155808448791504,-0.738701343536377,0.37033236026763916
headdress,cut_remote_history,36,0,-3.360307216644287,0.1555335521697998,-0.923052966594696
headdress,cut_remote_history,36,1,-0.923052966594696,1.4009970426559448,-1.396465539932251
headdress,cut_remote_history,36,2,-1.396465539932251,-0.1155320405960083,-1.8455451726913452
headdress,cut_remote_history,36,3,-1.8455451726913452,0.009765863418579102,-2.7070627212524414
headdress,cut_remote_history,36,4,-2.7070627212524414,-1.9395562410354614,-2.031785249710083
headdress,cut_remote_history,36,5,-2.031785249710083,-0.940686821937561,0.4605558514595032
headdress,cut_remote_history,36,6,0.4605558514595032,0.057822585105895996,-0.036539554595947266
headdress,cut_remote_history,36,7,-0.036539554595947266,-0.8208465576171875,-1.3096750974655151
headdress,cut_remote_history,36,8,-1.3096750974655151,-2.0449554920196533,-2.7982916831970215
headdress,cut_remote_history,36,9,-2.7982916831970215,-2.049717426300049,-0.4783165454864502
headdress,cut_remote_history,36,10,-0.4783165454864502,0.13388586044311523,0.4369027614593506
headdress,cut_remote_history,36,11,0.4369027614593506,-0.6796191930770874,-2.4723076820373535
headdress,cut_remote_history,36,12,-2.4723076820373535,-2.7177295684814453,-3.152939796447754
headdress,cut_remote_history,36,13,-3.152939796447754,-4.87343692779541,-4.426292419433594
headdress,cut_remote_history,36,14,-4.426292419433594,-2.092158317565918,-2.643990993499756
headdress,cut_remote_history,36,15,-2.643990993499756,-3.5351006984710693,-4.70517110824585
headdress,cut_remote_history,36,16,-4.70517110824585,-4.545149803161621,-2.0848774909973145
headdress,cut_remote_history,36,17,-2.0848774909973145,-2.788451910018921,-1.0498868227005005
headdress,cut_remote_history,36,18,-1.0498868227005005,-0.8340787887573242,-1.1164991855621338
headdress,cut_remote_history,36,19,-1.1164991855621338,-0.582665205001831,0.7939308881759644
headdress,cut_remote_history,36,20,0.7939308881759644,2.3856887817382812,0.6114420294761658
headdress,cut_remote_history,36,21,0.6114420294761658,0.6331990957260132,1.2985739707946777
headdress,cut_remote_history,36,22,1.2985739707946777,0.7653602361679077,1.3214199542999268
headdress,cut_remote_history,36,23,1.3214199542999268,-0.7561312913894653,-1.5704426765441895
headdress,cut_remote_history,36,24,-1.5704426765441895,0.15598219633102417,-2.087099552154541
headdress,cut_remote_history,36,25,-2.087099552154541,-3.3258001804351807,-4.120513916015625
headdress,cut_remote_history,36,26,-4.120513916015625,-1.7248667478561401,-2.2301342487335205
headdress,cut_remote_history,36,27,-2.2301342487335205,-0.8819668292999268,0.05439913272857666
headdress,cut_remote_history,36,28,0.05439913272857666,-1.7437646389007568,-1.0343703031539917
headdress,cut_remote_history,36,29,-1.0343703031539917,-0.5281646251678467,4.781529426574707
headdress,cut_remote_history,36,30,4.781529426574707,4.895152568817139,6.132317066192627
headdress,cut_remote_history,36,31,6.132317066192627,6.332859992980957,1.6550381183624268
headdress,cut_remote_history,37,0,0.3631969690322876,-3.064371109008789,-1.8916019201278687
headdress,cut_remote_history,37,1,-1.8916019201278687,-2.4526000022888184,-2.0929012298583984
headdress,cut_remote_history,37,2,-2.0929012298583984,-2.311004638671875,-0.07978343963623047
headdress,cut_remote_history,37,3,-0.07978343963623047,-0.3384917974472046,-0.6240184307098389
headdress,cut_remote_history,37,4,-0.6240184307098389,-0.4082329273223877,0.27586424350738525
headdress,cut_remote_history,37,5,0.27586424350738525,-2.3850879669189453,-2.349705457687378
headdress,cut_remote_history,37,6,-2.349705457687378,-2.029550552368164,-2.116677761077881
headdress,cut_remote_history,37,7,-2.116677761077881,-3.124314785003662,-3.5998175144195557
headdress,cut_remote_history,37,8,-3.5998175144195557,-4.3861284255981445,-2.8290653228759766
headdress,cut_remote_history,37,9,-2.8290653228759766,-4.314922332763672,-3.826184034347534
headdress,cut_remote_history,37,10,-3.826184034347534,-3.9507851600646973,-5.155617713928223
headdress,cut_remote_history,37,11,-5.155617713928223,-4.84730339050293,-5.6784820556640625
headdress,cut_remote_history,37,12,-5.6784820556640625,-4.258111953735352,-3.626373291015625
headdress,cut_remote_history,37,13,-3.626373291015625,-1.8380167484283447,-1.5266319513320923
headdress,cut_remote_history,37,14,-1.5266319513320923,-2.2491393089294434,-0.9936534762382507
headdress,cut_remote_history,37,15,-0.9936534762382507,-0.058124423027038574,-1.2044603824615479
headdress,cut_remote_history,37,16,-1.2044603824615479,0.517358660697937,0.36932486295700073
headdress,cut_remote_history,37,17,0.36932486295700073,-0.022192269563674927,-0.7814877033233643
headdress,cut_remote_history,37,18,-0.7814877033233643,-0.5722334384918213,-2.477487564086914
headdress,cut_remote_history,37,19,-2.477487564086914,-2.3316240310668945,-2.0739293098449707
headdress,cut_remote_history,37,20,-2.0739293098449707,-1.6738959550857544,-1.848240613937378
headdress,cut_remote_history,37,21,-1.848240613937378,-1.5693395137786865,-2.4039416313171387
headdress,cut_remote_history,37,22,-2.4039416313171387,-1.728498935699463,-1.7370966672897339
headdress,cut_remote_history,37,23,-1.7370966672897339,-1.7819198369979858,-2.015989303588867
headdress,cut_remote_history,37,24,-2.015989303588867,-1.9654431343078613,-1.783594012260437
headdress,cut_remote_history,37,25,-1.783594012260437,-1.8433592319488525,-1.0950027704238892
headdress,cut_remote_history,37,26,-1.0950027704238892,-0.9854393005371094,-0.3653719425201416
headdress,cut_remote_history,37,27,-0.3653719425201416,0.47901201248168945,0.4079782962799072
headdress,cut_remote_history,37,28,0.4079782962799072,0.8614236116409302,1.090888261795044
headdress,cut_remote_history,37,29,1.090888261795044,1.4961612224578857,3.174015760421753
headdress,cut_remote_history,37,30,3.174015760421753,3.5860025882720947,6.415980339050293
headdress,cut_remote_history,37,31,6.415980339050293,8.00653076171875,10.501667976379395
headdress,cut_remote_history,38,0,-1.4282947778701782,-0.7752574682235718,0.689755916595459
headdress,cut_remote_history,38,1,0.689755916595459,0.28433990478515625,4.605937957763672
headdress,cut_remote_history,38,2,4.605937957763672,4.03464412689209,2.969839096069336
headdress,cut_remote_history,38,3,2.969839096069336,1.6534279584884644,0.8888834714889526
headdress,cut_remote_history,38,4,0.8888834714889526,0.3344850540161133,1.305626392364502
headdress,cut_remote_history,38,5,1.305626392364502,0.9174750447273254,0.8612582087516785
headdress,cut_remote_history,38,6,0.8612582087516785,0.8656803369522095,3.290262222290039
headdress,cut_remote_history,38,7,3.290262222290039,3.186126947402954,2.6754114627838135
headdress,cut_remote_history,38,8,2.6754114627838135,2.5232391357421875,2.640294313430786
headdress,cut_remote_history,38,9,2.640294313430786,1.4602744579315186,2.4964547157287598
headdress,cut_remote_history,38,10,2.4964547157287598,1.0039092302322388,1.086510181427002
headdress,cut_remote_history,38,11,1.086510181427002,-1.146281123161316,1.1517174243927002
headdress,cut_remote_history,38,12,1.1517174243927002,0.8806597590446472,0.40436333417892456
headdress,cut_remote_history,38,13,0.40436333417892456,0.7746513485908508,1.1669085025787354
headdress,cut_remote_history,38,14,1.1669085025787354,1.4043660163879395,1.7636693716049194
headdress,cut_remote_history,38,15,1.7636693716049194,5.306598663330078,6.73365592956543
headdress,cut_remote_history,38,16,6.73365592956543,8.97976016998291,8.848200798034668
headdress,cut_remote_history,38,17,8.848200798034668,8.46091079711914,10.120970726013184
headdress,cut_remote_history,38,18,10.120970726013184,9.065122604370117,10.38038444519043
headdress,cut_remote_history,38,19,10.38038444519043,10.601409912109375,10.951164245605469
headdress,cut_remote_history,38,20,10.951164245605469,14.649724960327148,16.484554290771484
headdress,cut_remote_history,38,21,16.484554290771484,15.935990333557129,15.537261962890625
headdress,cut_remote_history,38,22,15.537261962890625,15.195403099060059,14.586904525756836
headdress,cut_remote_history,38,23,14.586904525756836,15.556432723999023,14.311275482177734
headdress,cut_remote_history,38,24,14.311275482177734,13.841241836547852,16.05967140197754
headdress,cut_remote_history,38,25,16.05967140197754,15.016092300415039,17.47988510131836
headdress,cut_remote_history,38,26,17.47988510131836,16.968997955322266,17.452707290649414
headdress,cut_remote_history,38,27,17.452707290649414,17.034503936767578,14.762513160705566
headdress,cut_remote_history,38,28,14.762513160705566,14.375057220458984,14.90659236907959
headdress,cut_remote_history,38,29,14.90659236907959,13.237344741821289,14.447399139404297
headdress,cut_remote_history,38,30,14.447399139404297,11.513725280761719,10.313962936401367
headdress,cut_remote_history,38,31,10.313962936401367,7.297029495239258,3.869994640350342
headdress,cut_remote_history,39,0,-0.5789556503295898,-0.11309301853179932,0.5195538401603699
headdress,cut_remote_history,39,1,0.5195538401603699,1.411210298538208,0.8680797815322876
headdress,cut_remote_history,39,2,0.8680797815322876,2.198356866836548,-0.13584792613983154
headdress,cut_remote_history,39,3,-0.13584792613983154,1.095474362373352,-0.5947418212890625
headdress,cut_remote_history,39,4,-0.5947418212890625,0.06083691120147705,-0.05548727512359619
headdress,cut_remote_history,39,5,-0.05548727512359619,-0.26349490880966187,0.44553565979003906
headdress,cut_remote_history,39,6,0.44553565979003906,0.06580722332000732,2.0117812156677246
headdress,cut_remote_history,39,7,2.0117812156677246,0.6088094711303711,0.6473293304443359
headdress,cut_remote_history,39,8,0.6473293304443359,1.1806228160858154,3.88008975982666
headdress,cut_remote_history,39,9,3.88008975982666,3.8667490482330322,3.194258213043213
headdress,cut_remote_history,39,10,3.194258213043213,2.391176700592041,1.4089306592941284
headdress,cut_remote_history,39,11,1.4089306592941284,-1.1868410110473633,1.1558820009231567
headdress,cut_remote_history,39,12,1.1558820009231567,3.2631967067718506,4.534958362579346
headdress,cut_remote_history,39,13,4.534958362579346,3.9050588607788086,4.365239143371582
headdress,cut_remote_history,39,14,4.365239143371582,1.597116470336914,4.779236316680908
headdress,cut_remote_history,39,15,4.779236316680908,3.537677764892578,4.10411262512207
headdress,cut_remote_history,39,16,4.10411262512207,3.558980703353882,3.226583957672119
headdress,cut_remote_history,39,17,3.226583957672119,3.356123447418213,3.4377596378326416
headdress,cut_remote_history,39,18,3.4377596378326416,3.850614309310913,3.6296558380126953
headdress,cut_remote_history,39,19,3.6296558380126953,4.107233047485352,3.818227529525757
headdress,cut_remote_history,39,20,3.818227529525757,4.83311653137207,6.338678359985352
headdress,cut_remote_history,39,21,6.338678359985352,3.665006160736084,4.064163684844971
headdress,cut_remote_history,39,22,4.064163684844971,4.773273468017578,5.659091949462891
headdress,cut_remote_history,39,23,5.659091949462891,5.02742862701416,5.884492874145508
headdress,cut_remote_history,39,24,5.884492874145508,-5.052944183349609,-3.3159472942352295
headdress,cut_remote_history,39,25,-3.3159472942352295,-6.9493865966796875,-4.829070091247559
headdress,cut_remote_history,39,26,-4.829070091247559,-4.476812362670898,-3.1135048866271973
headdress,cut_remote_history,39,27,-3.1135048866271973,-4.164841651916504,-2.878711223602295
headdress,cut_remote_history,39,28,-2.878711223602295,-2.5586512088775635,-1.6992613077163696
headdress,cut_remote_history,39,29,-1.6992613077163696,-1.7653696537017822,-1.4970495700836182
headdress,cut_remote_history,39,30,-1.4970495700836182,-2.740353584289551,-0.2585794925689697
headdress,cut_remote_history,39,31,-0.2585794925689697,3.1065750122070312,1.7469265460968018
headdress,cut_remote_history,40,0,2.7670819759368896,0.7507135272026062,-0.5552032589912415
headdress,cut_remote_history,40,1,-0.5552032589912415,-1.6203986406326294,-0.5021606087684631
headdress,cut_remote_history,40,2,-0.5021606087684631,-0.3797686696052551,0.9499742388725281
headdress,cut_remote_history,40,3,0.9499742388725281,0.7175467014312744,1.3821094036102295
headdress,cut_remote_history,40,4,1.3821094036102295,0.7351773381233215,3.470418930053711
headdress,cut_remote_history,40,5,3.470418930053711,2.1978163719177246,2.01230525970459
headdress,cut_remote_history,40,6,2.01230525970459,1.8921290636062622,0.8450757265090942
headdress,cut_remote_history,40,7,0.8450757265090942,0.03958547115325928,-1.0739836692810059
headdress,cut_remote_history,40,8,-1.0739836692810059,-2.0946855545043945,0.5589256286621094
headdress,cut_remote_history,40,9,0.5589256286621094,0.28472256660461426,0.8450615406036377
headdress,cut_remote_history,40,10,0.8450615406036377,0.8330891132354736,-0.5349493026733398
headdress,cut_remote_history,40,11,-0.5349493026733398,0.8246915340423584,-0.7048969864845276
headdress,cut_remote_history,40,12,-0.7048969864845276,1.4675097465515137,-0.4486151337623596
headdress,cut_remote_history,40,13,-0.4486151337623596,3.102882146835327,1.2467819452285767
headdress,cut_remote_history,40,14,1.2467819452285767,2.8551175594329834,1.9409428834915161
headdress,cut_remote_history,40,15,1.9409428834915161,4.151961803436279,2.039931535720825
headdress,cut_remote_history,40,16,2.039931535720825,3.113327980041504,0.9861618280410767
headdress,cut_remote_history,40,17,0.9861618280410767,2.4355900287628174,1.5673658847808838
headdress,cut_remote_history,40,18,1.5673658847808838,2.454749345779419,1.5012843608856201
headdress,cut_remote_history,40,19,1.5012843608856201,1.2316889762878418,1.72786545753479
headdress,cut_remote_history,40,20,1.72786545753479,4.100866317749023,4.258448600769043
headdress,cut_remote_history,40,21,4.258448600769043,6.758887767791748,6.719393730163574
headdress,cut_remote_history,40,22,6.719393730163574,13.618776321411133,11.624290466308594
headdress,cut_remote_history,40,23,11.624290466308594,10.261783599853516,10.531888008117676
headdress,cut_remote_history,40,24,10.531888008117676,2.829164743423462,4.373659133911133
headdress,cut_remote_history,40,25,4.373659133911133,12.294148445129395,11.708587646484375
headdress,cut_remote_history,40,26,11.708587646484375,4.666452407836914,1.006044626235962
headdress,cut_remote_history,40,27,1.006044626235962,-2.250744342803955,-2.5485177040100098
headdress,cut_remote_history,40,28,-2.5485177040100098,-2.781219720840454,-2.1303670406341553
headdress,cut_remote_history,40,29,-2.1303670406341553,-2.099224090576172,-1.861467957496643
headdress,cut_remote_history,40,30,-1.861467957496643,0.5939265489578247,0.40930140018463135
headdress,cut_remote_history,40,31,0.40930140018463135,3.2971255779266357,1.0263044834136963
headdress,cut_remote_history,41,0,0.07131147384643555,1.2247661352157593,2.0464658737182617
headdress,cut_remote_history,41,1,2.0464658737182617,2.5212326049804688,0.8082864284515381
headdress,cut_remote_history,41,2,0.8082864284515381,0.5121815204620361,0.6498281955718994
headdress,cut_remote_history,41,3,0.6498281955718994,0.2134850025177002,2.132126569747925
headdress,cut_remote_history,41,4,2.132126569747925,2.317946672439575,2.3825933933258057
headdress,cut_remote_history,41,5,2.3825933933258057,1.7790558338165283,2.2996461391448975
headdress,cut_remote_history,41,6,2.2996461391448975,0.15675735473632812,-0.36179932951927185
headdress,cut_remote_history,41,7,-0.36179932951927185,-2.4131131172180176,-0.8705971240997314
headdress,cut_remote_history,41,8,-0.8705971240997314,0.6541833877563477,1.3333011865615845
headdress,cut_remote_history,41,9,1.3333011865615845,1.876225471496582,1.9746148586273193
headdress,cut_remote_history,41,10,1.9746148586273193,2.7162301540374756,1.1212931871414185
headdress,cut_remote_history,41,11,1.1212931871414185,-1.1360467672348022,1.8168861865997314
headdress,cut_remote_history,41,12,1.8168861865997314,-0.9068245887756348,-2.8211960792541504
headdress,cut_remote_history,41,13,-2.8211960792541504,-1.651893138885498,-0.4389845132827759
headdress,cut_remote_history,41,14,-0.4389845132827759,-2.9521257877349854,-3.661074161529541
headdress,cut_remote_history,41,15,-3.661074161529541,-3.739201307296753,-2.643242359161377
headdress,cut_remote_history,41,16,-2.643242359161377,-0.6759588718414307,-0.7809615135192871
headdress,cut_remote_history,41,17,-0.7809615135192871,-1.4660048484802246,-0.8322240114212036
headdress,cut_remote_history,41,18,-0.8322240114212036,-0.5301681756973267,1.0694400072097778
headdress,cut_remote_history,41,19,1.0694400072097778,1.2008873224258423,1.238228440284729
headdress,cut_remote_history,41,20,1.238228440284729,1.4042623043060303,1.4518017768859863
headdress,cut_remote_history,41,21,1.4518017768859863,0.3532063961029053,0.4955143332481384
headdress,cut_remote_history,41,22,0.4955143332481384,2.0065982341766357,4.126345157623291
headdress,cut_remote_history,41,23,4.126345157623291,4.65901517868042,4.110776424407959
headdress,cut_remote_history,41,24,4.110776424407959,2.5253167152404785,0.611742377281189
headdress,cut_remote_history,41,25,0.611742377281189,-1.8986449241638184,-0.18965375423431396
headdress,cut_remote_history,41,26,-0.18965375423431396,6.041417121887207,6.032165050506592
headdress,cut_remote_history,41,27,6.032165050506592,9.572028160095215,10.43627643585205
headdress,cut_remote_history,41,28,10.43627643585205,9.940770149230957,9.455581665039062
headdress,cut_remote_history,41,29,9.455581665039062,8.040538787841797,8.758838653564453
headdress,cut_remote_history,41,30,8.758838653564453,7.149470329284668,8.075769424438477
headdress,cut_remote_history,41,31,8.075769424438477,6.670770168304443,9.079172134399414
headdress,cut_remote_history,42,0,-0.5907708406448364,-1.3318746089935303,0.6262051463127136
headdress,cut_remote_history,42,1,0.6262051463127136,-0.900609016418457,-1.0790386199951172
headdress,cut_remote_history,42,2,-1.0790386199951172,0.1195152997970581,1.2341346740722656
headdress,cut_remote_history,42,3,1.2341346740722656,0.2749459743499756,-1.6219643354415894
headdress,cut_remote_history,42,4,-1.6219643354415894,-1.4138740301132202,-1.5424929857254028
headdress,cut_remote_history,42,5,-1.5424929857254028,-1.5137922763824463,-0.9401365518569946
headdress,cut_remote_history,42,6,-0.9401365518569946,-1.069153070449829,-2.7986650466918945
headdress,cut_remote_history,42,7,-2.7986650466918945,-3.589769124984741,-1.8993744850158691
headdress,cut_remote_history,42,8,-1.8993744850158691,-0.954087495803833,0.5260710716247559
headdress,cut_remote_history,42,9,0.5260710716247559,-0.7544608116149902,-1.5021859407424927
headdress,cut_remote_history,42,10,-1.5021859407424927,-1.19840407371521,0.0598827600479126
headdress,cut_remote_history,42,11,0.0598827600479126,0.638494610786438,0.6576967239379883
headdress,cut_remote_history,42,12,0.6576967239379883,-1.1210051774978638,-1.2556650638580322
headdress,cut_remote_history,42,13,-1.2556650638580322,-2.3434622287750244,-0.8369696140289307
headdress,cut_remote_history,42,14,-0.8369696140289307,0.6114821434020996,2.992438316345215
headdress,cut_remote_history,42,15,2.992438316345215,7.103499412536621,5.36232328414917
headdress,cut_remote_history,42,16,5.36232328414917,8.750877380371094,8.588603973388672
headdress,cut_remote_history,42,17,8.588603973388672,7.674186706542969,9.440774917602539
headdress,cut_remote_history,42,18,9.440774917602539,9.451057434082031,7.857784271240234
headdress,cut_remote_history,42,19,7.857784271240234,7.774494647979736,8.585391998291016
headdress,cut_remote_history,42,20,8.585391998291016,11.213809967041016,9.738624572753906
headdress,cut_remote_history,42,21,9.738624572753906,9.517724990844727,7.624921798706055
headdress,cut_remote_history,42,22,7.624921798706055,7.316497802734375,3.6689231395721436
headdress,cut_remote_history,42,23,3.6689231395721436,4.072580814361572,5.503285884857178
headdress,cut_remote_history,42,24,5.503285884857178,5.397815227508545,4.7924675941467285
headdress,cut_remote_history,42,25,4.7924675941467285,4.719748497009277,5.357779502868652
headdress,cut_remote_history,42,26,5.357779502868652,5.417767524719238,5.793017387390137
headdress,cut_remote_history,42,27,5.793017387390137,5.649779319763184,7.8817291259765625
headdress,cut_remote_history,42,28,7.8817291259765625,6.727226257324219,7.833430290222168
headdress,cut_remote_history,42,29,7.833430290222168,7.5278425216674805,6.266568183898926
headdress,cut_remote_history,42,30,6.266568183898926,6.158404350280762,6.882290840148926
headdress,cut_remote_history,42,31,6.882290840148926,6.6963911056518555,5.859357833862305
headdress,cut_remote_history,43,0,-3.7328124046325684,0.06895464658737183,0.38453996181488037
headdress,cut_remote_history,43,1,0.38453996181488037,-3.0790200233459473,-2.129500389099121
headdress,cut_remote_history,43,2,-2.129500389099121,-1.977624535560608,-1.4728503227233887
headdress,cut_remote_history,43,3,-1.4728503227233887,-3.86313796043396,-1.1911214590072632
headdress,cut_remote_history,43,4,-1.1911214590072632,-2.868553876876831,-3.5855774879455566
headdress,cut_remote_history,43,5,-3.5855774879455566,-2.800321102142334,-3.44627046585083
headdress,cut_remote_history,43,6,-3.44627046585083,-2.713362693786621,-2.2905189990997314
headdress,cut_remote_history,43,7,-2.2905189990997314,-1.6230500936508179,-2.559725761413574
headdress,cut_remote_history,43,8,-2.559725761413574,-4.707535743713379,-3.928887367248535
headdress,cut_remote_history,43,9,-3.928887367248535,-2.6653237342834473,0.2442842721939087
headdress,cut_remote_history,43,10,0.2442842721939087,-1.4414138793945312,-0.02670806646347046
headdress,cut_remote_history,43,11,-0.02670806646347046,-1.7550053596496582,-1.4141204357147217
headdress,cut_remote_history,43,12,-1.4141204357147217,-1.5258407592773438,-3.0669307708740234
headdress,cut_remote_history,43,13,-3.0669307708740234,-2.2319865226745605,-3.255889654159546
headdress,cut_remote_history,43,14,-3.255889654159546,-3.386557102203369,-2.1420888900756836
headdress,cut_remote_history,43,15,-2.1420888900756836,-1.8884539604187012,-0.4108998775482178
headdress,cut_remote_history,43,16,-0.4108998775482178,4.392681121826172,8.004949569702148
headdress,cut_remote_history,43,17,8.004949569702148,7.933115005493164,6.844293594360352
headdress,cut_remote_history,43,18,6.844293594360352,7.135768413543701,7.577596664428711
headdress,cut_remote_history,43,19,7.577596664428711,6.213640213012695,6.326311111450195
headdress,cut_remote_history,43,20,6.326311111450195,7.845917224884033,9.623737335205078
headdress,cut_remote_history,43,21,9.623737335205078,9.703874588012695,9.682269096374512
headdress,cut_remote_history,43,22,9.682269096374512,7.9747819900512695,7.256712436676025
headdress,cut_remote_history,43,23,7.256712436676025,7.465161323547363,9.691923141479492
headdress,cut_remote_history,43,24,9.691923141479492,18.116958618164062,16.73540496826172
headdress,cut_remote_history,43,25,16.73540496826172,18.759410858154297,15.614013671875
headdress,cut_remote_history,43,26,15.614013671875,13.088403701782227,11.978109359741211
headdress,cut_remote_history,43,27,11.978109359741211,14.373733520507812,15.68172836303711
headdress,cut_remote_history,43,28,15.68172836303711,13.974946975708008,14.478580474853516
headdress,cut_remote_history,43,29,14.478580474853516,14.565183639526367,14.45884895324707
headdress,cut_remote_history,43,30,14.45884895324707,14.670150756835938,13.044413566589355
headdress,cut_remote_history,43,31,13.044413566589355,12.557903289794922,13.151227951049805
headdress,cut_remote_history,44,0,3.495107650756836,3.240161657333374,0.8343124389648438
headdress,cut_remote_history,44,1,0.8343124389648438,0.6931473016738892,1.735938310623169
headdress,cut_remote_history,44,2,1.735938310623169,1.1577346324920654,1.9635565280914307
headdress,cut_remote_history,44,3,1.9635565280914307,0.11539995670318604,1.300770878791809
headdress,cut_remote_history,44,4,1.300770878791809,0.9598201513290405,-0.34405800700187683
headdress,cut_remote_history,44,5,-0.34405800700187683,-0.7083911895751953,0.6267146468162537
headdress,cut_remote_history,44,6,0.6267146468162537,0.06075626611709595,0.27587050199508667
headdress,cut_remote_history,44,7,0.27587050199508667,1.364867925643921,0.7497344613075256
headdress,cut_remote_history,44,8,0.7497344613075256,-0.169411301612854,1.1626720428466797
headdress,cut_remote_history,44,9,1.1626720428466797,-0.253711998462677,0.31803640723228455
headdress,cut_remote_history,44,10,0.31803640723228455,1.7857898473739624,0.08210515975952148
headdress,cut_remote_history,44,11,0.08210515975952148,0.5486549139022827,0.9046666622161865
headdress,cut_remote_history,44,12,0.9046666622161865,1.1771873235702515,2.8113343715667725
headdress,cut_remote_history,44,13,2.8113343715667725,2.5806188583374023,1.990455150604248
headdress,cut_remote_history,44,14,1.990455150604248,2.701995849609375,4.073942184448242
headdress,cut_remote_history,44,15,4.073942184448242,6.9750165939331055,5.494047164916992
headdress,cut_remote_history,44,16,5.494047164916992,9.408031463623047,9.954551696777344
headdress,cut_remote_history,44,17,9.954551696777344,9.577675819396973,16.22943878173828
headdress,cut_remote_history,44,18,16.22943878173828,15.706846237182617,14.525490760803223
headdress,cut_remote_history,44,19,14.525490760803223,14.791814804077148,13.960987091064453
headdress,cut_remote_history,44,20,13.960987091064453,15.635763168334961,15.60998821258545
headdress,cut_remote_history,44,21,15.60998821258545,14.867729187011719,14.762104034423828
headdress,cut_remote_history,44,22,14.762104034423828,14.555341720581055,15.737950325012207
headdress,cut_remote_history,44,23,15.737950325012207,15.92603588104248,16.862106323242188
headdress,cut_remote_history,44,24,16.862106323242188,15.910538673400879,16.388351440429688
headdress,cut_remote_history,44,25,16.388351440429688,15.237723350524902,14.234947204589844
headdress,cut_remote_history,44,26,14.234947204589844,13.803827285766602,13.969137191772461
headdress,cut_remote_history,44,27,13.969137191772461,13.48091983795166,15.696218490600586
headdress,cut_remote_history,44,28,15.696218490600586,14.488363265991211,16.746490478515625
headdress,cut_remote_history,44,29,16.746490478515625,14.936969757080078,18.18802261352539
headdress,cut_remote_history,44,30,18.18802261352539,15.22132682800293,17.230905532836914
headdress,cut_remote_history,44,31,17.230905532836914,12.704745292663574,9.196245193481445
headdress,cut_remote_history,45,0,1.2219479084014893,0.017797768115997314,-0.323644757270813
headdress,cut_remote_history,45,1,-0.323644757270813,0.6029335260391235,0.5349458456039429
headdress,cut_remote_history,45,2,0.5349458456039429,0.6542811393737793,2.901904821395874
headdress,cut_remote_history,45,3,2.901904821395874,5.0727858543396,5.309506893157959
headdress,cut_remote_history,45,4,5.309506893157959,7.077711582183838,6.365592002868652
headdress,cut_remote_history,45,5,6.365592002868652,6.082924842834473,3.547011375427246
headdress,cut_remote_history,45,6,3.547011375427246,3.1614532470703125,1.518834114074707
headdress,cut_remote_history,45,7,1.518834114074707,3.1738157272338867,3.3407044410705566
headdress,cut_remote_history,45,8,3.3407044410705566,4.451176643371582,1.882309079170227
headdress,cut_remote_history,45,9,1.882309079170227,3.437086582183838,2.559925079345703
headdress,cut_remote_history,45,10,2.559925079345703,2.7130544185638428,0.14156019687652588
headdress,cut_remote_history,45,11,0.14156019687652588,1.0353796482086182,1.6712732315063477
headdress,cut_remote_history,45,12,1.6712732315063477,2.5308799743652344,5.837103843688965
headdress,cut_remote_history,45,13,5.837103843688965,4.329449653625488,6.345188617706299
headdress,cut_remote_history,45,14,6.345188617706299,7.106637954711914,2.214221715927124
headdress,cut_remote_history,45,15,2.214221715927124,2.07889461517334,1.1153602600097656
headdress,cut_remote_history,45,16,1.1153602600097656,3.687814474105835,4.209163665771484
headdress,cut_remote_history,45,17,4.209163665771484,3.1556649208068848,4.569282054901123
headdress,cut_remote_history,45,18,4.569282054901123,4.95966100692749,3.5627646446228027
headdress,cut_remote_history,45,19,3.5627646446228027,6.072330951690674,5.609044075012207
headdress,cut_remote_history,45,20,5.609044075012207,5.607073783874512,6.23512077331543
headdress,cut_remote_history,45,21,6.23512077331543,7.87601375579834,8.126276016235352
headdress,cut_remote_history,45,22,8.126276016235352,8.223058700561523,9.331377983093262
headdress,cut_remote_history,45,23,9.331377983093262,9.780787467956543,10.601973533630371
headdress,cut_remote_history,45,24,10.601973533630371,12.795616149902344,12.571023941040039
headdress,cut_remote_history,45,25,12.571023941040039,12.188627243041992,12.226513862609863
headdress,cut_remote_history,45,26,12.226513862609863,17.37256622314453,13.89375114440918
headdress,cut_remote_history,45,27,13.89375114440918,14.754047393798828,14.919783592224121
headdress,cut_remote_history,45,28,14.919783592224121,12.835479736328125,11.358566284179688
headdress,cut_remote_history,45,29,11.358566284179688,9.68923282623291,8.536569595336914
headdress,cut_remote_history,45,30,8.536569595336914,6.835424423217773,5.785588264465332
headdress,cut_remote_history,45,31,5.785588264465332,4.2470550537109375,10.344341278076172
headdress,cut_recent_history,17,0,-2.690234661102295,-4.7547173500061035,-3.4612269401550293
headdress,cut_recent_history,17,1,-3.4612269401550293,-4.054721832275391,-3.4976754188537598
headdress,cut_recent_history,17,2,-3.4976754188537598,-2.9198150634765625,-3.4567718505859375
headdress,cut_recent_history,17,3,-3.4567718505859375,-4.859576225280762,-4.2271270751953125
headdress,cut_recent_history,17,4,-4.2271270751953125,-4.8293561935424805,-3.5560462474823
headdress,cut_recent_history,17,5,-3.5560462474823,-3.965526580810547,-2.606217384338379
headdress,cut_recent_history,17,6,-2.606217384338379,-4.798553466796875,-5.409753322601318
headdress,cut_recent_history,17,7,-5.409753322601318,-3.9972009658813477,-3.154374122619629
headdress,cut_recent_history,17,8,-3.154374122619629,-2.769188404083252,-2.2749855518341064
headdress,cut_recent_history,17,9,-2.2749855518341064,-3.209040403366089,-2.2367522716522217
headdress,cut_recent_history,17,10,-2.2367522716522217,-2.155566692352295,-2.7853105068206787
headdress,cut_recent_history,17,11,-2.7853105068206787,-2.4890456199645996,-2.205014228820801
headdress,cut_recent_history,17,12,-2.205014228820801,-2.9820406436920166,-2.7265243530273438
headdress,cut_recent_history,17,13,-2.7265243530273438,-2.213465929031372,-3.594794750213623
headdress,cut_recent_history,17,14,-3.594794750213623,-2.991016149520874,-3.191620349884033
headdress,cut_recent_history,17,15,-3.191620349884033,-2.0404419898986816,-3.2860682010650635
headdress,cut_recent_history,17,16,-3.2860682010650635,-2.1376519203186035,-2.5943260192871094
headdress,cut_recent_history,17,17,-2.5943260192871094,-3.387305736541748,-3.526702880859375
headdress,cut_recent_history,17,18,-3.526702880859375,-3.2997748851776123,-2.9072012901306152
headdress,cut_recent_history,17,19,-2.9072012901306152,-2.687066078186035,-2.5496134757995605
headdress,cut_recent_history,17,20,-2.5496134757995605,-2.222381353378296,-2.183192491531372
headdress,cut_recent_history,17,21,-2.183192491531372,-1.4070099592208862,-1.9112097024917603
headdress,cut_recent_history,17,22,-1.9112097024917603,-1.3283578157424927,-1.1515216827392578
headdress,cut_recent_history,17,23,-1.1515216827392578,-1.1070888042449951,-1.0324949026107788
headdress,cut_recent_history,17,24,-1.0324949026107788,-1.3560633659362793,-1.4605615139007568
headdress,cut_recent_history,17,25,-1.4605615139007568,-1.4749292135238647,-1.1758029460906982
headdress,cut_recent_history,17,26,-1.1758029460906982,-1.4320881366729736,-1.1586670875549316
headdress,cut_recent_history,17,27,-1.1586670875549316,-2.032499074935913,-1.4631317853927612
headdress,cut_recent_history,17,28,-1.4631317853927612,-1.6806409358978271,-1.5106287002563477
headdress,cut_recent_history,17,29,-1.5106287002563477,-1.383082628250122,-1.2687299251556396
headdress,cut_recent_history,17,30,-1.2687299251556396,-1.120337724685669,-0.994625449180603
headdress,cut_recent_history,17,31,-0.994625449180603,-1.560448169708252,0.9721068143844604
headdress,cut_recent_history,18,0,-2.442255973815918,-2.1525931358337402,1.119835615158081
headdress,cut_recent_history,18,1,1.119835615158081,1.9947788715362549,2.3142502307891846
headdress,cut_recent_history,18,2,2.3142502307891846,2.745455265045166,1.7106883525848389
headdress,cut_recent_history,18,3,1.7106883525848389,1.6439146995544434,1.8193137645721436
headdress,cut_recent_history,18,4,1.8193137645721436,1.8777179718017578,0.6261261701583862
headdress,cut_recent_history,18,5,0.6261261701583862,0.7309871912002563,2.2173495292663574
headdress,cut_recent_history,18,6,2.2173495292663574,1.2481650114059448,0.6541847586631775
headdress,cut_recent_history,18,7,0.6541847586631775,-1.3436998128890991,-1.6976723670959473
headdress,cut_recent_history,18,8,-1.6976723670959473,-0.2538183927536011,1.1444854736328125
headdress,cut_recent_history,18,9,1.1444854736328125,1.1943787336349487,1.6608004570007324
headdress,cut_recent_history,18,10,1.6608004570007324,1.0245853662490845,0.021044045686721802
headdress,cut_recent_history,18,11,0.021044045686721802,-0.7416702508926392,-0.5077507495880127
headdress,cut_recent_history,18,12,-0.5077507495880127,-0.7539488077163696,-2.404817819595337
headdress,cut_recent_history,18,13,-2.404817819595337,-1.3912913799285889,-0.9138157367706299
headdress,cut_recent_history,18,14,-0.9138157367706299,0.7883121967315674,1.7144043445587158
headdress,cut_recent_history,18,15,1.7144043445587158,0.2218446135520935,0.15470486879348755
headdress,cut_recent_history,18,16,0.15470486879348755,-0.6686461567878723,-0.6516379117965698
headdress,cut_recent_history,18,17,-0.6516379117965698,-1.4902896881103516,-2.7805850505828857
headdress,cut_recent_history,18,18,-2.7805850505828857,-2.4575090408325195,-2.8700242042541504
headdress,cut_recent_history,18,19,-2.8700242042541504,-2.471125364303589,-1.858886957168579
headdress,cut_recent_history,18,20,-1.858886957168579,-2.1561691761016846,-1.6705656051635742
headdress,cut_recent_history,18,21,-1.6705656051635742,-2.2089078426361084,-2.0238418579101562
headdress,cut_recent_history,18,22,-2.0238418579101562,-2.8160653114318848,-3.3316168785095215
headdress,cut_recent_history,18,23,-3.3316168785095215,-2.3309834003448486,-1.455806851387024
headdress,cut_recent_history,18,24,-1.455806851387024,-5.073854446411133,-4.313558578491211
headdress,cut_recent_history,18,25,-4.313558578491211,-1.9652678966522217,-1.7403050661087036
headdress,cut_recent_history,18,26,-1.7403050661087036,-0.6289272904396057,-1.1660382747650146
headdress,cut_recent_history,18,27,-1.1660382747650146,-0.26089704036712646,-0.5854833126068115
headdress,cut_recent_history,18,28,-0.5854833126068115,-1.576566219329834,-1.2907758951187134
headdress,cut_recent_history,18,29,-1.2907758951187134,-1.1902110576629639,-1.8368667364120483
headdress,cut_recent_history,18,30,-1.8368667364120483,-2.792746067047119,-4.583457946777344
headdress,cut_recent_history,18,31,-4.583457946777344,-5.637598514556885,1.430929183959961
headdress,cut_recent_history,19,0,2.9172141551971436,1.9938764572143555,2.769435405731201
headdress,cut_recent_history,19,1,2.769435405731201,2.646785259246826,2.081296443939209
headdress,cut_recent_history,19,2,2.081296443939209,1.2702651023864746,2.8504562377929688
headdress,cut_recent_history,19,3,2.8504562377929688,1.7166557312011719,3.3969225883483887
headdress,cut_recent_history,19,4,3.3969225883483887,2.7147583961486816,5.787233352661133
headdress,cut_recent_history,19,5,5.787233352661133,5.23518705368042,6.0028581619262695
headdress,cut_recent_history,19,6,6.0028581619262695,4.068368434906006,4.490747928619385
headdress,cut_recent_history,19,7,4.490747928619385,3.514540433883667,4.4530510902404785
headdress,cut_recent_history,19,8,4.4530510902404785,3.6565704345703125,5.1703033447265625
headdress,cut_recent_history,19,9,5.1703033447265625,2.770233154296875,3.542032480239868
headdress,cut_recent_history,19,10,3.542032480239868,2.230380058288574,2.6023550033569336
headdress,cut_recent_history,19,11,2.6023550033569336,1.606752872467041,1.7772209644317627
headdress,cut_recent_history,19,12,1.7772209644317627,0.7283645868301392,0.5521014928817749
headdress,cut_recent_history,19,13,0.5521014928817749,0.6096775531768799,-0.07282128930091858
headdress,cut_recent_history,19,14,-0.07282128930091858,-0.769587516784668,0.7926356792449951
headdress,cut_recent_history,19,15,0.7926356792449951,1.7303760051727295,2.952258348464966
headdress,cut_recent_history,19,16,2.952258348464966,5.418886661529541,4.783448696136475
headdress,cut_recent_history,19,17,4.783448696136475,4.373678684234619,4.361203193664551
headdress,cut_recent_history,19,18,4.361203193664551,3.593440294265747,4.2483320236206055
headdress,cut_recent_history,19,19,4.2483320236206055,4.191360950469971,4.195718765258789
headdress,cut_recent_history,19,20,4.195718765258789,5.437931060791016,3.755636215209961
headdress,cut_recent_history,19,21,3.755636215209961,3.5641894340515137,4.2581634521484375
headdress,cut_recent_history,19,22,4.2581634521484375,3.3953843116760254,4.00270414352417
headdress,cut_recent_history,19,23,4.00270414352417,4.570366859436035,4.863217353820801
headdress,cut_recent_history,19,24,4.863217353820801,4.919529438018799,5.5777482986450195
headdress,cut_recent_history,19,25,5.5777482986450195,4.764738082885742,5.7198896408081055
headdress,cut_recent_history,19,26,5.7198896408081055,4.944506645202637,5.475238800048828
headdress,cut_recent_history,19,27,5.475238800048828,4.785386562347412,5.189289093017578
headdress,cut_recent_history,19,28,5.189289093017578,4.65913724899292,5.412746429443359
headdress,cut_recent_history,19,29,5.412746429443359,4.035087585449219,4.187290191650391
headdress,cut_recent_history,19,30,4.187290191650391,1.4964488744735718,1.2070024013519287
headdress,cut_recent_history,19,31,1.2070024013519287,-1.1294759511947632,-0.3674089312553406
headdress,cut_recent_history,20,0,1.0619724988937378,0.2625240385532379,2.9650321006774902
headdress,cut_recent_history,20,1,2.9650321006774902,2.2264766693115234,0.841235876083374
headdress,cut_recent_history,20,2,0.841235876083374,-0.33873260021209717,-1.5044820308685303
headdress,cut_recent_history,20,3,-1.5044820308685303,-1.0075302124023438,-2.094562292098999
headdress,cut_recent_history,20,4,-2.094562292098999,0.18682053685188293,2.3326478004455566
headdress,cut_recent_history,20,5,2.3326478004455566,0.9987437129020691,-1.0055574178695679
headdress,cut_recent_history,20,6,-1.0055574178695679,0.2614597678184509,-1.8297010660171509
headdress,cut_recent_history,20,7,-1.8297010660171509,-0.5905935764312744,-1.0320745706558228
headdress,cut_recent_history,20,8,-1.0320745706558228,-1.476055383682251,-1.8559348583221436
headdress,cut_recent_history,20,9,-1.8559348583221436,-0.2606801986694336,3.162792205810547
headdress,cut_recent_history,20,10,3.162792205810547,1.9976768493652344,0.05606275796890259
headdress,cut_recent_history,20,11,0.05606275796890259,-0.2803584933280945,-1.4909520149230957
headdress,cut_recent_history,20,12,-1.4909520149230957,0.577211320400238,-1.1335560083389282
headdress,cut_recent_history,20,13,-1.1335560083389282,-1.0178090333938599,-1.1165313720703125
headdress,cut_recent_history,20,14,-1.1165313720703125,-0.4826103448867798,-1.7498939037322998
headdress,cut_recent_history,20,15,-1.7498939037322998,-1.2265233993530273,-2.105740547180176
headdress,cut_recent_history,20,16,-2.105740547180176,-1.2869277000427246,0.23944509029388428
headdress,cut_recent_history,20,17,0.23944509029388428,1.3316197395324707,1.6433229446411133
headdress,cut_recent_history,20,18,1.6433229446411133,1.3819228410720825,0.2477501630783081
headdress,cut_recent_history,20,19,0.2477501630783081,0.14784729480743408,-0.5403146147727966
headdress,cut_recent_history,20,20,-0.5403146147727966,-0.3940473794937134,2.1439874172210693
headdress,cut_recent_history,20,21,2.1439874172210693,3.146115303039551,2.409841537475586
headdress,cut_recent_history,20,22,2.409841537475586,2.8607969284057617,2.5501673221588135
headdress,cut_recent_history,20,23,2.5501673221588135,1.9396989345550537,1.9837533235549927
headdress,cut_recent_history,20,24,1.9837533235549927,8.224292755126953,7.750380039215088
headdress,cut_recent_history,20,25,7.750380039215088,6.073317527770996,5.742001533508301
headdress,cut_recent_history,20,26,5.742001533508301,4.797062873840332,5.959567070007324
headdress,cut_recent_history,20,27,5.959567070007324,6.221967697143555,7.312044143676758
headdress,cut_recent_history,20,28,7.312044143676758,7.0158891677856445,7.007345199584961
headdress,cut_recent_history,20,29,7.007345199584961,6.667334079742432,7.644451141357422
headdress,cut_recent_history,20,30,7.644451141357422,7.861880302429199,7.672428607940674
headdress,cut_recent_history,20,31,7.672428607940674,7.6550750732421875,7.476269721984863
headdress,cut_recent_history,21,0,-0.7427998185157776,0.12400972843170166,-1.3516788482666016
headdress,cut_recent_history,21,1,-1.3516788482666016,-0.8320959806442261,1.3721590042114258
headdress,cut_recent_history,21,2,1.3721590042114258,1.2891515493392944,0.4385279715061188
headdress,cut_recent_history,21,3,0.4385279715061188,0.38103747367858887,0.8670923709869385
headdress,cut_recent_history,21,4,0.8670923709869385,1.3477630615234375,1.3827964067459106
headdress,cut_recent_history,21,5,1.3827964067459106,0.6144794225692749,1.0021843910217285
headdress,cut_recent_history,21,6,1.0021843910217285,0.49909013509750366,-0.016286909580230713
headdress,cut_recent_history,21,7,-0.016286909580230713,-0.25930237770080566,0.19003194570541382
headdress,cut_recent_history,21,8,0.19003194570541382,-0.49648845195770264,-1.3455394506454468
headdress,cut_recent_history,21,9,-1.3455394506454468,-0.08978360891342163,0.2913264036178589
headdress,cut_recent_history,21,10,0.2913264036178589,0.2759835720062256,0.14751935005187988
headdress,cut_recent_history,21,11,0.14751935005187988,0.6145038604736328,1.2860498428344727
headdress,cut_recent_history,21,12,1.2860498428344727,0.06546521186828613,0.9805291295051575
headdress,cut_recent_history,21,13,0.9805291295051575,0.554340124130249,2.874544620513916
headdress,cut_recent_history,21,14,2.874544620513916,2.7266221046447754,1.9188214540481567
headdress,cut_recent_history,21,15,1.9188214540481567,3.026341438293457,2.2613115310668945
headdress,cut_recent_history,21,16,2.2613115310668945,3.714439868927002,3.291449546813965
headdress,cut_recent_history,21,17,3.291449546813965,3.9362399578094482,2.8886959552764893
headdress,cut_recent_history,21,18,2.8886959552764893,2.563701868057251,2.6992578506469727
headdress,cut_recent_history,21,19,2.6992578506469727,2.7387516498565674,2.682008981704712
headdress,cut_recent_history,21,20,2.682008981704712,4.954023361206055,4.968474864959717
headdress,cut_recent_history,21,21,4.968474864959717,4.528696537017822,5.495687007904053
headdress,cut_recent_history,21,22,5.495687007904053,4.778570652008057,5.304459571838379
headdress,cut_recent_history,21,23,5.304459571838379,5.064791202545166,5.426383018493652
headdress,cut_recent_history,21,24,5.426383018493652,5.375622749328613,5.888533115386963
headdress,cut_recent_history,21,25,5.888533115386963,5.156790733337402,5.751806259155273
headdress,cut_recent_history,21,26,5.751806259155273,4.959695816040039,5.00197696685791
headdress,cut_recent_history,21,27,5.00197696685791,4.448467254638672,4.881634712219238
headdress,cut_recent_history,21,28,4.881634712219238,4.629281997680664,4.964975833892822
headdress,cut_recent_history,21,29,4.964975833892822,4.779401779174805,6.165850639343262
headdress,cut_recent_history,21,30,6.165850639343262,5.611049175262451,7.62138557434082
headdress,cut_recent_history,21,31,7.62138557434082,7.9118804931640625,4.709077835083008
headdress,cut_recent_history,22,0,1.1346807479858398,0.36161887645721436,0.017100811004638672
headdress,cut_recent_history,22,1,0.017100811004638672,0.22895634174346924,0.1655048131942749
headdress,cut_recent_history,22,2,0.1655048131942749,-0.634616494178772,-0.8101565837860107
headdress,cut_recent_history,22,3,-0.8101565837860107,-1.432180643081665,-0.8030664920806885
headdress,cut_recent_history,22,4,-0.8030664920806885,-1.1738667488098145,4.013028144836426
headdress,cut_recent_history,22,5,4.013028144836426,2.375657320022583,1.1383954286575317
headdress,cut_recent_history,22,6,1.1383954286575317,-2.372053623199463,-3.9885358810424805
headdress,cut_recent_history,22,7,-3.9885358810424805,-2.5571961402893066,-1.7575132846832275
headdress,cut_recent_history,22,8,-1.7575132846832275,-3.5482068061828613,-3.5413756370544434
headdress,cut_recent_history,22,9,-3.5413756370544434,-3.741642713546753,-1.2448971271514893
headdress,cut_recent_history,22,10,-1.2448971271514893,-1.075979471206665,-0.8411067128181458
headdress,cut_recent_history,22,11,-0.8411067128181458,-1.6399717330932617,-0.4601258635520935
headdress,cut_recent_history,22,12,-0.4601258635520935,-0.43260958790779114,-1.861595630645752
headdress,cut_recent_history,22,13,-1.861595630645752,-1.1963480710983276,-0.18118296563625336
headdress,cut_recent_history,22,14,-0.18118296563625336,-0.9327785968780518,-1.7255885601043701
headdress,cut_recent_history,22,15,-1.7255885601043701,-1.1504924297332764,0.5473993420600891
headdress,cut_recent_history,22,16,0.5473993420600891,0.7710961103439331,-0.28104591369628906
headdress,cut_recent_history,22,17,-0.28104591369628906,0.22465062141418457,-1.0297505855560303
headdress,cut_recent_history,22,18,-1.0297505855560303,-1.4803287982940674,-0.14572787284851074
headdress,cut_recent_history,22,19,-0.14572787284851074,-0.6179443597793579,-1.1007311344146729
headdress,cut_recent_history,22,20,-1.1007311344146729,-1.2792294025421143,-0.11087512969970703
headdress,cut_recent_history,22,21,-0.11087512969970703,-0.06309759616851807,0.38949882984161377
headdress,cut_recent_history,22,22,0.38949882984161377,0.39939308166503906,-1.0335314273834229
headdress,cut_recent_history,22,23,-1.0335314273834229,-1.0980727672576904,-1.9962694644927979
headdress,cut_recent_history,22,24,-1.9962694644927979,-2.34617018699646,-2.238806962966919
headdress,cut_recent_history,22,25,-2.238806962966919,-2.1411232948303223,-1.0795997381210327
headdress,cut_recent_history,22,26,-1.0795997381210327,2.3627583980560303,3.7330474853515625
headdress,cut_recent_history,22,27,3.7330474853515625,3.2554938793182373,3.976571559906006
headdress,cut_recent_history,22,28,3.976571559906006,3.704768180847168,3.225278377532959
headdress,cut_recent_history,22,29,3.225278377532959,3.247194766998291,3.9805595874786377
headdress,cut_recent_history,22,30,3.9805595874786377,2.5493602752685547,1.6994307041168213
headdress,cut_recent_history,22,31,1.6994307041168213,1.9356144666671753,3.0919203758239746
headdress,cut_recent_history,23,0,0.9579998850822449,1.182759404182434,0.27203115820884705
headdress,cut_recent_history,23,1,0.27203115820884705,-0.054215192794799805,-0.12610244750976562
headdress,cut_recent_history,23,2,-0.12610244750976562,-0.9183363914489746,0.577016294002533
headdress,cut_recent_history,23,3,0.577016294002533,0.2806776165962219,-0.42287522554397583
headdress,cut_recent_history,23,4,-0.42287522554397583,-0.4552273750305176,1.3528845310211182
headdress,cut_recent_history,23,5,1.3528845310211182,0.6655339002609253,0.6346263885498047
headdress,cut_recent_history,23,6,0.6346263885498047,0.7058720588684082,1.3395878076553345
headdress,cut_recent_history,23,7,1.3395878076553345,1.4048219919204712,2.282933235168457
headdress,cut_recent_history,23,8,2.282933235168457,2.2074170112609863,2.2157106399536133
headdress,cut_recent_history,23,9,2.2157106399536133,1.2141839265823364,0.8272294402122498
headdress,cut_recent_history,23,10,0.8272294402122498,0.40247082710266113,1.032311201095581
headdress,cut_recent_history,23,11,1.032311201095581,1.2048628330230713,0.5997810363769531
headdress,cut_recent_history,23,12,0.5997810363769531,0.7838808298110962,-0.2149556279182434
headdress,cut_recent_history,23,13,-0.2149556279182434,-0.13660883903503418,0.7501580715179443
headdress,cut_recent_history,23,14,0.7501580715179443,0.7124431729316711,-1.169844627380371
headdress,cut_recent_history,23,15,-1.169844627380371,-1.4197710752487183,-1.261727213859558
headdress,cut_recent_history,23,16,-1.261727213859558,-0.8637450933456421,-1.3698461055755615
headdress,cut_recent_history,23,17,-1.3698461055755615,-1.2020395994186401,0.000802166759967804
headdress,cut_recent_history,23,18,0.000802166759967804,0.11025646328926086,0.6842426061630249
headdress,cut_recent_history,23,19,0.6842426061630249,0.9538154006004333,0.3334525227546692
headdress,cut_recent_history,23,20,0.3334525227546692,0.38652369379997253,0.3202512860298157
headdress,cut_recent_history,23,21,0.3202512860298157,0.26615846157073975,0.4342479109764099
headdress,cut_recent_history,23,22,0.4342479109764099,7.0936431884765625,7.268591403961182
headdress,cut_recent_history,23,23,7.268591403961182,6.891932487487793,6.875324249267578
headdress,cut_recent_history,23,24,6.875324249267578,6.947622299194336,6.628451824188232
headdress,cut_recent_history,23,25,6.628451824188232,7.070635795593262,6.739579200744629
headdress,cut_recent_history,23,26,6.739579200744629,5.997035980224609,5.795292854309082
headdress,cut_recent_history,23,27,5.795292854309082,7.076152324676514,7.91118860244751
headdress,cut_recent_history,23,28,7.91118860244751,7.1796040534973145,7.029833793640137
headdress,cut_recent_history,23,29,7.029833793640137,6.710492134094238,7.6671462059021
headdress,cut_recent_history,23,30,7.6671462059021,7.317721366882324,7.021475315093994
headdress,cut_recent_history,23,31,7.021475315093994,7.088250160217285,4.873862266540527
headdress,cut_recent_history,24,0,1.2896993160247803,1.738490104675293,0.46166086196899414
headdress,cut_recent_history,24,1,0.46166086196899414,0.8318856954574585,1.4720470905303955
headdress,cut_recent_history,24,2,1.4720470905303955,0.5707266330718994,-2.423369884490967
headdress,cut_recent_history,24,3,-2.423369884490967,-1.9963018894195557,-0.881712794303894
headdress,cut_recent_history,24,4,-0.881712794303894,-0.31740307807922363,-0.025004148483276367
headdress,cut_recent_history,24,5,-0.025004148483276367,-0.7533096671104431,-1.472624659538269
headdress,cut_recent_history,24,6,-1.472624659538269,-0.34320664405822754,-3.3067429065704346
headdress,cut_recent_history,24,7,-3.3067429065704346,-2.7034780979156494,-1.2526066303253174
headdress,cut_recent_history,24,8,-1.2526066303253174,0.21889054775238037,-2.777482509613037
headdress,cut_recent_history,24,9,-2.777482509613037,-1.4185030460357666,-2.8287553787231445
headdress,cut_recent_history,24,10,-2.8287553787231445,-1.3689050674438477,-0.9411187171936035
headdress,cut_recent_history,24,11,-0.9411187171936035,-0.09526363015174866,-0.3247039318084717
headdress,cut_recent_history,24,12,-0.3247039318084717,0.28186681866645813,0.9585437774658203
headdress,cut_recent_history,24,13,0.9585437774658203,0.5478239059448242,1.9289811849594116
headdress,cut_recent_history,24,14,1.9289811849594116,2.2349467277526855,1.6099921464920044
headdress,cut_recent_history,24,15,1.6099921464920044,0.3657416105270386,2.1352474689483643
headdress,cut_recent_history,24,16,2.1352474689483643,1.3782469034194946,2.6380233764648438
headdress,cut_recent_history,24,17,2.6380233764648438,2.828263998031616,2.3331339359283447
headdress,cut_recent_history,24,18,2.3331339359283447,2.5287580490112305,1.271239995956421
headdress,cut_recent_history,24,19,1.271239995956421,1.3296936750411987,1.07418954372406
headdress,cut_recent_history,24,20,1.07418954372406,0.41909363865852356,0.5587167739868164
headdress,cut_recent_history,24,21,0.5587167739868164,-0.05742526054382324,0.4150533080101013
headdress,cut_recent_history,24,22,0.4150533080101013,0.250043123960495,0.8805230259895325
headdress,cut_recent_history,24,23,0.8805230259895325,0.4060221314430237,0.32158362865448
headdress,cut_recent_history,24,24,0.32158362865448,-0.20872080326080322,0.2178959846496582
headdress,cut_recent_history,24,25,0.2178959846496582,0.5076111555099487,0.3468766212463379
headdress,cut_recent_history,24,26,0.3468766212463379,0.5264793038368225,1.270749568939209
headdress,cut_recent_history,24,27,1.270749568939209,0.38822269439697266,1.287124752998352
headdress,cut_recent_history,24,28,1.287124752998352,0.2898916006088257,1.6543667316436768
headdress,cut_recent_history,24,29,1.6543667316436768,1.8947992324829102,1.984492540359497
headdress,cut_recent_history,24,30,1.984492540359497,1.6430420875549316,2.7812201976776123
headdress,cut_recent_history,24,31,2.7812201976776123,4.150210380554199,3.76920485496521
headdress,cut_recent_history,25,0,-3.9442310333251953,-2.282682180404663,-2.797792434692383
headdress,cut_recent_history,25,1,-2.797792434692383,-3.2052536010742188,-2.643476724624634
headdress,cut_recent_history,25,2,-2.643476724624634,-2.812915325164795,-1.2770580053329468
headdress,cut_recent_history,25,3,-1.2770580053329468,-1.013734221458435,0.0854690670967102
headdress,cut_recent_history,25,4,0.0854690670967102,-1.8270617723464966,-3.4021403789520264
headdress,cut_recent_history,25,5,-3.4021403789520264,-2.728773355484009,-2.4966824054718018
headdress,cut_recent_history,25,6,-2.4966824054718018,-2.086232900619507,-2.3315482139587402
headdress,cut_recent_history,25,7,-2.3315482139587402,-1.179370403289795,-0.33499449491500854
headdress,cut_recent_history,25,8,-0.33499449491500854,-0.9620240926742554,-0.685661792755127
headdress,cut_recent_history,25,9,-0.685661792755127,-0.5540786981582642,-1.204972743988037
headdress,cut_recent_history,25,10,-1.204972743988037,0.3231762647628784,1.1947367191314697
headdress,cut_recent_history,25,11,1.1947367191314697,1.706190586090088,2.2836732864379883
headdress,cut_recent_history,25,12,2.2836732864379883,2.0530643463134766,0.448261559009552
headdress,cut_recent_history,25,13,0.448261559009552,0.9083974361419678,1.1780624389648438
headdress,cut_recent_history,25,14,1.1780624389648438,1.8648240566253662,0.7812806367874146
headdress,cut_recent_history,25,15,0.7812806367874146,2.109109878540039,1.4747314453125
headdress,cut_recent_history,25,16,1.4747314453125,1.5715534687042236,0.9092824459075928
headdress,cut_recent_history,25,17,0.9092824459075928,0.9792299270629883,2.246302604675293
headdress,cut_recent_history,25,18,2.246302604675293,6.202914237976074,4.975120544433594
headdress,cut_recent_history,25,19,4.975120544433594,4.4506378173828125,4.828116416931152
headdress,cut_recent_history,25,20,4.828116416931152,6.371565818786621,4.853472709655762
headdress,cut_recent_history,25,21,4.853472709655762,4.776991367340088,5.99690580368042
headdress,cut_recent_history,25,22,5.99690580368042,6.105916976928711,6.238290309906006
headdress,cut_recent_history,25,23,6.238290309906006,6.388678550720215,6.5478644371032715
headdress,cut_recent_history,25,24,6.5478644371032715,5.211594581604004,5.155073165893555
headdress,cut_recent_history,25,25,5.155073165893555,4.830507755279541,5.118747711181641
headdress,cut_recent_history,25,26,5.118747711181641,4.53495979309082,5.035330295562744
headdress,cut_recent_history,25,27,5.035330295562744,4.603031158447266,5.943341255187988
headdress,cut_recent_history,25,28,5.943341255187988,4.857107639312744,4.986446380615234
headdress,cut_recent_history,25,29,4.986446380615234,3.7768239974975586,5.354835033416748
headdress,cut_recent_history,25,30,5.354835033416748,3.666872262954712,-0.3442656397819519
headdress,cut_recent_history,25,31,-0.3442656397819519,-1.753979206085205,-0.561741054058075
headdress,cut_recent_history,26,0,-0.4860578179359436,-1.2265243530273438,-0.7303276658058167
headdress,cut_recent_history,26,1,-0.7303276658058167,-0.08490252494812012,-0.13074323534965515
headdress,cut_recent_history,26,2,-0.13074323534965515,-2.0398054122924805,-1.593653917312622
headdress,cut_recent_history,26,3,-1.593653917312622,-1.7895050048828125,-1.6542142629623413
headdress,cut_recent_history,26,4,-1.6542142629623413,-1.400228500366211,-2.6497366428375244
headdress,cut_recent_history,26,5,-2.6497366428375244,-1.7661168575286865,0.009050607681274414
headdress,cut_recent_history,26,6,0.009050607681274414,0.130426824092865,-0.310935378074646
headdress,cut_recent_history,26,7,-0.310935378074646,0.49678683280944824,1.773479700088501
headdress,cut_recent_history,26,8,1.773479700088501,1.8659391403198242,2.319643020629883
headdress,cut_recent_history,26,9,2.319643020629883,3.1582210063934326,2.5122294425964355
headdress,cut_recent_history,26,10,2.5122294425964355,3.628775119781494,2.8559036254882812
headdress,cut_recent_history,26,11,2.8559036254882812,3.918549060821533,2.900628089904785
headdress,cut_recent_history,26,12,2.900628089904785,3.3298182487487793,4.2632856369018555
headdress,cut_recent_history,26,13,4.2632856369018555,2.9278392791748047,3.554548501968384
headdress,cut_recent_history,26,14,3.554548501968384,3.1975340843200684,1.6718814373016357
headdress,cut_recent_history,26,15,1.6718814373016357,0.7088924646377563,1.4891493320465088
headdress,cut_recent_history,26,16,1.4891493320465088,4.540342807769775,5.482300758361816
headdress,cut_recent_history,26,17,5.482300758361816,5.196599960327148,4.734744071960449
headdress,cut_recent_history,26,18,4.734744071960449,6.308444976806641,5.720749378204346
headdress,cut_recent_history,26,19,5.720749378204346,5.566962242126465,6.333772659301758
headdress,cut_recent_history,26,20,6.333772659301758,8.323128700256348,7.145703315734863
headdress,cut_recent_history,26,21,7.145703315734863,5.150301933288574,5.607141494750977
headdress,cut_recent_history,26,22,5.607141494750977,4.6261396408081055,2.8536853790283203
headdress,cut_recent_history,26,23,2.8536853790283203,1.4981884956359863,0.5950449705123901
headdress,cut_recent_history,26,24,0.5950449705123901,0.13202470541000366,-0.4548443555831909
headdress,cut_recent_history,26,25,-0.4548443555831909,0.867620587348938,2.728682041168213
headdress,cut_recent_history,26,26,2.728682041168213,4.015624523162842,4.846147060394287
headdress,cut_recent_history,26,27,4.846147060394287,4.614313125610352,4.240149021148682
headdress,cut_recent_history,26,28,4.240149021148682,3.2784061431884766,3.813279151916504
headdress,cut_recent_history,26,29,3.813279151916504,2.9190893173217773,1.6660157442092896
headdress,cut_recent_history,26,30,1.6660157442092896,2.6511523723602295,2.31921124458313
headdress,cut_recent_history,26,31,2.31921124458313,3.984543800354004,0.7561116814613342
headdress,cut_recent_history,27,0,0.35434502363204956,1.704959511756897,2.955148220062256
headdress,cut_recent_history,27,1,2.955148220062256,5.026909351348877,7.9176201820373535
headdress,cut_recent_history,27,2,7.9176201820373535,4.810333728790283,3.514061689376831
headdress,cut_recent_history,27,3,3.514061689376831,2.3676137924194336,1.3914004564285278
headdress,cut_recent_history,27,4,1.3914004564285278,1.0658047199249268,1.3573431968688965
headdress,cut_recent_history,27,5,1.3573431968688965,0.8952399492263794,-0.3364778757095337
headdress,cut_recent_history,27,6,-0.3364778757095337,-0.6393619775772095,-0.42757177352905273
headdress,cut_recent_history,27,7,-0.42757177352905273,0.9222536087036133,2.7215652465820312
headdress,cut_recent_history,27,8,2.7215652465820312,2.6215202808380127,2.787966728210449
headdress,cut_recent_history,27,9,2.787966728210449,2.9545912742614746,3.848801612854004
headdress,cut_recent_history,27,10,3.848801612854004,4.892658710479736,1.3992860317230225
headdress,cut_recent_history,27,11,1.3992860317230225,4.183723449707031,4.313030242919922
headdress,cut_recent_history,27,12,4.313030242919922,4.697949409484863,4.417842388153076
headdress,cut_recent_history,27,13,4.417842388153076,3.1861624717712402,4.009714126586914
headdress,cut_recent_history,27,14,4.009714126586914,2.686796188354492,2.543398141860962
headdress,cut_recent_history,27,15,2.543398141860962,1.1203248500823975,2.3446733951568604
headdress,cut_recent_history,27,16,2.3446733951568604,3.55041766166687,3.524683713912964
headdress,cut_recent_history,27,17,3.524683713912964,3.9959511756896973,3.366532802581787
headdress,cut_recent_history,27,18,3.366532802581787,3.0743188858032227,3.234853982925415
headdress,cut_recent_history,27,19,3.234853982925415,3.2427093982696533,4.449246406555176
headdress,cut_recent_history,27,20,4.449246406555176,4.566681385040283,4.270969390869141
headdress,cut_recent_history,27,21,4.270969390869141,3.326350450515747,2.8768815994262695
headdress,cut_recent_history,27,22,2.8768815994262695,4.849498748779297,3.446734666824341
headdress,cut_recent_history,27,23,3.446734666824341,2.7044076919555664,3.1248886585235596
headdress,cut_recent_history,27,24,3.1248886585235596,6.220123291015625,6.846466541290283
headdress,cut_recent_history,27,25,6.846466541290283,7.396670341491699,7.263360023498535
headdress,cut_recent_history,27,26,7.263360023498535,6.8568620681762695,7.388744354248047
headdress,cut_recent_history,27,27,7.388744354248047,6.182160377502441,6.949483394622803
headdress,cut_recent_history,27,28,6.949483394622803,6.334427833557129,6.180812835693359
headdress,cut_recent_history,27,29,6.180812835693359,4.344069480895996,4.573939323425293
headdress,cut_recent_history,27,30,4.573939323425293,3.9279873371124268,6.312867164611816
headdress,cut_recent_history,27,31,6.312867164611816,6.62224006652832,2.0823936462402344
headdress,cut_recent_history,28,0,2.954542636871338,3.7111711502075195,1.8659179210662842
headdress,cut_recent_history,28,1,1.8659179210662842,2.1559321880340576,2.223093032836914
headdress,cut_recent_history,28,2,2.223093032836914,1.9375591278076172,2.560872793197632
headdress,cut_recent_history,28,3,2.560872793197632,1.7083559036254883,3.137436866760254
headdress,cut_recent_history,28,4,3.137436866760254,2.2192697525024414,1.500474214553833
headdress,cut_recent_history,28,5,1.500474214553833,0.10225322842597961,0.8923606872558594
headdress,cut_recent_history,28,6,0.8923606872558594,-1.2102837562561035,0.14476293325424194
headdress,cut_recent_history,28,7,0.14476293325424194,0.3038559556007385,0.6935752630233765
headdress,cut_recent_history,28,8,0.6935752630233765,-1.7330037355422974,-3.9132227897644043
headdress,cut_recent_history,28,9,-3.9132227897644043,-6.414730548858643,-5.108885765075684
headdress,cut_recent_history,28,10,-5.108885765075684,-4.8503217697143555,-4.0695905685424805
headdress,cut_recent_history,28,11,-4.0695905685424805,-4.034817695617676,-2.8133625984191895
headdress,cut_recent_history,28,12,-2.8133625984191895,-2.807799816131592,-3.453575611114502
headdress,cut_recent_history,28,13,-3.453575611114502,-4.371838092803955,-4.696711540222168
headdress,cut_recent_history,28,14,-4.696711540222168,-4.719573974609375,-1.2785992622375488
headdress,cut_recent_history,28,15,-1.2785992622375488,-2.190976142883301,-0.9830267429351807
headdress,cut_recent_history,28,16,-0.9830267429351807,0.44709599018096924,-0.006422758102416992
headdress,cut_recent_history,28,17,-0.006422758102416992,-0.02357649803161621,0.357011079788208
headdress,cut_recent_history,28,18,0.357011079788208,-0.49992382526397705,-0.6019585132598877
headdress,cut_recent_history,28,19,-0.6019585132598877,-0.870485782623291,2.3289952278137207
headdress,cut_recent_history,28,20,2.3289952278137207,-4.952791690826416,-2.2153406143188477
headdress,cut_recent_history,28,21,-2.2153406143188477,2.1505162715911865,2.1622843742370605
headdress,cut_recent_history,28,22,2.1622843742370605,6.56723690032959,6.9439897537231445
headdress,cut_recent_history,28,23,6.9439897537231445,3.903231382369995,9.536466598510742
headdress,cut_recent_history,28,24,9.536466598510742,9.047350883483887,13.40762710571289
headdress,cut_recent_history,28,25,13.40762710571289,12.794984817504883,11.782522201538086
headdress,cut_recent_history,28,26,11.782522201538086,10.816773414611816,11.240961074829102
headdress,cut_recent_history,28,27,11.240961074829102,10.464744567871094,10.36962604522705
headdress,cut_recent_history,28,28,10.36962604522705,8.218158721923828,7.04949951171875
headdress,cut_recent_history,28,29,7.04949951171875,5.395535469055176,5.689441204071045
headdress,cut_recent_history,28,30,5.689441204071045,6.106208801269531,6.542686462402344
headdress,cut_recent_history,28,31,6.542686462402344,3.538753032684326,1.6726083755493164
headdress,cut_recent_history,29,0,-4.557139873504639,-3.304999351501465,-3.590424060821533
headdress,cut_recent_history,29,1,-3.590424060821533,-3.6946487426757812,-3.0995020866394043
headdress,cut_recent_history,29,2,-3.0995020866394043,-2.9890427589416504,-4.600009441375732
headdress,cut_recent_history,29,3,-4.600009441375732,-2.9128201007843018,-3.6631665229797363
headdress,cut_recent_history,29,4,-3.6631665229797363,-3.548149585723877,-4.976878643035889
headdress,cut_recent_history,29,5,-4.976878643035889,-3.97887921333313,-6.723870277404785
headdress,cut_recent_history,29,6,-6.723870277404785,-3.8134021759033203,-5.039605140686035
headdress,cut_recent_history,29,7,-5.039605140686035,-4.2568278312683105,-3.5948705673217773
headdress,cut_recent_history,29,8,-3.5948705673217773,-2.0235962867736816,-2.1395418643951416
headdress,cut_recent_history,29,9,-2.1395418643951416,-0.5489999055862427,-2.1551761627197266
headdress,cut_recent_history,29,10,-2.1551761627197266,-0.011037588119506836,-2.227646827697754
headdress,cut_recent_history,29,11,-2.227646827697754,-1.0967241525650024,-1.0337257385253906
headdress,cut_recent_history,29,12,-1.0337257385253906,-0.08363145589828491,-0.483612060546875
headdress,cut_recent_history,29,13,-0.483612060546875,-0.8691909313201904,-1.0164644718170166
headdress,cut_recent_history,29,14,-1.0164644718170166,-0.2825278043746948,-1.684095859527588
headdress,cut_recent_history,29,15,-1.684095859527588,1.1335324048995972,1.3875861167907715
headdress,cut_recent_history,29,16,1.3875861167907715,2.4747140407562256,2.1976583003997803
headdress,cut_recent_history,29,17,2.1976583003997803,2.4484033584594727,2.4536616802215576
headdress,cut_recent_history,29,18,2.4536616802215576,2.7442755699157715,3.8439841270446777
headdress,cut_recent_history,29,19,3.8439841270446777,4.244960784912109,3.1956787109375
headdress,cut_recent_history,29,20,3.1956787109375,11.29251480102539,10.543652534484863
headdress,cut_recent_history,29,21,10.543652534484863,11.061792373657227,11.610800743103027
headdress,cut_recent_history,29,22,11.610800743103027,11.161532402038574,7.537135124206543
headdress,cut_recent_history,29,23,7.537135124206543,9.075298309326172,11.2887601852417
headdress,cut_recent_history,29,24,11.2887601852417,10.602882385253906,10.686363220214844
headdress,cut_recent_history,29,25,10.686363220214844,10.193514823913574,12.334364891052246
headdress,cut_recent_history,29,26,12.334364891052246,11.01966667175293,10.383668899536133
headdress,cut_recent_history,29,27,10.383668899536133,7.394615173339844,9.436080932617188
headdress,cut_recent_history,29,28,9.436080932617188,8.851921081542969,9.417691230773926
headdress,cut_recent_history,29,29,9.417691230773926,8.468599319458008,10.043455123901367
headdress,cut_recent_history,29,30,10.043455123901367,8.28837776184082,8.856258392333984
headdress,cut_recent_history,29,31,8.856258392333984,6.670849800109863,3.4548916816711426
headdress,cut_recent_history,30,0,-0.2895880937576294,1.9642072916030884,1.8524881601333618
headdress,cut_recent_history,30,1,1.8524881601333618,2.3398938179016113,1.4430280923843384
headdress,cut_recent_history,30,2,1.4430280923843384,2.0210928916931152,2.1137044429779053
headdress,cut_recent_history,30,3,2.1137044429779053,1.5018104314804077,-0.2145092487335205
headdress,cut_recent_history,30,4,-0.2145092487335205,0.5566301345825195,1.9729737043380737
headdress,cut_recent_history,30,5,1.9729737043380737,1.78523588180542,-2.509066104888916
headdress,cut_recent_history,30,6,-2.509066104888916,-1.6978198289871216,-1.3072047233581543
headdress,cut_recent_history,30,7,-1.3072047233581543,-1.0107297897338867,0.19128942489624023
headdress,cut_recent_history,30,8,0.19128942489624023,-0.5091663599014282,-2.4414119720458984
headdress,cut_recent_history,30,9,-2.4414119720458984,-2.137089252471924,-1.515913724899292
headdress,cut_recent_history,30,10,-1.515913724899292,-0.4699546694755554,-1.1792786121368408
headdress,cut_recent_history,30,11,-1.1792786121368408,-3.0524563789367676,-1.6687092781066895
headdress,cut_recent_history,30,12,-1.6687092781066895,0.6278798580169678,-1.8620336055755615
headdress,cut_recent_history,30,13,-1.8620336055755615,-3.316697835922241,-3.2212319374084473
headdress,cut_recent_history,30,14,-3.2212319374084473,-4.512669563293457,-2.8558146953582764
headdress,cut_recent_history,30,15,-2.8558146953582764,0.12807506322860718,-0.3724621534347534
headdress,cut_recent_history,30,16,-0.3724621534347534,0.08598972856998444,0.09590807557106018
headdress,cut_recent_history,30,17,0.09590807557106018,0.32136374711990356,0.8669383525848389
headdress,cut_recent_history,30,18,0.8669383525848389,0.660090446472168,1.904039978981018
headdress,cut_recent_history,30,19,1.904039978981018,2.2714035511016846,1.3388499021530151
headdress,cut_recent_history,30,20,1.3388499021530151,2.6400699615478516,2.9044418334960938
headdress,cut_recent_history,30,21,2.9044418334960938,3.0278100967407227,3.577547550201416
headdress,cut_recent_history,30,22,3.577547550201416,4.379823684692383,3.6830086708068848
headdress,cut_recent_history,30,23,3.6830086708068848,14.465361595153809,14.282490730285645
headdress,cut_recent_history,30,24,14.282490730285645,13.172859191894531,12.80472469329834
headdress,cut_recent_history,30,25,12.80472469329834,4.709552764892578,5.491072177886963
headdress,cut_recent_history,30,26,5.491072177886963,5.006725311279297,6.356187343597412
headdress,cut_recent_history,30,27,6.356187343597412,5.104514122009277,5.095325469970703
headdress,cut_recent_history,30,28,5.095325469970703,4.466716289520264,5.348857879638672
headdress,cut_recent_history,30,29,5.348857879638672,4.922416687011719,6.075762748718262
headdress,cut_recent_history,30,30,6.075762748718262,8.796354293823242,4.305818557739258
headdress,cut_recent_history,30,31,4.305818557739258,5.225964546203613,3.521414041519165
headdress,cut_recent_history,31,0,-3.1718902587890625,-1.156473994255066,-2.1509177684783936
headdress,cut_recent_history,31,1,-2.1509177684783936,-2.095278739929199,-0.7708156108856201
headdress,cut_recent_history,31,2,-0.7708156108856201,-1.4440560340881348,-0.9534949660301208
headdress,cut_recent_history,31,3,-0.9534949660301208,-2.4350523948669434,0.5886073112487793
headdress,cut_recent_history,31,4,0.5886073112487793,-1.2458503246307373,0.1547127366065979
headdress,cut_recent_history,31,5,0.1547127366065979,2.9331142902374268,2.3685402870178223
headdress,cut_recent_history,31,6,2.3685402870178223,2.627718925476074,3.3593926429748535
headdress,cut_recent_history,31,7,3.3593926429748535,1.6807193756103516,0.8710439205169678
headdress,cut_recent_history,31,8,0.8710439205169678,1.4659101963043213,3.301840305328369
headdress,cut_recent_history,31,9,3.301840305328369,3.749798059463501,2.7619028091430664
headdress,cut_recent_history,31,10,2.7619028091430664,1.3632409572601318,3.084406852722168
headdress,cut_recent_history,31,11,3.084406852722168,4.322227478027344,3.00575590133667
headdress,cut_recent_history,31,12,3.00575590133667,2.878483772277832,2.138307809829712
headdress,cut_recent_history,31,13,2.138307809829712,2.054422378540039,2.0054101943969727
headdress,cut_recent_history,31,14,2.0054101943969727,3.0495083332061768,2.6646058559417725
headdress,cut_recent_history,31,15,2.6646058559417725,1.8675520420074463,0.7073259353637695
headdress,cut_recent_history,31,16,0.7073259353637695,2.1582748889923096,2.9539968967437744
headdress,cut_recent_history,31,17,2.9539968967437744,2.2699153423309326,4.4683685302734375
headdress,cut_recent_history,31,18,4.4683685302734375,4.529930114746094,4.112912654876709
headdress,cut_recent_history,31,19,4.112912654876709,3.0963306427001953,3.8137545585632324
headdress,cut_recent_history,31,20,3.8137545585632324,4.664127826690674,3.8603501319885254
headdress,cut_recent_history,31,21,3.8603501319885254,3.8583202362060547,2.74334716796875
headdress,cut_recent_history,31,22,2.74334716796875,-1.3355900049209595,0.2509610652923584
headdress,cut_recent_history,31,23,0.2509610652923584,2.338966131210327,3.229017734527588
headdress,cut_recent_history,31,24,3.229017734527588,3.4794082641601562,3.559877872467041
headdress,cut_recent_history,31,25,3.559877872467041,4.992390155792236,4.509331226348877
headdress,cut_recent_history,31,26,4.509331226348877,4.288715839385986,1.5903517007827759
headdress,cut_recent_history,31,27,1.5903517007827759,3.1106128692626953,5.08802604675293
headdress,cut_recent_history,31,28,5.08802604675293,6.730687141418457,1.0901577472686768
headdress,cut_recent_history,31,29,1.0901577472686768,1.2346885204315186,1.6838817596435547
headdress,cut_recent_history,31,30,1.6838817596435547,2.5238912105560303,1.544708251953125
headdress,cut_recent_history,31,31,1.544708251953125,1.9570107460021973,1.905660629272461
headdress,cut_recent_history,32,0,1.7169839143753052,1.114145040512085,0.6888054609298706
headdress,cut_recent_history,32,1,0.6888054609298706,0.8402245044708252,0.8411980271339417
headdress,cut_recent_history,32,2,0.8411980271339417,1.0860539674758911,1.2472360134124756
headdress,cut_recent_history,32,3,1.2472360134124756,0.8256335258483887,0.0033338069915771484
headdress,cut_recent_history,32,4,0.0033338069915771484,0.5576517581939697,-0.8253278136253357
headdress,cut_recent_history,32,5,-0.8253278136253357,-0.38235679268836975,0.644285261631012
headdress,cut_recent_history,32,6,0.644285261631012,0.24616611003875732,0.7814763784408569
headdress,cut_recent_history,32,7,0.7814763784408569,0.06475305557250977,-0.3884474039077759
headdress,cut_recent_history,32,8,-0.3884474039077759,-0.3327653408050537,0.8546657562255859
headdress,cut_recent_history,32,9,0.8546657562255859,-0.06310504674911499,0.6947222352027893
headdress,cut_recent_history,32,10,0.6947222352027893,0.9585488438606262,1.780977725982666
headdress,cut_recent_history,32,11,1.780977725982666,1.5118714570999146,1.5362074375152588
headdress,cut_recent_history,32,12,1.5362074375152588,0.8844501376152039,1.7707247734069824
headdress,cut_recent_history,32,13,1.7707247734069824,0.5085717439651489,0.17906194925308228
headdress,cut_recent_history,32,14,0.17906194925308228,0.4198596477508545,0.9031489491462708
headdress,cut_recent_history,32,15,0.9031489491462708,1.1689913272857666,0.5401679277420044
headdress,cut_recent_history,32,16,0.5401679277420044,1.4786303043365479,2.312147378921509
headdress,cut_recent_history,32,17,2.312147378921509,2.4757890701293945,1.7276945114135742
headdress,cut_recent_history,32,18,1.7276945114135742,1.481406807899475,0.30101478099823
headdress,cut_recent_history,32,19,0.30101478099823,-0.04415935277938843,-0.22736430168151855
headdress,cut_recent_history,32,20,-0.22736430168151855,0.5578947067260742,0.7799060344696045
headdress,cut_recent_history,32,21,0.7799060344696045,0.902432918548584,1.1950260400772095
headdress,cut_recent_history,32,22,1.1950260400772095,1.735825777053833,1.3676886558532715
headdress,cut_recent_history,32,23,1.3676886558532715,1.613266944885254,2.2768030166625977
headdress,cut_recent_history,32,24,2.2768030166625977,2.344245672225952,2.423149585723877
headdress,cut_recent_history,32,25,2.423149585723877,4.410261631011963,4.184755802154541
headdress,cut_recent_history,32,26,4.184755802154541,3.2465081214904785,4.068104267120361
headdress,cut_recent_history,32,27,4.068104267120361,3.0927886962890625,3.6572537422180176
headdress,cut_recent_history,32,28,3.6572537422180176,3.240546703338623,3.365631580352783
headdress,cut_recent_history,32,29,3.365631580352783,2.7603983879089355,4.029874801635742
headdress,cut_recent_history,32,30,4.029874801635742,3.444359302520752,4.906551361083984
headdress,cut_recent_history,32,31,4.906551361083984,6.030477046966553,5.948321342468262
headdress,cut_recent_history,33,0,0.6139160990715027,0.7168681621551514,0.6173070669174194
headdress,cut_recent_history,33,1,0.6173070669174194,1.1975030899047852,1.6878557205200195
headdress,cut_recent_history,33,2,1.6878557205200195,1.3087408542633057,2.961510181427002
headdress,cut_recent_history,33,3,2.961510181427002,1.9871397018432617,4.418946266174316
headdress,cut_recent_history,33,4,4.418946266174316,4.077953815460205,4.693188667297363
headdress,cut_recent_history,33,5,4.693188667297363,2.9428024291992188,1.5078539848327637
headdress,cut_recent_history,33,6,1.5078539848327637,-0.15586388111114502,1.9954233169555664
headdress,cut_recent_history,33,7,1.9954233169555664,1.4401516914367676,1.3993580341339111
headdress,cut_recent_history,33,8,1.3993580341339111,-0.5021613836288452,0.744504451751709
headdress,cut_recent_history,33,9,0.744504451751709,0.3755849599838257,0.5190975666046143
headdress,cut_recent_history,33,10,0.5190975666046143,0.7580175399780273,0.6526980400085449
headdress,cut_recent_history,33,11,0.6526980400085449,0.002480924129486084,-0.49169445037841797
headdress,cut_recent_history,33,12,-0.49169445037841797,-1.5194649696350098,-2.535874366760254
headdress,cut_recent_history,33,13,-2.535874366760254,-1.9118592739105225,-2.632218837738037
headdress,cut_recent_history,33,14,-2.632218837738037,-2.8830254077911377,-2.365267753601074
headdress,cut_recent_history,33,15,-2.365267753601074,-2.978616237640381,-4.692363739013672
headdress,cut_recent_history,33,16,-4.692363739013672,-5.593934535980225,-7.057981491088867
headdress,cut_recent_history,33,17,-7.057981491088867,-6.662980556488037,-5.97484016418457
headdress,cut_recent_history,33,18,-5.97484016418457,-6.354562759399414,-4.997174263000488
headdress,cut_recent_history,33,19,-4.997174263000488,-5.17629337310791,-5.537652015686035
headdress,cut_recent_history,33,20,-5.537652015686035,-4.900152206420898,-6.213164329528809
headdress,cut_recent_history,33,21,-6.213164329528809,-5.079591751098633,-4.385649681091309
headdress,cut_recent_history,33,22,-4.385649681091309,-4.335578918457031,-3.5403449535369873
headdress,cut_recent_history,33,23,-3.5403449535369873,-2.854468822479248,-3.531320095062256
headdress,cut_recent_history,33,24,-3.531320095062256,-2.5255680084228516,-2.389296054840088
headdress,cut_recent_history,33,25,-2.389296054840088,-3.043572425842285,-3.124847412109375
headdress,cut_recent_history,33,26,-3.124847412109375,-2.662151575088501,-3.011547803878784
headdress,cut_recent_history,33,27,-3.011547803878784,-2.457089900970459,-2.0989608764648438
headdress,cut_recent_history,33,28,-2.0989608764648438,-1.4855914115905762,-0.8580259084701538
headdress,cut_recent_history,33,29,-0.8580259084701538,-1.3909013271331787,-1.8578952550888062
headdress,cut_recent_history,33,30,-1.8578952550888062,-1.1344674825668335,1.1551954746246338
headdress,cut_recent_history,33,31,1.1551954746246338,0.4541524052619934,-0.519127368927002
headdress,cut_recent_history,34,0,-3.5932207107543945,-1.1417285203933716,-3.080958127975464
headdress,cut_recent_history,34,1,-3.080958127975464,-3.2018089294433594,-3.186985492706299
headdress,cut_recent_history,34,2,-3.186985492706299,-1.1821653842926025,-0.6763629913330078
headdress,cut_recent_history,34,3,-0.6763629913330078,0.3647029399871826,-0.1471896767616272
headdress,cut_recent_history,34,4,-0.1471896767616272,0.12474498152732849,1.1354973316192627
headdress,cut_recent_history,34,5,1.1354973316192627,0.5073413252830505,0.835590660572052
headdress,cut_recent_history,34,6,0.835590660572052,0.912218451499939,-0.4726526737213135
headdress,cut_recent_history,34,7,-0.4726526737213135,-0.09870433807373047,0.5192872285842896
headdress,cut_recent_history,34,8,0.5192872285842896,0.00411069393157959,0.3115586042404175
headdress,cut_recent_history,34,9,0.3115586042404175,0.012463927268981934,0.6282647848129272
headdress,cut_recent_history,34,10,0.6282647848129272,-0.29619312286376953,1.3567895889282227
headdress,cut_recent_history,34,11,1.3567895889282227,0.004145443439483643,1.0353844165802002
headdress,cut_recent_history,34,12,1.0353844165802002,0.8183541297912598,0.7740453481674194
headdress,cut_recent_history,34,13,0.7740453481674194,0.9582359790802002,-0.40373802185058594
headdress,cut_recent_history,34,14,-0.40373802185058594,0.39808183908462524,1.4393478631973267
headdress,cut_recent_history,34,15,1.4393478631973267,1.7513067722320557,0.8186676502227783
headdress,cut_recent_history,34,16,0.8186676502227783,-1.103703260421753,-1.5907529592514038
headdress,cut_recent_history,34,17,-1.5907529592514038,-2.49776029586792,-2.499030113220215
headdress,cut_recent_history,34,18,-2.499030113220215,-3.3573508262634277,-2.277712345123291
headdress,cut_recent_history,34,19,-2.277712345123291,-2.4203643798828125,-2.02044939994812
headdress,cut_recent_history,34,20,-2.02044939994812,-3.6882338523864746,-3.2343151569366455
headdress,cut_recent_history,34,21,-3.2343151569366455,-1.4844120740890503,-2.3802452087402344
headdress,cut_recent_history,34,22,-2.3802452087402344,-1.7477160692214966,-2.345106601715088
headdress,cut_recent_history,34,23,-2.345106601715088,-1.8560993671417236,-3.3242454528808594
headdress,cut_recent_history,34,24,-3.3242454528808594,-3.132655143737793,-3.0346949100494385
headdress,cut_recent_history,34,25,-3.0346949100494385,-1.5841038227081299,-1.7897050380706787
headdress,cut_recent_history,34,26,-1.7897050380706787,-3.1365957260131836,-3.9832444190979004
headdress,cut_recent_history,34,27,-3.9832444190979004,-3.58124041557312,-3.7818350791931152
headdress,cut_recent_history,34,28,-3.7818350791931152,-2.8710367679595947,-3.0352542400360107
headdress,cut_recent_history,34,29,-3.0352542400360107,-2.0485317707061768,-1.6656522750854492
headdress,cut_recent_history,34,30,-1.6656522750854492,-2.1007742881774902,-2.8719940185546875
headdress,cut_recent_history,34,31,-2.8719940185546875,-4.8669023513793945,-1.347515344619751
headdress,cut_recent_history,35,0,-1.3885732889175415,0.10490712523460388,-0.35549694299697876
headdress,cut_recent_history,35,1,-0.35549694299697876,-0.3230375647544861,-1.5515265464782715
headdress,cut_recent_history,35,2,-1.5515265464782715,0.689802348613739,0.9658520221710205
headdress,cut_recent_history,35,3,0.9658520221710205,2.688528060913086,2.9112613201141357
headdress,cut_recent_history,35,4,2.9112613201141357,2.3820691108703613,2.323417901992798
headdress,cut_recent_history,35,5,2.323417901992798,2.661132574081421,1.537001371383667
headdress,cut_recent_history,35,6,1.537001371383667,2.7308743000030518,2.4506778717041016
headdress,cut_recent_history,35,7,2.4506778717041016,1.09749174118042,-0.938602089881897
headdress,cut_recent_history,35,8,-0.938602089881897,-1.8580514192581177,1.1939239501953125
headdress,cut_recent_history,35,9,1.1939239501953125,0.7683796882629395,1.6540147066116333
headdress,cut_recent_history,35,10,1.6540147066116333,0.9271203279495239,-0.4929673671722412
headdress,cut_recent_history,35,11,-0.4929673671722412,-0.7645789980888367,-0.40108630061149597
headdress,cut_recent_history,35,12,-0.40108630061149597,-0.8401927947998047,0.6148458123207092
headdress,cut_recent_history,35,13,0.6148458123207092,0.8874191045761108,-0.17897391319274902
headdress,cut_recent_history,35,14,-0.17897391319274902,0.7212276458740234,1.5267621278762817
headdress,cut_recent_history,35,15,1.5267621278762817,1.3445210456848145,2.2977919578552246
headdress,cut_recent_history,35,16,2.2977919578552246,3.103869915008545,3.402864933013916
headdress,cut_recent_history,35,17,3.402864933013916,3.512636423110962,3.4838013648986816
headdress,cut_recent_history,35,18,3.4838013648986816,3.5355019569396973,3.8270511627197266
headdress,cut_recent_history,35,19,3.8270511627197266,4.176118850708008,3.685382604598999
headdress,cut_recent_history,35,20,3.685382604598999,4.824093341827393,5.552730560302734
headdress,cut_recent_history,35,21,5.552730560302734,4.2371063232421875,2.8896079063415527
headdress,cut_recent_history,35,22,2.8896079063415527,3.964576244354248,4.2788615226745605
headdress,cut_recent_history,35,23,4.2788615226745605,2.6291122436523438,3.1757845878601074
headdress,cut_recent_history,35,24,3.1757845878601074,1.7393794059753418,2.4647200107574463
headdress,cut_recent_history,35,25,2.4647200107574463,2.770698070526123,3.227334499359131
headdress,cut_recent_history,35,26,3.227334499359131,3.0478320121765137,3.307473659515381
headdress,cut_recent_history,35,27,3.307473659515381,2.660871744155884,2.7935688495635986
headdress,cut_recent_history,35,28,2.7935688495635986,-3.648232936859131,-3.1575121879577637
headdress,cut_recent_history,35,29,-3.1575121879577637,-1.7970927953720093,-1.9379147291183472
headdress,cut_recent_history,35,30,-1.9379147291183472,-1.4478802680969238,-1.3995164632797241
headdress,cut_recent_history,35,31,-1.3995164632797241,0.41777634620666504,-0.10095900297164917
headdress,cut_recent_history,36,0,-3.360307216644287,-0.952327311038971,-0.3509436547756195
headdress,cut_recent_history,36,1,-0.3509436547756195,-1.0285351276397705,-1.2036391496658325
headdress,cut_recent_history,36,2,-1.2036391496658325,0.6103097796440125,-0.578855037689209
headdress,cut_recent_history,36,3,-0.578855037689209,0.12720173597335815,-3.423997640609741
headdress,cut_recent_history,36,4,-3.423997640609741,-3.491994619369507,0.04009467363357544
headdress,cut_recent_history,36,5,0.04009467363357544,-0.9896801710128784,1.167860507965088
headdress,cut_recent_history,36,6,1.167860507965088,-1.8474668264389038,-0.25867557525634766
headdress,cut_recent_history,36,7,-0.25867557525634766,-0.5231071710586548,-0.6217937469482422
headdress,cut_recent_history,36,8,-0.6217937469482422,-1.1305307149887085,-0.7072073817253113
headdress,cut_recent_history,36,9,-0.7072073817253113,0.8324617147445679,-0.25481298565864563
headdress,cut_recent_history,36,10,-0.25481298565864563,-0.49011707305908203,-1.7098698616027832
headdress,cut_recent_history,36,11,-1.7098698616027832,-1.2446216344833374,0.18471962213516235
headdress,cut_recent_history,36,12,0.18471962213516235,-0.8864454030990601,-0.7026046514511108
headdress,cut_recent_history,36,13,-0.7026046514511108,-0.1839856505393982,-0.5752224326133728
headdress,cut_recent_history,36,14,-0.5752224326133728,0.4473775029182434,0.8306384086608887
headdress,cut_recent_history,36,15,0.8306384086608887,-0.8791223764419556,-1.7445732355117798
headdress,cut_recent_history,36,16,-1.7445732355117798,-1.8834154605865479,-2.0211310386657715
headdress,cut_recent_history,36,17,-2.0211310386657715,-1.6532049179077148,-1.2843371629714966
headdress,cut_recent_history,36,18,-1.2843371629714966,-1.2497186660766602,-2.6694350242614746
headdress,cut_recent_history,36,19,-2.6694350242614746,-2.5168609619140625,-1.7926355600357056
headdress,cut_recent_history,36,20,-1.7926355600357056,-0.9944329857826233,-1.0010645389556885
headdress,cut_recent_history,36,21,-1.0010645389556885,-1.5656530857086182,-1.4809620380401611
headdress,cut_recent_history,36,22,-1.4809620380401611,-2.331317186355591,-2.1113340854644775
headdress,cut_recent_history,36,23,-2.1113340854644775,-4.182272911071777,-4.212223529815674
headdress,cut_recent_history,36,24,-4.212223529815674,-2.8214845657348633,-2.7189927101135254
headdress,cut_recent_history,36,25,-2.7189927101135254,-3.0025839805603027,-4.435698509216309
headdress,cut_recent_history,36,26,-4.435698509216309,-3.171400547027588,-3.5753211975097656
headdress,cut_recent_history,36,27,-3.5753211975097656,-2.528341293334961,-2.242785930633545
headdress,cut_recent_history,36,28,-2.242785930633545,-2.8905932903289795,-3.4966983795166016
headdress,cut_recent_history,36,29,-3.4966983795166016,-2.7709784507751465,-2.894364356994629
headdress,cut_recent_history,36,30,-2.894364356994629,-2.531741142272949,-1.90495765209198
headdress,cut_recent_history,36,31,-1.90495765209198,-0.07807815074920654,-0.8889509439468384
headdress,cut_recent_history,37,0,0.3631969690322876,-2.431591510772705,-0.24886465072631836
headdress,cut_recent_history,37,1,-0.24886465072631836,-1.0344796180725098,-0.8010135889053345
headdress,cut_recent_history,37,2,-0.8010135889053345,-2.232042074203491,-2.5803370475769043
headdress,cut_recent_history,37,3,-2.5803370475769043,-2.576854705810547,-1.688454270362854
headdress,cut_recent_history,37,4,-1.688454270362854,-2.723813056945801,-3.8210275173187256
headdress,cut_recent_history,37,5,-3.8210275173187256,-5.166349411010742,-3.3634884357452393
headdress,cut_recent_history,37,6,-3.3634884357452393,-3.171795606613159,-2.4384498596191406
headdress,cut_recent_history,37,7,-2.4384498596191406,-2.012507200241089,-3.2974023818969727
headdress,cut_recent_history,37,8,-3.2974023818969727,-3.8414306640625,-3.0576066970825195
headdress,cut_recent_history,37,9,-3.0576066970825195,-3.5397534370422363,-3.840789318084717
headdress,cut_recent_history,37,10,-3.840789318084717,-3.699009895324707,-3.9108548164367676
headdress,cut_recent_history,37,11,-3.9108548164367676,-2.605180263519287,-2.455052614212036
headdress,cut_recent_history,37,12,-2.455052614212036,-1.5961942672729492,-1.9128735065460205
headdress,cut_recent_history,37,13,-1.9128735065460205,-2.109426498413086,-0.6730911731719971
headdress,cut_recent_history,37,14,-0.6730911731719971,-0.49051207304000854,-1.075086236000061
headdress,cut_recent_history,37,15,-1.075086236000061,-0.9491134881973267,-0.4793981909751892
headdress,cut_recent_history,37,16,-0.4793981909751892,0.6595273613929749,1.0193307399749756
headdress,cut_recent_history,37,17,1.0193307399749756,0.4335936903953552,-0.3250514268875122
headdress,cut_recent_history,37,18,-0.3250514268875122,-0.15352940559387207,-1.3123667240142822
headdress,cut_recent_history,37,19,-1.3123667240142822,-1.2537600994110107,-1.4592688083648682
headdress,cut_recent_history,37,20,-1.4592688083648682,-1.4356880187988281,-2.0466129779815674
headdress,cut_recent_history,37,21,-2.0466129779815674,-2.3718695640563965,-3.478485345840454
headdress,cut_recent_history,37,22,-3.478485345840454,-3.617431163787842,-2.977281093597412
headdress,cut_recent_history,37,23,-2.977281093597412,-2.8036415576934814,-2.84213924407959
headdress,cut_recent_history,37,24,-2.84213924407959,-2.5270659923553467,-2.4315788745880127
headdress,cut_recent_history,37,25,-2.4315788745880127,-2.1221389770507812,-1.7552316188812256
headdress,cut_recent_history,37,26,-1.7552316188812256,-1.2979605197906494,-1.2784745693206787
headdress,cut_recent_history,37,27,-1.2784745693206787,-0.43170469999313354,-1.2619459629058838
headdress,cut_recent_history,37,28,-1.2619459629058838,-1.3490943908691406,-1.4922897815704346
headdress,cut_recent_history,37,29,-1.4922897815704346,-1.6598477363586426,-1.046112060546875
headdress,cut_recent_history,37,30,-1.046112060546875,-1.0043448209762573,-0.6284735202789307
headdress,cut_recent_history,37,31,-0.6284735202789307,0.5611209273338318,0.8737195730209351
headdress,cut_recent_history,38,0,-1.4282947778701782,-1.5147068500518799,0.8068274259567261
headdress,cut_recent_history,38,1,0.8068274259567261,0.9971186518669128,4.006812572479248
headdress,cut_recent_history,38,2,4.006812572479248,3.6718266010284424,3.994680643081665
headdress,cut_recent_history,38,3,3.994680643081665,3.71018123626709,5.382290363311768
headdress,cut_recent_history,38,4,5.382290363311768,4.979750156402588,5.10371208190918
headdress,cut_recent_history,38,5,5.10371208190918,2.1911120414733887,4.014537334442139
headdress,cut_recent_history,38,6,4.014537334442139,1.4912948608398438,5.405186176300049
headdress,cut_recent_history,38,7,5.405186176300049,5.1546406745910645,6.79121208190918
headdress,cut_recent_history,38,8,6.79121208190918,5.648627281188965,8.611433982849121
headdress,cut_recent_history,38,9,8.611433982849121,6.1395087242126465,8.060565948486328
headdress,cut_recent_history,38,10,8.060565948486328,6.790876388549805,6.871753215789795
headdress,cut_recent_history,38,11,6.871753215789795,4.692633628845215,6.12408447265625
headdress,cut_recent_history,38,12,6.12408447265625,3.0899667739868164,4.438624382019043
headdress,cut_recent_history,38,13,4.438624382019043,3.208925724029541,4.180838108062744
headdress,cut_recent_history,38,14,4.180838108062744,3.1677846908569336,3.3146839141845703
headdress,cut_recent_history,38,15,3.3146839141845703,3.6298911571502686,4.5153632164001465
headdress,cut_recent_history,38,16,4.5153632164001465,7.554485321044922,8.537187576293945
headdress,cut_recent_history,38,17,8.537187576293945,7.705957412719727,7.95771598815918
headdress,cut_recent_history,38,18,7.95771598815918,7.571742534637451,7.588896751403809
headdress,cut_recent_history,38,19,7.588896751403809,7.397194862365723,8.09898853302002
headdress,cut_recent_history,38,20,8.09898853302002,17.261119842529297,14.89840316772461
headdress,cut_recent_history,38,21,14.89840316772461,15.220502853393555,12.162639617919922
headdress,cut_recent_history,38,22,12.162639617919922,11.352058410644531,11.665776252746582
headdress,cut_recent_history,38,23,11.665776252746582,11.548622131347656,10.651934623718262
headdress,cut_recent_history,38,24,10.651934623718262,10.35369873046875,11.100826263427734
headdress,cut_recent_history,38,25,11.100826263427734,9.886422157287598,10.716046333312988
headdress,cut_recent_history,38,26,10.716046333312988,9.595911026000977,10.856832504272461
headdress,cut_recent_history,38,27,10.856832504272461,9.489702224731445,10.641317367553711
headdress,cut_recent_history,38,28,10.641317367553711,9.217090606689453,9.87722396850586
headdress,cut_recent_history,38,29,9.87722396850586,7.846291542053223,9.068882942199707
headdress,cut_recent_history,38,30,9.068882942199707,6.019282341003418,5.481374740600586
headdress,cut_recent_history,38,31,5.481374740600586,2.6982550621032715,1.559244990348816
headdress,cut_recent_history,39,0,-0.5789556503295898,1.0683856010437012,3.982531785964966
headdress,cut_recent_history,39,1,3.982531785964966,4.640857696533203,3.880882978439331
headdress,cut_recent_history,39,2,3.880882978439331,3.731142997741699,4.156617164611816
headdress,cut_recent_history,39,3,4.156617164611816,3.2427611351013184,1.2368491888046265
headdress,cut_recent_history,39,4,1.2368491888046265,0.7382924556732178,1.184178352355957
headdress,cut_recent_history,39,5,1.184178352355957,1.2980451583862305,2.196141481399536
headdress,cut_recent_history,39,6,2.196141481399536,-1.095526099205017,1.5997047424316406
headdress,cut_recent_history,39,7,1.5997047424316406,-1.8975005149841309,-1.0930685997009277
headdress,cut_recent_history,39,8,-1.0930685997009277,-1.838027000427246,-1.466486930847168
headdress,cut_recent_history,39,9,-1.466486930847168,-3.6489217281341553,-1.631065845489502
headdress,cut_recent_history,39,10,-1.631065845489502,-2.5768678188323975,-0.05589187145233154
headdress,cut_recent_history,39,11,-0.05589187145233154,-2.826626777648926,0.2280840277671814
headdress,cut_recent_history,39,12,0.2280840277671814,-1.5782614946365356,1.4308457374572754
headdress,cut_recent_history,39,13,1.4308457374572754,1.1011357307434082,-0.5504764318466187
headdress,cut_recent_history,39,14,-0.5504764318466187,-1.1821967363357544,-0.5866780281066895
headdress,cut_recent_history,39,15,-0.5866780281066895,-0.8896194100379944,-0.18009406328201294
headdress,cut_recent_history,39,16,-0.18009406328201294,-1.4802531003952026,-2.1128063201904297
headdress,cut_recent_history,39,17,-2.1128063201904297,-1.0113444328308105,-2.2694263458251953
headdress,cut_recent_history,39,18,-2.2694263458251953,-2.3445067405700684,-2.550189971923828
headdress,cut_recent_history,39,19,-2.550189971923828,-1.2824525833129883,-1.54146409034729
headdress,cut_recent_history,39,20,-1.54146409034729,-0.4707094430923462,-1.3158378601074219
headdress,cut_recent_history,39,21,-1.3158378601074219,-5.148874759674072,-4.613440990447998
headdress,cut_recent_history,39,22,-4.613440990447998,-4.251247406005859,-4.230342388153076
headdress,cut_recent_history,39,23,-4.230342388153076,-4.229872703552246,-4.173328399658203
headdress,cut_recent_history,39,24,-4.173328399658203,-13.232192993164062,-12.240159034729004
headdress,cut_recent_history,39,25,-12.240159034729004,-12.034123420715332,-12.365309715270996
headdress,cut_recent_history,39,26,-12.365309715270996,-11.154610633850098,-10.224628448486328
headdress,cut_recent_history,39,27,-10.224628448486328,-8.176199913024902,-9.823110580444336
headdress,cut_recent_history,39,28,-9.823110580444336,-9.311995506286621,-9.111898422241211
headdress,cut_recent_history,39,29,-9.111898422241211,-8.79574203491211,-9.839956283569336
headdress,cut_recent_history,39,30,-9.839956283569336,-10.11331844329834,-6.576233863830566
headdress,cut_recent_history,39,31,-6.576233863830566,-2.985673189163208,-2.0066325664520264
headdress,cut_recent_history,40,0,2.7670819759368896,1.256075143814087,4.066851615905762
headdress,cut_recent_history,40,1,4.066851615905762,3.82277774810791,4.499197483062744
headdress,cut_recent_history,40,2,4.499197483062744,1.8865379095077515,0.6656374335289001
headdress,cut_recent_history,40,3,0.6656374335289001,-1.3401976823806763,-4.657683372497559
headdress,cut_recent_history,40,4,-4.657683372497559,-6.167021751403809,-5.9206719398498535
headdress,cut_recent_history,40,5,-5.9206719398498535,-6.904794692993164,-5.736359119415283
headdress,cut_recent_history,40,6,-5.736359119415283,-4.475906848907471,-3.274339437484741
headdress,cut_recent_history,40,7,-3.274339437484741,-2.8478944301605225,0.4918041229248047
headdress,cut_recent_history,40,8,0.4918041229248047,-0.024765968322753906,1.004795789718628
headdress,cut_recent_history,40,9,1.004795789718628,0.04774284362792969,-2.4893341064453125
headdress,cut_recent_history,40,10,-2.4893341064453125,-2.122720241546631,0.2869887351989746
headdress,cut_recent_history,40,11,0.2869887351989746,-0.03655886650085449,-0.4115266799926758
headdress,cut_recent_history,40,12,-0.4115266799926758,-0.7782936096191406,0.8058557510375977
headdress,cut_recent_history,40,13,0.8058557510375977,2.858322858810425,-0.07720744609832764
headdress,cut_recent_history,40,14,-0.07720744609832764,-0.69218909740448,-2.201159954071045
headdress,cut_recent_history,40,15,-2.201159954071045,-1.3801969289779663,-2.2779788970947266
headdress,cut_recent_history,40,16,-2.2779788970947266,-0.6539855003356934,0.48859715461730957
headdress,cut_recent_history,40,17,0.48859715461730957,1.590925931930542,-0.2737870216369629
headdress,cut_recent_history,40,18,-0.2737870216369629,-0.462741494178772,0.33735495805740356
headdress,cut_recent_history,40,19,0.33735495805740356,-0.0008214712142944336,0.2908332347869873
headdress,cut_recent_history,40,20,0.2908332347869873,0.9918375015258789,1.131546974182129
headdress,cut_recent_history,40,21,1.131546974182129,1.8563964366912842,2.658433437347412
headdress,cut_recent_history,40,22,2.658433437347412,6.365001201629639,5.199178695678711
headdress,cut_recent_history,40,23,5.199178695678711,4.920720100402832,5.258177757263184
headdress,cut_recent_history,40,24,5.258177757263184,-0.48093342781066895,0.7685110569000244
headdress,cut_recent_history,40,25,0.7685110569000244,5.3736114501953125,5.65926456451416
headdress,cut_recent_history,40,26,5.65926456451416,1.5498979091644287,0.18942594528198242
headdress,cut_recent_history,40,27,0.18942594528198242,-1.9593281745910645,-3.2138967514038086
headdress,cut_recent_history,40,28,-3.2138967514038086,-3.5375349521636963,-4.478121757507324
headdress,cut_recent_history,40,29,-4.478121757507324,-3.706868886947632,-5.10992956161499
headdress,cut_recent_history,40,30,-5.10992956161499,-2.391692638397217,-2.2931888103485107
headdress,cut_recent_history,40,31,-2.2931888103485107,0.07651329040527344,-1.3077505826950073
headdress,cut_recent_history,41,0,0.07131147384643555,2.130772113800049,3.558032989501953
headdress,cut_recent_history,41,1,3.558032989501953,4.356481075286865,3.5965774059295654
headdress,cut_recent_history,41,2,3.5965774059295654,3.2358503341674805,2.56059193611145
headdress,cut_recent_history,41,3,2.56059193611145,1.8703700304031372,3.3396425247192383
headdress,cut_recent_history,41,4,3.3396425247192383,2.987997055053711,4.188624382019043
headdress,cut_recent_history,41,5,4.188624382019043,2.82655668258667,4.19165563583374
headdress,cut_recent_history,41,6,4.19165563583374,2.000739097595215,1.2022578716278076
headdress,cut_recent_history,41,7,1.2022578716278076,-0.05667860805988312,2.1163649559020996
headdress,cut_recent_history,41,8,2.1163649559020996,0.9407386779785156,1.4407448768615723
headdress,cut_recent_history,41,9,1.4407448768615723,-0.2779608368873596,0.08084988594055176
headdress,cut_recent_history,41,10,0.08084988594055176,1.620728850364685,1.7190624475479126
headdress,cut_recent_history,41,11,1.7190624475479126,-0.3392547369003296,1.7832372188568115
headdress,cut_recent_history,41,12,1.7832372188568115,1.0132204294204712,0.5130643248558044
headdress,cut_recent_history,41,13,0.5130643248558044,0.6005387902259827,0.8370485305786133
headdress,cut_recent_history,41,14,0.8370485305786133,0.4862213134765625,-0.1010950580239296
headdress,cut_recent_history,41,15,-0.1010950580239296,1.2757322788238525,2.354179859161377
headdress,cut_recent_history,41,16,2.354179859161377,3.1461195945739746,1.655428171157837
headdress,cut_recent_history,41,17,1.655428171157837,2.341353416442871,2.1556708812713623
headdress,cut_recent_history,41,18,2.1556708812713623,1.7081677913665771,0.9839718341827393
headdress,cut_recent_history,41,19,0.9839718341827393,1.3401365280151367,1.4512267112731934
headdress,cut_recent_history,41,20,1.4512267112731934,1.8547635078430176,0.07098937034606934
headdress,cut_recent_history,41,21,0.07098937034606934,-2.4016313552856445,-2.5085160732269287
headdress,cut_recent_history,41,22,-2.5085160732269287,-1.4365469217300415,-0.24562335014343262
headdress,cut_recent_history,41,23,-0.24562335014343262,-0.4285789728164673,-0.8795359134674072
headdress,cut_recent_history,41,24,-0.8795359134674072,-5.186468124389648,-7.3250885009765625
headdress,cut_recent_history,41,25,-7.3250885009765625,-9.283726692199707,-7.28009033203125
headdress,cut_recent_history,41,26,-7.28009033203125,-1.477933645248413,-0.637143075466156
headdress,cut_recent_history,41,27,-0.637143075466156,3.1231746673583984,4.022037029266357
headdress,cut_recent_history,41,28,4.022037029266357,3.365279197692871,3.985767364501953
headdress,cut_recent_history,41,29,3.985767364501953,1.7149616479873657,3.6658456325531006
headdress,cut_recent_history,41,30,3.6658456325531006,1.7498784065246582,3.6019108295440674
headdress,cut_recent_history,41,31,3.6019108295440674,1.9408252239227295,2.4005520343780518
headdress,cut_recent_history,42,0,-0.5907708406448364,-0.8117958903312683,1.3635540008544922
headdress,cut_recent_history,42,1,1.3635540008544922,1.2025423049926758,0.9223730564117432
headdress,cut_recent_history,42,2,0.9223730564117432,1.8197076320648193,1.5955734252929688
headdress,cut_recent_history,42,3,1.5955734252929688,1.0137174129486084,-1.1333166360855103
headdress,cut_recent_history,42,4,-1.1333166360855103,-0.7548298835754395,-0.3011941909790039
headdress,cut_recent_history,42,5,-0.3011941909790039,0.47055625915527344,1.182733416557312
headdress,cut_recent_history,42,6,1.182733416557312,0.4372596740722656,-1.174299716949463
headdress,cut_recent_history,42,7,-1.174299716949463,-1.8976513147354126,-1.125232219696045
headdress,cut_recent_history,42,8,-1.125232219696045,0.08339822292327881,0.689835786819458
headdress,cut_recent_history,42,9,0.689835786819458,0.9507670402526855,-1.845585823059082
headdress,cut_recent_history,42,10,-1.845585823059082,-2.097001075744629,-2.5442113876342773
headdress,cut_recent_history,42,11,-2.5442113876342773,-2.540134906768799,-2.665635108947754
headdress,cut_recent_history,42,12,-2.665635108947754,-1.7748188972473145,-0.6205052733421326
headdress,cut_recent_history,42,13,-0.6205052733421326,-1.7832372188568115,-1.7621862888336182
headdress,cut_recent_history,42,14,-1.7621862888336182,0.340873122215271,0.2510194182395935
headdress,cut_recent_history,42,15,0.2510194182395935,5.469719409942627,4.373294830322266
headdress,cut_recent_history,42,16,4.373294830322266,8.036617279052734,9.078770637512207
headdress,cut_recent_history,42,17,9.078770637512207,8.345635414123535,9.606477737426758
headdress,cut_recent_history,42,18,9.606477737426758,9.43993854522705,9.849586486816406
headdress,cut_recent_history,42,19,9.849586486816406,10.148090362548828,10.476788520812988
headdress,cut_recent_history,42,20,10.476788520812988,10.902381896972656,10.781694412231445
headdress,cut_recent_history,42,21,10.781694412231445,10.670677185058594,9.968181610107422
headdress,cut_recent_history,42,22,9.968181610107422,8.991761207580566,9.170721054077148
headdress,cut_recent_history,42,23,9.170721054077148,9.039775848388672,8.63272476196289
headdress,cut_recent_history,42,24,8.63272476196289,7.39749813079834,6.728945732116699
headdress,cut_recent_history,42,25,6.728945732116699,6.341658115386963,7.115636348724365
headdress,cut_recent_history,42,26,7.115636348724365,6.645705223083496,8.375980377197266
headdress,cut_recent_history,42,27,8.375980377197266,7.1375732421875,9.068263053894043
headdress,cut_recent_history,42,28,9.068263053894043,6.656461715698242,6.892991065979004
headdress,cut_recent_history,42,29,6.892991065979004,6.311827659606934,7.101823806762695
headdress,cut_recent_history,42,30,7.101823806762695,5.867023944854736,6.738397121429443
headdress,cut_recent_history,42,31,6.738397121429443,7.535214424133301,4.760641574859619
headdress,cut_recent_history,43,0,-3.7328124046325684,-0.5988950729370117,-2.6595168113708496
headdress,cut_recent_history,43,1,-2.6595168113708496,-3.279250144958496,-3.7468719482421875
headdress,cut_recent_history,43,2,-3.7468719482421875,-2.7527427673339844,-3.4182114601135254
headdress,cut_recent_history,43,3,-3.4182114601135254,-3.093252182006836,-2.2015557289123535
headdress,cut_recent_history,43,4,-2.2015557289123535,-4.040782928466797,-4.284309387207031
headdress,cut_recent_history,43,5,-4.284309387207031,-3.9747958183288574,-5.536471366882324
headdress,cut_recent_history,43,6,-5.536471366882324,-2.5338897705078125,-3.031322956085205
headdress,cut_recent_history,43,7,-3.031322956085205,-3.1893842220306396,-3.996779203414917
headdress,cut_recent_history,43,8,-3.996779203414917,-4.185593128204346,-5.000288009643555
headdress,cut_recent_history,43,9,-5.000288009643555,-3.730588436126709,-6.789004325866699
headdress,cut_recent_history,43,10,-6.789004325866699,-5.580846786499023,-4.012801170349121
headdress,cut_recent_history,43,11,-4.012801170349121,-1.5187411308288574,-1.4137752056121826
headdress,cut_recent_history,43,12,-1.4137752056121826,-0.6760056614875793,-0.3423670530319214
headdress,cut_recent_history,43,13,-0.3423670530319214,0.14542758464813232,-2.6104507446289062
headdress,cut_recent_history,43,14,-2.6104507446289062,-2.9153621196746826,-2.86690354347229
headdress,cut_recent_history,43,15,-2.86690354347229,-3.4715323448181152,-3.0248379707336426
headdress,cut_recent_history,43,16,-3.0248379707336426,-2.724343776702881,-1.6286346912384033
headdress,cut_recent_history,43,17,-1.6286346912384033,-1.265702724456787,-1.4077543020248413
headdress,cut_recent_history,43,18,-1.4077543020248413,-1.5721611976623535,-0.7208075523376465
headdress,cut_recent_history,43,19,-0.7208075523376465,-1.4925339221954346,0.39140748977661133
headdress,cut_recent_history,43,20,0.39140748977661133,0.1434030532836914,2.407353401184082
headdress,cut_recent_history,43,21,2.407353401184082,4.497373104095459,3.9839699268341064
headdress,cut_recent_history,43,22,3.9839699268341064,4.451448917388916,4.730576992034912
headdress,cut_recent_history,43,23,4.730576992034912,4.448758125305176,5.298101902008057
headdress,cut_recent_history,43,24,5.298101902008057,12.547879219055176,11.825098991394043
headdress,cut_recent_history,43,25,11.825098991394043,13.094332695007324,13.761178970336914
headdress,cut_recent_history,43,26,13.761178970336914,10.758981704711914,10.247175216674805
headdress,cut_recent_history,43,27,10.247175216674805,7.9118804931640625,8.476876258850098
headdress,cut_recent_history,43,28,8.476876258850098,7.843253135681152,8.198144912719727
headdress,cut_recent_history,43,29,8.198144912719727,9.12343978881836,9.694244384765625
headdress,cut_recent_history,43,30,9.694244384765625,11.153899192810059,8.65384578704834
headdress,cut_recent_history,43,31,8.65384578704834,9.422861099243164,5.783329963684082
headdress,cut_recent_history,44,0,3.495107650756836,3.732987403869629,1.222202181816101
headdress,cut_recent_history,44,1,1.222202181816101,1.9272440671920776,3.3171308040618896
headdress,cut_recent_history,44,2,3.3171308040618896,2.7945942878723145,3.4850401878356934
headdress,cut_recent_history,44,3,3.4850401878356934,2.446402072906494,4.19728946685791
headdress,cut_recent_history,44,4,4.19728946685791,3.637235164642334,3.864358901977539
headdress,cut_recent_history,44,5,3.864358901977539,2.5427863597869873,3.6078298091888428
headdress,cut_recent_history,44,6,3.6078298091888428,0.9949841499328613,2.0034408569335938
headdress,cut_recent_history,44,7,2.0034408569335938,1.3949180841445923,1.9772675037384033
headdress,cut_recent_history,44,8,1.9772675037384033,-1.0001864433288574,1.11099112033844
headdress,cut_recent_history,44,9,1.11099112033844,-0.7779521942138672,-0.7264509797096252
headdress,cut_recent_history,44,10,-0.7264509797096252,-0.8672628998756409,-0.06860941648483276
headdress,cut_recent_history,44,11,-0.06860941648483276,-0.7140297293663025,-0.4142228960990906
headdress,cut_recent_history,44,12,-0.4142228960990906,-0.9484597444534302,-0.3547300100326538
headdress,cut_recent_history,44,13,-0.3547300100326538,-0.9470202326774597,-1.128389835357666
headdress,cut_recent_history,44,14,-1.128389835357666,-1.1258070468902588,-0.6764388084411621
headdress,cut_recent_history,44,15,-0.6764388084411621,0.07124108076095581,-0.8877081871032715
headdress,cut_recent_history,44,16,-0.8877081871032715,0.22365069389343262,0.9528017044067383
headdress,cut_recent_history,44,17,0.9528017044067383,1.1297519207000732,1.9469146728515625
headdress,cut_recent_history,44,18,1.9469146728515625,1.3534197807312012,2.2332630157470703
headdress,cut_recent_history,44,19,2.2332630157470703,2.368378162384033,1.9456260204315186
headdress,cut_recent_history,44,20,1.9456260204315186,3.073713779449463,3.604506492614746
headdress,cut_recent_history,44,21,3.604506492614746,3.9485538005828857,3.714555025100708
headdress,cut_recent_history,44,22,3.714555025100708,2.8014891147613525,3.1048154830932617
headdress,cut_recent_history,44,23,3.1048154830932617,3.2791733741760254,3.149932384490967
headdress,cut_recent_history,44,24,3.149932384490967,3.1191554069519043,3.53564715385437
headdress,cut_recent_history,44,25,3.53564715385437,2.255342960357666,3.2220492362976074
headdress,cut_recent_history,44,26,3.2220492362976074,3.2005789279937744,2.9282164573669434
headdress,cut_recent_history,44,27,2.9282164573669434,2.1790645122528076,3.132418155670166
headdress,cut_recent_history,44,28,3.132418155670166,2.9721434116363525,3.861947536468506
headdress,cut_recent_history,44,29,3.861947536468506,3.1997146606445312,2.7077243328094482
headdress,cut_recent_history,44,30,2.7077243328094482,2.3048813343048096,5.421128749847412
headdress,cut_recent_history,44,31,5.421128749847412,4.949907302856445,1.2635233402252197
headdress,cut_recent_history,45,0,1.2219479084014893,0.7081607580184937,1.8571299314498901
headdress,cut_recent_history,45,1,1.8571299314498901,0.829845666885376,1.662092685699463
headdress,cut_recent_history,45,2,1.662092685699463,0.540271520614624,-1.1508644819259644
headdress,cut_recent_history,45,3,-1.1508644819259644,1.197393536567688,1.353032112121582
headdress,cut_recent_history,45,4,1.353032112121582,4.46573543548584,3.891045570373535
headdress,cut_recent_history,45,5,3.891045570373535,4.835418701171875,3.157228708267212
headdress,cut_recent_history,45,6,3.157228708267212,3.0117061138153076,0.08290719985961914
headdress,cut_recent_history,45,7,0.08290719985961914,3.2162041664123535,1.7590998411178589
headdress,cut_recent_history,45,8,1.7590998411178589,3.937701463699341,3.16469144821167
headdress,cut_recent_history,45,9,3.16469144821167,3.4559249877929688,2.787357807159424
headdress,cut_recent_history,45,10,2.787357807159424,1.918001413345337,-0.051716625690460205
headdress,cut_recent_history,45,11,-0.051716625690460205,-0.38144171237945557,-0.5167370438575745
headdress,cut_recent_history,45,12,-0.5167370438575745,-0.5640572309494019,-4.0405778884887695
headdress,cut_recent_history,45,13,-4.0405778884887695,-3.160731792449951,-0.996433675289154
headdress,cut_recent_history,45,14,-0.996433675289154,0.6093183159828186,-0.46645212173461914
headdress,cut_recent_history,45,15,-0.46645212173461914,0.7765452861785889,0.02170395851135254
headdress,cut_recent_history,45,16,0.02170395851135254,1.1830861568450928,0.2173079252243042
headdress,cut_recent_history,45,17,0.2173079252243042,-0.8301006555557251,0.11433351039886475
headdress,cut_recent_history,45,18,0.11433351039886475,0.7305550575256348,0.7175339460372925
headdress,cut_recent_history,45,19,0.7175339460372925,1.1313368082046509,-0.04761683940887451
headdress,cut_recent_history,45,20,-0.04761683940887451,0.4702870845794678,-0.5897718667984009
headdress,cut_recent_history,45,21,-0.5897718667984009,1.8598448038101196,1.509222149848938
headdress,cut_recent_history,45,22,1.509222149848938,2.6936733722686768,2.137268543243408
headdress,cut_recent_history,45,23,2.137268543243408,2.5044076442718506,2.4421603679656982
headdress,cut_recent_history,45,24,2.4421603679656982,2.765822410583496,2.8572838306427
headdress,cut_recent_history,45,25,2.8572838306427,1.966484785079956,1.7080200910568237
headdress,cut_recent_history,45,26,1.7080200910568237,7.0111494064331055,6.905887603759766
headdress,cut_recent_history,45,27,6.905887603759766,6.691466331481934,7.977662086486816
headdress,cut_recent_history,45,28,7.977662086486816,5.873083114624023,6.239069938659668
headdress,cut_recent_history,45,29,6.239069938659668,5.813628196716309,6.981019496917725
headdress,cut_recent_history,45,30,6.981019496917725,5.363345146179199,3.641336441040039
headdress,cut_recent_history,45,31,3.641336441040039,2.089508533477783,3.9332029819488525
headdress,local16,17,0,-2.690234661102295,-4.651952743530273,-1.987869381904602
headdress,local16,17,1,-1.987869381904602,-3.3143470287323,-1.6213042736053467
headdress,local16,17,2,-1.6213042736053467,-1.2300575971603394,-1.663658857345581
headdress,local16,17,3,-1.663658857345581,-1.961879014968872,-1.3742988109588623
headdress,local16,17,4,-1.3742988109588623,0.03072214126586914,-0.7363977432250977
headdress,local16,17,5,-0.7363977432250977,-1.6512372493743896,-1.2997708320617676
headdress,local16,17,6,-1.2997708320617676,-0.12946665287017822,-0.3467487692832947
headdress,local16,17,7,-0.3467487692832947,-0.30795538425445557,-1.4385486841201782
headdress,local16,17,8,-1.4385486841201782,-1.471989393234253,-0.5054620504379272
headdress,local16,17,9,-0.5054620504379272,-0.06438761949539185,-0.04783676564693451
headdress,local16,17,10,-0.04783676564693451,0.2914804220199585,-0.21952268481254578
headdress,local16,17,11,-0.21952268481254578,0.6435604095458984,0.6371173858642578
headdress,local16,17,12,0.6371173858642578,0.027073204517364502,-0.18936604261398315
headdress,local16,17,13,-0.18936604261398315,-0.14372998476028442,-1.7743834257125854
headdress,local16,17,14,-1.7743834257125854,-1.2290135622024536,-2.789336681365967
headdress,local16,17,15,-2.789336681365967,-2.8327345848083496,-2.395756721496582
headdress,local16,17,16,-2.395756721496582,-2.4548513889312744,-3.512618064880371
headdress,local16,17,17,-3.512618064880371,-3.7856106758117676,-2.7749366760253906
headdress,local16,17,18,-2.7749366760253906,-3.1807236671447754,-3.7888238430023193
headdress,local16,17,19,-3.7888238430023193,-3.806548595428467,-4.0093841552734375
headdress,local16,17,20,-4.0093841552734375,-4.1267194747924805,-2.31533145904541
headdress,local16,17,21,-2.31533145904541,-2.5714657306671143,-2.231381416320801
headdress,local16,17,22,-2.231381416320801,-2.5223004817962646,-1.8030385971069336
headdress,local16,17,23,-1.8030385971069336,-1.8010144233703613,-0.5019680857658386
headdress,local16,17,24,-0.5019680857658386,-0.7103269100189209,-0.7747928500175476
headdress,local16,17,25,-0.7747928500175476,-0.7612016797065735,-1.2090318202972412
headdress,local16,17,26,-1.2090318202972412,-1.3495556116104126,-0.9322590827941895
headdress,local16,17,27,-0.9322590827941895,-1.1752318143844604,-1.2284417152404785
headdress,local16,17,28,-1.2284417152404785,-1.372617483139038,-1.1709481477737427
headdress,local16,17,29,-1.1709481477737427,-0.9191094636917114,0.1380404829978943
headdress,local16,17,30,0.1380404829978943,-0.07424968481063843,0.7745299935340881
headdress,local16,17,31,0.7745299935340881,0.742061197757721,3.266810417175293
headdress,local16,18,0,-2.442255973815918,-0.8057220578193665,2.1978063583374023
headdress,local16,18,1,2.1978063583374023,3.760124921798706,5.4556169509887695
headdress,local16,18,2,5.4556169509887695,6.088940620422363,3.8891963958740234
headdress,local16,18,3,3.8891963958740234,3.958791732788086,3.223597526550293
headdress,local16,18,4,3.223597526550293,2.4672679901123047,0.5434748530387878
headdress,local16,18,5,0.5434748530387878,-0.7106834650039673,-0.7188854813575745
headdress,local16,18,6,-0.7188854813575745,-1.6883190870285034,-1.8160409927368164
headdress,local16,18,7,-1.8160409927368164,-1.566920280456543,-1.9615797996520996
headdress,local16,18,8,-1.9615797996520996,-1.02964186668396,0.7662875056266785
headdress,local16,18,9,0.7662875056266785,-0.7584013938903809,1.6086552143096924
headdress,local16,18,10,1.6086552143096924,1.3400474786758423,0.5708931684494019
headdress,local16,18,11,0.5708931684494019,0.40831637382507324,1.6107697486877441
headdress,local16,18,12,1.6107697486877441,1.615568995475769,1.5734329223632812
headdress,local16,18,13,1.5734329223632812,1.1788920164108276,1.2717926502227783
headdress,local16,18,14,1.2717926502227783,0.5045238733291626,2.8387343883514404
headdress,local16,18,15,2.8387343883514404,1.4056832790374756,2.673171043395996
headdress,local16,18,16,2.673171043395996,2.6605682373046875,3.0529024600982666
headdress,local16,18,17,3.0529024600982666,3.0892109870910645,4.087246894836426
headdress,local16,18,18,4.087246894836426,3.9327993392944336,4.430645942687988
headdress,local16,18,19,4.430645942687988,3.8650355339050293,2.723707437515259
headdress,local16,18,20,2.723707437515259,2.26824951171875,3.228271245956421
headdress,local16,18,21,3.228271245956421,4.758232116699219,3.8497862815856934
headdress,local16,18,22,3.8497862815856934,3.5117316246032715,4.337135314941406
headdress,local16,18,23,4.337135314941406,4.683863639831543,5.741565704345703
headdress,local16,18,24,5.741565704345703,5.657077789306641,6.255358695983887
headdress,local16,18,25,6.255358695983887,6.302160739898682,6.274042129516602
headdress,local16,18,26,6.274042129516602,5.889720916748047,4.670565605163574
headdress,local16,18,27,4.670565605163574,4.892010688781738,3.553846836090088
headdress,local16,18,28,3.553846836090088,2.5892343521118164,2.7581048011779785
headdress,local16,18,29,2.7581048011779785,3.0860085487365723,2.903970718383789
headdress,local16,18,30,2.903970718383789,1.3570566177368164,0.6067215204238892
headdress,local16,18,31,0.6067215204238892,-0.9197593927383423,3.482247829437256
headdress,local16,19,0,2.9172141551971436,1.598118782043457,1.5403203964233398
headdress,local16,19,1,1.5403203964233398,0.0037116408348083496,0.6271660327911377
headdress,local16,19,2,0.6271660327911377,-0.9984970688819885,-0.2863984704017639
headdress,local16,19,3,-0.2863984704017639,-1.0265860557556152,1.9040062427520752
headdress,local16,19,4,1.9040062427520752,1.602612018585205,2.6560652256011963
headdress,local16,19,5,2.6560652256011963,1.8274149894714355,2.526798725128174
headdress,local16,19,6,2.526798725128174,2.1922149658203125,3.496450662612915
headdress,local16,19,7,3.496450662612915,4.244848251342773,4.2007155418396
headdress,local16,19,8,4.2007155418396,4.328592300415039,4.035102844238281
headdress,local16,19,9,4.035102844238281,3.071380138397217,3.3406052589416504
headdress,local16,19,10,3.3406052589416504,3.212944507598877,3.5789074897766113
headdress,local16,19,11,3.5789074897766113,3.912569522857666,3.47403621673584
headdress,local16,19,12,3.47403621673584,3.3489482402801514,2.447481870651245
headdress,local16,19,13,2.447481870651245,1.456558346748352,1.3938559293746948
headdress,local16,19,14,1.3938559293746948,0.807593822479248,1.5876617431640625
headdress,local16,19,15,1.5876617431640625,1.2026617527008057,1.3440401554107666
headdress,local16,19,16,1.3440401554107666,0.9804521799087524,2.1376872062683105
headdress,local16,19,17,2.1376872062683105,1.5333852767944336,0.7905035018920898
headdress,local16,19,18,0.7905035018920898,1.016924500465393,2.3041224479675293
headdress,local16,19,19,2.3041224479675293,2.29864239692688,1.0012211799621582
headdress,local16,19,20,1.0012211799621582,0.4640618562698364,0.3374006748199463
headdress,local16,19,21,0.3374006748199463,0.20584285259246826,-0.19719457626342773
headdress,local16,19,22,-0.19719457626342773,-0.39884352684020996,0.05943703651428223
headdress,local16,19,23,0.05943703651428223,0.07392072677612305,-0.5204343795776367
headdress,local16,19,24,-0.5204343795776367,-0.45725154876708984,-1.0280208587646484
headdress,local16,19,25,-1.0280208587646484,-0.7544939517974854,-0.516287088394165
headdress,local16,19,26,-0.516287088394165,-0.9270398616790771,-0.311051607131958
headdress,local16,19,27,-0.311051607131958,-0.7227399349212646,-1.7591253519058228
headdress,local16,19,28,-1.7591253519058228,-2.0267417430877686,-1.277714490890503
headdress,local16,19,29,-1.277714490890503,-2.4186365604400635,-4.15454626083374
headdress,local16,19,30,-4.15454626083374,-5.159305572509766,-5.944854259490967
headdress,local16,19,31,-5.944854259490967,-7.700742721557617,-5.244592189788818
headdress,local16,20,0,1.0619724988937378,-1.5764455795288086,1.1202665567398071
headdress,local16,20,1,1.1202665567398071,-2.2992522716522217,-1.4360867738723755
headdress,local16,20,2,-1.4360867738723755,-2.925201177597046,-2.1058080196380615
headdress,local16,20,3,-2.1058080196380615,-1.8239110708236694,1.087153434753418
headdress,local16,20,4,1.087153434753418,2.1542153358459473,1.4888511896133423
headdress,local16,20,5,1.4888511896133423,1.4603298902511597,2.0219860076904297
headdress,local16,20,6,2.0219860076904297,2.119220733642578,0.8261425495147705
headdress,local16,20,7,0.8261425495147705,-0.12420681118965149,-1.5998544692993164
headdress,local16,20,8,-1.5998544692993164,-2.1194727420806885,-1.7637300491333008
headdress,local16,20,9,-1.7637300491333008,-1.174074649810791,-0.668492317199707
headdress,local16,20,10,-0.668492317199707,-1.1277008056640625,-2.2824807167053223
headdress,local16,20,11,-2.2824807167053223,-2.464900493621826,-3.7981905937194824
headdress,local16,20,12,-3.7981905937194824,-4.595991134643555,-3.1010844707489014
headdress,local16,20,13,-3.1010844707489014,-3.867499828338623,-2.1936590671539307
headdress,local16,20,14,-2.1936590671539307,-1.558127522468567,-1.8541638851165771
headdress,local16,20,15,-1.8541638851165771,-2.061751365661621,-2.6133742332458496
headdress,local16,20,16,-2.6133742332458496,-2.457798719406128,-1.5897488594055176
headdress,local16,20,17,-1.5897488594055176,-1.561165690422058,-0.1159132719039917
headdress,local16,20,18,-0.1159132719039917,-0.3749755620956421,-0.20110297203063965
headdress,local16,20,19,-0.20110297203063965,-0.4110887050628662,0.9158961772918701
headdress,local16,20,20,0.9158961772918701,1.2423913478851318,2.0125374794006348
headdress,local16,20,21,2.0125374794006348,1.8606233596801758,2.989731788635254
headdress,local16,20,22,2.989731788635254,3.178083658218384,2.381316661834717
headdress,local16,20,23,2.381316661834717,2.204251289367676,1.946510910987854
headdress,local16,20,24,1.946510910987854,1.8901642560958862,1.3633790016174316
headdress,local16,20,25,1.3633790016174316,1.457890510559082,2.893890142440796
headdress,local16,20,26,2.893890142440796,2.504697561264038,1.9300029277801514
headdress,local16,20,27,1.9300029277801514,1.4706523418426514,2.0085859298706055
headdress,local16,20,28,2.0085859298706055,1.7467821836471558,2.5594897270202637
headdress,local16,20,29,2.5594897270202637,2.990490436553955,2.8169169425964355
headdress,local16,20,30,2.8169169425964355,3.1936984062194824,2.4412436485290527
headdress,local16,20,31,2.4412436485290527,3.2568109035491943,3.8845064640045166
headdress,local16,21,0,-0.7427998185157776,0.10584414005279541,-1.5741393566131592
headdress,local16,21,1,-1.5741393566131592,-0.8496317267417908,0.2585161626338959
headdress,local16,21,2,0.2585161626338959,0.6832912564277649,-0.4994325637817383
headdress,local16,21,3,-0.4994325637817383,-0.46479809284210205,-0.42105382680892944
headdress,local16,21,4,-0.42105382680892944,-0.060559600591659546,-0.5731403827667236
headdress,local16,21,5,-0.5731403827667236,-1.7837035655975342,-2.4738357067108154
headdress,local16,21,6,-2.4738357067108154,-2.5076959133148193,-3.2200303077697754
headdress,local16,21,7,-3.2200303077697754,-3.718573570251465,-4.422989368438721
headdress,local16,21,8,-4.422989368438721,-4.562810897827148,-5.537675857543945
headdress,local16,21,9,-5.537675857543945,-6.281490325927734,-4.6419830322265625
headdress,local16,21,10,-4.6419830322265625,-5.4051008224487305,-5.008571147918701
headdress,local16,21,11,-5.008571147918701,-5.268618583679199,-5.5031023025512695
headdress,local16,21,12,-5.5031023025512695,-6.090216159820557,-4.863365173339844
headdress,local16,21,13,-4.863365173339844,-5.189029216766357,-5.4684672355651855
headdress,local16,21,14,-5.4684672355651855,-5.814250946044922,-5.457972526550293
headdress,local16,21,15,-5.457972526550293,-5.821882247924805,-6.195364952087402
headdress,local16,21,16,-6.195364952087402,-6.874693393707275,-6.010955810546875
headdress,local16,21,17,-6.010955810546875,-5.924101829528809,-7.848642349243164
headdress,local16,21,18,-7.848642349243164,-7.878389358520508,-7.367690563201904
headdress,local16,21,19,-7.367690563201904,-7.130084991455078,-7.515393257141113
headdress,local16,21,20,-7.515393257141113,-7.803350448608398,-8.266019821166992
headdress,local16,21,21,-8.266019821166992,-9.003148078918457,-8.016185760498047
headdress,local16,21,22,-8.016185760498047,-8.0261869430542,-7.08399772644043
headdress,local16,21,23,-7.08399772644043,-6.979471206665039,-5.922481060028076
headdress,local16,21,24,-5.922481060028076,-6.361371994018555,-5.9828996658325195
headdress,local16,21,25,-5.9828996658325195,-6.0682220458984375,-6.059568881988525
headdress,local16,21,26,-6.059568881988525,-6.019972324371338,-5.800908088684082
headdress,local16,21,27,-5.800908088684082,-5.931500434875488,-5.305534839630127
headdress,local16,21,28,-5.305534839630127,-4.990787506103516,-5.719560623168945
headdress,local16,21,29,-5.719560623168945,-4.868331432342529,-4.308078289031982
headdress,local16,21,30,-4.308078289031982,-4.327207565307617,-1.4490708112716675
headdress,local16,21,31,-1.4490708112716675,-0.4778417944908142,-0.2809782922267914
headdress,local16,22,0,1.1346807479858398,-1.8650130033493042,0.00917661190032959
headdress,local16,22,1,0.00917661190032959,-1.1056921482086182,-1.4319710731506348
headdress,local16,22,2,-1.4319710731506348,-0.5848989486694336,-0.6788262128829956
headdress,local16,22,3,-0.6788262128829956,-2.226754665374756,0.9995031356811523
headdress,local16,22,4,0.9995031356811523,1.1522512435913086,1.1251304149627686
headdress,local16,22,5,1.1251304149627686,2.560514450073242,4.250715732574463
headdress,local16,22,6,4.250715732574463,4.486872673034668,2.702404022216797
headdress,local16,22,7,2.702404022216797,4.455314636230469,2.742249011993408
headdress,local16,22,8,2.742249011993408,2.6879825592041016,0.476833701133728
headdress,local16,22,9,0.476833701133728,0.6656678915023804,0.9392600059509277
headdress,local16,22,10,0.9392600059509277,-0.045661211013793945,-3.523724317550659
headdress,local16,22,11,-3.523724317550659,-4.753557205200195,-5.856594562530518
headdress,local16,22,12,-5.856594562530518,-3.4072229862213135,-3.3067727088928223
headdress,local16,22,13,-3.3067727088928223,-2.9033734798431396,-2.9597508907318115
headdress,local16,22,14,-2.9597508907318115,-1.2362720966339111,-2.9885072708129883
headdress,local16,22,15,-2.9885072708129883,-2.0303750038146973,0.17456340789794922
headdress,local16,22,16,0.17456340789794922,1.204024314880371,2.3000454902648926
headdress,local16,22,17,2.3000454902648926,2.203840732574463,2.770017147064209
headdress,local16,22,18,2.770017147064209,6.436985015869141,6.714530944824219
headdress,local16,22,19,6.714530944824219,7.48853063583374,6.226868629455566
headdress,local16,22,20,6.226868629455566,6.425357818603516,7.2473907470703125
headdress,local16,22,21,7.2473907470703125,8.911811828613281,6.975854396820068
headdress,local16,22,22,6.975854396820068,6.90264368057251,4.9795379638671875
headdress,local16,22,23,4.9795379638671875,8.762907028198242,11.478839874267578
headdress,local16,22,24,11.478839874267578,13.081037521362305,13.275450706481934
headdress,local16,22,25,13.275450706481934,13.16168212890625,13.083684921264648
headdress,local16,22,26,13.083684921264648,12.46508502960205,11.688161849975586
headdress,local16,22,27,11.688161849975586,10.785463333129883,10.45567512512207
headdress,local16,22,28,10.45567512512207,9.88299560546875,8.833846092224121
headdress,local16,22,29,8.833846092224121,9.376413345336914,5.366411209106445
headdress,local16,22,30,5.366411209106445,4.759848594665527,3.9335594177246094
headdress,local16,22,31,3.9335594177246094,5.6123857498168945,7.912355422973633
headdress,local16,23,0,0.9579998850822449,1.4195722341537476,0.2669757008552551
headdress,local16,23,1,0.2669757008552551,-0.014373064041137695,-0.5123389959335327
headdress,local16,23,2,-0.5123389959335327,-0.4498082995414734,1.110255241394043
headdress,local16,23,3,1.110255241394043,1.6409059762954712,0.16602855920791626
headdress,local16,23,4,0.16602855920791626,0.27630603313446045,2.1820313930511475
headdress,local16,23,5,2.1820313930511475,1.9427502155303955,0.3914773166179657
headdress,local16,23,6,0.3914773166179657,0.3595643937587738,1.28543221950531
headdress,local16,23,7,1.28543221950531,0.7256597280502319,1.3431024551391602
headdress,local16,23,8,1.3431024551391602,1.1991286277770996,0.9773789644241333
headdress,local16,23,9,0.9773789644241333,0.7599177956581116,0.9225398898124695
headdress,local16,23,10,0.9225398898124695,0.6558959484100342,0.3839370310306549
headdress,local16,23,11,0.3839370310306549,0.43115612864494324,0.8442548513412476
headdress,local16,23,12,0.8442548513412476,0.4398946166038513,0.33919936418533325
headdress,local16,23,13,0.33919936418533325,0.7080395221710205,0.5503588914871216
headdress,local16,23,14,0.5503588914871216,0.9591721892356873,0.37902796268463135
headdress,local16,23,15,0.37902796268463135,0.7424538135528564,0.3612537682056427
headdress,local16,23,16,0.3612537682056427,0.6253548860549927,0.7907634973526001
headdress,local16,23,17,0.7907634973526001,0.7696777582168579,0.9476191997528076
headdress,local16,23,18,0.9476191997528076,0.9402823448181152,0.5098156332969666
headdress,local16,23,19,0.5098156332969666,0.4689375162124634,0.9175636768341064
headdress,local16,23,20,0.9175636768341064,1.1051491498947144,0.9041513800621033
headdress,local16,23,21,0.9041513800621033,0.9990842342376709,0.4729613661766052
headdress,local16,23,22,0.4729613661766052,0.4331424832344055,1.0786452293395996
headdress,local16,23,23,1.0786452293395996,1.1716409921646118,1.6957528591156006
headdress,local16,23,24,1.6957528591156006,1.8422846794128418,2.106106758117676
headdress,local16,23,25,2.106106758117676,2.159884214401245,1.4084113836288452
headdress,local16,23,26,1.4084113836288452,1.2923316955566406,1.0372343063354492
headdress,local16,23,27,1.0372343063354492,1.1321780681610107,1.5489956140518188
headdress,local16,23,28,1.5489956140518188,1.4614531993865967,0.5976942777633667
headdress,local16,23,29,0.5976942777633667,0.6103646755218506,0.05463695526123047
headdress,local16,23,30,0.05463695526123047,0.500216007232666,0.404152512550354
headdress,local16,23,31,0.404152512550354,0.8018080592155457,-1.0403854846954346
headdress,local16,24,0,1.2896993160247803,2.9296977519989014,1.5341835021972656
headdress,local16,24,1,1.5341835021972656,3.009382724761963,3.3816282749176025
headdress,local16,24,2,3.3816282749176025,2.899275779724121,-0.08785343170166016
headdress,local16,24,3,-0.08785343170166016,0.07055854797363281,1.9776746034622192
headdress,local16,24,4,1.9776746034622192,1.9941091537475586,2.06831693649292
headdress,local16,24,5,2.06831693649292,2.7339789867401123,1.3070068359375
headdress,local16,24,6,1.3070068359375,1.3148276805877686,1.1711320877075195
headdress,local16,24,7,1.1711320877075195,-0.0673513412475586,0.00813746452331543
headdress,local16,24,8,0.00813746452331543,-1.2666735649108887,-2.1184353828430176
headdress,local16,24,9,-2.1184353828430176,-2.901439666748047,-0.4801793098449707
headdress,local16,24,10,-0.4801793098449707,-0.9784533977508545,0.4448554515838623
headdress,local16,24,11,0.4448554515838623,-0.19573283195495605,-1.2688454389572144
headdress,local16,24,12,-1.2688454389572144,-1.8237649202346802,-2.018953323364258
headdress,local16,24,13,-2.018953323364258,-1.6321446895599365,-0.6087545156478882
headdress,local16,24,14,-0.6087545156478882,-1.3862783908843994,0.03862142562866211
headdress,local16,24,15,0.03862142562866211,-0.01743459701538086,0.7734817266464233
headdress,local16,24,16,0.7734817266464233,0.9583902359008789,1.2735711336135864
headdress,local16,24,17,1.2735711336135864,1.623855471611023,1.3837889432907104
headdress,local16,24,18,1.3837889432907104,1.2863414287567139,0.5048398971557617
headdress,local16,24,19,0.5048398971557617,0.5481311082839966,1.25913667678833
headdress,local16,24,20,1.25913667678833,1.0372159481048584,1.641641616821289
headdress,local16,24,21,1.641641616821289,1.4563416242599487,1.7522778511047363
headdress,local16,24,22,1.7522778511047363,2.0029428005218506,1.9589282274246216
headdress,local16,24,23,1.9589282274246216,1.556403636932373,1.7055261135101318
headdress,local16,24,24,1.7055261135101318,3.3926525115966797,3.4566128253936768
headdress,local16,24,25,3.4566128253936768,3.4631857872009277,2.779510974884033
headdress,local16,24,26,2.779510974884033,2.2717320919036865,3.2802467346191406
headdress,local16,24,27,3.2802467346191406,3.3099493980407715,4.1866350173950195
headdress,local16,24,28,4.1866350173950195,3.4576103687286377,4.664534568786621
headdress,local16,24,29,4.664534568786621,4.5851240158081055,5.752644062042236
headdress,local16,24,30,5.752644062042236,5.261430740356445,7.149302005767822
headdress,local16,24,31,7.149302005767822,8.334955215454102,6.0886945724487305
headdress,local16,25,0,-3.9442310333251953,-2.5364747047424316,-2.4712343215942383
headdress,local16,25,1,-2.4712343215942383,-1.0511435270309448,-1.25734281539917
headdress,local16,25,2,-1.25734281539917,-0.4290207028388977,1.1583271026611328
headdress,local16,25,3,1.1583271026611328,1.5264437198638916,2.8064308166503906
headdress,local16,25,4,2.8064308166503906,1.279900312423706,0.4352753460407257
headdress,local16,25,5,0.4352753460407257,0.5843555331230164,1.0046882629394531
headdress,local16,25,6,1.0046882629394531,1.229867696762085,3.755260705947876
headdress,local16,25,7,3.755260705947876,3.3021013736724854,2.66676926612854
headdress,local16,25,8,2.66676926612854,3.1967828273773193,1.0056097507476807
headdress,local16,25,9,1.0056097507476807,1.2473185062408447,1.4169998168945312
headdress,local16,25,10,1.4169998168945312,1.9583711624145508,1.6967558860778809
headdress,local16,25,11,1.6967558860778809,2.2816553115844727,2.0397562980651855
headdress,local16,25,12,2.0397562980651855,2.1424903869628906,2.233738422393799
headdress,local16,25,13,2.233738422393799,2.0576295852661133,1.8859786987304688
headdress,local16,25,14,1.8859786987304688,3.1377787590026855,3.1907992362976074
headdress,local16,25,15,3.1907992362976074,2.9679148197174072,2.383551597595215
headdress,local16,25,16,2.383551597595215,2.823709011077881,2.8886406421661377
headdress,local16,25,17,2.8886406421661377,2.405033588409424,2.515183448791504
headdress,local16,25,18,2.515183448791504,4.5778045654296875,2.8194851875305176
headdress,local16,25,19,2.8194851875305176,2.619725227355957,2.84635066986084
headdress,local16,25,20,2.84635066986084,3.409635543823242,2.047112464904785
headdress,local16,25,21,2.047112464904785,2.1001553535461426,2.630156993865967
headdress,local16,25,22,2.630156993865967,3.5837597846984863,3.274256467819214
headdress,local16,25,23,3.274256467819214,3.1958231925964355,2.976163387298584
headdress,local16,25,24,2.976163387298584,2.9900851249694824,2.9832303524017334
headdress,local16,25,25,2.9832303524017334,2.9958572387695312,2.5878238677978516
headdress,local16,25,26,2.5878238677978516,2.305983304977417,2.1679937839508057
headdress,local16,25,27,2.1679937839508057,2.2404370307922363,2.3097453117370605
headdress,local16,25,28,2.3097453117370605,2.097137451171875,2.7656867504119873
headdress,local16,25,29,2.7656867504119873,2.04415225982666,2.3463997840881348
headdress,local16,25,30,2.3463997840881348,1.2163559198379517,-0.4123745858669281
headdress,local16,25,31,-0.4123745858669281,-2.0207228660583496,-1.4936301708221436
headdress,local16,26,0,-0.4860578179359436,-1.51348876953125,-1.4446569681167603
headdress,local16,26,1,-1.4446569681167603,-0.7502490878105164,-0.005001962184906006
headdress,local16,26,2,-0.005001962184906006,0.019228726625442505,2.9738290309906006
headdress,local16,26,3,2.9738290309906006,2.6700026988983154,1.1989517211914062
headdress,local16,26,4,1.1989517211914062,1.4419620037078857,1.3069400787353516
headdress,local16,26,5,1.3069400787353516,1.871532917022705,2.999213457107544
headdress,local16,26,6,2.999213457107544,2.695655345916748,2.523106098175049
headdress,local16,26,7,2.523106098175049,3.001863718032837,2.7561988830566406
headdress,local16,26,8,2.7561988830566406,3.589444160461426,1.602184772491455
headdress,local16,26,9,1.602184772491455,1.8113503456115723,0.9675057530403137
headdress,local16,26,10,0.9675057530403137,1.54058837890625,0.7956947088241577
headdress,local16,26,11,0.7956947088241577,1.1786080598831177,3.432129144668579
headdress,local16,26,12,3.432129144668579,4.392857551574707,5.615396499633789
headdress,local16,26,13,5.615396499633789,5.382683753967285,3.8205955028533936
headdress,local16,26,14,3.8205955028533936,3.5097687244415283,3.380951404571533
headdress,local16,26,15,3.380951404571533,2.8176612854003906,2.971282720565796
headdress,local16,26,16,2.971282720565796,4.491619110107422,3.715942621231079
headdress,local16,26,17,3.715942621231079,3.4248499870300293,1.8790584802627563
headdress,local16,26,18,1.8790584802627563,3.8513739109039307,4.487982273101807
headdress,local16,26,19,4.487982273101807,4.264577865600586,5.449253082275391
headdress,local16,26,20,5.449253082275391,6.4302873611450195,5.4572954177856445
headdress,local16,26,21,5.4572954177856445,4.98008918762207,4.31646728515625
headdress,local16,26,22,4.31646728515625,5.00109338760376,1.8328758478164673
headdress,local16,26,23,1.8328758478164673,1.878525972366333,1.7753609418869019
headdress,local16,26,24,1.7753609418869019,1.7886059284210205,1.0092343091964722
headdress,local16,26,25,1.0092343091964722,1.1929858922958374,2.3353047370910645
headdress,local16,26,26,2.3353047370910645,3.0329065322875977,2.976781129837036
headdress,local16,26,27,2.976781129837036,3.1715946197509766,2.781705379486084
headdress,local16,26,28,2.781705379486084,1.8867672681808472,2.482492685317993
headdress,local16,26,29,2.482492685317993,1.9277757406234741,2.2703347206115723
headdress,local16,26,30,2.2703347206115723,2.880566358566284,2.801097869873047
headdress,local16,26,31,2.801097869873047,5.10784912109375,2.043165922164917
headdress,local16,27,0,0.35434502363204956,-0.31200042366981506,-4.4505534172058105
headdress,local16,27,1,-4.4505534172058105,-4.062330722808838,-2.8267812728881836
headdress,local16,27,2,-2.8267812728881836,-3.791637897491455,-3.7497544288635254
headdress,local16,27,3,-3.7497544288635254,-4.632197380065918,-3.875811815261841
headdress,local16,27,4,-3.875811815261841,-3.754868268966675,-4.892242431640625
headdress,local16,27,5,-4.892242431640625,-4.512096881866455,-7.935337066650391
headdress,local16,27,6,-7.935337066650391,-7.954227447509766,-4.970808982849121
headdress,local16,27,7,-4.970808982849121,-3.7795512676239014,-3.6609160900115967
headdress,local16,27,8,-3.6609160900115967,-2.888674736022949,-2.5920445919036865
headdress,local16,27,9,-2.5920445919036865,-3.159224510192871,-2.3201024532318115
headdress,local16,27,10,-2.3201024532318115,-2.1902213096618652,-3.285470962524414
headdress,local16,27,11,-3.285470962524414,-3.149352788925171,-1.6543383598327637
headdress,local16,27,12,-1.6543383598327637,-1.1295405626296997,-1.7499432563781738
headdress,local16,27,13,-1.7499432563781738,-1.7464704513549805,-1.5729806423187256
headdress,local16,27,14,-1.5729806423187256,-1.3750205039978027,-2.022533893585205
headdress,local16,27,15,-2.022533893585205,-2.75931978225708,-2.5925421714782715
headdress,local16,27,16,-2.5925421714782715,-2.9241974353790283,-3.8789143562316895
headdress,local16,27,17,-3.8789143562316895,-4.142194747924805,-3.540560245513916
headdress,local16,27,18,-3.540560245513916,-3.626429557800293,-3.636948585510254
headdress,local16,27,19,-3.636948585510254,-3.6812658309936523,-1.734315276145935
headdress,local16,27,20,-1.734315276145935,-1.808408498764038,-3.611788272857666
headdress,local16,27,21,-3.611788272857666,-4.480737686157227,-4.503021717071533
headdress,local16,27,22,-4.503021717071533,-5.755505561828613,-13.60196590423584
headdress,local16,27,23,-13.60196590423584,-13.631983757019043,-9.319408416748047
headdress,local16,27,24,-9.319408416748047,-9.344058990478516,-8.408285140991211
headdress,local16,27,25,-8.408285140991211,-8.053844451904297,-7.555410385131836
headdress,local16,27,26,-7.555410385131836,-7.50175666809082,-7.8816070556640625
headdress,local16,27,27,-7.8816070556640625,-7.432578086853027,-7.574037551879883
headdress,local16,27,28,-7.574037551879883,-7.680079460144043,-6.449422836303711
headdress,local16,27,29,-6.449422836303711,-7.27568244934082,-8.111961364746094
headdress,local16,27,30,-8.111961364746094,-7.257271766662598,-6.9874467849731445
headdress,local16,27,31,-6.9874467849731445,-5.347630500793457,-3.9406776428222656
headdress,local16,28,0,2.954542636871338,3.1821866035461426,0.5565506815910339
headdress,local16,28,1,0.5565506815910339,0.6826717257499695,0.9993398189544678
headdress,local16,28,2,0.9993398189544678,1.2069668769836426,1.4439280033111572
headdress,local16,28,3,1.4439280033111572,1.0926717519760132,0.1499614119529724
headdress,local16,28,4,0.1499614119529724,-0.41540369391441345,-0.9588479995727539
headdress,local16,28,5,-0.9588479995727539,-1.36865234375,-1.5090185403823853
headdress,local16,28,6,-1.5090185403823853,-2.4443507194519043,-1.8599377870559692
headdress,local16,28,7,-1.8599377870559692,-2.383011817932129,-1.1778078079223633
headdress,local16,28,8,-1.1778078079223633,-1.4515753984451294,-2.7384817600250244
headdress,local16,28,9,-2.7384817600250244,-3.9836387634277344,-2.70222544670105
headdress,local16,28,10,-2.70222544670105,-2.8432579040527344,-0.4231162667274475
headdress,local16,28,11,-0.4231162667274475,-1.476683259010315,-3.302244186401367
headdress,local16,28,12,-3.302244186401367,-4.222410202026367,-2.508235454559326
headdress,local16,28,13,-2.508235454559326,-2.451556444168091,-3.0082147121429443
headdress,local16,28,14,-3.0082147121429443,-3.0394883155822754,-0.41566282510757446
headdress,local16,28,15,-0.41566282510757446,-0.5369149446487427,-0.31497955322265625
headdress,local16,28,16,-0.31497955322265625,-1.1640342473983765,-0.53392094373703
headdress,local16,28,17,-0.53392094373703,-1.1975035667419434,-0.8135309219360352
headdress,local16,28,18,-0.8135309219360352,-1.1662858724594116,-3.1427853107452393
headdress,local16,28,19,-3.1427853107452393,-3.290177822113037,-2.037715196609497
headdress,local16,28,20,-2.037715196609497,-1.6250097751617432,-0.5671188235282898
headdress,local16,28,21,-0.5671188235282898,-1.2220795154571533,-0.04946810007095337
headdress,local16,28,22,-0.04946810007095337,-0.10686177015304565,-1.2290103435516357
headdress,local16,28,23,-1.2290103435516357,-2.361802816390991,4.127971172332764
headdress,local16,28,24,4.127971172332764,4.134561061859131,4.876945495605469
headdress,local16,28,25,4.876945495605469,4.653568744659424,4.704429626464844
headdress,local16,28,26,4.704429626464844,4.522266387939453,5.113120079040527
headdress,local16,28,27,5.113120079040527,5.233139991760254,5.047138214111328
headdress,local16,28,28,5.047138214111328,4.424822807312012,3.8377132415771484
headdress,local16,28,29,3.8377132415771484,2.8666014671325684,2.0128018856048584
headdress,local16,28,30,2.0128018856048584,1.4160523414611816,1.312182903289795
headdress,local16,28,31,1.312182903289795,-0.15952444076538086,0.1192331314086914
headdress,local16,29,0,-4.557139873504639,-2.4289493560791016,-3.1349270343780518
headdress,local16,29,1,-3.1349270343780518,1.302411437034607,1.4166349172592163
headdress,local16,29,2,1.4166349172592163,2.715066432952881,2.9335618019104004
headdress,local16,29,3,2.9335618019104004,3.978790521621704,4.408382415771484
headdress,local16,29,4,4.408382415771484,5.189921855926514,2.3882710933685303
headdress,local16,29,5,2.3882710933685303,2.772433280944824,0.9852191805839539
headdress,local16,29,6,0.9852191805839539,2.650226354598999,3.626568078994751
headdress,local16,29,7,3.626568078994751,4.274397373199463,4.345373153686523
headdress,local16,29,8,4.345373153686523,4.414538383483887,2.7174019813537598
headdress,local16,29,9,2.7174019813537598,3.236166477203369,4.093395709991455
headdress,local16,29,10,4.093395709991455,4.427847862243652,5.307766914367676
headdress,local16,29,11,5.307766914367676,5.146875858306885,6.534213066101074
headdress,local16,29,12,6.534213066101074,7.229697227478027,5.203061103820801
headdress,local16,29,13,5.203061103820801,5.740456581115723,6.335102081298828
headdress,local16,29,14,6.335102081298828,6.897562026977539,5.581334590911865
headdress,local16,29,15,5.581334590911865,5.662957191467285,6.213003158569336
headdress,local16,29,16,6.213003158569336,6.541609764099121,5.678717136383057
headdress,local16,29,17,5.678717136383057,6.287367820739746,4.631047248840332
headdress,local16,29,18,4.631047248840332,4.93006706237793,6.5592041015625
headdress,local16,29,19,6.5592041015625,6.8547682762146,5.553554534912109
headdress,local16,29,20,5.553554534912109,5.639555931091309,5.83838415145874
headdress,local16,29,21,5.83838415145874,5.177764892578125,6.580899238586426
headdress,local16,29,22,6.580899238586426,6.73654317855835,1.5501010417938232
headdress,local16,29,23,1.5501010417938232,2.792825222015381,6.800650596618652
headdress,local16,29,24,6.800650596618652,6.751503944396973,5.309170246124268
headdress,local16,29,25,5.309170246124268,5.484144687652588,4.440781116485596
headdress,local16,29,26,4.440781116485596,4.273080348968506,2.513918161392212
headdress,local16,29,27,2.513918161392212,2.61433744430542,0.9622276425361633
headdress,local16,29,28,0.9622276425361633,1.4155912399291992,0.4040709137916565
headdress,local16,29,29,0.4040709137916565,0.28479546308517456,-0.4831457734107971
headdress,local16,29,30,-0.4831457734107971,-0.25750023126602173,0.7652682662010193
headdress,local16,29,31,0.7652682662010193,0.7996229529380798,-0.12125450372695923
headdress,local16,30,0,-0.2895880937576294,-0.8637310862541199,-1.3877522945404053
headdress,local16,30,1,-1.3877522945404053,-0.950884222984314,-0.09528112411499023
headdress,local16,30,2,-0.09528112411499023,2.409848213195801,0.33265429735183716
headdress,local16,30,3,0.33265429735183716,2.090043783187866,1.3755131959915161
headdress,local16,30,4,1.3755131959915161,2.0759220123291016,-0.8039834499359131
headdress,local16,30,5,-0.8039834499359131,0.13804519176483154,-0.9398941993713379
headdress,local16,30,6,-0.9398941993713379,-0.3667581081390381,-1.2617647647857666
headdress,local16,30,7,-1.2617647647857666,-1.1311132907867432,-1.475858449935913
headdress,local16,30,8,-1.475858449935913,-1.0368361473083496,1.1574881076812744
headdress,local16,30,9,1.1574881076812744,1.192894697189331,2.1093287467956543
headdress,local16,30,10,2.1093287467956543,2.246793270111084,2.1371078491210938
headdress,local16,30,11,2.1371078491210938,2.5133419036865234,1.862668514251709
headdress,local16,30,12,1.862668514251709,2.735595464706421,2.979658842086792
headdress,local16,30,13,2.979658842086792,3.2623305320739746,3.4133472442626953
headdress,local16,30,14,3.4133472442626953,3.432377338409424,1.485537052154541
headdress,local16,30,15,1.485537052154541,0.506897509098053,0.9524266719818115
headdress,local16,30,16,0.9524266719818115,1.103601098060608,0.9637918472290039
headdress,local16,30,17,0.9637918472290039,0.6638879776000977,1.7906243801116943
headdress,local16,30,18,1.7906243801116943,0.8517770767211914,1.0076370239257812
headdress,local16,30,19,1.0076370239257812,1.1497893333435059,-0.7192914485931396
headdress,local16,30,20,-0.7192914485931396,-0.9722175598144531,-1.0173357725143433
headdress,local16,30,21,-1.0173357725143433,-0.5531220436096191,-0.3604499101638794
headdress,local16,30,22,-0.3604499101638794,-0.7656271457672119,-1.7656629085540771
headdress,local16,30,23,-1.7656629085540771,-1.414014220237732,-0.5438787937164307
headdress,local16,30,24,-0.5438787937164307,-0.9498516321182251,-1.938171148300171
headdress,local16,30,25,-1.938171148300171,-1.697920560836792,-0.6269212961196899
headdress,local16,30,26,-0.6269212961196899,-0.5255715847015381,-0.6111397743225098
headdress,local16,30,27,-0.6111397743225098,-0.36988258361816406,0.008028984069824219
headdress,local16,30,28,0.008028984069824219,-0.047590017318725586,0.11002826690673828
headdress,local16,30,29,0.11002826690673828,0.11788296699523926,-0.26753807067871094
headdress,local16,30,30,-0.26753807067871094,-0.1626265048980713,-2.3155078887939453
headdress,local16,30,31,-2.3155078887939453,0.03949785232543945,-0.620995283126831
headdress,local16,31,0,-3.1718902587890625,-2.7222747802734375,-3.181061267852783
headdress,local16,31,1,-3.181061267852783,-3.647766590118408,-4.010559558868408
headdress,local16,31,2,-4.010559558868408,-5.021876335144043,-5.519543170928955
headdress,local16,31,3,-5.519543170928955,-4.606648921966553,-2.6719765663146973
headdress,local16,31,4,-2.6719765663146973,-2.8322548866271973,-2.102820873260498
headdress,local16,31,5,-2.102820873260498,-2.7765634059906006,-2.118384599685669
headdress,local16,31,6,-2.118384599685669,-2.5310704708099365,-1.6052193641662598
headdress,local16,31,7,-1.6052193641662598,-0.9474024772644043,-0.8196088075637817
headdress,local16,31,8,-0.8196088075637817,-0.7439980506896973,-0.8641635775566101
headdress,local16,31,9,-0.8641635775566101,-1.031295657157898,-2.0226120948791504
headdress,local16,31,10,-2.0226120948791504,-1.9140034914016724,0.8527956008911133
headdress,local16,31,11,0.8527956008911133,1.0471153259277344,0.8296065330505371
headdress,local16,31,12,0.8296065330505371,1.3881118297576904,0.8583174347877502
headdress,local16,31,13,0.8583174347877502,0.18017762899398804,-0.9303507804870605
headdress,local16,31,14,-0.9303507804870605,-1.6651804447174072,-1.044367790222168
headdress,local16,31,15,-1.044367790222168,-2.127847194671631,-3.8941431045532227
headdress,local16,31,16,-3.8941431045532227,-4.251527786254883,-3.184763193130493
headdress,local16,31,17,-3.184763193130493,-2.5817441940307617,-2.6321165561676025
headdress,local16,31,18,-2.6321165561676025,-2.42764949798584,-0.5343259572982788
headdress,local16,31,19,-0.5343259572982788,-0.9580074548721313,-0.5810250043869019
headdress,local16,31,20,-0.5810250043869019,-0.3980197310447693,0.7882746458053589
headdress,local16,31,21,0.7882746458053589,0.8035223484039307,-0.77290940284729
headdress,local16,31,22,-0.77290940284729,-0.9583812355995178,-2.0299880504608154
headdress,local16,31,23,-2.0299880504608154,-1.9935368299484253,-2.247681140899658
headdress,local16,31,24,-2.247681140899658,-2.249202013015747,-1.190408706665039
headdress,local16,31,25,-1.190408706665039,-1.2849136590957642,-2.550990104675293
headdress,local16,31,26,-2.550990104675293,-2.618938684463501,-2.2171406745910645
headdress,local16,31,27,-2.2171406745910645,-2.382692575454712,-3.771428108215332
headdress,local16,31,28,-3.771428108215332,-3.2263917922973633,-2.906876802444458
headdress,local16,31,29,-2.906876802444458,-2.6760692596435547,-1.9849339723587036
headdress,local16,31,30,-1.9849339723587036,-1.5732903480529785,-0.7333604097366333
headdress,local16,31,31,-0.7333604097366333,-0.3641522526741028,-0.18529492616653442
headdress,local16,32,0,1.7169839143753052,1.1504517793655396,0.039984285831451416
headdress,local16,32,1,0.039984285831451416,-0.06779894232749939,0.20933490991592407
headdress,local16,32,2,0.20933490991592407,-0.39898407459259033,0.2283133864402771
headdress,local16,32,3,0.2283133864402771,0.11659610271453857,1.6500129699707031
headdress,local16,32,4,1.6500129699707031,1.818073034286499,0.3485426902770996
headdress,local16,32,5,0.3485426902770996,0.9632121324539185,1.6973216533660889
headdress,local16,32,6,1.6973216533660889,1.1737403869628906,1.6991355419158936
headdress,local16,32,7,1.6991355419158936,1.4360078573226929,1.4395101070404053
headdress,local16,32,8,1.4395101070404053,1.707975149154663,0.576334536075592
headdress,local16,32,9,0.576334536075592,-0.2837250232696533,0.8010188937187195
headdress,local16,32,10,0.8010188937187195,-0.03154802322387695,0.8781205415725708
headdress,local16,32,11,0.8781205415725708,0.6487921476364136,1.6188654899597168
headdress,local16,32,12,1.6188654899597168,1.6538066864013672,1.0641213655471802
headdress,local16,32,13,1.0641213655471802,1.030593752861023,1.8996260166168213
headdress,local16,32,14,1.8996260166168213,1.7046934366226196,1.8611910343170166
headdress,local16,32,15,1.8611910343170166,1.6259734630584717,4.246145248413086
headdress,local16,32,16,4.246145248413086,4.280118465423584,3.53164005279541
headdress,local16,32,17,3.53164005279541,3.858720541000366,3.9032933712005615
headdress,local16,32,18,3.9032933712005615,3.7622992992401123,3.3997714519500732
headdress,local16,32,19,3.3997714519500732,3.3397159576416016,2.9778170585632324
headdress,local16,32,20,2.9778170585632324,3.346994400024414,2.8288464546203613
headdress,local16,32,21,2.8288464546203613,2.761359691619873,3.0725982189178467
headdress,local16,32,22,3.0725982189178467,3.0729446411132812,2.7945618629455566
headdress,local16,32,23,2.7945618629455566,2.8689889907836914,4.964288711547852
headdress,local16,32,24,4.964288711547852,4.975520133972168,3.998610019683838
headdress,local16,32,25,3.998610019683838,4.024447441101074,3.6985442638397217
headdress,local16,32,26,3.6985442638397217,3.6347720623016357,4.492928504943848
headdress,local16,32,27,4.492928504943848,4.333183765411377,4.268041133880615
headdress,local16,32,28,4.268041133880615,4.1629462242126465,4.518604755401611
headdress,local16,32,29,4.518604755401611,4.019756317138672,3.7798008918762207
headdress,local16,32,30,3.7798008918762207,3.8807244300842285,4.9110565185546875
headdress,local16,32,31,4.9110565185546875,5.81475830078125,8.233003616333008
headdress,local16,33,0,0.6139160990715027,1.5132907629013062,0.7102606296539307
headdress,local16,33,1,0.7102606296539307,1.0423190593719482,1.4293460845947266
headdress,local16,33,2,1.4293460845947266,1.5012702941894531,1.6731358766555786
headdress,local16,33,3,1.6731358766555786,1.1507474184036255,3.896928071975708
headdress,local16,33,4,3.896928071975708,3.3760485649108887,3.824101209640503
headdress,local16,33,5,3.824101209640503,3.1675357818603516,0.40916764736175537
headdress,local16,33,6,0.40916764736175537,-0.2392967939376831,1.2170145511627197
headdress,local16,33,7,1.2170145511627197,2.1887190341949463,0.8885135650634766
headdress,local16,33,8,0.8885135650634766,1.7015269994735718,0.39659401774406433
headdress,local16,33,9,0.39659401774406433,0.7451691031455994,0.9293084144592285
headdress,local16,33,10,0.9293084144592285,1.0907933712005615,0.828132152557373
headdress,local16,33,11,0.828132152557373,0.5717491507530212,1.236089825630188
headdress,local16,33,12,1.236089825630188,1.0324358940124512,1.6722683906555176
headdress,local16,33,13,1.6722683906555176,1.6066644191741943,1.76102614402771
headdress,local16,33,14,1.76102614402771,1.4650261402130127,1.527437686920166
headdress,local16,33,15,1.527437686920166,1.83675217628479,1.2884888648986816
headdress,local16,33,16,1.2884888648986816,2.3747522830963135,2.23549485206604
headdress,local16,33,17,2.23549485206604,2.0196352005004883,3.243565082550049
headdress,local16,33,18,3.243565082550049,3.2973036766052246,4.5439300537109375
headdress,local16,33,19,4.5439300537109375,4.908383369445801,4.989187717437744
headdress,local16,33,20,4.989187717437744,5.2469258308410645,3.9335732460021973
headdress,local16,33,21,3.9335732460021973,3.861304998397827,4.807174205780029
headdress,local16,33,22,4.807174205780029,4.723599433898926,4.956108093261719
headdress,local16,33,23,4.956108093261719,5.27479362487793,5.283466815948486
headdress,local16,33,24,5.283466815948486,5.328945636749268,5.357632160186768
headdress,local16,33,25,5.357632160186768,4.9419708251953125,6.098326683044434
headdress,local16,33,26,6.098326683044434,5.9964189529418945,5.710385322570801
headdress,local16,33,27,5.710385322570801,5.749453544616699,6.4438157081604
headdress,local16,33,28,6.4438157081604,6.771177291870117,5.9790544509887695
headdress,local16,33,29,5.9790544509887695,5.759415626525879,5.857297897338867
headdress,local16,33,30,5.857297897338867,5.547158241271973,5.15589714050293
headdress,local16,33,31,5.15589714050293,3.4562764167785645,0.8199313879013062
headdress,local16,34,0,-3.5932207107543945,-0.7451303601264954,-2.097848415374756
headdress,local16,34,1,-2.097848415374756,-1.1083509922027588,-2.685185432434082
headdress,local16,34,2,-2.685185432434082,-2.05118465423584,-1.3810126781463623
headdress,local16,34,3,-1.3810126781463623,-1.7451756000518799,-1.471572756767273
headdress,local16,34,4,-1.471572756767273,-1.4158376455307007,-0.6977756023406982
headdress,local16,34,5,-0.6977756023406982,-0.7263323068618774,-1.5787180662155151
headdress,local16,34,6,-1.5787180662155151,-2.468142509460449,-1.4242160320281982
headdress,local16,34,7,-1.4242160320281982,-1.9079395532608032,-1.9816677570343018
headdress,local16,34,8,-1.9816677570343018,-2.9948508739471436,-2.511923313140869
headdress,local16,34,9,-2.511923313140869,-2.649749755859375,-2.861140727996826
headdress,local16,34,10,-2.861140727996826,-3.600578546524048,-5.605658531188965
headdress,local16,34,11,-5.605658531188965,-3.8430638313293457,-4.172936916351318
headdress,local16,34,12,-4.172936916351318,-5.0333452224731445,-4.244324684143066
headdress,local16,34,13,-4.244324684143066,-4.2441816329956055,-4.632058143615723
headdress,local16,34,14,-4.632058143615723,-5.2313079833984375,-4.957084655761719
headdress,local16,34,15,-4.957084655761719,-5.279423713684082,-3.691253900527954
headdress,local16,34,16,-3.691253900527954,-5.277576446533203,-4.368879318237305
headdress,local16,34,17,-4.368879318237305,-5.028120517730713,-4.662938594818115
headdress,local16,34,18,-4.662938594818115,-6.4074835777282715,-5.450201034545898
headdress,local16,34,19,-5.450201034545898,-4.880739212036133,-5.13607120513916
headdress,local16,34,20,-5.13607120513916,-4.577676773071289,-3.3062798976898193
headdress,local16,34,21,-3.3062798976898193,-2.7065839767456055,-2.724768877029419
headdress,local16,34,22,-2.724768877029419,-2.976287603378296,-1.8350613117218018
headdress,local16,34,23,-1.8350613117218018,-1.7539937496185303,-2.2794857025146484
headdress,local16,34,24,-2.2794857025146484,-2.2768263816833496,-1.5490257740020752
headdress,local16,34,25,-1.5490257740020752,-1.9011107683181763,-2.290036916732788
headdress,local16,34,26,-2.290036916732788,-3.842541217803955,-3.8011221885681152
headdress,local16,34,27,-3.8011221885681152,-3.8379998207092285,-3.751450300216675
headdress,local16,34,28,-3.751450300216675,-2.526989459991455,-2.9641013145446777
headdress,local16,34,29,-2.9641013145446777,-2.492610454559326,-3.485198497772217
headdress,local16,34,30,-3.485198497772217,-3.852238655090332,-3.661923885345459
headdress,local16,34,31,-3.661923885345459,-5.857413291931152,-3.339292049407959
headdress,local16,35,0,-1.3885732889175415,-1.5271086692810059,-0.36771392822265625
headdress,local16,35,1,-0.36771392822265625,0.28565657138824463,-1.6415998935699463
headdress,local16,35,2,-1.6415998935699463,-0.26328110694885254,0.6823502779006958
headdress,local16,35,3,0.6823502779006958,2.2241647243499756,1.4692728519439697
headdress,local16,35,4,1.4692728519439697,2.0006773471832275,3.4607386589050293
headdress,local16,35,5,3.4607386589050293,4.823951721191406,5.4863409996032715
headdress,local16,35,6,5.4863409996032715,5.9605631828308105,4.060883522033691
headdress,local16,35,7,4.060883522033691,3.5375657081604004,5.018365383148193
headdress,local16,35,8,5.018365383148193,5.161837577819824,4.521095275878906
headdress,local16,35,9,4.521095275878906,3.3777577877044678,2.8822944164276123
headdress,local16,35,10,2.8822944164276123,2.7830681800842285,3.31476092338562
headdress,local16,35,11,3.31476092338562,3.2720789909362793,2.3892929553985596
headdress,local16,35,12,2.3892929553985596,2.239321231842041,3.907393217086792
headdress,local16,35,13,3.907393217086792,3.341350555419922,5.564913749694824
headdress,local16,35,14,5.564913749694824,6.043157577514648,4.0625505447387695
headdress,local16,35,15,4.0625505447387695,3.6405832767486572,4.662947654724121
headdress,local16,35,16,4.662947654724121,3.417088270187378,6.102420806884766
headdress,local16,35,17,6.102420806884766,5.374860763549805,6.930259704589844
headdress,local16,35,18,6.930259704589844,6.584637641906738,7.859002113342285
headdress,local16,35,19,7.859002113342285,7.8895487785339355,9.069337844848633
headdress,local16,35,20,9.069337844848633,8.86514663696289,9.676862716674805
headdress,local16,35,21,9.676862716674805,9.675941467285156,9.82568359375
headdress,local16,35,22,9.82568359375,9.682923316955566,9.00204086303711
headdress,local16,35,23,9.00204086303711,8.652073860168457,8.66454792022705
headdress,local16,35,24,8.66454792022705,8.707852363586426,9.933507919311523
headdress,local16,35,25,9.933507919311523,9.766745567321777,9.560088157653809
headdress,local16,35,26,9.560088157653809,9.592658042907715,9.018635749816895
headdress,local16,35,27,9.018635749816895,8.926417350769043,9.811299324035645
headdress,local16,35,28,9.811299324035645,9.549399375915527,9.589401245117188
headdress,local16,35,29,9.589401245117188,9.766786575317383,10.253244400024414
headdress,local16,35,30,10.253244400024414,10.053976058959961,10.819968223571777
headdress,local16,35,31,10.819968223571777,11.761863708496094,9.765884399414062
headdress,local16,36,0,-3.360307216644287,0.495788037776947,-0.7039024233818054
headdress,local16,36,1,-0.7039024233818054,1.7419414520263672,-0.8336316347122192
headdress,local16,36,2,-0.8336316347122192,0.32850968837738037,-2.0628488063812256
headdress,local16,36,3,-2.0628488063812256,-1.0874708890914917,-1.8981471061706543
headdress,local16,36,4,-1.8981471061706543,-1.159021258354187,-1.4522610902786255
headdress,local16,36,5,-1.4522610902786255,-0.8930324912071228,-0.23309755325317383
headdress,local16,36,6,-0.23309755325317383,0.1575859785079956,-0.7659687995910645
headdress,local16,36,7,-0.7659687995910645,-2.7200429439544678,-1.9235756397247314
headdress,local16,36,8,-1.9235756397247314,-2.9367928504943848,-2.774134635925293
headdress,local16,36,9,-2.774134635925293,-3.0743870735168457,-3.6149425506591797
headdress,local16,36,10,-3.6149425506591797,-4.364593029022217,-2.569230794906616
headdress,local16,36,11,-2.569230794906616,-2.3587663173675537,-3.519473075866699
headdress,local16,36,12,-3.519473075866699,-3.331155300140381,-1.9952244758605957
headdress,local16,36,13,-1.9952244758605957,-2.050487518310547,-3.3956425189971924
headdress,local16,36,14,-3.3956425189971924,-2.085890293121338,-2.920269727706909
headdress,local16,36,15,-2.920269727706909,-3.2159836292266846,-5.231268882751465
headdress,local16,36,16,-5.231268882751465,-4.763519287109375,-2.678640365600586
headdress,local16,36,17,-2.678640365600586,-2.9441020488739014,-1.0540087223052979
headdress,local16,36,18,-1.0540087223052979,-1.3368779420852661,-0.4127408266067505
headdress,local16,36,19,-0.4127408266067505,-0.7678090929985046,0.32839709520339966
headdress,local16,36,20,0.32839709520339966,0.5507272481918335,0.195893332362175
headdress,local16,36,21,0.195893332362175,-0.1538986712694168,-0.4965638518333435
headdress,local16,36,22,-0.4965638518333435,-1.0864943265914917,-0.2391689419746399
headdress,local16,36,23,-0.2391689419746399,-0.33213484287261963,-0.6341379880905151
headdress,local16,36,24,-0.6341379880905151,-0.38979560136795044,-0.24366110563278198
headdress,local16,36,25,-0.24366110563278198,-0.6485387086868286,-0.23616808652877808
headdress,local16,36,26,-0.23616808652877808,-0.2969124913215637,-0.2292104959487915
headdress,local16,36,27,-0.2292104959487915,-0.20527750253677368,-0.36105650663375854
headdress,local16,36,28,-0.36105650663375854,-0.7399804592132568,-0.5658708810806274
headdress,local16,36,29,-0.5658708810806274,-0.40288764238357544,-0.3444545269012451
headdress,local16,36,30,-0.3444545269012451,-0.5149917602539062,1.4667127132415771
headdress,local16,36,31,1.4667127132415771,2.028623342514038,0.7850841283798218
headdress,local16,37,0,0.3631969690322876,-3.038173198699951,-2.258866310119629
headdress,local16,37,1,-2.258866310119629,-2.4399642944335938,-1.6224076747894287
headdress,local16,37,2,-1.6224076747894287,-1.9724411964416504,0.6811997294425964
headdress,local16,37,3,0.6811997294425964,0.029975533485412598,-0.18058323860168457
headdress,local16,37,4,-0.18058323860168457,-0.4957352876663208,0.13962125778198242
headdress,local16,37,5,0.13962125778198242,0.02169334888458252,0.2828633189201355
headdress,local16,37,6,0.2828633189201355,-1.0116372108459473,-0.1997637152671814
headdress,local16,37,7,-0.1997637152671814,-1.3997373580932617,-2.2945144176483154
headdress,local16,37,8,-2.2945144176483154,-2.6812448501586914,-3.2429311275482178
headdress,local16,37,9,-3.2429311275482178,-4.6899824142456055,-3.220672130584717
headdress,local16,37,10,-3.220672130584717,-3.666478157043457,-3.485687017440796
headdress,local16,37,11,-3.485687017440796,-2.791374683380127,-3.5409393310546875
headdress,local16,37,12,-3.5409393310546875,-4.245226860046387,-4.166720390319824
headdress,local16,37,13,-4.166720390319824,-3.3438720703125,-1.58673095703125
headdress,local16,37,14,-1.58673095703125,-1.5315624475479126,-1.847456932067871
headdress,local16,37,15,-1.847456932067871,-1.0335445404052734,-2.186220407485962
headdress,local16,37,16,-2.186220407485962,-2.2794032096862793,-2.455132007598877
headdress,local16,37,17,-2.455132007598877,-2.888606548309326,-4.034931182861328
headdress,local16,37,18,-4.034931182861328,-3.7473042011260986,-4.253150939941406
headdress,local16,37,19,-4.253150939941406,-4.471857070922852,-3.7059781551361084
headdress,local16,37,20,-3.7059781551361084,-3.62451171875,-4.545432090759277
headdress,local16,37,21,-4.545432090759277,-4.393763065338135,-3.9567792415618896
headdress,local16,37,22,-3.9567792415618896,-3.6339821815490723,-3.1829843521118164
headdress,local16,37,23,-3.1829843521118164,-3.309297561645508,-2.9771676063537598
headdress,local16,37,24,-2.9771676063537598,-2.9917454719543457,-3.0423951148986816
headdress,local16,37,25,-3.0423951148986816,-3.085528612136841,-1.9672825336456299
headdress,local16,37,26,-1.9672825336456299,-2.0123109817504883,-0.6089053750038147
headdress,local16,37,27,-0.6089053750038147,-0.6546037197113037,-1.2110886573791504
headdress,local16,37,28,-1.2110886573791504,-1.2116641998291016,-0.7122520208358765
headdress,local16,37,29,-0.7122520208358765,-0.2455310821533203,0.5697243213653564
headdress,local16,37,30,0.5697243213653564,0.7649673223495483,2.840066432952881
headdress,local16,37,31,2.840066432952881,4.296762466430664,5.895871162414551
headdress,local16,38,0,-1.4282947778701782,-0.552391529083252,0.5067038536071777
headdress,local16,38,1,0.5067038536071777,0.17088139057159424,4.770071029663086
headdress,local16,38,2,4.770071029663086,3.591704845428467,2.5401456356048584
headdress,local16,38,3,2.5401456356048584,1.5301344394683838,0.7768378257751465
headdress,local16,38,4,0.7768378257751465,0.32737991213798523,-0.5298666954040527
headdress,local16,38,5,-0.5298666954040527,-0.08980962634086609,-1.26613450050354
headdress,local16,38,6,-1.26613450050354,-1.2032580375671387,1.7763149738311768
headdress,local16,38,7,1.7763149738311768,1.7974939346313477,0.5219004154205322
headdress,local16,38,8,0.5219004154205322,1.045469045639038,2.2145347595214844
headdress,local16,38,9,2.2145347595214844,2.231771469116211,3.351266384124756
headdress,local16,38,10,3.351266384124756,3.0266220569610596,3.2353875637054443
headdress,local16,38,11,3.2353875637054443,3.0314784049987793,3.627978563308716
headdress,local16,38,12,3.627978563308716,4.176110744476318,3.344869375228882
headdress,local16,38,13,3.344869375228882,3.165620803833008,2.577350378036499
headdress,local16,38,14,2.577350378036499,2.402623176574707,2.0573201179504395
headdress,local16,38,15,2.0573201179504395,2.3051748275756836,3.544173240661621
headdress,local16,38,16,3.544173240661621,3.5443344116210938,4.8464741706848145
headdress,local16,38,17,4.8464741706848145,4.811913967132568,5.501065254211426
headdress,local16,38,18,5.501065254211426,5.449514389038086,5.795745372772217
headdress,local16,38,19,5.795745372772217,6.115750789642334,4.50317907333374
headdress,local16,38,20,4.50317907333374,4.61915922164917,5.332289695739746
headdress,local16,38,21,5.332289695739746,5.370858669281006,6.378931999206543
headdress,local16,38,22,6.378931999206543,6.2937211990356445,5.9612908363342285
headdress,local16,38,23,5.9612908363342285,6.727802276611328,6.590062141418457
headdress,local16,38,24,6.590062141418457,6.57194709777832,8.231279373168945
headdress,local16,38,25,8.231279373168945,8.118456840515137,8.037986755371094
headdress,local16,38,26,8.037986755371094,7.706249713897705,8.434694290161133
headdress,local16,38,27,8.434694290161133,8.616218566894531,8.247802734375
headdress,local16,38,28,8.247802734375,7.8388991355896,8.644758224487305
headdress,local16,38,29,8.644758224487305,7.666357040405273,7.3542070388793945
headdress,local16,38,30,7.3542070388793945,6.070489883422852,3.8516345024108887
headdress,local16,38,31,3.8516345024108887,1.646065354347229,0.23210394382476807
headdress,local16,39,0,-0.5789556503295898,-0.3529282808303833,0.13280963897705078
headdress,local16,39,1,0.13280963897705078,1.0580395460128784,0.5870780944824219
headdress,local16,39,2,0.5870780944824219,2.0920281410217285,-0.3250417709350586
headdress,local16,39,3,-0.3250417709350586,1.3238526582717896,-0.19896817207336426
headdress,local16,39,4,-0.19896817207336426,0.9176340103149414,-1.0030916929244995
headdress,local16,39,5,-1.0030916929244995,-1.265773057937622,0.8251935243606567
headdress,local16,39,6,0.8251935243606567,1.201594352722168,1.1499128341674805
headdress,local16,39,7,1.1499128341674805,1.6246334314346313,2.6513569355010986
headdress,local16,39,8,2.6513569355010986,3.5216872692108154,2.369342565536499
headdress,local16,39,9,2.369342565536499,3.9053702354431152,1.8520656824111938
headdress,local16,39,10,1.8520656824111938,3.956556797027588,4.3053789138793945
headdress,local16,39,11,4.3053789138793945,5.052515029907227,6.7837090492248535
headdress,local16,39,12,6.7837090492248535,6.875789642333984,7.519448757171631
headdress,local16,39,13,7.519448757171631,6.912814140319824,7.443056583404541
headdress,local16,39,14,7.443056583404541,7.010715007781982,6.654180526733398
headdress,local16,39,15,6.654180526733398,7.3113250732421875,7.627418518066406
headdress,local16,39,16,7.627418518066406,7.079333305358887,6.464414119720459
headdress,local16,39,17,6.464414119720459,7.760004043579102,7.290444850921631
headdress,local16,39,18,7.290444850921631,7.150542259216309,5.756309986114502
headdress,local16,39,19,5.756309986114502,5.517230987548828,3.6963095664978027
headdress,local16,39,20,3.6963095664978027,3.849719285964966,3.2727272510528564
headdress,local16,39,21,3.2727272510528564,1.144273042678833,1.212815284729004
headdress,local16,39,22,1.212815284729004,1.160998821258545,1.1835989952087402
headdress,local16,39,23,1.1835989952087402,0.8891494274139404,1.8134845495224
headdress,local16,39,24,1.8134845495224,1.9737898111343384,1.9898557662963867
headdress,local16,39,25,1.9898557662963867,2.1076908111572266,2.436282157897949
headdress,local16,39,26,2.436282157897949,2.7121682167053223,3.39581298828125
headdress,local16,39,27,3.39581298828125,3.4751880168914795,3.7522473335266113
headdress,local16,39,28,3.7522473335266113,3.247403383255005,4.594499588012695
headdress,local16,39,29,4.594499588012695,4.219789981842041,4.662985324859619
headdress,local16,39,30,4.662985324859619,5.195109844207764,4.375272750854492
headdress,local16,39,31,4.375272750854492,7.315546035766602,3.470191240310669
headdress,local16,40,0,2.7670819759368896,1.0167467594146729,-0.23996788263320923
headdress,local16,40,1,-0.23996788263320923,-1.4931895732879639,-0.43726465106010437
headdress,local16,40,2,-0.43726465106010437,-0.021110713481903076,1.1435731649398804
headdress,local16,40,3,1.1435731649398804,1.9814956188201904,2.762600898742676
headdress,local16,40,4,2.762600898742676,2.1296322345733643,3.9436850547790527
headdress,local16,40,5,3.9436850547790527,2.6194827556610107,2.664893388748169
headdress,local16,40,6,2.664893388748169,1.1446890830993652,0.3896711468696594
headdress,local16,40,7,0.3896711468696594,0.30226024985313416,-2.3598086833953857
headdress,local16,40,8,-2.3598086833953857,-4.203285217285156,-3.2221591472625732
headdress,local16,40,9,-3.2221591472625732,-3.0066123008728027,-3.943772792816162
headdress,local16,40,10,-3.943772792816162,-3.6419384479522705,-2.9337596893310547
headdress,local16,40,11,-2.9337596893310547,-2.774993419647217,-3.764209747314453
headdress,local16,40,12,-3.764209747314453,-5.08981990814209,-4.664219379425049
headdress,local16,40,13,-4.664219379425049,-4.542508602142334,-5.526045799255371
headdress,local16,40,14,-5.526045799255371,-5.535983085632324,-4.142997741699219
headdress,local16,40,15,-4.142997741699219,-4.69415283203125,-4.92022705078125
headdress,local16,40,16,-4.92022705078125,-5.332894802093506,-3.755749464035034
headdress,local16,40,17,-3.755749464035034,-3.015634298324585,-4.872669696807861
headdress,local16,40,18,-4.872669696807861,-4.6564531326293945,-3.9811246395111084
headdress,local16,40,19,-3.9811246395111084,-4.732894420623779,-3.4142117500305176
headdress,local16,40,20,-3.4142117500305176,-3.156106948852539,-3.956943988800049
headdress,local16,40,21,-3.956943988800049,-4.389769077301025,-4.2816057205200195
headdress,local16,40,22,-4.2816057205200195,-4.86320161819458,-6.311367988586426
headdress,local16,40,23,-6.311367988586426,-6.52576208114624,-5.803313732147217
headdress,local16,40,24,-5.803313732147217,-5.639241695404053,-6.984725475311279
headdress,local16,40,25,-6.984725475311279,-6.607089996337891,-6.812188148498535
headdress,local16,40,26,-6.812188148498535,-6.501178741455078,-5.377908706665039
headdress,local16,40,27,-5.377908706665039,-5.129710674285889,-4.635225296020508
headdress,local16,40,28,-4.635225296020508,-4.360435962677002,-3.183574676513672
headdress,local16,40,29,-3.183574676513672,-3.317687511444092,-3.8727424144744873
headdress,local16,40,30,-3.8727424144744873,-3.5937113761901855,-3.456371307373047
headdress,local16,40,31,-3.456371307373047,-0.3787975311279297,-1.3273818492889404
headdress,local16,41,0,0.07131147384643555,1.1924492120742798,2.0188241004943848
headdress,local16,41,1,2.0188241004943848,2.6066198348999023,0.9915066957473755
headdress,local16,41,2,0.9915066957473755,0.6276988983154297,0.6079392433166504
headdress,local16,41,3,0.6079392433166504,0.005131721496582031,1.958878993988037
headdress,local16,41,4,1.958878993988037,1.9933438301086426,1.6081987619400024
headdress,local16,41,5,1.6081987619400024,1.006598949432373,0.8581357598304749
headdress,local16,41,6,0.8581357598304749,1.04095458984375,0.6247521638870239
headdress,local16,41,7,0.6247521638870239,-0.5053232908248901,-0.34092962741851807
headdress,local16,41,8,-0.34092962741851807,1.0093756914138794,2.0819907188415527
headdress,local16,41,9,2.0819907188415527,2.5699024200439453,0.33926987648010254
headdress,local16,41,10,0.33926987648010254,0.8623067140579224,-1.4332833290100098
headdress,local16,41,11,-1.4332833290100098,-1.5639723539352417,-0.6830024719238281
headdress,local16,41,12,-0.6830024719238281,0.046530723571777344,-1.046708583831787
headdress,local16,41,13,-1.046708583831787,-0.37607407569885254,2.4212749004364014
headdress,local16,41,14,2.4212749004364014,1.1881967782974243,0.521801233291626
headdress,local16,41,15,0.521801233291626,1.7657668590545654,3.230992317199707
headdress,local16,41,16,3.230992317199707,4.525956153869629,4.084508419036865
headdress,local16,41,17,4.084508419036865,4.309013366699219,4.932811737060547
headdress,local16,41,18,4.932811737060547,4.940787315368652,3.550111770629883
headdress,local16,41,19,3.550111770629883,3.4919111728668213,3.1192433834075928
headdress,local16,41,20,3.1192433834075928,2.9691455364227295,1.7145099639892578
headdress,local16,41,21,1.7145099639892578,0.8657019734382629,0.8451068997383118
headdress,local16,41,22,0.8451068997383118,1.2558646202087402,1.93229341506958
headdress,local16,41,23,1.93229341506958,1.9850510358810425,1.640325665473938
headdress,local16,41,24,1.640325665473938,1.4816193580627441,3.686448097229004
headdress,local16,41,25,3.686448097229004,3.4999372959136963,3.611659288406372
headdress,local16,41,26,3.611659288406372,3.690624952316284,3.2842137813568115
headdress,local16,41,27,3.2842137813568115,3.0673036575317383,2.8663547039031982
headdress,local16,41,28,2.8663547039031982,2.237732172012329,2.013244152069092
headdress,local16,41,29,2.013244152069092,1.6828901767730713,2.9713082313537598
headdress,local16,41,30,2.9713082313537598,2.2998733520507812,2.357022762298584
headdress,local16,41,31,2.357022762298584,0.5526928901672363,-1.614311933517456
headdress,local16,42,0,-0.5907708406448364,-1.3863965272903442,0.13275831937789917
headdress,local16,42,1,0.13275831937789917,-1.1870791912078857,-1.1374748945236206
headdress,local16,42,2,-1.1374748945236206,-1.2088013887405396,0.22302556037902832
headdress,local16,42,3,0.22302556037902832,-0.029132485389709473,-1.8878605365753174
headdress,local16,42,4,-1.8878605365753174,-1.5479799509048462,-1.7946938276290894
headdress,local16,42,5,-1.7946938276290894,-2.020331621170044,-1.5030198097229004
headdress,local16,42,6,-1.5030198097229004,-1.2916721105575562,-1.9635062217712402
headdress,local16,42,7,-1.9635062217712402,-1.8362507820129395,-0.7507033348083496
headdress,local16,42,8,-0.7507033348083496,-0.6219761371612549,-0.4794280529022217
headdress,local16,42,9,-0.4794280529022217,-0.502098798751831,-1.1604125499725342
headdress,local16,42,10,-1.1604125499725342,-0.8177990913391113,1.05672287940979
headdress,local16,42,11,1.05672287940979,0.493306040763855,0.47406005859375
headdress,local16,42,12,0.47406005859375,0.12812083959579468,0.02312260866165161
headdress,local16,42,13,0.02312260866165161,-0.362895131111145,-0.46836113929748535
headdress,local16,42,14,-0.46836113929748535,-0.21136093139648438,0.46920883655548096
headdress,local16,42,15,0.46920883655548096,0.5699726343154907,-0.9473520517349243
headdress,local16,42,16,-0.9473520517349243,-1.2367908954620361,-2.3209362030029297
headdress,local16,42,17,-2.3209362030029297,-3.0309672355651855,-1.543748140335083
headdress,local16,42,18,-1.543748140335083,-1.405761480331421,-2.437540054321289
headdress,local16,42,19,-2.437540054321289,-2.482271194458008,-1.831565260887146
headdress,local16,42,20,-1.831565260887146,-1.6363639831542969,-2.2939958572387695
headdress,local16,42,21,-2.2939958572387695,-2.217603921890259,-2.8936290740966797
headdress,local16,42,22,-2.8936290740966797,-3.2282986640930176,-3.6321871280670166
headdress,local16,42,23,-3.6321871280670166,-3.735044479370117,-3.529231071472168
headdress,local16,42,24,-3.529231071472168,-3.5212562084198,-4.1443634033203125
headdress,local16,42,25,-4.1443634033203125,-4.0561628341674805,-2.2276723384857178
headdress,local16,42,26,-2.2276723384857178,-2.226984739303589,-2.003657817840576
headdress,local16,42,27,-2.003657817840576,-1.7353917360305786,-1.182571291923523
headdress,local16,42,28,-1.182571291923523,-2.1427032947540283,-1.9248006343841553
headdress,local16,42,29,-1.9248006343841553,-1.3998361825942993,-4.313983917236328
headdress,local16,42,30,-4.313983917236328,-3.4910149574279785,-1.8588268756866455
headdress,local16,42,31,-1.8588268756866455,-0.7918294668197632,-0.0156078040599823
headdress,local16,43,0,-3.7328124046325684,-0.4107455611228943,0.5318629741668701
headdress,local16,43,1,0.5318629741668701,-2.705740451812744,-2.00112247467041
headdress,local16,43,2,-2.00112247467041,-3.3433456420898438,-2.2124364376068115
headdress,local16,43,3,-2.2124364376068115,-4.3370771408081055,-1.8736060857772827
headdress,local16,43,4,-1.8736060857772827,-2.7738401889801025,-0.8565000891685486
headdress,local16,43,5,-0.8565000891685486,-0.5410401821136475,-3.444573163986206
headdress,local16,43,6,-3.444573163986206,-2.7027652263641357,-1.8622591495513916
headdress,local16,43,7,-1.8622591495513916,-2.082566022872925,-2.7884390354156494
headdress,local16,43,8,-2.7884390354156494,-2.9160962104797363,-4.009078025817871
headdress,local16,43,9,-4.009078025817871,-2.9445691108703613,-1.681156873703003
headdress,local16,43,10,-1.681156873703003,-1.4683717489242554,0.036177217960357666
headdress,local16,43,11,0.036177217960357666,-0.07127252221107483,-1.1008695363998413
headdress,local16,43,12,-1.1008695363998413,-0.6381955146789551,-1.4027979373931885
headdress,local16,43,13,-1.4027979373931885,-2.460031747817993,-4.080361366271973
headdress,local16,43,14,-4.080361366271973,-3.8471555709838867,-3.860530376434326
headdress,local16,43,15,-3.860530376434326,-4.139842987060547,-4.245192050933838
headdress,local16,43,16,-4.245192050933838,-4.317771911621094,-4.598217487335205
headdress,local16,43,17,-4.598217487335205,-4.528450965881348,-3.637216806411743
headdress,local16,43,18,-3.637216806411743,-2.885113477706909,-2.7647600173950195
headdress,local16,43,19,-2.7647600173950195,-2.6156933307647705,-1.036118984222412
headdress,local16,43,20,-1.036118984222412,-0.8687307834625244,-0.25601404905319214
headdress,local16,43,21,-0.25601404905319214,0.2526610493659973,-1.1300172805786133
headdress,local16,43,22,-1.1300172805786133,-1.5547899007797241,-1.143907904624939
headdress,local16,43,23,-1.143907904624939,-1.3438316583633423,-2.224551200866699
headdress,local16,43,24,-2.224551200866699,-1.991321325302124,-2.8583924770355225
headdress,local16,43,25,-2.8583924770355225,-2.9631595611572266,-4.1580657958984375
headdress,local16,43,26,-4.1580657958984375,-3.882380247116089,-3.3275976181030273
headdress,local16,43,27,-3.3275976181030273,-3.3404390811920166,-3.1329891681671143
headdress,local16,43,28,-3.1329891681671143,-2.887305974960327,-3.031479835510254
headdress,local16,43,29,-3.031479835510254,-2.2625303268432617,-2.8290939331054688
headdress,local16,43,30,-2.8290939331054688,-2.0541839599609375,-0.04868607223033905
headdress,local16,43,31,-0.04868607223033905,1.6280206441879272,-0.5748802423477173
headdress,local16,44,0,3.495107650756836,2.9982714653015137,0.789779543876648
headdress,local16,44,1,0.789779543876648,0.5270691514015198,1.4473633766174316
headdress,local16,44,2,1.4473633766174316,0.2591453790664673,1.449157476425171
headdress,local16,44,3,1.449157476425171,-0.05139803886413574,1.435125708580017
headdress,local16,44,4,1.435125708580017,1.0829401016235352,-0.2562980651855469
headdress,local16,44,5,-0.2562980651855469,-1.485975742340088,-0.8187068104743958
headdress,local16,44,6,-0.8187068104743958,-1.0256948471069336,0.01824072003364563
headdress,local16,44,7,0.01824072003364563,1.2695884704589844,0.1813916116952896
headdress,local16,44,8,0.1813916116952896,0.21979176998138428,-0.0020487308502197266
headdress,local16,44,9,-0.0020487308502197266,-0.6343349814414978,-0.863349437713623
headdress,local16,44,10,-0.863349437713623,-0.49552619457244873,-1.3062608242034912
headdress,local16,44,11,-1.3062608242034912,-0.47533780336380005,-1.3092001676559448
headdress,local16,44,12,-1.3092001676559448,-0.6384429335594177,0.6617205739021301
headdress,local16,44,13,0.6617205739021301,-0.08233402669429779,0.7240753769874573
headdress,local16,44,14,0.7240753769874573,1.2333967685699463,2.2158937454223633
headdress,local16,44,15,2.2158937454223633,2.0040645599365234,1.3916592597961426
headdress,local16,44,16,1.3916592597961426,1.6830523014068604,1.539038062095642
headdress,local16,44,17,1.539038062095642,1.2564823627471924,2.209287643432617
headdress,local16,44,18,2.209287643432617,2.2925379276275635,3.220820903778076
headdress,local16,44,19,3.220820903778076,3.3937745094299316,2.5339879989624023
headdress,local16,44,20,2.5339879989624023,2.7864840030670166,2.7989654541015625
headdress,local16,44,21,2.7989654541015625,2.976804256439209,3.0910584926605225
headdress,local16,44,22,3.0910584926605225,2.8183138370513916,3.354987621307373
headdress,local16,44,23,3.354987621307373,3.430633068084717,3.9309065341949463
headdress,local16,44,24,3.9309065341949463,3.646151542663574,3.6979968547821045
headdress,local16,44,25,3.6979968547821045,3.2397408485412598,3.888113498687744
headdress,local16,44,26,3.888113498687744,3.7637839317321777,3.9415462017059326
headdress,local16,44,27,3.9415462017059326,4.0697174072265625,5.108164310455322
headdress,local16,44,28,5.108164310455322,4.886270046234131,6.452220439910889
headdress,local16,44,29,6.452220439910889,6.191659450531006,6.55562162399292
headdress,local16,44,30,6.55562162399292,6.0879621505737305,6.105436325073242
headdress,local16,44,31,6.105436325073242,3.669283866882324,0.6723951101303101
headdress,local16,45,0,1.2219479084014893,0.33115553855895996,-0.16789555549621582
headdress,local16,45,1,-0.16789555549621582,0.6660106182098389,0.8019163608551025
headdress,local16,45,2,0.8019163608551025,2.722241163253784,3.653573989868164
headdress,local16,45,3,3.653573989868164,5.167355537414551,7.022014141082764
headdress,local16,45,4,7.022014141082764,7.969407558441162,5.808507442474365
headdress,local16,45,5,5.808507442474365,7.1237640380859375,5.444098949432373
headdress,local16,45,6,5.444098949432373,4.171147346496582,2.5528082847595215
headdress,local16,45,7,2.5528082847595215,5.176156997680664,5.363969802856445
headdress,local16,45,8,5.363969802856445,3.3509621620178223,3.63521146774292
headdress,local16,45,9,3.63521146774292,2.229151725769043,3.6012587547302246
headdress,local16,45,10,3.6012587547302246,2.979482650756836,3.7813446521759033
headdress,local16,45,11,3.7813446521759033,3.3786470890045166,3.6776881217956543
headdress,local16,45,12,3.6776881217956543,4.616292953491211,6.28928279876709
headdress,local16,45,13,6.28928279876709,4.813649654388428,7.813424587249756
headdress,local16,45,14,7.813424587249756,6.541197776794434,5.820357799530029
headdress,local16,45,15,5.820357799530029,4.719607830047607,6.14276123046875
headdress,local16,45,16,6.14276123046875,7.236569881439209,6.924549579620361
headdress,local16,45,17,6.924549579620361,6.2281107902526855,5.802989959716797
headdress,local16,45,18,5.802989959716797,6.023148536682129,6.228471755981445
headdress,local16,45,19,6.228471755981445,6.6232805252075195,6.029704570770264
headdress,local16,45,20,6.029704570770264,5.705434799194336,6.903731822967529
headdress,local16,45,21,6.903731822967529,7.166153430938721,7.277478218078613
headdress,local16,45,22,7.277478218078613,7.5583624839782715,7.230954170227051
headdress,local16,45,23,7.230954170227051,6.859988212585449,7.45942497253418
headdress,local16,45,24,7.45942497253418,7.535653591156006,7.835755348205566
headdress,local16,45,25,7.835755348205566,7.878061771392822,7.9476799964904785
headdress,local16,45,26,7.9476799964904785,7.324645042419434,6.977470397949219
headdress,local16,45,27,6.977470397949219,6.9408440589904785,6.913421154022217
headdress,local16,45,28,6.913421154022217,7.042605400085449,7.281434535980225
headdress,local16,45,29,7.281434535980225,7.120416641235352,6.91065788269043
headdress,local16,45,30,6.91065788269043,6.660885810852051,6.197052001953125
headdress,local16,45,31,6.197052001953125,3.9953503608703613,6.457979202270508
headdress,local64,17,0,-2.690234661102295,-4.498319149017334,-1.9260598421096802
headdress,local64,17,1,-1.9260598421096802,-3.1405560970306396,-1.6620696783065796
headdress,local64,17,2,-1.6620696783065796,-1.3544561862945557,-1.7419354915618896
headdress,local64,17,3,-1.7419354915618896,-1.878854751586914,-1.5062307119369507
headdress,local64,17,4,-1.5062307119369507,0.09407687187194824,-0.4388844966888428
headdress,local64,17,5,-0.4388844966888428,-1.1832606792449951,-0.6027650833129883
headdress,local64,17,6,-0.6027650833129883,0.6844184398651123,0.3421872854232788
headdress,local64,17,7,0.3421872854232788,0.1477678120136261,-0.6954230666160583
headdress,local64,17,8,-0.6954230666160583,-1.4668900966644287,-0.22127918899059296
headdress,local64,17,9,-0.22127918899059296,0.5632371306419373,0.4646247625350952
headdress,local64,17,10,0.4646247625350952,0.460504412651062,-0.11843724548816681
headdress,local64,17,11,-0.11843724548816681,0.5840928554534912,0.286742627620697
headdress,local64,17,12,0.286742627620697,-0.29426300525665283,-0.5006505846977234
headdress,local64,17,13,-0.5006505846977234,-0.3533780574798584,-2.191596746444702
headdress,local64,17,14,-2.191596746444702,-1.660294771194458,-2.9474267959594727
headdress,local64,17,15,-2.9474267959594727,-3.0167312622070312,-2.5784404277801514
headdress,local64,17,16,-2.5784404277801514,-2.3617241382598877,-3.612159490585327
headdress,local64,17,17,-3.612159490585327,-4.044308662414551,-2.984684705734253
headdress,local64,17,18,-2.984684705734253,-3.630927324295044,-4.206005573272705
headdress,local64,17,19,-4.206005573272705,-4.201817035675049,-4.385818958282471
headdress,local64,17,20,-4.385818958282471,-4.538098335266113,-2.3957467079162598
headdress,local64,17,21,-2.3957467079162598,-2.441068410873413,-2.231504440307617
headdress,local64,17,22,-2.231504440307617,-2.504584789276123,-1.8567557334899902
headdress,local64,17,23,-1.8567557334899902,-1.9272128343582153,-0.6136970520019531
headdress,local64,17,24,-0.6136970520019531,-0.8733296394348145,-1.1142926216125488
headdress,local64,17,25,-1.1142926216125488,-1.1697635650634766,-1.7868765592575073
headdress,local64,17,26,-1.7868765592575073,-1.8694061040878296,-1.483191967010498
headdress,local64,17,27,-1.483191967010498,-1.8204962015151978,-1.7669451236724854
headdress,local64,17,28,-1.7669451236724854,-1.8969969749450684,-1.5248194932937622
headdress,local64,17,29,-1.5248194932937622,-1.2233045101165771,-0.13946884870529175
headdress,local64,17,30,-0.13946884870529175,-0.3514605164527893,0.4824528396129608
headdress,local64,17,31,0.4824528396129608,0.45052844285964966,3.1651298999786377
headdress,local64,18,0,-2.442255973815918,-1.5453412532806396,1.3466547727584839
headdress,local64,18,1,1.3466547727584839,3.084092617034912,4.854269027709961
headdress,local64,18,2,4.854269027709961,5.816305637359619,3.7799863815307617
headdress,local64,18,3,3.7799863815307617,3.7078628540039062,3.010347843170166
headdress,local64,18,4,3.010347843170166,2.3497891426086426,-0.01915392279624939
headdress,local64,18,5,-0.01915392279624939,-1.3330540657043457,-1.1046288013458252
headdress,local64,18,6,-1.1046288013458252,-2.1832830905914307,-1.8250956535339355
headdress,local64,18,7,-1.8250956535339355,-1.7491085529327393,-1.9518887996673584
headdress,local64,18,8,-1.9518887996673584,-1.2477302551269531,1.0536539554595947
headdress,local64,18,9,1.0536539554595947,-0.649896502494812,1.8583217859268188
headdress,local64,18,10,1.8583217859268188,1.4407199621200562,0.9569045305252075
headdress,local64,18,11,0.9569045305252075,0.7071698307991028,1.62421715259552
headdress,local64,18,12,1.62421715259552,1.0527266263961792,0.7619887590408325
headdress,local64,18,13,0.7619887590408325,0.7863460779190063,0.5415287017822266
headdress,local64,18,14,0.5415287017822266,-0.3443659543991089,2.690382957458496
headdress,local64,18,15,2.690382957458496,0.8966912031173706,1.9349526166915894
headdress,local64,18,16,1.9349526166915894,1.689871907234192,2.2860453128814697
headdress,local64,18,17,2.2860453128814697,1.6548317670822144,3.3140676021575928
headdress,local64,18,18,3.3140676021575928,3.1152069568634033,4.174760341644287
headdress,local64,18,19,4.174760341644287,3.449017286300659,2.0660502910614014
headdress,local64,18,20,2.0660502910614014,1.561848759651184,2.723947525024414
headdress,local64,18,21,2.723947525024414,4.2076640129089355,3.5169496536254883
headdress,local64,18,22,3.5169496536254883,3.0562667846679688,4.121370315551758
headdress,local64,18,23,4.121370315551758,4.5067362785339355,5.466475486755371
headdress,local64,18,24,5.466475486755371,5.3714776039123535,5.975640296936035
headdress,local64,18,25,5.975640296936035,6.011443138122559,6.101534843444824
headdress,local64,18,26,6.101534843444824,5.759958744049072,4.315737724304199
headdress,local64,18,27,4.315737724304199,4.446025848388672,3.2460949420928955
headdress,local64,18,28,3.2460949420928955,2.447988986968994,2.625413179397583
headdress,local64,18,29,2.625413179397583,2.8857927322387695,2.536012649536133
headdress,local64,18,30,2.536012649536133,1.2115321159362793,0.648793637752533
headdress,local64,18,31,0.648793637752533,-0.8144552707672119,4.081915855407715
headdress,local64,19,0,2.9172141551971436,1.6173052787780762,1.4870492219924927
headdress,local64,19,1,1.4870492219924927,0.06130319833755493,0.37944555282592773
headdress,local64,19,2,0.37944555282592773,-1.1928733587265015,-0.4418909549713135
headdress,local64,19,3,-0.4418909549713135,-1.275686502456665,1.7352509498596191
headdress,local64,19,4,1.7352509498596191,0.8076893091201782,2.6798343658447266
headdress,local64,19,5,2.6798343658447266,1.236344814300537,2.4861066341400146
headdress,local64,19,6,2.4861066341400146,1.6795215606689453,2.920865058898926
headdress,local64,19,7,2.920865058898926,3.3705554008483887,3.885202407836914
headdress,local64,19,8,3.885202407836914,3.939389944076538,3.449233293533325
headdress,local64,19,9,3.449233293533325,2.475071907043457,3.10916805267334
headdress,local64,19,10,3.10916805267334,2.9131603240966797,3.039994955062866
headdress,local64,19,11,3.039994955062866,2.7211339473724365,2.252256155014038
headdress,local64,19,12,2.252256155014038,1.035973310470581,0.6524761915206909
headdress,local64,19,13,0.6524761915206909,-0.08658981323242188,-0.5315728187561035
headdress,local64,19,14,-0.5315728187561035,-1.712857961654663,0.39467668533325195
headdress,local64,19,15,0.39467668533325195,-0.7435818910598755,-0.09898579120635986
headdress,local64,19,16,-0.09898579120635986,-0.6975098848342896,0.7197108268737793
headdress,local64,19,17,0.7197108268737793,-0.5674945116043091,-0.879385232925415
headdress,local64,19,18,-0.879385232925415,-0.9392645359039307,0.8832237124443054
headdress,local64,19,19,0.8832237124443054,0.8307800889015198,-0.23723751306533813
headdress,local64,19,20,-0.23723751306533813,-0.5973601341247559,-0.8756410479545593
headdress,local64,19,21,-0.8756410479545593,-0.9671801924705505,-1.1904761791229248
headdress,local64,19,22,-1.1904761791229248,-1.614823818206787,-0.9720228910446167
headdress,local64,19,23,-0.9720228910446167,-1.1322561502456665,-1.6492422819137573
headdress,local64,19,24,-1.6492422819137573,-1.2515430450439453,-1.7542259693145752
headdress,local64,19,25,-1.7542259693145752,-1.8807005882263184,-1.925999641418457
headdress,local64,19,26,-1.925999641418457,-2.5581789016723633,-1.3323423862457275
headdress,local64,19,27,-1.3323423862457275,-2.2078030109405518,-3.5400683879852295
headdress,local64,19,28,-3.5400683879852295,-3.669407844543457,-3.0387332439422607
headdress,local64,19,29,-3.0387332439422607,-3.735591411590576,-5.198789596557617
headdress,local64,19,30,-5.198789596557617,-5.735924243927002,-6.469630241394043
headdress,local64,19,31,-6.469630241394043,-7.925294399261475,-5.000129699707031
headdress,local64,20,0,1.0619724988937378,-1.2033848762512207,1.6475169658660889
headdress,local64,20,1,1.6475169658660889,-1.4512308835983276,-0.814100980758667
headdress,local64,20,2,-0.814100980758667,-2.5155463218688965,-1.8017699718475342
headdress,local64,20,3,-1.8017699718475342,-1.2333745956420898,1.2608025074005127
headdress,local64,20,4,1.2608025074005127,1.9263691902160645,1.5063221454620361
headdress,local64,20,5,1.5063221454620361,1.6178522109985352,1.8960707187652588
headdress,local64,20,6,1.8960707187652588,2.4377660751342773,0.8234317898750305
headdress,local64,20,7,0.8234317898750305,0.302232563495636,-1.4922882318496704
headdress,local64,20,8,-1.4922882318496704,-1.3894264698028564,-1.608257532119751
headdress,local64,20,9,-1.608257532119751,-0.5777161121368408,-0.9270743131637573
headdress,local64,20,10,-0.9270743131637573,-0.8876842260360718,-2.6381335258483887
headdress,local64,20,11,-2.6381335258483887,-2.421705484390259,-3.3572587966918945
headdress,local64,20,12,-3.3572587966918945,-4.214967727661133,-2.453300714492798
headdress,local64,20,13,-2.453300714492798,-2.489137887954712,-0.967432975769043
headdress,local64,20,14,-0.967432975769043,0.08777952194213867,-1.472069263458252
headdress,local64,20,15,-1.472069263458252,-1.1466354131698608,-2.072489023208618
headdress,local64,20,16,-2.072489023208618,-1.5883182287216187,-0.1978263258934021
headdress,local64,20,17,-0.1978263258934021,0.6671817302703857,1.7159695625305176
headdress,local64,20,18,1.7159695625305176,1.2833521366119385,1.1361358165740967
headdress,local64,20,19,1.1361358165740967,0.9919306635856628,2.8077261447906494
headdress,local64,20,20,2.8077261447906494,3.1594109535217285,3.987640857696533
headdress,local64,20,21,3.987640857696533,3.6604042053222656,4.778777122497559
headdress,local64,20,22,4.778777122497559,5.3118157386779785,4.495175361633301
headdress,local64,20,23,4.495175361633301,4.169426918029785,3.8963236808776855
headdress,local64,20,24,3.8963236808776855,3.694868803024292,2.774407386779785
headdress,local64,20,25,2.774407386779785,2.7786993980407715,4.302612781524658
headdress,local64,20,26,4.302612781524658,3.900073289871216,3.183814525604248
headdress,local64,20,27,3.183814525604248,2.766469717025757,3.394179344177246
headdress,local64,20,28,3.394179344177246,3.0165247917175293,3.839606761932373
headdress,local64,20,29,3.839606761932373,4.260176658630371,3.918095350265503
headdress,local64,20,30,3.918095350265503,4.075967788696289,3.517686128616333
headdress,local64,20,31,3.517686128616333,4.155727863311768,4.440573215484619
headdress,local64,21,0,-0.7427998185157776,0.26589328050613403,-1.2784160375595093
headdress,local64,21,1,-1.2784160375595093,-0.22571131587028503,0.9618346691131592
headdress,local64,21,2,0.9618346691131592,1.4611620903015137,0.3247585892677307
headdress,local64,21,3,0.3247585892677307,0.7178654670715332,0.8400367498397827
headdress,local64,21,4,0.8400367498397827,1.5435700416564941,1.5451767444610596
headdress,local64,21,5,1.5451767444610596,0.6177926659584045,0.10268354415893555
headdress,local64,21,6,0.10268354415893555,-0.15288686752319336,-1.5363329648971558
headdress,local64,21,7,-1.5363329648971558,-1.6066474914550781,-2.6119799613952637
headdress,local64,21,8,-2.6119799613952637,-2.8979392051696777,-3.7308263778686523
headdress,local64,21,9,-3.7308263778686523,-4.287208557128906,-3.374466896057129
headdress,local64,21,10,-3.374466896057129,-4.370220184326172,-3.3496055603027344
headdress,local64,21,11,-3.3496055603027344,-3.8062639236450195,-4.305094242095947
headdress,local64,21,12,-4.305094242095947,-5.028647422790527,-3.7821860313415527
headdress,local64,21,13,-3.7821860313415527,-3.7187609672546387,-3.4804632663726807
headdress,local64,21,14,-3.4804632663726807,-3.435023307800293,-3.723529577255249
headdress,local64,21,15,-3.723529577255249,-4.020049571990967,-4.086355209350586
headdress,local64,21,16,-4.086355209350586,-4.458504676818848,-4.062386512756348
headdress,local64,21,17,-4.062386512756348,-3.7794013023376465,-5.591514587402344
headdress,local64,21,18,-5.591514587402344,-5.689949035644531,-5.218122482299805
headdress,local64,21,19,-5.218122482299805,-5.142726421356201,-5.3279314041137695
headdress,local64,21,20,-5.3279314041137695,-5.530611991882324,-5.611979961395264
headdress,local64,21,21,-5.611979961395264,-6.1906232833862305,-5.731992721557617
headdress,local64,21,22,-5.731992721557617,-5.776216506958008,-4.827803611755371
headdress,local64,21,23,-4.827803611755371,-4.736867904663086,-3.529979705810547
headdress,local64,21,24,-3.529979705810547,-4.021882057189941,-3.6513633728027344
headdress,local64,21,25,-3.6513633728027344,-3.750161647796631,-3.715853452682495
headdress,local64,21,26,-3.715853452682495,-3.8129849433898926,-3.6185059547424316
headdress,local64,21,27,-3.6185059547424316,-3.842745780944824,-3.28291392326355
headdress,local64,21,28,-3.28291392326355,-3.014464855194092,-3.5183801651000977
headdress,local64,21,29,-3.5183801651000977,-2.740112066268921,-2.2649354934692383
headdress,local64,21,30,-2.2649354934692383,-2.3875489234924316,0.3086225986480713
headdress,local64,21,31,0.3086225986480713,1.123317003250122,0.1028674840927124
headdress,local64,22,0,1.1346807479858398,-1.535308599472046,0.10758614540100098
headdress,local64,22,1,0.10758614540100098,-1.4448063373565674,-1.9942752122879028
headdress,local64,22,2,-1.9942752122879028,-0.9637627005577087,-1.3342411518096924
headdress,local64,22,3,-1.3342411518096924,-2.4932594299316406,0.2157280445098877
headdress,local64,22,4,0.2157280445098877,0.15395498275756836,0.8747913837432861
headdress,local64,22,5,0.8747913837432861,2.314119577407837,4.011772155761719
headdress,local64,22,6,4.011772155761719,4.448144912719727,1.6864264011383057
headdress,local64,22,7,1.6864264011383057,3.5729289054870605,1.9293338060379028
headdress,local64,22,8,1.9293338060379028,1.7429094314575195,-0.21619826555252075
headdress,local64,22,9,-0.21619826555252075,0.6460042595863342,0.5919734239578247
headdress,local64,22,10,0.5919734239578247,-0.1391291618347168,-3.7992515563964844
headdress,local64,22,11,-3.7992515563964844,-4.9072771072387695,-6.070446014404297
headdress,local64,22,12,-6.070446014404297,-3.0620126724243164,-3.1707842350006104
headdress,local64,22,13,-3.1707842350006104,-2.3302862644195557,-2.294127941131592
headdress,local64,22,14,-2.294127941131592,-0.21933817863464355,-1.836686372756958
headdress,local64,22,15,-1.836686372756958,-0.7899165153503418,0.7897138595581055
headdress,local64,22,16,0.7897138595581055,1.7166355848312378,2.8750391006469727
headdress,local64,22,17,2.8750391006469727,2.975159168243408,4.344364166259766
headdress,local64,22,18,4.344364166259766,7.720582008361816,6.62681770324707
headdress,local64,22,19,6.62681770324707,7.653628826141357,7.576223373413086
headdress,local64,22,20,7.576223373413086,7.676871299743652,7.642995834350586
headdress,local64,22,21,7.642995834350586,9.080694198608398,7.273251056671143
headdress,local64,22,22,7.273251056671143,7.345257759094238,5.522377014160156
headdress,local64,22,23,5.522377014160156,8.749435424804688,10.966535568237305
headdress,local64,22,24,10.966535568237305,12.460306167602539,12.545398712158203
headdress,local64,22,25,12.545398712158203,12.440126419067383,11.903948783874512
headdress,local64,22,26,11.903948783874512,11.68764591217041,10.970929145812988
headdress,local64,22,27,10.970929145812988,10.15004825592041,9.274945259094238
headdress,local64,22,28,9.274945259094238,8.940408706665039,7.3826398849487305
headdress,local64,22,29,7.3826398849487305,8.344452857971191,5.378272533416748
headdress,local64,22,30,5.378272533416748,4.861126899719238,4.299132347106934
headdress,local64,22,31,4.299132347106934,5.91462516784668,8.426074028015137
headdress,local64,23,0,0.9579998850822449,1.471638798713684,0.16844838857650757
headdress,local64,23,1,0.16844838857650757,-0.07794785499572754,-0.4942428469657898
headdress,local64,23,2,-0.4942428469657898,-0.5349375009536743,1.1240646839141846
headdress,local64,23,3,1.1240646839141846,1.5044456720352173,0.13018059730529785
headdress,local64,23,4,0.13018059730529785,0.4484269618988037,2.3681938648223877
headdress,local64,23,5,2.3681938648223877,1.9028539657592773,0.5915544033050537
headdress,local64,23,6,0.5915544033050537,0.7791459560394287,1.5819441080093384
headdress,local64,23,7,1.5819441080093384,1.1260273456573486,1.8405691385269165
headdress,local64,23,8,1.8405691385269165,1.8574461936950684,1.348282814025879
headdress,local64,23,9,1.348282814025879,1.0939791202545166,1.1099512577056885
headdress,local64,23,10,1.1099512577056885,0.7339022159576416,0.5099510550498962
headdress,local64,23,11,0.5099510550498962,0.6120956540107727,0.9698865413665771
headdress,local64,23,12,0.9698865413665771,0.1738622635602951,0.42509377002716064
headdress,local64,23,13,0.42509377002716064,0.662837028503418,0.9073692560195923
headdress,local64,23,14,0.9073692560195923,1.448441743850708,0.9585283398628235
headdress,local64,23,15,0.9585283398628235,1.2669320106506348,1.038693904876709
headdress,local64,23,16,1.038693904876709,1.659092903137207,1.8505432605743408
headdress,local64,23,17,1.8505432605743408,1.8393208980560303,2.0683162212371826
headdress,local64,23,18,2.0683162212371826,2.1424384117126465,1.6397030353546143
headdress,local64,23,19,1.6397030353546143,1.5290472507476807,1.8938448429107666
headdress,local64,23,20,1.8938448429107666,2.0030593872070312,1.465178370475769
headdress,local64,23,21,1.465178370475769,1.479683518409729,1.0879416465759277
headdress,local64,23,22,1.0879416465759277,1.0453914403915405,1.506048321723938
headdress,local64,23,23,1.506048321723938,1.5470653772354126,2.109712839126587
headdress,local64,23,24,2.109712839126587,2.2621841430664062,2.3026084899902344
headdress,local64,23,25,2.3026084899902344,2.2399730682373047,1.3978707790374756
headdress,local64,23,26,1.3978707790374756,1.2020522356033325,0.9803503155708313
headdress,local64,23,27,0.9803503155708313,1.041569709777832,1.4398002624511719
headdress,local64,23,28,1.4398002624511719,1.2889246940612793,0.46415549516677856
headdress,local64,23,29,0.46415549516677856,0.5004278421401978,-0.08200263977050781
headdress,local64,23,30,-0.08200263977050781,0.5362368822097778,0.49466121196746826
headdress,local64,23,31,0.49466121196746826,0.981987476348877,-0.8853555917739868
headdress,local64,24,0,1.2896993160247803,2.6156883239746094,1.3599097728729248
headdress,local64,24,1,1.3599097728729248,2.7701406478881836,2.7463698387145996
headdress,local64,24,2,2.7463698387145996,2.170865774154663,-0.8716342449188232
headdress,local64,24,3,-0.8716342449188232,-0.6213221549987793,0.9488043785095215
headdress,local64,24,4,0.9488043785095215,1.2122538089752197,1.7691857814788818
headdress,local64,24,5,1.7691857814788818,2.2410871982574463,1.141873836517334
headdress,local64,24,6,1.141873836517334,1.395104169845581,0.9167289733886719
headdress,local64,24,7,0.9167289733886719,0.06556892395019531,0.2562171220779419
headdress,local64,24,8,0.2562171220779419,-1.0056791305541992,-1.889303207397461
headdress,local64,24,9,-1.889303207397461,-2.442697286605835,0.17774641513824463
headdress,local64,24,10,0.17774641513824463,-0.4944276809692383,0.89652419090271
headdress,local64,24,11,0.89652419090271,0.3772825002670288,-0.2797880172729492
headdress,local64,24,12,-0.2797880172729492,-0.283466100692749,-1.4911991357803345
headdress,local64,24,13,-1.4911991357803345,-0.356173038482666,0.8501505851745605
headdress,local64,24,14,0.8501505851745605,0.5446939468383789,1.183345079421997
headdress,local64,24,15,1.183345079421997,1.2699065208435059,1.81537926197052
headdress,local64,24,16,1.81537926197052,2.894838809967041,3.524275541305542
headdress,local64,24,17,3.524275541305542,3.6559298038482666,2.1553215980529785
headdress,local64,24,18,2.1553215980529785,2.1472256183624268,1.2406296730041504
headdress,local64,24,19,1.2406296730041504,1.5541844367980957,2.140896797180176
headdress,local64,24,20,2.140896797180176,2.041261672973633,2.7753841876983643
headdress,local64,24,21,2.7753841876983643,2.49017596244812,2.6437299251556396
headdress,local64,24,22,2.6437299251556396,2.8140323162078857,2.78376841545105
headdress,local64,24,23,2.78376841545105,2.095111131668091,2.370922088623047
headdress,local64,24,24,2.370922088623047,4.269759178161621,4.047627925872803
headdress,local64,24,25,4.047627925872803,4.155189037322998,4.125883102416992
headdress,local64,24,26,4.125883102416992,3.279017448425293,3.5442326068878174
headdress,local64,24,27,3.5442326068878174,3.804670810699463,4.492911338806152
headdress,local64,24,28,4.492911338806152,3.715261936187744,4.123575210571289
headdress,local64,24,29,4.123575210571289,4.143014430999756,4.718908309936523
headdress,local64,24,30,4.718908309936523,4.363114356994629,5.527271270751953
headdress,local64,24,31,5.527271270751953,7.332847595214844,5.156036376953125
headdress,local64,25,0,-3.9442310333251953,-1.6078119277954102,-1.7249407768249512
headdress,local64,25,1,-1.7249407768249512,-0.4566304683685303,-0.6633422374725342
headdress,local64,25,2,-0.6633422374725342,-0.39086514711380005,0.9077353477478027
headdress,local64,25,3,0.9077353477478027,1.2801010608673096,1.3400670289993286
headdress,local64,25,4,1.3400670289993286,0.257829487323761,0.08967792987823486
headdress,local64,25,5,0.08967792987823486,-0.23509687185287476,0.8849170207977295
headdress,local64,25,6,0.8849170207977295,1.0352952480316162,2.941046953201294
headdress,local64,25,7,2.941046953201294,2.5268430709838867,2.5971195697784424
headdress,local64,25,8,2.5971195697784424,2.9667460918426514,2.1454625129699707
headdress,local64,25,9,2.1454625129699707,2.375791311264038,2.047055244445801
headdress,local64,25,10,2.047055244445801,3.0271995067596436,1.8275437355041504
headdress,local64,25,11,1.8275437355041504,1.2981512546539307,1.4613794088363647
headdress,local64,25,12,1.4613794088363647,2.305239677429199,0.16579699516296387
headdress,local64,25,13,0.16579699516296387,1.7819838523864746,1.3600540161132812
headdress,local64,25,14,1.3600540161132812,1.9579395055770874,1.895378589630127
headdress,local64,25,15,1.895378589630127,1.6506378650665283,0.8789268732070923
headdress,local64,25,16,0.8789268732070923,2.1835901737213135,2.5261077880859375
headdress,local64,25,17,2.5261077880859375,2.2183265686035156,2.843979835510254
headdress,local64,25,18,2.843979835510254,6.108360767364502,3.6589314937591553
headdress,local64,25,19,3.6589314937591553,3.8291046619415283,3.6234817504882812
headdress,local64,25,20,3.6234817504882812,3.940566301345825,3.280066728591919
headdress,local64,25,21,3.280066728591919,3.6164560317993164,4.690162181854248
headdress,local64,25,22,4.690162181854248,5.716128826141357,5.332995414733887
headdress,local64,25,23,5.332995414733887,5.599907875061035,5.782567024230957
headdress,local64,25,24,5.782567024230957,5.3674798011779785,4.83139181137085
headdress,local64,25,25,4.83139181137085,4.8747053146362305,4.750916004180908
headdress,local64,25,26,4.750916004180908,3.9821391105651855,3.8654050827026367
headdress,local64,25,27,3.8654050827026367,3.6880743503570557,4.204209327697754
headdress,local64,25,28,4.204209327697754,3.438033103942871,4.576911926269531
headdress,local64,25,29,4.576911926269531,3.6897315979003906,4.711752891540527
headdress,local64,25,30,4.711752891540527,3.7055506706237793,1.1392569541931152
headdress,local64,25,31,1.1392569541931152,-0.03388857841491699,-0.19209659099578857
headdress,local64,26,0,-0.4860578179359436,-1.2976386547088623,-1.0565390586853027
headdress,local64,26,1,-1.0565390586853027,0.00687861442565918,0.5855940580368042
headdress,local64,26,2,0.5855940580368042,1.7354649305343628,3.5653839111328125
headdress,local64,26,3,3.5653839111328125,3.482849597930908,3.2497615814208984
headdress,local64,26,4,3.2497615814208984,3.4331555366516113,2.401061534881592
headdress,local64,26,5,2.401061534881592,2.9562087059020996,5.981627941131592
headdress,local64,26,6,5.981627941131592,5.759650230407715,6.068461894989014
headdress,local64,26,7,6.068461894989014,5.994690418243408,4.760937690734863
headdress,local64,26,8,4.760937690734863,5.301307201385498,5.510259628295898
headdress,local64,26,9,5.510259628295898,4.8867034912109375,3.831571340560913
headdress,local64,26,10,3.831571340560913,3.344069480895996,2.3966281414031982
headdress,local64,26,11,2.3966281414031982,2.253044605255127,3.1911556720733643
headdress,local64,26,12,3.1911556720733643,3.305175542831421,3.10957407951355
headdress,local64,26,13,3.10957407951355,3.3834290504455566,1.4321483373641968
headdress,local64,26,14,1.4321483373641968,1.7623560428619385,1.8807226419448853
headdress,local64,26,15,1.8807226419448853,2.287754535675049,2.7719597816467285
headdress,local64,26,16,2.7719597816467285,4.4130096435546875,3.5402512550354004
headdress,local64,26,17,3.5402512550354004,3.371757984161377,1.9645054340362549
headdress,local64,26,18,1.9645054340362549,3.13965106010437,2.855100631713867
headdress,local64,26,19,2.855100631713867,2.524872064590454,2.406306266784668
headdress,local64,26,20,2.406306266784668,3.5387349128723145,2.211918592453003
headdress,local64,26,21,2.211918592453003,0.8795599937438965,-1.005728840827942
headdress,local64,26,22,-1.005728840827942,-0.5142137408256531,-8.06847095489502
headdress,local64,26,23,-8.06847095489502,-7.840917587280273,-7.241423606872559
headdress,local64,26,24,-7.241423606872559,-6.98289680480957,-8.163106918334961
headdress,local64,26,25,-8.163106918334961,-7.672429084777832,-4.256664276123047
headdress,local64,26,26,-4.256664276123047,-3.5538535118103027,-3.6619012355804443
headdress,local64,26,27,-3.6619012355804443,-2.989027738571167,-4.093404769897461
headdress,local64,26,28,-4.093404769897461,-4.807214260101318,-4.918500900268555
headdress,local64,26,29,-4.918500900268555,-5.313191890716553,-5.219399452209473
headdress,local64,26,30,-5.219399452209473,-3.6846237182617188,-4.1258955001831055
headdress,local64,26,31,-4.1258955001831055,-1.4357366561889648,-0.3923892378807068
headdress,local64,27,0,0.35434502363204956,-0.4023590087890625,-4.214445114135742
headdress,local64,27,1,-4.214445114135742,-4.048210144042969,-2.6134731769561768
headdress,local64,27,2,-2.6134731769561768,-3.697329044342041,-2.578507900238037
headdress,local64,27,3,-2.578507900238037,-3.4690661430358887,-2.2293739318847656
headdress,local64,27,4,-2.2293739318847656,-1.9763941764831543,-3.407654047012329
headdress,local64,27,5,-3.407654047012329,-3.054687023162842,-5.682398796081543
headdress,local64,27,6,-5.682398796081543,-5.304136276245117,-4.656372547149658
headdress,local64,27,7,-4.656372547149658,-2.7653491497039795,-2.7122585773468018
headdress,local64,27,8,-2.7122585773468018,-3.4880127906799316,-3.63633131980896
headdress,local64,27,9,-3.63633131980896,-5.214180946350098,-4.994166374206543
headdress,local64,27,10,-4.994166374206543,-4.8008503913879395,-6.750025272369385
headdress,local64,27,11,-6.750025272369385,-6.159991264343262,-5.913928031921387
headdress,local64,27,12,-5.913928031921387,-4.1615681648254395,-4.095829963684082
headdress,local64,27,13,-4.095829963684082,-3.9416894912719727,-3.813624143600464
headdress,local64,27,14,-3.813624143600464,-5.16508150100708,-3.8505306243896484
headdress,local64,27,15,-3.8505306243896484,-5.442502021789551,-3.088932752609253
headdress,local64,27,16,-3.088932752609253,-2.824942111968994,-4.2288336753845215
headdress,local64,27,17,-4.2288336753845215,-4.25216817855835,-2.4610347747802734
headdress,local64,27,18,-2.4610347747802734,-2.627880573272705,-2.8605124950408936
headdress,local64,27,19,-2.8605124950408936,-2.9992117881774902,-1.6483681201934814
headdress,local64,27,20,-1.6483681201934814,-1.3009334802627563,-3.3523898124694824
headdress,local64,27,21,-3.3523898124694824,-4.557345390319824,-6.210020065307617
headdress,local64,27,22,-6.210020065307617,-8.199920654296875,-14.507823944091797
headdress,local64,27,23,-14.507823944091797,-14.323050498962402,-10.031929016113281
headdress,local64,27,24,-10.031929016113281,-10.036434173583984,-8.797246932983398
headdress,local64,27,25,-8.797246932983398,-8.498571395874023,-7.1498613357543945
headdress,local64,27,26,-7.1498613357543945,-7.019719123840332,-6.828463077545166
headdress,local64,27,27,-6.828463077545166,-6.313608169555664,-6.568299293518066
headdress,local64,27,28,-6.568299293518066,-6.414539337158203,-5.310749053955078
headdress,local64,27,29,-5.310749053955078,-6.571910858154297,-7.169663429260254
headdress,local64,27,30,-7.169663429260254,-6.257216453552246,-6.098331451416016
headdress,local64,27,31,-6.098331451416016,-4.903319358825684,-3.878382682800293
headdress,local64,28,0,2.954542636871338,2.8325881958007812,1.0887830257415771
headdress,local64,28,1,1.0887830257415771,1.1709166765213013,1.1273845434188843
headdress,local64,28,2,1.1273845434188843,1.3309173583984375,1.260615348815918
headdress,local64,28,3,1.260615348815918,1.3476407527923584,0.012709856033325195
headdress,local64,28,4,0.012709856033325195,-0.1503886580467224,-1.150612711906433
headdress,local64,28,5,-1.150612711906433,-1.9289745092391968,0.24516570568084717
headdress,local64,28,6,0.24516570568084717,-0.7936751246452332,-1.3197557926177979
headdress,local64,28,7,-1.3197557926177979,-1.5209376811981201,-2.496513843536377
headdress,local64,28,8,-2.496513843536377,-3.495307683944702,-3.8130085468292236
headdress,local64,28,9,-3.8130085468292236,-4.662452220916748,-4.8527350425720215
headdress,local64,28,10,-4.8527350425720215,-4.545096397399902,-2.6739349365234375
headdress,local64,28,11,-2.6739349365234375,-2.945911407470703,-5.8204522132873535
headdress,local64,28,12,-5.8204522132873535,-6.52617073059082,-6.384442329406738
headdress,local64,28,13,-6.384442329406738,-6.636660099029541,-8.175844192504883
headdress,local64,28,14,-8.175844192504883,-7.632020950317383,-2.155465602874756
headdress,local64,28,15,-2.155465602874756,-2.7605206966400146,-3.6428589820861816
headdress,local64,28,16,-3.6428589820861816,-3.9389657974243164,-2.5042531490325928
headdress,local64,28,17,-2.5042531490325928,-2.9501254558563232,-1.6246531009674072
headdress,local64,28,18,-1.6246531009674072,-2.023995876312256,-3.1959969997406006
headdress,local64,28,19,-3.1959969997406006,-3.1015379428863525,1.8382128477096558
headdress,local64,28,20,1.8382128477096558,2.288605213165283,3.259678363800049
headdress,local64,28,21,3.259678363800049,2.3990657329559326,4.09909725189209
headdress,local64,28,22,4.09909725189209,3.6736035346984863,2.546949625015259
headdress,local64,28,23,2.546949625015259,2.2634124755859375,15.133414268493652
headdress,local64,28,24,15.133414268493652,15.19339370727539,18.237110137939453
headdress,local64,28,25,18.237110137939453,17.795392990112305,17.886066436767578
headdress,local64,28,26,17.886066436767578,17.313405990600586,16.149246215820312
headdress,local64,28,27,16.149246215820312,16.58686637878418,13.766324996948242
headdress,local64,28,28,13.766324996948242,13.334858894348145,11.562389373779297
headdress,local64,28,29,11.562389373779297,10.269540786743164,9.183725357055664
headdress,local64,28,30,9.183725357055664,7.971660137176514,7.161888122558594
headdress,local64,28,31,7.161888122558594,5.203727722167969,3.3415277004241943
headdress,local64,29,0,-4.557139873504639,-2.6287970542907715,-3.4578282833099365
headdress,local64,29,1,-3.4578282833099365,0.8618913888931274,1.2184557914733887
headdress,local64,29,2,1.2184557914733887,2.224473476409912,2.6779017448425293
headdress,local64,29,3,2.6779017448425293,3.183960437774658,3.7463645935058594
headdress,local64,29,4,3.7463645935058594,4.671963214874268,2.2099103927612305
headdress,local64,29,5,2.2099103927612305,3.272373914718628,-0.255637526512146
headdress,local64,29,6,-0.255637526512146,1.1774413585662842,3.487114667892456
headdress,local64,29,7,3.487114667892456,4.1774067878723145,3.6954479217529297
headdress,local64,29,8,3.6954479217529297,3.9366400241851807,2.604862928390503
headdress,local64,29,9,2.604862928390503,3.3286352157592773,3.9956207275390625
headdress,local64,29,10,3.9956207275390625,4.65874719619751,5.798992156982422
headdress,local64,29,11,5.798992156982422,5.891843318939209,5.878482341766357
headdress,local64,29,12,5.878482341766357,6.031835556030273,4.749284744262695
headdress,local64,29,13,4.749284744262695,5.482723236083984,4.8497514724731445
headdress,local64,29,14,4.8497514724731445,5.459514617919922,4.476244926452637
headdress,local64,29,15,4.476244926452637,5.218693256378174,6.546023845672607
headdress,local64,29,16,6.546023845672607,5.897968292236328,4.082137107849121
headdress,local64,29,17,4.082137107849121,4.527841567993164,3.119577646255493
headdress,local64,29,18,3.119577646255493,3.4044008255004883,4.892128944396973
headdress,local64,29,19,4.892128944396973,5.0583295822143555,3.146695137023926
headdress,local64,29,20,3.146695137023926,3.1261749267578125,3.8041718006134033
headdress,local64,29,21,3.8041718006134033,3.626007080078125,4.591339111328125
headdress,local64,29,22,4.591339111328125,4.780306816101074,-1.5647425651550293
headdress,local64,29,23,-1.5647425651550293,-0.20487594604492188,5.410653114318848
headdress,local64,29,24,5.410653114318848,5.189181327819824,3.8666040897369385
headdress,local64,29,25,3.8666040897369385,4.061685562133789,2.5263922214508057
headdress,local64,29,26,2.5263922214508057,2.3639957904815674,0.6283602714538574
headdress,local64,29,27,0.6283602714538574,0.5285989046096802,-2.6795601844787598
headdress,local64,29,28,-2.6795601844787598,-2.1295409202575684,-3.878588914871216
headdress,local64,29,29,-3.878588914871216,-3.707304000854492,-4.279270648956299
headdress,local64,29,30,-4.279270648956299,-3.8394057750701904,-2.815143585205078
headdress,local64,29,31,-2.815143585205078,-1.8293492794036865,-0.8398612141609192
headdress,local64,30,0,-0.2895880937576294,-0.7540690898895264,-1.4180703163146973
headdress,local64,30,1,-1.4180703163146973,-0.5789486169815063,-0.01860499382019043
headdress,local64,30,2,-0.01860499382019043,2.618025302886963,0.714607298374176
headdress,local64,30,3,0.714607298374176,2.0722508430480957,2.139329433441162
headdress,local64,30,4,2.139329433441162,2.479496479034424,0.10704183578491211
headdress,local64,30,5,0.10704183578491211,0.9019753932952881,1.5257865190505981
headdress,local64,30,6,1.5257865190505981,1.1349135637283325,-0.2925039529800415
headdress,local64,30,7,-0.2925039529800415,-0.21250665187835693,-0.6694321632385254
headdress,local64,30,8,-0.6694321632385254,-1.2644789218902588,0.061687588691711426
headdress,local64,30,9,0.061687588691711426,0.5661852359771729,1.8475043773651123
headdress,local64,30,10,1.8475043773651123,2.644845962524414,2.4417340755462646
headdress,local64,30,11,2.4417340755462646,3.3251538276672363,3.046877384185791
headdress,local64,30,12,3.046877384185791,3.6608774662017822,3.5003743171691895
headdress,local64,30,13,3.5003743171691895,3.6849961280822754,3.2800252437591553
headdress,local64,30,14,3.2800252437591553,4.055816173553467,1.5418140888214111
headdress,local64,30,15,1.5418140888214111,0.4214653968811035,-1.3650507926940918
headdress,local64,30,16,-1.3650507926940918,-1.6898564100265503,-1.6203787326812744
headdress,local64,30,17,-1.6203787326812744,-2.2430622577667236,-0.6187283992767334
headdress,local64,30,18,-0.6187283992767334,-1.6780964136123657,-1.0490951538085938
headdress,local64,30,19,-1.0490951538085938,-0.8870165348052979,-1.4507415294647217
headdress,local64,30,20,-1.4507415294647217,-1.4963152408599854,-1.3588175773620605
headdress,local64,30,21,-1.3588175773620605,-1.45870041847229,-2.4302780628204346
headdress,local64,30,22,-2.4302780628204346,-2.755949020385742,-4.053096294403076
headdress,local64,30,23,-4.053096294403076,-3.780667781829834,-3.6223442554473877
headdress,local64,30,24,-3.6223442554473877,-4.218166351318359,-5.140768527984619
headdress,local64,30,25,-5.140768527984619,-5.048099517822266,-3.260852336883545
headdress,local64,30,26,-3.260852336883545,-3.1183462142944336,-1.980705976486206
headdress,local64,30,27,-1.980705976486206,-1.844578504562378,-1.266263484954834
headdress,local64,30,28,-1.266263484954834,-1.2451729774475098,-0.7969174385070801
headdress,local64,30,29,-0.7969174385070801,-0.9127025604248047,-1.1366190910339355
headdress,local64,30,30,-1.1366190910339355,-0.9938514232635498,-1.6853954792022705
headdress,local64,30,31,-1.6853954792022705,0.3223538398742676,-0.21521663665771484
headdress,local64,31,0,-3.1718902587890625,-2.350475311279297,-2.6809544563293457
headdress,local64,31,1,-2.6809544563293457,-3.25429630279541,-3.463759183883667
headdress,local64,31,2,-3.463759183883667,-4.91303825378418,-4.481116771697998
headdress,local64,31,3,-4.481116771697998,-4.568487644195557,-3.0465784072875977
headdress,local64,31,4,-3.0465784072875977,-4.007372856140137,-1.8375874757766724
headdress,local64,31,5,-1.8375874757766724,-2.970970630645752,-1.999645709991455
headdress,local64,31,6,-1.999645709991455,-2.2953715324401855,-0.608095645904541
headdress,local64,31,7,-0.608095645904541,-0.22717905044555664,-0.7653532028198242
headdress,local64,31,8,-0.7653532028198242,-1.2094378471374512,0.056726932525634766
headdress,local64,31,9,0.056726932525634766,-0.06055474281311035,-1.09901762008667
headdress,local64,31,10,-1.09901762008667,-1.7616900205612183,0.18688368797302246
headdress,local64,31,11,0.18688368797302246,-0.0995028018951416,-0.32796359062194824
headdress,local64,31,12,-0.32796359062194824,-0.33956384658813477,-1.0849134922027588
headdress,local64,31,13,-1.0849134922027588,-2.2126893997192383,-2.7868940830230713
headdress,local64,31,14,-2.7868940830230713,-3.964869976043701,-2.512927293777466
headdress,local64,31,15,-2.512927293777466,-3.0306923389434814,-3.792325735092163
headdress,local64,31,16,-3.792325735092163,-4.09811544418335,-2.6545746326446533
headdress,local64,31,17,-2.6545746326446533,-3.4699699878692627,-4.156317234039307
headdress,local64,31,18,-4.156317234039307,-3.63590407371521,-2.304560899734497
headdress,local64,31,19,-2.304560899734497,-2.5354955196380615,-3.8044750690460205
headdress,local64,31,20,-3.8044750690460205,-3.7967681884765625,-2.526599407196045
headdress,local64,31,21,-2.526599407196045,-2.670565128326416,-3.8123793601989746
headdress,local64,31,22,-3.8123793601989746,-4.014349937438965,-5.280479431152344
headdress,local64,31,23,-5.280479431152344,-5.268826484680176,-4.686915397644043
headdress,local64,31,24,-4.686915397644043,-4.301460266113281,-3.3181777000427246
headdress,local64,31,25,-3.3181777000427246,-3.3662657737731934,-5.1433210372924805
headdress,local64,31,26,-5.1433210372924805,-5.269162178039551,-4.618832588195801
headdress,local64,31,27,-4.618832588195801,-4.509208679199219,-5.405404090881348
headdress,local64,31,28,-5.405404090881348,-5.003841876983643,-5.507296085357666
headdress,local64,31,29,-5.507296085357666,-5.048044681549072,-3.963719367980957
headdress,local64,31,30,-3.963719367980957,-3.3761863708496094,-2.8211636543273926
headdress,local64,31,31,-2.8211636543273926,-2.4231629371643066,-2.3407106399536133
headdress,local64,32,0,1.7169839143753052,1.1499714851379395,0.3816629648208618
headdress,local64,32,1,0.3816629648208618,0.11218535900115967,0.37502211332321167
headdress,local64,32,2,0.37502211332321167,0.052025794982910156,0.3081479072570801
headdress,local64,32,3,0.3081479072570801,-0.13282060623168945,0.6916405558586121
headdress,local64,32,4,0.6916405558586121,0.6055506467819214,-0.4345214366912842
headdress,local64,32,5,-0.4345214366912842,0.41181474924087524,1.8064494132995605
headdress,local64,32,6,1.8064494132995605,1.722760796546936,2.546163558959961
headdress,local64,32,7,2.546163558959961,2.1965525150299072,2.109841823577881
headdress,local64,32,8,2.109841823577881,2.847158908843994,1.612714409828186
headdress,local64,32,9,1.612714409828186,1.2133103609085083,1.5814440250396729
headdress,local64,32,10,1.5814440250396729,0.8061591982841492,1.868265986442566
headdress,local64,32,11,1.868265986442566,2.4000415802001953,2.7428011894226074
headdress,local64,32,12,2.7428011894226074,2.5269203186035156,2.086763620376587
headdress,local64,32,13,2.086763620376587,2.377902030944824,2.650912284851074
headdress,local64,32,14,2.650912284851074,1.785123586654663,2.0914201736450195
headdress,local64,32,15,2.0914201736450195,1.4758621454238892,3.767995834350586
headdress,local64,32,16,3.767995834350586,3.2426514625549316,2.8401808738708496
headdress,local64,32,17,2.8401808738708496,3.1244795322418213,3.6827638149261475
headdress,local64,32,18,3.6827638149261475,3.3441567420959473,2.8120672702789307
headdress,local64,32,19,2.8120672702789307,2.782749652862549,2.427946090698242
headdress,local64,32,20,2.427946090698242,2.55570650100708,1.3749183416366577
headdress,local64,32,21,1.3749183416366577,1.5361000299453735,1.7224321365356445
headdress,local64,32,22,1.7224321365356445,1.753216028213501,2.251340866088867
headdress,local64,32,23,2.251340866088867,2.224747896194458,3.9229490756988525
headdress,local64,32,24,3.9229490756988525,3.7238807678222656,3.08809232711792
headdress,local64,32,25,3.08809232711792,3.1125330924987793,3.104978561401367
headdress,local64,32,26,3.104978561401367,3.1557111740112305,3.7822484970092773
headdress,local64,32,27,3.7822484970092773,3.6221306324005127,3.5213510990142822
headdress,local64,32,28,3.5213510990142822,3.450486660003662,3.650057554244995
headdress,local64,32,29,3.650057554244995,3.22426700592041,2.8382601737976074
headdress,local64,32,30,2.8382601737976074,3.0907416343688965,4.4940996170043945
headdress,local64,32,31,4.4940996170043945,5.333178520202637,8.481595993041992
headdress,local64,33,0,0.6139160990715027,1.4839316606521606,0.6347446441650391
headdress,local64,33,1,0.6347446441650391,1.3670952320098877,1.6817352771759033
headdress,local64,33,2,1.6817352771759033,1.620455026626587,1.938937783241272
headdress,local64,33,3,1.938937783241272,1.6703044176101685,4.148663520812988
headdress,local64,33,4,4.148663520812988,3.8064558506011963,4.178854465484619
headdress,local64,33,5,4.178854465484619,3.720953941345215,0.6942918300628662
headdress,local64,33,6,0.6942918300628662,-0.012216806411743164,1.4497919082641602
headdress,local64,33,7,1.4497919082641602,2.275991916656494,1.1498777866363525
headdress,local64,33,8,1.1498777866363525,2.2243123054504395,0.736531138420105
headdress,local64,33,9,0.736531138420105,0.44573646783828735,1.2988415956497192
headdress,local64,33,10,1.2988415956497192,1.5728514194488525,0.9788657426834106
headdress,local64,33,11,0.9788657426834106,0.6959847807884216,1.189784288406372
headdress,local64,33,12,1.189784288406372,0.8092551231384277,0.9104844927787781
headdress,local64,33,13,0.9104844927787781,0.5202986598014832,0.2726079821586609
headdress,local64,33,14,0.2726079821586609,0.11999779939651489,0.5640971660614014
headdress,local64,33,15,0.5640971660614014,0.8871323466300964,0.5830278396606445
headdress,local64,33,16,0.5830278396606445,0.9167349338531494,0.6515370011329651
headdress,local64,33,17,0.6515370011329651,0.7525476813316345,2.2029824256896973
headdress,local64,33,18,2.2029824256896973,2.2758631706237793,3.9997355937957764
headdress,local64,33,19,3.9997355937957764,4.1514787673950195,4.0716776847839355
headdress,local64,33,20,4.0716776847839355,4.446700096130371,2.958969831466675
headdress,local64,33,21,2.958969831466675,2.9332847595214844,3.6083576679229736
headdress,local64,33,22,3.6083576679229736,3.1629772186279297,3.1812827587127686
headdress,local64,33,23,3.1812827587127686,3.5179686546325684,3.5843803882598877
headdress,local64,33,24,3.5843803882598877,2.946455478668213,3.276094913482666
headdress,local64,33,25,3.276094913482666,2.699954032897949,3.8721981048583984
headdress,local64,33,26,3.8721981048583984,3.6974258422851562,3.988809585571289
headdress,local64,33,27,3.988809585571289,3.639768123626709,4.233144283294678
headdress,local64,33,28,4.233144283294678,4.805146217346191,3.465238094329834
headdress,local64,33,29,3.465238094329834,3.4162654876708984,3.5312299728393555
headdress,local64,33,30,3.5312299728393555,3.331657886505127,3.1652722358703613
headdress,local64,33,31,3.1652722358703613,1.4789730310440063,-0.24391984939575195
headdress,local64,34,0,-3.5932207107543945,-0.48941075801849365,-2.2727479934692383
headdress,local64,34,1,-2.2727479934692383,-1.2917107343673706,-3.100649356842041
headdress,local64,34,2,-3.100649356842041,-2.461313009262085,-2.251786708831787
headdress,local64,34,3,-2.251786708831787,-1.9339532852172852,-1.8408721685409546
headdress,local64,34,4,-1.8408721685409546,-1.2795443534851074,-1.5306646823883057
headdress,local64,34,5,-1.5306646823883057,-1.607317566871643,-1.8763537406921387
headdress,local64,34,6,-1.8763537406921387,-3.0687880516052246,-3.2086853981018066
headdress,local64,34,7,-3.2086853981018066,-3.9414782524108887,-4.129569053649902
headdress,local64,34,8,-4.129569053649902,-5.00149393081665,-4.892353534698486
headdress,local64,34,9,-4.892353534698486,-4.472876071929932,-3.829543352127075
headdress,local64,34,10,-3.829543352127075,-3.72983455657959,-5.23307991027832
headdress,local64,34,11,-5.23307991027832,-3.587696075439453,-3.8855299949645996
headdress,local64,34,12,-3.8855299949645996,-4.74260139465332,-4.9344611167907715
headdress,local64,34,13,-4.9344611167907715,-5.00871467590332,-3.6679797172546387
headdress,local64,34,14,-3.6679797172546387,-4.02519416809082,-4.907343864440918
headdress,local64,34,15,-4.907343864440918,-5.1322221755981445,-4.987150192260742
headdress,local64,34,16,-4.987150192260742,-6.026507377624512,-4.695886611938477
headdress,local64,34,17,-4.695886611938477,-4.88587760925293,-4.1147141456604
headdress,local64,34,18,-4.1147141456604,-5.612232685089111,-5.20991325378418
headdress,local64,34,19,-5.20991325378418,-4.528942108154297,-4.634203910827637
headdress,local64,34,20,-4.634203910827637,-4.591540336608887,-3.6141819953918457
headdress,local64,34,21,-3.6141819953918457,-3.27114200592041,-2.796393632888794
headdress,local64,34,22,-2.796393632888794,-3.3059637546539307,-0.3515176475048065
headdress,local64,34,23,-0.3515176475048065,-0.33472615480422974,-2.36049747467041
headdress,local64,34,24,-2.36049747467041,-2.4768972396850586,-1.600057601928711
headdress,local64,34,25,-1.600057601928711,-1.9349762201309204,-2.3054146766662598
headdress,local64,34,26,-2.3054146766662598,-3.304267406463623,-3.50749135017395
headdress,local64,34,27,-3.50749135017395,-3.8067240715026855,-3.3038525581359863
headdress,local64,34,28,-3.3038525581359863,-1.7645713090896606,-1.253955364227295
headdress,local64,34,29,-1.253955364227295,-0.5309438705444336,-1.5083686113357544
headdress,local64,34,30,-1.5083686113357544,-2.232631206512451,-2.779721736907959
headdress,local64,34,31,-2.779721736907959,-4.858874797821045,-2.4573607444763184
headdress,local64,35,0,-1.3885732889175415,-0.9871411323547363,-0.25607407093048096
headdress,local64,35,1,-0.25607407093048096,0.3283058702945709,-1.000044345855713
headdress,local64,35,2,-1.000044345855713,0.2192244529724121,0.6761583685874939
headdress,local64,35,3,0.6761583685874939,2.721104621887207,1.637855052947998
headdress,local64,35,4,1.637855052947998,2.632789373397827,3.7684860229492188
headdress,local64,35,5,3.7684860229492188,4.584018230438232,5.303434371948242
headdress,local64,35,6,5.303434371948242,5.308789253234863,3.4713363647460938
headdress,local64,35,7,3.4713363647460938,2.626274824142456,3.000009059906006
headdress,local64,35,8,3.000009059906006,3.638370990753174,1.9385485649108887
headdress,local64,35,9,1.9385485649108887,0.8329392075538635,3.6493821144104004
headdress,local64,35,10,3.6493821144104004,3.0685439109802246,4.747964859008789
headdress,local64,35,11,4.747964859008789,4.172701835632324,3.5693726539611816
headdress,local64,35,12,3.5693726539611816,3.673734426498413,4.104194641113281
headdress,local64,35,13,4.104194641113281,4.168111801147461,6.10768985748291
headdress,local64,35,14,6.10768985748291,7.336031913757324,4.16761589050293
headdress,local64,35,15,4.16761589050293,4.821438789367676,5.8686933517456055
headdress,local64,35,16,5.8686933517456055,4.767035484313965,6.076565742492676
headdress,local64,35,17,6.076565742492676,5.767014503479004,6.867086887359619
headdress,local64,35,18,6.867086887359619,6.737630844116211,7.974067687988281
headdress,local64,35,19,7.974067687988281,8.191595077514648,8.201274871826172
headdress,local64,35,20,8.201274871826172,8.096857070922852,8.387651443481445
headdress,local64,35,21,8.387651443481445,8.212620735168457,8.558923721313477
headdress,local64,35,22,8.558923721313477,8.511892318725586,8.375838279724121
headdress,local64,35,23,8.375838279724121,7.939215660095215,7.685086250305176
headdress,local64,35,24,7.685086250305176,7.1893463134765625,8.64532470703125
headdress,local64,35,25,8.64532470703125,8.42490291595459,7.971611022949219
headdress,local64,35,26,7.971611022949219,8.095316886901855,7.493276596069336
headdress,local64,35,27,7.493276596069336,7.584962844848633,8.082231521606445
headdress,local64,35,28,8.082231521606445,7.929810523986816,8.108368873596191
headdress,local64,35,29,8.108368873596191,8.29501724243164,8.730632781982422
headdress,local64,35,30,8.730632781982422,8.30063247680664,9.507139205932617
headdress,local64,35,31,9.507139205932617,10.515743255615234,9.047196388244629
headdress,local64,36,0,-3.360307216644287,0.36340731382369995,-0.800252377986908
headdress,local64,36,1,-0.800252377986908,1.492114782333374,-1.2535686492919922
headdress,local64,36,2,-1.2535686492919922,0.9559838771820068,-1.6286709308624268
headdress,local64,36,3,-1.6286709308624268,-0.6159086227416992,-2.7268331050872803
headdress,local64,36,4,-2.7268331050872803,-1.5638173818588257,-1.8034532070159912
headdress,local64,36,5,-1.8034532070159912,-1.096247911453247,0.2113330364227295
headdress,local64,36,6,0.2113330364227295,-0.13953018188476562,-1.2396700382232666
headdress,local64,36,7,-1.2396700382232666,-2.5838277339935303,-2.267024040222168
headdress,local64,36,8,-2.267024040222168,-2.5873453617095947,-2.725386381149292
headdress,local64,36,9,-2.725386381149292,-2.52223539352417,-2.0706231594085693
headdress,local64,36,10,-2.0706231594085693,-2.7089521884918213,-1.4898484945297241
headdress,local64,36,11,-1.4898484945297241,-1.453394889831543,-2.5970139503479004
headdress,local64,36,12,-2.5970139503479004,-1.9963207244873047,0.14703378081321716
headdress,local64,36,13,0.14703378081321716,0.2046540081501007,-1.7064356803894043
headdress,local64,36,14,-1.7064356803894043,-0.45637375116348267,-2.261042594909668
headdress,local64,36,15,-2.261042594909668,-2.346226215362549,-4.278474807739258
headdress,local64,36,16,-4.278474807739258,-4.088787078857422,-2.1583170890808105
headdress,local64,36,17,-2.1583170890808105,-1.9534105062484741,-0.5739583373069763
headdress,local64,36,18,-0.5739583373069763,-0.7009450197219849,-0.2736533284187317
headdress,local64,36,19,-0.2736533284187317,-0.5399197936058044,-0.4802014231681824
headdress,local64,36,20,-0.4802014231681824,-0.3885023593902588,-1.002149224281311
headdress,local64,36,21,-1.002149224281311,-0.9353076815605164,0.13304781913757324
headdress,local64,36,22,0.13304781913757324,-0.564548134803772,0.379363477230072
headdress,local64,36,23,0.379363477230072,0.29970473051071167,-0.08203184604644775
headdress,local64,36,24,-0.08203184604644775,-0.05478179454803467,-1.2927403450012207
headdress,local64,36,25,-1.2927403450012207,-1.8194516897201538,-1.078417420387268
headdress,local64,36,26,-1.078417420387268,-1.067055344581604,-1.2317827939987183
headdress,local64,36,27,-1.2317827939987183,-1.187732458114624,-0.5990173816680908
headdress,local64,36,28,-0.5990173816680908,-1.073401689529419,-0.3728507161140442
headdress,local64,36,29,-0.3728507161140442,-0.13050037622451782,0.26044782996177673
headdress,local64,36,30,0.26044782996177673,0.051055580377578735,1.917211651802063
headdress,local64,36,31,1.917211651802063,2.3974761962890625,0.7949944734573364
headdress,local64,37,0,0.3631969690322876,-3.074869155883789,-1.9438202381134033
headdress,local64,37,1,-1.9438202381134033,-2.4267055988311768,-1.5466060638427734
headdress,local64,37,2,-1.5466060638427734,-1.7509407997131348,0.6578846573829651
headdress,local64,37,3,0.6578846573829651,-0.2458280324935913,-0.2463982105255127
headdress,local64,37,4,-0.2463982105255127,-0.5383365154266357,-0.5806012153625488
headdress,local64,37,5,-0.5806012153625488,-1.5487189292907715,-1.3678033351898193
headdress,local64,37,6,-1.3678033351898193,-1.3831617832183838,-2.298614263534546
headdress,local64,37,7,-2.298614263534546,-2.7771992683410645,-4.796726703643799
headdress,local64,37,8,-4.796726703643799,-4.436732292175293,-2.983147144317627
headdress,local64,37,9,-2.983147144317627,-4.008044242858887,-4.832108974456787
headdress,local64,37,10,-4.832108974456787,-4.210021495819092,-4.648909568786621
headdress,local64,37,11,-4.648909568786621,-3.4465606212615967,-4.759248733520508
headdress,local64,37,12,-4.759248733520508,-4.897713661193848,-4.332621097564697
headdress,local64,37,13,-4.332621097564697,-3.851480484008789,-4.380594253540039
headdress,local64,37,14,-4.380594253540039,-3.4269754886627197,-2.8115177154541016
headdress,local64,37,15,-2.8115177154541016,-2.4892146587371826,-3.041166305541992
headdress,local64,37,16,-3.041166305541992,-4.790637016296387,-3.9821784496307373
headdress,local64,37,17,-3.9821784496307373,-4.448096752166748,-4.489093780517578
headdress,local64,37,18,-4.489093780517578,-4.291095733642578,-4.802924156188965
headdress,local64,37,19,-4.802924156188965,-4.547235488891602,-3.897582769393921
headdress,local64,37,20,-3.897582769393921,-3.8112545013427734,-4.933508396148682
headdress,local64,37,21,-4.933508396148682,-4.824151039123535,-4.650732040405273
headdress,local64,37,22,-4.650732040405273,-4.480365753173828,-3.3110740184783936
headdress,local64,37,23,-3.3110740184783936,-3.3727688789367676,-2.9031219482421875
headdress,local64,37,24,-2.9031219482421875,-2.908055305480957,-3.0531692504882812
headdress,local64,37,25,-3.0531692504882812,-3.190990924835205,-1.8105089664459229
headdress,local64,37,26,-1.8105089664459229,-1.7815991640090942,-0.3533334732055664
headdress,local64,37,27,-0.3533334732055664,-0.3290386199951172,-0.8426889777183533
headdress,local64,37,28,-0.8426889777183533,-0.893799364566803,-0.5813415050506592
headdress,local64,37,29,-0.5813415050506592,-0.04683268070220947,0.9204520583152771
headdress,local64,37,30,0.9204520583152771,1.1532237529754639,3.4245686531066895
headdress,local64,37,31,3.4245686531066895,4.772382736206055,6.261666774749756
headdress,local64,38,0,-1.4282947778701782,-0.7958793640136719,0.5894292593002319
headdress,local64,38,1,0.5894292593002319,0.26344597339630127,4.395470142364502
headdress,local64,38,2,4.395470142364502,3.156309127807617,2.0071206092834473
headdress,local64,38,3,2.0071206092834473,1.1219398975372314,0.3946729898452759
headdress,local64,38,4,0.3946729898452759,0.015786051750183105,0.54004967212677
headdress,local64,38,5,0.54004967212677,0.7052189111709595,-0.4682232141494751
headdress,local64,38,6,-0.4682232141494751,-0.7103750705718994,2.4908244609832764
headdress,local64,38,7,2.4908244609832764,2.2429964542388916,1.7672991752624512
headdress,local64,38,8,1.7672991752624512,1.838681697845459,2.403108596801758
headdress,local64,38,9,2.403108596801758,1.7080297470092773,3.0440030097961426
headdress,local64,38,10,3.0440030097961426,1.9848899841308594,2.5288538932800293
headdress,local64,38,11,2.5288538932800293,1.5325895547866821,2.4844913482666016
headdress,local64,38,12,2.4844913482666016,2.1838810443878174,2.0393877029418945
headdress,local64,38,13,2.0393877029418945,1.6729533672332764,1.710208773612976
headdress,local64,38,14,1.710208773612976,0.7150363922119141,1.4992003440856934
headdress,local64,38,15,1.4992003440856934,1.5201172828674316,2.5953516960144043
headdress,local64,38,16,2.5953516960144043,1.588812232017517,3.0250511169433594
headdress,local64,38,17,3.0250511169433594,2.909571886062622,3.973283290863037
headdress,local64,38,18,3.973283290863037,3.749932050704956,4.7561750411987305
headdress,local64,38,19,4.7561750411987305,5.186575889587402,4.161466121673584
headdress,local64,38,20,4.161466121673584,4.745286464691162,5.279364585876465
headdress,local64,38,21,5.279364585876465,5.363442897796631,5.654258728027344
headdress,local64,38,22,5.654258728027344,5.474121570587158,5.11475133895874
headdress,local64,38,23,5.11475133895874,6.123664855957031,5.8406662940979
headdress,local64,38,24,5.8406662940979,6.233378887176514,7.88484525680542
headdress,local64,38,25,7.88484525680542,7.698298454284668,7.700400352478027
headdress,local64,38,26,7.700400352478027,7.270467281341553,8.39864444732666
headdress,local64,38,27,8.39864444732666,8.015583038330078,7.983589172363281
headdress,local64,38,28,7.983589172363281,7.515716075897217,8.058592796325684
headdress,local64,38,29,8.058592796325684,6.874256610870361,6.519743919372559
headdress,local64,38,30,6.519743919372559,4.092116355895996,2.0448970794677734
headdress,local64,38,31,2.0448970794677734,-0.0603792667388916,0.07222014665603638
headdress,local64,39,0,-0.5789556503295898,-0.4617155194282532,0.16201522946357727
headdress,local64,39,1,0.16201522946357727,0.9724453687667847,0.6829334497451782
headdress,local64,39,2,0.6829334497451782,2.178151845932007,0.24655652046203613
headdress,local64,39,3,0.24655652046203613,1.6016281843185425,0.39859986305236816
headdress,local64,39,4,0.39859986305236816,1.480808973312378,0.10331916809082031
headdress,local64,39,5,0.10331916809082031,-0.30991512537002563,0.7361242771148682
headdress,local64,39,6,0.7361242771148682,0.8995941877365112,1.0995986461639404
headdress,local64,39,7,1.0995986461639404,1.524195909500122,3.4093191623687744
headdress,local64,39,8,3.4093191623687744,4.583057403564453,3.3908872604370117
headdress,local64,39,9,3.3908872604370117,2.9423365592956543,2.281327486038208
headdress,local64,39,10,2.281327486038208,3.5737946033477783,4.077137470245361
headdress,local64,39,11,4.077137470245361,3.1235623359680176,5.695640563964844
headdress,local64,39,12,5.695640563964844,6.615097999572754,7.073320388793945
headdress,local64,39,13,7.073320388793945,5.79316520690918,6.868865489959717
headdress,local64,39,14,6.868865489959717,6.188143253326416,7.2236175537109375
headdress,local64,39,15,7.2236175537109375,7.960493564605713,8.822405815124512
headdress,local64,39,16,8.822405815124512,8.022195816040039,6.968491554260254
headdress,local64,39,17,6.968491554260254,7.949433326721191,7.048115253448486
headdress,local64,39,18,7.048115253448486,6.671497821807861,5.602503299713135
headdress,local64,39,19,5.602503299713135,5.797741889953613,4.2816314697265625
headdress,local64,39,20,4.2816314697265625,4.302065372467041,2.4068872928619385
headdress,local64,39,21,2.4068872928619385,0.852977991104126,1.680528163909912
headdress,local64,39,22,1.680528163909912,1.530440330505371,1.2976036071777344
headdress,local64,39,23,1.2976036071777344,1.0502653121948242,1.3204301595687866
headdress,local64,39,24,1.3204301595687866,0.5515307188034058,1.6083117723464966
headdress,local64,39,25,1.6083117723464966,0.9865376949310303,0.6180269718170166
headdress,local64,39,26,0.6180269718170166,1.0231142044067383,1.3008848428726196
headdress,local64,39,27,1.3008848428726196,1.8881477117538452,2.1731796264648438
headdress,local64,39,28,2.1731796264648438,1.7997550964355469,2.679640531539917
headdress,local64,39,29,2.679640531539917,2.5136895179748535,3.2198915481567383
headdress,local64,39,30,3.2198915481567383,3.184164047241211,3.09279203414917
headdress,local64,39,31,3.09279203414917,5.9715495109558105,2.013712167739868
headdress,local64,40,0,2.7670819759368896,0.997246265411377,-0.2884509563446045
headdress,local64,40,1,-0.2884509563446045,-1.2472504377365112,-0.26940226554870605
headdress,local64,40,2,-0.26940226554870605,-0.009378999471664429,0.739501953125
headdress,local64,40,3,0.739501953125,1.7146462202072144,2.7479677200317383
headdress,local64,40,4,2.7479677200317383,2.348543405532837,3.8157646656036377
headdress,local64,40,5,3.8157646656036377,2.4130001068115234,2.1414954662323
headdress,local64,40,6,2.1414954662323,0.6174436211585999,0.07774834334850311
headdress,local64,40,7,0.07774834334850311,0.20969945192337036,-2.4324471950531006
headdress,local64,40,8,-2.4324471950531006,-3.5894315242767334,-2.955355644226074
headdress,local64,40,9,-2.955355644226074,-3.104882001876831,-3.1325371265411377
headdress,local64,40,10,-3.1325371265411377,-2.7592148780822754,-2.4466590881347656
headdress,local64,40,11,-2.4466590881347656,-2.6778197288513184,-3.019908905029297
headdress,local64,40,12,-3.019908905029297,-3.5260188579559326,-4.076557636260986
headdress,local64,40,13,-4.076557636260986,-4.236715793609619,-4.895599365234375
headdress,local64,40,14,-4.895599365234375,-5.20997428894043,-4.381490707397461
headdress,local64,40,15,-4.381490707397461,-4.401508331298828,-3.534400463104248
headdress,local64,40,16,-3.534400463104248,-4.231050491333008,-2.6893322467803955
headdress,local64,40,17,-2.6893322467803955,-1.6154892444610596,-4.125979900360107
headdress,local64,40,18,-4.125979900360107,-4.0529465675354,-3.069826364517212
headdress,local64,40,19,-3.069826364517212,-3.5249955654144287,-2.297661781311035
headdress,local64,40,20,-2.297661781311035,-2.2725424766540527,-2.3128106594085693
headdress,local64,40,21,-2.3128106594085693,-2.85477876663208,-3.503809928894043
headdress,local64,40,22,-3.503809928894043,-4.145870208740234,-4.469998836517334
headdress,local64,40,23,-4.469998836517334,-4.696118354797363,-4.564043045043945
headdress,local64,40,24,-4.564043045043945,-4.353667259216309,-5.581599712371826
headdress,local64,40,25,-5.581599712371826,-5.188378810882568,-5.5885210037231445
headdress,local64,40,26,-5.5885210037231445,-5.3598103523254395,-3.930424213409424
headdress,local64,40,27,-3.930424213409424,-3.492380380630493,-3.6375396251678467
headdress,local64,40,28,-3.6375396251678467,-3.3792834281921387,-2.8228530883789062
headdress,local64,40,29,-2.8228530883789062,-3.2939085960388184,-3.6815690994262695
headdress,local64,40,30,-3.6815690994262695,-3.222968101501465,-3.1126294136047363
headdress,local64,40,31,-3.1126294136047363,-0.13212645053863525,-1.1036065816879272
headdress,local64,41,0,0.07131147384643555,0.9638910293579102,2.088014841079712
headdress,local64,41,1,2.088014841079712,2.499753952026367,0.8266172409057617
headdress,local64,41,2,0.8266172409057617,0.945197582244873,0.7586920261383057
headdress,local64,41,3,0.7586920261383057,0.569657027721405,2.3326122760772705
headdress,local64,41,4,2.3326122760772705,2.5245656967163086,1.5584934949874878
headdress,local64,41,5,1.5584934949874878,1.4048941135406494,1.151120901107788
headdress,local64,41,6,1.151120901107788,0.9991267919540405,0.8754402995109558
headdress,local64,41,7,0.8754402995109558,-0.4785958528518677,-0.21753382682800293
headdress,local64,41,8,-0.21753382682800293,1.1707819700241089,2.3794217109680176
headdress,local64,41,9,2.3794217109680176,2.5916683673858643,0.08440721035003662
headdress,local64,41,10,0.08440721035003662,0.7656867504119873,-1.4604840278625488
headdress,local64,41,11,-1.4604840278625488,-1.2089818716049194,-0.26984038949012756
headdress,local64,41,12,-0.26984038949012756,-0.02944052219390869,0.24965333938598633
headdress,local64,41,13,0.24965333938598633,0.4942657947540283,3.2090604305267334
headdress,local64,41,14,3.2090604305267334,2.2382333278656006,1.6585220098495483
headdress,local64,41,15,1.6585220098495483,2.8561930656433105,3.343252420425415
headdress,local64,41,16,3.343252420425415,4.611164569854736,4.381705284118652
headdress,local64,41,17,4.381705284118652,3.8667337894439697,5.197221755981445
headdress,local64,41,18,5.197221755981445,5.199233531951904,3.4108517169952393
headdress,local64,41,19,3.4108517169952393,3.056262969970703,2.468536138534546
headdress,local64,41,20,2.468536138534546,2.2313246726989746,0.983859121799469
headdress,local64,41,21,0.983859121799469,0.6304095983505249,1.1404725313186646
headdress,local64,41,22,1.1404725313186646,1.6079105138778687,1.740087628364563
headdress,local64,41,23,1.740087628364563,1.8839585781097412,2.3007822036743164
headdress,local64,41,24,2.3007822036743164,1.7090030908584595,4.373293876647949
headdress,local64,41,25,4.373293876647949,3.7013211250305176,4.161095142364502
headdress,local64,41,26,4.161095142364502,4.326797962188721,3.859156370162964
headdress,local64,41,27,3.859156370162964,3.7822723388671875,3.7562856674194336
headdress,local64,41,28,3.7562856674194336,3.059396266937256,3.0331215858459473
headdress,local64,41,29,3.0331215858459473,2.7936511039733887,3.8027431964874268
headdress,local64,41,30,3.8027431964874268,2.3022823333740234,2.6412367820739746
headdress,local64,41,31,2.6412367820739746,0.9542542695999146,-1.314415454864502
headdress,local64,42,0,-0.5907708406448364,-1.3021870851516724,0.8792309761047363
headdress,local64,42,1,0.8792309761047363,-0.6334960460662842,-0.9202384948730469
headdress,local64,42,2,-0.9202384948730469,-1.0308233499526978,-0.4808182716369629
headdress,local64,42,3,-0.4808182716369629,-0.5652704238891602,-2.441967487335205
headdress,local64,42,4,-2.441967487335205,-2.2534127235412598,-2.1688637733459473
headdress,local64,42,5,-2.1688637733459473,-2.3337955474853516,-1.7894554138183594
headdress,local64,42,6,-1.7894554138183594,-1.558122158050537,-2.750565528869629
headdress,local64,42,7,-2.750565528869629,-2.7944273948669434,-1.3646457195281982
headdress,local64,42,8,-1.3646457195281982,-1.3024537563323975,-0.9761314392089844
headdress,local64,42,9,-0.9761314392089844,-1.2840334177017212,-1.3637022972106934
headdress,local64,42,10,-1.3637022972106934,-0.9438455104827881,0.9554502964019775
headdress,local64,42,11,0.9554502964019775,0.3354763984680176,0.174446702003479
headdress,local64,42,12,0.174446702003479,0.3852818012237549,0.23654359579086304
headdress,local64,42,13,0.23654359579086304,-0.10687243938446045,-0.42272186279296875
headdress,local64,42,14,-0.42272186279296875,-0.09276902675628662,0.8222898244857788
headdress,local64,42,15,0.8222898244857788,0.515055775642395,-0.790312647819519
headdress,local64,42,16,-0.790312647819519,-0.9042237997055054,-1.4909989833831787
headdress,local64,42,17,-1.4909989833831787,-2.4560225009918213,-1.2185403108596802
headdress,local64,42,18,-1.2185403108596802,-1.0107395648956299,-2.0292890071868896
headdress,local64,42,19,-2.0292890071868896,-2.0992941856384277,-1.5657232999801636
headdress,local64,42,20,-1.5657232999801636,-1.370466947555542,-1.7082386016845703
headdress,local64,42,21,-1.7082386016845703,-1.3961125612258911,-2.302121162414551
headdress,local64,42,22,-2.302121162414551,-2.6552414894104004,-3.3165481090545654
headdress,local64,42,23,-3.3165481090545654,-3.4044981002807617,-3.323219060897827
headdress,local64,42,24,-3.323219060897827,-3.1625561714172363,-3.732931137084961
headdress,local64,42,25,-3.732931137084961,-3.465571165084839,-1.8648808002471924
headdress,local64,42,26,-1.8648808002471924,-1.826920747756958,-2.0515873432159424
headdress,local64,42,27,-2.0515873432159424,-1.9894201755523682,-1.3665059804916382
headdress,local64,42,28,-1.3665059804916382,-2.8203959465026855,-3.0511834621429443
headdress,local64,42,29,-3.0511834621429443,-2.571976661682129,-4.713640213012695
headdress,local64,42,30,-4.713640213012695,-3.7484865188598633,-0.9680522680282593
headdress,local64,42,31,-0.9680522680282593,-0.05772674083709717,0.12447258830070496
headdress,local64,43,0,-3.7328124046325684,0.05124181509017944,0.2797437608242035
headdress,local64,43,1,0.2797437608242035,-3.2577009201049805,-2.2331089973449707
headdress,local64,43,2,-2.2331089973449707,-3.544600248336792,-2.470357656478882
headdress,local64,43,3,-2.470357656478882,-4.6399030685424805,-2.6672420501708984
headdress,local64,43,4,-2.6672420501708984,-3.836947441101074,-0.989127516746521
headdress,local64,43,5,-0.989127516746521,-0.8817457556724548,-3.2967495918273926
headdress,local64,43,6,-3.2967495918273926,-2.613616466522217,-1.4747097492218018
headdress,local64,43,7,-1.4747097492218018,-1.933274507522583,-2.6867129802703857
headdress,local64,43,8,-2.6867129802703857,-3.3720972537994385,-3.797069549560547
headdress,local64,43,9,-3.797069549560547,-2.2425007820129395,-1.8996899127960205
headdress,local64,43,10,-1.8996899127960205,-1.3799331188201904,-0.31798434257507324
headdress,local64,43,11,-0.31798434257507324,-1.0444737672805786,-2.569885730743408
headdress,local64,43,12,-2.569885730743408,-1.6414101123809814,-1.477168083190918
headdress,local64,43,13,-1.477168083190918,-2.1784169673919678,-3.6278090476989746
headdress,local64,43,14,-3.6278090476989746,-3.2999484539031982,-2.5895683765411377
headdress,local64,43,15,-2.5895683765411377,-3.066633939743042,-3.4779348373413086
headdress,local64,43,16,-3.4779348373413086,-3.2386527061462402,-3.423036575317383
headdress,local64,43,17,-3.423036575317383,-2.9511513710021973,-2.8991103172302246
headdress,local64,43,18,-2.8991103172302246,-2.4749531745910645,-2.003974199295044
headdress,local64,43,19,-2.003974199295044,-2.154660701751709,-0.4304702877998352
headdress,local64,43,20,-0.4304702877998352,-0.41858726739883423,0.127433180809021
headdress,local64,43,21,0.127433180809021,0.5331462025642395,-1.266388177871704
headdress,local64,43,22,-1.266388177871704,-1.474749207496643,-1.701930284500122
headdress,local64,43,23,-1.701930284500122,-1.7959331274032593,-3.5231804847717285
headdress,local64,43,24,-3.5231804847717285,-2.2127556800842285,-3.3491005897521973
headdress,local64,43,25,-3.3491005897521973,-2.8436102867126465,-4.880771636962891
headdress,local64,43,26,-4.880771636962891,-4.474836826324463,-3.5953311920166016
headdress,local64,43,27,-3.5953311920166016,-3.3318018913269043,-3.2007896900177
headdress,local64,43,28,-3.2007896900177,-3.4649200439453125,-2.9472222328186035
headdress,local64,43,29,-2.9472222328186035,-2.3641324043273926,-2.7936160564422607
headdress,local64,43,30,-2.7936160564422607,-1.3835140466690063,0.026353836059570312
headdress,local64,43,31,0.026353836059570312,1.5950720310211182,-1.2702558040618896
headdress,local64,44,0,3.495107650756836,3.7565269470214844,1.0663925409317017
headdress,local64,44,1,1.0663925409317017,1.0638856887817383,2.111018180847168
headdress,local64,44,2,2.111018180847168,1.4818058013916016,2.084710121154785
headdress,local64,44,3,2.084710121154785,1.0081965923309326,2.3848438262939453
headdress,local64,44,4,2.3848438262939453,2.6252825260162354,1.618114948272705
headdress,local64,44,5,1.618114948272705,0.8280767798423767,1.457784652709961
headdress,local64,44,6,1.457784652709961,1.1902211904525757,1.2928128242492676
headdress,local64,44,7,1.2928128242492676,2.209956169128418,1.93817937374115
headdress,local64,44,8,1.93817937374115,1.5609657764434814,2.1853079795837402
headdress,local64,44,9,2.1853079795837402,0.9215112924575806,1.225229024887085
headdress,local64,44,10,1.225229024887085,2.1244874000549316,1.5423386096954346
headdress,local64,44,11,1.5423386096954346,2.007875442504883,1.240271806716919
headdress,local64,44,12,1.240271806716919,1.43758225440979,2.645143985748291
headdress,local64,44,13,2.645143985748291,1.227231502532959,1.0002846717834473
headdress,local64,44,14,1.0002846717834473,1.9221373796463013,3.03348970413208
headdress,local64,44,15,3.03348970413208,3.602782726287842,2.6962647438049316
headdress,local64,44,16,2.6962647438049316,3.3093605041503906,2.8440566062927246
headdress,local64,44,17,2.8440566062927246,2.973294734954834,5.212890625
headdress,local64,44,18,5.212890625,5.1331963539123535,6.509232521057129
headdress,local64,44,19,6.509232521057129,7.009760856628418,5.887558937072754
headdress,local64,44,20,5.887558937072754,6.282770156860352,6.2017717361450195
headdress,local64,44,21,6.2017717361450195,6.3724870681762695,5.575453758239746
headdress,local64,44,22,5.575453758239746,4.756884574890137,5.928620338439941
headdress,local64,44,23,5.928620338439941,5.818727493286133,6.340743064880371
headdress,local64,44,24,6.340743064880371,5.64478874206543,5.823528289794922
headdress,local64,44,25,5.823528289794922,5.168888568878174,5.869078636169434
headdress,local64,44,26,5.869078636169434,5.6938629150390625,5.474912643432617
headdress,local64,44,27,5.474912643432617,5.313754081726074,6.2626495361328125
headdress,local64,44,28,6.2626495361328125,5.9716410636901855,7.073117733001709
headdress,local64,44,29,7.073117733001709,6.641624450683594,6.895662307739258
headdress,local64,44,30,6.895662307739258,6.012834548950195,6.641176700592041
headdress,local64,44,31,6.641176700592041,4.096799850463867,0.9965337514877319
headdress,local64,45,0,1.2219479084014893,0.06543642282485962,-0.2936040759086609
headdress,local64,45,1,-0.2936040759086609,0.5358948111534119,0.6816354990005493
headdress,local64,45,2,0.6816354990005493,0.942990779876709,3.2390613555908203
headdress,local64,45,3,3.2390613555908203,4.46649169921875,5.551090717315674
headdress,local64,45,4,5.551090717315674,7.2222723960876465,4.754000663757324
headdress,local64,45,5,4.754000663757324,5.502875328063965,4.756649494171143
headdress,local64,45,6,4.756649494171143,4.057688236236572,1.3428997993469238
headdress,local64,45,7,1.3428997993469238,3.7895474433898926,3.6737468242645264
headdress,local64,45,8,3.6737468242645264,3.133148193359375,3.033355474472046
headdress,local64,45,9,3.033355474472046,1.9554619789123535,2.621314525604248
headdress,local64,45,10,2.621314525604248,1.401106357574463,2.158226728439331
headdress,local64,45,11,2.158226728439331,2.9302732944488525,2.3152294158935547
headdress,local64,45,12,2.3152294158935547,3.344052314758301,4.482522964477539
headdress,local64,45,13,4.482522964477539,3.7116856575012207,5.9571452140808105
headdress,local64,45,14,5.9571452140808105,5.6162309646606445,4.814230442047119
headdress,local64,45,15,4.814230442047119,3.6726815700531006,4.769876956939697
headdress,local64,45,16,4.769876956939697,6.474100112915039,5.889589786529541
headdress,local64,45,17,5.889589786529541,5.200621604919434,5.116507530212402
headdress,local64,45,18,5.116507530212402,5.519126892089844,4.9622273445129395
headdress,local64,45,19,4.9622273445129395,5.481717109680176,5.7616496086120605
headdress,local64,45,20,5.7616496086120605,5.5217061042785645,6.598047256469727
headdress,local64,45,21,6.598047256469727,6.810981750488281,7.231476783752441
headdress,local64,45,22,7.231476783752441,7.570282936096191,7.76833963394165
headdress,local64,45,23,7.76833963394165,7.257704734802246,8.388103485107422
headdress,local64,45,24,8.388103485107422,8.477279663085938,9.482698440551758
headdress,local64,45,25,9.482698440551758,9.361400604248047,10.151971817016602
headdress,local64,45,26,10.151971817016602,9.586776733398438,9.001768112182617
headdress,local64,45,27,9.001768112182617,8.673937797546387,8.863536834716797
headdress,local64,45,28,8.863536834716797,9.27459716796875,9.391538619995117
headdress,local64,45,29,9.391538619995117,9.24998950958252,9.120704650878906
headdress,local64,45,30,9.120704650878906,8.481452941894531,8.023223876953125
headdress,local64,45,31,8.023223876953125,5.98018741607666,8.922024726867676
