step,layer,source_mass,valid_heads,dispersion,disagreement,shift,shift_baseline
0,0,0.3398487064987421,32,5.833322393415539,0.8840894701410811,,
0,1,0.05842000059783459,32,6.202803330208161,0.7194554913397839,,
0,2,0.035086724907159805,32,6.174919891470882,0.6365538171485312,,
0,3,0.03218194283545017,32,6.202063335188419,0.6427888833874098,,
0,4,0.05121433548629284,32,5.721084857205738,0.6285596716671895,,
0,5,0.03935200907289982,32,5.615093206001001,0.717072341209871,,
0,6,0.04598160833120346,32,5.58895854642149,0.7446272559204807,,
0,7,0.04361536540091038,32,5.15811110651161,0.5203339694328228,,
0,8,0.04318004101514816,32,4.6745275777261295,0.5547645727012469,,
0,9,0.027002695947885513,32,4.724892526643238,0.716699940623263,,
0,10,0.03941035456955433,32,4.658893300259436,0.7137433678790499,,
0,11,0.057948268949985504,32,4.388685355553688,0.6142966124833888,,
0,12,0.08634207956492901,32,4.520919486319888,0.4454637248267286,,
0,13,0.10420184582471848,32,4.2654350470309375,0.534608975989892,,
0,14,0.08441714383661747,32,4.5064719884315725,0.769091541235162,,
0,15,0.03749970532953739,32,4.557063129468288,1.0379285132465945,,
0,16,0.03087785467505455,32,4.719322416790566,0.8158544464399116,,
0,17,0.029376816004514694,32,4.92068258821272,0.9206980778481695,,
0,18,0.040365878492593765,32,5.616656728959989,0.681600531550079,,
0,19,0.046684276312589645,32,5.838168319334738,0.709119730293069,,
0,20,0.05148661509156227,32,5.818645231197897,0.7548951028381294,,
0,21,0.025902247056365013,32,5.540444041596704,0.9018589033658806,,
0,22,0.04099191166460514,32,5.480060110561304,0.8440314825802986,,
0,23,0.036308592185378075,32,5.9346701296514635,0.7589038519904765,,
0,24,0.04881219379603863,32,5.632093489648678,0.8455114068603002,,
0,25,0.025711044669151306,32,5.647059799350765,0.9179324102800566,,
0,26,0.051475463435053825,32,5.284261893108322,0.8868684479760409,,
0,27,0.06344379857182503,32,5.596596026099638,0.8959533749115174,,
0,28,0.038528261706233025,32,5.687989487480241,0.9646244064715477,,
0,29,0.0390541423112154,32,5.972059266731685,0.7707062075509494,,
0,30,0.13891502656042576,32,5.523097302015293,0.8961582295415846,,
0,31,0.07255584374070168,32,5.7891217121753265,0.9133025939824044,,
1,0,0.3264491632580757,32,5.900262827018201,0.7088835037234738,0.32788899291038054,
1,1,0.07959425635635853,32,6.168956952055982,0.7356159148192098,0.33905891724057796,
1,2,0.03938567079603672,32,6.107965769166244,0.7551496321013182,0.394746134256018,
1,3,0.04408196918666363,32,6.3619902938845065,0.5708385178884958,0.29215553093656665,
1,4,0.03451937809586525,32,5.7539250742836,0.7040842369687077,0.27945756576547753,
1,5,0.029595447704195976,32,5.858411977307465,0.7017327791519641,0.331513211187108,
1,6,0.024007540196180344,32,5.799892089589271,0.6995064069348533,0.33590895466540505,
1,7,0.024600496515631676,32,5.45169013456554,0.5285183748326165,0.29943735845500796,
1,8,0.014921827241778374,32,4.869358346490426,0.6831711074435631,0.2859756763094875,
1,9,0.010717140510678291,32,4.486572185363684,0.8304535259724579,0.2776834847012338,
1,10,0.010473381727933884,32,4.725313438372652,0.8378479216603303,0.31391693797874454,
1,11,0.015923691913485527,32,4.445409429611306,0.6721401944222745,0.2501580499982943,
1,12,0.023781441152095795,32,4.656134218271628,0.39241339502117967,0.2392658096978271,
1,13,0.025540120899677277,32,3.735965842489783,0.5748475019287689,0.39371812014078156,
1,14,0.02111811563372612,32,3.606628127979782,0.7913697156015198,0.4227306208239933,
1,15,0.011877430602908134,32,4.667433295791545,0.9236624582134692,0.377929533705774,
1,16,0.01619657687842846,32,4.968498512393282,0.7519841429992313,0.35688991628959094,
1,17,0.01769861951470375,32,5.04044513942914,0.7460365300293246,0.31534373207717276,
1,18,0.012292817234992981,32,5.194784331693934,0.6264223288392161,0.4208525322285505,
1,19,0.011196184903383255,32,5.892644351723667,0.6757178918929734,0.35635427154833443,
1,20,0.009017085656523705,32,5.74391220370692,0.6060044811238434,0.41121943350307655,
1,21,0.010049210861325264,32,5.545512732258315,0.8524946858137525,0.38565336844638154,
1,22,0.009617244824767113,32,5.646103952836266,0.6035968616952196,0.4089537599125954,
1,23,0.010874439030885696,32,5.9763684282403755,0.7471777201294199,0.38768830598528337,
1,24,0.005465898662805557,32,6.022843881160284,0.7157076991778695,0.4010590009218868,
1,25,0.006213245913386345,32,5.740631076969539,0.8986526603449985,0.3890102369491484,
1,26,0.010080784559249878,32,5.47057304472348,0.5801888074345847,0.4303129495544099,
1,27,0.011560281738638878,32,6.258413759710114,0.6290862265598536,0.4367278928385149,
1,28,0.015111764892935753,32,5.939273174647596,0.7294446438891455,0.443498115696812,
1,29,0.012869114056229591,32,6.075451792505911,0.728581712429965,0.38506701494427553,
1,30,0.020462900400161743,32,6.216283979992697,0.5401289792323034,0.46034700888502506,
1,31,0.026339402422308922,32,6.408017083968496,0.7045513198802196,0.38166199261018374,
2,0,0.2801958676427603,32,5.765290340412428,0.7484875581904085,0.18777549689732326,0.32788899291038054
2,1,0.06645316444337368,32,6.042466687818576,0.8313594190384883,0.24601297345753306,0.33905891724057796
2,2,0.031243780627846718,32,6.051404559688126,0.8294760957327458,0.2819248134016472,0.394746134256018
2,3,0.04117516055703163,32,6.527744501080711,0.5283873730733308,0.2060529455031379,0.29215553093656665
2,4,0.04367128573358059,32,6.151900812493506,0.6801596065713253,0.24393884174799335,0.27945756576547753
2,5,0.04544877074658871,32,5.953123568709186,0.7724423669118465,0.22560268330248354,0.331513211187108
2,6,0.045801885426044464,32,5.990484080047455,0.7160836027312492,0.22657796436145178,0.33590895466540505
2,7,0.06730743683874607,32,5.944102470346947,0.565609374297888,0.29648765488617446,0.29943735845500796
2,8,0.0661754310131073,32,5.867707905665633,0.6577754066358921,0.38905034719948794,0.2859756763094875
2,9,0.05166483856737614,32,5.409762586153755,0.72383516542929,0.3926521884314284,0.2776834847012338
2,10,0.06877792626619339,32,5.2770006812047345,0.8647399923352062,0.3854159534394357,0.31391693797874454
2,11,0.07187207043170929,32,5.003214282531422,0.6220983741185844,0.31166346388550564,0.2501580499982943
2,12,0.10426267609000206,32,5.353879080856753,0.37824302256794873,0.3227012478962584,0.2392658096978271
2,13,0.137721985578537,32,4.740511754677727,0.5561125320645965,0.39531437887797133,0.39371812014078156
2,14,0.055226044729352,32,4.064213818773608,0.805943649954906,0.28664919881019213,0.4227306208239933
2,15,0.03114316426217556,32,4.978592940200977,1.0091824829291216,0.29578277404937436,0.377929533705774
2,16,0.021937770769000053,32,4.964824940189011,0.7654106033401131,0.23574394774212792,0.35688991628959094
2,17,0.024103311821818352,32,5.154465906601276,0.8130249815290247,0.2129157608922192,0.31534373207717276
2,18,0.01951839216053486,32,5.265421829542832,0.6257689063868925,0.20132324568024124,0.4208525322285505
2,19,0.015191186219453812,32,5.872202471176218,0.6687392950182103,0.187498784500374,0.35635427154833443
2,20,0.015575770288705826,32,5.77223601725559,0.6184342450795253,0.20160759860505417,0.41121943350307655
2,21,0.018925510346889496,32,5.524566072867081,0.8599695128807383,0.24817096352999093,0.38565336844638154
2,22,0.025081070140004158,32,5.962589796838868,0.5842977584964206,0.22759977261102565,0.4089537599125954
2,23,0.021633749827742577,32,6.0585546971082165,0.7319217787883598,0.25576939501709284,0.38768830598528337
2,24,0.01841268129646778,32,6.094283276669257,0.6988946694971734,0.23285301382558748,0.4010590009218868
2,25,0.01557382196187973,32,5.8394606408581105,0.920792923152657,0.2576659883250302,0.3890102369491484
2,26,0.02372884564101696,32,5.514959398697088,0.715328969769276,0.24495590530522304,0.4303129495544099
2,27,0.01955336518585682,32,6.160227217649197,0.6665185765264532,0.2505797275398288,0.4367278928385149
2,28,0.029434489086270332,32,5.854496648337554,0.8128906128375153,0.2525578930850559,0.443498115696812
2,29,0.020706795156002045,32,6.051945713920901,0.7512265677721119,0.23704637556537217,0.38506701494427553
2,30,0.03579574264585972,32,5.907150866872634,0.7152652968067548,0.254491879954705,0.46034700888502506
2,31,0.027133123949170113,32,6.313823939246725,0.7979604858565628,0.2609285759098559,0.38166199261018374
3,0,0.29974501579999924,32,5.6719356938516405,0.8021667297173005,0.14348462107976057,0.2578322449038519
3,1,0.05129921995103359,32,6.2015866534072845,0.7356880763359452,0.2835668607003268,0.2925359453490555
3,2,0.027202552184462547,32,5.841720340958212,0.9401587607841497,0.37988911833910066,0.3383354738288326
3,3,0.04636454954743385,32,6.422611036631793,0.6306478219670995,0.2389039596965775,0.24910423821985228
3,4,0.06860264018177986,32,6.139434903369648,0.7237978504089986,0.2068292778229667,0.26169820375673547
3,5,0.048207081854343414,32,5.9673168646955865,0.817410499497127,0.2339247582616958,0.27855794724479577
3,6,0.05112702026963234,32,5.805135611191275,0.7798455611989228,0.23968442202904625,0.28124345951342844
3,7,0.08113353326916695,32,5.84446618604022,0.5387090169182711,0.23702802251828203,0.2979625066705912
3,8,0.06651193462312222,32,5.331887374969504,0.6354086524746849,0.29795874502490144,0.3375130117544877
3,9,0.04657021909952164,32,4.906509083345789,0.8201677696288963,0.266845438065017,0.3351678365663311
3,10,0.045604780316352844,32,4.694084606561909,0.8972053594548983,0.364358092100885,0.3496664457090901
3,11,0.042087752372026443,32,4.654626265682955,0.7004498990724617,0.2500906321577713,0.28091075694189993
3,12,0.07771202176809311,32,5.419717483600277,0.41439207627707475,0.19982740661454249,0.28098352879704275
3,13,0.0871813502162695,32,4.273509764795234,0.6455449970824603,0.29219256153967943,0.39451624950937647
3,14,0.03862953744828701,32,4.087149015877396,0.7995918122605667,0.24747979648725665,0.3546899098170927
3,15,0.03443432226777077,32,5.158710666523813,0.9512777209361412,0.23841457494630935,0.33685615387757417
3,16,0.029249290004372597,32,5.437716109356096,0.66867099795504,0.22863745166225785,0.2963169320158594
3,17,0.0337345153093338,32,5.6048254752962725,0.7628434540848934,0.21144783967800734,0.264129746484696
3,18,0.030360177159309387,32,5.68564314807656,0.602029103743341,0.1968927627221002,0.3110878889543959
3,19,0.022164786234498024,32,6.072539372248426,0.6187746106473844,0.1821477733562429,0.27192652802435424
3,20,0.021620046347379684,32,6.028900122674601,0.6389073808052883,0.212352891593867,0.30641351605406536
3,21,0.02450748160481453,32,5.586327884998511,0.9267133341111844,0.21386362529375091,0.3169121659881862
3,22,0.026895225048065186,32,5.885325431061071,0.6664131293197926,0.20671197122921298,0.31827676626181056
3,23,0.01827002875506878,32,5.9897232857349145,0.8265468826360358,0.19399523640913416,0.3217288505011881
3,24,0.016192562878131866,32,5.961304046870956,0.8027576557938945,0.20235527420818752,0.31695600737373714
3,25,0.014713894575834274,32,5.710454319882614,1.0866890369222295,0.23114657375823197,0.3233381126370893
3,26,0.02049047127366066,32,5.344282778996605,0.8568649034237774,0.17421644587953006,0.3376344274298165
3,27,0.016372671350836754,32,6.033404319468028,0.7789749067545522,0.20340078094194886,0.34365381018917185
3,28,0.022118430584669113,32,5.858837717008251,0.7984041421730641,0.23917000109958259,0.34802800439093395
3,29,0.020260760560631752,32,6.170316075000556,0.7165295887906069,0.22970623119319636,0.3110566952548238
3,30,0.0235932357609272,32,5.745997485555346,0.7567264101104927,0.21345381427544635,0.35741944441986506
3,31,0.01898433081805706,32,6.383874718131095,0.7672678514626625,0.2741905860712967,0.32129528426001985
4,0,0.3015105649828911,32,5.730467248047981,0.7640287173191584,0.17541144198525715,0.18777549689732326
4,1,0.04694807343184948,32,6.210043096019075,0.7625753121675656,0.2951275498379768,0.2835668607003268
4,2,0.025496816262602806,32,6.262981392510764,0.7593693269892201,0.34611359466447944,0.37988911833910066
4,3,0.032716814428567886,32,6.4796979571270175,0.5823097362473195,0.24167678654900077,0.2389039596965775
4,4,0.05051902495324612,32,6.181368033520172,0.6446405419943835,0.22366715719093772,0.24393884174799335
4,5,0.028548432514071465,32,5.918335196398733,0.8297099498246245,0.26333694397787627,0.2339247582616958
4,6,0.037461623549461365,32,5.938089169786322,0.7543549786042307,0.22643074789897605,0.23968442202904625
4,7,0.035174744203686714,32,5.928799468634178,0.5829352027718828,0.2198385138727849,0.29648765488617446
4,8,0.03157808072865009,32,5.137746397520067,0.6993903030066058,0.23283872854188317,0.29795874502490144
4,9,0.021481474861502647,32,4.951129651840423,0.7427576795687614,0.22837799891263355,0.2776834847012338
4,10,0.021458182483911514,32,4.503930004692533,0.983853884425157,0.2553051276117879,0.364358092100885
4,11,0.023976366966962814,32,4.656557641869634,0.7226164768120995,0.2099166664220029,0.2501580499982943
4,12,0.03138553723692894,32,5.004221826870687,0.4277685876728601,0.1953241002835329,0.2392658096978271
4,13,0.043018873780965805,32,4.099175280230243,0.6586062907374277,0.20003798488521018,0.39371812014078156
4,14,0.02947360649704933,32,3.9809464150295977,0.8929826769836913,0.1851162966641831,0.28664919881019213
4,15,0.028669152408838272,32,5.018674363618328,0.9161794654686171,0.20899042458518738,0.29578277404937436
4,16,0.026591693982481956,32,5.258948718380042,0.758571633143311,0.21379076082935045,0.23574394774212792
4,17,0.029418742284178734,32,5.448009651920618,0.7198310322756427,0.17000827789984557,0.2129157608922192
4,18,0.0255324374884367,32,5.772292321113531,0.5892846616216625,0.1608273911769081,0.20132324568024124
4,19,0.023722555488348007,32,6.013212875887189,0.6200635614220165,0.18958766659417609,0.187498784500374
4,20,0.02113899029791355,32,6.013652337220215,0.5986052581352066,0.2139574302708712,0.212352891593867
4,21,0.029112152755260468,32,5.678775595864682,0.8667525387606956,0.2509970691531149,0.24817096352999093
4,22,0.024811459705233574,32,5.499002982816101,0.7019447906802707,0.23706511454359042,0.22759977261102565
4,23,0.015870755538344383,32,5.953083310443234,0.7470925543934408,0.21891041767861602,0.25576939501709284
4,24,0.016655955463647842,32,5.778202896930654,0.8441221406157924,0.2237333749249882,0.23285301382558748
4,25,0.014582637697458267,32,5.620856785739358,1.062225895641511,0.2441851977494386,0.2576659883250302
4,26,0.017596380785107613,32,5.234062666596407,0.776200606743477,0.1933819470614908,0.24495590530522304
4,27,0.014387153089046478,32,5.917375688215618,0.7516391075892006,0.2048695158450091,0.2505797275398288
4,28,0.02058318443596363,32,5.74894756120712,0.8023243130593896,0.21262078430217504,0.2525578930850559
4,29,0.017657451331615448,32,6.068650213117451,0.7508935185842027,0.20824575541299953,0.23704637556537217
4,30,0.02346411906182766,32,5.584174313833168,0.7476489817659626,0.1756148629224656,0.254491879954705
4,31,0.01855996809899807,32,6.315372982200438,0.809286655696142,0.2145538165040922,0.2741905860712967
5,0,0.3062343839555979,32,5.783229487448271,0.7507673019838403,0.13915970120702806,0.1815934694412902
5,1,0.0573392529040575,32,6.203740797348944,0.8035747368335162,0.3496482164197922,0.2893472052691518
5,2,0.060886163264513016,32,6.22728741597146,0.7900922880482284,0.38861742478370154,0.36300135650179005
5,3,0.06539483554661274,32,6.437913714412646,0.5907868986388989,0.27223359062374297,0.2402903731227891
5,4,0.06364967115223408,32,6.1048590217079575,0.7050361237810705,0.2548899484794968,0.23380299946946553
5,5,0.044789936393499374,32,5.820966969552156,0.8689292680214091,0.28769617307475076,0.24863085111978603
5,6,0.05838716775178909,32,5.879099568802555,0.7651623318320073,0.269568072953959,0.233131193195249
5,7,0.08693157881498337,32,5.732396481276881,0.6277564878131905,0.24567767917158767,0.26675783870222824
5,8,0.10146713443100452,32,5.499645617979116,0.7426540161842929,0.313182557572749,0.29196721066719444
5,9,0.0778327751904726,32,5.069392530172233,0.7871786939238623,0.32393969522013066,0.2722644613831254
5,10,0.07296027056872845,32,4.961076576318746,0.8777508269381098,0.36779612729886846,0.33913751503981476
5,11,0.07446027547121048,32,4.917858098648823,0.7426392532240769,0.31405017350316833,0.2501243410780328
5,12,0.12812893651425838,32,5.574885310872219,0.4479512670916481,0.3096356650637061,0.2195466081561848
5,13,0.12398976273834705,32,4.525037694130628,0.6708539616958955,0.32548178041283105,0.3429553408402305
5,14,0.09884141571819782,32,4.870323302878611,0.8130446078137856,0.4307830828212851,0.2670644976487244
5,15,0.0245816670358181,32,4.796348536275143,0.9628964492317724,0.36271568362673223,0.26709867449784186
5,16,0.01737648993730545,32,4.944030277923285,0.8254199514343634,0.3703145192926996,0.2321906997021929
5,17,0.01685803011059761,32,4.991995097336005,0.9289050374067536,0.32578031516325834,0.21218180028511327
5,18,0.011242562904953957,32,5.701445697797695,0.6236538948641606,0.280711660164368,0.19910800420117072
5,19,0.016376614570617676,32,5.83934218494861,0.77096079724482,0.3138868142999185,0.18854322554727504
5,20,0.016463298350572586,32,5.894120253172169,0.7024130128987522,0.3774587062556954,0.21315516093236908
5,21,0.011359475553035736,32,5.594315370866086,0.9117339898278498,0.3473236702026634,0.24958401634155292
5,22,0.00855572335422039,32,5.321277115986098,0.6664733896752333,0.35441899557522827,0.23233244357730803
5,23,0.005838057026267052,32,5.873732889691558,0.7248992228475242,0.3207279987814632,0.23733990634785443
5,24,0.006635734811425209,32,5.774337552577899,0.8242405317031594,0.34653813398253036,0.22829319437528783
5,25,0.005207454785704613,32,5.58566077482894,0.9419381829285385,0.35504417147044387,0.2509255930372344
5,26,0.008452242240309715,32,5.192553625184715,0.6816552754803853,0.32955018473121206,0.21916892618335693
5,27,0.010203085839748383,32,5.9248169585421095,0.739846799739194,0.3646269241614101,0.22772462169241897
5,28,0.011378446593880653,32,5.551934180465095,0.8762254870142145,0.3337936351296563,0.24586394709231923
5,29,0.011693013831973076,32,5.742624900212216,0.9278990478553126,0.34547838556030197,0.23337630337928428
5,30,0.026397326961159706,32,5.691964287930414,0.8006069285978477,0.3321941590711172,0.23397284711507568
5,31,0.024485716596245766,32,6.132039776986545,0.8555366007974126,0.36657564165852274,0.2675595809905763
6,0,0.3203717637807131,32,5.93601537879026,0.6625150675826328,0.25683978555661857,0.17541144198525715
6,1,0.05778506584465504,32,6.100143994284412,0.8363772663833338,0.3359030009585082,0.2951275498379768
6,2,0.04181785322725773,32,5.744141889687949,0.9994657973436336,0.4961516921856607,0.37988911833910066
6,3,0.031802618876099586,32,6.134444360838166,0.7677572669908495,0.35588799246326974,0.24167678654900077
6,4,0.05808223970234394,32,6.024032784986002,0.7166063241557907,0.2864254327872836,0.24393884174799335
6,5,0.040106894448399544,32,5.766348101221547,0.9054309507548837,0.2954760191715047,0.26333694397787627
6,6,0.04967779293656349,32,5.718930761427968,0.7444071164028392,0.2831470841221879,0.23968442202904625
6,7,0.051225459203124046,32,5.61351545529989,0.5826011564438751,0.26089301794930186,0.24567767917158767
6,8,0.04688194394111633,32,5.427680261745863,0.6993213238669327,0.30035158179743837,0.29795874502490144
6,9,0.02339847758412361,32,4.991844315372871,0.734410719945541,0.2835018314465117,0.2776834847012338
6,10,0.0334310382604599,32,4.815426643917497,0.7928742691247699,0.32510584110819246,0.364358092100885
6,11,0.039004648104310036,32,4.589039559967915,0.6433886007894412,0.2651397494273015,0.2501580499982943
6,12,0.06338601186871529,32,4.945162165518191,0.48857577814373876,0.2917750688041666,0.2392658096978271
6,13,0.1341223604977131,32,4.569141090483008,0.6306123893446482,0.3293359093515109,0.32548178041283105
6,14,0.0781603455543518,32,4.403315122534064,0.9346726239205028,0.31976428114633976,0.28664919881019213
6,15,0.02443891391158104,32,4.725435631504202,1.0859071657430528,0.32955289660728093,0.29578277404937436
6,16,0.021542517468333244,32,5.097836663724339,0.8155958104373866,0.2940711282552607,0.23574394774212792
6,17,0.01695825904607773,32,5.523056735850167,0.8058430441443267,0.27900694083324495,0.2129157608922192
6,18,0.016680089756846428,32,5.665733867318911,0.7061558872857159,0.23333192730585545,0.20132324568024124
6,19,0.024396775290369987,32,6.027656886765774,0.7138161907266447,0.24524633152470415,0.18958766659417609
6,20,0.023421205580234528,32,6.025808213109611,0.721315497159642,0.2667872529433326,0.2139574302708712
6,21,0.016376376152038574,32,5.820800453637128,0.8303806470531931,0.2766021244527135,0.2509970691531149
6,22,0.01386086456477642,32,5.64499097141393,0.7521342334172756,0.26007100882527256,0.23706511454359042
6,23,0.010577093809843063,32,6.06193705468108,0.7342680018656607,0.2594005468076656,0.25576939501709284
6,24,0.011673100292682648,32,5.836457211699627,0.8059063401983648,0.24446152101755653,0.23285301382558748
6,25,0.011180823668837547,32,5.578311761345689,1.0028960044255157,0.2860143008488135,0.2576659883250302
6,26,0.017627419903874397,32,5.4046839996783405,0.7538425507628492,0.2627065641587275,0.24495590530522304
6,27,0.017356112599372864,32,5.930694154307506,0.7577480362856015,0.2805733629831121,0.2505797275398288
6,28,0.022297460585832596,32,5.829565090443747,0.8663705389161098,0.3090407693964421,0.2525578930850559
6,29,0.026079263538122177,32,5.996289906944474,0.794320769160981,0.28895271759915653,0.23704637556537217
6,30,0.04924666881561279,32,5.922497153208182,0.7240815130942675,0.2666561104280548,0.254491879954705
6,31,0.04361174255609512,32,6.16860381368055,0.7967286882590621,0.27121004535016335,0.2741905860712967
7,0,0.26853565126657486,32,5.806067083760483,0.7389354297986221,0.23087550535475962,0.1815934694412902
7,1,0.04551164247095585,32,6.126772308457751,0.8465608754788825,0.2869410535493788,0.31551527539824253
7,2,0.028974970802664757,32,6.0587875982188235,0.8459913078604222,0.4494299429195862,0.3842532715614011
7,3,0.02824394777417183,32,6.372334686690783,0.6547634807820764,0.3152492463458322,0.2569551885863719
7,4,0.06250510178506374,32,6.1420030842546005,0.6804476198323792,0.2796441065184372,0.24941439511374508
7,5,0.02218530885875225,32,5.80232991984449,0.8608023026288798,0.3335811193892565,0.2755165585263135
7,6,0.029156602919101715,32,6.165329764244263,0.5814878555488514,0.3257988021270909,0.25462624749150264
7,7,0.02316133864223957,32,5.6373386080276315,0.5282343091122188,0.29944710261026675,0.25328534856044477
7,8,0.017280705273151398,32,5.005316020520166,0.6725052201296995,0.353316031130655,0.2991551634111699
7,9,0.014402065426111221,32,4.542040187504675,0.7524374599005306,0.29670272829547617,0.28059265807387274
7,10,0.01178731955587864,32,4.537004377521956,0.9033729646052642,0.3384735928852096,0.34473196660453875
7,11,0.01654401794075966,32,4.564202385571223,0.6480304203571432,0.31324898995408323,0.2576488997127979
7,12,0.029696470126509666,32,4.941183082519796,0.44962068017244317,0.23922185767915796,0.26552043925099683
7,13,0.0556719284504652,32,4.433934688343509,0.595527799257475,0.2607490985630074,0.327408844882171
7,14,0.03738308325409889,32,4.742287873673895,0.9001627473723222,0.2772232993844159,0.30320673997826597
7,15,0.031050005927681923,32,5.398198316750561,0.9331601726869749,0.3273782106482618,0.31266783532832765
7,16,0.02670108526945114,32,5.400913835744612,0.8222348756843925,0.2629662812955868,0.2649075379986943
7,17,0.014713285490870476,32,5.639467768783002,0.7765826204735555,0.22029716996326498,0.24596135086273208
7,18,0.016863040626049042,32,5.679605969024733,0.7083652444633959,0.18636740812734917,0.21732758649304834
7,19,0.019095348194241524,32,6.127356727931579,0.6680014272960761,0.22700689445887384,0.21741699905944012
7,20,0.01265028864145279,32,6.107197198323601,0.6729749370780835,0.24487051911298685,0.2403723416071019
7,21,0.010037561878561974,32,5.984322367241879,0.7943043123600297,0.2535986725248226,0.2637995968029142
7,22,0.011980215087532997,32,5.842297025089562,0.6318220959552132,0.22742080243203125,0.2485680616844315
7,23,0.010101063176989555,32,6.13463173753877,0.7119077103622047,0.23048328636618481,0.2575849709123792
7,24,0.005562290549278259,32,5.962927074707453,0.7890173077750955,0.24163973520036333,0.238657267421572
7,25,0.0057420916855335236,32,5.698011449506082,0.9817330877424313,0.290384685238052,0.27184014458692185
7,26,0.009521355852484703,32,5.546531274406661,0.6948582888356167,0.28482081621285976,0.2538312347319753
7,27,0.010703375563025475,32,6.131249677909293,0.6841816043640359,0.29227730285900533,0.26557654526147045
7,28,0.010599512606859207,32,5.986262149174683,0.7526511896054897,0.3015075616770011,0.28079933124074896
7,29,0.010545890778303146,32,6.00786334814941,0.852734662245096,0.32869589697000545,0.2629995465822643
7,30,0.013993468135595322,32,6.025522534744818,0.6519823558097713,0.3064538067541287,0.2605739951913799
7,31,0.01636025868356228,32,6.399204973579016,0.6995307114988396,0.309205567822046,0.27270031571073006
8,0,0.25505228713154793,32,5.854119268649427,0.7748473449883946,0.16716466646844186,0.18777549689732326
8,1,0.058956220746040344,32,6.112351161050469,0.8271105665023359,0.26315169152469875,0.2951275498379768
8,2,0.03294416517019272,32,6.24490551082901,0.7512114187460313,0.3228780887106286,0.38861742478370154
8,3,0.029030021280050278,32,6.493250113954658,0.5868396679903523,0.19728236863613913,0.27223359062374297
8,4,0.040597936138510704,32,6.180432519019676,0.6547199859824984,0.19226192324628624,0.2548899484794968
8,5,0.021124687045812607,32,5.828805962899929,0.8146657394616863,0.2261193304969485,0.28769617307475076
8,6,0.02725870907306671,32,6.188347452894762,0.5988430753670748,0.17056821920855697,0.269568072953959
8,7,0.019329411908984184,32,5.93990014049457,0.5338761157222214,0.19874054995897333,0.26089301794930186
8,8,0.014146070927381516,32,5.415322636958635,0.640178493770251,0.22919753840291118,0.30035158179743837
8,9,0.01791452057659626,32,5.271615918607642,0.6925075165416779,0.2369606703912506,0.2835018314465117
8,10,0.0159029308706522,32,5.190731248827296,0.80409358893899,0.2616178109626301,0.3384735928852096
8,11,0.024975107982754707,32,5.2019667566190035,0.5949152691517634,0.215456838221614,0.2651397494273015
8,12,0.04449004679918289,32,5.248892414824319,0.3906635034752437,0.17191761138613307,0.2392658096978271
8,13,0.04941210895776749,32,4.5428647182004225,0.6621907739939186,0.15401784596773607,0.32548178041283105
8,14,0.03284548595547676,32,4.673628059336867,0.876464872656328,0.17899367503200142,0.28664919881019213
8,15,0.025911560282111168,32,5.292060633688079,0.9555349680686316,0.1765311107805407,0.3273782106482618
8,16,0.02415262907743454,32,5.331376843408517,0.8415930988099385,0.17827647691479034,0.2629662812955868
8,17,0.016163138672709465,32,5.780383534235796,0.6934764466184422,0.16711361416565623,0.22029716996326498
8,18,0.018773574382066727,32,5.764769159719883,0.6778563919570306,0.1402893847338926,0.20132324568024124
8,19,0.020719122141599655,32,6.219162689360885,0.6153973558133332,0.1577398616041062,0.22700689445887384
8,20,0.019019607454538345,32,6.097877354558694,0.6718893426199086,0.19042722773301568,0.24487051911298685
8,21,0.0167531780898571,32,5.822709294811231,0.8728179698704714,0.23635675003264922,0.2535986725248226
8,22,0.015369970351457596,32,5.7748729944165245,0.6897871593312335,0.21262972189370116,0.23706511454359042
8,23,0.011715864762663841,32,6.1040334423993485,0.741925054363417,0.21272939695690263,0.25576939501709284
8,24,0.012064611539244652,32,5.84604962325146,0.8265526472055864,0.21762608787917317,0.24163973520036333
8,25,0.009644392877817154,32,5.618286283053532,1.0262234775989905,0.2629267713490878,0.2860143008488135
8,26,0.012270137667655945,32,5.682577097674498,0.6983072108972452,0.2562874850460221,0.2627065641587275
8,27,0.012096818536520004,32,5.873051833865748,0.8052268875199706,0.262248717660501,0.2805733629831121
8,28,0.018506187945604324,32,6.053773240759598,0.7583018341281731,0.2549936824027049,0.3015075616770011
8,29,0.013793006539344788,32,6.190265015957472,0.7536188174628133,0.28464500735435994,0.28895271759915653
8,30,0.025665607303380966,32,6.039327129447908,0.6750466931187775,0.2644950296159807,0.2666561104280548
8,31,0.024601437151432037,32,6.341111340734535,0.7957501082827445,0.2742478248839272,0.2741905860712967
9,0,0.26330432295799255,32,5.782157574933393,0.7901622836696722,0.1602852037243257,0.1815934694412902
9,1,0.0447127278894186,32,6.223516180303752,0.7981882816182466,0.31389433144203,0.29103430169367783
9,2,0.0190576184540987,32,5.946585705569844,0.8887095880684797,0.3329620003749788,0.3842532715614011
9,3,0.03662261366844177,32,6.387680882975536,0.6526302797611381,0.26753191790895336,0.2569551885863719
9,4,0.08436965197324753,32,6.292455898006305,0.6697865563085204,0.2960055129610154,0.24941439511374508
9,5,0.06717360205948353,32,6.050210055043459,0.7453629197635987,0.34208321329435487,0.2755165585263135
9,6,0.07206184044480324,32,6.131982319492345,0.6397505710510849,0.2981501610347333,0.25462624749150264
9,7,0.07663091272115707,32,6.019626229856136,0.46228689241611765,0.28764739678346474,0.25328534856044477
9,8,0.062392210587859154,32,5.600538687799062,0.6142447506924205,0.3305701117371134,0.2991551634111699
9,9,0.06585265882313251,32,5.585780434312514,0.7326972581372244,0.340722368815091,0.28059265807387274
9,10,0.07612886652350426,32,5.058943965784365,0.9002801933307873,0.3229337739715471,0.331789716996701
9,11,0.0775216780602932,32,4.948710241393244,0.6538489202287003,0.250870714112881,0.2576488997127979
9,12,0.10754723660647869,32,5.0539399330775625,0.4376356057944486,0.20145945804472742,0.23924383368849253
9,13,0.08057821542024612,32,4.495146583080788,0.664898989526522,0.18402040033440764,0.30883717097625524
9,14,0.04905153252184391,32,4.669074636319562,0.902374603073242,0.2330588137068864,0.281936249097304
9,15,0.032742662355303764,32,5.026986695267,1.080437663260878,0.21080594915588674,0.31158049234881807
9,16,0.02775132842361927,32,5.318334640578632,0.8059978156039733,0.20778696714269412,0.24935511451885736
9,17,0.021444207057356834,32,5.683716286023275,0.7611854690712327,0.18127311517699699,0.2166064654277421
9,18,0.02137064002454281,32,5.755759296111362,0.6390840777337736,0.15964633644897575,0.19910800420117072
9,19,0.02037992514669895,32,6.1034727145458865,0.6500980203559452,0.1672583409844858,0.20829728052652496
9,20,0.016581552103161812,32,5.946508587846175,0.7120974935438822,0.215233434098849,0.22941397469192903
9,21,0.016218984499573708,32,5.6704400949559695,0.964274465675306,0.2543913116414679,0.25229787083896876
9,22,0.010794676840305328,32,5.643480344024473,0.7510348630511974,0.20217662468492265,0.23233244357730803
9,23,0.00900132954120636,32,5.929445505797146,0.8646632122348397,0.21228942739209056,0.24312634069163883
9,24,0.009647117927670479,32,5.7076709341250975,0.9340056912893395,0.19263742767995654,0.23724637451297542
9,25,0.007298192009329796,32,5.591986310178612,1.0991199610471334,0.24951600802614934,0.27447053609895067
9,26,0.008689291775226593,32,5.530357717212242,0.8373907330760719,0.2144123413920427,0.2594970246023748
9,27,0.010992616415023804,32,5.7342706614353025,0.8683157006494584,0.2251414776586551,0.2714110403218065
9,28,0.014913687482476234,32,6.091018053953396,0.7272081876765863,0.2358891718214873,0.278250622039853
9,29,0.014307502657175064,32,6.1955896970140785,0.7101669876601955,0.25013818876701926,0.28679886247675823
9,30,0.0174326803535223,32,5.918955558137574,0.6299392968158539,0.23627454666338343,0.26557557002201776
9,31,0.015004772692918777,32,6.2910006195361134,0.7525797250481663,0.2851848270740225,0.2742192054776119
10,0,0.2629075851291418,32,5.7874236100520315,0.7731043439161924,0.19223986607333382,0.17541144198525715
10,1,0.04733612388372421,32,6.272049169211052,0.7668059695865823,0.27949154777003926,0.2951275498379768
10,2,0.01765899918973446,32,6.218956144241947,0.7811891045556667,0.36815429932271726,0.37988911833910066
10,3,0.022367749363183975,32,6.419596108010616,0.6563082790149188,0.2447814305039235,0.26753191790895336
10,4,0.03529163636267185,32,6.179076224687013,0.6656767253421219,0.24206331873447276,0.2548899484794968
10,5,0.0270809568464756,32,5.949171243569769,0.774206499559897,0.26555860463650843,0.28769617307475076
10,6,0.03967184014618397,32,6.053514780830369,0.7306295228139801,0.24851193222047527,0.269568072953959
10,7,0.047072213143110275,32,5.909432939012062,0.5834106633876415,0.2294975670700602,0.26089301794930186
10,8,0.04746417514979839,32,5.7099836517695515,0.6914571508512886,0.25807139271354496,0.30035158179743837
10,9,0.045139722526073456,32,5.300350368895761,0.8473727125260577,0.25046156180893125,0.2835018314465117
10,10,0.026473086327314377,32,4.8511260331596,0.9592244013051925,0.30073095988736076,0.32510584110819246
10,11,0.033157551661133766,32,4.977636701011686,0.628830856731164,0.24786147136059367,0.250870714112881
10,12,0.051596350967884064,32,5.270572738154119,0.4013155029499922,0.23078048177987323,0.23922185767915796
10,13,0.04975150711834431,32,4.64268290190161,0.6070941820570361,0.22098368105232685,0.29219256153967943
10,14,0.042579589411616325,32,4.719494048860788,0.9348801741604973,0.3665077972832616,0.2772232993844159
10,15,0.0369095504283905,32,5.106711578890779,0.9954121494820187,0.3034797224789638,0.29578277404937436
10,16,0.03712005540728569,32,5.240131383182748,0.8351315580053873,0.2821955162494746,0.23574394774212792
10,17,0.017836760729551315,32,5.720637112775957,0.7880943727158893,0.22433099859283517,0.2129157608922192
10,18,0.020224738866090775,32,5.744693411521814,0.6429893919393459,0.18887046379960126,0.1968927627221002
10,19,0.0193534754216671,32,6.136418893124602,0.6772314632260361,0.2005510202080867,0.18958766659417609
10,20,0.013645490631461143,32,6.034900381111116,0.6994492114189672,0.24882879302559735,0.215233434098849
10,21,0.01646561175584793,32,5.814045935178446,0.930817379060751,0.24729319729360727,0.2535986725248226
10,22,0.011443676427006721,32,5.823036257740245,0.6530656036020712,0.22297530928727724,0.22759977261102565
10,23,0.00825849175453186,32,6.007206091457768,0.7680117789541914,0.2162070363962844,0.23048328636618481
10,24,0.006583193317055702,32,5.721099691548391,0.930671697048906,0.22754745802725745,0.23285301382558748
10,25,0.0044366903603076935,32,5.682190644778111,1.0327708612175863,0.2662728726448063,0.2629267713490878
10,26,0.006765697151422501,32,5.50705194051028,0.8316226826580264,0.20814380450728331,0.2562874850460221
10,27,0.008972074836492538,32,5.691426665360041,0.8301279193737114,0.21051995166115683,0.262248717660501
10,28,0.009772846475243568,32,5.94716173077168,0.7677284071377013,0.24098973782055794,0.2549936824027049
10,29,0.010547228157520294,32,6.137518465026675,0.7512588429518283,0.2152029560793211,0.28464500735435994
10,30,0.013470863923430443,32,5.863270998153212,0.6226692673157759,0.22060471105232726,0.2644950296159807
10,31,0.015940524637699127,32,6.23807144443709,0.8094213243504749,0.24237073112596602,0.2742478248839272
11,0,0.27160608023405075,32,5.775107217931463,0.8012742588221524,0.09555948251096094,0.1815934694412902
11,1,0.042710721492767334,32,6.2147407828546966,0.8138301520182285,0.2633891090146004,0.29103430169367783
11,2,0.01561918668448925,32,6.010497015248648,0.8568187980416031,0.32217054075909324,0.37402170883090896
11,3,0.041768526658415794,32,6.497095730426853,0.6043991568322671,0.23037333241192925,0.25615667420643845
11,4,0.04310750775039196,32,6.104546566033285,0.7012468022155023,0.21492904469522467,0.24941439511374508
11,5,0.03766118921339512,32,5.952847477736288,0.8041058108213841,0.24375821617112592,0.2766273888556296
11,6,0.056547313928604126,32,6.172559195933889,0.6188548593275236,0.25125238826285357,0.25904000258721716
11,7,0.046385571360588074,32,5.8945737304715955,0.5771629595784553,0.2018865181576018,0.25328534856044477
11,8,0.04918299801647663,32,5.805680413903511,0.6331480149342505,0.22798798335463402,0.2991551634111699
11,9,0.040950145572423935,32,5.464037042306627,0.7630427589534232,0.2162878690740899,0.28059265807387274
11,10,0.05733613483607769,32,5.238427357271747,0.8010866390021203,0.3272192052204545,0.3240198075398698
11,11,0.05492421239614487,32,5.050284057887571,0.6401171856935264,0.24378318530554235,0.2505143820555876
11,12,0.05971805192530155,32,5.190946385716947,0.4272256001370369,0.20669509428799332,0.2350011697295156
11,13,0.06932862848043442,32,4.469143853521889,0.7001381145784231,0.22066847175258247,0.27647083005134343
11,14,0.0410609096288681,32,4.9562651105421605,0.8756543132317427,0.26537795742276626,0.281936249097304
11,15,0.02572185918688774,32,5.21544779118293,1.043982556499829,0.26178117664818057,0.2996312482641691
11,16,0.019970953464508057,32,5.191850751656518,0.9076635515528775,0.2653957600107314,0.24935511451885736
11,17,0.019337333738803864,32,5.780153963144651,0.811826127641865,0.223287116269242,0.2166064654277421
11,18,0.029165130108594894,32,5.75236756065907,0.697056287099314,0.22729327672652033,0.19288161326085074
11,19,0.01819690689444542,32,6.085750584556455,0.7628550244316994,0.2445994574030001,0.1950693434011314
11,20,0.015163972973823547,32,6.048734761101372,0.7982934912775423,0.2834958847965626,0.23005197660591792
11,21,0.01368788257241249,32,6.028497394367248,0.8755632556413318,0.2743820147400172,0.25229787083896876
11,22,0.012411914765834808,32,5.719846868568109,0.7545150834467131,0.2488636511826581,0.22751028752152846
11,23,0.008569423109292984,32,6.017693251764126,0.763849496696344,0.2415284179098373,0.22469685202240042
11,24,0.008473966270685196,32,5.900701344565119,0.8770790509229016,0.2823473246096305,0.23020023592642247
11,25,0.00610668770968914,32,5.675914196136995,0.9979526101745986,0.2972868488864171,0.2645998219969471
11,26,0.008715556934475899,32,5.643939078126499,0.7210065385820643,0.2649192620322808,0.2506216951756226
11,27,0.010136058554053307,32,6.0984081612545,0.7012590272371302,0.3119549461042882,0.2564142226001649
11,28,0.012305231764912605,32,5.8411326777937065,0.8328863329510918,0.2983836896384029,0.25377578774388043
11,29,0.010025402531027794,32,5.973996263098988,0.8691147090574729,0.2938970651784961,0.2673915980606896
11,30,0.017569787800312042,32,5.953044159093223,0.6503471188594299,0.26202794607215396,0.25949345478534286
11,31,0.025171058252453804,32,6.349250876423522,0.7712709297737614,0.31812452196792684,0.2742192054776119
12,0,0.2452184520661831,32,5.831199292856976,0.7402574617564,0.196945232618296,0.17541144198525715
12,1,0.05385132506489754,32,6.2010283376783795,0.8333025017039342,0.22745960909751028,0.2869410535493788
12,2,0.017549864947795868,32,5.745080907669406,0.9541475525711869,0.303498850140125,0.36815429932271726
12,3,0.024148713797330856,32,6.427389119570082,0.6708246818516201,0.19338605943476614,0.2447814305039235
12,4,0.04111285135149956,32,6.003536400801712,0.8007510724997378,0.18440571346313384,0.24393884174799335
12,5,0.03869343549013138,32,5.817798405938366,0.8948165657037501,0.19930306656755029,0.26555860463650843
12,6,0.06696823798120022,32,6.159377485012814,0.6807784227069265,0.21215194356782743,0.25125238826285357
12,7,0.06820160709321499,32,5.942336278663255,0.592135913276314,0.2091289008845434,0.24567767917158767
12,8,0.08932200074195862,32,5.888400856027969,0.6908241489650546,0.25642196089954356,0.29795874502490144
12,9,0.12311168201267719,32,5.604492349746787,0.8997396651772425,0.30732660921568183,0.2776834847012338
12,10,0.14645223319530487,32,5.243491015801258,0.8584387875371586,0.3115401964497298,0.32510584110819246
12,11,0.11067195236682892,32,5.120272732419002,0.7288291527077604,0.28443297530981176,0.2501580499982943
12,12,0.15970636531710625,32,5.332425233363048,0.46611795780373644,0.23422841667381455,0.23078048177987323
12,13,0.15460588224232197,32,4.656553132732407,0.678310513148924,0.2918767772150286,0.2607490985630074
12,14,0.11392422951757908,32,5.156252088555217,0.8193721303929298,0.3128107155593155,0.2772232993844159
12,15,0.06429285183548927,32,5.46997962602976,0.8533047089742567,0.3064002481432905,0.29578277404937436
12,16,0.07256157882511616,32,5.243097938444719,0.7945687939286179,0.27627687407204166,0.2629662812955868
12,17,0.053465353325009346,32,5.686992739440315,0.704512994865123,0.314820769348561,0.22029716996326498
12,18,0.06848037987947464,32,5.556864373608539,0.6835248291549494,0.23766094122836223,0.1968927627221002
12,19,0.04019383154809475,32,5.966990645388387,0.7185053166360049,0.290339042329748,0.2005510202080867
12,20,0.04112173058092594,32,6.000900361217369,0.7412748457398761,0.2959167158195097,0.24487051911298685
12,21,0.0598425455391407,32,5.981415266692915,0.8384842131874066,0.33507485957571714,0.2535986725248226
12,22,0.05044177919626236,32,6.044543457846029,0.6566266364193609,0.351171435715259,0.22759977261102565
12,23,0.0383358895778656,32,6.1685070954366985,0.7178816950889084,0.33817638060291627,0.23048328636618481
12,24,0.037393759936094284,32,6.040589620418939,0.7671009981480674,0.32492796825010584,0.23285301382558748
12,25,0.022360581904649734,32,5.926819975574279,0.9337364293564274,0.32451960742741726,0.2662728726448063
12,26,0.039068929851055145,32,5.940261996447108,0.7199697899040585,0.3081903502600005,0.2562874850460221
12,27,0.03256434202194214,32,6.091292344776123,0.7231671479013526,0.30267926185677874,0.262248717660501
12,28,0.04877090081572533,32,6.115590134789953,0.7814979877230526,0.3258778818813808,0.2549936824027049
12,29,0.029734795913100243,32,6.20597232750153,0.7124927968970747,0.2979143190907073,0.28464500735435994
12,30,0.07210095785558224,32,5.98171780505473,0.7074589825816409,0.32751545969299806,0.26202794607215396
12,31,0.046534160152077675,32,6.2096646600078715,0.8055485560660456,0.3086647944690039,0.2742478248839272
13,0,0.26618213951587677,32,5.742511608485874,0.7695350671107271,0.166136252642408,0.1815934694412902
13,1,0.04805818013846874,32,6.138706292926118,0.8295827423030442,0.30100035156187815,0.2852539571248528
13,2,0.020754940807819366,32,5.628225771819857,1.0267198765043215,0.4276948217466394,0.35713394699359835
13,3,0.016893625259399414,32,6.451730899936914,0.663709300702064,0.26133238737272524,0.24322910852646212
13,4,0.05859457515180111,32,6.203160329543794,0.7420341953946545,0.24504530665651864,0.24300108024123307
13,5,0.06806471943855286,32,5.879218951043049,0.8992218692230001,0.33409230858492334,0.26444777430719235
13,6,0.07431461289525032,32,6.167950275188334,0.6835505519445118,0.2901887808820842,0.24988216024166443
13,7,0.07732306607067585,32,5.86683494461866,0.666027897626206,0.2382988337815001,0.24135285084493485
13,8,0.10021235048770905,32,5.7893183540630275,0.732923329524021,0.22536279756721256,0.29196721066719444
13,9,0.11353341676294804,32,5.7105535286093065,0.8438818061935436,0.1929040654393151,0.28059265807387274
13,10,0.1373976729810238,32,5.223826949100295,0.9424077056955298,0.22353392821188556,0.3240198075398698
13,11,0.0973073560744524,32,5.055634259292638,0.7449220224080424,0.18765873339018257,0.2505143820555876
13,12,0.1519507858902216,32,5.608020572977403,0.4345411324102768,0.2116456119979017,0.23250444922684388
13,13,0.18013189360499382,32,4.698554779315197,0.7303122856732003,0.20950607118111178,0.276312937889018
13,14,0.13426086120307446,32,4.8583597049046965,1.0161546320142563,0.27011607194065623,0.281936249097304
13,15,0.10044580698013306,32,5.209126302443404,0.9231080138881769,0.2801736541896175,0.2996312482641691
13,16,0.10296782106161118,32,5.260675968196586,0.8690066460457198,0.248274096971444,0.26418102065315907
13,17,0.07663702964782715,32,5.6372388673793745,0.7409506060816566,0.1860512087892434,0.2217921431162535
13,18,0.08490176312625408,32,5.587255656289188,0.6576676810754458,0.17810811308401792,0.19910800420117072
13,19,0.057842716574668884,32,5.814079643952756,0.7867649234318268,0.20509053118980192,0.2137789573334803
13,20,0.05185933783650398,32,5.747655999788636,0.8179184800210901,0.24993337969380292,0.2468496560692921
13,21,0.09480834752321243,32,5.755634961336867,1.0045677220824594,0.28649347942966424,0.25399499208314524
13,22,0.06561041623353958,32,5.644157401951156,0.769122985318929,0.2580220338478975,0.23233244357730803
13,23,0.042006976902484894,32,5.821185645160667,0.8904750319710741,0.26413259176482573,0.23600585213801106
13,24,0.04141557589173317,32,5.766955387540108,0.8391698074158089,0.29881550814075886,0.23724637451297542
13,25,0.020090432837605476,32,5.833654239388685,0.9601272327996142,0.29982101921473836,0.27614358674680994
13,26,0.04189996048808098,32,5.756048896715877,0.7562041981862908,0.2501406264779522,0.2594970246023748
13,27,0.0389309860765934,32,5.983664491313297,0.721186730477001,0.2817601973817741,0.2714110403218065
13,28,0.05979801528155804,32,6.064518256002164,0.7674017156409247,0.2600509901421299,0.2766886860205539
13,29,0.039650244638323784,32,6.106131880815866,0.7249023093014593,0.2438065264685333,0.28679886247675823
13,30,0.07555228285491467,32,5.914642401210446,0.6227031987719895,0.28259340608945804,0.26326148784406733
13,31,0.046826817095279694,32,6.187223772397525,0.7740873492204781,0.28154146498558524,0.27971632597897483
14,0,0.27082572504878044,32,5.846881461949583,0.7742674468456396,0.13513797576737813,0.17541144198525715
14,1,0.06545250862836838,32,6.192959916429425,0.8384185766197891,0.30454483838774876,0.2869410535493788
14,2,0.06048780679702759,32,5.831019992715621,1.0031894395486436,0.4536795259886646,0.36815429932271726
14,3,0.07633345760405064,32,6.418810420245465,0.7108714440580481,0.27071417874953546,0.2447814305039235
14,4,0.10896085016429424,32,6.0774152238875105,0.8617780886744875,0.27596016597674167,0.24393884174799335
14,5,0.17105553671717644,32,5.663583734727326,0.9776620472637925,0.36480058415866495,0.26555860463650843
14,6,0.22496098466217518,32,5.925223614830488,0.8113641921213617,0.3362703701325761,0.25125238826285357
14,7,0.25636581890285015,32,5.59492819061324,0.8040581147043291,0.3333599486640664,0.2382988337815001
14,8,0.3158720713108778,32,5.5629618127175355,0.8898531335234647,0.34942386049667706,0.2859756763094875
14,9,0.25922534242272377,32,5.775804997227278,0.816285758385062,0.2635352691348331,0.2776834847012338
14,10,0.34718839079141617,32,5.176938373201152,1.0092552986715715,0.3558662589626044,0.3229337739715471
14,11,0.2554934900254011,32,5.295052484968023,0.7408532439331399,0.2980120272109934,0.2501580499982943
14,12,0.292406989261508,32,5.637461789933322,0.5152128999730827,0.227902780964792,0.23078048177987323
14,13,0.33967756293714046,32,4.867518651221876,0.745146181438467,0.29712399647605625,0.2607490985630074
14,14,0.22440840490162373,32,4.821604442672399,1.0129399682633586,0.38210075563003965,0.2772232993844159
14,15,0.05383580923080444,32,5.0155196851161055,1.0297606242430595,0.3256743842911525,0.29578277404937436
14,16,0.05743436515331268,32,4.3919270485947965,1.04110014945498,0.3097637357159878,0.2629662812955868
14,17,0.038771433755755424,32,5.624313729603173,0.7612281034879542,0.22558597282373088,0.22029716996326498
14,18,0.0467084776610136,32,5.699730265759092,0.6613233565874292,0.23624557737971524,0.1968927627221002
14,19,0.030111858621239662,32,5.887510060414924,0.7656931232501991,0.2302105177112042,0.20509053118980192
14,20,0.04257535561919212,32,5.810139598044798,0.8412661928225473,0.26105497152964285,0.24882879302559735
14,21,0.027839329093694687,32,5.942348861466696,0.891895611991103,0.28440346062647726,0.2543913116414679
14,22,0.028618987649679184,32,5.744844650963993,0.7086032671919336,0.2676068893278123,0.23706511454359042
14,23,0.013921258971095085,32,5.900222140211802,0.8005897671875823,0.25072258274233583,0.2415284179098373
14,24,0.015775736421346664,32,5.821685773779095,0.8581374810948725,0.22576808504401466,0.24163973520036333
14,25,0.007666591554880142,32,5.604000762659971,1.0882661589025124,0.26693288871487586,0.2860143008488135
14,26,0.01897469162940979,32,5.357225205093744,0.8590336110626096,0.2466238526844648,0.2562874850460221
14,27,0.02207905985414982,32,5.949693404260038,0.7288915014923347,0.23298439548661298,0.2805733629831121
14,28,0.027558453381061554,32,5.849406794108041,0.8484177795942687,0.26366212405235856,0.2600509901421299
14,29,0.029707105830311775,32,5.889516739466266,0.9048296830867439,0.28356305886611477,0.28464500735435994
14,30,0.04468708857893944,32,5.7399685536690255,0.6948810814746542,0.25461199814080465,0.2644950296159807
14,31,0.0396993737667799,32,6.296757627738497,0.733920657983564,0.279958623600009,0.28154146498558524
15,0,0.23988898657262325,32,5.897756574529701,0.7345706741250977,0.18156914231400612,0.1712880542268495
15,1,0.061950765550136566,32,6.218441009188276,0.7930695365161098,0.24984902913353188,0.29103430169367783
15,2,0.049578625708818436,32,5.738340418866622,0.9932066259438397,0.319564780668457,0.37402170883090896
15,3,0.05955083481967449,32,6.4991819218125375,0.6787841772217709,0.1923768352997664,0.2530569089383244
15,4,0.08442617207765579,32,6.039804214892033,0.8824613524080132,0.1924997341478834,0.244492074202256
15,5,0.12100160121917725,32,5.627452863990717,0.9640712824021875,0.19195781399069217,0.2766273888556296
15,6,0.1649815086275339,32,5.9962765024812725,0.8052148982845226,0.18644732109770504,0.2604102306084063
15,7,0.1597377136349678,32,5.654619294864116,0.8159489988493753,0.201753222017646,0.24198825647654387
15,8,0.19519146904349327,32,5.491399690946219,0.9534308857940141,0.22944338122375046,0.29196721066719444
15,9,0.20345931686460972,32,5.485241615879441,0.8945653415229851,0.26778717153317033,0.2722644613831254
15,10,0.2098745908588171,32,5.089381217094753,0.9371339346260754,0.267006879772688,0.3240198075398698
15,11,0.17092853412032127,32,5.350545684488139,0.6807578409042243,0.24709810135286314,0.2505143820555876
15,12,0.18560410663485527,32,5.530114083088126,0.461243055872945,0.2596210513198611,0.2293416313723326
15,13,0.2079521007835865,32,4.579619641502859,0.661440473335265,0.3833956343867979,0.276312937889018
15,14,0.15224814414978027,32,4.789071760246478,0.9446569123473898,0.4172757733972815,0.281936249097304
15,15,0.14863821305334568,32,4.759753487963537,0.8454693678861132,0.406424390484552,0.2996312482641691
15,16,0.10509055107831955,32,4.800176503214824,0.7959956908623242,0.33515782669873345,0.26418102065315907
15,17,0.13913449831306934,32,5.5220038550244475,0.644307333688122,0.2929846826323912,0.2217921431162535
15,18,0.08820243179798126,32,5.372588282677867,0.6338680268566073,0.2525066291808451,0.19910800420117072
15,19,0.0707438699901104,32,5.468432925681395,0.7494064975612265,0.27833080357705836,0.21604871282433788
15,20,0.07715657353401184,32,5.377312608237059,0.7674466619342049,0.295100365423485,0.24938108635970013
15,21,0.08413680829107761,32,5.616259997488804,0.8864137307523778,0.3189926958542685,0.26438666319074255
15,22,0.06227009929716587,32,5.417947634540972,0.6557479518220353,0.33416256419009427,0.24296438286312427
15,23,0.04051714763045311,32,5.717739330743802,0.7814239943279464,0.29946076887362744,0.24612550032608657
15,24,0.033599669113755226,32,5.565271157513496,0.8667884856206625,0.31368479763918555,0.23724637451297542
15,25,0.018338879570364952,32,5.784033611948662,0.9586197325762953,0.3624282934222561,0.2764735947818447
15,26,0.03931695595383644,32,5.4812049660702415,0.8007408973424441,0.30165300116932514,0.2532140557619872
15,27,0.03249836713075638,32,5.686817431834921,0.8335805999022021,0.29062747084764085,0.2714110403218065
15,28,0.0527486726641655,32,5.837236533205658,0.8418186655397042,0.3314499864582992,0.2618565570972442
15,29,0.034861644729971886,32,5.973212667739353,0.6945238142596439,0.3187452626102516,0.28410403311023735
15,30,0.0721773486584425,32,5.706279704727256,0.624249068442694,0.30289726271402345,0.26326148784406733
15,31,0.0506234560161829,32,6.103457807574092,0.8069997587543742,0.3234826150750949,0.28075004429279715
16,0,0.2703547365963459,32,5.783473799344392,0.7326215376870149,0.19583132095297331,0.17541144198525715
16,1,0.07240058295428753,32,6.254574494935984,0.848744488049098,0.39052907220250865,0.2869410535493788
16,2,0.07601943425834179,32,5.367144127883979,1.1843723370195907,0.46463692429385645,0.36815429932271726
16,3,0.1277510803192854,32,6.402570844809823,0.6054224445445398,0.37975754697661424,0.2447814305039235
16,4,0.08345125429332256,32,6.052633116372025,0.7899106284151731,0.35429567890235314,0.24393884174799335
16,5,0.13427124731242657,32,5.811128318676859,0.8589913669400477,0.3889772677131116,0.26555860463650843
16,6,0.12183561362326145,32,6.130774894439869,0.7108944611550605,0.3813770928628304,0.25125238826285357
16,7,0.22928992472589016,32,5.6706471184052445,0.7020919991516861,0.3858882514279598,0.2382988337815001
16,8,0.32068218290805817,32,5.527363583858536,0.8485102294566911,0.3594999481043796,0.2859756763094875
16,9,0.2734349090605974,32,5.64474821666948,0.7584642167771785,0.386570887804378,0.26778717153317033
16,10,0.2850517947226763,32,5.188930845554051,0.8172103424034605,0.36683392131347203,0.3229337739715471
16,11,0.2140637617558241,32,5.289524799927552,0.7509286617309314,0.3412223661424362,0.2501580499982943
16,12,0.11622562631964684,32,5.5869192472141584,0.4843863845765366,0.23520831883449564,0.23078048177987323
16,13,0.16767271421849728,32,5.27817245519838,0.6354092416695263,0.3436778365123513,0.2918767772150286
16,14,0.1484481580555439,32,5.072955119455667,0.8533012942138463,0.3305044705136955,0.28664919881019213
16,15,0.051055291667580605,32,5.3492464546922704,1.022296754445236,0.4242622418094141,0.3034797224789638
16,16,0.07085360586643219,32,5.195550163861345,0.9322779455694246,0.3317854463996369,0.2653957600107314
16,17,0.07598892971873283,32,5.819414322464992,0.7125118951863323,0.28872721783817934,0.223287116269242
16,18,0.07932443544268608,32,5.718336822611742,0.6972130856975669,0.26694586758480343,0.20132324568024124
16,19,0.039265407249331474,32,5.867172877984334,0.8296614200721404,0.2986239134560791,0.22700689445887384
16,20,0.07636025547981262,32,5.5795628740849335,1.0065581144386027,0.39463351263195406,0.24993337969380292
16,21,0.06078324094414711,32,5.692862034044396,0.9712407518764552,0.2949783735638415,0.2743820147400172
16,22,0.047447746619582176,32,5.733065734197079,0.7498185821491914,0.30474261582047796,0.2488636511826581
16,23,0.022297579795122147,32,5.933012566258608,0.846088465378438,0.2783121945779461,0.25072258274233583
16,24,0.022151479497551918,32,5.727655295317307,0.9319101005547434,0.2980512481202203,0.24163973520036333
16,25,0.012216879054903984,32,5.627148735682901,1.1459019353161581,0.35171566139933774,0.2860143008488135
16,26,0.029924949631094933,32,5.386176221610261,0.8502317869759173,0.31616372157170025,0.2562874850460221
16,27,0.02867734059691429,32,5.74295144238147,0.8256584558254527,0.3042075802926276,0.2805733629831121
16,28,0.034160638228058815,32,5.966301263409101,0.8158573565888121,0.31713437510092507,0.26366212405235856
16,29,0.03199934400618076,32,5.885594833710893,0.8597863670670796,0.29129816706079453,0.28464500735435994
16,30,0.05274972878396511,32,5.737038263468655,0.6739818223306173,0.2729784734635872,0.2644950296159807
16,31,0.039089616388082504,32,6.1089185914017285,0.878205831893867,0.302462969817497,0.28154146498558524
17,0,0.26949903927743435,32,5.746899172627906,0.7829897170795412,0.1322358090452448,0.17849029214963164
17,1,0.05743267387151718,32,6.1366394115200595,0.8982563279111924,0.26628304823560944,0.29103430169367783
17,2,0.04696842096745968,32,5.410500617315763,1.2601914032618096,0.4426347921318203,0.37402170883090896
17,3,0.07819233275949955,32,6.2301676805710535,0.7383425528962402,0.2451042525133455,0.2530569089383244
17,4,0.10001098178327084,32,6.029090510160409,0.9188916320153409,0.2659955269392525,0.244492074202256
17,5,0.21837927401065826,32,6.005208011798901,0.9122382364362505,0.33031641841580167,0.2766273888556296
17,6,0.13531668111681938,32,5.970715737485257,0.8702586315228578,0.30319871995390646,0.2604102306084063
17,7,0.2282625287771225,32,5.697107765954989,0.7659554313437722,0.31024820318408847,0.24198825647654387
17,8,0.22435472905635834,32,5.583890735500599,0.9282114014424048,0.34332755456009634,0.29196721066719444
17,9,0.19111944548785686,32,5.581401849454602,0.8105364797985528,0.37575626362446835,0.272735328117202
17,10,0.18404912948608398,32,5.3190731102349655,0.9149102230757267,0.33902040687838286,0.3240198075398698
17,11,0.15075521543622017,32,5.3727352308606005,0.6400946020153544,0.34450763232042214,0.2505143820555876
17,12,0.07808339409530163,32,5.44619012510239,0.4513633793928644,0.23815296298651373,0.23250444922684388
17,13,0.14219129271805286,32,4.992050873767627,0.6418614911129596,0.28919612414547297,0.292034669377354
17,14,0.10752282105386257,32,4.461189929847936,0.9609719672657748,0.484838495981626,0.2997299571847538
17,15,0.027823779731988907,32,5.21842866801862,1.0663295255736829,0.39533796459979054,0.30493998531112715
17,16,0.037161050364375114,32,5.306980070983028,0.8611272642433923,0.373956795865877,0.27083631704138655
17,17,0.0355687290430069,32,5.4885066641442135,0.9158353666724386,0.3906789505262619,0.22380905743103857
17,18,0.03082938864827156,32,5.553912749097323,0.7801819439669391,0.38338313305581473,0.21430826120338078
17,19,0.012378999963402748,32,5.998181519000753,0.770810131376189,0.32777199915755173,0.22860870608503903
17,20,0.019077669829130173,32,5.905456973752849,0.7906851327892621,0.4128889363621805,0.2554941756117229
17,21,0.013302292674779892,32,5.779082320759396,0.9914085420456056,0.4090279870944845,0.27549206959636535
17,22,0.01911783777177334,32,5.549636311241141,0.8314575424606279,0.35851767648215116,0.2534428425152778
17,23,0.011094463989138603,32,5.924651981213139,0.8686396928869948,0.3062442414248291,0.25324598887971433
17,24,0.012940488755702972,32,5.730036308240044,0.9704551561075885,0.3124531486226003,0.24305062810895994
17,25,0.008742295205593109,32,5.484313887154444,1.165662790730683,0.30303392790403,0.28819949304343273
17,26,0.014384590089321136,32,5.352965004853306,0.8742207467140748,0.30841684479580533,0.2594970246023748
17,27,0.014825547114014626,32,5.9218347178191975,0.7588321490288612,0.2845194942992887,0.2811667801824431
17,28,0.01883123442530632,32,5.821713620256396,0.9285471079698961,0.30413767668660957,0.2810229068453807
17,29,0.019317038357257843,32,5.742187062434768,1.0122825182276536,0.31161270615510267,0.28679886247675823
17,30,0.03168478421866894,32,5.914743743026544,0.7185676920958572,0.2795426893911622,0.26557557002201776
17,31,0.019866589456796646,32,6.2353966593314265,0.8419479336275195,0.27511809803108794,0.28336314602980384
18,0,0.2597434874624014,32,5.8590165251050195,0.9039843652874495,0.3331240327066829,0.1712880542268495
18,1,0.054351091384887695,32,6.214888181719172,0.8250655367899151,0.4369246763544747,0.2852539571248528
18,2,0.02495931088924408,32,5.925455791496209,0.822633870935694,0.574223969887017,0.37402170883090896
18,3,0.02854764275252819,32,6.248562919159795,0.7356424703538957,0.4472430540252752,0.2449428415086345
18,4,0.05020406283438206,32,5.767585038526397,0.7925889983671031,0.4557196903726298,0.244492074202256
18,5,0.06693557277321815,32,5.830397025121264,0.7619911309852059,0.46343310141913446,0.2766273888556296
18,6,0.07019880041480064,32,5.898577478176076,0.6835572728354844,0.4654370362590592,0.2604102306084063
18,7,0.04965931177139282,32,5.473859555250938,0.6002127652835734,0.5227783922642781,0.24198825647654387
18,8,0.050682345405220985,32,5.187662046499503,0.6282455456956049,0.5194606849361751,0.2991551634111699
18,9,0.02589729242026806,32,5.117452992891957,0.7850437879832866,0.45057044849663597,0.275644501489841
18,10,0.049725016579031944,32,4.888802626632735,0.7078806576243393,0.5524854275591335,0.3261625231643235
18,11,0.04951598681509495,32,4.662396834020425,0.6674806949733352,0.4314636832499117,0.25800523177009127
18,12,0.0501873753964901,32,4.9570389566728394,0.43632303133736805,0.35694459775122833,0.23250444922684388
18,13,0.09502900205552578,32,4.320594230906328,0.6162027432715513,0.34246845774875867,0.2905364506802508
18,14,0.10634060762822628,32,4.540335976835551,0.8290110940881075,0.4045132951687117,0.2997299571847538
18,15,0.03667805343866348,32,4.761158867007749,0.9910488936035069,0.44007690201352,0.30493998531112715
18,16,0.050213735550642014,32,4.836442198354306,0.7785984341000232,0.4193266172956388,0.27083631704138655
18,17,0.052969563752412796,32,4.759842831767344,0.9577218966267971,0.44167484732482276,0.22380905743103857
18,18,0.06711581349372864,32,5.371724792750253,0.8242819365226914,0.4316760586557707,0.21430826120338078
18,19,0.04224691167473793,32,5.6303087231886195,0.7236837239506038,0.3976461297531033,0.22860870608503903
18,20,0.09268392063677311,32,5.488194307234716,0.8163627303943537,0.5178387193962866,0.2554941756117229
18,21,0.02599622681736946,32,5.698545066840815,0.816609063440775,0.4626059721917488,0.27549206959636535
18,22,0.0411881897598505,32,5.719062798189735,0.7037376913602555,0.45446901777058757,0.2534428425152778
18,23,0.023315194994211197,32,5.767523486557338,0.8030990464937506,0.4109795137747454,0.25324598887971433
18,24,0.03286987915635109,32,5.618349338809562,0.7812586272477056,0.4533383100016269,0.24305062810895994
18,25,0.023488428443670273,32,5.832249759339236,0.8283703537210645,0.4416502917206756,0.28819949304343273
18,26,0.02988177165389061,32,5.112171595855212,0.8192007352149737,0.48089944499360127,0.2594970246023748
18,27,0.05154476314783096,32,5.740607586430207,0.754575925291415,0.4708854360551875,0.2811667801824431
18,28,0.034988610073924065,32,5.763757515237811,0.8873523616797803,0.4781560257148566,0.2810229068453807
18,29,0.030610645189881325,32,5.872678452281241,0.8280105268143663,0.43307407815080223,0.28679886247675823
18,30,0.10453784465789795,32,5.575212203856564,0.7510838536869837,0.48280423473130046,0.26557557002201776
18,31,0.052837714552879333,32,5.7736436900875985,0.9302136269680323,0.43503982910385997,0.28075004429279715
19,0,0.21555542014539242,32,5.802718004913981,0.7859854324637929,0.31919463734620435,0.1712880542268495
19,1,0.04839600250124931,32,6.085134863935156,0.8917008596262939,0.30184917261084937,0.29103430169367783
19,2,0.024685902521014214,32,5.690733540048475,0.8811066073477729,0.4206790421950478,0.3842532715614011
19,3,0.024626001715660095,32,6.168193728751046,0.7506080916818405,0.30931002952563835,0.25321831994303534
19,4,0.06985107250511646,32,5.638332960651246,0.8068258383833111,0.3145984711155835,0.24996762756800772
19,5,0.07352431304752827,32,5.370224409993115,0.8885707733834902,0.4025297355226192,0.2915860961231277
19,6,0.04894362948834896,32,5.576158275482568,0.8044500404368442,0.36881428947191053,0.27635757853807347
19,7,0.0603031050413847,32,5.527592070886733,0.7048328196681632,0.3336822876735518,0.24198825647654387
19,8,0.11452938243746758,32,5.346261305803089,0.7848564760923429,0.32657125306559853,0.2991551634111699
19,9,0.08323323912918568,32,5.387008221866942,0.822960898373843,0.3024498684319993,0.275644501489841
19,10,0.10971297323703766,32,4.587660639470913,0.8898847545882855,0.383504244956416,0.3261625231643235
19,11,0.09472725354135036,32,4.740363570037582,0.7522048561230914,0.33102388302753516,0.25800523177009127
19,12,0.06258618831634521,32,5.431764227099991,0.38173048386146835,0.25638374919730245,0.23250444922684388
19,13,0.12140794657170773,32,4.384841552087358,0.6572477359836366,0.3121481524392922,0.2905364506802508
19,14,0.1395058035850525,32,4.129873280686558,1.0569179676040372,0.2983690229019899,0.31628749835282766
19,15,0.03697348199784756,32,4.4093562413858685,1.136307080124106,0.28271666837217385,0.3160373162172215
19,16,0.05634586326777935,32,4.660200931238119,0.9829071879098068,0.2686446990477296,0.27923619516075815
19,17,0.034542977809906006,32,4.471957620530911,0.9559715332062586,0.24819960483314907,0.22495848570828303
19,18,0.02541104517877102,32,5.508982325240294,0.7618857635345444,0.22326656837199754,0.2303126020161879
19,19,0.014025907963514328,32,5.4792629379801046,0.7816943890182273,0.24530093109954593,0.23740498755710215
19,20,0.044179556891322136,32,5.45139316354012,0.78923291307526,0.25288750829075757,0.26392111223648773
19,21,0.011419691145420074,32,5.553829541016322,0.9046643900728579,0.29030490136276543,0.28050279253959537
19,22,0.016534222289919853,32,5.70443791193798,0.7042878952243035,0.2451281365903415,0.259046521336585
19,23,0.01283290795981884,32,5.759599279141322,0.8563667166209159,0.24427001106637905,0.25506156477500075
19,24,0.01842823065817356,32,5.492320691815757,0.9295896200463538,0.27787660403218045,0.26340442281359355
19,25,0.011313114315271378,32,5.5934664472327,0.9696163380617788,0.289107159227011,0.2938357670622346
19,26,0.020714255049824715,32,5.195176035333455,0.7806387627316518,0.28575858270677296,0.26381291309550414
19,27,0.03151329234242439,32,5.507797535616383,0.8560546507816893,0.2905446527077534,0.2831398458405314
19,28,0.021968288347125053,32,5.909866578299665,0.7573356692964008,0.31667791209633467,0.299945625657702
19,29,0.023235006257891655,32,5.733310649699451,0.8869396131360201,0.2855360309641982,0.2901254423299755
19,30,0.13319555297493935,32,5.4156572652307755,0.7712197203726614,0.3238380520622172,0.26981729194582105
19,31,0.04346860200166702,32,5.899161822453081,0.9023335346139145,0.33643554997865527,0.28336314602980384
20,0,0.2975136023014784,32,5.65523381903906,1.0401971720596261,0.35049690762057806,0.17849029214963164
20,1,0.04313117265701294,32,6.237617232825716,0.7812198473984093,0.23955222678897015,0.29806395069992747
20,2,0.02947818674147129,32,6.060822038674456,0.7877984644474978,0.3290391169847834,0.4046482334893747
20,3,0.028221355751156807,32,6.401446081546579,0.6557237024738303,0.2554272718838012,0.2644321526408393
20,4,0.07126476243138313,32,6.115086171868659,0.7057080739203467,0.2692492551691197,0.26044273770937465
20,5,0.10203127562999725,32,5.708568353163971,0.850770508970319,0.27171166671530134,0.31289621879365315
20,6,0.09883371740579605,32,5.831381465441822,0.7775348406510432,0.2744391236798371,0.28666793250213607
20,7,0.1327984780073166,32,5.862683723834778,0.6765480483039568,0.3126623711593283,0.25328534856044477
20,8,0.20451105572283268,32,5.6827472369589405,0.7555462756363518,0.26452098352597164,0.3067670696850937
20,9,0.12721440382301807,32,5.615673629185297,0.8892403741510009,0.2577371976492018,0.2901022798709939
20,10,0.18047451227903366,32,5.149307809197488,0.8235518714534074,0.3240856370945887,0.3261625231643235
20,11,0.19594246335327625,32,5.181466951558068,0.7388638995970247,0.2916379996631304,0.27478636236855664
20,12,0.1764165796339512,32,5.775227176362902,0.449400681006237,0.28845339382923296,0.2347183677541551
20,13,0.30993797071278095,32,4.609956989979606,0.7731095270525161,0.3220202384832643,0.2905364506802508
20,14,0.27593060210347176,32,4.612748422507266,1.0412329543815408,0.37279839650678537,0.31628749835282766
20,15,0.12490325793623924,32,4.873667995122401,1.0269852591706607,0.4356819838911968,0.3160373162172215
20,16,0.19624005630612373,32,4.802328983628423,0.9137051251171755,0.39961458673256495,0.27923619516075815
20,17,0.18673346936702728,32,5.147305121590494,0.8520225972597268,0.4667277154677725,0.23689278882843998
20,18,0.17292278446257114,32,5.3646333309335725,0.73594408958781,0.36881245365935567,0.2303126020161879
20,19,0.14623104594647884,32,5.60919632014053,0.7671961009350738,0.35636441570922894,0.24492289446385213
20,20,0.17466687597334385,32,5.528910560089395,0.7869388260298873,0.30575027357590534,0.26392111223648773
20,21,0.14313204027712345,32,5.570731292503977,0.8444368714660824,0.4325002733387655,0.2854484700280707
20,22,0.19767452217638493,32,5.2384841413143945,0.8273011391960763,0.3777193403188417,0.259046521336585
20,23,0.08824394084513187,32,5.633071092984605,0.8132703419859935,0.3630418743669478,0.25506156477500075
20,24,0.13004912436008453,32,5.409722450580016,0.8560717058079952,0.369504540516602,0.28011196432090546
20,25,0.04154406674206257,32,5.419294084030163,1.0796828277187087,0.37173843755576597,0.2938357670622346
20,26,0.10157315991818905,32,5.211966296545766,0.8860571143621012,0.3721784299355784,0.27487003912257024
20,27,0.11843143217265606,32,5.39527532669591,0.8994387034002207,0.35170625433866676,0.28753207350352106
20,28,0.07206538505852222,32,5.810573918725932,0.8408335313837743,0.3624286262104068,0.3028226191818053
20,29,0.04062117077410221,32,5.7250016817417,0.8984366630092264,0.32436367577572356,0.2901254423299755
20,30,0.14381191693246365,32,5.27460907553864,0.7844308365013539,0.3452966084245749,0.27626058142737475
20,31,0.056842027232050896,32,5.673871292670771,0.9811791369661655,0.35604824032584614,0.29382389844575973
21,0,0.2660014387220144,32,5.834771065210733,0.7366291352606105,0.3560079663936691,0.18690450419366997
21,1,0.05317893624305725,32,6.168734247009793,0.8710229128438733,0.4160394023565399,0.2939707025556285
21,2,0.08657138422131538,32,5.205341884677274,1.0710559509514308,0.5257755365563297,0.4046482334893747
21,3,0.09744902700185776,32,6.36721526608402,0.587338805360603,0.43091896121344664,0.2644321526408393
21,4,0.10135648772120476,32,6.078707977629142,0.7732239638024643,0.4378175887651574,0.26762239105418606
21,5,0.17191306687891483,32,5.915518612251082,0.8258960822620143,0.4892444180092669,0.31289621879365315
21,6,0.1139110866934061,32,6.154508888584724,0.7685410650533342,0.46113735674862333,0.28666793250213607
21,7,0.22590939328074455,32,5.774477030382359,0.7024193355813777,0.5063044813922147,0.2742702073663833
21,8,0.4087951723486185,32,5.499880547345249,0.9310722217413598,0.5660424288606478,0.3067670696850937
21,9,0.4032338447868824,32,5.7154271224900715,0.935011775718932,0.5300976077036168,0.2901022798709939
21,10,0.4204410742968321,32,4.939405609330975,1.0362652306155713,0.5894704187323434,0.3261625231643235
21,11,0.42426055669784546,32,5.337212260040737,0.8565871376834586,0.45573732037599746,0.2880354874864711
21,12,0.26714792288839817,32,5.9087580850258075,0.49994240386324584,0.344324160549212,0.23668064091050467
21,13,0.5313473008573055,32,4.72407223200403,0.839527467088848,0.4570288264087445,0.2945003868455424
21,14,0.4424735810607672,32,4.509971355519629,1.170915013457284,0.4818000523502798,0.32513437583001764
21,15,0.23876868933439255,32,5.090028561667458,0.9652738865605262,0.42457736956908143,0.3265262974697071
21,16,0.23748228326439857,32,5.065136116770739,0.8763158553045178,0.36842139520487643,0.28813332225236765
21,17,0.21681799553334713,32,5.309003870141656,0.7178261795415377,0.29014678095598123,0.263603272833197
21,18,0.1591695137321949,32,5.48249177089806,0.6490309944635442,0.26218619410544264,0.23478875234278535
21,19,0.15175250731408596,32,5.6228613377207495,0.7499654015885628,0.26948736037210536,0.24527363131212504
21,20,0.19062619283795357,32,5.4896305134158965,0.8268648111730581,0.3426737404031004,0.2751415688699476
21,21,0.10655613243579865,32,5.530121610982224,0.8132909954653709,0.32082866694066897,0.28839919039621487
21,22,0.13630800135433674,32,5.700114825192529,0.6514092650250696,0.29276934924269327,0.26383894907654243
21,23,0.05758367106318474,32,5.875732981319502,0.6785371997770611,0.2707071762513249,0.26176656928624564
21,24,0.10674992017447948,32,5.533364209473329,0.8027682463371928,0.28532292932558945,0.2901992863649254
21,25,0.03443683870136738,32,5.843730404755847,0.8857486796107645,0.33018943510142096,0.29855393405057773
21,26,0.09329130500555038,32,5.450290629859365,0.7553366835875766,0.3480442136812337,0.28528969945981636
21,27,0.11730158515274525,32,5.419413885247713,0.7841267661678897,0.34913742515380725,0.29058606177769714
21,28,0.08776313439011574,32,6.068638613865177,0.652377040526515,0.3396789935758944,0.3065892230415258
21,29,0.06233432702720165,32,5.63684375359408,0.81789988044385,0.3354604066190815,0.2925976161196453
21,30,0.1615948248654604,32,5.440077819768275,0.6106175529995443,0.3598893131383177,0.28106804774031013
21,31,0.06004127860069275,32,5.949269970450759,0.7902878890273435,0.34768333458491635,0.3055638821432505
22,0,0.2624764144420624,32,5.7387262295205375,0.7531221173361473,0.11110430750816619,0.19403559351315358
22,1,0.04118089750409126,32,6.186638698374947,0.8071942489813484,0.325913320134958,0.2939707025556285
22,2,0.09002346731722355,32,5.140053480096805,1.1581986272161426,0.46952542449093315,0.4241869319708436
22,3,0.10296115279197693,32,6.3551368113955995,0.6070386486242398,0.23971806902665083,0.2644321526408393
22,4,0.06784762442111969,32,6.081756034263009,0.7626992436007445,0.28218679621948883,0.2726047105729307
22,5,0.23111611977219582,32,6.104281241393988,0.8203003253587786,0.3204747405284998,0.3319487689025291
22,6,0.09679974429309368,32,6.0619053861712,0.8260578813291328,0.26954919402518773,0.29416947095840873
22,7,0.1766333393752575,32,5.764001503602221,0.7046377495501988,0.2772286399282889,0.29354724969686574
22,8,0.3628981150686741,32,5.505705404042299,0.9014659291668679,0.2726206489769561,0.31346141743151845
22,9,0.3664489444345236,32,5.858097131043568,0.8581365493433513,0.2526148781531905,0.2901022798709939
22,10,0.330757562071085,32,5.153796788040328,0.985474820660194,0.3320610322068005,0.3261625231643235
22,11,0.35395036451518536,32,5.670352446299631,0.7923457739788322,0.31593214259656766,0.2880354874864711
22,12,0.14160890132188797,32,6.054714081572007,0.5340295709022334,0.24913302033747947,0.23668064091050467
22,13,0.38636435754597187,32,5.13488175420621,0.8037772070713647,0.3081947881442295,0.2945003868455424
22,14,0.352457620203495,32,4.652945289919896,1.161743553121359,0.3850460385756686,0.32513437583001764
22,15,0.1517823003232479,32,5.172381460120253,1.0343638957248658,0.3507730937010287,0.3265262974697071
22,16,0.11526953801512718,32,4.983149245885663,1.014807149629421,0.3953924935212855,0.28813332225236765
22,17,0.14583231881260872,32,5.408386940711997,0.8915169632469979,0.34568959407228367,0.263603272833197
22,18,0.11111470498144627,32,5.7002298922875205,0.7229874968757697,0.3205902059251685,0.23478875234278535
22,19,0.09359695017337799,32,5.674319270478121,0.8994880594149768,0.33987037954506094,0.24527363131212504
22,20,0.17325086146593094,32,5.775265690346217,0.8828641266996211,0.3826378546310953,0.2751415688699476
22,21,0.10636731423437595,32,5.71388482189581,0.8852082237138372,0.31668110342286004,0.28839919039621487
22,22,0.10468979552388191,32,5.917967867224959,0.7732678117396503,0.3315129880289307,0.26383894907654243
22,23,0.05610094219446182,32,6.108659156416705,0.7796407057840522,0.3058297586900124,0.26176656928624564
22,24,0.06965909339487553,32,5.836134267460631,0.8431358441133234,0.3452141200552793,0.28383512696761
22,25,0.04133159853518009,32,5.914285825936961,0.9513780056839689,0.306796872486365,0.29855393405057773
22,26,0.08207064867019653,32,5.545869106991301,0.7676897439445316,0.3189461153750446,0.28528969945981636
22,27,0.08538842387497425,32,5.613482113846842,0.8705700067313105,0.3531718878902806,0.29058606177769714
22,28,0.08398406580090523,32,5.972880872698697,0.8098810413324369,0.2914548105036602,0.3065892230415258
22,29,0.07127639092504978,32,5.910850485442868,0.8277335344616885,0.2792486695727756,0.2925976161196453
22,30,0.1612312886863947,32,5.629274086277528,0.7260476151128703,0.2965274791283583,0.28106804774031013
22,31,0.05130798928439617,32,6.0062476697204605,0.8205435676118942,0.24711106093182425,0.3055638821432505
23,0,0.2358074113726616,32,5.83396075342079,0.8143412766938649,0.2696516389217115,0.18690450419366997
23,1,0.03695380128920078,32,6.010326558742841,0.9412382220074029,0.4170380698877993,0.2939707025556285
23,2,0.1008850485086441,32,5.320417514361427,1.1249249846663467,0.5383858296488565,0.4241869319708436
23,3,0.040013207122683525,32,6.442788582179581,0.6896889868277976,0.4234582166746258,0.2583798296282632
23,4,0.0912883710116148,32,5.956889755249048,0.8257778483977685,0.44750886328393147,0.2726047105729307
23,5,0.14690850675106049,32,5.8076913134923345,0.8492520637027736,0.43790112108894463,0.3319487689025291
23,6,0.11096503213047981,32,5.759482774346515,0.9393802674382403,0.45078326619295706,0.29416947095840873
23,7,0.12382043711841106,32,5.771880316417887,0.6736291845216131,0.4872410092017165,0.29354724969686574
23,8,0.27313464879989624,32,5.52524559891578,0.8469305594602483,0.5461513851784541,0.29959595102127734
23,9,0.16689701192080975,32,5.559177143096316,0.8605781803672485,0.565308652251971,0.28224494991432325
23,10,0.23731788620352745,32,4.891660919162887,0.9365053380681525,0.6168531949890506,0.32964011871362753
23,11,0.1860190648585558,32,5.1668031415009406,0.8381616179012106,0.5111758553646708,0.2948250134370619
23,12,0.10604865290224552,32,5.872445145991142,0.4596571376231928,0.38119440790077763,0.23668064091050467
23,13,0.2713012397289276,32,4.841149111720522,0.7552375151811708,0.3680042620676153,0.2945003868455424
23,14,0.22913399152457714,32,4.701314882433253,0.9525901971744197,0.39865335264352064,0.34850613389847857
23,15,0.17407336458563805,32,5.4645326778720325,1.0015726815308446,0.4097737809240435,0.3265262974697071
23,16,0.1972682923078537,32,5.517277166400952,0.9294104269230274,0.40624975678426906,0.2959796259827312
23,17,0.23714102804660797,32,5.4906581436847866,1.0370284800735465,0.35581135225831817,0.2684634113356642
23,18,0.20563586428761482,32,5.801094990288066,0.7900972134571891,0.40655907528924967,0.23695325930403874
23,19,0.1403938103467226,32,5.963358297410511,0.8494086794599021,0.38423701389160086,0.25739414573582564
23,20,0.24822961166501045,32,5.755044019206137,0.9134426727645071,0.40149843705968224,0.28929812511002384
23,21,0.15491708740592003,32,5.791247453504362,1.0541105960954642,0.39734803709258537,0.29264163746330346
23,22,0.23278732784092426,32,5.605730841411775,0.9352394692772492,0.3886940290846209,0.2801881192852528
23,23,0.10357430391013622,32,5.91983524430368,0.9111946509865287,0.34364428906127514,0.2674198840080753
23,24,0.14972084946930408,32,5.622897049503694,0.9660643647949243,0.3892255565311778,0.2916870887229049
23,25,0.06726496666669846,32,5.72676066947308,1.103555633662464,0.3697364288927705,0.30142747355938415
23,26,0.10978648997843266,32,5.543034634045162,0.925380995068485,0.4250368118661929,0.293705791938049
23,27,0.10705303028225899,32,5.702060230378393,0.9609821899848434,0.4315282593973305,0.2914523868533231
23,28,0.10180081240832806,32,6.000483072940662,0.907442379197601,0.39007708325077256,0.3028226191818053
23,29,0.054845595732331276,32,5.9917939346219296,0.8939975692241902,0.3505746116892694,0.2925976161196453
23,30,0.14513548277318478,32,5.794795057181155,0.7866873824223273,0.461153021546131,0.2895604426089082
23,31,0.05415225401520729,32,6.0364763898060225,0.942502908856949,0.4043548264268929,0.3055638821432505
24,0,0.2275635413825512,32,5.853547482889303,0.7719212022245339,0.21257151495474308,0.18690450419366997
24,1,0.045875485986471176,32,6.249313644941554,0.7456138994364219,0.3049315454629856,0.30142476208636376
24,2,0.05001052841544151,32,5.735939519928638,0.9715318504105914,0.44125140793152334,0.4241869319708436
24,3,0.04790343716740608,32,6.472115128519357,0.6587072789942594,0.27347729135373133,0.2583798296282632
24,4,0.07097076252102852,32,6.284486743571582,0.7243092039226644,0.31070245108706795,0.2726047105729307
24,5,0.14308814518153667,32,6.152970965039609,0.7954169254747487,0.37596209967454053,0.33220436350036253
24,6,0.0924607366323471,32,6.364442051182186,0.6757722917576192,0.3952065890824542,0.29416947095840873
24,7,0.10990327969193459,32,6.14514500804379,0.5622370040368772,0.343199680117754,0.29894779998377663
24,8,0.2665264159440994,32,5.894465842924991,0.7544957405178092,0.33190618657803195,0.29959595102127734
24,9,0.15244433656334877,32,5.79250431585531,0.8716962107698887,0.3195348921044997,0.2851185199825848
24,10,0.2353172581642866,32,5.709854224021787,0.7731799457585664,0.4008525513026722,0.32964011871362753
24,11,0.1686051469296217,32,5.662214933229281,0.7396191378599681,0.33312522423382884,0.2948250134370619
24,12,0.11469672620296478,32,6.109291778724828,0.47807504423628533,0.24255184337032903,0.23668064091050467
24,13,0.3912175763398409,32,5.452433806799096,0.7377398258337866,0.3764203476675745,0.3026593923101429
24,14,0.2804719377309084,32,5.251509951612016,0.9798767529450618,0.36886195788654347,0.36965309689502346
24,15,0.22349875792860985,32,5.657202582762794,0.8795331631417689,0.3326855645317456,0.3382237389960906
24,16,0.2271872665733099,32,5.617285259135405,0.804440325291143,0.35119516986117594,0.32077459105781236
24,17,0.2749713771045208,32,5.785667967143716,0.8091696738757443,0.3328235426200912,0.2894369993970803
24,18,0.2371357288211584,32,5.760778658673859,0.7720790223411811,0.25672929922174215,0.24508378520460367
24,19,0.14662796445190907,32,6.0332550020532745,0.7219277077755866,0.3180237771755523,0.27390908197458186
24,20,0.22879494354128838,32,5.807780416597972,0.8485628470870346,0.3611795652588513,0.29550854062149734
24,21,0.20454789884388447,32,5.706243316900722,1.0521086391879733,0.37095986717401114,0.30582973849335077
24,22,0.23203834518790245,32,5.6375133507536095,0.8777785332034522,0.3955853845190552,0.29875598253158564
24,23,0.13171693496406078,32,5.84188248148629,0.8834416652962771,0.34426853028414506,0.2745096854146355
24,24,0.14846106991171837,32,5.7024328654726375,0.9300983503447711,0.37526197371729064,0.2984333781304896
24,25,0.08183867856860161,32,5.6780343625943095,1.1291294549223592,0.39956369367309075,0.3049154001951975
24,26,0.09788151644170284,32,5.816606193924887,0.8193473367714148,0.39796059039245607,0.30492167571466283
24,27,0.12084792368113995,32,5.843686403046268,0.8649932743730613,0.3744353309664036,0.2966533663522098
24,28,0.09368923678994179,32,6.166379420319032,0.7823830553642646,0.3697256090543155,0.31040779439147215
24,29,0.05984434112906456,32,6.0380606854967445,0.7792590153788854,0.3327338764213452,0.2925976161196453
24,30,0.1573244258761406,32,5.862065652042227,0.6840519919853527,0.38785908046671935,0.2895604426089082
24,31,0.059064045548439026,32,6.192973193945008,0.7747143513420855,0.3601362967707247,0.3055638821432505
25,0,0.25062717124819756,32,5.700342403858462,0.7918939348423057,0.21050010552484585,0.19403559351315358
25,1,0.055845364928245544,32,6.147714586588336,0.8276613839158706,0.3509516779183829,0.30319700549929907
25,2,0.047595469281077385,32,5.532152140679836,1.1409260535169334,0.4660061095126156,0.43447311483908135
25,3,0.054388752207159996,32,6.334622144183472,0.6197001938696314,0.3348240669653819,0.2644321526408393
25,4,0.06974186189472675,32,6.203854707945866,0.710375195058595,0.355881572309359,0.27907348109811525
25,5,0.1511957235634327,32,6.011891156958558,0.8961739725944211,0.4355329368172145,0.3380877609396391
25,6,0.08700816705822945,32,6.338295798203205,0.7014462572335542,0.3734313591393718,0.3006744404943199
25,7,0.1412383485585451,32,5.953675420137692,0.5421223263707855,0.3821437255436917,0.3114552871717084
25,8,0.22676953300833702,32,5.737698778909889,0.8204995807167483,0.5270419513933664,0.328570682401356
25,9,0.26194158755242825,32,6.075729123364139,0.7315637243143929,0.4677718440445169,0.30488823882384053
25,10,0.2905640508979559,32,5.5362715959276665,0.9118482845942095,0.5438394819383654,0.3355407195425917
25,11,0.26297315396368504,32,5.857978379170419,0.7842776830451283,0.467358276632141,0.30697208490378053
25,12,0.11226316168904305,32,6.1127983340853485,0.5687559768445487,0.32300063547317437,0.24035240317842138
25,13,0.48063712753355503,32,5.604625652463687,0.6947601351775603,0.42222375166277004,0.31017147029176084
25,14,0.3522245530039072,32,5.2967110871813015,1.0265767363239853,0.5231058767116159,0.37083017719666445
25,15,0.2413045261055231,32,5.41137892333049,0.9978619509846691,0.38226507971652124,0.34172932911638715
25,16,0.21278947219252586,32,5.4165910210981,1.052628341396317,0.3585519161785661,0.3334716365491852
25,17,0.26487982273101807,32,5.68352342348544,0.8868255967995857,0.27838896531098933,0.2915657317941862
25,18,0.2614084221422672,32,5.693393608049329,0.7425560950422527,0.2640409753257136,0.2546179642012936
25,19,0.12650474160909653,32,6.088001961260038,0.7244970166100382,0.26484690522711557,0.2843349229534032
25,20,0.23089351505041122,32,5.901519214601932,0.8795386650737536,0.37707460905699675,0.3008334946977075
25,21,0.13234323635697365,32,5.798164809858829,1.072774540582067,0.391995831454192,0.31783689963856426
25,22,0.17975300550460815,32,5.707374967447859,0.8632784228040045,0.3578475866802164,0.31812780192470436
25,23,0.07307740487158298,32,5.908546267847623,0.8795012709675021,0.3130777337890758,0.2888864817257868
25,24,0.09642278403043747,32,5.712938716292559,0.9548457308044958,0.3448469499242377,0.3056343283816796
25,25,0.05662757530808449,32,5.758310003481291,1.0709536690379826,0.34276140796275517,0.31565823995689113
25,26,0.10054694302380085,32,5.572380725390586,0.9201300024685501,0.3529198578210423,0.30830359752790293
25,27,0.0980482418090105,32,5.765076843389833,0.8269715130722677,0.3412358961981156,0.3034434210747032
25,28,0.0871861632913351,32,5.909845087643601,0.9140646118956814,0.3477308691003515,0.3169061435986299
25,29,0.04762776754796505,32,6.031949353433886,0.825591508801641,0.2936344638675527,0.2959056921346017
25,30,0.13497935235500336,32,5.724916435597385,0.7921503231624509,0.3617745946128275,0.29971237092119085
25,31,0.046704819425940514,32,6.217542909704012,0.8129336286706188,0.33055152784791636,0.31339465821846535
26,0,0.2423404287546873,32,5.823987623978577,0.7770605290934833,0.1729502890787017,0.19638827678563464
26,1,0.036748625338077545,32,6.203294750514651,0.8313853310122497,0.3584972672348681,0.30319700549929907
26,2,0.043928010389208794,32,6.172225761672496,0.864593274502476,0.44989783614777057,0.4419431000316718
26,3,0.04877637326717377,32,6.488561483263877,0.6808668704371303,0.3328305758691114,0.2660232830611303
26,4,0.06489505432546139,32,6.256375865299431,0.7636846971238036,0.33211435810855305,0.27907348109811525
26,5,0.15545145981013775,32,6.003017104213488,0.894914505310588,0.38788528645847126,0.3494464463717941
26,6,0.09670659713447094,32,6.254747592676361,0.793077539124635,0.37121687039741413,0.3197345450432413
26,7,0.12241444922983646,32,6.124280311965577,0.6507459147527204,0.34503379609062024,0.3230111599116974
26,8,0.2531982082873583,32,5.956709519467395,0.7882849312707574,0.4435473827722559,0.32923871982181524
26,9,0.24157903529703617,32,5.922893547173116,0.7792937156760793,0.3811203953709291,0.30488823882384053
26,10,0.28225266747176647,32,5.894130769125297,0.79791636247319,0.45365268010885584,0.3474433329204936
26,11,0.24586858041584492,32,5.830868276723262,0.7676010699027227,0.40878422451973306,0.3234780128120514
26,12,0.12397831119596958,32,6.264307902464904,0.5493006486023209,0.28238568962615695,0.24584243185390425
26,13,0.580492377281189,32,5.601339029275472,0.7511308230512102,0.3039130470336892,0.31708419546127825
26,14,0.4559956341981888,32,5.367020779935425,1.0021148850039623,0.44107919666015477,0.3774495760684125
26,15,0.3036249000579119,32,5.596868758326389,0.9454834371090612,0.36590909209463296,0.366519086708775
26,16,0.25638899579644203,32,5.540547291399475,1.0159201016702006,0.3734838219009038,0.34317649827995467
26,17,0.27848251909017563,32,5.480023769113277,0.9866004939248105,0.3206853988606622,0.2915657317941862
26,18,0.2531080096960068,32,5.332989183706683,0.875937880794428,0.3226460971027808,0.2594577466635924
26,19,0.16127022728323936,32,5.844620952453525,0.873520780992596,0.29795299233461303,0.2843349229534032
26,20,0.27757198363542557,32,5.506403727411028,0.979994447165117,0.3511786270612835,0.32421200698950287
26,21,0.17364896088838577,32,5.505403781040009,1.073854684296684,0.4272813433700298,0.3199106813974687
26,22,0.19391053169965744,32,5.451486675874109,0.8876677911115776,0.39887500587913804,0.3328377761095125
26,23,0.09070378728210926,32,5.898050151443965,0.881617782472012,0.36997160826038655,0.3026452637818199
26,24,0.12554265186190605,32,5.618081801398754,0.9802224372372716,0.3858016613746659,0.31306897313089294
26,25,0.06697110459208488,32,5.7755105245640355,0.9833238770733983,0.372104769794084,0.3273545212644191
26,26,0.09963902644813061,32,5.723137161732467,0.88855113737133,0.3860530170929829,0.3122902831837528
26,27,0.08761536702513695,32,5.747741697569109,0.9570717310077201,0.3682287831598891,0.3080812631984579
26,28,0.09603059105575085,32,6.056876140894407,0.8001395701088203,0.39312906603240005,0.3215061284911529
26,29,0.05335615947842598,32,6.1076853960381445,0.8416020227050236,0.31641081014655065,0.2959056921346017
26,30,0.13799968920648098,32,5.882752300310781,0.7125398300767767,0.403053667310015,0.31336765738812034
26,31,0.0527194831520319,32,6.2884742822235795,0.8215349375272716,0.3725290598908739,0.3208035685215109
27,0,0.2483199704438448,32,5.800443392473172,0.7697704996040091,0.12737742095271326,0.19638827678563464
27,1,0.04618305340409279,32,6.107259918830727,0.9204659753814859,0.3124013164636282,0.3047381919253672
27,2,0.03907565958797932,32,5.783601463472211,1.0366597634051296,0.4370644783943229,0.44626631413979545
27,3,0.059159597381949425,32,6.367860551372173,0.7083357180462411,0.33329832089908035,0.2720957350516334
27,4,0.06206287816166878,32,6.240974578973647,0.8184109090466372,0.3147572077337617,0.2964446236532784
27,5,0.16988668404519558,32,5.9288107438327895,1.0018299786506777,0.44646760338876446,0.37038134191660277
27,6,0.13693693839013577,32,6.2452597347085685,0.833809636754058,0.395472234143598,0.3525423298022433
27,7,0.1370757892727852,32,5.991124481265038,0.8051881689677547,0.3854025493984703,0.3335211181688091
27,8,0.3077610693871975,32,5.638849470032475,1.070604920112273,0.4430275575682957,0.33761687056906414
27,9,0.31885347701609135,32,5.87335297283866,0.8689493647502307,0.4702381057168043,0.31343075066009074
27,10,0.35197363793849945,32,5.557288112641331,1.1121477474557384,0.5031567343055966,0.3613500901380382
27,11,0.2846286725252867,32,6.027771038547181,0.8005902295923324,0.4231950918507503,0.332074553630682
27,12,0.14096258208155632,32,6.14752354760385,0.6116654278276812,0.32415339493380324,0.252758384767391
27,13,0.5472584795206785,32,5.367160522059795,0.8731979878805385,0.33730643030283447,0.31708419546127825
27,14,0.3903138730674982,32,4.891081980725014,1.2239812339932605,0.4787863914880985,0.3835733971028541
27,15,0.2756051514297724,32,5.049055616903644,1.0262372899265664,0.38238751796166226,0.3740870859055771
27,16,0.22560537233948708,32,5.139263150127194,1.0956824253446955,0.345284549513223,0.354873543019871
27,17,0.1776124108582735,32,5.484956862569197,0.9292225685211086,0.28919198900214765,0.3039027259904761
27,18,0.1224939227104187,32,5.27045163610461,0.8207109397280172,0.2663922176581398,0.2631135847155781
27,19,0.09052482433617115,32,5.7149905939983485,0.8546280760417213,0.2184049766654948,0.2941460173321805
27,20,0.18725998513400555,32,5.274287604934477,0.9683185731496096,0.2567297804613976,0.346926183732192
27,21,0.13196955993771553,32,5.397396144701464,1.1272145322578027,0.26338155257245904,0.3279517632581931
27,22,0.19484205543994904,32,5.127332403586962,0.9521238709829571,0.2582339365630676,0.34266699995267663
27,23,0.09755193628370762,32,5.654726977590871,0.9339951725492677,0.2266103604331196,0.30603700005742074
27,24,0.11271556466817856,32,5.535373871063942,1.0376094208174882,0.23994303161307,0.3193063829446457
27,25,0.07366115972399712,32,5.6189323610491755,1.073325815931149,0.25100987951747855,0.3364754215320881
27,26,0.09606742858886719,32,5.418992580939991,1.0127358965115487,0.23700820964128175,0.3175549184733724
27,27,0.09710370749235153,32,5.623282641159775,0.9918712010645327,0.2225701464442863,0.3265954211512019
27,28,0.0748352613300085,32,5.872683265020749,0.8802868759595954,0.243401063592224,0.32866393416983997
27,29,0.0385116133838892,32,5.982025443074871,0.832145821809803,0.23602887990446328,0.304763512622905
27,30,0.12660746648907661,32,5.726893481502386,0.7764007768431798,0.22394001149665796,0.32567675587760764
27,31,0.05252666771411896,32,6.147735938542283,0.9117302170413213,0.2601973165176953,0.3270170714615056
28,0,0.24370403215289116,32,5.74915195990571,0.7792727626760296,0.16017113707886044,0.19638827678563464
28,1,0.05026081018149853,32,6.038302895547799,0.940510738264285,0.3629995444977264,0.3086664309633069
28,2,0.04038580507040024,32,5.544122048413477,1.0829075014657326,0.4569602725705432,0.44626631413979545
28,3,0.09574860148131847,32,6.335142409046252,0.6005266658654929,0.3106636140672275,0.29139366043968484
28,4,0.08098629675805569,32,6.146931639601477,0.7726956468969943,0.32357384028329306,0.3126504611013257
28,5,0.13187886029481888,32,5.9116371688250595,0.9681357396553167,0.38818033547812736,0.38192369306650586
28,6,0.11181828938424587,32,6.092956018819004,0.8824159611191824,0.3251760355263649,0.37001557993466233
28,7,0.14983266033232212,32,5.888875228343855,0.7302475386720273,0.3355055028420396,0.3384409838956529
28,8,0.2995221670717001,32,5.613166074706463,1.0050887198734673,0.3646748697397859,0.3463757075283867
28,9,0.2892538979649544,32,5.822121051424595,0.8144793031513249,0.30928214640153995,0.347645577864484
28,10,0.34666976891458035,32,5.229985429828012,0.9770518439453504,0.4668688235005376,0.375169083134944
28,11,0.3165308814495802,32,5.824561460456511,0.8403713960508004,0.36755214876020126,0.3371737951881325
28,12,0.1236124187707901,32,6.175312020261193,0.6107681944374432,0.24113321726670983,0.2580024002585818
28,13,0.5113365668803453,32,5.5175652652581455,0.7931891749903404,0.26102422543061127,0.3296633343930494
28,14,0.4337960220873356,32,5.283723525506917,1.028128281419149,0.42891185586263747,0.3918496956095946
28,15,0.3121181074529886,32,5.630394432672019,1.015353817988168,0.4207145193394636,0.38232629883909175
28,16,0.2838848680257797,32,5.263888447403445,1.1738878748369626,0.45843283725926753,0.354873543019871
28,17,0.23459790833294392,32,5.6155518985311605,0.9719527779865,0.3794547470969546,0.3039027259904761
28,18,0.20062093436717987,32,5.44808963121054,0.8938594409894938,0.3996089037142547,0.2652165964919267
28,19,0.11695125512778759,32,5.959265023085713,0.8863239812773909,0.3193896279018521,0.2941460173321805
28,20,0.217144588008523,32,5.467266380172618,1.072933458644667,0.405145384421027,0.346926183732192
28,21,0.14832553267478943,32,5.718231585785985,1.0419949730853189,0.4101872015161064,0.3279517632581931
28,22,0.18187229335308075,32,5.5145710439191,0.9387611109348377,0.431491390927337,0.34266699995267663
28,23,0.06800616346299648,32,5.973880737809573,0.9218740023039995,0.34371625441235115,0.30603700005742074
28,24,0.084556445479393,32,5.740466137082468,1.0550925140293845,0.3668187692456538,0.3193063829446457
28,25,0.041388170793652534,32,5.828508047380318,1.0391653486462982,0.35233510073962326,0.3364754215320881
28,26,0.08334202319383621,32,5.51594428893408,1.0267519213791187,0.3812070178728335,0.3175549184733724
28,27,0.06200123950839043,32,5.7630142517386,0.9877504171411022,0.38348739638804075,0.32272173824537165
28,28,0.08327760733664036,32,6.017784882943973,0.8831647812772614,0.35590315638865366,0.32866393416983997
28,29,0.043360281735658646,32,6.033930267572734,0.8852736967041546,0.3325488325120323,0.304763512622905
28,30,0.0949355699121952,32,5.757193336974369,0.795577056128348,0.37707410392225676,0.32567675587760764
28,31,0.03493456542491913,32,6.135396291714766,0.9463404866381175,0.3607483564720121,0.3270170714615056
29,0,0.24050948210060596,32,5.883659700013219,0.7777368038424282,0.20967915263926856,0.1887002316334897
29,1,0.043464457616209984,32,6.076853919090739,0.9293134133919567,0.3536769740698119,0.31915731829929306
29,2,0.05614207684993744,32,5.661649573838739,1.0439053505220528,0.45932139442683984,0.45178868106821757
29,3,0.04521753638982773,32,6.488041928884449,0.6669598161646313,0.3427214189493492,0.3099868217964329
29,4,0.0838745329529047,32,6.092105042542299,0.9118053670391646,0.33413796813643304,0.3146778394246726
29,5,0.16106863878667355,32,5.885322893617091,0.9808149784444966,0.31473355313957224,0.38803281096829934
29,6,0.11887194216251373,32,6.094578315951248,0.9561716929884909,0.32738486643090603,0.37001557993466233
29,7,0.13022461719810963,32,5.982889878249797,0.8325422918261527,0.35309694162695504,0.3393525914798968
29,8,0.27141580544412136,32,5.615127729401318,1.1462570655116684,0.40166622587488926,0.3544619043005283
29,9,0.30572648346424103,32,5.849901332470905,0.9235518093570887,0.38849102255668577,0.347645577864484
29,10,0.36040656454861164,32,5.439843948070205,1.1384235797492313,0.5126111524418056,0.39217839812954414
29,11,0.24991843290627003,32,5.823330801214787,0.9195623904669841,0.4575199441642679,0.34286499923142916
29,12,0.10719946213066578,32,6.2315931425994195,0.5651568758860792,0.3141978822772402,0.2580024002585818
29,13,0.5572804193943739,32,5.479234237085241,0.8416642988487562,0.37972489839963214,0.3296633343930494
29,14,0.45784763991832733,32,5.057185264657015,1.1921397502896092,0.4273464095629561,0.4015833239061162
29,15,0.3476474992930889,32,5.2945715879527775,1.1299519541662786,0.2837544033213793,0.3888627412807264
29,16,0.2745121382176876,32,5.093039721566277,1.2350894258696288,0.2832731935033789,0.3634866556917212
29,17,0.27366590313613415,32,5.521227639462106,0.9035054225423478,0.1954321682425921,0.3068350407465267
29,18,0.2400452196598053,32,5.257243296524333,0.9189628929067517,0.1803240149412879,0.2666690426214716
29,19,0.1339094415307045,32,5.79885712877097,0.8845928656969226,0.21226142243981327,0.29828845289534606
29,20,0.205881979316473,32,5.389570454786719,0.9987167405905018,0.206984579070478,0.3561790961600674
29,21,0.1692532766610384,32,5.684882982757361,1.0582851559736124,0.2586846405761531,0.34589426705734005
29,22,0.21179265156388283,32,5.308190888592938,0.9410527895744378,0.2091199848297701,0.34600507543515535
29,23,0.0834125280380249,32,5.780152631748264,1.0065784003214304,0.2166169147499547,0.30603700005742074
29,24,0.09472153894603252,32,5.540230113497602,1.0733361508260657,0.2277289750945818,0.3292658737817116
29,25,0.042158739641308784,32,5.686361931153524,1.0812275709916719,0.2459275248082228,0.3472385346810465
29,26,0.0990243498235941,32,5.540719251748639,1.0208558182945078,0.26501961446315647,0.33349516452813915
29,27,0.09474727138876915,32,5.521159382056672,1.030431689351519,0.2610354915310723,0.34518666067596143
29,28,0.0895179770886898,32,6.101197075838947,0.8095564825587118,0.2717126629807297,0.33556449001709676
29,29,0.05108198709785938,32,6.0303403747601445,0.8689924950777064,0.28335866573295543,0.31401175815082666
29,30,0.15467393025755882,32,5.703714992841204,0.8003990135246353,0.26750899334204903,0.334567330243396
29,31,0.04822132550179958,32,6.146187127985595,0.9212048022635599,0.2844009165920123,0.3334935389132858
30,0,0.25453132577240467,32,5.794541309629651,0.7801148222473646,0.18056233406127903,0.20275523679612095
30,1,0.04388975165784359,32,6.063081651168207,0.9178482086572259,0.336263165511272,0.33843249902667044
30,2,0.06668922863900661,32,5.324248971273963,1.2493740863306737,0.4297999475776704,0.4553198992796039
30,3,0.07308988273143768,32,6.38221209197329,0.6655640514667587,0.27707554650134036,0.32174709496816944
30,4,0.062252962961792946,32,6.131073647376682,0.8321193519437049,0.28887617672637056,0.3191655240085274
30,5,0.13241051509976387,32,5.919966116880172,0.9625985833557085,0.3537976609894782,0.38803281096829934
30,6,0.08122213557362556,32,6.114212573320591,0.884595723852148,0.29022739355338356,0.37001557993466233
30,7,0.11236800067126751,32,5.971494807859805,0.7340134280810471,0.33709406989808904,0.3441167381041871
30,8,0.2677886411547661,32,5.666457237872251,0.9955752066451318,0.3655158880753486,0.36208740892208274
30,9,0.30740101635456085,32,5.89055823205306,0.7951895325646712,0.3716821471895644,0.37843832949769873
30,10,0.30945722572505474,32,5.446083533194713,1.061359950359165,0.4550066027575828,0.427252615705764
30,11,0.23168881610035896,32,6.022735878686232,0.7424618588404792,0.464983050954264,0.3560298905403117
30,12,0.1446078810840845,32,6.070514815717175,0.6571266370565052,0.3255944979397667,0.27100337047300904
30,13,0.5505828503519297,32,5.324698635883491,0.8095427097305805,0.3363788873995859,0.33988744402579657
30,14,0.3999392241239548,32,5.130024764827937,1.13997874836293,0.3755010930223978,0.4108945342829966
30,15,0.2963130045682192,32,5.513941335952595,1.081913574327464,0.2864146708927657,0.3888627412807264
30,16,0.2629561722278595,32,5.2369013716121895,1.1816518875819604,0.3051817389017085,0.3634866556917212
30,17,0.2158038541674614,32,5.735566691490561,0.8720154722549758,0.21734246848881084,0.3068350407465267
30,18,0.18916112929582596,32,5.55294011742794,0.8069903672315801,0.24335557236441469,0.2666690426214716
30,19,0.0837760791182518,32,5.986162926299874,0.870389522912296,0.27502650714453436,0.29828845289534606
30,20,0.2296209465712309,32,5.675453339179873,1.0005250614830477,0.3372820264951495,0.3561790961600674
30,21,0.14834227226674557,32,5.61238230860145,1.039279749105745,0.30128279420059606,0.34589426705734005
30,22,0.19533457979559898,32,5.646002558275795,0.9237092573149592,0.31727853897547326,0.34600507543515535
30,23,0.08714417368173599,32,5.826296374940935,1.0309936442159264,0.29008762735842275,0.30603700005742074
30,24,0.08514751680195332,32,5.773054119421969,1.0101522995797785,0.2835526861286899,0.3292658737817116
30,25,0.0352562740445137,32,5.857109466828204,1.061214791118708,0.3168689188231206,0.3472385346810465
30,26,0.09066134691238403,32,5.670125484007603,0.9382910037034238,0.31338652687326013,0.33349516452813915
30,27,0.06893285177648067,32,5.837133271744071,0.9459049736048462,0.29934073405090145,0.34518666067596143
30,28,0.08216148801147938,32,6.021977293991246,0.8845839536002389,0.29057226324158375,0.33556449001709676
30,29,0.039959561079740524,32,5.98525436712799,0.9089617189398638,0.26542291700487924,0.31401175815082666
30,30,0.1388478372246027,32,5.640531644211421,0.7928704809386673,0.2892879394181321,0.334567330243396
30,31,0.04544250853359699,32,6.242430818135748,0.8745633359849414,0.27891452111931814,0.3334935389132858
31,0,0.21608083695173264,32,5.801934018038059,0.7310644333813325,0.1937344753527122,0.20275523679612095
31,1,0.04306495375931263,32,6.078907570688808,0.8744268463877427,0.2482456687446557,0.34360742171482744
31,2,0.0795814711600542,32,5.417096360131602,1.2065968614840958,0.3944481788195193,0.4534290543591569
31,3,0.055098654702305794,32,6.369553088044713,0.6847386278466434,0.19762916739760486,0.32174709496816944
31,4,0.0668914895504713,32,6.087509092864668,0.9111506055190572,0.20849792400015255,0.3191655240085274
31,5,0.11305734887719154,32,5.821786225582393,1.0514150278595658,0.2644971056739661,0.38803281096829934
31,6,0.10237537883222103,32,6.004688268304059,0.9533467003266471,0.1979371658331886,0.37001557993466233
31,7,0.12652641907334328,32,5.854960367693318,0.8222791612657225,0.2294338719921169,0.3441167381041871
31,8,0.25778032280504704,32,5.627267531819958,1.1109731690183535,0.2524699391767278,0.36509537890756727
31,9,0.30524247139692307,32,5.783975262276215,0.9075008454884337,0.24999365147180708,0.37843832949769873
31,10,0.30284205824136734,32,5.480282960917324,1.1348591702043835,0.3024219928246713,0.4543296414332193
31,11,0.23759261891245842,32,6.052341424863982,0.7883637121486355,0.25871935701479204,0.38816818663996716
31,12,0.10100583173334599,32,6.029273318348613,0.6809255350117738,0.19929664493251398,0.28541954172769496
31,13,0.6073812078684568,32,5.1939088566234854,0.8437330118188608,0.2910241011728665,0.33988744402579657
31,14,0.4174049533903599,32,4.974180494260364,1.180354141545691,0.3409098033278566,0.4108945342829966
31,15,0.3546399474143982,32,5.163138747338291,1.1194528836894833,0.28912885189493664,0.3888627412807264
31,16,0.2406604290008545,32,5.4255509706860625,1.038713498364329,0.30829383679391825,0.3634866556917212
31,17,0.24491853825747967,32,5.586535832767916,0.8629632452390457,0.22583589506523571,0.3068350407465267
31,18,0.21421835012733936,32,5.369823818930776,0.8870715749316052,0.22368933164263405,0.2666690426214716
31,19,0.11707903444766998,32,5.817404469015982,0.9253719189127265,0.25287903652651933,0.29828845289534606
31,20,0.22728787921369076,32,5.590601606989731,0.9618619308597811,0.30921623069687776,0.3561790961600674
31,21,0.19038304686546326,32,5.562949247666494,1.0645610612011778,0.32954731735563647,0.34589426705734005
31,22,0.2680624555796385,32,5.501957876211483,0.914732369623402,0.27143387616345815,0.34600507543515535
31,23,0.15829569846391678,32,5.610020493527029,1.0416472023483818,0.2870153225055354,0.30603700005742074
31,24,0.1310853622853756,32,5.737083029548922,0.9576968845943963,0.28061962953156405,0.3292658737817116
31,25,0.07008562423288822,32,5.657169023631992,1.1109746142368877,0.27659008080729647,0.3472385346810465
31,26,0.09309957176446915,32,5.77075729312944,0.9003938800717863,0.2757794195210903,0.33349516452813915
31,27,0.08224751986563206,32,5.680508687161177,1.0484794691685195,0.2872086995512575,0.34518666067596143
31,28,0.12634355947375298,32,5.97312405095029,0.8372740643617291,0.30451230080438474,0.33556449001709676
31,29,0.06252025626599789,32,5.9097580594078725,0.9382019579685021,0.2633008266619277,0.31401175815082666
31,30,0.1722265537828207,32,5.755037866615864,0.8068356760293867,0.31055974954509113,0.334567330243396
31,31,0.05390460975468159,32,6.246529467040823,0.8815514831546505,0.30813144960177496,0.3334935389132858
32,0,0.2202663403004408,32,5.837851717620634,0.7494714210603668,0.1417694281038222,0.20275523679612095
32,1,0.04036761447787285,32,6.27546808991787,0.7521231835640103,0.2893688590308816,0.34360742171482744
32,2,0.08263730071485043,32,5.254895185595608,1.168928702642825,0.41895995854801255,0.4534290543591569
32,3,0.05626640468835831,32,6.379676235777611,0.6993307218627542,0.25392692692236374,0.32174709496816944
32,4,0.10227833315730095,32,6.099250125699017,0.9090825917301357,0.2664560938218662,0.3191655240085274
32,5,0.15342449210584164,32,5.740915486424356,1.059440264202392,0.35416229178645603,0.38803281096829934
32,6,0.15003319829702377,32,6.128505925375268,0.9074262481532012,0.31735529995767203,0.37001557993466233
32,7,0.1438150890171528,32,5.809848785405477,0.8124245493281164,0.27019771875239046,0.3441167381041871
32,8,0.2667749263346195,32,5.685044935770689,1.0476486572904529,0.3203592631970875,0.36509537890756727
32,9,0.3499589115381241,32,5.855101002042562,0.9519118550446288,0.29408970726316785,0.37843832949769873
32,10,0.3198519591242075,32,5.410197871235173,1.1579419401591924,0.3907276779184109,0.4543296414332193
32,11,0.28706444799900055,32,5.855315505954468,0.8970688324458402,0.37012988444490025,0.38816818663996716
32,12,0.11435816064476967,32,6.3060920559552835,0.5782505277424663,0.2762405354256313,0.28541954172769496
32,13,0.5070009063929319,32,5.2708400687046115,0.9088395901150923,0.29750140039438855,0.3368426588512102
32,14,0.43238270096480846,32,5.113850497067599,1.0825701363259004,0.30015968678952176,0.4015833239061162
32,15,0.3783778566867113,32,5.205335655725457,1.0948998728990356,0.26290859083523543,0.38232629883909175
32,16,0.2958521191030741,32,5.405913402110345,1.0352825946227933,0.24275554130318633,0.3634866556917212
32,17,0.27053027972579,32,5.505005247539136,0.8277457788510398,0.19117809638398137,0.3054160899083217
32,18,0.22525922395288944,32,5.3921486330322,0.8609976916817654,0.17646960099618725,0.2666690426214716
32,19,0.15182450972497463,32,5.7496266190204555,0.8989455111409246,0.18106274012501591,0.29828845289534606
32,20,0.2665445879101753,32,5.439443163522014,0.9830043515313349,0.22379044240978635,0.3561790961600674
32,21,0.24191577173769474,32,5.417787523873537,1.0680008671361492,0.23254554630394153,0.3502535922648238
32,22,0.27437792532145977,32,5.3799937738699315,0.943089752365986,0.20259032997900872,0.34468028735457357
32,23,0.18566161394119263,32,5.579618214968808,1.0335841047178382,0.18826858625849496,0.30603700005742074
32,24,0.1662879977375269,32,5.7293054072863585,0.9207049437705654,0.20278499945316397,0.328650049273419
32,25,0.09657757170498371,32,5.585619008544906,1.1327538461747082,0.23456527486997297,0.3364754215320881
32,26,0.10359657742083073,32,5.793433643381261,0.8870089381783961,0.2286102158517627,0.33349516452813915
32,27,0.12381777167320251,32,5.687784879454464,0.9751456706277324,0.25422137926503485,0.34518666067596143
32,28,0.12032831832766533,32,5.95869755517343,0.8257117529870719,0.26065367176506626,0.3284066843384097
32,29,0.06754978559911251,32,6.128815818524121,0.7682841252296075,0.25606466671553935,0.3026235850113277
32,30,0.1556700747460127,32,5.705411257853186,0.792750223373865,0.2681512662054479,0.334567330243396
32,31,0.05452943220734596,32,6.143988704587507,0.900409406891276,0.29704881594717236,0.3334935389132858
33,0,0.24015713669359684,32,5.791386860874736,0.796246497126619,0.18826779670197047,0.20170681399599039
33,1,0.03792702779173851,32,6.274220815346381,0.7738037138191904,0.258798547046258,0.331088242823115
33,2,0.0313681922852993,32,5.622445297831858,1.0982295194321399,0.4137763933888545,0.44626631413979545
33,3,0.03641045093536377,32,6.3917589974125,0.7183393549871022,0.2458836550065828,0.3099868217964329
33,4,0.061136169359087944,32,6.303964200022969,0.7372090682798556,0.24788580659392018,0.3146778394246726
33,5,0.12855316698551178,32,6.089114112259098,0.8704408805568837,0.3369222159901973,0.38192369306650586
33,6,0.09235046245157719,32,6.25743105750819,0.7835391314484292,0.2587479798005606,0.3480995779514083
33,7,0.1314097922295332,32,6.040527887248448,0.7257762090778268,0.270348507727851,0.3401468750079215
33,8,0.24496875330805779,32,5.8132375982580164,0.8565429962075832,0.2650957459096891,0.36509537890756727
33,9,0.29635341465473175,32,5.872088192211939,0.7721224738207297,0.25656208316201934,0.37371920540701636
33,10,0.30772958509624004,32,5.7209951524821445,0.8894315744489951,0.33730332840500743,0.4543296414332193
33,11,0.29952945932745934,32,5.854998186347899,0.842468085870042,0.3420155621628542,0.38945705448231666
33,12,0.09785102121531963,32,6.201757809550764,0.5776229241615924,0.2204273256834876,0.28541954172769496
33,13,0.5308000613003969,32,5.172934293284758,0.8222347824281195,0.3178324883864973,0.32919956294142505
33,14,0.45477080531418324,32,4.88282632560575,1.0317483025640932,0.32126762783040747,0.4015833239061162
33,15,0.27981144934892654,32,5.119076516183325,1.0252114725814039,0.2778603230624505,0.3740870859055771
33,16,0.2641240116208792,32,5.359331382057011,0.93081361071527,0.2567353964097502,0.3634866556917212
33,17,0.23432440496981144,32,5.536222216741033,0.7955515547588794,0.18184434303179212,0.3054160899083217
33,18,0.22734292596578598,32,5.309391248126793,0.8441461113205637,0.18418077715559864,0.2652165964919267
33,19,0.15097119472920895,32,5.767099029282829,0.8079484119685443,0.18848986423490438,0.2864897497395737
33,20,0.22940299287438393,32,5.522825933273905,0.938848474121893,0.18892247033910448,0.346926183732192
33,21,0.20753934420645237,32,5.292455385713385,1.1313375550450777,0.219380247685542,0.3502535922648238
33,22,0.2554536107927561,32,5.156627712937084,1.0512625985209763,0.16303299031391538,0.34468028735457357
33,23,0.156277472153306,32,5.400234706770762,1.1492649799567545,0.16657102654307418,0.30603700005742074
33,24,0.16472219116985798,32,5.474901055676181,1.0482801416521115,0.1678681049259079,0.328650049273419
33,25,0.09455879405140877,32,5.423981845448568,1.2442586698396827,0.19381853963123202,0.3235291769622708
33,26,0.07806215062737465,32,5.648757439425432,0.9754012426406637,0.1735639715255168,0.33349516452813915
33,27,0.13614461198449135,32,5.56404663352289,1.0685876152964404,0.17310028490225396,0.34518666067596143
33,28,0.09707757085561752,32,5.83183476003038,0.892859050903497,0.20304602215567086,0.3281784528361145
33,29,0.06106339395046234,32,5.997600667791268,0.8314652351949023,0.1905013900432024,0.3026235850113277
33,30,0.15598584339022636,32,5.688297256639381,0.781759670475628,0.16773868484292412,0.334567330243396
33,31,0.057587819173932076,32,6.223333827247467,0.8490995945513617,0.20853886498928623,0.3334935389132858
34,0,0.2477140761911869,32,5.726449824957236,0.7725468384751588,0.14214189725678394,0.20170681399599039
34,1,0.05097237043082714,32,6.091275924570509,0.9033169885822234,0.3362650312532481,0.331088242823115
34,2,0.060183171182870865,32,5.338487733648186,1.1711509826044235,0.5171973926913427,0.44557462203964693
34,3,0.08317585475742817,32,6.254263525117697,0.6731391542288341,0.3520585595035711,0.3099868217964329
34,4,0.09690652973949909,32,6.085002477490488,0.8487120455559909,0.3437599613786563,0.3146778394246726
34,5,0.13791198283433914,32,5.692934257998212,0.9823337846950135,0.4295428544309029,0.38192369306650586
34,6,0.14464927092194557,32,5.84506837701563,1.0134141655598947,0.4224920592325395,0.3480995779514083
34,7,0.1579865887761116,32,5.653227911377169,0.8283683910538029,0.39507699545791153,0.3401468750079215
34,8,0.25857287645339966,32,5.623264460447931,1.1002269720829725,0.46866864809280506,0.36509537890756727
34,9,0.26592762395739555,32,5.694173193701285,1.0273679517959318,0.459545362552714,0.34560851964703204
34,10,0.3115247618407011,32,5.3573835263267515,1.0098349707917134,0.49054361735234014,0.4543296414332193
34,11,0.30455837957561016,32,5.356434657330544,1.0176180226494296,0.4873489761183193,0.38945705448231666
34,12,0.09235756285488605,32,6.143013288620756,0.6444094513772818,0.301653960896229,0.28541954172769496
34,13,0.4329161811619997,32,5.41710280223112,0.81523455454328,0.3958373403227858,0.32919956294142505
34,14,0.39531952887773514,32,5.083992668170966,1.1129169159984569,0.39676168598146644,0.3918496956095946
34,15,0.2919158488512039,32,5.186692558906101,1.0143519276081427,0.3326188970986533,0.35834109289783084
34,16,0.2553541362285614,32,5.205363464407283,1.0528442984170994,0.32541820009190325,0.354873543019871
34,17,0.22134172730147839,32,5.585778680342795,0.8209638930929666,0.2212050098282694,0.28966938497906447
34,18,0.17167841456830502,32,5.376280763535443,0.8177278925891134,0.22700915999590937,0.2631135847155781
34,19,0.12688989378511906,32,5.692920578250938,0.9243598065428991,0.26652596470034606,0.27225693375831983
34,20,0.2034593615680933,32,5.314043837402688,1.1162228588557284,0.35004648239853764,0.33997788344912494
34,21,0.1348755694925785,32,5.466738131839292,1.0757249396742496,0.31990882545239374,0.32518799214815275
34,22,0.19750663824379444,32,5.381307617870645,0.8853777237344218,0.33800848032739383,0.324395763502202
34,23,0.09501143917441368,32,5.568056176248845,1.0429798017842735,0.2889166022327927,0.29795869302421757
34,24,0.10215526446700096,32,5.6070898148126105,1.014482367192798,0.29098841671532616,0.3150849396249136
34,25,0.05893695913255215,32,5.511855592230632,1.2035212821803496,0.3025752409009873,0.3235291769622708
34,26,0.09529362246394157,32,5.441730663221425,1.0221783070203578,0.31021580554846134,0.33349516452813915
34,27,0.09853247553110123,32,5.48399953716456,1.0138844295661391,0.3146871997101548,0.34518666067596143
34,28,0.10332666523754597,32,5.8687231778745845,0.9159987293311884,0.2952719244385822,0.3281784528361145
34,29,0.07462784461677074,32,5.994585279321793,0.884893944869706,0.2620700992499768,0.28958524741587544
34,30,0.1376347318291664,32,5.623307531563224,0.867485435927418,0.2547461032245142,0.334567330243396
34,31,0.04825172759592533,32,6.183163033577737,0.9228009216780944,0.27452497821507754,0.3334935389132858
35,0,0.23781219497323036,32,5.796752810788573,0.7522003791112057,0.09773175517832114,0.19100113602734134
35,1,0.05199548229575157,32,6.039356264247418,0.8710507876614741,0.2802187738427091,0.331088242823115
35,2,0.06075201742351055,32,5.367373952265992,1.1488557239359434,0.4297815042267398,0.44557462203964693
35,3,0.0841902382671833,32,6.323407530031359,0.706948289315898,0.22936183031640842,0.3099868217964329
35,4,0.08623244799673557,32,6.166286937207923,0.8623012993430503,0.2708217731670351,0.3146778394246726
35,5,0.13487659022212029,32,5.808317089425449,0.961230985262743,0.30806863830838527,0.38192369306650586
35,6,0.06946984492242336,32,5.922500167139757,1.0110215727666363,0.2829451085307626,0.3480995779514083
35,7,0.17863194830715656,32,5.587553353614146,0.8241187707508963,0.24731498069402424,0.3401468750079215
35,8,0.16801562905311584,32,5.767404319208577,0.9330181006003322,0.3361267869782579,0.36509537890756727
35,9,0.25551035441458225,32,5.912838600501848,0.7830708711586363,0.3502189411875348,0.34560851964703204
35,10,0.2548064235597849,32,5.229555325755821,1.1689028276319604,0.36435580985337124,0.4543296414332193
35,11,0.23653565905988216,32,5.755628622622429,0.9038868312119774,0.3247054605303905,0.38945705448231666
35,12,0.08313089236617088,32,6.169030190269083,0.66059042134638,0.28182137158990656,0.28541954172769496
35,13,0.522214014083147,32,5.239597393407814,0.8919347980723087,0.4101760108111573,0.32919956294142505
35,14,0.3736839946359396,32,4.793818138214368,1.2256176029363228,0.44243972160385475,0.39090386227856755
35,15,0.2534439079463482,32,5.284538937411046,1.1042472877651788,0.3971931333410365,0.34172932911638715
35,16,0.2739332336932421,32,5.041797738648177,1.2803530371239455,0.40333205273180667,0.3482398596871995
35,17,0.29854635149240494,32,5.32863630105856,1.0449095938760644,0.34616570025357196,0.28379047715656847
35,18,0.2360681463032961,32,5.393305127466842,0.8977802595781963,0.35985383924110087,0.2594577466635924
35,19,0.11022753641009331,32,5.789463909040854,0.9882761366035675,0.3470813361593563,0.26800666253622574
35,20,0.24332059547305107,32,5.249551899961999,1.1095743744212339,0.4061402017115912,0.33997788344912494
35,21,0.1706447135657072,32,5.597924213961313,1.0827658827285012,0.3555593610157761,0.32036874619653133
35,22,0.21688096597790718,32,5.52986531477116,1.0183409428681278,0.37856158398875706,0.324395763502202
35,23,0.06696286424994469,32,5.764409653435775,1.123151552609512,0.3274464278363885,0.2895021147956077
35,24,0.08365891501307487,32,5.757096501237076,1.0568308098028378,0.327699812730597,0.2881556730204578
35,25,0.047464365139603615,32,5.674455211681968,1.2409928250333513,0.33132462271524543,0.3118328956547428
35,26,0.10205063410103321,32,5.657655273726476,0.9710892428307583,0.37416514798270173,0.3161663211241523
35,27,0.06297492608428001,32,5.811363423595563,1.069506516244707,0.37388377450894217,0.32796154795413524
35,28,0.09306879341602325,32,5.967813812366417,0.9408929667233297,0.3323079440694306,0.3105951064503597
35,29,0.05998699739575386,32,6.075536749026082,0.935716853204644,0.3154563182970975,0.2844473483485768
35,30,0.13554997742176056,32,5.8012986184019,0.8359953992403506,0.35304875107215705,0.3171989008036542
35,31,0.04027818329632282,32,6.2325753892588,0.9248186084594661,0.365688619844432,0.3193414887248457
36,0,0.2251868136227131,32,5.8559672765955915,0.7488395707368367,0.1914419528557992,0.18441506538162475
36,1,0.04056769423186779,32,6.064193518091851,0.8677638443946174,0.3930573856488157,0.331088242823115
36,2,0.03957615606486797,32,5.987555888324172,1.0618728084168918,0.4864652880726128,0.44557462203964693
36,3,0.02831609547138214,32,6.4292554758550615,0.7402405839559236,0.3661324153506614,0.2938695802842839
36,4,0.05948103778064251,32,6.068393000996808,0.9346051479589779,0.3378300723782581,0.31272982941041483
36,5,0.18618988618254662,32,5.7233259614169265,0.9989853663770356,0.37738052457657345,0.36506219573049825
36,6,0.12367419898509979,32,6.08882265410323,0.9352522543150092,0.3417074692161125,0.32628045097863545
36,7,0.1301180012524128,32,5.9584512736233535,0.8470508853851131,0.36516993535643,0.3401468750079215
36,8,0.2719590365886688,32,5.780929056160767,1.069172596124126,0.40207210564915274,0.36509537890756727
36,9,0.26789600029587746,32,5.915964523736264,0.9077522251609604,0.4001505334181491,0.3609505441885496
36,10,0.31199164129793644,32,5.5085063407017145,1.0578581357733476,0.5025515821233988,0.4543296414332193
36,11,0.22158447094261646,32,5.789180596581696,0.9433702480983417,0.4180361178790506,0.38945705448231666
36,12,0.08392026089131832,32,6.2005893547822915,0.5942039396925374,0.33065793692042555,0.28541954172769496
36,13,0.5162242520600557,32,5.13799151994224,0.8774217965077487,0.32877340114737275,0.3368426588512102
36,14,0.4424040727317333,32,4.835089444575146,1.1248610608317966,0.3304173496480072,0.39770751931249354
36,15,0.3219136130064726,32,5.199397606013552,0.9929569334299666,0.3177979558393701,0.35834109289783084
36,16,0.24509867280721664,32,5.021299023739212,1.0930066082911312,0.3043450377529117,0.354873543019871
36,17,0.22253214940428734,32,5.325054894219722,0.9418141836154135,0.23882518942967573,0.28966938497906447
36,18,0.20324257388710976,32,5.17357697630694,0.96234876693247,0.2384903716708919,0.2631135847155781
36,19,0.12516590394079685,32,5.630901467338997,0.9914418884907406,0.2750888395713381,0.27225693375831983
36,20,0.24700285121798515,32,5.3453757279918115,0.928241456388653,0.3198520349477745,0.346360111400819
36,21,0.16028648428618908,32,5.5701419788825985,0.9788765697418169,0.3456068138463304,0.32518799214815275
36,22,0.19757078029215336,32,5.600886345760094,0.9241821068431735,0.2952599607896746,0.33476073417816227
36,23,0.10057514533400536,32,5.935731828391394,0.9600387216844668,0.3082868303234587,0.29795869302421757
36,24,0.1157931312918663,32,5.809470406761852,0.9565150356365741,0.3102205987159756,0.3093441147229616
36,25,0.0470819566398859,32,5.843976793723304,1.039171970885775,0.337469767908543,0.3235291769622708
36,26,0.08935657143592834,32,5.7759781691638805,0.9395361049552866,0.35001921942170805,0.33349516452813915
36,27,0.068985341116786,32,5.850815137123778,0.9824328767830242,0.3358038663200098,0.34518666067596143
36,28,0.11813249997794628,32,6.264900250030329,0.7428906383692038,0.37466765167089955,0.3184101224369077
36,29,0.06428012810647488,32,6.087876559171642,0.8879832454622667,0.32586560337794623,0.2884965648002541
36,30,0.13208790682256222,32,5.952959369912631,0.7662670041640158,0.3726490571413782,0.327928178984833
36,31,0.04759351164102554,32,6.3061102584046065,0.8749786637573465,0.35786235676402217,0.3193414887248457
37,0,0.22619244828820229,32,5.837947345525478,0.7638422155884674,0.1385117401439709,0.18441506538162475
37,1,0.052553584799170494,32,6.038588934425759,0.8827281229624511,0.2980555457792191,0.33626409838226
37,2,0.03179817087948322,32,5.442550485535071,1.138736497828205,0.45251583810141927,0.4534290543591569
37,3,0.033202389255166054,32,6.301811858663847,0.8267382918482218,0.2850857763219802,0.32174709496816944
37,4,0.08416669815778732,32,6.173443699077916,0.8792467287691217,0.3062007971003009,0.3191655240085274
37,5,0.1865034606307745,32,5.466671965325857,1.1400407018130219,0.41218678006268333,0.376671312125557
37,6,0.13585475832223892,32,6.017976169355474,0.9285327461745965,0.32055721289412054,0.33454616782350927
37,7,0.13219141587615013,32,5.80993229541861,0.8594424639225551,0.32619239447905857,0.3441167381041871
37,8,0.2843464259058237,32,5.549092338015694,1.0266183378631144,0.3238176459984132,0.38359105697511897
37,9,0.30602785386145115,32,5.609904476984546,1.0190224930822902,0.2826318320987157,0.37640127128024675
37,10,0.33369765989482403,32,4.974483346467013,1.0623266409551757,0.4383924699613402,0.4609377131290602
37,11,0.23664521239697933,32,5.771841363660741,0.9089794096253687,0.33598968917724814,0.41341017119939183
37,12,0.0930772889405489,32,6.3137732392604935,0.5893775247277437,0.27002663313652425,0.29201982526119297
37,13,0.49988242983818054,32,5.045265974862476,0.8831905983924049,0.26438548944119244,0.3368426588512102
37,14,0.4221370592713356,32,4.893907156841149,1.0334386811423046,0.33336493254206,0.39770751931249354
37,15,0.31137434020638466,32,5.260386820852856,0.912410395059446,0.3248080710777369,0.34172932911638715
37,16,0.23410430178046227,32,5.200611764489189,0.9746001594321143,0.3279368657554683,0.3482398596871995
37,17,0.1524104569107294,32,5.608227920927545,0.8196821913980319,0.2387890661769115,0.28379047715656847
37,18,0.1853092573583126,32,5.244250382586836,0.9423956020009054,0.26609319640384077,0.2594577466635924
37,19,0.11423220485448837,32,5.550890596285455,0.9397202200236014,0.264715902120944,0.27225693375831983
37,20,0.21988582611083984,32,5.086481272093253,0.9849246698365377,0.3112770108898186,0.346360111400819
37,21,0.13911577686667442,32,5.403800034372793,1.0637971831201556,0.29472412254393776,0.32518799214815275
37,22,0.17478161677718163,32,5.379257584514713,0.9810787273840855,0.2824044087328984,0.324395763502202
37,23,0.07662973739206791,32,5.694462177498937,1.0793907079093836,0.2358596119216056,0.29795869302421757
37,24,0.1137169674038887,32,5.5230187554150465,1.1068645704881597,0.2800114148207311,0.3006045077156509
37,25,0.07068911008536816,32,5.31087944902151,1.2887306828218588,0.3243299294027727,0.3235291769622708
37,26,0.11683926917612553,32,5.461560143376349,1.0279593244012784,0.2889520174040553,0.33349516452813915
37,27,0.10970183834433556,32,5.568787278402627,1.068773283415493,0.30014146260001984,0.33851988125906274
37,28,0.10953871719539165,32,5.90773601028646,0.871371067900168,0.31006082844234045,0.3184101224369077
37,29,0.05109403096139431,32,6.040997862775976,0.8798162300020094,0.2899219944843659,0.2884965648002541
37,30,0.13841697946190834,32,5.659123601030281,0.85173247515299,0.29037230712252826,0.3318042503086241
37,31,0.03796038776636124,32,6.281407538727946,0.8494039552785164,0.2933553805738972,0.3193414887248457
38,0,0.2326345480978489,32,5.861810247846595,0.7031397995714048,0.1921961153606049,0.17675631156999036
38,1,0.038419850170612335,32,6.16889553522101,0.8396814392461751,0.33833429211056487,0.331088242823115
38,2,0.06692932918667793,32,5.252227165786916,1.147945161298237,0.47800982431215766,0.4512068371245949
38,3,0.06234538555145264,32,6.309040311155142,0.7300543419394874,0.31146463333105956,0.29787469519460386
38,4,0.07444608397781849,32,6.17956433719141,0.8420327430769614,0.301682582518443,0.31272982941041483
38,5,0.10628949105739594,32,5.711515763961259,1.013902873889748,0.39713856244753054,0.376671312125557
38,6,0.12553583271801472,32,6.0052152318213725,0.9908847984881071,0.3082850675934392,0.32628045097863545
38,7,0.11220446974039078,32,5.877911787673994,0.7949770112633416,0.3200594941008835,0.3401468750079215
38,8,0.25703943707048893,32,5.758136373906749,0.9740824556974932,0.3285496863573554,0.36509537890756727
38,9,0.292001448571682,32,5.827269172695249,0.9168146585110755,0.2583222171754578,0.3609505441885496
38,10,0.31632510386407375,32,5.10328016728395,1.2225186403792865,0.3454837298660473,0.4543296414332193
38,11,0.23749770037829876,32,5.7905386773665075,0.9208554198603007,0.253952326256676,0.38945705448231666
38,12,0.06588671915233135,32,6.253407000407826,0.64349478299585,0.2390187720575719,0.2821035306080317
38,13,0.4522642381489277,32,5.224877899878273,0.9210347356625466,0.30263997740481924,0.3325761442734793
38,14,0.387939989566803,32,4.6739554102973795,1.1375541821513,0.5159582957628768,0.39090386227856755
38,15,0.21702092327177525,32,5.3035961671895056,1.131053856980893,0.4572512911646235,0.33265223081519946
38,16,0.2052590176463127,32,5.24760110931833,1.1739193770739398,0.44912892513017844,0.33661070763434564
38,17,0.24571587890386581,32,5.5891273166145155,1.0308945037753254,0.35918512048212664,0.2586070773703325
38,18,0.20236226730048656,32,5.603335038656489,0.9033163629079457,0.35493981473679426,0.26038513727372786
38,19,0.06676364876329899,32,6.011125189409652,0.9002330817539743,0.4089222707385256,0.2707762359224402
38,20,0.19828472658991814,32,5.68205148380088,0.9886302263531732,0.45349930347005774,0.34366425444684356
38,21,0.1280367150902748,32,5.606670989071044,1.1175825367361796,0.3946861252591696,0.3247280714040151
38,22,0.10586673207581043,32,5.6597258517303555,1.069086440036144,0.39541130399084384,0.324395763502202
38,23,0.04943429119884968,32,5.881661850980967,1.0764810684440347,0.3503536785120044,0.29795869302421757
38,24,0.04813149571418762,32,5.910553744701357,1.0500867522048738,0.3938527619070426,0.3006045077156509
38,25,0.02415422722697258,32,5.710589339929617,1.2019859225367773,0.42926784934455675,0.3205994241129467
38,26,0.0842237789183855,32,5.520859513701806,1.0178390659325665,0.420829717384625,0.3161663211241523
38,27,0.051807159557938576,32,5.988417232164602,0.9512131764705174,0.40882427841801566,0.3252455330150823
38,28,0.0789138711988926,32,5.969853570923487,0.9643846183679887,0.40340711360805337,0.30728656462336257
38,29,0.043784236535429955,32,5.834465033850744,1.0514865911572961,0.40314720665089937,0.28664033010866063
38,30,0.13084082305431366,32,5.890481518502568,0.8654715908848205,0.41357063013384743,0.3035436143367247
38,31,0.0371389240026474,32,6.189350266058844,0.9165062955888343,0.40671882442236507,0.30259013277447366
39,0,0.24381336569786072,32,5.662953025742716,1.028862719415807,0.4052560941095417,0.18441506538162475
39,1,0.04201536066830158,32,6.211277396312735,0.7813756618199763,0.3848053786782769,0.33626409838226
39,2,0.03350280970335007,32,5.899738837535391,0.980567010797091,0.5693915101792912,0.4512068371245949
39,3,0.03345333971083164,32,6.284227368054637,0.8064204771317538,0.45037750492623774,0.3110641236991435
39,4,0.08319762907922268,32,5.848631891686498,0.8515401488259915,0.4753510915835404,0.31272982941041483
39,5,0.11332456395030022,32,5.842108057868564,0.8070480365023629,0.482956424989401,0.3826329055175224
39,6,0.09480572305619717,32,6.070679167132958,0.7409110485631905,0.5329463123255103,0.32628045097863545
39,7,0.10649866797029972,32,5.80978147743545,0.7238636324095262,0.510397815036403,0.3401468750079215
39,8,0.26311673782765865,32,5.5056344792868135,0.9647271104402675,0.5908498121669084,0.36509537890756727
39,9,0.12536697462201118,32,5.943316423114187,0.800718640426008,0.5985469677031214,0.3609505441885496
39,10,0.18914967961609364,32,5.502129964582098,0.8395935405314763,0.6477481707137133,0.4543296414332193
39,11,0.14169780910015106,32,5.320865797568611,0.7738597837575396,0.5888107517054423,0.38945705448231666
39,12,0.05276155471801758,32,5.7233694568673705,0.5483880278989091,0.4321448453753944,0.2821035306080317
39,13,0.18259166926145554,32,5.014668129510184,0.7138977856688307,0.655240770352763,0.3325761442734793
39,14,0.1173454076051712,32,4.6653176986717755,0.787302218261547,0.6555579311906469,0.39770751931249354
39,15,0.0797748938202858,32,4.788763651823951,1.0292728853498723,0.5879017187880794,0.33265223081519946
39,16,0.10468219220638275,32,4.798886422073602,1.0386671147509396,0.584301965328567,0.33661070763434564
39,17,0.06838359497487545,32,4.867948868665268,0.9806954177177438,0.5926864570988901,0.2586070773703325
39,18,0.04263254068791866,32,5.824258812168553,0.6945895351285554,0.5677641761153778,0.26038513727372786
39,19,0.039298877120018005,32,6.048764324184338,0.5639110694223515,0.4688487797017652,0.2707762359224402
39,20,0.045920561999082565,32,5.679213397754488,0.7810456527357861,0.5887419376782785,0.34366425444684356
39,21,0.018784085288643837,32,5.865203695875689,0.8306775533404078,0.5206286395281251,0.33757706560098344
39,22,0.04440798982977867,32,5.721026261542998,0.8404025854158457,0.5513741093649104,0.3276435096514335
39,23,0.020255254581570625,32,5.8907109229616825,0.810726086561143,0.4670996235611102,0.29918722884094073
39,24,0.031301895156502724,32,5.822663674082769,0.8077377429280226,0.4685168036463089,0.3006045077156509
39,25,0.01948489435017109,32,5.727407595665895,1.031906670716829,0.46875105648144133,0.3278272760590091
39,26,0.021809501573443413,32,5.483442779862973,0.7437519988031758,0.5256655562598275,0.3317028731474841
39,27,0.029581110924482346,32,5.778192047705975,0.8591706149033733,0.5027503113623732,0.3252455330150823
39,28,0.02912287414073944,32,5.88621101104085,0.888601372149143,0.516722072717805,0.3211843862558855
39,29,0.022336091846227646,32,5.888040244423209,0.8682537410615412,0.38994029378445716,0.2917782291759593
39,30,0.08450265787541866,32,5.752803588741741,0.7926417125084662,0.5013783167145149,0.3318042503086241
39,31,0.026148388162255287,32,5.887126301103301,0.9039988658571394,0.4150513140438403,0.3193414887248457
40,0,0.18424312584102154,32,5.791759732195717,0.8226886700543785,0.3925821088295059,0.18441506538162475
40,1,0.03898665867745876,32,5.907754754864456,0.9753824335907719,0.35271035210842394,0.33626409838226
40,2,0.022592222318053246,32,5.3480395648474985,1.0980664745644448,0.4654843728406407,0.4512068371245949
40,3,0.020559728145599365,32,6.253920646619208,0.7955388919497661,0.2923032003437228,0.3110641236991435
40,4,0.057987090200185776,32,5.797285770638837,0.7643547904619208,0.31210256976333944,0.31272982941041483
40,5,0.06839210353791714,32,5.439874047675348,1.0041118102592144,0.38996729476648406,0.3826329055175224
40,6,0.074165940284729,32,5.742076643265216,0.7825395436757621,0.3712379486373072,0.32628045097863545
40,7,0.05240707844495773,32,5.434023019851566,0.6856746294816363,0.4062600158713335,0.3401468750079215
40,8,0.10590069741010666,32,5.405729597002431,0.7873051157123534,0.4465218614590554,0.36509537890756727
40,9,0.0856739729642868,32,5.423201853493223,0.8119170293783693,0.4004748069619674,0.3609505441885496
40,10,0.09559856541454792,32,4.887744186184296,0.8986784016450517,0.48286645825238617,0.4543296414332193
40,11,0.09284402057528496,32,4.819410737928179,0.7343009997502872,0.35107665890840295,0.38945705448231666
40,12,0.053749414160847664,32,5.349206487332995,0.45558563894235515,0.3087058652354442,0.2821035306080317
40,13,0.1615622416138649,32,4.540120425367284,0.8033280888452037,0.4503231565643556,0.3325761442734793
40,14,0.1930686142295599,32,4.327528168473901,0.9916551000472307,0.3857644012581929,0.4120540477722113
40,15,0.07612878829240799,32,4.82087531708248,1.089108249863635,0.3819387238810561,0.33265223081519946
40,16,0.1348711233586073,32,4.53179061804422,1.149060274420333,0.31803304525034154,0.33661070763434564
40,17,0.09008318185806274,32,4.4778410064870915,1.0946621397251164,0.2708502495865707,0.2586070773703325
40,18,0.04763982445001602,32,5.565960248292427,0.7588862618640873,0.30774317445020083,0.26038513727372786
40,19,0.0325910821557045,32,5.794681412207441,0.6926584131605145,0.2813582325703031,0.2707762359224402
40,20,0.07100982218980789,32,5.544077202602419,0.8575975050726576,0.3266146001197877,0.34366425444684356
40,21,0.025297222658991814,32,5.637968723013124,0.9134836715621937,0.30450995567703676,0.33757706560098344
40,22,0.049752265214920044,32,5.266988013079838,0.8796342090278424,0.33201439887843026,0.3276435096514335
40,23,0.027945926412940025,32,5.64563900389885,0.8338916220342538,0.3202437966387568,0.29918722884094073
40,24,0.054959487169981,32,5.350207431845695,0.8841852287846104,0.31012214745763234,0.3006045077156509
40,25,0.027761176228523254,32,5.285361076586456,1.1283076176831033,0.37524300458338306,0.3278272760590091
40,26,0.026437992230057716,32,5.030360787789826,0.8653496317850582,0.33113045298116933,0.3317028731474841
40,27,0.06587515771389008,32,5.044727438231034,1.0418492742568501,0.3728763119666698,0.3252455330150823
40,28,0.03629133105278015,32,5.837369547210359,0.7832007720173602,0.35134477839140577,0.3211843862558855
40,29,0.025756219401955605,32,5.700520479349459,0.9093163041954586,0.34654060523619473,0.2917782291759593
40,30,0.09581251069903374,32,5.190548374045695,0.8714968749948362,0.3633078767403221,0.3318042503086241
40,31,0.04142032936215401,32,5.729857525362581,0.9618957781678095,0.3694702655729766,0.3193414887248457
41,0,0.2618603836745024,32,5.683125099629866,1.0496400210689822,0.37578710109923974,0.18441506538162475
41,1,0.04296153597533703,32,6.1972296811788645,0.8083835311926029,0.2575521885851797,0.3372996616819065
41,2,0.022397244349122047,32,5.9951247725620505,0.8512613694377391,0.3598407721378897,0.4547380553359812
41,3,0.035970086231827736,32,6.518845280617656,0.6689154954625307,0.2706933739808982,0.3110641236991435
41,4,0.04525711573660374,32,6.147242622118264,0.7358953142850577,0.2996276424137889,0.3134298887485506
41,5,0.10581547766923904,32,5.967833126854611,0.8380460264297813,0.3324801888711672,0.38803281096829934
41,6,0.09692352451384068,32,5.952910467094494,0.7995776986931453,0.3478146647243791,0.32628045097863545
41,7,0.10574931092560291,32,5.676439233597586,0.7414938244461489,0.38100047011059773,0.34106393299435467
41,8,0.26759209856390953,32,5.697761952175902,0.893616629824665,0.3577861850611427,0.38359105697511897
41,9,0.25684246979653835,32,5.87726764113531,0.7911629807413085,0.3597658696993545,0.37640127128024675
41,10,0.2752442713826895,32,4.98385350279854,0.9204107269364243,0.4163936396172488,0.4609377131290602
41,11,0.20613937824964523,32,5.097502550753699,0.8457049646533026,0.36962164748831006,0.38945705448231666
41,12,0.13087189197540283,32,5.64483994243491,0.561301942231454,0.30557729061487193,0.29201982526119297
41,13,0.36401486210525036,32,4.233561421567852,0.845415295675374,0.45423216430014,0.3325761442734793
41,14,0.2603988088667393,32,4.521106894774356,0.997448042691591,0.5536775894914845,0.4120540477722113
41,15,0.17739562317728996,32,5.050705612404887,0.9846291884572693,0.44196464001579694,0.34926399459664315
41,16,0.23124627396464348,32,5.19982035126564,0.9625768948886773,0.382561161265365,0.3266775329236858
41,17,0.22264048270881176,32,5.246848484440905,0.8268299648862545,0.43906679527707115,0.25483771950812323
41,18,0.17476256377995014,32,5.862006141211934,0.6620815954198775,0.452551851821379,0.2650670858647772
41,19,0.15394934453070164,32,5.6900346901889005,0.7374638893120373,0.3781918887659081,0.2707762359224402
41,20,0.2412642352283001,32,5.30365995525713,0.8727889599503413,0.3515648915175829,0.3319483133074686
41,21,0.16273265704512596,32,5.70974951984746,0.7786070354208983,0.4149304694563719,0.3247280714040151
41,22,0.2107762135565281,32,5.518166202377748,0.775817812229965,0.365605711876194,0.32464646892695176
41,23,0.12271719798445702,32,5.769801234505231,0.7802241482633949,0.32705149045612614,0.29918722884094073
41,24,0.1362187024205923,32,5.387385464314637,0.9300845339540276,0.3055210979898205,0.30055528208647925
41,25,0.07463526912033558,32,5.630006869068098,1.0286698254876256,0.3444842574822115,0.3278272760590091
41,26,0.11667685955762863,32,5.39425257629804,0.8615759816379844,0.359102058667616,0.32225848992721473
41,27,0.09064635634422302,32,5.42773709116994,0.8757206111343745,0.31462230773516525,0.3252455330150823
41,28,0.07859161868691444,32,5.864824467882002,0.8238038911391516,0.3580918148474649,0.3211843862558855
41,29,0.053057750687003136,32,5.745692478571341,0.8721895960070558,0.31028713854947276,0.2917782291759593
41,30,0.1507885828614235,32,5.385700708980254,0.766432840176531,0.32389959217824205,0.3318042503086241
41,31,0.057704558596014977,32,5.908879419082654,0.9426670885673776,0.34927216999830213,0.3193414887248457
42,0,0.24468951113522053,32,5.981333150831459,0.6556175374583812,0.36650336287843555,0.18441506538162475
42,1,0.05427822470664978,32,6.125638515570206,0.9047814742910827,0.40079503481374834,0.33626409838226
42,2,0.05809871293604374,32,5.305865702698746,1.109968282149957,0.5109020498693573,0.4512068371245949
42,3,0.07626285217702389,32,6.264404778918786,0.6774214596324386,0.40199453267723584,0.3014834072054752
42,4,0.08099766448140144,32,6.163596254200639,0.7766956429098197,0.39504818025842536,0.3091516834318202
42,5,0.16105571575462818,32,5.770433826031111,1.0003521277369352,0.47511723003456624,0.3826329055175224
42,6,0.09721757099032402,32,6.1288715546542605,0.8041285795654449,0.4460847432010726,0.32628045097863545
42,7,0.15787223726511002,32,5.929236150227046,0.6400899486439062,0.4562236630639151,0.34106393299435467
42,8,0.32916109077632427,32,5.6956104828145895,0.9123479887006392,0.5549876311291944,0.36509537890756727
42,9,0.40414212830364704,32,5.838164129765024,0.8698431750869489,0.4803532817541606,0.3657240084444594
42,10,0.42480522207915783,32,4.884854159914175,1.1410699574252074,0.5880520886239546,0.4543296414332193
42,11,0.366951372474432,32,5.491927586101903,0.8349221141833345,0.5043182743709986,0.36987576596660515
42,12,0.19546916894614697,32,5.99624129648945,0.5254044210601165,0.3854280979039433,0.29201982526119297
42,13,0.5137337725609541,32,4.608747879499219,0.7521967635360953,0.5491331564168485,0.3325761442734793
42,14,0.4216507263481617,32,4.448378949097881,1.138681848472455,0.4602254141001545,0.4120540477722113
42,15,0.26954944245517254,32,4.8915113855065435,0.9919144572443521,0.4394427906205317,0.34926399459664315
42,16,0.1792954970151186,32,5.095353573620919,0.9317768803879245,0.39757082176046,0.3266775329236858
42,17,0.16605360060930252,32,5.311054967356792,0.7925085936962031,0.292931358561175,0.25483771950812323
42,18,0.11608405411243439,32,5.639672034836476,0.670177388631906,0.281621130495177,0.2662427070309903
42,19,0.1029916163533926,32,5.758801160209503,0.7566905130811818,0.30176380818428983,0.27505767335793624
42,20,0.13905225694179535,32,5.792171335691727,0.7681352364986029,0.3802274486208026,0.3319483133074686
42,21,0.08342484198510647,32,5.79347384714346,0.8099546343788369,0.3098029024268211,0.3247280714040151
42,22,0.11834410764276981,32,5.810092335280558,0.6745261825539419,0.29809769784485174,0.32464646892695176
42,23,0.060748763382434845,32,5.9504982411675105,0.7213542221037956,0.2668985608117402,0.29918722884094073
42,24,0.11158197745680809,32,5.59004307534174,0.8817615237460128,0.3335727778173778,0.29825475735257334
42,25,0.035802051424980164,32,5.7962166989231285,0.9915082165136795,0.3110884420073305,0.3278272760590091
42,26,0.0901336669921875,32,5.442562593448585,0.7854828609490925,0.3310481469178871,0.32225848992721473
42,27,0.0925921481102705,32,5.396409967177917,0.8597648257273436,0.37870614709123684,0.31465475372266005
42,28,0.07599451206624508,32,6.136560049035882,0.6651095064838586,0.34715285152656794,0.3211843862558855
42,29,0.06009394861757755,32,5.728799613150121,0.8411596319308865,0.3203337498136447,0.3001045665169193
42,30,0.1499858144670725,32,5.462008734708286,0.6817195912296432,0.3685835946178614,0.3172296708616666
42,31,0.05834256298840046,32,6.201853379109066,0.7970757482774964,0.3288917742375404,0.32870180980003855
43,0,0.22735176235437393,32,5.802727081001684,0.7058970774534998,0.13424291749422307,0.18985487477888485
43,1,0.04544451832771301,32,6.107100807868532,0.8886839765670507,0.3333817251866019,0.33626409838226
43,2,0.050257496535778046,32,5.420703059901458,1.1223663155874783,0.4425258105618789,0.4547380553359812
43,3,0.042300840839743614,32,6.363551158424309,0.6717742382693004,0.27409861479837716,0.3014834072054752
43,4,0.05114114284515381,32,6.18516576326129,0.7850185158474865,0.2508987856621472,0.3091516834318202
43,5,0.10048690252006054,32,5.7979689086122175,0.9615372423697526,0.32943500700746964,0.3827804300273504
43,6,0.05146628990769386,32,6.087088604311457,0.8542354020778795,0.275448790207726,0.32628045097863545
43,7,0.09763260744512081,32,5.735615648808922,0.7168742516365638,0.2868596279275607,0.345095505762522
43,8,0.2584323529154062,32,5.650503876872607,0.8193006713608195,0.3317229610631025,0.36509537890756727
43,9,0.28404578752815723,32,5.951744150576481,0.7439458047227374,0.32668833684962895,0.3657240084444594
43,10,0.19838925451040268,32,5.374845494757162,0.9035068792727792,0.40705173361681785,0.4609377131290602
43,11,0.2685280404984951,32,5.816433352093991,0.7203152816368199,0.39578549675970065,0.36987576596660515
43,12,0.09141891822218895,32,6.181231914116541,0.5653679639892211,0.28968966689322784,0.30361562575555046
43,13,0.4551070686429739,32,5.181279543850243,0.7214795623742258,0.3130459936845227,0.3368426588512102
43,14,0.38164334557950497,32,4.928543422011394,1.0936573377902645,0.3848971287500678,0.4120540477722113
43,15,0.20510510355234146,32,5.476962838986063,1.0241955016545168,0.36887713998092997,0.35727881048985466
43,16,0.13341393508017063,32,5.366723778721681,1.055739660164834,0.3900222128928501,0.3266775329236858
43,17,0.18765403516590595,32,5.351530051521977,0.976805433886514,0.31487567162891983,0.25483771950812323
43,18,0.1067325659096241,32,5.852985041994383,0.7619828071329735,0.30385104011127095,0.2662427070309903
43,19,0.061402881518006325,32,5.708747411791272,0.9357673708388541,0.3546515537326184,0.27505767335793624
43,20,0.15548906475305557,32,5.858351742280362,0.8615049547100568,0.38100808035543027,0.3319483133074686
43,21,0.06162128038704395,32,5.740880653681032,1.0153874155014062,0.3379985309817861,0.3148558639396074
43,22,0.09501451440155506,32,5.891466447979424,0.7979559171199071,0.34087365028849664,0.3076881184101625
43,23,0.058166662231087685,32,6.165853938370224,0.7908538814558224,0.30932259907478615,0.2895021147956077
43,24,0.07501093298196793,32,6.0169693149902,0.8117063148826853,0.3626004571330267,0.29825475735257334
43,25,0.035391196608543396,32,5.905179640146564,0.9838700759275074,0.35314463473276253,0.3205994241129467
43,26,0.061463652178645134,32,5.698084676692023,0.6824875147904592,0.3767256901873357,0.32221733689557364
43,27,0.05621456354856491,32,5.740285936743486,0.8005236262992952,0.3820297725837123,0.31465475372266005
43,28,0.06506243348121643,32,6.013147501719825,0.7932385573961547,0.32650640281182697,0.3211843862558855
43,29,0.04846290126442909,32,5.929638912351678,0.8620346494045306,0.3299566278594732,0.3001045665169193
43,30,0.14818873442709446,32,5.70015598166399,0.703707185095162,0.3536188517322372,0.3172296708616666
43,31,0.05549050122499466,32,5.9774629240646595,0.9396283806782142,0.32396118756588854,0.3185116119196577
44,0,0.19983560033142567,32,5.916936442156408,0.783505990131089,0.27470693367886323,0.18985487477888485
44,1,0.03311696648597717,32,5.965788673228369,0.9680212463523521,0.39997512860009266,0.33626409838226
44,2,0.057029860094189644,32,5.382996951709943,1.1803742959964723,0.5149221552885856,0.4547380553359812
44,3,0.02310265228152275,32,6.364771358832469,0.8081401862762707,0.4265314931593941,0.2886944883328515
44,4,0.05708177760243416,32,6.023701750539567,0.8381105539319735,0.43972818329056207,0.303941689809372
44,5,0.1791226901113987,32,5.555412179351715,0.9977478676801601,0.41046123140346336,0.36577140818151477
44,6,0.1256395261734724,32,5.930805404548544,0.8990060762938059,0.4469977380208756,0.3228666242102427
44,7,0.1123313158750534,32,5.63912554965115,0.8161473928986158,0.5276446779079397,0.3362997863700643
44,8,0.26884505338966846,32,5.657217217131182,0.9047579101543217,0.6040670979171163,0.3612305274004643
44,9,0.2721751816570759,32,5.818623516547099,0.8746670749705165,0.5487927866441586,0.3549924054434447
44,10,0.2857006285339594,32,4.859277803932738,1.0565006917990694,0.5919613063526408,0.44669953635946147
44,11,0.19309655018150806,32,5.531466172537014,0.8097665618238938,0.4945282688021021,0.36987576596660515
44,12,0.08442559093236923,32,5.937531833569017,0.5501893126915673,0.4456928966135191,0.2956718138947284
44,13,0.31060690991580486,32,4.918422200188805,0.8921019179929424,0.5133435856991665,0.3325761442734793
44,14,0.2501256614923477,32,4.819523908429867,1.0200214197253752,0.529212988687585,0.39126304361982966
44,15,0.15433493815362453,32,5.419929946862855,1.0725452682793222,0.45911626494355706,0.35074801853979165
44,16,0.1526330914348364,32,5.606029766558612,1.0075486797492683,0.40477307911750837,0.3266775329236858
44,17,0.1758440863341093,32,5.778516264110073,0.8841121256583655,0.323475618145437,0.25483771950812323
44,18,0.09968326054513454,32,6.242632589868753,0.6945346693626071,0.31501923279482413,0.2738571634495089
44,19,0.05830683186650276,32,6.263453597690228,0.7147446985499508,0.3443930613333429,0.2782235360708206
44,20,0.10626290366053581,32,6.176285189234317,0.806742676541262,0.36046477248979364,0.34366425444684356
44,21,0.0695198941975832,32,6.024592863087468,0.9998203545639051,0.3643564276434713,0.3247280714040151
44,22,0.10457094386219978,32,6.0934464321825415,0.7803204398110273,0.34899745993127146,0.32464646892695176
44,23,0.06690808944404125,32,6.161430046173436,0.8526893573508065,0.28965535355211386,0.29918722884094073
44,24,0.07429143413901329,32,6.025280709174101,0.8518523673053551,0.32587103897216046,0.30782162272372643
44,25,0.03658854030072689,32,6.049026020781909,0.9809047480540274,0.34835833408116934,0.3278272760590091
44,26,0.05221323482692242,32,6.017392899846703,0.793918209668977,0.36289507772689145,0.3310892999495282
44,27,0.05032734200358391,32,5.980568239937548,0.8854866972221656,0.38072775721672014,0.3252455330150823
44,28,0.0598140899091959,32,6.211793737630121,0.832755653567121,0.3463467677828193,0.32940717344062875
44,29,0.03855430148541927,32,6.244920212887402,0.7933249801341118,0.32428611425892073,0.31287172842328514
44,30,0.09789351932704449,32,6.180029057893336,0.678753252805512,0.39079441090111716,0.33847417162519955
44,31,0.03563086874783039,32,6.0821250406035325,0.9447657718881413,0.35103638318729413,0.32642648090171444
45,0,0.19680642895400524,32,5.90137960739345,0.7719418495488277,0.21269281545996827,0.19181903410820206
45,1,0.045243483036756516,32,6.287722249073958,0.766563214549147,0.31328488778406727,0.33626409838226
45,2,0.02872026339173317,32,5.717149790510533,1.053186439744823,0.4205170334592335,0.45591861626412955
45,3,0.021675584837794304,32,6.4369617146492715,0.7710399626687927,0.2662852056336986,0.2886944883328515
45,4,0.04067504405975342,32,6.28684952598706,0.7546533142081504,0.2579751077893857,0.303941689809372
45,5,0.10646270588040352,32,6.156827083132498,0.8327549335236313,0.34703437590088776,0.36577140818151477
45,6,0.07296212390065193,32,6.3284924989568,0.7725693030172494,0.3703190103332326,0.3239710396625133
45,7,0.0787593238055706,32,6.097312502217219,0.694085603904524,0.3373317204878389,0.345095505762522
45,8,0.2335386797785759,32,6.141225556747245,0.7738161360584046,0.34945032473921506,0.36165103656824565
45,9,0.19573354348540306,32,6.048269492383846,0.7939534510036195,0.3092062130222825,0.3657240084444594
45,10,0.21854642033576965,32,5.793721767991079,0.9264369670561559,0.43144069562717713,0.44669953635946147
45,11,0.15377984382212162,32,6.105835670284243,0.7186216379981563,0.3925054579626157,0.38295769060230045
45,12,0.08047311380505562,32,6.400253469222308,0.5450737875016092,0.3257254113745093,0.30361562575555046
45,13,0.40595840103924274,32,5.566739377159726,0.8534332389833326,0.40046810659446014,0.35805189289960904
45,14,0.2896399963647127,32,5.4951058236958605,1.0244575269571392,0.4080198631148456,0.39126304361982966
45,15,0.1716711614280939,32,5.6883443411836705,1.0572079490949147,0.33277511718580066,0.35074801853979165
45,16,0.19483040273189545,32,5.700266289004438,0.9844462689439499,0.3402019749069848,0.3266775329236858
45,17,0.19703451357781887,32,5.961537295825262,0.8334784072814045,0.29277686985286944,0.25483771950812323
45,18,0.11144371889531612,32,6.148672327953358,0.6924382410465526,0.23521657433498333,0.2738571634495089
45,19,0.06654675491154194,32,6.28259544681219,0.6576165800502505,0.28851057118738566,0.2782235360708206
45,20,0.13368859887123108,32,6.0674565101367595,0.8041783465095582,0.3220789099353561,0.34366425444684356
45,21,0.11342738382518291,32,5.985045875358515,0.9754969122158892,0.33149748860974426,0.3247280714040151
45,22,0.1405057441443205,32,6.050539251608478,0.7691237222560536,0.3500663356913256,0.32464646892695176
45,23,0.09123356081545353,32,6.130536223049493,0.8260350781352859,0.3034269942571492,0.2898714904552683
45,24,0.07777583412826061,32,5.932597303296404,0.8814992466251041,0.3577831782799207,0.30782162272372643
45,25,0.04101813584566116,32,5.927133809464548,1.0743926901075858,0.353044390252481,0.3278272760590091
45,26,0.06346982903778553,32,6.048169544450145,0.7855017181060084,0.35671953309890736,0.3310892999495282
45,27,0.06634501367807388,32,6.023734195185607,0.8885634465826708,0.36592971473207014,0.3252455330150823
45,28,0.06717021204531193,32,6.2567132926926385,0.8070268574644706,0.3523092106234735,0.32940717344062875
45,29,0.04778307490050793,32,6.273482578170979,0.7214342957600097,0.3172153274659455,0.31287172842328514
45,30,0.10798585042357445,32,6.0979834881087775,0.7129447611216593,0.37822188768962367,0.33847417162519955
45,31,0.04319601505994797,32,6.265029079824217,0.8693283171445003,0.37630237741878175,0.32642648090171444
46,0,0.2118648048490286,32,5.761223092247514,0.792026974932659,0.20874835944983122,0.19181903410820206
46,1,0.04900014027953148,32,6.230836772276588,0.8259919730879002,0.34877751176915417,0.33482244534893696
46,2,0.03167840652167797,32,5.5583561175655,1.181253871589166,0.4704800633289842,0.4475208243316491
46,3,0.038937563076615334,32,6.367151537323489,0.7198839250985252,0.3251910263070224,0.28108066141166027
46,4,0.05507616326212883,32,6.183166309236584,0.8808521527655637,0.3497697240597656,0.300655112466116
46,5,0.16432995349168777,32,6.05936912161092,0.9746400033432829,0.419101645543529,0.36577140818151477
46,6,0.09415195882320404,32,6.338383945231346,0.7836494977811244,0.36240245147677297,0.3311323410551165
46,7,0.12188445962965488,32,5.922232090296452,0.6930958631812949,0.39444036719549824,0.33721289519296394
46,8,0.22714332304894924,32,5.797505037733817,0.9036669670564841,0.5201200004135293,0.35361825490017884
46,9,0.30240186490118504,32,6.081990604845194,0.7519434978389281,0.4175092962741014,0.3549924054434447
46,10,0.277884166687727,32,5.667503176836044,0.9749425342133939,0.4606230244765236,0.43491658279425865
46,11,0.2245051134377718,32,6.055883997843866,0.7860296617641191,0.31882706512148123,0.381317671203758
46,12,0.09054960124194622,32,6.343261846150703,0.5779205027574505,0.22362192147900492,0.30361562575555046
46,13,0.37047385424375534,32,5.728176091610123,0.7938977217495733,0.3168115277258837,0.3661081138611858
46,14,0.271577974781394,32,5.420070745059588,1.1518138640194948,0.43018441494575976,0.39126304361982966
46,15,0.19293933548033237,32,5.796444853862048,1.0095698717032944,0.37169072872326,0.3508261285833653
46,16,0.18331732414662838,32,5.681295486029461,1.174886960836906,0.3650537305237431,0.33406942033122655
46,17,0.16477165929973125,32,5.992718463116887,0.9328296825655151,0.30612715874286744,0.2818135597197201
46,18,0.10297183319926262,32,6.1592508322051875,0.7474433128525675,0.3026011137337476,0.2738571634495089
46,19,0.04741416871547699,32,6.2708667780782354,0.7639713226052232,0.3007401400478497,0.2849344018788444
46,20,0.10033223405480385,32,6.034920197681442,0.9181074766378465,0.40964412202115985,0.34366425444684356
46,21,0.061656441539525986,32,6.060868538865707,1.0088645257585576,0.37691708407769936,0.33052240298269037
46,22,0.08808806538581848,32,6.147207495131859,0.8098502065779893,0.3665490018979271,0.335011439602912
46,23,0.042610423639416695,32,6.231928352329344,0.8523630222329945,0.30785963169809183,0.296757310807786
46,24,0.04560983180999756,32,6.082220743964674,0.9212959304698369,0.3559919151095896,0.310171373086804
46,25,0.025324484333395958,32,6.093439174242136,0.992298094544716,0.34845556815447254,0.3343971953118942
46,26,0.03952477499842644,32,6.1428741330529615,0.7945426330751948,0.3501671768555328,0.3405748362014387
46,27,0.03344050049781799,32,6.098055264560791,0.8970976349491355,0.37660222596681103,0.35086679052604
46,28,0.04071137309074402,32,6.111379126490846,0.968040340945242,0.3640315513734661,0.33932735592612495
46,29,0.02505379728972912,32,6.097102793373952,0.932072678519356,0.32408718634480366,0.3163358228815215
46,30,0.06199571117758751,32,6.292439886857245,0.7256284173440477,0.37631388221146184,0.35333380140219717
46,31,0.028681548312306404,32,6.344418362550852,0.8700282291431023,0.3496574990215985,0.33908197211792124
47,0,0.20542524568736553,32,5.860644666871604,0.7557260311569305,0.17318671856331647,0.19296529535665857
47,1,0.03639901243150234,32,6.196372113964997,0.8043809991075781,0.35527505723701835,0.334823378219925
47,2,0.03032909333705902,32,6.267795476014706,0.836653080132499,0.4533970160355706,0.45900010547103
47,3,0.028815243393182755,32,6.51074473913909,0.7299402016913188,0.345907061436624,0.2886944883328515
47,4,0.035838937386870384,32,6.249846536544533,0.8267887443624762,0.32640928894786914,0.303941689809372
47,5,0.11212345212697983,32,6.166267214469837,0.8849525963841991,0.37146226221489587,0.38367390967152876
47,6,0.07961487583816051,32,6.264480963845715,0.8610794723607613,0.369703134490544,0.3447610669702458
47,7,0.0854229535907507,32,6.253512131373181,0.6684002873355901,0.3813364736646542,0.35125082792213447
47,8,0.25691353902220726,32,6.132480456995024,0.8416990609435206,0.48300030892924245,0.35361825490017884
47,9,0.26012415811419487,32,6.00169748793755,0.8207491472220223,0.41550889311270245,0.3549924054434447
47,10,0.2581053636968136,32,5.725151116988322,0.9738734380721379,0.476454324702324,0.43491658279425865
47,11,0.20496449247002602,32,6.140984383057298,0.7435450419312017,0.3775429632880858,0.36987576596660515
47,12,0.10754951648414135,32,6.4959865740313205,0.5771305435438467,0.29504765860832927,0.2956718138947284
47,13,0.5397427566349506,32,5.175579991194338,0.8753657965578787,0.3477058640665957,0.3623053707350793
47,14,0.3643187265843153,32,5.097643661784444,1.108707912694526,0.3735056786113792,0.402390774548156
47,15,0.2814620789140463,32,5.595016445674219,1.0152835364104433,0.3251879670419925,0.37028393435209495
47,16,0.23215092904865742,32,5.580179324117564,1.1538079232680296,0.3417381513353345,0.35262785271536395
47,17,0.20995730720460415,32,5.886645881721526,0.9193586922636516,0.2876218215163915,0.29285411420702223
47,18,0.1380547247827053,32,5.876694635084178,0.8314540209049088,0.2770874602058427,0.29211112211446233
47,19,0.0898502767086029,32,6.056789628823067,0.8850809344602997,0.2871552061095438,0.2946253556176177
47,20,0.16509142145514488,32,5.592687570701612,1.058294129117633,0.3714907231410811,0.35080568695806025
47,21,0.12391603738069534,32,5.632020892696707,1.1591033923353162,0.4126627698629085,0.3347480097957652
47,22,0.1646670363843441,32,5.768129840807241,0.8745651819586708,0.3735498994475182,0.33944106530794527
47,23,0.10308364778757095,32,5.867360287352684,1.033463913986024,0.35839497209743093,0.3056433129776205
47,24,0.11325381509959698,32,5.6460156594115425,1.0222913631705417,0.3715355944481369,0.318045818844068
47,25,0.05605425499379635,32,5.844491078731594,1.0884448124068085,0.36962338415283835,0.3409770126953773
47,26,0.07284635491669178,32,5.887777364470516,0.914457902039671,0.36969234237632376,0.3500931981386204
47,27,0.05433943681418896,32,5.88826684317392,0.9835575897077238,0.3673847348815509,0.36940301334937
47,28,0.08181690983474255,32,6.0253970148361615,0.9318008343143358,0.39788653269596685,0.3467498096546936
47,29,0.04450263828039169,32,6.235071819123061,0.8375686424470459,0.3227134882960203,0.3187745386397951
47,30,0.1145281195640564,32,5.994050847976846,0.8525167047133024,0.3933312380341026,0.35846336423627967
47,31,0.04735267534852028,32,6.194575590031443,0.939452610471383,0.36879779463428997,0.3494648345099503
48,0,0.2111598178744316,32,5.831721288734322,0.7566660663314275,0.12625125030637968,0.19181903410820206
48,1,0.04196072928607464,32,6.162712898312384,0.8723279845999556,0.31935947050761215,0.3372996616819065
48,2,0.02772424928843975,32,5.883077053899332,1.0104157554359903,0.42936150765590114,0.45944069443810565
48,3,0.03514462523162365,32,6.407527330778047,0.7601964661812444,0.32889649385971564,0.3018839168373912
48,4,0.03765302523970604,32,6.255438056140012,0.8615988233466432,0.3073646503623477,0.3091516834318202
48,5,0.12325899675488472,32,6.057662023382385,1.001454245375836,0.3991232312088169,0.38367390967152876
48,6,0.08786690793931484,32,6.143831236167221,0.9369271176583815,0.38618314520360686,0.35510855810057607
48,7,0.10083940252661705,32,6.100291086278839,0.8245923108677697,0.36027510521387524,0.37308520273351387
48,8,0.2607291527092457,32,5.886074452638067,0.9990333581103901,0.4043753042729358,0.3799291453551477
48,9,0.29706113785505295,32,6.07886945293906,0.8307593095854857,0.4006346024358005,0.3799582015587518
48,10,0.2574304789304733,32,5.546968476939652,1.0741047008468012,0.4585920947822638,0.4495077472189319
48,11,0.21419548988342285,32,6.112498665876154,0.8401096841899323,0.3835001912224246,0.373836423866493
48,12,0.08694428764283657,32,6.4184991977946275,0.578446489692003,0.2576077118058742,0.2983508097522791
48,13,0.46959611773490906,32,5.104421492678707,0.9490494314479969,0.3582877588857992,0.37177160219469074
48,14,0.2748481687158346,32,4.686555320291548,1.2661420008638364,0.4943869252444816,0.402390774548156
48,15,0.17488997615873814,32,5.270227208248732,1.0309895356792413,0.44271926334065637,0.37028393435209495
48,16,0.17333221063017845,32,5.4924629108345995,1.1154859540637734,0.3518962145895542,0.3533959409295388
48,17,0.18643878772854805,32,5.907134799338186,0.8904379684517938,0.26161079069961574,0.29285411420702223
48,18,0.0798356793820858,32,5.8704843139234075,0.7530341455051861,0.25589706005052837,0.29211112211446233
48,19,0.06204441003501415,32,5.915196315674593,0.8643246459514939,0.2562301053725627,0.2946253556176177
48,20,0.11016453430056572,32,5.505734823646691,1.0300396216388021,0.318567628011299,0.3560148320036883
48,21,0.09261737391352654,32,5.555066090050965,1.1746553729530005,0.27460442106882527,0.34180267241405826
48,22,0.11392689123749733,32,5.658447781204525,0.8812442454103673,0.2637642586428198,0.34493555510988405
48,23,0.06517308577895164,32,5.869415224437145,0.9694256818243385,0.23331054691426867,0.3080732310107753
48,24,0.05429624207317829,32,5.83191832416464,0.9859115323526817,0.2665604316596509,0.3267854258513787
48,25,0.031659480184316635,32,5.746564070513157,1.1340900915330963,0.2753659196362436,0.34642129578169045
48,26,0.057337893173098564,32,5.566308975760791,1.0046035545733982,0.2704071610115748,0.35344335497722007
48,27,0.04160700924694538,32,5.94635959480667,0.9213379896647078,0.25657141168243364,0.37013052342411035
48,28,0.06132274866104126,32,5.920232189431994,0.8877580985762634,0.27429371957944626,0.34924881495898685
48,29,0.03294641897082329,32,6.114971432641855,0.8345517922333618,0.25428249345084436,0.3215236190548325
48,30,0.08966538310050964,32,5.784258074402079,0.8417065551134684,0.2544416199288046,0.3659457356790917
48,31,0.038824163377285004,32,6.150029183891995,0.938090784299284,0.2785294670798275,0.3503469411044463
49,0,0.20633978955447674,32,5.741917409213823,0.7690496936675348,0.16955685024631675,0.19181903410820206
49,1,0.04193996079266071,32,6.139832005330773,0.8801187586663648,0.35283291226794355,0.3372996616819065
49,2,0.02771630696952343,32,5.555692967173461,1.0848846590412178,0.45668669114463084,0.45944069443810565
49,3,0.064327547326684,32,6.358348030354149,0.653991873556266,0.2943523301331288,0.31832782981904095
49,4,0.05126236192882061,32,6.11976134185198,0.8803126712036313,0.31374647718884646,0.3097336100628436
49,5,0.11454681493341923,32,5.962144971120805,1.0157598408601292,0.3652822221522538,0.3935529286070073
49,6,0.08933996595442295,32,6.095751542182476,0.9213224587024627,0.31415641898172697,0.36605279298365845
49,7,0.1126391589641571,32,5.824148094656137,0.7986936085423233,0.32388086323300125,0.37308520273351387
49,8,0.249916423112154,32,5.620840864514548,1.0197769009383038,0.35550777905946995,0.40322370496104426
49,9,0.2751688063144684,32,5.894814502397197,0.8192383523888829,0.34057512887971675,0.40031267019005823
49,10,0.27502249740064144,32,5.302932187310935,0.9861645218112942,0.4587256749609664,0.4596075596293937
49,11,0.2839635815471411,32,5.822383994187094,0.8999099463046845,0.37857435240612575,0.3805215772552552
49,12,0.10174592398107052,32,6.252339318358091,0.6170979895077684,0.2464780715657649,0.2983508097522791
49,13,0.463486734777689,32,4.929985412359391,0.9873963489822275,0.28085641299214814,0.37706254960429253
49,14,0.3249508738517761,32,4.730766463953612,1.2273658941801813,0.4052076508793885,0.4191021390303027
49,15,0.1967712566256523,32,5.517140402159704,1.0764095850680766,0.4003766002839637,0.37681472630215807
49,16,0.2240924946963787,32,5.236587714170312,1.332934170901531,0.40306440848573755,0.3584749725566487
49,17,0.18870176561176777,32,5.835329693261794,0.9789826295865875,0.32296481421756906,0.29285411420702223
49,18,0.14880011230707169,32,5.875226706347419,0.8132574504831762,0.33065958412388763,0.29211112211446233
49,19,0.09511502832174301,32,5.968991890527414,0.9620299731833883,0.31616759698108554,0.2946253556176177
49,20,0.15787833742797375,32,5.518157649548153,1.1172167644804851,0.390522048490384,0.3560148320036883
49,21,0.12962456047534943,32,5.650110184271206,1.1403191749953372,0.37160616241230604,0.34180267241405826
49,22,0.15452279709279537,32,5.613243089844456,0.9424731602434084,0.3919102888201776,0.34493555510988405
49,23,0.05719363875687122,32,5.9240808982764115,1.0286098702449555,0.3293469202251075,0.3080732310107753
49,24,0.07567335478961468,32,5.778996707720404,1.0672590836990548,0.3505612063251484,0.3267854258513787
49,25,0.03791135922074318,32,5.798574008030475,1.158799242447742,0.372489312982506,0.34642129578169045
49,26,0.053458698093891144,32,5.657279392375083,1.043377862252985,0.38433871362083727,0.35344335497722007
49,27,0.05381367728114128,32,5.761701313757764,1.080564044577133,0.3871524394857066,0.37013052342411035
49,28,0.055525878444314,32,5.934437526325278,0.976752084596396,0.3641604119055767,0.34924881495898685
49,29,0.03264891169965267,32,6.111449624832191,0.9143461280965912,0.3372830076998515,0.3215236190548325
49,30,0.08063594810664654,32,5.869947992108715,0.8461020784960143,0.4191585286336464,0.3659457356790917
49,31,0.0299412552267313,32,6.09888498166982,1.0324958986185289,0.3603242024669202,0.3503469411044463
50,0,0.20707635581493378,32,5.897839884700831,0.7708333034369641,0.20893495779506957,0.19181903410820206
50,1,0.03958434797823429,32,6.0819058600953415,0.947110678228654,0.36578419580940474,0.3435559019398595
50,2,0.03415155969560146,32,5.712336751519872,1.0940694343985875,0.45553090717361755,0.4610855319926358
50,3,0.03770934045314789,32,6.511974886899521,0.7098198720044664,0.3320261336995782,0.31832782981904095
50,4,0.043437227606773376,32,6.084592785570052,0.9751029968552372,0.3247105738041275,0.31292452347609295
50,5,0.12209507077932358,32,5.934497083887955,1.0333873367328206,0.3252676752968411,0.3935529286070073
50,6,0.0981278046965599,32,6.203725036867903,0.8815003884486465,0.3818713119999838,0.36605279298365845
50,7,0.08656242303550243,32,5.89152737436979,0.9334103921544452,0.4561064286971257,0.37308520273351387
50,8,0.23571324348449707,32,5.779922546262828,1.1424196699029636,0.531592322981806,0.40322370496104426
50,9,0.26555810682475567,32,5.706691187997009,1.0440262423481377,0.5703304463257253,0.40031267019005823
50,10,0.2522896770387888,32,5.331070104952065,1.1758703620180082,0.61559142065072,0.459674349718745
50,11,0.19787836447358131,32,5.705821120970887,0.9511180732444098,0.5775199847610657,0.38103727181427516
50,12,0.0710212904959917,32,6.246077568866605,0.6453125126582648,0.4175003491784849,0.2983508097522791
50,13,0.4362161085009575,32,4.994631793946578,0.9407413637524487,0.4851328532571068,0.37706254960429253
50,14,0.3047962710261345,32,4.866373065599632,1.235330283921189,0.41669286232701214,0.4191021390303027
50,15,0.23367655649781227,32,5.403518510748464,1.1292622105235584,0.32077941422663564,0.38956592861104633
50,16,0.23499480821192265,32,5.171991668419432,1.3290555746025605,0.26701064085553944,0.37380744589455406
50,17,0.21060060895979404,32,5.827486991773213,0.8992291263554897,0.21523103822445042,0.29952925865202124
50,18,0.16438769362866879,32,5.700956105469656,0.8760406777430108,0.18453856622072295,0.30322607692250925
50,19,0.08948814310133457,32,5.896138218405115,0.92882069940545,0.2174137432652763,0.30125197411606974
50,20,0.155870346352458,32,5.399832477214118,1.0533496093204153,0.2563465160580643,0.36597774781543735
50,21,0.14128227718174458,32,5.512985099280802,1.1872829932098528,0.28906825026163563,0.35058308743105326
50,22,0.18311539106070995,32,5.264236525690949,0.9739272369831165,0.23762376593727988,0.34953189781129856
50,23,0.07083866186439991,32,5.64063704126894,1.1576258710066032,0.22891184670652404,0.3088047146991224
50,24,0.08404252305626869,32,5.338995196336947,1.207832021500832,0.2657915212953864,0.3306362952739874
50,25,0.034708334133028984,32,5.556373849046789,1.2479489017371304,0.2865431907289438,0.34840695111782094
50,26,0.07180125266313553,32,5.523217471543015,1.101415186517003,0.2821337221436209,0.3579107958832617
50,27,0.07664378918707371,32,5.403823185823484,1.1475274032113925,0.30256289913616363,0.373380043237806
50,28,0.05584941804409027,32,6.004960692114008,0.897510505906757,0.27643430006577047,0.3518269945074396
50,29,0.03702657297253609,32,6.190756111816509,0.8461676632109976,0.29359784332872946,0.32340033732041196
50,30,0.10820426978170872,32,5.638677965845746,0.9390339890831543,0.29269848351545236,0.3706163258796198
50,31,0.035055531188845634,32,6.104252548216115,1.0137762147314104,0.28815585014515005,0.3544493699756581
51,0,0.21658730134367943,32,5.796689905229984,0.7896449329361879,0.18314773056169187,0.20047223740521808
51,1,0.0371621809899807,32,6.110477110844555,0.923028468083646,0.33145185754240597,0.35074393193878906
51,2,0.04493701830506325,32,5.390322857188245,1.2684396870163486,0.42983215394275753,0.45610879915912417
51,3,0.055050430819392204,32,6.385786966881873,0.7483903293335006,0.2734798872862253,0.31832782981904095
51,4,0.04163023829460144,32,6.17278878623938,0.888595979749236,0.28178854037829726,0.31292452347609295
51,5,0.1261063851416111,32,5.88064241612677,1.059834971119547,0.348503200707047,0.38367390967152876
51,6,0.08166540786623955,32,6.120996336320023,0.9033945944008037,0.3149706378368904,0.36605279298365845
51,7,0.12242074497044086,32,5.890192626325765,0.8273046682641372,0.4040642234398292,0.37308520273351387
51,8,0.2606880310922861,32,5.812226683318699,0.9350818426348368,0.49843232113337416,0.40322370496104426
51,9,0.28420400992035866,32,5.88246595928902,0.7827357457301378,0.5661041739928276,0.40031267019005823
51,10,0.2822647523134947,32,5.522305312835142,1.0350740543628145,0.5503002708369565,0.459674349718745
51,11,0.22321689873933792,32,5.898315273984221,0.8448120410367945,0.5512751864397885,0.38103727181427516
51,12,0.11173388175666332,32,6.092044356306983,0.6519813204976685,0.44918103877372073,0.3003124746116006
51,13,0.5290489234030247,32,4.897963898500014,0.9337233713054429,0.5214536324481476,0.37937793274012965
51,14,0.33251428604125977,32,4.813960013048479,1.2530340068173382,0.48731452346287196,0.423438638636386
51,15,0.25692957267165184,32,5.2688452403807915,1.0712383290828953,0.32862794798657274,0.38956592861104633
51,16,0.215960580855608,32,5.142772213111987,1.3532587275798278,0.3226296535379627,0.37380744589455406
51,17,0.16738801822066307,32,5.881365586052594,0.9148700204079887,0.2051354103185563,0.29952925865202124
51,18,0.14730772376060486,32,5.821496381180423,0.833013679091068,0.22457109974728262,0.30322607692250925
51,19,0.07287425361573696,32,6.027100793669284,0.9153600502433488,0.26771402636526864,0.30125197411606974
51,20,0.17558034509420395,32,5.636467732625538,1.101487219460819,0.3379235742447415,0.36597774781543735
51,21,0.11944246478378773,32,5.551163375253818,1.140371109257103,0.3063742927419192,0.35058308743105326
51,22,0.15255077928304672,32,5.768232996087575,0.9528083675259493,0.3423000343675563,0.34953189781129856
51,23,0.08448563702404499,32,5.66738678698033,1.1795149541397025,0.2852623105994161,0.3088047146991224
51,24,0.08626352436840534,32,5.73145621768193,1.1260405873276262,0.3180367433192264,0.3306362952739874
51,25,0.03096042387187481,32,5.862911971765387,1.142355067294865,0.3240879675800217,0.34840695111782094
51,26,0.06225879304111004,32,5.820344012165686,0.9267742995242374,0.3286521632795155,0.3579107958832617
51,27,0.06157791614532471,32,5.821427572143348,1.0421908860046525,0.343230275241868,0.373380043237806
51,28,0.07351050525903702,32,5.9421479056483655,0.9964360079144541,0.3111160663201626,0.3518269945074396
51,29,0.03868678957223892,32,6.106291309132079,0.9456232718807573,0.29708059856606644,0.32340033732041196
51,30,0.12968854419887066,32,5.865622281940238,0.8164148059861773,0.33695538049212326,0.3706163258796198
51,31,0.04006624221801758,32,6.180184593002829,0.9898252481370369,0.3139539420754458,0.3544493699756581
52,0,0.18403353728353977,32,5.864995328129178,0.7523489787987909,0.2090819536602201,0.20047223740521808
52,1,0.03832225687801838,32,6.164354789930677,0.8853886796349038,0.24663205079477424,0.35074393193878906
52,2,0.057409314438700676,32,5.539709867287221,1.1890353370424256,0.3984686792797969,0.45610879915912417
52,3,0.04021427221596241,32,6.361980002449355,0.7911140202196858,0.19799282370391835,0.31832782981904095
52,4,0.03460278734564781,32,6.1968924913231,0.9258957064742468,0.22125022773193131,0.31292452347609295
52,5,0.10087129287421703,32,5.867443131960372,1.1060545074329768,0.29269703565902544,0.38367390967152876
52,6,0.07506430894136429,32,5.9395299330586955,0.9983736591416061,0.26156654630932274,0.36605279298365845
52,7,0.08921636454761028,32,5.894948829166217,0.8765180271767541,0.22585840646142463,0.3811684718876259
52,8,0.21273470111191273,32,5.821664128437927,1.0436625714254788,0.3032816182713566,0.42544858286599563
52,9,0.25904613733291626,32,5.931469521337729,0.8811866372103561,0.3001575998508068,0.400554704698884
52,10,0.27231857366859913,32,5.459859876805695,1.1375014800560708,0.2953783497556765,0.4685386745894238
52,11,0.20292307622730732,32,6.046102562097504,0.8432155328541482,0.25710191984024894,0.38800282459252017
52,12,0.06954226642847061,32,6.267750742849663,0.6237586109347077,0.21528738246687948,0.30714157792515806
52,13,0.5367811229079962,32,4.933692573461633,0.9576969485397191,0.2813308955944251,0.37937793274012965
52,14,0.3137833420187235,32,4.79474040060912,1.2480794164288298,0.31470763019177017,0.423438638636386
52,15,0.2815880551934242,32,5.03671967626155,1.1783824065418376,0.2788426564423886,0.37681472630215807
52,16,0.21448657661676407,32,5.306152339802696,1.2094164396026477,0.300225579141427,0.3584749725566487
52,17,0.2054301630705595,32,5.763738086243903,0.9098797257218472,0.25316977573275246,0.29285411420702223
52,18,0.1309956256300211,32,5.660146384870865,0.9193097411569067,0.23248191907865914,0.29211112211446233
52,19,0.06805521622300148,32,6.046930958941855,0.8657917559830226,0.270147290154603,0.2946253556176177
52,20,0.13454525545239449,32,5.734901214299331,0.9876051248010906,0.31346768732164465,0.3560148320036883
52,21,0.10353618487715721,32,5.6013069178458,1.090821157043596,0.32991840467849076,0.34180267241405826
52,22,0.18650271371006966,32,5.633905842181326,0.9427358773658776,0.2674439401720582,0.34564874714941385
52,23,0.12398777529597282,32,5.528471532957452,1.1915466913106965,0.2724869333726627,0.3080732310107753
52,24,0.09641571901738644,32,5.702102133571131,1.072990787302194,0.26423107817304975,0.3297219083947691
52,25,0.04677535593509674,32,5.7140114101486486,1.165085297285561,0.2716919011270856,0.34840695111782094
52,26,0.06297632865607738,32,5.836036203342417,0.912958514739854,0.2628217827530739,0.35344335497722007
52,27,0.05260592699050903,32,5.683955469556098,1.135026951207644,0.28510447412794965,0.37013052342411035
52,28,0.08634806796908379,32,5.920963768879626,0.9848515691360298,0.28791932610994436,0.3518269945074396
52,29,0.04691394232213497,32,6.01050833247629,0.955620300612706,0.24721174812411262,0.32340033732041196
52,30,0.1410866267979145,32,5.830186549307069,0.9054905410932097,0.27750448075363565,0.3706163258796198
52,31,0.04106665588915348,32,6.1569150760851485,1.003197708992671,0.29761661696309605,0.3503469411044463
53,0,0.19077067263424397,32,5.908114007735206,0.7683581498591865,0.14521654366632566,0.2088416586224504
53,1,0.036447471007704735,32,6.32719685852878,0.7962791345532851,0.29668253349589846,0.3435559019398595
53,2,0.061401521787047386,32,5.334618987681981,1.188238678008906,0.42244414497603777,0.45446396160459407
53,3,0.04357564449310303,32,6.387642633514659,0.7935476167883078,0.26490425173371634,0.30290848173209417
53,4,0.05350407585501671,32,6.108801523927886,0.944218110512212,0.27409361973387414,0.3097336100628436
53,5,0.1402978952974081,32,5.850500614243705,1.0934070074170021,0.3946707626070084,0.38071477849068996
53,6,0.12213495373725891,32,6.199835632656276,0.9111367499381213,0.3126872558359813,0.36605279298365845
53,7,0.09450523741543293,32,5.991359205129122,0.7880815214153145,0.28529573796943836,0.3811684718876259
53,8,0.2601472530514002,32,5.934911209629798,0.9704604193503172,0.32371207462414997,0.42544858286599563
53,9,0.2926841415464878,32,5.989707754146363,0.9343934955695934,0.3371281320835522,0.400554704698884
53,10,0.2644478678703308,32,5.45960011734164,1.143737530415132,0.44380132773396375,0.459674349718745
53,11,0.18827494606375694,32,5.966527476911476,0.8880131374814209,0.3752461803887448,0.38103727181427516
53,12,0.08573159947991371,32,6.374544223076024,0.5727563771979955,0.24031678703730094,0.3003124746116006
53,13,0.46378274261951447,32,5.038166625368461,0.9212928673677041,0.3009577792536223,0.37937793274012965
53,14,0.3306624498218298,32,5.032719442801069,1.198421340382068,0.315917140929315,0.423438638636386
53,15,0.3276051841676235,32,5.188617954962737,1.0812220932709495,0.2623997517230686,0.37681472630215807
53,16,0.23284298740327358,32,5.34995915610607,1.1404467075941565,0.2712934344875612,0.3584749725566487
53,17,0.2106795534491539,32,5.700883843649685,0.9127038668012357,0.18834237904762863,0.29285411420702223
53,18,0.1320507675409317,32,5.768817802368986,0.8717771672362868,0.18973029229465832,0.29211112211446233
53,19,0.08424391224980354,32,5.971860509457581,0.8703751150201438,0.1969386015645891,0.2946253556176177
53,20,0.1434492152184248,32,5.560758458991565,1.037997276496057,0.24223009518149646,0.3560148320036883
53,21,0.15705949999392033,32,5.524179359171297,1.1088142926861817,0.21892240342736027,0.3347480097957652
53,22,0.21198104694485664,32,5.419783672666934,0.9909956627119794,0.22987277540200626,0.34564874714941385
53,23,0.13652199693024158,32,5.485336456549101,1.193715809200059,0.19516665942467287,0.3056433129776205
53,24,0.09803946502506733,32,5.600717399911845,1.0656576301300964,0.2280594668914979,0.3297219083947691
53,25,0.05497649125754833,32,5.469941768131527,1.2777807815057107,0.2537369986905979,0.34840695111782094
53,26,0.07003123499453068,32,5.739949849299501,0.9157155250466591,0.24704464625136324,0.35344335497722007
53,27,0.06142621859908104,32,5.614021215871323,1.0882242030377327,0.2797290059934023,0.37013052342411035
53,28,0.07263256795704365,32,5.887026269504942,0.9382350107564346,0.27919468494591604,0.34924881495898685
53,29,0.04756300523877144,32,6.164030605287986,0.7926998316598572,0.27121683045241674,0.3215236190548325
53,30,0.10284706763923168,32,5.73683070203943,0.8768642114941114,0.3003958660598126,0.3659457356790917
53,31,0.035206513479352,32,6.185358756387599,0.919559191309113,0.3153160595831939,0.3494648345099503
54,0,0.2069893330335617,32,5.8172120342263485,0.8284610611040781,0.1916763106887588,0.2088416586224504
54,1,0.03278619796037674,32,6.281428423473471,0.800415058876041,0.2537292357779315,0.3435559019398595
54,2,0.019879451021552086,32,5.722719010084758,1.0860065622664195,0.40453898160875723,0.45446396160459407
54,3,0.028567032888531685,32,6.350090961906915,0.8311273339121179,0.24195025683353114,0.30290848173209417
54,4,0.031379735097289085,32,6.347662499729568,0.769878700024405,0.24844335906844153,0.3097336100628436
54,5,0.09770562872290611,32,6.197635684960261,0.9589327019038985,0.34061055743846735,0.38071477849068996
54,6,0.07087225653231144,32,6.166666169697567,0.8914425988836747,0.24236301281059813,0.36605279298365845
54,7,0.10124215297400951,32,6.084790961843267,0.7424733362089002,0.22639223950730744,0.3811684718876259
54,8,0.1862190943211317,32,6.029636489923243,0.8529142482267584,0.27154000680127804,0.42544858286599563
54,9,0.21936272457242012,32,6.068948213658679,0.7762824229093805,0.3014816630079177,0.400554704698884
54,10,0.23964489996433258,32,5.747614900308866,0.9149937332595854,0.31832299635759337,0.459674349718745
54,11,0.20273653976619244,32,5.961989850474305,0.8706902440917048,0.315725014987876,0.38103727181427516
54,12,0.10523393377661705,32,6.391580705947279,0.5515894535068684,0.23042740808168177,0.3003124746116006
54,13,0.49326588958501816,32,5.216771303590848,0.9274011535211475,0.2849227865781202,0.37937793274012965
54,14,0.35017986223101616,32,5.050525073069052,1.027783810668641,0.32493586211468484,0.423438638636386
54,15,0.21766514144837856,32,5.470135659867173,0.9288729328398615,0.2818897487880816,0.37681472630215807
54,16,0.19130123779177666,32,5.574917716057905,0.997299746049503,0.28069710400478615,0.3584749725566487
54,17,0.20174640603363514,32,5.873086076166416,0.8249868595445466,0.20894061166691547,0.29285411420702223
54,18,0.15165926329791546,32,5.9519961850885945,0.7456703502802018,0.23122683258760168,0.29211112211446233
54,19,0.10292652435600758,32,6.021657388194885,0.7616149569368336,0.22897974300859347,0.2946253556176177
54,20,0.1758109387010336,32,5.64859886720124,0.9430421253325436,0.2596789141260152,0.3560148320036883
54,21,0.1555647049099207,32,5.546533941137987,1.0508729977752118,0.26122567580732636,0.3347480097957652
54,22,0.18228501081466675,32,5.5550218742806265,0.9386184522445209,0.22894281637556874,0.34564874714941385
54,23,0.10891473107039928,32,5.52907768170523,1.199535632607299,0.2111721277599738,0.3056433129776205
54,24,0.09691020846366882,32,5.48265026840394,1.1359599101615556,0.23290155996849948,0.3297219083947691
54,25,0.0587429404258728,32,5.498687536310286,1.2918605245901906,0.26292946044521304,0.34840695111782094
54,26,0.05289856344461441,32,5.8002997567186565,0.9325691364784072,0.22843318576072635,0.35344335497722007
54,27,0.054598256945610046,32,5.573571588738359,1.1470667285350649,0.24604581659611668,0.37013052342411035
54,28,0.06268859095871449,32,5.880198307524001,0.9559521617363602,0.23759219235638418,0.34924881495898685
54,29,0.04437939263880253,32,6.1173809323378405,0.8285665201565822,0.2233967929986406,0.3215236190548325
54,30,0.09089685045182705,32,5.816186213012735,0.8338821022626606,0.20654796065338826,0.3659457356790917
54,31,0.04380744323134422,32,6.285578430326147,0.8387195151127091,0.239560830300101,0.3494648345099503
55,0,0.2094345074146986,32,5.806319030228821,0.7651514136309086,0.1522376446603847,0.2088416586224504
55,1,0.04306313209235668,32,6.179125456924707,0.869578368142724,0.34131310175200713,0.34107961847787804
55,2,0.037340885028243065,32,5.387965864175385,1.1703434678199045,0.48444205651925387,0.44796141329872474
55,3,0.07055055163800716,32,6.207318976539209,0.7914404104834842,0.346394813104468,0.2933277652384258
55,4,0.08384949527680874,32,5.981649491770876,0.9673401331969904,0.35720636375901615,0.3097336100628436
55,5,0.19412758946418762,32,5.779674530202188,1.0333918136539442,0.4798011535941874,0.36837224218357484
55,6,0.18739898316562176,32,5.987099010643499,0.8040761098907119,0.5597200427333802,0.36605279298365845
55,7,0.1702170930802822,32,5.727985902296269,0.6762038312159886,0.5534941894131631,0.3811684718876259
55,8,0.19337709061801434,32,5.855555599909571,0.8216866280575461,0.607450793273939,0.42544858286599563
55,9,0.20948965474963188,32,5.646583420006996,0.9119512573090685,0.6631436689781959,0.400554704698884
55,10,0.25133562460541725,32,5.844249723397853,0.7642456700040849,0.6836851249759944,0.459674349718745
55,11,0.27051276341080666,32,5.289557050223467,0.857140550374158,0.6927089643484294,0.38103727181427516
55,12,0.19363593123853207,32,5.550731164852604,0.6295766051686051,0.58607295816523,0.3003124746116006
55,13,0.488530270755291,32,4.975525308313874,0.7716080135006989,0.8302084374990629,0.37937793274012965
55,14,0.2923484146595001,32,4.807494720846745,0.9965868027255675,0.835146927785915,0.4123563627209289
55,15,0.1479098778218031,32,5.634802874989568,1.020123746723483,0.6769947571627839,0.37028393435209495
55,16,0.14312065206468105,32,5.700929898161894,0.9186409402977063,0.5892720641246232,0.34681718296244435
55,17,0.1802737805992365,32,5.829362576456404,0.9354438683213528,0.47555343523436316,0.29019934568463046
55,18,0.10312006063759327,32,6.229777670709886,0.725210520187102,0.48075262585684564,0.2793542953505098
55,19,0.06410318426787853,32,6.176984870671559,0.7444583455532054,0.4632313897703595,0.28783288864846474
55,20,0.14545372501015663,32,5.515156380472049,1.194936220894963,0.536891773923603,0.3447442328811622
55,21,0.05573081411421299,32,5.5912633339744975,1.1245829624177404,0.5463821997035159,0.3307079466441175
55,22,0.15905287116765976,32,5.408263562510136,1.007973293076109,0.3993627173077558,0.3415868423280265
55,23,0.053982462733983994,32,5.705820163219871,1.113311743714907,0.3439114976779628,0.2965411739046315
55,24,0.06372694112360477,32,5.724628490920573,1.068594166765454,0.3456856926377739,0.3219538911456934
55,25,0.04222726449370384,32,5.553874500689175,1.262477581032745,0.3440330519414297,0.34642129578169045
55,26,0.0582500584423542,32,5.552390197779457,1.0056711394638027,0.3534776507203918,0.3406488149183511
55,27,0.045883698388934135,32,5.426495563636002,1.1093971759011838,0.3936474249369809,0.3666572248068105
55,28,0.067520996555686,32,5.773857061756669,1.0392847513773589,0.36263448479843935,0.3467498096546936
55,29,0.04419047757983208,32,5.999329102442696,0.9496962392370456,0.2978127447596895,0.3187745386397951
55,30,0.10778652131557465,32,5.637942469085366,1.025051369055399,0.3361394871538474,0.35846336423627967
55,31,0.03506132587790489,32,6.172736519200179,0.9122717352570522,0.2848465804969451,0.33908197211792124
56,0,0.2053996566683054,32,5.865106181556634,0.7502574235645945,0.10144420994826354,0.200212335069295
56,1,0.04051240161061287,32,6.174912784887691,0.8619338412661124,0.2638810805162689,0.3373474134693045
56,2,0.04080448858439922,32,5.369828471619666,1.153479229350566,0.4322673112079718,0.44796141329872474
56,3,0.06390299461781979,32,6.285914184197027,0.8074603468562831,0.23508732861892045,0.2933277652384258
56,4,0.04592895321547985,32,6.037909292009187,1.0179657163780353,0.31118782556777763,0.3097336100628436
56,5,0.10534851998090744,32,5.811415722454593,1.0548971707186174,0.4227304419083241,0.36837224218357484
56,6,0.0825381688773632,32,5.976855511664083,1.0707896713847633,0.5333469832490791,0.36605279298365845
56,7,0.12118319049477577,32,5.872134361308703,0.8320777537821842,0.5403879619514995,0.3811684718876259
56,8,0.2174950409680605,32,5.931863752704622,0.9944078942755663,0.5835767864423981,0.42544858286599563
56,9,0.2662116661667824,32,6.072950192789737,0.8289640900635931,0.6640199938077427,0.400554704698884
56,10,0.2357081789523363,32,5.357251310280214,1.164727429184099,0.7163480786115981,0.459674349718745
56,11,0.19176343642175198,32,5.872021301568662,0.9623898897717975,0.6831303556523675,0.38103727181427516
56,12,0.07216478884220123,32,6.2882009538548855,0.6263873950740626,0.5848328024556462,0.3003124746116006
56,13,0.4658390861004591,32,4.932210770887591,0.9167615598228593,0.8502452338994837,0.37937793274012965
56,14,0.3510712496936321,32,4.610080246328929,1.2410907765903367,0.808941468044373,0.4123563627209289
56,15,0.21760827861726284,32,5.332864183266883,1.0251783823301093,0.6672227793252112,0.37028393435209495
56,16,0.23256792314350605,32,5.13528291211281,1.254172696947232,0.6348630636521335,0.34681718296244435
56,17,0.25888318568468094,32,5.51909354935179,0.9978780200256381,0.5362128375711699,0.29019934568463046
56,18,0.1981854159384966,32,5.680743602684963,0.8575750875730526,0.5340343333662294,0.2793542953505098
56,19,0.10392711125314236,32,5.773672560208411,0.9944455931178329,0.48630214055017074,0.28783288864846474
56,20,0.2407730557024479,32,5.173036905394664,1.1394811502571045,0.5606517731583616,0.3447442328811622
56,21,0.13017201982438564,32,5.516154403776838,1.084864175795877,0.5280351699333965,0.3307079466441175
56,22,0.18129475601017475,32,5.60901898150432,0.9809874982649154,0.450937536743089,0.3415868423280265
56,23,0.07854521460831165,32,5.7139066339945295,1.1629040579604695,0.3695434551628083,0.2965411739046315
56,24,0.0972517654299736,32,5.652174575486301,1.09744061226076,0.4057601553660407,0.3219538911456934
56,25,0.041214609518647194,32,5.684176730470808,1.1717508754175494,0.4072871922113725,0.3442586547118206
56,26,0.07841250486671925,32,5.591923100343488,1.0816677373632135,0.4103573096619563,0.3406488149183511
56,27,0.04582182131707668,32,5.819857578517315,1.0934605906469699,0.434416026681101,0.3666572248068105
56,28,0.0688179861754179,32,5.93970499983932,0.9878136628661895,0.3990296680188534,0.3467498096546936
56,29,0.04384747892618179,32,6.104953210597165,0.9427423235276704,0.363944729215424,0.31375123300770913
56,30,0.08395490050315857,32,5.918163751250008,0.8366318082040571,0.4544042295782385,0.3452871161121802
56,31,0.03475783206522465,32,6.215689462276275,0.9281255294152331,0.39912981354509913,0.32642648090171444
57,0,0.19695072434842587,32,5.906086014890528,0.7568737427518695,0.18875542224232494,0.18741202062522533
57,1,0.03671368025243282,32,6.107906176978462,0.9583299004397112,0.40170791964053,0.33241679136450397
57,2,0.030988872051239014,32,5.958202796346063,1.0627889039516951,0.47655684551605665,0.43739656088492535
57,3,0.02602001093327999,32,6.377859774725169,0.8135466501256525,0.3296777237348379,0.28422547246575297
57,4,0.030945029109716415,32,6.0384697898964435,0.9961565215886976,0.3090106256436324,0.30927623796506265
57,5,0.10805673711001873,32,5.8512317475023465,1.0902827183025838,0.3718813480927815,0.36837224218357484
57,6,0.07341717556118965,32,6.051579927853432,0.9636601029100547,0.34752282731085615,0.36605279298365845
57,7,0.08364664390683174,32,6.159691688954189,0.7722424577411955,0.3510170922781298,0.3811684718876259
57,8,0.21809571608901024,32,5.862842572796787,0.9784904205645999,0.34987983819771523,0.4436878066010891
57,9,0.2670645024627447,32,5.68186323398329,0.9921653551462297,0.3469247476001677,0.4080717477742515
57,10,0.2585660517215729,32,5.051295816307995,1.0726870926875485,0.4880582779464536,0.459674349718745
57,11,0.1637383308261633,32,5.845643578893526,0.8921919493895025,0.37971826250997986,0.38800282459252017
57,12,0.07277232222259045,32,6.178441455638723,0.6448892437869205,0.24954722246635702,0.3003124746116006
57,13,0.4762680847197771,32,4.640059568699728,0.8950184401028416,0.3130639084537996,0.37937793274012965
57,14,0.32426003739237785,32,4.8872492788416775,1.0904115489188015,0.35837098685473046,0.423438638636386
57,15,0.3091541212052107,32,5.262220995809984,0.9613685964114937,0.3170284514841102,0.37028393435209495
57,16,0.2860771622508764,32,4.986721529358302,1.1181044800804365,0.3827148353104962,0.3584749725566487
57,17,0.2372225895524025,32,5.5556584662742825,0.8651740620987072,0.26819771300025735,0.29285411420702223
57,18,0.21924195066094398,32,5.477013414663366,0.908184694021072,0.26789226193176796,0.2793542953505098
57,19,0.1356048882007599,32,5.596429510584884,1.0388285120939136,0.31974916962176747,0.2946253556176177
57,20,0.2729831375181675,32,5.211061410850439,1.0216887419655762,0.3943910698663307,0.3560148320036883
57,21,0.1924123466014862,32,5.222504083708811,1.1688464824835467,0.38206355435427686,0.3347480097957652
57,22,0.25159795954823494,32,5.630457275062737,0.9319801978332194,0.3296954722558883,0.34564874714941385
57,23,0.14116373844444752,32,5.943897796176945,0.9730876428363651,0.29413382584171943,0.2965411739046315
57,24,0.13407052122056484,32,5.762607563539827,0.9878132182385428,0.3165588788148358,0.3297219083947691
57,25,0.07151535525918007,32,5.783272524205706,1.0898714092821473,0.33075139244877266,0.3442586547118206
57,26,0.10399878770112991,32,5.765159840451954,1.0147678717762414,0.3446658996665308,0.3518224137879623
57,27,0.09077630378305912,32,5.888615610512858,1.0203693040551247,0.34852059224078136,0.3666572248068105
57,28,0.1349315419793129,32,6.121710070000059,0.8739632139725826,0.36941315622965354,0.3467498096546936
57,29,0.0663772914558649,32,6.3154845128052735,0.8003931727639877,0.3261979030795559,0.31375123300770913
57,30,0.15310312248766422,32,5.9612019897473685,0.8403158819618302,0.365715244049394,0.3452871161121802
57,31,0.05395214259624481,32,6.18446236222311,0.9412432484983722,0.3348183196487091,0.32642648090171444
58,0,0.20542657189071178,32,5.871166006613222,0.786628613400226,0.14976440000263386,0.1859515764020084
58,1,0.03732037730515003,32,6.104292252221377,0.9377647377921106,0.28646568791994975,0.3373474134693045
58,2,0.036282194778323174,32,5.340712472882437,1.1260911427970308,0.4503893209773928,0.44796141329872474
58,3,0.04662466235458851,32,6.444295381628729,0.7220216290960835,0.26762910818028685,0.30977167822007556
58,4,0.07648160308599472,32,5.9894362715506455,0.9226359710955565,0.30438139551089,0.310099225605705
58,5,0.19130719266831875,32,5.4975039713230505,1.1036095919657019,0.42875285779520034,0.3716718051538387
58,6,0.16292468458414078,32,6.142180703785003,0.8549018662972827,0.3410994758825612,0.36605279298365845
58,7,0.10988106392323971,32,5.894419135439616,0.8726754296496306,0.37716959122092963,0.3708057894392647
58,8,0.2787156794220209,32,5.600341217151919,0.9981387093009877,0.4629257892816959,0.4436878066010891
58,9,0.22458412125706673,32,5.746777811714134,1.0318000432880599,0.45623192960323256,0.4080717477742515
58,10,0.2874801307916641,32,5.018719294029405,1.0825581784877292,0.5316691887804766,0.4685386745894238
58,11,0.20188602432608604,32,5.504774639783923,0.9048852900416922,0.48186927606287366,0.38800282459252017
58,12,0.058973122388124466,32,5.833592051499806,0.6137072173620295,0.43979668181872683,0.29236866275077855
58,13,0.1932621095329523,32,5.31963682565941,0.9055791574774412,0.6665149636323788,0.35299681147619744
58,14,0.19584211148321629,32,4.733367435244823,1.0934278375868702,0.6733166776376615,0.4123563627209289
58,15,0.1467057354748249,32,5.139150535155255,1.1224566787621315,0.5489997792432135,0.3508261285833653
58,16,0.19717150554060936,32,4.996876793824345,1.2505348587801972,0.4761091283050422,0.3584749725566487
58,17,0.1721237264573574,32,5.450244844367906,1.002653175037052,0.314279366393049,0.29019934568463046
58,18,0.12130383588373661,32,5.314270627678095,1.00281775917973,0.26078043516381655,0.27248986106880535
58,19,0.11197378113865852,32,5.531884932239279,1.0221080826032356,0.260102288818337,0.2946253556176177
58,20,0.19702934473752975,32,5.3160383307998345,1.0014741230295634,0.2660772781001533,0.36597774781543735
58,21,0.12607838213443756,32,5.2206362135132505,1.2019298371693257,0.31935464906228705,0.3347480097957652
58,22,0.19077634997665882,32,5.440384198996653,0.9682375964657819,0.254615254176445,0.3415868423280265
58,23,0.09692620299756527,32,5.671360448535555,1.0835804115774614,0.24798683215502293,0.2918945896969166
58,24,0.12154138460755348,32,5.71567321209896,1.0247175342047035,0.2608243567456284,0.3297219083947691
58,25,0.05011938512325287,32,5.465337117361084,1.2530274776564472,0.3098028190380972,0.3373922221951012
58,26,0.09026046469807625,32,5.398264153680666,1.1340807627137552,0.30280418655467156,0.3474165382610318
58,27,0.08773860149085522,32,5.664780628259646,1.0873302804436502,0.2938496833152493,0.3666572248068105
58,28,0.10559725947678089,32,5.738164480593131,1.0153658949089728,0.33037143149460335,0.3467498096546936
58,29,0.04725308157503605,32,5.994126825570658,0.9480315334671916,0.3146296297426424,0.3187745386397951
58,30,0.15886292047798634,32,5.529418392802267,0.8669240358285641,0.3513979462546548,0.3596670478908156
58,31,0.05241788737475872,32,6.09643288896627,0.9608889041528439,0.2939071382921563,0.32642648090171444
59,0,0.1958595458418131,32,5.894428330565736,0.7698988311482919,0.12718409656591234,0.17816722456250417
59,1,0.04348354414105415,32,6.086441477399124,0.9174311253857104,0.22107287734853823,0.33241679136450397
59,2,0.05579550191760063,32,5.136370679860201,1.1584569874530768,0.3936201710709655,0.44645756576963586
59,3,0.06234508007764816,32,6.483340805729071,0.7125420927610469,0.19311505767877918,0.28422547246575297
59,4,0.06580398418009281,32,5.980888328761868,0.9260522377240363,0.20380309427641552,0.3081876380029901
59,5,0.17446265742182732,32,5.451386642489808,1.1080202847047467,0.2762147644213626,0.3716718051538387
59,6,0.14148408360779285,32,5.942738317819713,0.9633423806031232,0.2210470869618989,0.35496263939381456
59,7,0.10019121877849102,32,5.714664625012004,0.9860521879852939,0.2984802012104313,0.36872234821740246
59,8,0.30338842794299126,32,5.570251782207318,1.015457821402805,0.44165430543205986,0.43365054677731585
59,9,0.32133416272699833,32,5.674027332459426,1.0814111302998466,0.4307209491272286,0.4080717477742515
59,10,0.32217766158282757,32,4.7877369031697095,1.1406787229970714,0.516843509698281,0.4685386745894238
59,11,0.18124971352517605,32,5.853884188129916,0.9056771798864958,0.5027269926557834,0.38800282459252017
59,12,0.09616391360759735,32,6.233112025135866,0.5868211007493693,0.47901339729689607,0.29236866275077855
59,13,0.40383233316242695,32,4.657206671771451,0.868146951216942,0.6923064227468978,0.35299681147619744
59,14,0.23916391097009182,32,5.006990510121382,0.9265921780147899,0.6721502501676275,0.4123563627209289
59,15,0.29113450832664967,32,4.95652503261535,0.8225870930044357,0.5297081408233797,0.3508261285833653
59,16,0.2133486196398735,32,4.812166956372408,1.015635500229302,0.45184133487773714,0.3584749725566487
59,17,0.1317750196903944,32,5.691386187168798,0.8477218247201295,0.3521666782021502,0.29019934568463046
59,18,0.11695839837193489,32,5.451724794994068,0.8625519227638376,0.3410782668535064,0.26433634854779225
59,19,0.0807628221809864,32,5.488117222650024,0.9948578204490799,0.2891973019733093,0.28783288864846474
59,20,0.10407841764390469,32,5.30592539359988,1.0154302163989737,0.32538155819196973,0.34919417336726755
59,21,0.050558945164084435,32,5.761469939386688,0.9408498091797552,0.33699812602747115,0.3347480097957652
59,22,0.12900944985449314,32,5.704131013307763,0.8508430427202613,0.26709968773853365,0.3415868423280265
59,23,0.07384670898318291,32,5.72732897886508,0.9722477097580295,0.28052058046450334,0.2918945896969166
59,24,0.08502275682985783,32,5.790246373183473,0.9739760333167791,0.2956344715962922,0.3219538911456934
59,25,0.03597642853856087,32,5.791730765258187,1.122522731789851,0.30576223027707655,0.3373922221951012
59,26,0.06505788490176201,32,5.82319947997417,0.9440866446546856,0.29752668660877546,0.3474165382610318
59,27,0.05841272324323654,32,5.785867637212023,0.9778602864111754,0.2865069843284551,0.35722515348642575
59,28,0.0880800150334835,32,6.14766099626088,0.8132098432178401,0.29294860874141393,0.33835909963871136
59,29,0.057651687413454056,32,6.128654439584551,0.8749854306173948,0.27868075014996385,0.31592247860429395
59,30,0.13845805265009403,32,5.856343320283157,0.8178900159318001,0.26192788263110384,0.352508398993446
59,31,0.0500904805958271,32,6.123064368172113,0.9565470267364287,0.25971310051192853,0.3196386235745412
60,0,0.2023045513778925,32,5.844319594634109,0.7759894608045608,0.14713865578699004,0.17816722456250417
60,1,0.039361437782645226,32,6.18379987580424,0.8320915395094541,0.322272327697343,0.32540566402500903
60,2,0.03580469451844692,32,5.262769149774233,1.265392912717358,0.4310477814729019,0.4413283160926823
60,3,0.03170780651271343,32,6.3819842185713185,0.7786784542951466,0.2276967920148717,0.28391610870967704
60,4,0.06568786688148975,32,6.242666398013219,0.797775245992355,0.25927261696148723,0.3081876380029901
60,5,0.16481499560177326,32,5.499072275634025,1.1515688206488441,0.3402924380696246,0.3716718051538387
60,6,0.12046818621456623,32,5.958673674466535,0.9493407593681429,0.3108214606966987,0.35496263939381456
60,7,0.08530733734369278,32,5.876988428258581,0.8644868291773449,0.3479888129110922,0.36872234821740246
60,8,0.19358125142753124,32,5.822615128783507,0.8618294762490635,0.3612105877837631,0.4522900473568779
60,9,0.18924312479794025,32,5.8346331531992215,0.933262258710613,0.36213146523777806,0.4165090946934019
60,10,0.1949784755706787,32,5.188494881082066,0.9979175068208086,0.3862180261141574,0.4822563013243888
60,11,0.16277790442109108,32,5.8054201977228175,0.9689664546747032,0.37805730835597273,0.38800282459252017
60,12,0.07735768146812916,32,6.066273526374323,0.6663329658677277,0.24037550429011606,0.31038653499141927
60,13,0.49239064007997513,32,4.538062120596505,0.898600689779677,0.32850789665523666,0.37937793274012965
60,14,0.323203943669796,32,4.702622317614309,1.079589238487336,0.44340039546025023,0.423438638636386
60,15,0.22851848416030407,32,5.154010121855135,0.9371660758524696,0.3936435502675909,0.35223292295453035
60,16,0.19463189877569675,32,5.251946198229448,1.0171089710461994,0.3997995250114716,0.3584749725566487
60,17,0.17347218096256256,32,5.707036007999637,0.8357163754080981,0.2820839770979452,0.29019934568463046
60,18,0.13165480829775333,32,5.474802003813137,0.9049756056932967,0.3105262153543234,0.26433634854779225
60,19,0.09795179776847363,32,5.555496878170068,1.0224136841793703,0.30836508907192706,0.28783288864846474
60,20,0.14052184484899044,32,4.9700935201627745,1.1398126429126947,0.3901076249831694,0.3316525662183556
60,21,0.13215947523713112,32,5.356333125578971,1.1530941141864872,0.35595137870990945,0.3342478073186077
60,22,0.2103520631790161,32,5.156683128311538,1.1271561272756596,0.3385727379910129,0.3359977533117223
60,23,0.09026649221777916,32,5.527440427677164,1.2166988567374135,0.3215814816791186,0.28745883207576495
60,24,0.10963726416230202,32,5.399837756111215,1.173705084069776,0.3530342333692899,0.3172978110670311
60,25,0.06180571764707565,32,5.2261230656826605,1.3960044939627787,0.3512114835579935,0.32741968001439714
60,26,0.109891252592206,32,5.351141179251432,1.1908362199019606,0.33787108488079726,0.3366590314730231
60,27,0.08569223619997501,32,5.4308951696037315,1.2075945142537439,0.37281595250786936,0.3458754337413247
60,28,0.099201999604702,32,5.702315848847246,1.0817438300998203,0.3146927637723716,0.33835909963871136
60,29,0.05376920476555824,32,5.9968392624801545,0.96991365182188,0.32010786343967523,0.306221187251166
60,30,0.12828763015568256,32,5.680000489498312,0.9238175232923762,0.3252331070054861,0.34417666337338904
60,31,0.036564942449331284,32,6.176662733701837,0.9216217329102729,0.32117881830266715,0.31463500082931983
61,0,0.2067316398024559,32,5.867891977831593,0.7048131567096627,0.19606688397610328,0.1713717844048166
61,1,0.036759061738848686,32,6.113279752455678,0.8555622519728407,0.3522770632708625,0.32081589910247754
61,2,0.04576382227241993,32,5.143632419102415,1.2086822421434187,0.473043519034702,0.43165754634043685
61,3,0.04507152736186981,32,6.198575738172175,0.8348592583970342,0.3326382361974565,0.27055449773325607
61,4,0.05002558045089245,32,6.089807547511666,0.941759505833347,0.2982913844616464,0.3058730229366189
61,5,0.11855154298245907,32,5.573158311572033,1.1942438781884235,0.42636824435484344,0.36837224218357484
61,6,0.1131734549999237,32,5.890021227439695,1.0702356907138757,0.3539453895282444,0.34431115159670866
61,7,0.09654881618916988,32,5.968325740037485,0.8373665163685455,0.36027251186566833,0.3556460987460025
61,8,0.27774293534457684,32,5.762759399671861,1.0512357857504835,0.35550945968699144,0.4230148048524978
61,9,0.2992599178105593,32,5.8223152963520795,1.0249972116283521,0.3803002081736453,0.4080717477742515
61,10,0.30550931952893734,32,5.033888189676094,1.2355141241905025,0.4802035569188089,0.4685386745894238
61,11,0.21632974408566952,32,5.8541421202234805,0.9551625844967191,0.42445094702605946,0.38160922686620224
61,12,0.05329413712024689,32,6.254737428906018,0.6234949512524723,0.3188507034403564,0.2763276852071017
61,13,0.4315905962139368,32,4.828058717600163,0.9136049520243015,0.28650214868344326,0.35299681147619744
61,14,0.3079155571758747,32,4.852394394579571,1.1365252813582698,0.2895648065344344,0.423438638636386
61,15,0.25328449718654156,32,5.491610193789481,1.020330968263865,0.33542151769240836,0.35223292295453035
61,16,0.19353613816201687,32,5.401881142231943,1.1063717322189923,0.37867437081236366,0.3584749725566487
61,17,0.18537306040525436,32,5.567483226717464,0.9922316514706866,0.30732263844037067,0.28485289930716834
61,18,0.1786487028002739,32,5.680153159778456,0.8934493616281376,0.3364614814574245,0.26433634854779225
61,19,0.08829068578779697,32,5.820864520542002,0.9515748456586293,0.36506530977432344,0.28783288864846474
61,20,0.18412374705076218,32,5.200202135584857,1.0547490297815463,0.42139925933775,0.3316525662183556
61,21,0.10486283339560032,32,5.725526366852579,1.022289548718998,0.3900850426773624,0.3342478073186077
61,22,0.13962122984230518,32,5.47829194848598,1.0311734739865646,0.4033937438366817,0.3341341051234506
61,23,0.07196384854614735,32,5.672943375914686,1.1194835799794145,0.34499133335331467,0.28969806822056776
61,24,0.06619098223745823,32,5.5730227666865515,1.1418436092413913,0.39659374878860365,0.3172978110670311
61,25,0.034335093572735786,32,5.563660450740899,1.2148363036085197,0.4158953336262329,0.32741968001439714
61,26,0.07219797931611538,32,5.603453451393989,1.0481307936919766,0.39897294397455363,0.33326162408015636
61,27,0.05323205143213272,32,5.877644719593221,1.0307251644099278,0.4296437705873393,0.3458754337413247
61,28,0.06933221407234669,32,6.0525408292618605,0.9462500823886382,0.38374488378810934,0.32253209763348745
61,29,0.040206970646977425,32,6.1384725013912504,0.960587569175722,0.34792832183801964,0.306221187251166
61,30,0.09741178713738918,32,5.993170629839049,0.8952009777561729,0.3931421220786412,0.33654743382298535
61,31,0.03343181125819683,32,6.222509337773637,0.9346283705347105,0.3731666461682921,0.31463500082931983
62,0,0.22945497930049896,32,6.04006774925151,0.6509867269220484,0.26017895797650614,0.1713717844048166
62,1,0.043103301897645,32,6.117756068355003,0.8221532894494334,0.33892530556227796,0.3268620926198745
62,2,0.03839184530079365,32,5.547528873793131,1.209144734088409,0.5333279682216102,0.4413283160926823
62,3,0.03378003463149071,32,6.176878703872523,0.9228453065395925,0.4449772854073324,0.28391610870967704
62,4,0.048679159954190254,32,6.031163245708184,0.8643251740434685,0.41352990264370815,0.3058730229366189
62,5,0.12157030589878559,32,5.742753220640173,1.0088697566172664,0.4246558209628135,0.3716718051538387
62,6,0.08525016345083714,32,6.16420717485783,0.860500703197963,0.3784758692991182,0.34431115159670866
62,7,0.09391077049076557,32,6.01355716569066,0.7187491529322125,0.3422396996076348,0.36027380853977176
62,8,0.22804876044392586,32,5.935183865416323,0.8601707095930129,0.36500198844286746,0.4230148048524978
62,9,0.19236160442233086,32,6.079276789804607,0.8522485405364248,0.3604795987634987,0.4080717477742515
62,10,0.21268564090132713,32,5.637458375400355,0.8891742952175559,0.4025502137051562,0.4783289408105664
62,11,0.17661554738879204,32,6.190468632889725,0.702017245295079,0.3131976824059307,0.38160922686620224
62,12,0.050391413271427155,32,6.387833702818392,0.5643582714546946,0.27901210686460454,0.2763276852071017
62,13,0.42985726334154606,32,5.433276551382124,0.9438105953373359,0.30975274725838436,0.3381068803609162
62,14,0.3111369889229536,32,4.955597518849133,1.0886865727971697,0.258351925437493,0.423438638636386
62,15,0.2713714577257633,32,5.398244948250868,1.0296436006290435,0.20825294282280896,0.35355612320783414
62,16,0.21324986219406128,32,5.428863097059374,1.0868112847152052,0.2178105991980062,0.3718640506680534
62,17,0.2263515219092369,32,5.588394709353714,1.0275802178613045,0.18110775588501735,0.28485289930716834
62,18,0.18618552386760712,32,5.683958931919761,0.9052837288798408,0.15338524166267375,0.27248986106880535
62,19,0.09823481366038322,32,5.918418458980717,0.9399307998240456,0.18847573989204663,0.28817625404142655
62,20,0.18639248795807362,32,5.661119393883705,0.9661677076343995,0.24855155223825165,0.3547071486929113
62,21,0.12592000514268875,32,5.746605108032041,1.0751806442508727,0.22688825817858937,0.3464747523686903
62,22,0.1712458562105894,32,5.755112272284213,0.926289416729424,0.2135477305072805,0.3341341051234506
62,23,0.10538057051599026,32,5.803001160712716,1.0749171727537838,0.20158590321611036,0.28969806822056776
62,24,0.10893628932535648,32,5.614540558785453,1.1203367126047201,0.22986830224107127,0.3172978110670311
62,25,0.04605625383555889,32,5.725582373071001,1.1288909771199673,0.26823122816512446,0.32741968001439714
62,26,0.08799504674971104,32,5.779945840784954,0.9684626919375905,0.2603152536711252,0.33326162408015636
62,27,0.06398092955350876,32,5.947011510856619,0.9902441703891931,0.2539532810436632,0.3458754337413247
62,28,0.07959604077041149,32,6.098166864332059,0.9630016347174184,0.25947640044319187,0.32253209763348745
62,29,0.048902129754424095,32,6.409605810361392,0.7496853277887316,0.26248457945934367,0.306221187251166
62,30,0.0987543947994709,32,6.175903719555084,0.8121412178340144,0.2160301568807381,0.33654743382298535
62,31,0.031051401048898697,32,6.24111799849734,0.9510156947730986,0.2699252421423578,0.31463500082931983
63,0,0.20357516966760159,32,5.856938834543593,0.7923719016127801,0.24602239098339063,0.1713717844048166
63,1,0.0377452801913023,32,6.0103305823434425,0.9615481384149227,0.3396117771050472,0.3268620926198745
63,2,0.055238151922822,32,5.352460751001832,1.1474312195832397,0.5013823308352766,0.4413283160926823
63,3,0.058202462270855904,32,6.355480193006876,0.8028163345025909,0.32816027208226806,0.28391610870967704
63,4,0.0904619712382555,32,6.123724099900876,0.8825057045176461,0.29928832593524096,0.3058730229366189
63,5,0.16969089768826962,32,5.639290284908407,1.0555788465630753,0.39997489331328223,0.3716718051538387
63,6,0.13333600014448166,32,5.894122549205161,0.982445062709564,0.3373147712999903,0.34431115159670866
63,7,0.07499095052480698,32,6.074203664193471,0.8101881697294298,0.34922875040587875,0.3556448020718991
63,8,0.2579357549548149,32,5.63704301442673,1.0368696920435045,0.41312874525482307,0.3846886463579016
63,9,0.2067658193409443,32,5.8455460044832925,0.9695986473217815,0.36212689841985635,0.3904674053047229
63,10,0.2820557914674282,32,5.130640086552441,1.0764024462261599,0.46469073345324835,0.4783289408105664
63,11,0.17135994881391525,32,5.802721985195605,0.9349742294017869,0.39511814106833015,0.38160922686620224
63,12,0.055994052439928055,32,6.346049085988627,0.6419453928734846,0.3397446535107174,0.2870298827364669
63,13,0.38967458344995975,32,5.059573193331907,0.7875217992406673,0.35742022068621304,0.3381068803609162
63,14,0.29378724470734596,32,4.883575652393427,1.0155946192349772,0.304982847539642,0.4109502566032003
63,15,0.27023791521787643,32,5.543843597369912,0.8920301157428163,0.26557189346553806,0.3320247328394905
63,16,0.1970617901533842,32,5.234891446782111,1.089580778869852,0.24742814805027108,0.36528529270095894
63,17,0.15696982480585575,32,5.9045786659868345,0.8274147108020884,0.23054116261095126,0.2751408450491013
63,18,0.13759984262287617,32,5.926061571930902,0.7823430865599876,0.1983120337044882,0.26433634854779225
63,19,0.07048536092042923,32,6.103741281867241,0.7662979127427869,0.2187549931950335,0.2786512481320734
63,20,0.1623531300574541,32,5.463925162416941,1.0230822216103386,0.3091370904945395,0.3316525662183556
63,21,0.08233070187270641,32,5.839473150421684,0.9765355429869649,0.29229858413414406,0.33345826535298095
63,22,0.10340695641934872,32,5.856573531973705,0.9139334887225905,0.2467581138130851,0.2985697062139733
63,23,0.06767934933304787,32,5.9127292369183415,1.0129806405913708,0.2878175041147457,0.2828914455319597
63,24,0.05773584917187691,32,5.915502263553565,0.9505392012661629,0.3004208295327808,0.306096675205564
63,25,0.02662261761724949,32,5.789222592361623,1.0772228901914627,0.3005083620883785,0.31694539330905946
63,26,0.040891898795962334,32,5.927869356277375,0.8722314323845612,0.3042299638910926,0.31572817491709354
63,27,0.04849828593432903,32,6.101523098364813,0.8977409670474135,0.30654215314576133,0.3228965871890158
63,28,0.060793377459049225,32,6.140058364683667,0.8599472247005151,0.2969416504679979,0.3129044150462671
63,29,0.03355510160326958,32,6.259621168784969,0.8822652109765148,0.27092791661647714,0.29744667166287797
63,30,0.08911596797406673,32,6.215375130779818,0.6883059176132882,0.2588312816961723,0.33068629707966674
63,31,0.04324570670723915,32,6.462538508063533,0.7742399819788872,0.299897812492777,0.3057852795192709
64,0,0.1817091628909111,32,5.857285777908674,0.7573699719307116,0.18168061862497184,0.1763522904040043
64,1,0.031138308346271515,32,6.147652660608131,0.8504048714346766,0.25730807647210346,0.3268620926198745
64,2,0.031248869374394417,32,5.446517664055418,1.077444268691088,0.41793369771445965,0.4413283160926823
64,3,0.04027101583778858,32,6.446104504515335,0.7402299440198012,0.20917806629326446,0.28391610870967704
64,4,0.0548463799059391,32,6.119851629299449,0.9135270485783273,0.24808252240215137,0.3018348607230655
64,5,0.14421709813177586,32,5.883160683688473,0.9702680851282324,0.2996634520327487,0.38327605534989495
64,6,0.1389888022094965,32,6.0149497100588345,0.9401775204501908,0.26572949832970494,0.33920712359127575
64,7,0.09861998446285725,32,6.054171038812134,0.840238793600582,0.2781894407832586,0.3501229213420043
64,8,0.26910700649023056,32,5.562408918268667,0.986589994458547,0.32916804345766926,0.3846886463579016
64,9,0.2607778385281563,32,5.827163528959364,0.93306018590979,0.37601773739453376,0.3712158367057117
64,10,0.29447607323527336,32,4.946498280893153,1.034312603513702,0.3557863193986095,0.4724471451860286
64,11,0.19051507115364075,32,5.771183374362202,0.937473721525599,0.3540032286844286,0.38930916614537736
64,12,0.09775218740105629,32,6.150758378225312,0.6086296579442294,0.3118957330779156,0.29893140515248046
64,13,0.4170260336250067,32,4.618373216742517,0.8585224162936917,0.34188897008431895,0.3429640586707249
64,14,0.39201442524790764,32,4.499308539184495,1.0431634094057305,0.341532241950085,0.4109502566032003
64,15,0.33236582577228546,32,4.941048897669885,0.9617161596240011,0.3258934363096433,0.3320247328394905
64,16,0.2973193805664778,32,4.806767190011223,1.1164048176475525,0.3191960806349693,0.36528529270095894
64,17,0.19169526174664497,32,5.655099425714066,0.819689703678967,0.22445875889492778,0.26490425184993655
64,18,0.2195347622036934,32,5.487777935505989,0.9388516703554508,0.24051060774135424,0.25833874760717246
64,19,0.11429472453892231,32,5.700104555839969,0.8781753261936975,0.2892094882569804,0.2689306582599358
64,20,0.21689238958060741,32,5.212276812930128,0.920698170559767,0.3284832837807046,0.32197459310163434
64,21,0.1335555985569954,32,5.687442475371835,1.0244140380008737,0.3551828089040933,0.3246365268703889
64,22,0.23382015340030193,32,5.4381243806867,0.9587011609120211,0.33477558673055785,0.2672718139552959
64,23,0.1036607213318348,32,5.673732502720139,1.116679041594816,0.35968905414034197,0.2828914455319597
64,24,0.1460341364145279,32,5.505381623855177,1.1290220967662021,0.39854319406551225,0.2980276505645365
64,25,0.06756276823580265,32,5.423546210047029,1.2790030571704571,0.36364572755589675,0.3077825246575869
64,26,0.12631378509104252,32,5.568694693707695,0.9567652402634952,0.3656101636297911,0.30351707522288207
64,27,0.08066360093653202,32,5.62457017617485,1.0030049761287652,0.3550989087721515,0.3045525261409625
64,28,0.07916873879730701,32,6.069194397403788,0.9153253436460318,0.31916826041604907,0.3040288583940802
64,29,0.03570113517343998,32,6.304799999626896,0.8134005471951866,0.2908529414328715,0.29533922094739795
64,30,0.10630525462329388,32,6.114285135037425,0.7852115170538667,0.29763906801349693,0.3128144865326493
64,31,0.0430719219148159,32,6.335128387155562,0.8525458132872368,0.30152912775561974,0.29875721472793654
65,0,0.19290951639413834,32,5.7227395325533825,0.7744342361426897,0.21364225088124278,0.18241417459333187
65,1,0.03752271458506584,32,6.166718687632634,0.8809957067156535,0.3612328619581082,0.3268620926198745
65,2,0.07533238083124161,32,5.105615245652469,1.1505398321556353,0.5021447677215016,0.4413283160926823
65,3,0.0747064407914877,32,6.401036158670628,0.688500093119603,0.34045074074458004,0.27055449773325607
65,4,0.06898345053195953,32,6.163118030998677,0.8392308558180854,0.30077501176495736,0.2987898551984437
65,5,0.1440792102366686,32,5.851353868842757,0.9732983569487814,0.3721257753671911,0.36858178512251766
65,6,0.11721217818558216,32,5.808924467752032,1.0334212564473537,0.3286891888242794,0.32614270456844036
65,7,0.09568854421377182,32,5.917657996760628,0.7452730844495505,0.33379913403097755,0.34860878165848547
65,8,0.25727166421711445,32,5.50085964888401,1.0227627160168584,0.3335029463358804,0.36310628811331525
65,9,0.23288147523999214,32,5.814007906091589,0.9095554380451452,0.23988918759543182,0.3690746013161559
65,10,0.3026444558054209,32,4.9341355267739715,1.025015657509127,0.28165387979759654,0.4724471451860286
65,11,0.22126114554703236,32,5.817514954080896,0.9014834090155528,0.2457288648318342,0.387418201789155
65,12,0.07605632953345776,32,6.378506824810149,0.5847116846102871,0.21883194523234278,0.315373218259136
65,13,0.3863314799964428,32,4.976884399524748,0.8896990896025052,0.25916390757305385,0.33519843336977784
65,14,0.3267879020422697,32,4.841406794327394,1.0039670881970064,0.4144907088544374,0.38178931886705947
65,15,0.2848324906080961,32,5.32941077215952,0.9458177782525814,0.36067133795265033,0.32726069214810805
65,16,0.23845347203314304,32,4.991196519900757,1.1586252068909841,0.3940457798443564,0.3506520121751632
65,17,0.1899934485554695,32,5.690564100155388,0.9139809618059349,0.2420848210530815,0.2606837443665049
65,18,0.18150514736771584,32,5.578620520612532,0.9377841661256845,0.2903544262844476,0.2506455214525854
65,19,0.09729073569178581,32,5.989951984528483,0.8932495134498293,0.3124880462758432,0.27967229606395616
65,20,0.1978649739176035,32,5.146704302045411,1.096150442454535,0.38570938983713265,0.3269324209863372
65,21,0.14315269328653812,32,5.793617578761934,0.9652851533706723,0.2919334992505327,0.33345826535298095
65,22,0.18379205651581287,32,5.696135229617239,0.9866078542716057,0.2843971111691901,0.2985697062139733
65,23,0.09329833090305328,32,5.942539875113773,1.019631444707187,0.2591563046015655,0.2865399073570809
65,24,0.0936144795268774,32,5.849072491147647,1.0319549942819535,0.3144764925521915,0.3084898541738083
65,25,0.05625410936772823,32,5.759662304629615,1.1889759416384322,0.3132441033598937,0.31694539330905946
65,26,0.11380993574857712,32,5.652695400287801,0.9861061833741278,0.3592998845149542,0.31644106358530405
65,27,0.07469789497554302,32,6.038624637666796,0.9551273349331364,0.3320595884420027,0.3248862141938147
65,28,0.09112765081226826,32,6.076483183029229,0.9025925574938238,0.3108141237472298,0.3129044150462671
65,29,0.048023758456110954,32,5.9973939717582265,1.055204396007852,0.31255196330651475,0.29533922094739795
65,30,0.10446222312748432,32,5.995007960611307,0.8350496312197446,0.297577944795622,0.3128144865326493
65,31,0.05330677516758442,32,6.331617040460185,0.8380409905203265,0.3018097520745148,0.30071347012419836
66,0,0.20260128937661648,32,5.851374943040547,0.7683557191836448,0.23158144958390808,0.1859515764020084
66,1,0.03194745071232319,32,6.187028375709165,0.7997928441357107,0.32823842494984434,0.3268620926198745
66,2,0.0734589584171772,32,5.309903784008691,1.225839128815431,0.4539807454769564,0.4413283160926823
66,3,0.04334578290581703,32,6.3413605507328885,0.7998932724654786,0.28003929273357764,0.27055449773325607
66,4,0.07108187489211559,32,5.95914568414163,0.9789268667531328,0.2870755668644649,0.2987898551984437
66,5,0.1591111570596695,32,5.688709388004815,1.0442159272243225,0.34734668097241994,0.3720035617299863
66,6,0.15371112152934074,32,5.899123526279643,1.0813214374344398,0.3174301188119573,0.3330019800621349
66,7,0.0883115790784359,32,6.095698481599332,0.8081809988237048,0.3334165709819993,0.34860878165848547
66,8,0.26019723899662495,32,5.50410744287813,1.1225471838234835,0.34038092529120345,0.36310628811331525
66,9,0.2585892677307129,32,5.755715153301622,1.0311818042775673,0.36354918449421414,0.3690746013161559
66,10,0.24892425537109375,32,5.2825401404589245,1.0651988269498167,0.40742897402980705,0.4724471451860286
66,11,0.15646464377641678,32,6.247922767917146,0.79288349139164,0.38798583756341604,0.387418201789155
66,12,0.046435775235295296,32,6.413081844550392,0.5878664702463681,0.2616485991325773,0.315373218259136
66,13,0.3585780318826437,32,4.977316097798642,0.7905234406049404,0.35219912423008526,0.33519843336977784
66,14,0.25564343854784966,32,4.696225432781309,1.0196735842246296,0.3649673690562971,0.3864308478545839
66,15,0.26466377452015877,32,5.091310643995742,0.9712781744821815,0.2990969620383136,0.32726069214810805
66,16,0.2335143554955721,32,5.072899283673282,1.0461840686149229,0.275317915124628,0.3506520121751632
66,17,0.14369484968483448,32,5.557763287873693,0.8790720796343825,0.26478700891360074,0.24762729839291697
66,18,0.18648546375334263,32,5.701088212626578,0.7964590621345771,0.2585472054025033,0.2506455214525854
66,19,0.12994642183184624,32,5.670459929380913,0.9521809806517778,0.25794804007919586,0.27967229606395616
66,20,0.22446099296212196,32,4.94088194050015,1.1057742498732477,0.31679201291075065,0.3269324209863372
66,21,0.13891274482011795,32,5.64276154563397,0.981110615378948,0.34606123456531157,0.3246365268703889
66,22,0.22946171462535858,32,5.402978455361854,0.9375368041035612,0.33457568675401084,0.27592052567062414
66,23,0.11392352916300297,32,5.804355385661956,0.9986716758419805,0.3131427065082734,0.2828914455319597
66,24,0.12216774187982082,32,5.663392465249269,1.0522873679430278,0.3430541891494698,0.30744866104248614
66,25,0.07092995382845402,32,5.819546605570824,1.0872393962043967,0.34885599761067987,0.31152346119899543
66,26,0.09097343869507313,32,5.893625619901843,0.8949446238221501,0.36930701160371243,0.31644106358530405
66,27,0.10110619477927685,32,5.787968571294952,1.0271838825681279,0.3426018603210478,0.31930087079388203
66,28,0.08185343816876411,32,6.139950605769547,0.8127771364472274,0.326864529628418,0.3109650950336962
66,29,0.05330312065780163,32,6.246605203047352,0.7852850358246375,0.315697289875447,0.29533922094739795
66,30,0.12209836021065712,32,5.968548528675878,0.8086175354712282,0.35867600534918076,0.29901746703665477
66,31,0.04588697850704193,32,6.2991263570793645,0.8211651834050198,0.3432000011987385,0.30071347012419836
67,0,0.21307750418782234,32,5.888061074439642,0.7905923760491964,0.20292219639357997,0.1859515764020084
67,1,0.04036046750843525,32,6.113776447662181,0.8380725851938413,0.29957891566450623,0.3252553763235937
67,2,0.08320499025285244,32,4.94289528110771,1.180205853619455,0.4597866717841055,0.4413283160926823
67,3,0.08250975050032139,32,6.297200551833149,0.7286726839925848,0.29953829961178546,0.27055449773325607
67,4,0.06793967075645924,32,6.038077161869516,0.9147241098327488,0.312293138194324,0.29268347566305564
67,5,0.17648922838270664,32,5.816323220411926,1.032545971021026,0.40702970797481103,0.3720035617299863
67,6,0.17380735650658607,32,5.750400791337601,1.0886197514243223,0.33826103847873934,0.32305965381811835
67,7,0.09751533903181553,32,5.883656869529426,0.8355229865442348,0.3000707137678704,0.3451142562593635
67,8,0.2528431322425604,32,5.454010709500184,1.0785797153469732,0.3900577081172655,0.35836002373537723
67,9,0.2385188266634941,32,5.737537798256707,0.9107051168560076,0.3913505755561729,0.3628403248659961
67,10,0.20766606554389,32,5.2898408506288614,0.9594832768992791,0.3877283022280863,0.454246030593606
67,11,0.195065189152956,32,5.740401073936629,0.8987174756155509,0.35122192503116495,0.383852050036698
67,12,0.05858881026506424,32,6.286214466558203,0.6056738402028028,0.22753811317895228,0.2954539199712601
67,13,0.264678955078125,32,4.735876585499547,0.8566105109251003,0.22265975325400447,0.33519843336977784
67,14,0.20800195075571537,32,4.685551451156596,1.020045820062534,0.37661219532989654,0.3616691779555138
67,15,0.2730925399810076,32,5.018739993840846,0.9297902641154225,0.32314705020021495,0.32726069214810805
67,16,0.24337153136730194,32,4.943917441351066,1.0957722948555562,0.3121761542841114,0.3506520121751632
67,17,0.14749581553041935,32,5.497758557076089,0.8907545203758307,0.18331533010737358,0.2589783923231766
67,18,0.16270654276013374,32,5.680200268537548,0.8425584573083968,0.23582735712332287,0.25966382028315993
67,19,0.1078513152897358,32,5.692322667937278,0.9506832443392099,0.23125745423925448,0.27967229606395616
67,20,0.2036455050110817,32,4.952926148424778,1.2042835775660983,0.3502317835206984,0.3269324209863372
67,21,0.18444005772471428,32,5.265517629787876,1.1373624823102464,0.29431932107628483,0.33345826535298095
67,22,0.1950058601796627,32,5.449854213954241,0.9788396766019112,0.3004518305699768,0.30704629171253917
67,23,0.1317398026585579,32,5.645840494732568,1.0968299306744873,0.23056336966638385,0.2865399073570809
67,24,0.1360193882137537,32,5.702206807889954,1.053139812015063,0.25594102701778737,0.3155176856835137
67,25,0.1100336592644453,32,5.578850620013894,1.2044001491224643,0.2596086991747635,0.3186660354699577
67,26,0.10314430296421051,32,5.627625454890244,1.0033246735753147,0.27267868416308794,0.33326162408015636
67,27,0.10716895945370197,32,5.821323002172898,0.9829682234742041,0.26916254066716133,0.3373307243815252
67,28,0.09087294153869152,32,6.000754458935393,0.8657913544566487,0.2548984478404412,0.3129044150462671
67,29,0.0636119619011879,32,6.132043777679258,0.8551307218000508,0.224586005209005,0.29744667166287797
67,30,0.1529251653701067,32,5.681782653357569,0.8828773912364412,0.24066087512583595,0.3128144865326493
67,31,0.04830245487391949,32,6.198380356458474,0.8900507639529023,0.24066891728313652,0.3016694399150673
68,0,0.19452189467847347,32,5.889522678769385,0.7501454806436261,0.12014780102321047,0.19021586646554187
68,1,0.02848263829946518,32,6.0231864253128435,0.8549907366246412,0.28022567858163316,0.31092562168092464
68,2,0.07136067375540733,32,5.1570834213233265,1.1344108369343875,0.4240088669738624,0.4521850332271746
68,3,0.06942291744053364,32,6.194267420607481,0.7491118341191232,0.22640538688847003,0.27383420045693224
68,4,0.091081278398633,32,6.124624560952456,0.8427071948998899,0.2265624998350196,0.2987898551984437
68,5,0.15801730006933212,32,5.7673015406970425,0.9917074532752999,0.2911249227795597,0.3833982689870997
68,6,0.17500347271561623,32,5.753903760874423,1.078366657988508,0.2245764730776439,0.3330019800621349
68,7,0.10405472107231617,32,5.753861404152172,0.7984497489520948,0.23063030668452822,0.33801941681930614
68,8,0.2795471530407667,32,5.287469292128298,1.100151911463592,0.30125149186890393,0.35836002373537723
68,9,0.260281216353178,32,5.646364127683917,0.9007856176570899,0.30390196531898506,0.3628403248659961
68,10,0.2143271341919899,32,5.372234522146136,1.0075847506532591,0.3459495747039939,0.4256151508818854
68,11,0.22712439857423306,32,5.896816854139135,0.7992167692867636,0.3362925889958487,0.3788877854329763
68,12,0.08565580658614635,32,6.056575402745479,0.7389315744712013,0.2664892433603231,0.27033035299859093
68,13,0.2738419994711876,32,5.2816754349300155,0.9403450053286564,0.3819380437565245,0.3207859025545181
68,14,0.26787762343883514,32,5.0956870664487415,0.9752793908721413,0.3379550809782059,0.3616691779555138
68,15,0.20972182974219322,32,5.232418059520178,1.0998883845034664,0.35652833422669805,0.3245202432549291
68,16,0.1369914449751377,32,5.012779097762563,1.2405006000073024,0.3470418016392066,0.3489352257236665
68,17,0.17660899832844734,32,5.433677284090056,1.0209521306896878,0.2564695151974183,0.2589783923231766
68,18,0.11964958906173706,32,5.738648093402636,0.8875967575727843,0.23473355865023732,0.25966382028315993
68,19,0.07612088322639465,32,6.004425351210173,0.9170287469819094,0.2777580045988801,0.27967229606395616
68,20,0.20260844193398952,32,5.343230607313972,1.1604877870801058,0.32797915935611377,0.3269324209863372
68,21,0.11414169333875179,32,5.6347793877090435,1.1269244645172334,0.3350192218534329,0.33345826535298095
68,22,0.1099797785282135,32,5.695112013259942,1.0333056520771713,0.3401183071106828,0.29242447086958345
68,23,0.055056046694517136,32,5.830771861190845,1.1466989617247672,0.3055610417134341,0.28416904228962453
68,24,0.05330422706902027,32,5.857154738989251,1.1039904082444005,0.33424787954501417,0.30744866104248614
68,25,0.03564602695405483,32,5.611265339053574,1.296050360005566,0.35101751781275814,0.31152346119899543
68,26,0.05212767794728279,32,5.6251866355713105,1.1017363786006413,0.39725103201638545,0.32105052438594495
68,27,0.06403917446732521,32,5.991590745081616,1.0110281932796408,0.3514293447241952,0.31930087079388203
68,28,0.056672872975468636,32,5.9733591474606875,0.9733850669068183,0.34856682491973573,0.3127534437598007
68,29,0.02965070866048336,32,5.905557527585025,1.0893476826040214,0.3722231605154975,0.2943328430962805
68,30,0.07077766768634319,32,5.970222668108212,0.885544902380655,0.39036264012137323,0.29901746703665477
68,31,0.03877064399421215,32,6.2561707801977935,0.8822834082178126,0.37973422966735043,0.30071347012419836
69,0,0.20461313053965569,32,5.692507591752974,1.0008573000412921,0.3762030663912619,0.18521802043364838
69,1,0.040737126022577286,32,6.197451985362184,0.7723707837177516,0.3830641144003648,0.31092562168092464
69,2,0.026412080973386765,32,5.9653572203511445,0.873664959599175,0.527173176614438,0.4521850332271746
69,3,0.03608468361198902,32,6.245774317300668,0.823699034777368,0.426790244825427,0.27383420045693224
69,4,0.05789142847061157,32,5.858272348642327,0.8231722521576064,0.44842823951795796,0.2987898551984437
69,5,0.12442643754184246,32,5.8030349513973665,0.874734579224473,0.44110310883522097,0.3833982689870997
69,6,0.08021354675292969,32,6.045027871072629,0.8006465280703052,0.5349247916198652,0.3330019800621349
69,7,0.0853066835552454,32,5.775661383245222,0.8205602333739161,0.5501787160470275,0.33801941681930614
69,8,0.2098604440689087,32,5.619392303262792,0.8877101831122758,0.6496419793937265,0.35836002373537723
69,9,0.13501891866326332,32,5.988585777280428,0.8429490701805271,0.6626272120773291,0.3628403248659961
69,10,0.12474330514669418,32,5.399277582127894,0.866649059830296,0.7016734969462199,0.4256151508818854
69,11,0.11678449437022209,32,5.272310631636525,0.791691652918181,0.6967031108899543,0.3788877854329763
69,12,0.03847785294055939,32,5.579486359369944,0.5921207563312301,0.6050671431566399,0.2727506751124638
69,13,0.1453607752919197,32,4.691118567064828,0.7656232696403915,0.8457418328812334,0.33519843336977784
69,14,0.1263007577508688,32,4.385978224403261,0.9986416708853358,0.8507638012192934,0.3616691779555138
69,15,0.06692380271852016,32,5.0800046101020815,0.9553041893268954,0.7529967561202251,0.3306574770010258
69,16,0.05655951052904129,32,5.020385722783072,0.937860495173112,0.7084402263660843,0.36285808622578514
69,17,0.05505467392504215,32,4.832489508049045,0.9324182140158292,0.7135858822366883,0.2606282620555095
69,18,0.03305772691965103,32,5.560508392214146,0.7931785487165026,0.6749160569928444,0.25966382028315993
69,19,0.02281612530350685,32,5.72051698188301,0.678786697682737,0.5697965144395241,0.2834776532860947
69,20,0.03121560998260975,32,5.299556882689762,0.8961611652077046,0.7090795929858356,0.3282312215684092
69,21,0.015224890783429146,32,5.623338254340188,0.8967865198252536,0.6235617507255659,0.33600867394045203
69,22,0.03771062195301056,32,5.435217332255524,0.9191000199165007,0.6629657997335179,0.31507365141293253
69,23,0.017366090789437294,32,5.775305588817439,0.8248789228805524,0.6031553685619304,0.2909756649782326
69,24,0.0339652132242918,32,5.6175802118544045,0.8648230490134257,0.5811070552007713,0.3155176856835137
69,25,0.01657732203602791,32,5.5504522277525155,1.1147462219828537,0.546329170578776,0.3219977479043332
69,26,0.021394459530711174,32,5.124280719078773,0.8754876386725723,0.6198355502766916,0.341268492273664
69,27,0.025410154834389687,32,5.761152002339064,0.8709700721154379,0.5644167165215584,0.3373307243815252
69,28,0.0314378272742033,32,5.628023222525334,0.9566453117497087,0.6136986711174129,0.3169305120942103
69,29,0.0197722390294075,32,5.919312389486127,0.8478692809464716,0.46970493731024165,0.3051823540331021
69,30,0.07326521724462509,32,5.651377103381652,0.7981011603972661,0.6150666832897823,0.3128144865326493
69,31,0.036965277045965195,32,5.75173362330914,0.9295376404132476,0.4849650600022267,0.3016694399150673
70,0,0.15665588155388832,32,5.748033374973488,0.7818799916462158,0.3988368424064686,0.19021586646554187
70,1,0.042124465107917786,32,5.900716159341371,0.9056218542662888,0.3251843264934818,0.3252553763235937
70,2,0.01560201682150364,32,5.667950322103959,0.9696364443256922,0.41900768951113754,0.45688370863053096
70,3,0.01693832129240036,32,6.1563977604621964,0.8233180757368084,0.31541808436603347,0.28978879617268155
70,4,0.04467918910086155,32,5.860380027964776,0.698817441289048,0.3232339491505418,0.30003166885009913
70,5,0.04769524559378624,32,5.776150459513162,0.9013114680843612,0.40019783786213603,0.38605033434023667
70,6,0.053558288142085075,32,5.753375519643587,0.7493983576218044,0.40469611777131465,0.33778790488936483
70,7,0.05722570791840553,32,5.563430937585157,0.6777120851917964,0.4130428676168025,0.3451142562593635
70,8,0.09944558702409267,32,5.670973392272813,0.664772782591907,0.46513463522416615,0.36310628811331525
70,9,0.0874884407967329,32,5.634251546719095,0.6920002122821964,0.3987694772973047,0.369783460944374
70,10,0.1356811299920082,32,4.8981940386856495,0.8164981280464945,0.503456451453312,0.43605985374152767
70,11,0.08211988396942616,32,4.582567752467295,0.632739455316373,0.4071373778934182,0.383852050036698
70,12,0.06437518820166588,32,5.0794155709489015,0.4419328337417534,0.3182249023709521,0.2954539199712601
70,13,0.1478688232600689,32,4.433142993909888,0.6971248536604566,0.29297162048155,0.3470440471572021
70,14,0.16239050962030888,32,4.580773341337851,0.9411063189665834,0.3006228739041874,0.37078978219309683
70,15,0.07120098918676376,32,4.92801344556811,1.0354662468816596,0.3231427894023018,0.3459749259595532
70,16,0.09254566580057144,32,4.946601554998704,1.0011357894950166,0.3047312873024388,0.38069460306142994
70,17,0.06788393296301365,32,4.5976870215967995,1.135632050096862,0.23816644568006506,0.2664923609569291
70,18,0.050039418041706085,32,5.580313937388271,0.7483746826413382,0.23685808770984368,0.26433634854779225
70,19,0.026126043871045113,32,5.6707870967405825,0.7406949732151222,0.2582417947841954,0.2892033951151448
70,20,0.06736027635633945,32,5.204482629833544,1.0271319224228135,0.3071411956697869,0.33935753365070154
70,21,0.023647455498576164,32,5.546924937605663,0.97002135710121,0.2895910074940775,0.34152968029639136
70,22,0.03992433659732342,32,5.156451449801494,0.9553390485149631,0.30563431532443597,0.33213557950494954
70,23,0.023464880883693695,32,5.7246400343978525,0.8073704778451098,0.2746346385815911,0.2998474337775768
70,24,0.07032663561403751,32,5.266948879856487,0.9491112317913704,0.2652442428365678,0.325403379179925
70,25,0.021206043660640717,32,5.2750118449557535,1.2301110714296497,0.3086409878502616,0.3373922221951012
70,26,0.032348718494176865,32,5.265504481707912,0.8479905053032644,0.3062461794349371,0.3490717751934613
70,27,0.054131144657731056,32,5.3421433471788875,0.9784499677837388,0.3452520492718799,0.34556122628091457
70,28,0.04119807295501232,32,5.886410345246357,0.7762396785983787,0.335873829051301,0.32301639502223356
70,29,0.02642074041068554,32,5.959442406460472,0.8081217896665578,0.32940689976114973,0.31359079652457855
70,30,0.08559349179267883,32,5.457724189555105,0.8294785935131355,0.3416667258770575,0.33068629707966674
70,31,0.05246361158788204,32,5.670111967350321,0.9854640856591974,0.351323304379101,0.3016694399150673
71,0,0.23020881228148937,32,5.765419676283172,1.0079954702967857,0.37156465937260785,0.1924111531092141
71,1,0.042212771251797676,32,6.168520723202551,0.7950827803138347,0.2440899235710327,0.3267113757216631
71,2,0.019818298518657684,32,5.902737463063289,0.8391234398657605,0.33360795040333724,0.45688370863053096
71,3,0.03218798153102398,32,6.420944700368113,0.7098563270973131,0.2513113112643064,0.30747819198890947
71,4,0.040651433169841766,32,6.19184066347562,0.6498562509852288,0.2718451355109952,0.30257820363792365
71,5,0.1136064138263464,32,5.966014217611001,0.8431203584549554,0.2895133002868381,0.40008636558770916
71,6,0.09324701130390167,32,5.923879440007352,0.7913065498566398,0.29867678260648545,0.33968025718065026
71,7,0.09332565031945705,32,5.571505741763864,0.7898486727639105,0.3023214503957213,0.34860878165848547
71,8,0.24232758954167366,32,5.759152402973047,0.8075554396278157,0.3043485509545032,0.37752984828006647
71,9,0.2675862107425928,32,5.837952041837259,0.7742534426818004,0.3382411431832624,0.3781589727840895
71,10,0.2655814029276371,32,4.897085280158995,0.8863182468881083,0.38640167816581955,0.4724471451860286
71,11,0.19907009229063988,32,4.923565116221592,0.8597249075963749,0.385417225504488,0.3915519893158731
71,12,0.13512998819351196,32,5.522347833822112,0.5187869183505525,0.31210446577995576,0.3150603177244339
71,13,0.27341973036527634,32,4.193260572946201,0.8538582085526762,0.36011575953870656,0.3470440471572021
71,14,0.22215877287089825,32,4.929378410034346,0.8856641599695321,0.32266366841071326,0.37078978219309683
71,15,0.148952329531312,32,5.35291602154787,0.841215873277025,0.36080879997262055,0.3459749259595532
71,16,0.1998215913772583,32,5.476957279461572,0.7869515236410365,0.3635698111413134,0.38069460306142994
71,17,0.2143299486488104,32,5.317225021344732,0.8531148898858127,0.4498600990183024,0.2664923609569291
71,18,0.19624102301895618,32,5.6358756895216375,0.6257644485540217,0.44854906938627886,0.26433634854779225
71,19,0.17803002707660198,32,5.54671011235852,0.7476470719600075,0.3905296767288835,0.2892033951151448
71,20,0.228405324742198,32,5.391732211222289,0.8397571609253056,0.35873188815132945,0.33935753365070154
71,21,0.1629875712096691,32,5.814982183818985,0.760154878173469,0.3999128210856471,0.34152968029639136
71,22,0.20630059391260147,32,5.520472465882508,0.7524934337076283,0.34609499419656437,0.33213557950494954
71,23,0.10944037325680256,32,5.930296825531788,0.7255968007147411,0.30937075001259373,0.2998474337775768
71,24,0.14702753722667694,32,5.647627701460359,0.830540699623211,0.2820890139724036,0.325403379179925
71,25,0.08126788586378098,32,5.692186077199308,1.1010636270365088,0.3184070741988596,0.3373922221951012
71,26,0.1205732561647892,32,5.594700132846832,0.7873850306019508,0.32999364120159647,0.3490717751934613
71,27,0.10500407591462135,32,5.71420371009084,0.8472433401375108,0.3286907868497675,0.34688632075633064
71,28,0.08222993090748787,32,5.991108412715089,0.7934017340625346,0.35347078257971243,0.3286179805615107
71,29,0.05338145233690739,32,6.020298764609109,0.7491835090614796,0.2860400058283219,0.3151634598090447
71,30,0.1671292893588543,32,5.6893345283788745,0.7076277993949498,0.3158874794818881,0.3389031065154524
71,31,0.0720964577049017,32,5.951255479065493,0.8720397045652604,0.32224979132469656,0.311494285188591
72,0,0.19376290589571,32,5.728211185714715,0.7557517956832243,0.39313894706759217,0.19949454018484164
72,1,0.06684295274317265,32,6.1718523560066885,0.8086508056979191,0.4121971128233882,0.3237283270954124
72,2,0.07225685566663742,32,5.050307395924361,1.0951940562269504,0.5198523262466608,0.4521850332271746
72,3,0.05888644978404045,32,6.350135167356127,0.613426133582947,0.4229829243821211,0.28978879617268155
72,4,0.05028717219829559,32,6.256306419288572,0.697353423789818,0.4166656520438722,0.30003166885009913
72,5,0.1559504270553589,32,5.884064568005124,0.8199264348645183,0.49185297068189804,0.38605033434023667
72,6,0.039394108578562737,32,6.119706858149479,0.7703943453626678,0.4265678793797711,0.33778790488936483
72,7,0.11056176386773586,32,5.652343734634416,0.7003415682690672,0.45641883401296013,0.3451142562593635
72,8,0.22411784529685974,32,5.518300332181635,0.7716004294064236,0.5427428963467538,0.36310628811331525
72,9,0.23223063722252846,32,5.773385102622589,0.770320857063389,0.47394182868431856,0.369783460944374
72,10,0.3051258213818073,32,4.846244161459863,0.8474775090767581,0.5488795435849759,0.43605985374152767
72,11,0.2550806347280741,32,5.316794996366375,0.8717265467056254,0.4482082129215932,0.38670153153395204
72,12,0.12999186664819717,32,6.071785170642584,0.5032814117832451,0.3710599809124583,0.3120000994289357
72,13,0.3002976607531309,32,5.432781369784675,0.6235689614688926,0.4990698250318075,0.3470440471572021
72,14,0.2507242448627949,32,5.132510175868843,0.9199558473322273,0.4549975621592986,0.3616691779555138
72,15,0.15491442754864693,32,5.146633066170212,0.9725397857136482,0.4252398955929719,0.3459749259595532
72,16,0.15351448394358158,32,5.118969124244016,0.9393515982714948,0.35964558586228723,0.37112209097683857
72,17,0.16358164884150028,32,5.394018032916229,0.8416959118647966,0.2794523016579371,0.2664923609569291
72,18,0.1200631633400917,32,5.608714097247818,0.6961571467422427,0.295140180771695,0.26433634854779225
72,19,0.09667742624878883,32,5.57591212280273,0.8878719454470598,0.2996935698608395,0.2892033951151448
72,20,0.1582688856869936,32,5.7654640865594615,0.8270478238362857,0.37306889563449663,0.33935753365070154
72,21,0.10044663958251476,32,5.598443194774184,0.9017240495155026,0.35041432943326406,0.34152968029639136
72,22,0.10822318680584431,32,5.752394529109772,0.723546051066025,0.3581219414541622,0.33213557950494954
72,23,0.05592838674783707,32,5.941099146184782,0.7675145663961755,0.3167736851585701,0.2998474337775768
72,24,0.10270813666284084,32,5.709577075890028,0.8717574895600322,0.3693628515771481,0.3155176856835137
72,25,0.05290442518889904,32,5.691615726144388,1.0262734960572342,0.3753338599168813,0.3245792333238161
72,26,0.09790990315377712,32,5.25531162025896,0.8544146013506495,0.37685128339568974,0.341268492273664
72,27,0.09366357699036598,32,5.478995272988371,0.9362667476333071,0.4003729427200753,0.34392695479646385
72,28,0.07123923487961292,32,5.881190378276315,0.7599384576742381,0.357506400741332,0.3286179805615107
72,29,0.06801240146160126,32,5.851467589749739,0.8985140526870419,0.3501535340113329,0.3151634598090447
72,30,0.16447285376489162,32,5.4619688285201455,0.7500827509180485,0.4097551635437835,0.33344991644127175
72,31,0.061441414058208466,32,5.96028527015475,0.8271345327399144,0.3531656208861662,0.32171430481368185
73,0,0.17519047111272812,32,5.927162704511316,0.8227626214499715,0.2873631741202585,0.2082822236374114
73,1,0.03137819282710552,32,6.034781446199674,0.9211240797644917,0.38667352942285715,0.3267113757216631
73,2,0.03943953104317188,32,5.538707516920892,0.953555884144011,0.49440623562947966,0.45688370863053096
73,3,0.025629263371229172,32,6.398308326487848,0.735229716410025,0.42122307764896716,0.30747819198890947
73,4,0.06644445471465588,32,6.170810614239072,0.7677877263664081,0.40541753414911313,0.30003166885009913
73,5,0.18795105814933777,32,5.546889065828781,1.0101486643404645,0.43811698834801827,0.38605033434023667
73,6,0.11090932600200176,32,5.856948046031315,0.9049068775990801,0.4231982837864308,0.33778790488936483
73,7,0.13450592756271362,32,5.59629183087384,0.8293318275139763,0.43720206373587245,0.3451142562593635
73,8,0.28021342493593693,32,5.564127205790362,0.8258980040945385,0.5107540982516056,0.36310628811331525
73,9,0.2163911946117878,32,5.685033235844265,0.9127317374725274,0.4893212079980057,0.369783460944374
73,10,0.241138631477952,32,4.9140496098487505,0.9101175094780674,0.5430167925226553,0.43605985374152767
73,11,0.169254457578063,32,4.914791921124008,0.9080437008532964,0.46319569810245687,0.38670153153395204
73,12,0.07523727789521217,32,5.799199873417286,0.4849028682292298,0.3746510014493064,0.3120000994289357
73,13,0.2802732940763235,32,4.72227490372099,0.8720666170891551,0.4359663963397208,0.3470440471572021
73,14,0.19929295033216476,32,5.201626770374743,0.9909657449299427,0.47293192750765184,0.3616691779555138
73,15,0.24859215132892132,32,5.530726486780199,0.9231058213853247,0.39925692266085316,0.3459749259595532
73,16,0.20042246766388416,32,5.564599583253497,0.9853672410849121,0.35876492823002437,0.3616076985018003
73,17,0.26957859471440315,32,5.651015252996851,0.950932511534508,0.37916648627674876,0.2664923609569291
73,18,0.19414114952087402,32,5.71035229996491,0.8390934153553662,0.38069601184107166,0.26433634854779225
73,19,0.11568253859877586,32,6.041679234684971,0.7711345511446597,0.3780942899683356,0.2892033951151448
73,20,0.22437922284007072,32,5.782185121365583,0.8818311717707079,0.350591073655843,0.33935753365070154
73,21,0.16315480694174767,32,5.679354944066457,1.0870305638420161,0.36847160928138273,0.34152968029639136
73,22,0.18159965984523296,32,5.630049925085226,0.9348563760376072,0.33074241553912265,0.33213557950494954
73,23,0.0895935632288456,32,5.872578644016063,0.9233087792728094,0.30067743467081787,0.2998474337775768
73,24,0.1335971038788557,32,5.781699229677271,0.9329488985104497,0.3501343353283831,0.3155176856835137
73,25,0.07576566003262997,32,5.689910539586106,1.126365459562745,0.3629871989399595,0.3245792333238161
73,26,0.1076294481754303,32,5.666172081115484,0.8708309122875413,0.3808926025774698,0.341268492273664
73,27,0.09767833352088928,32,5.625881624802588,1.012154579090872,0.4103704167644464,0.34392695479646385
73,28,0.09174853004515171,32,5.877245531655122,0.8930630164798421,0.34462136537589505,0.3286179805615107
73,29,0.05985499173402786,32,6.090434986454191,0.8763579283990204,0.33988286796534917,0.3151634598090447
73,30,0.17164150439202785,32,5.781830737855316,0.791887200965375,0.41206010641969093,0.33344991644127175
73,31,0.06624967977404594,32,5.898949998626495,1.0300391894917018,0.3849551507329185,0.32171430481368185
74,0,0.17035676538944244,32,5.884925042417056,0.7979147751829068,0.23162676403575377,0.22261185023257543
74,1,0.044928085058927536,32,6.19594057361141,0.7851184963068656,0.3291630544872123,0.3267113757216631
74,2,0.027149975299835205,32,5.8577766337056465,0.9850290953239851,0.4070509080021328,0.45688370863053096
74,3,0.02162194810807705,32,6.4056625475463855,0.7571711746547329,0.2591904397591426,0.30747819198890947
74,4,0.043498432263731956,32,6.309021596182859,0.7064949078133136,0.23981992988717293,0.30003166885009913
74,5,0.08660460449755192,32,6.049699144723327,0.7854244685474896,0.30677186917650096,0.40008636558770916
74,6,0.06100289151072502,32,6.213538138016323,0.7776993085573229,0.3535638984662801,0.33778790488936483
74,7,0.06783608719706535,32,5.924108423951958,0.7310059609751747,0.31595392889498586,0.3451142562593635
74,8,0.20673620142042637,32,5.958774239521208,0.8074778179286373,0.30840489641372676,0.37752984828006647
74,9,0.16689074411988258,32,6.180657765077813,0.7767463680754272,0.3490263283393436,0.3781589727840895
74,10,0.18022693507373333,32,5.796987155104845,0.8850699327886131,0.44948390835930585,0.43605985374152767
74,11,0.1644799318164587,32,5.885800222978245,0.7563084834294953,0.41936730497254887,0.3915519893158731
74,12,0.08424988947808743,32,6.277763790405535,0.5093039350591102,0.3362266241357065,0.31516468407545395
74,13,0.4244906585663557,32,4.8833270141837275,0.9302207679946548,0.39486723216084274,0.35480967245814915
74,14,0.3489540033042431,32,5.235484272553377,1.0319341609457888,0.40641624835987955,0.37078978219309683
74,15,0.271041601896286,32,5.626538402565952,0.8779656644164593,0.3211256578292385,0.35859983608967416
74,16,0.21216807700693607,32,5.57629337227267,0.9633467052502089,0.3002077740214797,0.3592052570461558
74,17,0.2947857975959778,32,5.774239674457701,0.8206536645477343,0.2683136242853343,0.2721196552857689
74,18,0.1812846139073372,32,5.810088776225606,0.7483431514957699,0.2257101167904219,0.27556743072413203
74,19,0.10937809012830257,32,6.090580409872866,0.6628775854300937,0.2819523987387006,0.2892033951151448
74,20,0.22563597932457924,32,5.879060282708203,0.7805267275108481,0.302034192798567,0.33935753365070154
74,21,0.1804467123001814,32,5.622186491617155,1.0719143489650413,0.3279926872429768,0.34152968029639136
74,22,0.1940583474934101,32,5.706790731414858,0.8574770101782692,0.30738593027524713,0.33265905114656674
74,23,0.12497838214039803,32,5.758355176970454,0.9678551790748386,0.273770120412028,0.303119238192126
74,24,0.1310077551752329,32,5.751827096123752,0.9438510122192101,0.3260212995930274,0.32436218604860284
74,25,0.07765315100550652,32,5.733029034895815,1.1262858757064889,0.33673770796578884,0.33363153590476974
74,26,0.08627954311668873,32,5.8161653286840345,0.8151638313651492,0.36400775900378,0.34858548469787576
74,27,0.09231153316795826,32,5.89783442949213,0.8883570911391132,0.3956893500727233,0.34392695479646385
74,28,0.08996210061013699,32,5.986973866445135,0.858374309464704,0.3483755866081124,0.3286179805615107
74,29,0.06851724535226822,32,6.16289075532986,0.7295531675732043,0.326664315664991,0.3151634598090447
74,30,0.1524720247834921,32,5.960345821689282,0.7097429233312775,0.39203585751939907,0.33344991644127175
74,31,0.06771536730229855,32,6.225342759524532,0.818862980676462,0.4012170628535494,0.32171430481368185
75,0,0.1838786732405424,32,5.754119143430036,0.8057616478023544,0.2212844149911382,0.23160410680983093
75,1,0.048801494762301445,32,5.9763663810706,0.9067533885276102,0.3495447313305807,0.3287007397185283
75,2,0.030637357383966446,32,5.5983345386828205,1.1257198879818446,0.45661156072078224,0.45688370863053096
75,3,0.047524357214570045,32,6.312432939386127,0.7241670642762168,0.33749929385027577,0.30747819198890947
75,4,0.054673539474606514,32,6.17790736919147,0.799980598692926,0.36023948609585954,0.2987898551984437
75,5,0.14690700359642506,32,6.0562907613255454,0.8934917204099708,0.4177616727393176,0.38605033434023667
75,6,0.08043149672448635,32,6.24958108348511,0.7663583731003287,0.34279842586858406,0.33778790488936483
75,7,0.0982180442661047,32,5.861794651343352,0.6583438556403705,0.33819891711017475,0.33801941681930614
75,8,0.18051244132220745,32,5.888184898796084,0.8552074528203297,0.4022448415346921,0.36310628811331525
75,9,0.20485825464129448,32,6.004807514171221,0.8083135240642676,0.3412998073100415,0.369783460944374
75,10,0.21276642754673958,32,5.635571066989002,0.9324582644635804,0.39368516762105,0.42845644119455645
75,11,0.19589369371533394,32,6.001903512550375,0.7358250843098508,0.32466096354580193,0.3915519893158731
75,12,0.08975666388869286,32,6.245889595703361,0.5654391898548141,0.21601848193961812,0.31516468407545395
75,13,0.46768664568662643,32,4.737966184038482,0.8118148845902553,0.34791344220258263,0.35480967245814915
75,14,0.31790936551988125,32,4.700006744456619,1.098600573616178,0.5986320005197978,0.37078978219309683
75,15,0.2538988348096609,32,5.607415095672156,0.944983519012502,0.39761113004409865,0.3459749259595532
75,16,0.19240065477788448,32,5.467731308253284,1.2042930175625397,0.36279995673451093,0.3529033649346155
75,17,0.2622969653457403,32,5.803294286408649,0.9325665916280341,0.2737246047648514,0.2665503165994675
75,18,0.19167291186749935,32,5.843862150644842,0.8277603182766802,0.2572064389042826,0.2744508158434754
75,19,0.10114274732768536,32,6.18741921078653,0.767033138358876,0.2730923046346678,0.2892033951151448
75,20,0.21235900186002254,32,5.819668199747076,0.9030560477126448,0.3753234691417099,0.33935753365070154
75,21,0.11164053343236446,32,5.868205783664219,1.0446665872508163,0.37861063647244525,0.34152968029639136
75,22,0.16797295212745667,32,5.7022334931471335,0.9327234089097622,0.3338734563619941,0.33265905114656674
75,23,0.06634949706494808,32,6.0099431779149395,0.9047975678370248,0.3041253553545503,0.303119238192126
75,24,0.08833897300064564,32,5.8334842219234835,0.9255903352235793,0.33352273753880524,0.33013458956902075
75,25,0.0660207886248827,32,5.835449024023898,1.0590935536729091,0.33776740105822584,0.34279685278823435
75,26,0.08041954226791859,32,5.777822654250416,0.8724849649416289,0.33114484182661813,0.3616538217593671
75,27,0.08082673139870167,32,5.8713962237761645,0.9391457115607125,0.3544234263315703,0.34834069699803755
75,28,0.0726869497448206,32,5.770528209466516,1.021417640220288,0.34378971982618944,0.3313691793398595
75,29,0.044236477464437485,32,6.0320148952781025,0.9080122818603407,0.31110366225439345,0.3179025766575611
75,30,0.10520123690366745,32,5.852177638425758,0.8089931055132409,0.34375421941899,0.33344991644127175
75,31,0.05195843614637852,32,6.24429304446431,0.859011438955207,0.3329757208005487,0.33272489626171753
76,0,0.1770725455135107,32,5.852158021853369,0.7913376866656066,0.1784462438650038,0.23160410680983093
76,1,0.03509801812469959,32,6.113712792207719,0.82972350327453,0.37737079018284625,0.3340441800247451
76,2,0.02835191786289215,32,6.262344368862944,0.8185370369869451,0.45218135554848804,0.45819911625244386
76,3,0.029967445880174637,32,6.405851216844468,0.751716992314087,0.34735666019563594,0.32178917822415076
76,4,0.037995653226971626,32,6.27092548538533,0.7555654715452054,0.31962453868986934,0.30003166885009913
76,5,0.10417625494301319,32,6.1129558493284195,0.8602594716697318,0.35293655268269936,0.40008636558770916
76,6,0.06432157009840012,32,6.170530155007016,0.8508512639736594,0.3516181001949807,0.34052973217366167
76,7,0.08424116857349873,32,6.138985544427198,0.7066392997433146,0.34178228044082626,0.3402193083589048
76,8,0.2385032195597887,32,5.914296464920179,0.8911877490957316,0.375435835300337,0.36310628811331525
76,9,0.2147602792829275,32,6.226597670903283,0.7622002630287437,0.3477399334855079,0.3628403248659961
76,10,0.22322294302284718,32,5.840452724185146,0.9419560022909037,0.40830931279139604,0.4049895938674816
76,11,0.21964622475206852,32,5.944208035528155,0.8546454273673989,0.34319970422802454,0.38670153153395204
76,12,0.11532427929341793,32,6.46162996156108,0.5226516063212134,0.23866744432745923,0.3120000994289357
76,13,0.4950432609766722,32,5.01726097205901,0.7290937879262742,0.25895089607338706,0.350056283216334
76,14,0.39743570052087307,32,4.568383472455636,1.0812169757386947,0.3068473581838445,0.37078978219309683
76,15,0.28634527139365673,32,5.261887530596723,0.9422177611542617,0.2895191168509566,0.3459749259595532
76,16,0.24972015619277954,32,5.050308298591335,1.1743909282146046,0.3582218220238128,0.3529033649346155
76,17,0.2975687012076378,32,5.423762768718916,1.0326510744841109,0.30465470707657694,0.2665503165994675
76,18,0.19866111874580383,32,5.383277677105294,0.9131182468958601,0.33087344698414123,0.2578768221533929
76,19,0.16752788797020912,32,5.957776202381369,0.8538249102015527,0.3125231973649552,0.28558094349784047
76,20,0.27934110164642334,32,5.358177391229686,0.9972083015409794,0.4154073285208012,0.3504114285882707
76,21,0.18536625616252422,32,5.569369441139666,1.0033572206839372,0.42888753734223817,0.3482377819992878
76,22,0.20917115919291973,32,5.624400105970025,0.878376855746958,0.38081324481170387,0.33422457155800245
76,23,0.10183746181428432,32,5.932244147676625,0.8809055199673894,0.36196240172855976,0.3048431985339922
76,24,0.13586356863379478,32,5.729980954558037,0.9375559876797084,0.3556509629952598,0.3338853085419097
76,25,0.07326871901750565,32,5.889646055777986,0.9644427339564743,0.36390080983494505,0.3433116993344528
76,26,0.10120486654341221,32,5.826161255778691,0.8712065217715219,0.3543614393103356,0.3616538217593671
76,27,0.08002874813973904,32,5.851322115122743,0.9249633244537243,0.34916780658307256,0.35292638552788275
76,28,0.10306755267083645,32,6.099270989841511,0.8228128291272778,0.3805235660683455,0.33983177443874524
76,29,0.056718938052654266,32,6.213824093956801,0.7416904615076421,0.304855249277893,0.3179025766575611
76,30,0.16264147870242596,32,5.8972740439894915,0.751790209062964,0.3818373973171947,0.34271047264802373
76,31,0.06582077406346798,32,6.261131530279416,0.845784141943069,0.3544790966885496,0.3380878609996436
77,0,0.1795686073601246,32,5.828491732253024,0.8102771300821905,0.1306880318315026,0.23160410680983093
77,1,0.03987595997750759,32,6.029319860044705,0.8951240253037156,0.3032697310345264,0.3392685413336626
77,2,0.023798668757081032,32,5.64502326710311,1.0014726373781189,0.42650642032735475,0.45819911625244386
77,3,0.03460102342069149,32,6.364466481134078,0.7734083640976515,0.30431940206395636,0.33039925413986226
77,4,0.0635087750852108,32,6.249300397606859,0.8277624876788163,0.3316495550689129,0.3065340749796407
77,5,0.12783312425017357,32,5.993406037979973,1.0071279420836472,0.44316203306053287,0.40008636558770916
77,6,0.07026026770472527,32,6.297880037234101,0.8427328932692486,0.3887972049934355,0.34720826303178237
77,7,0.11559280380606651,32,6.10783723701686,0.7455801319492901,0.3804917606201226,0.33999059877550053
77,8,0.27957369200885296,32,5.772582008507891,1.0245943743395305,0.4187739676847057,0.3702189118716022
77,9,0.27098857052624226,32,5.858898687923912,0.8678184340856152,0.3458974011087915,0.36283804145703524
77,10,0.2739609833806753,32,5.089405088790082,1.162301454462396,0.4315129609697633,0.40786914341060154
77,11,0.22607232257723808,32,5.745988647723489,0.9552100829619246,0.3410010600316402,0.38670153153395204
77,12,0.11478749290108681,32,6.3726470648258084,0.5471864393081374,0.2516799783997428,0.3120000994289357
77,13,0.40982180275022984,32,4.9137490200544445,0.706376155379921,0.31935327820244636,0.350056283216334
77,14,0.3646638188511133,32,3.851432302646401,1.181981322759278,0.43369940184649874,0.35324980550319107
77,15,0.27074506506323814,32,4.956998768875861,0.8756199500621165,0.31974883935189713,0.3306574770010258
77,16,0.23874572850763798,32,4.702562437867038,1.1235362141856031,0.3209772123893097,0.3526318118315097
77,17,0.20550535060465336,32,5.425571887341521,0.9068184233750856,0.25825537517072683,0.2665503165994675
77,18,0.14454779028892517,32,5.271811797397092,0.8188511427686436,0.24122057044946504,0.2578768221533929
77,19,0.13218415156006813,32,5.7143965292759455,0.8591596909489327,0.2451538018604788,0.28558094349784047
77,20,0.19690095260739326,32,5.018298649268347,1.003831136860029,0.28727396405787187,0.3504114285882707
77,21,0.17198339849710464,32,5.219456753666112,1.1185672976935583,0.29796386668574704,0.3482377819992878
77,22,0.13789987564086914,32,5.310458056204568,0.8788920120721189,0.30267616519183826,0.33422457155800245
77,23,0.11023710295557976,32,5.700652435432582,0.8846575305327935,0.28450222179545404,0.3048431985339922
77,24,0.1153402291238308,32,5.510745056880792,0.9698532762440557,0.31313458400258604,0.3338853085419097
77,25,0.06502570398151875,32,5.660190594235666,1.0164047623715433,0.31353085521455054,0.3433116993344528
77,26,0.08846900053322315,32,5.411757410618554,1.0103081695825278,0.3196932396003508,0.3616538217593671
77,27,0.08712746575474739,32,5.72538718724495,0.894985693858553,0.3296620645605639,0.35029857565363387
77,28,0.08907693065702915,32,5.834402345610596,0.8197920585769616,0.3115779885253841,0.34420554260104225
77,29,0.059131333604454994,32,6.063324388531573,0.7267381097631951,0.2878201690694717,0.31412462659098084
77,30,0.13844804465770721,32,5.517533769270985,0.7914455290812068,0.3469429361502713,0.35121511238408537
77,31,0.06852851063013077,32,6.1865389698994955,0.8739207166061691,0.3114113538444114,0.34726165278891974
78,0,0.1829691343009472,32,5.816638783867327,0.824917125358458,0.1546829080591433,0.23160410680983093
78,1,0.044825658202171326,32,5.973240583414071,0.9173828266199973,0.33661833015352893,0.3340441800247451
78,2,0.10035704262554646,32,5.096301339119297,1.1146627072842197,0.48103833670181506,0.4552961530988693
78,3,0.08385237492620945,32,6.300149870115536,0.6986865329982912,0.3647651864203913,0.32178917822415076
78,4,0.10114451684057713,32,6.055976049706973,0.8519402582030748,0.3504597450273381,0.3159588384420967
78,5,0.16099697723984718,32,5.568547552032669,1.1102727624027828,0.42421486731419333,0.40008636558770916
78,6,0.1079705860465765,32,5.883678592853304,1.024323331556582,0.37380711665153227,0.34720826303178237
78,7,0.15752454288303852,32,5.554876430722368,0.8527382874166651,0.37329146098790644,0.33999059877550053
78,8,0.2857427950948477,32,5.446241935642972,0.9647092091502465,0.40999965323603094,0.3827467717088012
78,9,0.2956374567002058,32,5.474816399667375,0.9804313242485474,0.31616790120900773,0.3613032485916775
78,10,0.2832710687071085,32,4.782898595461226,1.0417532458422585,0.4283607758534358,0.40786914341060154
78,11,0.20338214561343193,32,5.646235327680485,0.8864358071175653,0.3521138214526994,0.3697102270944583
78,12,0.11813660152256489,32,6.350930908718925,0.5142381675587631,0.22630470281026038,0.2954539199712601
78,13,0.4223332405090332,32,4.690795374696009,0.6847492710119427,0.2799477154122149,0.350056283216334
78,14,0.36889776587486267,32,4.323181683307913,0.8983243485418546,0.43789140659464076,0.37078978219309683
78,15,0.2807291615754366,32,5.127365632299499,0.9452875388323072,0.394842572131729,0.3245202432549291
78,16,0.2317149955779314,32,4.829559414388755,1.328634670315389,0.4423259326642647,0.33400950701425813
78,17,0.24954512529075146,32,5.558479055788772,0.9286156187572008,0.38897115808841476,0.2615211920421638
78,18,0.159228952601552,32,5.644515502736237,0.8433054629216912,0.3472934241886118,0.2492135046768738
78,19,0.11793510057032108,32,5.9055241284860305,0.9735873459721525,0.33162092294989415,0.27985520166879035
78,20,0.22201991267502308,32,5.337490394847352,1.12742384690433,0.43079720959262824,0.33935753365070154
78,21,0.16885223239660263,32,5.81285021759584,1.0123492279201303,0.417125973618784,0.34054022820937224
78,22,0.19383062608540058,32,5.8114838836251215,0.9392558969280298,0.4013557596089563,0.3323079359505584
78,23,0.07131155207753181,32,6.026781685500168,0.9069429653113916,0.3562978052368487,0.3024013950126841
78,24,0.09810436517000198,32,5.89263483022447,0.9569381792157632,0.35061676042592294,0.3297720185659163
78,25,0.06637893430888653,32,5.785659336851616,1.1193410024636368,0.37842332468067597,0.3372525545120073
78,26,0.08805065602064133,32,5.682734273452821,0.9758231447673502,0.36960192561450167,0.3568306619126449
78,27,0.05539855174720287,32,6.024347677122244,0.8702031329167488,0.37254283155898327,0.34720992792747624
78,28,0.07814295217394829,32,6.0307672456747525,0.8253677319392807,0.35511772808093367,0.33983177443874524
78,29,0.05482308752834797,32,6.089826472546894,0.8487247212790114,0.3365086582148319,0.31182781278045413
78,30,0.10277840495109558,32,5.709472618015852,0.7901047253110001,0.3865029637280929,0.34534857778463063
78,31,0.04115438275039196,32,6.100976712702167,0.9786663857664823,0.35824772392707027,0.3380878609996436
79,0,0.17572246864438057,32,5.937816070790386,0.813908656769061,0.20730112764621644,0.22643293228752315
79,1,0.04056940972805023,32,6.104933470539511,0.9663734447483625,0.366422318858989,0.3328906923203706
79,2,0.05696730501949787,32,5.528053697382375,1.0893733759267148,0.4796344701330029,0.4552961530988693
79,3,0.03723716363310814,32,6.417267755702872,0.7586289513469664,0.34185723165214055,0.32178917822415076
79,4,0.08335523121058941,32,6.068263385542531,0.9780058747342828,0.3237844497700693,0.3159588384420967
79,5,0.1714880857616663,32,5.642868713210595,1.1364289689379108,0.3458480743504909,0.40008636558770916
79,6,0.1113185454159975,32,6.027856625743561,1.073760840819097,0.3684681218674717,0.34720826303178237
79,7,0.13534460589289665,32,5.843519581455326,1.0116528131505804,0.3962618960320279,0.33999059877550053
79,8,0.2588310167193413,32,5.46724794992877,1.2381422415200847,0.48219827409593796,0.3961512748259788
79,9,0.21335500478744507,32,5.592527764727681,1.1031308432693328,0.47157118563340344,0.3555766133796
79,10,0.20166225545108318,32,5.204193010007268,1.2371722740028028,0.6151168716668318,0.4183350443224159
79,11,0.12976740673184395,32,5.463634059018228,1.0665563262152808,0.5415935285087788,0.3697102270944583
79,12,0.07393382117152214,32,6.148929502045673,0.5601905144425947,0.4587031672454662,0.28919248821911936
79,13,0.26057011634111404,32,5.4711731901362075,0.8362746080448202,0.5570254478579616,0.350056283216334
79,14,0.26002461463212967,32,5.010174568111035,1.1826744965288993,0.5312424736237675,0.39151422184488804
79,15,0.28081779927015305,32,5.507206601264734,0.9765275493839098,0.3590751526873406,0.34121088526817067
79,16,0.20370132848620415,32,4.906323615673543,1.3160893674132117,0.3300008500776869,0.3526318118315097
79,17,0.253900233656168,32,5.466423297776282,0.9298474554809113,0.24574082613038947,0.2665503165994675
79,18,0.1638759821653366,32,5.598223624341228,0.8620333326516381,0.21228526732711273,0.2578768221533929
79,19,0.1321291495114565,32,5.8309303144065465,0.9521367047968265,0.23146840120116569,0.28558094349784047
79,20,0.19484291411936283,32,5.335738814251792,1.0042860769356388,0.26053646651040285,0.3504114285882707
79,21,0.1785544604063034,32,5.728750133325297,0.9960666703381484,0.29348136000157277,0.3482377819992878
79,22,0.18562401831150055,32,5.366173562475087,0.9603133794593592,0.2943755056126759,0.33422457155800245
79,23,0.08276217617094517,32,5.7807881340454115,0.9847552295803323,0.25661745711007095,0.3048431985339922
79,24,0.10270242393016815,32,5.490910693146979,1.0367569148828109,0.27449300369633767,0.3338853085419097
79,25,0.052567142993211746,32,5.4762962506357,1.1781578348928132,0.2983886193793428,0.3433116993344528
79,26,0.11813111789524555,32,5.402103140726962,1.0627888803767123,0.31241776937986665,0.3616538217593671
79,27,0.09012236446142197,32,5.57674647275872,1.0088335030956097,0.3155613405732561,0.35029857565363387
79,28,0.09016495384275913,32,6.036908428911216,0.7613092139976407,0.2808442950667064,0.34420554260104225
79,29,0.05497812665998936,32,6.105766053864572,0.778739792324596,0.2894628756644401,0.31412462659098084
79,30,0.1522944625467062,32,5.702199793414566,0.800347613181609,0.29945569786905124,0.352809470749726
79,31,0.0480080246925354,32,6.142017983435261,0.9433645483928164,0.3059855802018289,0.34726165278891974
80,0,0.18519987538456917,32,5.894797859600391,0.8084407167644594,0.18410153569065682,0.2174633329361905
80,1,0.03508704714477062,32,6.0736941539955165,0.9328155350559157,0.3332967619537093,0.3328906923203706
80,2,0.047189222648739815,32,5.440341171926409,1.1902964121064876,0.4362073753551607,0.4552961530988693
80,3,0.04000898078083992,32,6.3072667646035425,0.7888643185768673,0.2524933246260195,0.3264586891081546
80,4,0.04893972724676132,32,6.159259341053141,0.883972419583829,0.25789437623182376,0.32142924392020555
80,5,0.11289048939943314,32,5.756335330766684,1.0863971734033102,0.36601299751562877,0.3861618066146636
80,6,0.07985630817711353,32,6.053113417257359,0.9670175026336914,0.2993156360626336,0.35259099933063043
80,7,0.11063883453607559,32,5.873144963824485,0.8560981409175437,0.33863007833257314,0.33999059877550053
80,8,0.25723735615611076,32,5.534118009807912,1.0752472128937365,0.44351066751804824,0.3961512748259788
80,9,0.27057600021362305,32,5.6121363736378225,0.9217261672344108,0.49960190847141783,0.3562877564167789
80,10,0.22136342898011208,32,5.0928627636048285,1.1875568104796246,0.5815389436022304,0.4183350443224159
80,11,0.18798097595572472,32,5.859021075315342,0.8194502583443661,0.5737805296137349,0.3697102270944583
80,12,0.10665611736476421,32,6.151700013424539,0.6450243484887199,0.5216152203809219,0.28919248821911936
80,13,0.4813235253095627,32,4.548940219133026,0.720534540379151,0.5802871001979586,0.350056283216334
80,14,0.3570842444896698,32,4.337680832938432,1.0666080920002656,0.5264529609905155,0.4104534786071585
80,15,0.2942506745457649,32,5.3882073200334455,1.0232926843771635,0.35532505712918233,0.3578017434570193
80,16,0.1992325745522976,32,5.121903320397318,1.2649537287071828,0.34876437111706,0.3526318118315097
80,17,0.20936575159430504,32,5.769429368684516,0.8336121135832668,0.23713282533031826,0.2665503165994675
80,18,0.19972331821918488,32,5.689051134531333,0.8417025073543067,0.24543702183594623,0.2578768221533929
80,19,0.1458385717123747,32,5.947577310438891,0.8955332757330456,0.27641269300097615,0.28558094349784047
80,20,0.2592797763645649,32,5.349324392932648,1.1457401497929949,0.3384571711581894,0.3504114285882707
80,21,0.1427493691444397,32,5.736003750639861,0.9832353083419694,0.30560325481430645,0.3482377819992878
80,22,0.1559181921184063,32,5.827835699554948,0.911254661041391,0.34520094719113414,0.33422457155800245
80,23,0.07869270071387291,32,6.030236633726429,0.8885665355994767,0.2818763547813905,0.3048431985339922
80,24,0.07610024325549603,32,6.046269240273719,0.8697610999152365,0.29640881936743374,0.3338853085419097
80,25,0.057915203273296356,32,5.8927168068546285,1.060799299285951,0.3198484141818343,0.3433116993344528
80,26,0.09114873223006725,32,5.872036150289226,0.9095229276548622,0.32293339021973466,0.3616538217593671
80,27,0.07586418092250824,32,6.155251870373867,0.8164378085307318,0.33257995541589286,0.35029857565363387
80,28,0.08692657202482224,32,6.164899960453389,0.8007672041606027,0.2814395501566658,0.34420554260104225
80,29,0.051016807556152344,32,6.060922307733528,0.8924101456753979,0.2922673216791004,0.31412462659098084
80,30,0.1490125935524702,32,5.887345569513365,0.7286088682297427,0.2785947763061425,0.352809470749726
80,31,0.0598725862801075,32,6.28032005258013,0.8564494378334544,0.27234059760991586,0.34726165278891974
81,0,0.16236918792128563,32,5.844976348339753,0.7779896542384037,0.21036812888963108,0.2174633329361905
81,1,0.03476279601454735,32,6.057329831912185,0.9246547391044952,0.2542228856533169,0.3349575460536191
81,2,0.05621097981929779,32,5.547958792847755,1.1611477055674015,0.3936607926597777,0.4552961530988693
81,3,0.03644587844610214,32,6.300322515243577,0.7640361006635938,0.19454760536988058,0.3264586891081546
81,4,0.052190521731972694,32,6.146160078281578,0.9272387425001067,0.21372996072846273,0.32142924392020555
81,5,0.11161688342690468,32,5.811124609309294,1.0573680596627915,0.25748509588424273,0.3861618066146636
81,6,0.0924388449639082,32,5.989489943497215,0.9893585094762738,0.1863186405243794,0.35259099933063043
81,7,0.12339707463979721,32,5.773298016246111,0.8848731153450959,0.20123948808139924,0.3402061793866997
81,8,0.22634599171578884,32,5.501412009572139,1.0397008666398948,0.20033183976888702,0.4061222473853615
81,9,0.2297525331377983,32,5.619719122359389,0.8540292446699658,0.20657352682008479,0.3562877564167789
81,10,0.2213234230875969,32,5.034186275169425,1.166616550665319,0.2901273382848312,0.42993686841159956
81,11,0.21467422880232334,32,5.827554273770664,0.7991439642741227,0.2548313047766337,0.38670153153395204
81,12,0.08944922871887684,32,6.235138097801271,0.6007407763504178,0.19877389795081596,0.28929685457013943
81,13,0.41264822892844677,32,4.530267984924974,0.7175999532642612,0.25578738432502235,0.3561574418843959
81,14,0.3348639775067568,32,4.1630146305716815,1.1250046051964082,0.35093501470883426,0.4240950553504681
81,15,0.2907155007123947,32,5.026336789914648,1.0581653023049107,0.3150130979394732,0.3578017434570193
81,16,0.15976961329579353,32,5.044669945492021,1.0829267363966508,0.3260275682784666,0.35349309657043637
81,17,0.22868860326707363,32,5.538502390637113,0.8334551164448474,0.25992804913347956,0.2665503165994675
81,18,0.18873516842722893,32,5.436282300458718,0.8413165049360192,0.2557825209070192,0.2578768221533929
81,19,0.1460339669138193,32,5.649884048812991,0.9512442752840453,0.2819334431400825,0.27985520166879035
81,20,0.22357023507356644,32,4.923371745190623,1.0379566414501724,0.3696830654199587,0.3504114285882707
81,21,0.15958216786384583,32,5.529939437179333,1.0326132129886592,0.35321636236363185,0.34054022820937224
81,22,0.17236896976828575,32,5.4647523901384885,0.8952050071764255,0.32946184810447615,0.33422457155800245
81,23,0.0794473085552454,32,5.887338302818273,0.8828229882096874,0.29774624994516136,0.3024013950126841
81,24,0.10171794332563877,32,5.671937330008632,0.9179752833789898,0.2957248696855125,0.3297720185659163
81,25,0.050838325172662735,32,5.841425174908634,0.9780616942824292,0.3179108989727835,0.3372525545120073
81,26,0.09608262963593006,32,5.60434641988335,0.9183802077349652,0.3014961335354708,0.3568306619126449
81,27,0.06492792814970016,32,5.853021929117526,0.9284216834086596,0.30267541997897707,0.34720992792747624
81,28,0.0938379056751728,32,6.00283632580652,0.8386702158128525,0.3144588550701293,0.34420554260104225
81,29,0.06482196599245071,32,6.026753164927724,0.8961724981243258,0.2940192773030647,0.31412462659098084
81,30,0.1444552317261696,32,5.943381484963752,0.8086316899886672,0.32551110644575,0.352809470749726
81,31,0.06529672630131245,32,6.227558208700655,0.932225558571437,0.3191609980309758,0.34726165278891974
82,0,0.1636015810072422,32,5.917448609929252,0.7691511131224518,0.14311893964125433,0.21582627194038465
82,1,0.03406487591564655,32,6.17510162524874,0.8085540036562104,0.29427964310559834,0.3312299082204608
82,2,0.05770416930317879,32,5.436163177316739,1.1318175239843393,0.42325983738775363,0.4530810505127222
82,3,0.03834809921681881,32,6.375327677537446,0.7584570756504627,0.2640821373545005,0.3098687432149949
82,4,0.05838862434029579,32,6.1415364634206036,0.9255200926063978,0.2599720693217972,0.32142924392020555
82,5,0.13010774739086628,32,5.865037927020514,1.063308299533964,0.3514715399292483,0.3831054176888824
82,6,0.10377430357038975,32,6.089468728984796,0.9323283351517215,0.3012449040517303,0.35259099933063043
82,7,0.11571409739553928,32,5.855924422890744,0.8043024828335126,0.2790203116516353,0.3402061793866997
82,8,0.2751038372516632,32,5.505311904900786,1.023105090624549,0.34485705332905137,0.4061222473853615
82,9,0.2569436766207218,32,5.694074321717668,0.9640942245389139,0.320231766260875,0.3562877564167789
82,10,0.30326057970523834,32,4.70639799038226,1.2623191232980142,0.38306380237365223,0.42993686841159956
82,11,0.24195188283920288,32,5.596422004598342,0.914659095383521,0.35161129257665324,0.38670153153395204
82,12,0.09663510508835316,32,6.338698401965537,0.5731202862023519,0.3204444751362369,0.28929685457013943
82,13,0.3371824976056814,32,4.976425331967349,0.8276567072812906,0.3361691127054699,0.3561574418843959
82,14,0.32421446591615677,32,4.57762292716156,1.0447330680722695,0.33454706483117524,0.4200578251031891
82,15,0.27864824794232845,32,4.926830708991767,1.0684861642360843,0.24998138514227028,0.3559266956779402
82,16,0.17258770763874054,32,4.849452385017047,1.1224387307091757,0.2360591675044957,0.3479030863781333
82,17,0.2307974062860012,32,5.4061763217380205,0.8408379216565445,0.1611469104710917,0.2665503165994675
82,18,0.16953347250819206,32,5.424748642021457,0.8240280626684173,0.15953921533967244,0.2564944799056509
82,19,0.1631257813423872,32,5.422250687681345,0.9474532151192516,0.187577244786812,0.2798457238694813
82,20,0.2795342653989792,32,4.418979328397104,1.1583763472871436,0.19931513234636586,0.3504114285882707
82,21,0.13049760088324547,32,5.322137765058548,1.0440961413970884,0.21780080303515426,0.3482377819992878
82,22,0.192024951800704,32,4.820918250884224,0.9584939729379887,0.23505295986275024,0.33422457155800245
82,23,0.09186655096709728,32,5.564206103719924,0.9205027370305752,0.1995225579182034,0.3024013950126841
82,24,0.1393273063004017,32,5.218696743684238,1.0264652722883367,0.21691138077766378,0.3297720185659163
82,25,0.05189869366586208,32,5.3727854600660345,1.0976905986054541,0.27673642580194857,0.3372525545120073
82,26,0.11624082364141941,32,5.184886615443856,1.0500931875528128,0.2254993347587655,0.34275314056847683
82,27,0.08460124209523201,32,5.422313269359217,1.0613885185807312,0.2568731513030943,0.34720992792747624
82,28,0.08922028541564941,32,5.772450195319212,0.8674922519597228,0.2582763908660991,0.34420554260104225
82,29,0.05316546373069286,32,6.000187900840651,0.7994977208069232,0.27327708522860933,0.3134004760649202
82,30,0.11521784402430058,32,5.467892605999214,0.8698930883778786,0.29151144792734207,0.352809470749726
82,31,0.05117816664278507,32,6.17511603029463,0.8829899110123076,0.3016416184332953,0.34726165278891974
83,0,0.1999953705817461,32,5.976117094003149,0.7477967036484348,0.20058034220444793,0.20883462826792376
83,1,0.03408106788992882,32,6.130197378019342,0.8612722500542,0.30288950442351587,0.3312299082204608
83,2,0.05475707910954952,32,5.125990314560635,1.136885883320705,0.4368124095676979,0.44419436545182434
83,3,0.03918468579649925,32,6.382530602902068,0.711984288474957,0.25607429434157103,0.3098687432149949
83,4,0.0806744322180748,32,6.198736218363441,0.833563385986487,0.2718082603101112,0.32142924392020555
83,5,0.12416084483265877,32,5.506835316578322,1.1139906617294715,0.3521352978416911,0.3831054176888824
83,6,0.07988277077674866,32,5.942992758209129,1.0034408366902907,0.3236886540689242,0.35259099933063043
83,7,0.14398442395031452,32,5.651014136724799,0.9039530364237205,0.26148378315928306,0.3402061793866997
83,8,0.25072070956230164,32,5.473352109404219,0.949730526148322,0.29553430961348026,0.4061222473853615
83,9,0.2690093033015728,32,5.560407637745325,1.022863540905007,0.2384279785644798,0.3483831309124258
83,10,0.2709851711988449,32,4.832914440106752,1.1842564710776031,0.2907169568055683,0.42993686841159956
83,11,0.24472023360431194,32,5.617251999874906,0.9389091488430443,0.2556662603818005,0.3687655234785937
83,12,0.10540132783353329,32,6.235019577041257,0.5891076469579382,0.16368936596644207,0.31516468407545395
83,13,0.29129975475370884,32,5.264480254795565,0.7697392539909274,0.17012777265562745,0.3540146008706446
83,14,0.30209535732865334,32,4.457791918911328,0.9295894216073908,0.27677326427357635,0.4200578251031891
83,15,0.25086683966219425,32,4.956540626570471,0.8777078016804989,0.28850040327240273,0.3559266956779402
83,16,0.16903897561132908,32,4.9526094436980515,1.0259355298492991,0.3000571202767215,0.3479030863781333
83,17,0.22552441619336605,32,5.510387967077335,0.8186645896153077,0.1889429303237558,0.2641208367094069
83,18,0.14272320456802845,32,5.646343798721354,0.7796003771862532,0.22903007790231636,0.2506097713714827
83,19,0.14092505164444447,32,5.576286871826475,0.8871132823480758,0.25378468510650376,0.2798457238694813
83,20,0.22570114582777023,32,4.6488096616611365,1.196427394387963,0.3493422728644623,0.3504114285882707
83,21,0.14096776209771633,32,5.472976924576536,1.0163351434791297,0.30893389930753357,0.34271677564334846
83,22,0.17105991393327713,32,5.2075994918638475,0.8801174148862181,0.3340860729148094,0.3323079359505584
83,23,0.09472348168492317,32,5.733799766209707,0.9007439165576052,0.2744069031342536,0.2992118423079896
83,24,0.13498972728848457,32,5.261820411820021,1.0296231603651291,0.32035922364283215,0.31957794179780674
83,25,0.05920565314590931,32,5.678659042893978,1.0490623057847026,0.33456253127836433,0.32829306107381157
83,26,0.1273074485361576,32,5.168568221639286,1.0487999185920964,0.3302215128283823,0.33056924151410727
83,27,0.11929354816675186,32,5.405848339863373,1.018096922978848,0.32673153477294264,0.34720992792747624
83,28,0.11852898821234703,32,5.743432122142748,0.9209952115584485,0.29048047068268157,0.34420554260104225
83,29,0.0682865958660841,32,5.847823539211011,0.8656111006130418,0.26372025293796814,0.3079794557661432
83,30,0.18327968567609787,32,5.372392304146409,0.9297090272906097,0.2884356297453403,0.34534857778463063
83,31,0.0673163291066885,32,6.239392625328563,0.824229682014197,0.2692818589237843,0.34214951258982484
84,0,0.17933570221066475,32,5.830246617232765,0.7859068463999952,0.12952115247941456,0.20883462826792376
84,1,0.044850585982203484,32,6.25892381801931,0.7764848387663967,0.2933895636247761,0.3312299082204608
84,2,0.06264588423073292,32,5.086600152240746,1.2187964598192496,0.4192677989844035,0.4365098924614293
84,3,0.0440564788877964,32,6.291817777259652,0.7253540304439756,0.21583206353367096,0.3098687432149949
84,4,0.08323759585618973,32,6.202355692435644,0.7968077084598146,0.23507140258836223,0.32142924392020555
84,5,0.1315204780548811,32,5.611001255889371,1.0727310492659345,0.3088791026519323,0.35947477509916403
84,6,0.06178993172943592,32,6.01931702087048,0.924080342696258,0.2265896509161881,0.35259099933063043
84,7,0.10403525456786156,32,5.587888755411642,0.8931169708028062,0.28408343365979577,0.3402061793866997
84,8,0.23054379038512707,32,5.383197926371967,0.9963724388545661,0.24428660972686658,0.4061222473853615
84,9,0.2694606017321348,32,5.457268616049877,1.0273494734393607,0.2253577795340208,0.3468186672971497
84,10,0.26372508704662323,32,4.883039237306569,1.1960159813824855,0.3377624030487847,0.42993686841159956
84,11,0.22056418471038342,32,5.741959177316794,0.8926332692785772,0.286150577437965,0.3687655234785937
84,12,0.07126552984118462,32,6.335967475321889,0.6020715737133786,0.21354804421931853,0.31516468407545395
84,13,0.3103353101760149,32,5.172199761862425,0.8047904581192435,0.350543778381749,0.3540146008706446
84,14,0.39532642252743244,32,4.348122200122247,1.0508963376125857,0.5504843449239392,0.4200578251031891
84,15,0.26014927588403225,32,5.422331698771932,0.9757029907060728,0.45069253829030487,0.3559266956779402
84,16,0.17924614809453487,32,5.05204791670799,1.273983903131855,0.4401942847533493,0.3479030863781333
84,17,0.20809932798147202,32,5.563011226525356,0.9419395336443843,0.39772252701849586,0.2641208367094069
84,18,0.17629956640303135,32,5.70265308618224,0.8715388501617767,0.3911892897705658,0.2506097713714827
84,19,0.12225151993334293,32,5.927012837518619,0.939617145255875,0.3901154929928913,0.2798457238694813
84,20,0.20778293162584305,32,5.482482071384251,1.0272587527208836,0.4740433951391104,0.3499666732601526
84,21,0.16941699385643005,32,5.833390994712948,0.9982536521755936,0.4387668322655609,0.34271677564334846
84,22,0.17002524062991142,32,5.72336469359705,1.0074359662801395,0.4448328568772527,0.33397976463840173
84,23,0.06563841551542282,32,6.0628469790048864,0.9169058651435371,0.3756725817015618,0.2992118423079896
84,24,0.05882824771106243,32,5.85877952273894,0.9638676348491533,0.3981187335636649,0.32319026161792974
84,25,0.0436308179050684,32,5.701279698920894,1.1634424938529673,0.3945795808295798,0.3356501196220766
84,26,0.08878301456570625,32,5.704252988320009,0.9806234066259831,0.3999523801744591,0.3306831773275002
84,27,0.07240528054535389,32,5.871412597250245,0.9586988623104178,0.4108808853502676,0.34720992792747624
84,28,0.08308408968150616,32,6.060325744162216,0.8592122148224544,0.37860039236895515,0.34420554260104225
84,29,0.058613577857613564,32,6.023010122883848,0.9065546631868546,0.3374528086306132,0.3079794557661432
84,30,0.12359786592423916,32,5.811930981830666,0.8448651363070132,0.3966630371654136,0.34534857778463063
84,31,0.04939444363117218,32,6.220702834051021,0.887999863393377,0.35770232033069793,0.34214951258982484
85,0,0.1766242105513811,32,5.883115967660122,0.8469678973569517,0.17792487542803975,0.20883462826792376
85,1,0.047009602189064026,32,5.944009602021288,0.9917356771851162,0.3809468960290333,0.3312299082204608
85,2,0.07437392510473728,32,5.206165537632174,1.273421344737855,0.5087741129416133,0.4365098924614293
85,3,0.04156116582453251,32,6.4023373828829735,0.7885937114756194,0.34073104117023206,0.3098687432149949
85,4,0.05696605518460274,32,5.9467564486359255,0.9830010514884808,0.3460952251179783,0.32142924392020555
85,5,0.12895231693983078,32,5.655754815320959,1.0937688420311886,0.4052650057224163,0.35947477509916403
85,6,0.11525195091962814,32,5.909261444585825,1.0565234528037788,0.405458427687156,0.35259099933063043
85,7,0.11853123642504215,32,5.797845076049577,0.9347697735424552,0.409893204610156,0.3402061793866997
85,8,0.20439711026847363,32,5.700199885935215,1.0602418513065066,0.4220410749896853,0.4061222473853615
85,9,0.21549995243549347,32,5.648525746811643,1.0226176034695609,0.3389820678830494,0.3468186672971497
85,10,0.25612028129398823,32,5.389497193089785,1.1652923893191796,0.4870079005036986,0.42993686841159956
85,11,0.19907870143651962,32,5.842233184129673,0.886657188700859,0.4111672623053789,0.3687655234785937
85,12,0.07695480808615685,32,6.381450261173536,0.571513932857191,0.2571679542615672,0.31516468407545395
85,13,0.40754985995590687,32,4.812870074898463,0.7691295534898543,0.3520566111506992,0.3492286102921658
85,14,0.38515025563538074,32,4.306440089932648,1.1847674851703278,0.3334350505581595,0.4357954042205697
85,15,0.31441458873450756,32,5.366954573447487,0.9378669459145552,0.28775772783888315,0.3572001049082615
85,16,0.22890162654221058,32,5.003529438575809,1.2037276842510032,0.3339617462722645,0.35349309657043637
85,17,0.21628930233418941,32,5.682720992857153,0.8169174628916505,0.2587730563636669,0.27101911452509286
85,18,0.17939210683107376,32,5.658643483324242,0.8536005845625283,0.22863647020980918,0.2564944799056509
85,19,0.1536457110196352,32,5.671221534121132,0.9178904734454152,0.29807678986636443,0.28194292093939155
85,20,0.24595827423036098,32,5.369750631819677,0.9856338714070318,0.3567289466245014,0.35466148090358623
85,21,0.18442322686314583,32,5.64873032045065,0.9817045208163666,0.370420382243175,0.351815345898448
85,22,0.22128453105688095,32,5.620028800917835,0.9147130771220997,0.3986045079789708,0.33397976463840173
85,23,0.12541615962982178,32,5.840718557390704,0.9254636358602211,0.38324645917224254,0.2992118423079896
85,24,0.10860179178416729,32,5.69102895692842,0.9980893432462778,0.40251693953229223,0.32319026161792974
85,25,0.081534868106246,32,5.782883285550904,1.072171642173303,0.4109547586147072,0.3356501196220766
85,26,0.10205785371363163,32,5.840742031693827,0.90937170414061,0.4045147385982819,0.3306831773275002
85,27,0.09535830095410347,32,5.82869111964273,0.9741023638130493,0.40395096565743793,0.34720992792747624
85,28,0.11028320156037807,32,6.178124393574462,0.7708932590781901,0.40357449909216603,0.34420554260104225
85,29,0.059065937995910645,32,6.0691452984691985,0.8254897171530367,0.355534881884088,0.3079794557661432
85,30,0.16524584777653217,32,5.74870216557872,0.8450742418094199,0.45284187447657853,0.34534857778463063
85,31,0.06713013350963593,32,6.32077376521434,0.8226399630689576,0.38837818808556585,0.34214951258982484
86,0,0.1620462518185377,32,5.908879582117942,0.783272213409874,0.20019524629933022,0.20394073492533218
86,1,0.03358306363224983,32,6.172204096061305,0.7790726319688952,0.28830198331883333,0.3312299082204608
86,2,0.04511663131415844,32,5.532042048736011,1.061206714164613,0.4378150393746514,0.4365098924614293
86,3,0.03655683435499668,32,6.371402316033154,0.7970454223471455,0.2619062254218976,0.3098687432149949
86,4,0.09376610070466995,32,6.1268183625867145,0.9426197371697596,0.29119977213058523,0.32142924392020555
86,5,0.14138893224298954,32,5.815462655219498,1.0722697732462914,0.32529004423019975,0.35947477509916403
86,6,0.12271508574485779,32,5.982361160819549,1.018137788201825,0.28387937214810555,0.35259099933063043
86,7,0.08498533070087433,32,5.922924112295029,0.8580271526267049,0.23781426160205887,0.3402061793866997
86,8,0.24406271986663342,32,5.762791116034425,1.030393193757961,0.2713488147812336,0.4061222473853615
86,9,0.2719835862517357,32,5.791897242650888,0.97979868547732,0.2676177919581806,0.3435986042094165
86,10,0.309721902012825,32,5.210908100562266,1.1482374904575554,0.3438156752246231,0.42993686841159956
86,11,0.24128305912017822,32,5.534001672476563,0.9831869418644033,0.2525074026359775,0.3687655234785937
86,12,0.10082119517028332,32,6.2480359857006835,0.6080820514396788,0.19048799676989736,0.28463621002076145
86,13,0.40393953397870064,32,4.41567163026869,0.8185410126611821,0.22053765160246058,0.3492286102921658
86,14,0.34698539786040783,32,4.569206627485274,1.0610810788651115,0.25964383252691203,0.4200578251031891
86,15,0.3011628668755293,32,5.276801024773392,1.0020918555750002,0.23703976925951684,0.3392339232657421
86,16,0.22469519823789597,32,4.919515962268047,1.2034674087846984,0.21038610237218647,0.3413630586946622
86,17,0.22895260713994503,32,5.585366755111991,0.8796155701086166,0.1630943257969717,0.2641208367094069
86,18,0.15752889588475227,32,5.728750313592519,0.8412119907790006,0.15530168044927534,0.2506097713714827
86,19,0.16985799930989742,32,5.605044528765222,0.9009403881035078,0.1608515399181991,0.28194292093939155
86,20,0.2651474066078663,32,5.1880488658197015,1.0170484727891482,0.18381368032353215,0.35366001014017223
86,21,0.20766955614089966,32,5.554356753649408,1.0242991637107908,0.19887221888961226,0.351815345898448
86,22,0.22994709201157093,32,5.519391326696351,0.9209759611402779,0.1814435955334839,0.33397976463840173
86,23,0.12062879279255867,32,5.81056295105444,0.8832085796205433,0.15901949193970422,0.2992118423079896
86,24,0.1071712113916874,32,5.6431935843664585,1.0277737587195794,0.15690701339197483,0.32319026161792974
86,25,0.07570248655974865,32,5.692703540407566,1.11757854367605,0.1980849655829907,0.3356501196220766
86,26,0.10565762221813202,32,5.7880641665547055,0.9154328247640615,0.15243777267559214,0.3306831773275002
86,27,0.10327671095728874,32,5.692117046194893,1.0373202202282474,0.16637798262397813,0.34720992792747624
86,28,0.12009032443165779,32,6.051259729555727,0.8341676016861754,0.19853005962182838,0.34420554260104225
86,29,0.06426846608519554,32,6.01205080912405,0.8407425580729004,0.19990698323058467,0.3079794557661432
86,30,0.1632891185581684,32,5.758505480960321,0.8739468421371166,0.16867054604568696,0.34534857778463063
86,31,0.0609444435685873,32,6.183544325836464,0.8904368784637633,0.2254636636217074,0.34214951258982484
87,0,0.1833464503288269,32,5.8192589140756725,0.8250216258439673,0.20378970259249662,0.20038779425188907
87,1,0.04182329960167408,32,6.075999668451887,0.8358927709175283,0.3049093580369308,0.3312299082204608
87,2,0.06114712730050087,32,5.146347338304541,1.186306031243208,0.4709422324203747,0.43731372447117467
87,3,0.060385314747691154,32,6.338764985520304,0.7220271246341632,0.2834150140209456,0.2842007697092284
87,4,0.0947897620499134,32,6.169991797228903,0.8437088051975055,0.2622330158881039,0.30541215541022726
87,5,0.20554739981889725,32,5.63161753258537,1.1832195621622077,0.34476629106923257,0.35253592526219524
87,6,0.18455655127763748,32,5.707182589196563,1.135072367234348,0.319375871027639,0.34720826303178237
87,7,0.07442006282508373,32,5.817793541312078,0.8955748093236,0.37279384575452623,0.33841449772137394
87,8,0.1880467440932989,32,5.704287126579668,0.9626831691297904,0.47465596447175606,0.38884033841751453
87,9,0.18658192828297615,32,5.5896144439304525,1.0532559445664234,0.4907764940479203,0.34014093759654546
87,10,0.24926106445491314,32,5.087995796642474,1.1071796257701925,0.6876634822712893,0.4183350443224159
87,11,0.20907524973154068,32,4.791828744144086,1.091826375296355,0.6447676373508247,0.35186255701467634
87,12,0.0926734171807766,32,5.334282994173176,0.5957278608994256,0.5402440035095598,0.254423966330655
87,13,0.2626227177679539,32,5.018944446653411,0.7194089508660744,0.7724215305650498,0.3492286102921658
87,14,0.2695725504308939,32,4.500732267600961,1.0015547759333936,0.7805498971575556,0.4200578251031891
87,15,0.13658511452376842,32,5.299994162868023,1.0199474125038366,0.651541581075868,0.33822535747921045
87,16,0.16711370088160038,32,5.44364796674725,1.1117494858597912,0.5189670202637346,0.3413630586946622
87,17,0.1303237285465002,32,5.7065502356075815,0.8897642977841125,0.3662901966486801,0.2641208367094069
87,18,0.13076280243694782,32,5.623845007049072,0.9338220122939029,0.35064432633783427,0.2506097713714827
87,19,0.1856566984206438,32,5.474427125238057,1.0380553460232917,0.35197097399250354,0.28194292093939155
87,20,0.194619532674551,32,5.09837967903179,1.1371943528193116,0.35432031106692896,0.35366001014017223
87,21,0.08052408136427402,32,5.654551753069432,1.0071327184009906,0.36326527321130353,0.351815345898448
87,22,0.08133208565413952,32,5.554214575580387,0.8801863786611284,0.3217618933848,0.33397976463840173
87,23,0.06568189524114132,32,5.646961163828143,0.9969197889513701,0.3150171811695782,0.2992118423079896
87,24,0.08135872334241867,32,5.519681690057412,1.0559183095135953,0.32663931491015163,0.32319026161792974
87,25,0.05534033663570881,32,5.553825087064464,1.11016298100692,0.3662159754316966,0.3356501196220766
87,26,0.08791143447160721,32,5.3656136817087825,1.0311493682026045,0.3704369184315138,0.3306831773275002
87,27,0.10166281275451183,32,5.479547058678643,1.0023777676533605,0.3950275960109437,0.3408738809994827
87,28,0.07287436351180077,32,5.873995263232423,0.8292849917591072,0.3840405186083671,0.34420554260104225
87,29,0.1057208701968193,32,5.534445284821025,1.1188656593298738,0.40779126138441646,0.2994372632904788
87,30,0.16109532304108143,32,5.172970410749215,0.8893091911441591,0.44559384287915293,0.34534857778463063
87,31,0.04615895263850689,32,6.045865158257857,0.9332946377766147,0.37435818378691477,0.32761275606262263
88,0,0.15596260130405426,32,5.815832533574487,0.7568117148231295,0.20310466297350144,0.20038779425188907
88,1,0.028162362053990364,32,5.989114239153462,0.8794208909353944,0.31444177779463267,0.3312299082204608
88,2,0.05517062172293663,32,5.231916243114939,1.0668672161814143,0.4560695241046846,0.4449981974615697
88,3,0.0405191108584404,32,6.3336748736377455,0.7182677598205753,0.239259990005826,0.293867208042451
88,4,0.07860617898404598,32,6.075880287663816,0.8545242664171724,0.2505814135110462,0.30541215541022726
88,5,0.15737764909863472,32,5.453238529683615,1.189205033418971,0.3514942927570903,0.35253592526219524
88,6,0.07577969320118427,32,5.491275229390489,0.831043265885242,0.4628689284932244,0.34720826303178237
88,7,0.04362364113330841,32,5.312076293134243,0.6133584391704474,0.5162743257346689,0.3402061793866997
88,8,0.041946373879909515,32,5.048906123544571,0.666177160116395,0.6215485562978088,0.4061222473853615
88,9,0.02702528052031994,32,4.787854932747706,0.8906842473619543,0.6442447967040601,0.3435986042094165
88,10,0.05387716740369797,32,4.963707314398364,0.7939532661653805,0.5881273590082454,0.42993686841159956
88,11,0.04146302305161953,32,4.520697281018873,0.7476215076203934,0.5959226262794247,0.35186255701467634
88,12,0.027905331924557686,32,4.428508649080762,0.4781606937770002,0.48943839131399136,0.254423966330655
88,13,0.07315887324512005,32,3.899598582762909,0.6989986539569655,0.6361070914298043,0.3492286102921658
88,14,0.06998277641832829,32,4.081571681470555,0.9203019820533616,0.5645766006260293,0.4357954042205697
88,15,0.0536351203918457,32,4.296083754643013,1.2027762792121823,0.5473190601108286,0.33822535747921045
88,16,0.05498374067246914,32,4.395712223286028,1.1385525482049443,0.5932039142120453,0.3413630586946622
88,17,0.05091714859008789,32,4.968888912813842,1.011520114462705,0.536680833456224,0.2641208367094069
88,18,0.02487475425004959,32,5.8851907711761235,0.633410482883205,0.5258014639440554,0.2506097713714827
88,19,0.029783960431814194,32,5.907004718530608,0.7017332875226217,0.5067835978005177,0.28194292093939155
88,20,0.03649985045194626,32,5.865670519781398,0.8549881761814273,0.6027484046460816,0.35245569236138596
88,21,0.021604323759675026,32,5.654851698278532,1.0414304054375618,0.5141594490773382,0.351815345898448
88,22,0.05229865200817585,32,6.06909033864454,0.8881275630424588,0.47348902387753833,0.3323079359505584
88,23,0.04109959490597248,32,6.108940462928861,0.8953756194169298,0.4293733941063731,0.2992118423079896
88,24,0.05704253911972046,32,6.129384106276616,0.7835461071565009,0.41528519783144785,0.3263303072515895
88,25,0.05615738034248352,32,5.767201430520947,1.0422773386776232,0.4017106376051325,0.3372525545120073
88,26,0.09686655551195145,32,5.746913096244675,0.8956084367227302,0.39801723652530885,0.34275314056847683
88,27,0.17575484327971935,32,5.246261687215862,1.2544397257051072,0.41626808781809155,0.35179561645732144
88,28,0.1135549284517765,32,5.481318709682644,1.053462156888787,0.42295602951587447,0.34420554260104225
88,29,0.08058777451515198,32,5.562291526033951,1.0330822699962061,0.41855941900435545,0.3079794557661432
88,30,0.22072356566786766,32,4.56333900625895,1.2608773532954727,0.4748983476619309,0.364390166733733
88,31,0.03357296623289585,32,5.588868455379497,1.1896779835215927,0.35996517313598064,0.34307067084335746
89,0,0.19997427240014076,32,6.017643828488897,0.6776157659702964,0.16768633879880165,0.20038779425188907
89,1,0.02621217630803585,32,6.039157009711628,0.8904540718356602,0.2901029216920188,0.3218024161409225
89,2,0.04495001398026943,32,5.276462890061892,1.1129808427959018,0.37169528927923134,0.4449981974615697
89,3,0.05359238386154175,32,6.398035908589138,0.6889684082364447,0.24262642899494638,0.27374857568772304
89,4,0.052137263119220734,32,6.293853095828265,0.7222397390797708,0.2587156917745308,0.2815040162203482
89,5,0.08262640237808228,32,5.671169127539519,1.0685007927665717,0.38631099201243946,0.35181479529939075
89,6,0.05134183168411255,32,6.073391042476397,0.921436984686876,0.6064703115654999,0.34720826303178237
89,7,0.12875748425722122,32,5.855028950397713,0.8065876985821365,0.6664696144613615,0.3402061793866997
89,8,0.2058446016162634,32,5.484678340953394,1.0396781045015029,0.76692058860648,0.4061222473853615
89,9,0.2095771376043558,32,5.643379933872373,0.960181425117435,0.7760517755171299,0.3435986042094165
89,10,0.2585551552474499,32,4.906959895602579,1.2248692617437786,0.8097832526390969,0.42993686841159956
89,11,0.20654460415244102,32,5.418739900201237,1.0407056955593426,0.7643632585171629,0.35186255701467634
89,12,0.07171951793134212,32,6.112992105650594,0.6851172610942378,0.7452955108029888,0.254423966330655
89,13,0.3149577807635069,32,4.787289395937654,0.8846568399278931,0.8789567489811035,0.3492286102921658
89,14,0.2806976269930601,32,4.8043621952178155,0.9247873497785575,0.8520700345197272,0.4357954042205697
89,15,0.2143410909920931,32,5.374802761130144,0.9628789406568101,0.7805495756454488,0.33822535747921045
89,16,0.1880378033965826,32,5.0373748155366656,1.135595756474859,0.75201639873602,0.3413630586946622
89,17,0.14309439063072205,32,5.8016669627977455,0.8161837674015553,0.6836873085490817,0.2641208367094069
89,18,0.1160523071885109,32,5.729009313858509,0.8812361146613883,0.6214109226624724,0.2506097713714827
89,19,0.13109083101153374,32,5.63192855662637,0.9098458740803963,0.5695096678014168,0.28194292093939155
89,20,0.20263596437871456,32,5.057361878896227,1.089984030327395,0.6542693718328094,0.35245569236138596
89,21,0.1692797690629959,32,5.673307912972176,0.9962829664314912,0.5768600218934703,0.3582408177874677
89,22,0.1721300706267357,32,5.533940434853385,0.9435629796414577,0.5427010986746722,0.3323079359505584
89,23,0.11582122929394245,32,5.70664380748352,1.015507176097203,0.48239634602825937,0.2992118423079896
89,24,0.1369206290692091,32,5.316433937558992,1.1200660234277269,0.5013837016451984,0.3263303072515895
89,25,0.06701746955513954,32,5.687699425947086,1.0845399058995824,0.43899287532145437,0.3372525545120073
89,26,0.12315157614648342,32,5.418949547834683,1.0387616442113403,0.46328453706347794,0.34275314056847683
89,27,0.10100458934903145,32,5.565109543829141,1.0708775977237437,0.5030315267462189,0.35179561645732144
89,28,0.1103320810943842,32,6.014438788665775,0.8665573844965255,0.4972798076745362,0.34420554260104225
89,29,0.07145996391773224,32,5.959154982635478,0.8953914906556708,0.43895542256265424,0.3079794557661432
89,30,0.20144583098590374,32,5.5154073931009675,0.9807597884984185,0.5486536621472111,0.364390166733733
89,31,0.06305963173508644,32,6.174652311788481,0.9214747536099734,0.45112111519155595,0.34372740874454916
90,0,0.18280882574617863,32,5.8515476218258415,0.79784233316669,0.15473245621906534,0.19214839099499353
90,1,0.034378884360194206,32,5.959732482007032,0.9683617805341447,0.33436763344655945,0.30967556791578177
90,2,0.026162657886743546,32,5.613105893894601,1.2016222286353067,0.4675564624062899,0.43731372447117467
90,3,0.04311669431626797,32,6.325582313816117,0.7750758696809381,0.31385037221552914,0.2629941813881991
90,4,0.08211066015064716,32,6.098322286014961,0.9245988902624438,0.31687706610162614,0.26702063809910753
90,5,0.08328536711633205,32,5.992887428022726,0.9951978464722906,0.38561550633187747,0.35181479529939075
90,6,0.07759534008800983,32,5.680949851940136,1.1862922720157592,0.41376925330753694,0.34720826303178237
90,7,0.07107996009290218,32,5.735457142701596,0.8983958265771124,0.381158946804249,0.3402061793866997
90,8,0.1410091035068035,32,5.785868773630775,0.9875316140572314,0.47136430355818837,0.4061222473853615
90,9,0.15181983076035976,32,6.116176398080173,0.8618575755405127,0.44127791147514195,0.3435986042094165
90,10,0.18417305685579777,32,5.846002046891399,0.9557844849918888,0.5317206378274353,0.42993686841159956
90,11,0.15851760283112526,32,5.78672177515474,0.9189231041399237,0.3752821769179339,0.35186255701467634
90,12,0.0416596494615078,32,6.148996345446847,0.5927738826601736,0.3478997938781613,0.254423966330655
90,13,0.28418460488319397,32,5.631070097069944,0.9086086717647515,0.5654663987183559,0.3492286102921658
90,14,0.27561712078750134,32,4.986227469945085,1.1211119971363956,0.6491410795184906,0.4357954042205697
90,15,0.19116502813994884,32,5.658148768595066,0.9707389224873602,0.5539673201609681,0.33822535747921045
90,16,0.1783152036368847,32,5.732281988088797,1.1044961139823224,0.48338465869221925,0.3413630586946622
90,17,0.22720081359148026,32,5.589352744389268,1.1577235809894564,0.44091464002015524,0.2641208367094069
90,18,0.1515222229063511,32,5.928015777455835,0.9188042408832668,0.4222688080385562,0.2506097713714827
90,19,0.07216767966747284,32,6.196268311552412,0.7870070339902195,0.4249347050656346,0.28194292093939155
90,20,0.2259938232600689,32,5.7445987866685115,1.053849332239297,0.5464655716100686,0.3555246288457152
90,21,0.08739329688251019,32,5.802679734829172,1.088775298703423,0.45414057905926897,0.3582408177874677
90,22,0.08353444933891296,32,5.934121042445691,0.9713955322651984,0.47832727274518816,0.33397976463840173
90,23,0.05705299228429794,32,6.153379406942043,0.9374580091129907,0.43882226590957096,0.30093580264985587
90,24,0.05712155997753143,32,6.206675145694372,0.7932391302231432,0.448198849296153,0.3263303072515895
90,25,0.03244119882583618,32,5.892569975581358,1.0941212290235596,0.40624390227496177,0.3372525545120073
90,26,0.06557183153927326,32,5.799274873003153,0.95053312102789,0.4456907596267217,0.34275314056847683
90,27,0.041987013071775436,32,6.201540524737224,0.8356153505734589,0.4562211487785906,0.35179561645732144
90,28,0.06050833873450756,32,6.046580448226827,1.0057426856231935,0.44862174027992446,0.3460826532171509
90,29,0.042270345613360405,32,5.907214721172471,1.009550152062305,0.43218291202556847,0.3079794557661432
90,30,0.10027755796909332,32,6.070530072063843,0.8460835421217379,0.4887029862766645,0.364390166733733
90,31,0.04094177484512329,32,5.931958968018045,0.9905903277727868,0.39774111721349725,0.34372740874454916
91,0,0.1839388981461525,32,5.739661568812329,1.024443237364645,0.39247368752896566,0.18127388977783032
91,1,0.03956149145960808,32,6.1683363721907085,0.8090460237073227,0.42863413298762554,0.30967556791578177
91,2,0.02239026501774788,32,6.00363974498858,0.8881377373105703,0.5559831752695448,0.4449981974615697
91,3,0.024965308606624603,32,6.139070262461811,0.9115431662286841,0.41214193834202545,0.27374857568772304
91,4,0.04003501869738102,32,5.811751251568991,0.79081469173431,0.4099834757817767,0.2815040162203482
91,5,0.07185926288366318,32,6.031165581643503,0.7811635508656316,0.39489431120348795,0.35253592526219524
91,6,0.06681567057967186,32,5.8294134908861315,0.9123791918223532,0.395308606406616,0.34720826303178237
91,7,0.06911855563521385,32,5.64523022274585,0.7767367110903018,0.344017475400577,0.35728806309767625
91,8,0.12206671200692654,32,5.686624446685037,0.7959404137285455,0.361686397929858,0.4143868104603683
91,9,0.06835879944264889,32,5.722293415788123,0.8311077156111519,0.4217514058477544,0.3435986042094165
91,10,0.1225146483629942,32,5.038205251613004,0.829083528021437,0.5290662956673144,0.42993686841159956
91,11,0.11252794228494167,32,4.911470608935813,0.808716860200624,0.5245097030477517,0.35186255701467634
91,12,0.04907083138823509,32,5.312973935012372,0.5311198873025349,0.4275458913678033,0.254423966330655
91,13,0.1904810331761837,32,4.591115421459854,0.6116868678804463,0.6332572345583216,0.3492286102921658
91,14,0.17080729827284813,32,4.313822527994881,0.8442184802418193,0.7231439730804294,0.48217218379257815
91,15,0.07278570719063282,32,4.854907390881273,0.934523219219658,0.621497697837942,0.3572001049082615
91,16,0.07285723276436329,32,4.798092169237345,0.9694276998523748,0.6080585099270857,0.35349309657043637
91,17,0.04094553925096989,32,5.213015001641212,0.8693864663647615,0.5818625720355228,0.26682632694916547
91,18,0.025643721222877502,32,5.6422131319004105,0.7418423604840791,0.5040566388678063,0.2564944799056509
91,19,0.020054331049323082,32,5.722506593974588,0.6824389140665899,0.4669804904550942,0.29000511650322347
91,20,0.02924015372991562,32,5.755488577640241,0.7385716458331935,0.5314881589849508,0.3632060060222301
91,21,0.01628032512962818,32,5.685992001700084,0.8901657038726967,0.47618332290562326,0.36684282772723925
91,22,0.03218926303088665,32,5.694787419385392,0.843848399808568,0.4771464408945977,0.3396435100529718
91,23,0.018604028970003128,32,5.763470075105776,0.9230663013225362,0.45194008247127815,0.30957126826206427
91,24,0.026954857632517815,32,5.666419864085649,0.8478329854843727,0.4460206550581886,0.33008102622447844
91,25,0.020522430539131165,32,5.416302310253979,1.1474153718736089,0.4391523606106883,0.35083410544658544
91,26,0.02015978842973709,32,5.254869456265778,0.8658181922069064,0.5010652508477004,0.34275314056847683
91,27,0.023475272580981255,32,5.745724776135816,0.8541946403898972,0.4648661405623211,0.35179561645732144
91,28,0.026601718738675117,32,5.57705373792974,1.0014737564163232,0.49953395060314165,0.34945372395356156
91,29,0.021615292876958847,32,5.973362314854105,0.8133902191786913,0.39417775198588734,0.3079794557661432
91,30,0.07077538035809994,32,5.740565990178919,0.7829504007109334,0.44804130846264717,0.364390166733733
91,31,0.03586816042661667,32,5.576358095416808,0.9385759235845281,0.4195479516162929,0.34372740874454916
92,0,0.1423497311770916,32,5.7455589194890475,0.821901512724585,0.41011718293730004,0.18127388977783032
92,1,0.03698287717998028,32,5.886306273483714,0.9037403823073946,0.3436315403284078,0.30967556791578177
92,2,0.016248216852545738,32,5.841085655302098,0.8397692653408715,0.39311075205905555,0.4449981974615697
92,3,0.020388774573802948,32,6.205385994280641,0.7923937083833259,0.32683586107784224,0.27374857568772304
92,4,0.045145705342292786,32,5.917990782249813,0.6857500295529926,0.3046196411988971,0.2815040162203482
92,5,0.04260550998151302,32,5.807548029354252,0.882048417989199,0.377872517768278,0.35253592526219524
92,6,0.039293479174375534,32,5.917208720649467,0.7328988130443976,0.3614269243804001,0.3600431110312262
92,7,0.045039284974336624,32,5.739599561743101,0.6263387473007915,0.34919848913526647,0.35840566057755163
92,8,0.08292089588940144,32,5.526001246111493,0.7119627666910118,0.3833972912212057,0.4143868104603683
92,9,0.06686077825725079,32,5.723481494109247,0.7025727866375107,0.29190496175675246,0.3468186672971497
92,10,0.11384169943630695,32,4.94462899493208,0.8682293488735091,0.39337401936337274,0.45926043073673095
92,11,0.09057109244167805,32,4.542035921449541,0.732870895267892,0.3391535960834323,0.36369799918531664
92,12,0.07717239670455456,32,5.157851829592801,0.42998110457909355,0.22954963268408188,0.28880621469890205
92,13,0.2297502662986517,32,4.455197017663032,0.6972842512504762,0.23651778882306151,0.3513001947662241
92,14,0.14410434290766716,32,4.661876247036034,0.9296975093298885,0.2833705179291356,0.48217218379257815
92,15,0.0606254767626524,32,4.995958838264544,0.990223960036916,0.3187251910966074,0.3572001049082615
92,16,0.1195765845477581,32,4.788900699813288,1.011907528890255,0.2638544592809601,0.35349309657043637
92,17,0.0663786418735981,32,5.1377776361790275,0.9964713455005327,0.24879508381595639,0.28229137810502825
92,18,0.04796210490167141,32,5.772522981873857,0.7172707469266957,0.2528729536824411,0.29332798394558024
92,19,0.023164518177509308,32,5.727033312505747,0.7464483296420346,0.26137141071777187,0.30529999361565985
92,20,0.03920545428991318,32,5.699135655270991,0.7755235113900198,0.2785237424672632,0.3632060060222301
92,21,0.019181981682777405,32,5.4369811005584445,0.995612185486193,0.28349753620083573,0.36684282772723925
92,22,0.025897497311234474,32,5.288919729405788,0.9904389864631105,0.2972638145493743,0.363007096001419
92,23,0.023912785574793816,32,5.653978899015431,0.9074584743853968,0.27502396834429654,0.3356574932032135
92,24,0.054821379482746124,32,5.301688565900954,0.9629272721177315,0.28826437857302634,0.3386280376680373
92,25,0.03047754429280758,32,5.139861990025253,1.2475945605789072,0.31548394300997235,0.36505839263332085
92,26,0.03028377704322338,32,5.2437457257303315,0.878096647983206,0.26764619249411614,0.36198168246241863
92,27,0.04810970276594162,32,5.411107133442966,0.9761938514326687,0.3274498901973446,0.3608553190710279
92,28,0.03497438505291939,32,5.866734768080748,0.8667547564463396,0.3474046218428409,0.3668590602249444
92,29,0.024685224518179893,32,5.755255874637529,0.9042462714248307,0.33473612350472115,0.32068195374636244
92,30,0.0839120652526617,32,5.499114752347095,0.855422286490013,0.3564032727192262,0.3841701805226438
92,31,0.04981696978211403,32,5.694760151824822,0.9605487181067147,0.34261301573640757,0.35609070850962377
93,0,0.19731339253485203,32,5.784417594296844,1.008872855098014,0.3799532074922087,0.19214839099499353
93,1,0.04040250740945339,32,6.169981237282048,0.7710989642715464,0.2508070557786375,0.30967556791578177
93,2,0.02054138481616974,32,5.992388414969392,0.793387712567621,0.29691915459188656,0.43731372447117467
93,3,0.02368536964058876,32,6.395871669441612,0.7111460184229772,0.2402478944899733,0.27374857568772304
93,4,0.038970593363046646,32,6.237029320543897,0.6393815825009685,0.26480387686629414,0.2815040162203482
93,5,0.09240822680294514,32,6.064326689564739,0.7707564972340553,0.26924123644452896,0.35907414767865997
93,6,0.06830167397856712,32,5.956594913057481,0.7976327630270887,0.285147618712128,0.36494752312393586
93,7,0.07554186135530472,32,5.7090858689205035,0.7222022040774476,0.3184315803218572,0.3609961674448964
93,8,0.21658195927739143,32,5.818376588966359,0.7424201334592304,0.3574553568844085,0.4143868104603683
93,9,0.23983453772962093,32,5.988348160984998,0.7081564766025279,0.35032153680457606,0.34243973449592047
93,10,0.23148379661142826,32,5.067617024326016,0.8616428391825801,0.3939838615581094,0.45926043073673095
93,11,0.19313006848096848,32,5.027922542531527,0.812444368220218,0.36010093463467996,0.36369799918531664
93,12,0.12232154794037342,32,5.598096716835503,0.5392109073052342,0.2926854439344794,0.28880621469890205
93,13,0.36957868188619614,32,4.702521715284263,0.7388381280269725,0.31197062256745056,0.3513001947662241
93,14,0.21054507233202457,32,4.973798151336391,0.929628516298175,0.3227406451748383,0.48217218379257815
93,15,0.11900080926716328,32,5.276770487519732,0.8433527237187093,0.3391236978756776,0.3572001049082615
93,16,0.18616643361747265,32,5.061220651105046,0.8929680647362126,0.3190582721305495,0.3413630586946622
93,17,0.1820293702185154,32,5.473280271602778,0.7499115820737501,0.39070964452868706,0.2593505527485732
93,18,0.16799555160105228,32,5.751122134446404,0.6588679805913458,0.4136085415637065,0.2543277372947301
93,19,0.11409999057650566,32,5.610642960183988,0.7638847247924865,0.3332082869803842,0.29000511650322347
93,20,0.19224552437663078,32,5.4737124281211,0.7254513440919368,0.37232580955041933,0.3555246288457152
93,21,0.1417168341577053,32,5.699135878320815,0.8049745856256578,0.37299550343010973,0.3582408177874677
93,22,0.15598585829138756,32,5.437369711211296,0.8310387418349912,0.3383877575072224,0.3396435100529718
93,23,0.09132309630513191,32,5.812909448386762,0.7536985690560201,0.310174529779748,0.3063817155573698
93,24,0.10731924697756767,32,5.5504646735188645,0.8667773855910683,0.27458255518900043,0.32349926927649186
93,25,0.08342313766479492,32,5.4120706745828056,1.1547546832859377,0.29190792230625595,0.35038925335503046
93,26,0.10717093758285046,32,5.4678233380476,0.8231545098418565,0.3015366888718132,0.349911719221442
93,27,0.09217464365065098,32,5.523801506032241,0.9109270346166412,0.2721131929076337,0.3525613934874381
93,28,0.06001027300953865,32,5.822516897232781,0.9353785850752834,0.3338448980135956,0.35126117496188725
93,29,0.0405886135995388,32,6.034113838325716,0.7529966798843049,0.2903545774354165,0.3356223908597765
93,30,0.12633251398801804,32,5.722764151059143,0.7387544989035968,0.2804755495127286,0.37145311822365956
93,31,0.057975733652710915,32,5.87182602601101,0.957430063626652,0.32651634479202957,0.35015766803355275
94,0,0.15171236731112003,32,5.624674034870786,0.7679307906185446,0.3887094128543199,0.20038779425188907
94,1,0.0560793187469244,32,6.202413323479187,0.8023997301211176,0.43638914584788435,0.30967556791578177
94,2,0.058274487033486366,32,5.32056112021769,1.1283382072704988,0.5290131180088413,0.43731372447117467
94,3,0.0395355261862278,32,6.2418431710059,0.6860206461350637,0.4212117651455299,0.2629941813881991
94,4,0.04474530927836895,32,6.136250038069035,0.7888361891021063,0.4067580383758116,0.26830606858820266
94,5,0.12000869773328304,32,5.6859555617597515,0.9655177038568077,0.49885505238868405,0.35181479529939075
94,6,0.03452837094664574,32,5.958443314857503,0.8409800263396487,0.4418520425785325,0.3425577892246622
94,7,0.11710004135966301,32,5.822913314931597,0.6579511375808211,0.43383325511014387,0.3466079822679217
94,8,0.25824411027133465,32,5.712342795083991,0.7714387005749801,0.5075090835282369,0.3966984722286183
94,9,0.21570643037557602,32,6.003340307733054,0.7464654475262709,0.41220217604768483,0.34465180234381276
94,10,0.2946682497859001,32,5.284471595052104,0.8793654531909922,0.4814061842992765,0.4576843381785672
94,11,0.2782783303409815,32,5.275390543084111,0.9050268799222749,0.3820664538758429,0.36769155577630697
94,12,0.11591142043471336,32,5.883980038706495,0.5166786533466352,0.2855833605768202,0.3065649595353581
94,13,0.3471948467195034,32,5.121122008424949,0.7171600332626422,0.36783310230459276,0.3513001947662241
94,14,0.326383488252759,32,4.6886852539740485,1.0371514452940653,0.49621838157472853,0.48217218379257815
94,15,0.15280507132411003,32,5.053328547819217,1.0586400584135234,0.4464110433179346,0.3572001049082615
94,16,0.12370516173541546,32,5.376047415027508,0.9121646914181492,0.37092744443256576,0.3413630586946622
94,17,0.1439250484108925,32,5.640117358042964,0.8452043954486497,0.3477085968860663,0.31310912289107984
94,18,0.1004547905176878,32,6.001239870391951,0.6243742668493608,0.32969050557713825,0.3015379725478155
94,19,0.0731966532766819,32,5.7939327809582775,0.8369218540274055,0.3366130672163905,0.3148488564081293
94,20,0.15120037272572517,32,5.88625108470727,0.8108344110281145,0.3891141278763223,0.3632060060222301
94,21,0.06767149083316326,32,5.687393273869631,0.9527646960798233,0.38494791493923275,0.36684282772723925
94,22,0.08103113062679768,32,5.814517451878569,0.8349284228177751,0.38494625254574066,0.34179435234917827
94,23,0.04759439080953598,32,5.934664781295912,0.8355572731281358,0.3706737619112185,0.3125958554746631
94,24,0.0833468995988369,32,5.766930958541458,0.8493350426102193,0.39604255925155185,0.32349926927649186
94,25,0.05854601599276066,32,5.490368706477022,1.184861322211554,0.40273057932519707,0.35038925335503046
94,26,0.06539812497794628,32,5.32069373710362,0.8849423106738472,0.39331872520764366,0.349911719221442
94,27,0.08445419929921627,32,5.430790261082141,1.0452738720294263,0.41084416862766643,0.3525613934874381
94,28,0.06253370270133018,32,5.948035153639697,0.8630116109604451,0.3726339576195928,0.35126117496188725
94,29,0.05649537034332752,32,5.935983281592188,0.8986290440009617,0.3502021920309514,0.3356223908597765
94,30,0.14060990698635578,32,5.673545200114924,0.7722467488921554,0.40470570528443583,0.37145311822365956
94,31,0.060033975169062614,32,5.942499202663466,0.8720174519166886,0.35575916454663775,0.35015766803355275
95,0,0.15252151153981686,32,5.936468388502289,0.8303285837128849,0.29082971081941705,0.20184250258897468
95,1,0.032925745472311974,32,5.970778057973116,0.9483789396145665,0.4082139717529344,0.30967556791578177
95,2,0.0306495800614357,32,5.740237120528057,0.9292380578187105,0.5166982038505692,0.43731372447117467
95,3,0.02518986165523529,32,6.347600471019646,0.788119458238131,0.4161323411804591,0.2629941813881991
95,4,0.057659996673464775,32,6.1040452167768695,0.8167209657853451,0.39184726951931503,0.26830606858820266
95,5,0.1615920253098011,32,5.63476673592397,1.0446753754072535,0.3576036504917498,0.35181479529939075
95,6,0.08736207708716393,32,5.846521754889686,0.9373158778867783,0.35209365462791825,0.3425577892246622
95,7,0.10940594039857388,32,5.65197993823527,0.831419646882253,0.4163029346563547,0.3466079822679217
95,8,0.2983061894774437,32,5.452944635546302,0.901233970420722,0.4366069265686538,0.4027191831054455
95,9,0.2004648856818676,32,5.730483240337287,0.8610159334917586,0.41127503067964766,0.3812618564261304
95,10,0.20107821188867092,32,4.853957660416839,0.9642970045921135,0.517171114323137,0.48420704240148754
95,11,0.1672014594078064,32,5.000977080085609,0.9092659692790148,0.4291322517723023,0.37867431539688845
95,12,0.0643428061157465,32,5.720359308568871,0.4952687446432664,0.34219807522995377,0.3065649595353581
95,13,0.25770736299455166,32,5.215687897338088,0.7445082518124977,0.3325921066740304,0.359944856727646
95,14,0.22880881279706955,32,5.1793698448598136,1.0019515337145188,0.36661695222598595,0.511335671282622
95,15,0.17662725038826466,32,5.483965420854082,0.9708285913542589,0.3586643147143774,0.3572001049082615
95,16,0.16950454376637936,32,5.638398563329128,0.8650897470295513,0.32681959915728037,0.3413630586946622
95,17,0.2421863041818142,32,5.843706979783004,0.856148256186656,0.34671519577869714,0.30381832300977296
95,18,0.1639086101204157,32,6.1390762077576735,0.70244009625468,0.3207906830579858,0.2927365132420787
95,19,0.09130694158375263,32,6.0482208881326915,0.8287892590702253,0.33413196834058506,0.3156425384233743
95,20,0.14788377657532692,32,6.019129268174566,0.8103489618771471,0.34969402281845996,0.3632060060222301
95,21,0.10695545189082623,32,5.891969655264755,1.004528294050882,0.3337691562380616,0.36684282772723925
95,22,0.13336602970957756,32,5.594675834966969,0.9717596902708205,0.2797825089949182,0.34179435234917827
95,23,0.07297725230455399,32,5.884809616340475,0.9586552339113892,0.2798468428236399,0.3125958554746631
95,24,0.08518416434526443,32,5.815320540935993,0.9209115083418205,0.33208853251558335,0.32349926927649186
95,25,0.0673734899610281,32,5.397270322532098,1.2725379075138994,0.33706079521626037,0.35038925335503046
95,26,0.06998500041663647,32,5.539602300448312,0.9639226762811202,0.33858258122019025,0.350329215629948
95,27,0.08186713233590126,32,5.5398867040231075,1.1055160062798048,0.37903223092022753,0.36380377571341826
95,28,0.0651747826486826,32,5.93965816015387,0.9762050983982284,0.32899361137809313,0.36001928973121683
95,29,0.05832034721970558,32,6.027841459561266,0.9119696944141102,0.3110215876821001,0.3360944660676672
95,30,0.11865493282675743,32,5.845546116735666,0.817174378301198,0.3738899164848486,0.3765331549423199
95,31,0.05042228102684021,32,5.714922146294112,1.0796020325040683,0.34692723135317527,0.3491860901415227
96,0,0.15139197558164597,32,5.935494369625235,0.7731011101574463,0.21940326614829564,0.20184250258897468
96,1,0.0406393688172102,32,6.236733544751241,0.7958773271252451,0.3118144762226618,0.30967556791578177
96,2,0.025079911574721336,32,5.8253577687411795,1.0126037101105894,0.39393945222071797,0.43731372447117467
96,3,0.021304858848452568,32,6.478233416908637,0.7218667215509349,0.26166296630796154,0.2629941813881991
96,4,0.033298367634415627,32,6.224211174742752,0.7476194240678122,0.24899887699036893,0.26830606858820266
96,5,0.08481472544372082,32,6.1674044698685515,0.7212823385511316,0.3210690049578139,0.35486947416672043
96,6,0.0488889254629612,32,6.228620392509796,0.748862844430561,0.3568947571004104,0.3378911543484212
96,7,0.059417374432086945,32,5.934230992944078,0.7572958605639144,0.32143685727162685,0.3466079822679217
96,8,0.18770532868802547,32,5.9700509660467045,0.7904471453237356,0.3361396203335948,0.4027191831054455
96,9,0.18323982134461403,32,6.043382513468028,0.7808358932947188,0.33666171579564086,0.3807982837421119
96,10,0.1841927357017994,32,5.884531917971357,0.8507312218301113,0.4744507188756327,0.48420704240148754
96,11,0.16210025921463966,32,5.754336825225056,0.7863201394756141,0.4003390806324866,0.37867431539688845
96,12,0.07115883380174637,32,6.225646553148085,0.5139700043725597,0.31304304331823973,0.3065649595353581
96,13,0.45444463938474655,32,5.231180492203562,0.7874319551381443,0.3590597124636208,0.3513001947662241
96,14,0.3692383263260126,32,5.009533874836001,1.0418532659203112,0.3871661628454862,0.4314176669003572
96,15,0.20241523534059525,32,5.643139448831565,0.9318079295577792,0.30738768519499926,0.35699468592177985
96,16,0.17474265396595,32,5.706387410549513,0.8851005568312411,0.3013272258624171,0.3413630586946622
96,17,0.28118211030960083,32,5.898635096823332,0.7788608980782428,0.25675247676585966,0.3472118963323817
96,18,0.15375858172774315,32,6.011306669311973,0.6824296221647339,0.228802357894776,0.325240594317562
96,19,0.09312282875180244,32,6.069452013866913,0.748745281099545,0.28031055108323055,0.33367012766048465
96,20,0.16416250355541706,32,5.966841469863123,0.7724076185123003,0.30089410923784315,0.3632060060222301
96,21,0.16597618348896503,32,5.748884858335879,1.0378783999665462,0.34977462383402697,0.36684282772723925
96,22,0.16827047988772392,32,5.791426627356867,0.8431895652252637,0.36899203195908864,0.34179435234917827
96,23,0.11440925486385822,32,5.867325256071084,0.944290727373243,0.31873176468287934,0.3125958554746631
96,24,0.1017460972070694,32,5.769030657894938,0.9745852742478016,0.3675060969856613,0.3293639237128675
96,25,0.07909850217401981,32,5.534874288070513,1.2826653792021236,0.3574995610554504,0.3516383853239785
96,26,0.09603454358875751,32,5.811906403711491,0.8480838580895309,0.3758048979300017,0.35450974982585204
96,27,0.07814447022974491,32,5.730212258775344,0.9858965712444991,0.4221562986099879,0.38702991346558563
96,28,0.08795747719705105,32,5.932108907040802,0.9186288045911573,0.3977704682112248,0.36001928973121683
96,29,0.0692510325461626,32,6.056698005305225,0.8106433789318563,0.37433014459707503,0.3360944660676672
96,30,0.14305847883224487,32,5.867365333877621,0.7783146693257494,0.4252859428642541,0.3852764768251311
96,31,0.05341397039592266,32,6.044332910848526,0.9225079470254611,0.39403240742232515,0.35134319794990654
97,0,0.16103229857981205,32,5.792710550971617,0.809474505737735,0.21191847288222948,0.20344718278299903
97,1,0.043068792670965195,32,6.096195670861077,0.8859850898626949,0.3634246811667754,0.3083619171297963
97,2,0.026391683146357536,32,5.551860584849178,1.1648792794426726,0.4594174589992935,0.43731372447117467
97,3,0.03991285711526871,32,6.389775953909089,0.6990212728789462,0.342031791482316,0.2629941813881991
97,4,0.046661391854286194,32,6.17687135647863,0.8176002613611644,0.34084071933571114,0.26830606858820266
97,5,0.11541314050555229,32,6.092003136371439,0.8619680538048851,0.38750716230064886,0.35181479529939075
97,6,0.05359805189073086,32,6.2289487870407445,0.8037713779547628,0.3281619242194422,0.35449420586416436
97,7,0.10180903412401676,32,5.840571862505255,0.6840924825192181,0.37200623192113536,0.3466079822679217
97,8,0.17729709669947624,32,5.978349959441514,0.878913167111028,0.4078921716519528,0.37254184457553186
97,9,0.1977197416126728,32,6.050370457863885,0.768210213320323,0.3191400168057927,0.34465180234381276
97,10,0.1854107305407524,32,5.651183974070836,0.9538391053123512,0.3850984257156201,0.4779284515874546
97,11,0.20085033774375916,32,5.739160180405198,0.8338402181747533,0.3412038448476055,0.37867431539688845
97,12,0.1038035899400711,32,6.214315953682231,0.5866824682013227,0.2531890756970902,0.30286424362635955
97,13,0.4605575557798147,32,5.218912053459986,0.7639392723467306,0.3408836069821691,0.3513001947662241
97,14,0.3596024252474308,32,5.037436730832146,0.9919763243951003,0.45540596958629687,0.3768915575357361
97,15,0.23761747032403946,32,5.579766673061848,1.0299479130175397,0.3929887842442089,0.3488940062950275
97,16,0.21733532845973969,32,5.587165979251142,1.117357087449732,0.39555620073238823,0.3303906727147724
97,17,0.2604551799595356,32,5.821433305887641,0.9808806007877937,0.30962105597592754,0.3472118963323817
97,18,0.2424123715609312,32,5.913739499489045,0.8290178218490336,0.32730310844285077,0.325240594317562
97,19,0.10774345323443413,32,6.025456724568169,0.879398533411548,0.32630184596567446,0.33367012766048465
97,20,0.21452217921614647,32,5.877678872438352,0.8947440627079866,0.39609087259487175,0.3632060060222301
97,21,0.10809152945876122,32,5.736641816014921,1.2032461962753755,0.4025540975522177,0.36684282772723925
97,22,0.20247859880328178,32,5.62939053773766,0.943000687767201,0.3584230320832926,0.3536898947331555
97,23,0.08396265283226967,32,5.7655881465064835,1.0221223829141204,0.33485824371305917,0.3168744729262288
97,24,0.09238601662218571,32,5.485692551470715,1.1286369308686695,0.3893570867645299,0.3497973147506223
97,25,0.08109776675701141,32,5.361046639999983,1.311336969748651,0.35902439290854504,0.3618577682435735
97,26,0.07851474359631538,32,5.666828111393203,0.9722508345059513,0.3658473467667721,0.3731209081807577
97,27,0.08453015983104706,32,5.762254411370201,0.9770643894552311,0.3819154651553477,0.39948928083419083
97,28,0.07030617631971836,32,6.005099354131074,0.9735132493402023,0.3870274061278492,0.37561717499427394
97,29,0.04845491051673889,32,6.110070748773076,0.9427170141264529,0.35002926312698396,0.3438275003307823
97,30,0.09954380616545677,32,5.873416373036469,0.8446634116090435,0.39556679138379164,0.40068437122492473
97,31,0.0456997063010931,32,6.21419610037287,0.8881378391106152,0.35684415230025285,0.35673074243866787
98,0,0.15854842029511929,32,5.88280964477763,0.7846638871309493,0.1780394421398696,0.20344718278299903
98,1,0.03223692625761032,32,6.024250033099191,0.8527783957136599,0.36370654281023246,0.31312812700864723
98,2,0.025109920650720596,32,6.197071838394066,0.8822036881695041,0.4509655829262286,0.446942281739668
98,3,0.027197672054171562,32,6.457094466963602,0.7492893342594966,0.3361360112480214,0.27374857568772304
98,4,0.033602675423026085,32,6.218801379749763,0.7845293883590925,0.3082474755174182,0.2815040162203482
98,5,0.08544320613145828,32,6.058726423602945,0.8435499761437564,0.34690904206353024,0.35486947416672043
98,6,0.05045095272362232,32,6.187488749834128,0.8335383188873218,0.35540710193826586,0.35449420586416436
98,7,0.08754723519086838,32,6.147789287111439,0.7029423725010515,0.35554396239059116,0.36060236052820094
98,8,0.23323602229356766,32,6.0683054134834915,0.8344448279180536,0.3772206146235182,0.39564473143657924
98,9,0.23021950758993626,32,6.182787978758242,0.7381028709734743,0.3431325189375769,0.34465180234381276
98,10,0.24963985942304134,32,5.890498085956268,0.9009562177598083,0.40922012597268315,0.4779284515874546
98,11,0.23293072916567326,32,5.965762066493456,0.8162909672684266,0.3466453227747013,0.37867431539688845
98,12,0.11559472978115082,32,6.4174042387608985,0.5299271067225,0.2516611467285418,0.30286424362635955
98,13,0.4910322166979313,32,5.219574033232216,0.7542069020072626,0.24931707141619208,0.3513001947662241
98,14,0.4245371073484421,32,5.272004261944669,0.9133816377111472,0.30026796306618625,0.42128606621589154
98,15,0.2910224124789238,32,5.544078712791319,0.8937161545438732,0.30229254269420236,0.37582654947929317
98,16,0.21549861878156662,32,5.588158161612107,1.038045696807142,0.3797088374613682,0.3524445953524151
98,17,0.28915809467434883,32,5.563375453580228,1.0600325649771287,0.3202103804898162,0.3472118963323817
98,18,0.2775369733572006,32,5.5463040684823905,0.8895907578056441,0.3721020464704561,0.3284968070099945
98,19,0.1830662041902542,32,5.819181019455337,0.9534475941144702,0.34315347944053143,0.33367012766048465
98,20,0.32933513447642326,32,5.263435238656205,1.1136249025790477,0.4474319610104562,0.3645273780874604
98,21,0.2041646670550108,32,5.757848811649742,1.0695263473660788,0.42190195400263236,0.3717079428366423
98,22,0.24336904846131802,32,5.525463899889386,0.9170780534774421,0.4103150207640769,0.36370753202119066
98,23,0.15193144045770168,32,5.768161981940391,0.9844691671180215,0.3938070196447191,0.32679500419796925
98,24,0.1168313268572092,32,5.799787858638241,0.9600911089480304,0.41188299933503597,0.37843159187509556
98,25,0.09767868742346764,32,5.602368673943493,1.1976284655649057,0.38959855300554613,0.3626201841701208
98,26,0.10341598093509674,32,5.859220414779429,0.9119626815682054,0.4018651661307423,0.3731209081807577
98,27,0.10972511768341064,32,5.833687914932918,0.9874766517247169,0.3871090995262755,0.39948928083419083
98,28,0.09398610889911652,32,6.296214297411461,0.8163996248212033,0.39027434793810906,0.3813204554886611
98,29,0.06961384229362011,32,6.241785522125612,0.8359826056631032,0.31904642506313186,0.3501157275789677
98,30,0.1616432759910822,32,6.134538906379376,0.7548097973543841,0.4072947988100931,0.40068437122492473
98,31,0.06862606853246689,32,6.2759934911671635,0.8996507823808289,0.38051126428539483,0.35727323631547536
99,0,0.15980683267116547,32,5.81180340990039,0.8144251913700176,0.17225820641028294,0.20344718278299903
99,1,0.03488364443182945,32,6.0391549818634775,0.9213726654664383,0.38458758327340903,0.3244047056205961
99,2,0.046060213819146156,32,5.324910029053653,1.1264674280462845,0.5354005692969002,0.45351755351545664
99,3,0.06418867222964764,32,6.269993177624189,0.7216250701175966,0.4359874816385675,0.29863269311823737
99,4,0.07269617915153503,32,6.1487802966703065,0.8283497234919004,0.4221020760774313,0.29790970666474115
99,5,0.1507671605795622,32,5.816239756175387,1.0738774321599482,0.5268391921027333,0.35486947416672043
99,6,0.10283559188246727,32,5.839754941988922,1.1311720407142447,0.5148877982200261,0.35615092951933813
99,7,0.16490291245281696,32,5.669446371230965,0.9444767182446148,0.4985205151207628,0.36377509715586326
99,8,0.3444345649331808,32,5.474104525139018,1.0736484322473254,0.5362140588771154,0.39564473143657924
99,9,0.2892968337982893,32,5.828439348553145,0.9438003809525455,0.4307201817904508,0.34672702787107645
99,10,0.3523565288633108,32,5.2548408263386,1.0121851186173165,0.5437587975930814,0.4779284515874546
99,11,0.26103251054883003,32,5.818040332147746,0.909251150863847,0.4258110861056855,0.37867431539688845
99,12,0.07496990077197552,32,6.326221034205033,0.6233184043765396,0.2662160227930329,0.2891344022556498
99,13,0.5714664869010448,32,5.045357167428202,0.7598238662528587,0.41595293007115725,0.3513001947662241
99,14,0.48320143669843674,32,4.738170782083065,1.0227589356526359,0.41320353215638583,0.42128606621589154
99,15,0.3111283276230097,32,5.028665857470914,1.0975899965103064,0.3577849381905106,0.37582654947929317
99,16,0.23117105662822723,32,5.258506674720561,1.125610282323902,0.3649122608147091,0.37531814094696697
99,17,0.2548940423876047,32,5.51987258105927,1.0404083360552647,0.26240333428526286,0.3472118963323817
99,18,0.20536530949175358,32,5.6473602947861785,0.8401645790821046,0.2591201699082952,0.34016741595748623
99,19,0.13887169025838375,32,5.696248886476672,1.0289984864405612,0.30112132029300587,0.33537251777848776
99,20,0.30639965645968914,32,5.0852083921581865,1.1373774206794813,0.36863551525293586,0.3807199687133708
99,21,0.150590592995286,32,5.5377682541674496,1.1097022559566367,0.3642392040781794,0.37897170918467127
99,22,0.20006784796714783,32,5.224071773498181,1.0438584629061527,0.36788362753465553,0.3769691422524146
99,23,0.07585088163614273,32,5.790595279449155,0.9710382413190608,0.3530639808080872,0.3527660028121388
99,24,0.08744381554424763,32,5.692895746685311,1.014670502140853,0.38618905704450074,0.39269982300804085
99,25,0.09521912038326263,32,5.398821063503416,1.2590561417361767,0.3595330267486755,0.37790726421862136
99,26,0.09546546451747417,32,5.386008700361549,1.0721203718807937,0.4091480826096561,0.3845618115688227
99,27,0.1091225128620863,32,5.441270827914392,1.1071932201542252,0.39809919577525055,0.39948928083419083
99,28,0.07839272543787956,32,5.9406198232191105,0.9383015161613022,0.3574805382918629,0.3855339623681081
99,29,0.05121058411896229,32,6.079204969313407,0.9273976458446116,0.31033520637867074,0.3501157275789677
99,30,0.10695569403469563,32,5.660004655626878,0.8744696909831191,0.3944136337658957,0.4060002520472645
99,31,0.0540615301579237,32,6.279007081170398,0.9061376393415337,0.34017206003755374,0.3588337467333393
100,0,0.1657637543976307,32,5.906536661130733,0.7865291169894926,0.18129096373215073,0.20344718278299903
100,1,0.031597670167684555,32,6.047547791896281,0.92507197259759,0.3566983862872735,0.33899958688748366
100,2,0.060680609196424484,32,5.575205047367733,1.1253975148998645,0.47022203166398235,0.457743491551989
100,3,0.03609783016145229,32,6.453230718972584,0.7619153455178918,0.35866428358660873,0.3203431166466857
100,4,0.09063665196299553,32,6.108911716470994,0.9207178943190684,0.3759635482580464,0.30643355835815766
100,5,0.17790669575333595,32,5.6980494333443605,1.0970746995449803,0.4093189422333361,0.3677380841300139
100,6,0.11402065865695477,32,5.986471410763416,1.0741439888447548,0.376349978472428,0.3591608407404052
100,7,0.1811657715588808,32,5.840347530921599,0.9728811281300551,0.3730748922830191,0.3724000388378308
100,8,0.3189576845616102,32,5.530383293358046,1.0502166957771504,0.44138853939936296,0.414966623320819
100,9,0.2606268562376499,32,5.682928486872483,0.9489104398041315,0.40401456254136336,0.3807982837421119
100,10,0.3335771281272173,32,5.153611391850149,1.1803277415532465,0.5209350622413115,0.48420704240148754
100,11,0.19213074259459972,32,5.700902581133431,0.9913352361074947,0.3717363356175498,0.39120276725416475
100,12,0.08805465698242188,32,6.4123246298972285,0.5545015239822204,0.25485967104262275,0.2891344022556498
100,13,0.5083613507449627,32,5.430376353745469,0.6847152246404704,0.27930422019041684,0.35555816180716
100,14,0.48781920969486237,32,4.783121643213812,1.0988164610093198,0.3731675350439896,0.43430475087134135
100,15,0.31947646476328373,32,5.246709108379643,0.999000196837593,0.30530310241667635,0.37582654947929317
100,16,0.24067456647753716,32,5.182954515357567,1.1989435434984754,0.3311555390999619,0.37531814094696697
100,17,0.26493751630187035,32,5.585865947983798,0.9317298941369341,0.24299311588807976,0.3472118963323817
100,18,0.21070668660104275,32,5.556716737014557,0.8378275137388007,0.19968458455944305,0.34016741595748623
100,19,0.15799066051840782,32,5.718872577141314,1.0087005838008967,0.2629642834570372,0.33537251777848776
100,20,0.3111862875521183,32,5.427973376438553,1.0015015239665583,0.3775202656070358,0.3807199687133708
100,21,0.23293314687907696,32,5.450566239214932,1.1951143587770128,0.3176192896296436,0.37897170918467127
100,22,0.225669102743268,32,5.58625094416114,0.9825302303850707,0.3083485965269174,0.3769691422524146
100,23,0.10382539592683315,32,5.825959816190231,0.9956769729742749,0.25053497265472646,0.36186887135965284
100,24,0.11573428846895695,32,5.726117892032105,1.0315074052243034,0.2860744535677877,0.39269982300804085
100,25,0.11210010759532452,32,5.38366991065584,1.3481327970627888,0.30054020511575685,0.37790726421862136
100,26,0.09703248552978039,32,5.709221609990898,0.9894126821911282,0.3037355107131583,0.39566798086647625
100,27,0.08171752840280533,32,5.7207815921275635,1.0473056757054362,0.3132830186947648,0.40102508071634424
100,28,0.08337453380227089,32,6.015466115717395,0.9156681074807214,0.27903286242158476,0.3855339623681081
100,29,0.047208504751324654,32,6.231666172161784,0.8225994975611428,0.262582216588438,0.3501157275789677
100,30,0.11054472997784615,32,5.911783222559948,0.7848595418498041,0.25868013044658694,0.4060002520472645
100,31,0.05426724627614021,32,6.129479615057047,1.0077933716157368,0.26344482124854407,0.3588337467333393
101,0,0.1545462254434824,32,5.83064948707089,0.7894162345197788,0.1307175079196539,0.20344718278299903
101,1,0.044434938579797745,32,6.156457293882645,0.8741618767792403,0.2915114800401116,0.35016496330784064
101,2,0.05557132512331009,32,5.4298170328159,1.1103983763979794,0.39410914668871533,0.4634869607027917
101,3,0.04273395985364914,32,6.443448117474475,0.7322792348967333,0.2593754995593458,0.3314859361629318
101,4,0.09321081265807152,32,6.2272847657758374,0.878263852349142,0.2766299384178077,0.31256227080952215
101,5,0.14657066762447357,32,5.647680242565755,1.0978161814451965,0.3457036698429281,0.38174401205007774
101,6,0.1487958449870348,32,5.947551296943771,1.0907173510679824,0.3313851375118998,0.368888451426414
101,7,0.1792111061513424,32,5.792650685719356,0.9418251586776298,0.34781871561277344,0.37293436901877264
101,8,0.35589137114584446,32,5.328038932961805,1.111143572919441,0.4249213984435648,0.42932400077916955
101,9,0.26677174493670464,32,5.601766960294055,1.0365094415641831,0.42263198842638705,0.4076447966105055
101,10,0.3785885348916054,32,4.931842765153067,1.0901404798676264,0.5034950016908881,0.5020895074134177
101,11,0.2566182538866997,32,5.67889565266997,0.9555089451695764,0.4337658427991381,0.39120276725416475
101,12,0.09075997583568096,32,6.300047431744324,0.6414671129322445,0.3109785723976888,0.2891344022556498
101,13,0.5367963649332523,32,5.023254511012192,0.7467152300517244,0.3594322247195664,0.35555816180716
101,14,0.44946472719311714,32,4.49221905643495,1.1218421754905634,0.36451474358875896,0.400184847500936
101,15,0.3345915228128433,32,5.005496298063443,1.0418058221076807,0.3166588692322503,0.358224626452444
101,16,0.26912957802414894,32,5.066800466318283,1.1918591206154519,0.38063588909153456,0.36791985262363747
101,17,0.2203037403523922,32,5.577585594921167,0.8768104824588594,0.23962134855053688,0.33346278813425667
101,18,0.18188812397420406,32,5.586546195170967,0.8142163108204725,0.30267041572501463,0.3284968070099945
101,19,0.13607232831418514,32,5.74308844914375,0.9954943993740049,0.3028700156231728,0.33367012766048465
101,20,0.2788957320153713,32,5.215746643487716,1.0241923642667388,0.3676433440725244,0.3749230375787276
101,21,0.20776062831282616,32,5.398924907049355,1.1720360439698876,0.36776781192927055,0.3717079428366423
101,22,0.2560065444558859,32,5.327692371109043,1.028898167939599,0.3879575175067038,0.3684378297468721
101,23,0.14876793511211872,32,5.779976215374932,0.9590987842592344,0.3566303576126811,0.3439611122605732
101,24,0.1200716383755207,32,5.791650030727814,0.9926621075432269,0.37585516714310324,0.3877730719045153
101,25,0.11618926003575325,32,5.347302607767198,1.3785782044990844,0.37132547537304567,0.36287450109018604
101,26,0.07595494948327541,32,5.761425526599542,0.9899404367539599,0.3792485066105584,0.3845618115688227
101,27,0.1022397093474865,32,5.766801273860155,1.0081754265139216,0.3721049587539422,0.39656339589309714
101,28,0.08874505013227463,32,6.165791097328289,0.8172918669172349,0.3299335731093257,0.3855339623681081
101,29,0.04182072728872299,32,6.20353860612774,0.8855424992998611,0.3071999258293331,0.3501157275789677
101,30,0.1347358599305153,32,5.550786309881188,0.9156842652887933,0.3939475326237438,0.4060002520472645
101,31,0.054453952237963676,32,6.225008646373548,0.9223198640459129,0.32607994449509486,0.3584046627181168
102,0,0.1548257190734148,32,5.906505427378624,0.7682609540999152,0.13873049743748542,0.20344718278299903
102,1,0.02818080596625805,32,6.066987083116848,0.9009568030314332,0.28007705691259593,0.33899958688748366
102,2,0.0423324853181839,32,5.468450156016949,1.145016831166802,0.4219814721191125,0.457743491551989
102,3,0.04423236474394798,32,6.488520990130071,0.7366680977571862,0.2517402384910691,0.3203431166466857
102,4,0.08502771146595478,32,6.223053604305573,0.8289618424165308,0.24525646730458367,0.30643355835815766
102,5,0.144546739757061,32,5.815838060118357,1.0248156781279842,0.32807756802865934,0.3677380841300139
102,6,0.13613695465028286,32,5.935413829075314,1.0915222877345707,0.2564340383189779,0.3591608407404052
102,7,0.1595472227782011,32,5.756832864063111,1.0059063137575004,0.25649643212985007,0.3724000388378308
102,8,0.39009878411889076,32,5.137990808677053,1.2040145389142056,0.28464909719921827,0.43076416250610927
102,9,0.29684658721089363,32,5.5085255207602355,0.9981104282399667,0.24533149273025517,0.41173860336366624
102,10,0.3722870908677578,32,4.885027404050668,1.1934506104044527,0.3419319552667553,0.5103330580070126
102,11,0.27351090498268604,32,5.797811166719765,0.8994067760547741,0.2705962207906976,0.39120276725416475
102,12,0.09392408281564713,32,6.308854641620853,0.5995201583272793,0.17446993220498377,0.3018320081660841
102,13,0.477764256298542,32,5.10337459536292,0.7339665584681576,0.16737212377571425,0.3592459685915936
102,14,0.3616569209843874,32,4.841703405411118,0.9750967430950395,0.29305502830470087,0.400184847500936
102,15,0.3663529437035322,32,5.0518973906539255,1.0779509753859386,0.2748057312870721,0.358224626452444
102,16,0.28448188677430153,32,4.955495813099721,1.203512496272551,0.22791392657080659,0.37531814094696697
102,17,0.2182844765484333,32,5.428552489587172,0.931670993565227,0.18274995655117912,0.33346278813425667
102,18,0.157950172200799,32,5.4905693467102505,0.8246682474724683,0.14912519429724647,0.3284968070099945
102,19,0.1345777902752161,32,5.671088259985548,0.9752670730729864,0.1927144699826388,0.33367012766048465
102,20,0.26515729539096355,32,5.260495860828991,1.0235648348862227,0.24418268885674302,0.3749230375787276
102,21,0.16859492100775242,32,5.497738613005983,1.1266949465146183,0.26460395585544144,0.3703816576796901
102,22,0.23881712928414345,32,5.208609798456357,1.0625567385686079,0.2302616277206338,0.3684378297468721
102,23,0.13682719320058823,32,5.675189602968315,1.043571204980129,0.2178207819156756,0.3439611122605732
102,24,0.10864752344787121,32,5.78356793028639,0.9664302147025037,0.22143099444033515,0.381022112093802
102,25,0.10696033760905266,32,5.329962576306686,1.3708285471277462,0.2376034567876985,0.36287450109018604
102,26,0.07737382501363754,32,5.759303013615799,0.9390220929095339,0.250706559213013,0.37752670227028007
102,27,0.10546307638287544,32,5.83752695460986,0.9686835915203371,0.2502559618002659,0.3910683477686096
102,28,0.0791295263916254,32,6.006640252989706,0.868505487778851,0.2575061195980337,0.3783372381139799
102,29,0.04963279142975807,32,6.112909729100354,0.9648765483591575,0.2545167227721401,0.3423826933158526
102,30,0.14400324039161205,32,5.470118646264931,0.9190272468779614,0.2575456208969737,0.40013624833411376
102,31,0.05277891643345356,32,6.287833302566921,0.8956898382456329,0.25326288104079997,0.3563016584234453
103,0,0.15022585354745388,32,5.958331001636361,0.785708252861677,0.16632439327976195,0.20344718278299903
103,1,0.03622589632868767,32,6.143819332947233,0.8266415974957368,0.25113740187109734,0.33899958688748366
103,2,0.062129728496074677,32,5.392746182123657,1.1351154607341334,0.37869396097059604,0.457743491551989
103,3,0.026505518704652786,32,6.382246888784264,0.8019457202206297,0.20957272388306764,0.3203431166466857
103,4,0.08801023848354816,32,6.306764061182175,0.7669391789294924,0.2139926151762511,0.30643355835815766
103,5,0.11741633340716362,32,5.652467357257004,1.0647785701161503,0.2714920810840554,0.3677380841300139
103,6,0.12431851960718632,32,5.944804042530123,1.067690462555201,0.18801060461669233,0.3591608407404052
103,7,0.1467363853007555,32,5.751472387380968,0.9931683587886724,0.18388732997927848,0.3724000388378308
103,8,0.3000179622322321,32,5.289458873446946,1.186950024861825,0.26193494129367795,0.43076416250610927
103,9,0.22604493983089924,32,5.717822004497113,0.9445980853943148,0.28113224817805,0.41173860336366624
103,10,0.2792630214244127,32,5.125559390776489,1.0970165008393558,0.3342170248443337,0.5103330580070126
103,11,0.20319414883852005,32,5.956810383623013,0.832952390268975,0.2822345133502186,0.39120276725416475
103,12,0.06575498916208744,32,6.447517336982551,0.5881975832837183,0.1922906950491352,0.3018320081660841
103,13,0.38559578359127045,32,5.225277633545632,0.7098004789866597,0.26375341341186753,0.3592459685915936
103,14,0.2839779108762741,32,4.92696289572846,1.0392845279721712,0.3486116943092412,0.400184847500936
103,15,0.29609513841569424,32,5.2211920456025,0.9892068934724483,0.28284983385245216,0.358224626452444
103,16,0.22368313558399677,32,5.065299838274187,1.165301274637292,0.24393152532192458,0.37531814094696697
103,17,0.1468400452286005,32,5.616963156532285,0.9046265611205877,0.19980132475992346,0.33346278813425667
103,18,0.14623810723423958,32,5.9935721917066065,0.7387575756852938,0.22280488825151096,0.3284968070099945
103,19,0.10688269138336182,32,5.8469537442408575,0.9485698108320557,0.2349757665156568,0.33367012766048465
103,20,0.21302703954279423,32,5.169980030860904,1.1313812396590812,0.29161903365373326,0.3749230375787276
103,21,0.13235849514603615,32,5.69455884485198,1.0761792921010622,0.2743506068065006,0.3703816576796901
103,22,0.21779973059892654,32,5.353964949165237,1.0471600051176733,0.24749143906858273,0.3684378297468721
103,23,0.12435886450111866,32,5.712519388613902,1.0272509593506198,0.25408324959407264,0.3439611122605732
103,24,0.10519015602767467,32,5.64094111297477,1.0654191381172051,0.26811035338235845,0.381022112093802
103,25,0.06999860517680645,32,5.506024743809532,1.3123630338299872,0.24984118919832987,0.36287450109018604
103,26,0.05480830743908882,32,5.86314434700661,0.8776977573603517,0.26900088638202896,0.37752670227028007
103,27,0.10439474880695343,32,5.57332663871408,1.1076080861449302,0.2956727969004584,0.3910683477686096
103,28,0.0693819522857666,32,6.101207186216733,0.8777856269883273,0.268516604045942,0.3783372381139799
103,29,0.04251723177731037,32,6.090829565241078,0.9907475914467989,0.2517466842709989,0.3423826933158526
103,30,0.12527181208133698,32,5.461656289982214,0.9259834131769153,0.2839515093022271,0.40013624833411376
103,31,0.03393547050654888,32,6.2169390867200764,0.951887914884157,0.2563392783013422,0.3563016584234453
104,0,0.1633610501885414,32,5.892727348582691,0.8301155515493788,0.19070591323967528,0.1921978133528261
104,1,0.03181893192231655,32,6.080953925350475,0.9092823918590005,0.2989427707624857,0.33899958688748366
104,2,0.05171078070998192,32,5.3691275445276,1.1453522795720517,0.4192827618935633,0.45351755351545664
104,3,0.018065236508846283,32,6.466520805446913,0.7288947697800543,0.24851327491522637,0.3203431166466857
104,4,0.05531296879053116,32,6.12406274789986,0.8447500169944977,0.2377009617258293,0.30643355835815766
104,5,0.09024509787559509,32,5.684735165774234,1.068822144121702,0.31651736599046687,0.3677380841300139
104,6,0.09421232342720032,32,5.959971638070227,1.019958521923063,0.2855004873605981,0.3591608407404052
104,7,0.08985688351094723,32,5.853999740926084,0.9478247515114306,0.2827332516095008,0.36377509715586326
104,8,0.3307169936597347,32,5.405250678457866,1.1445448301938548,0.27827321942632954,0.4164067850477588
104,9,0.29462089389562607,32,5.604459787850265,0.9694866620357052,0.22597718768307345,0.4076447966105055
104,10,0.3163141533732414,32,4.958243121070127,1.164832149767479,0.3090692028481407,0.4924505929950823
104,11,0.2641233801841736,32,5.7834402863568,0.9025553908635855,0.24595355784272074,0.37867431539688845
104,12,0.09192824549973011,32,6.337777457855005,0.6232207764586235,0.18803233233903013,0.2891344022556498
104,13,0.4258499052375555,32,5.218854940593316,0.7798910347796912,0.212110007434496,0.3499716597228949
104,14,0.399754386395216,32,4.722009150589116,0.9212089269272097,0.3670684582751731,0.3801668489447379
104,15,0.33295248821377754,32,4.983795674804973,1.0680040607676844,0.2961215453299109,0.3484543180330941
104,16,0.2847070302814245,32,4.9107785805072925,1.1913844166816023,0.2967255360653305,0.36791985262363747
104,17,0.15318584069609642,32,5.651419162889832,0.8934330132392478,0.21312758887566374,0.3149157182328719
104,18,0.1406710185110569,32,5.767622104083231,0.7514018677873215,0.21699105359215543,0.3240468957504183
104,19,0.15662241354584694,32,5.619567525417564,0.9683218209838191,0.2712580352466206,0.3297550664730293
104,20,0.25731012411415577,32,5.01859036094211,1.1336327119396898,0.358900878926045,0.3749230375787276
104,21,0.1928607989102602,32,5.412035290443045,1.1966287671459712,0.33289061640660084,0.3703816576796901
104,22,0.2871846705675125,32,4.869204898168464,1.1772000233458524,0.3274168804237014,0.3684378297468721
104,23,0.10577790439128876,32,5.810739626110426,1.037662664610881,0.28302952668579306,0.3439611122605732
104,24,0.109021021053195,32,5.641537336065285,1.0474475833281245,0.31578668267165344,0.381022112093802
104,25,0.09058991260826588,32,5.257061673956818,1.4653342052652025,0.316211214177669,0.35927870982861027
104,26,0.09644114598631859,32,5.468680890362382,1.0963053323663754,0.3085901904475008,0.37752670227028007
104,27,0.09385455027222633,32,5.493763302574055,1.1263318326012257,0.34196391981620755,0.3845122823408116
104,28,0.06885954923927784,32,5.944198025485731,0.911802512701577,0.29716330496484217,0.3650572479557278
104,29,0.047969913110136986,32,6.039263661473189,1.0155009834265538,0.28330876716252545,0.3268912742839265
104,30,0.12617499008774757,32,5.352478455990138,0.9847744334344641,0.32983048251403996,0.3949902125748437
104,31,0.0412653386592865,32,6.239588117130507,0.9629402505584244,0.2716077320854242,0.35134319794990654
105,0,0.17021404393017292,32,5.922503559864069,0.7601671216200838,0.12003582295471647,0.18599843848591302
105,1,0.03210247866809368,32,6.1619428668607235,0.8479797731991043,0.2856488298078115,0.33899958688748366
105,2,0.0557085033506155,32,5.296310550171602,1.157839111290338,0.42750841727113864,0.43647352752267055
105,3,0.033898238092660904,32,6.48196825876407,0.6968249561194861,0.27032869301926965,0.3203431166466857
105,4,0.07479201629757881,32,6.073346066331716,0.9230795875564475,0.25294161025310413,0.30643355835815766
105,5,0.11353043094277382,32,5.515419455927248,1.1435577581786767,0.2951181099559347,0.3677380841300139
105,6,0.1161830835044384,32,5.892026570676457,1.0624748497842917,0.2772184630587633,0.35615092951933813
105,7,0.10538538359105587,32,5.850970476864756,0.9538460378284874,0.25677902226938176,0.3523712257629288
105,8,0.3380093611776829,32,5.220406737866685,1.175007711343384,0.24459991523680522,0.39564473143657924
105,9,0.26739237271249294,32,5.5297521958693565,1.0167579193306056,0.21084538847263812,0.3771680496729697
105,10,0.30428400076925755,32,4.98785810333701,1.1372073699739174,0.2673972019603361,0.4779284515874546
105,11,0.23843111656606197,32,5.740868158697068,0.914807680767888,0.21082741856046164,0.3735092562677419
105,12,0.07191402651369572,32,6.2377682628701,0.6739043279034966,0.16453084690324193,0.27589969168492656
105,13,0.4696477986872196,32,4.863193195283868,0.836487329023301,0.22646581001755017,0.33673785682809976
105,14,0.3303597681224346,32,4.5857055321884985,1.016894633783311,0.3372746807122933,0.37011799665958134
105,15,0.3087211437523365,32,4.808369237187457,1.0935395433375943,0.2821215559051994,0.3289244444861425
105,16,0.296193927526474,32,4.643241622781612,1.2172544981482645,0.2832589537946322,0.3480338999573355
105,17,0.2192731313407421,32,5.626010380546002,0.8781507598296896,0.18548164992690205,0.28601219513059517
105,18,0.1534811332821846,32,5.670745786065642,0.8153600081997885,0.19469412845660505,0.31173054939150024
105,19,0.15537006966769695,32,5.566684249728871,0.9584964005132122,0.20348174145842987,0.31458593079442365
105,20,0.29153607226908207,32,4.897781183244445,1.2136831833788415,0.30764228323724996,0.3704806624016776
105,21,0.19275160506367683,32,5.530036472745338,1.1867157196140399,0.27953270058902907,0.36600350800372494
105,22,0.2219306044280529,32,5.348878380139967,0.9760281458369313,0.29465521908412373,0.3631533298089741
105,23,0.13649428077042103,32,5.82439071345423,0.9744747311328075,0.23045827456649115,0.32679500419796925
105,24,0.12008596025407314,32,5.594515645419788,1.0363431256899442,0.273232716023421,0.3716806320643823
105,25,0.11076095327734947,32,5.30218897529004,1.3972789643207708,0.3115951495542127,0.3582619769819977
105,26,0.13424676470458508,32,5.445951065548078,1.033824946743521,0.2556218391831716,0.3708261223483869
105,27,0.08250441774725914,32,5.6369514779983545,1.0786371427744896,0.26787734764500676,0.3804738480377876
105,28,0.1004515215754509,32,5.944101537086007,0.9543272793790569,0.23497706437295826,0.35244258006735185
105,29,0.061939433217048645,32,5.925016970516463,1.0780993491650852,0.24276402975962375,0.31503400637261597
105,30,0.16641189716756344,32,5.587651798980698,0.9444524300516797,0.22121682405003612,0.39418058319481974
105,31,0.0589654128998518,32,6.195383217251319,1.014740063143833,0.21167191960515733,0.3447701235447914
106,0,0.1619378998875618,32,5.844612908859968,0.7633403733499966,0.15579919381311103,0.18599843848591302
106,1,0.03914611414074898,32,6.044785361436034,0.9011465231261617,0.3211695026617256,0.33899958688748366
106,2,0.05335335433483124,32,5.224303694031552,1.3107818334755965,0.45593256979716373,0.4392370000986836
106,3,0.042380085214972496,32,6.329710061427484,0.7405086401110852,0.30196102816552717,0.3203431166466857
106,4,0.06720548495650291,32,6.062520774475349,0.9645616370779626,0.2895442653494976,0.30643355835815766
106,5,0.08245157077908516,32,5.869609999204192,0.975179207425108,0.37154019594532417,0.35225634627764
106,6,0.07816439121961594,32,6.078206508410718,0.965069336687554,0.3137408993412314,0.3537503782830921
106,7,0.12396447360515594,32,5.651383060209677,0.9695624795893627,0.3093810134993746,0.3485086023740199
106,8,0.30827427841722965,32,5.377090640012106,1.1083267506650731,0.32428286841100795,0.38030895292236194
106,9,0.23702930100262165,32,5.809981970724028,0.9035729085099682,0.28803958233809235,0.34672702787107645
106,10,0.3041392043232918,32,4.9055408796774085,1.1626422425552825,0.32038778819025104,0.44183542242415796
106,11,0.24633018858730793,32,5.679544941683414,0.8984294598912399,0.2883623574018903,0.3659186351261149
106,12,0.08099489472806454,32,6.148677010483575,0.7121380633247592,0.22562133610597024,0.26053784691782783
106,13,0.4906764794141054,32,5.171799007214005,0.7425980084914743,0.2843672820318688,0.3222813646207405
106,14,0.3372330255806446,32,4.79756994147135,1.0190348828653786,0.32707390348812837,0.3668427052505795
106,15,0.3105266895145178,32,5.093174151895903,1.1447885238795372,0.34588532634102087,0.3176920301644288
106,16,0.24219750612974167,32,4.998885254050441,1.2302672562972337,0.40495970041956386,0.32898756912862115
106,17,0.25601428002119064,32,5.617970048847527,0.9660264070026994,0.280107588814142,0.25957790552556126
106,18,0.15644900687038898,32,5.62403525913307,0.8319375682561709,0.29519639612893833,0.28089529281665493
106,19,0.13069226406514645,32,5.632407496395969,1.048027435395115,0.33003384721489937,0.3019956679580893
106,20,0.316521093249321,32,4.988086770075267,1.2629479803896615,0.3875480196433436,0.36813942966273017
106,21,0.18610079400241375,32,5.637564048427674,1.1321670678132438,0.34387016915456026,0.3570069139561032
106,22,0.15878715179860592,32,5.647628317186932,1.0106593925531762,0.3340533192178524,0.3484053947952575
106,23,0.08463758416473866,32,5.806178503460668,1.0877831666372542,0.2942968764609438,0.3144531472313137
106,24,0.0904303789138794,32,5.677426729687285,1.0637435300187619,0.3673552804201215,0.3497973147506223
106,25,0.07743163220584393,32,5.466719345548635,1.43189419823634,0.3659220339929711,0.3472801781358554
106,26,0.10071366280317307,32,5.518740943028781,1.0818677272402697,0.39006641875373377,0.3522149639934812
106,27,0.08247020840644836,32,5.9230692008369585,0.9683384159437605,0.37483498973764695,0.3755685948370849
106,28,0.0825712289661169,32,5.981025563466164,1.0227160023868418,0.3627819355023257,0.3406247599282183
106,29,0.0510873906314373,32,6.127986604237433,1.0002937514270558,0.3471296128128044,0.3106783970303854
106,30,0.12337071262300014,32,5.939115298768529,0.8829447381298561,0.409313931589127,0.3839187245542962
106,31,0.055502116680145264,32,6.300409344311739,0.9253871104069438,0.3387056103183913,0.34139253788698065
107,0,0.15087655372917652,32,5.896377516984771,0.72413269736992,0.17489259140115165,0.18599843848591302
107,1,0.03140323795378208,32,6.070299108702082,0.9113538571782058,0.307638765450574,0.3324005214950667
107,2,0.051527971401810646,32,5.372614279468758,1.2001100530842752,0.4555909590183128,0.4392370000986836
107,3,0.030225396156311035,32,6.403800010497346,0.7701874825931334,0.27419269764302345,0.3143984446216847
107,4,0.08165419101715088,32,6.004219695237602,1.036557570930535,0.270296569300983,0.2970819532741974
107,5,0.14788199961185455,32,5.7522357056534545,1.0809488517565526,0.3376178630437236,0.35225634627764
107,6,0.10454499162733555,32,5.9408786596839676,1.0836619560491307,0.2823574658145541,0.341739396069909
107,7,0.07681158743798733,32,5.893034505731469,1.015178043916631,0.3237713327819215,0.3459180955066752
107,8,0.3131964411586523,32,5.345489284681827,1.175987196957922,0.3881716193766711,0.3694535062766881
107,9,0.20052015595138073,32,5.75965353982665,0.9755278094564312,0.3660747433337568,0.3398971173666089
107,10,0.2682627718895674,32,4.961540571720886,1.1478925422823325,0.4730588324562698,0.4016019937653963
107,11,0.19039957970380783,32,5.664215028420947,0.9018769845068046,0.40673101310109827,0.3533731287046906
107,12,0.06880255043506622,32,6.058035193338631,0.6764265023696705,0.2735894475164754,0.2540243733698565
107,13,0.40710771083831787,32,4.540267922497936,0.6694204161711506,0.4369799613576708,0.2981689522996597
107,14,0.2807002365589142,32,4.700826392036274,0.8990927479268427,0.3772922892004421,0.36556584790737245
107,15,0.28835337795317173,32,4.981090653481235,0.9983923227817133,0.34593107892136976,0.3176920301644288
107,16,0.20710253529250622,32,4.9027540745286124,1.1207572270610182,0.37933455058805066,0.32898756912862115
107,17,0.18669792637228966,32,5.59894966129959,0.8380595925568901,0.2938635611745408,0.25957790552556126
107,18,0.1670361626893282,32,5.424929438489226,0.8390125394933658,0.31947296274839276,0.2771582830186168
107,19,0.13430443592369556,32,5.37300161596328,1.0497837659569873,0.3687259814030145,0.3019956679580893
107,20,0.2176514007151127,32,4.932059751851335,1.1384872691966335,0.4099561800971212,0.36813942966273017
107,21,0.1384896244853735,32,5.756695571298222,0.9811303813217123,0.40261465536334073,0.3468223964942936
107,22,0.1827860102057457,32,5.6529305329760895,0.9268359391514798,0.4132238268492243,0.3362205383625374
107,23,0.09075463376939297,32,6.009343727944385,0.8918923822003464,0.35489270957329944,0.3022357031203459
107,24,0.08522420190274715,32,5.714042375268152,0.9871952105948054,0.38528944078611727,0.3497219064678524
107,25,0.07063850946724415,32,5.678828415425871,1.252003387611393,0.39454197382485634,0.3472801781358554
107,26,0.08872438035905361,32,5.858743312845293,0.926404006256381,0.4070857445411231,0.3522149639934812
107,27,0.0933381486684084,32,5.712831812768949,1.014557285297581,0.3763666291110156,0.3734699742457946
107,28,0.06600776314735413,32,6.391379005148172,0.7343523803774694,0.3740380457975167,0.3406247599282183
107,29,0.050219401717185974,32,6.388320683916935,0.7722652091801283,0.3547332675295626,0.3106783970303854
107,30,0.10598398000001907,32,6.065612091901524,0.787510087897723,0.41379521726383217,0.3839187245542962
107,31,0.0550801046192646,32,6.2439778830159,0.9280926836047669,0.37152861227782774,0.3394388351779725
108,0,0.16207944974303246,32,5.901291626414581,0.7593050384402185,0.16226264503612323,0.17966520293601018
108,1,0.032477179542183876,32,5.918053663881082,0.9889615420893492,0.33157463917326935,0.3164919894421937
108,2,0.07637379318475723,32,5.164577119493105,1.2682375222039308,0.4808069616915136,0.4392370000986836
108,3,0.04790179245173931,32,6.295855296447273,0.7593564596811362,0.318879500588202,0.2880768629042753
108,4,0.05982102081179619,32,6.0703355437030115,0.9115689719783413,0.32445611997879764,0.28308710188365266
108,5,0.11138319037854671,32,5.851983934110629,1.0220639731218073,0.36254852254602987,0.3463063559532292
108,6,0.10338262096047401,32,5.800928384375006,1.0907705347709413,0.3519315611974064,0.32977353086567096
108,7,0.09636055678129196,32,5.555725309465235,1.0066402442935756,0.34761075681295517,0.33579502419734747
108,8,0.29903994128108025,32,5.407973489790422,1.045559414193736,0.38720668256368457,0.38030895292236194
108,9,0.23686665296554565,32,5.5856615510197125,0.9287289338262843,0.34256126254853736,0.3398971173666089
108,10,0.2701203469187021,32,4.933097696040342,0.9765781176804058,0.43921523387400996,0.4016019937653963
108,11,0.23957989737391472,32,5.427402322219319,0.8271400176770287,0.3479708597059824,0.3533731287046906
108,12,0.08640636131167412,32,5.928968554415922,0.740634582264784,0.25075304202317833,0.2540243733698565
108,13,0.29884723387658596,32,5.029224715111415,0.6782492737854815,0.2521943356230251,0.2981689522996597
108,14,0.23359417356550694,32,4.806870244757368,0.9035437286248182,0.30453920710130883,0.36556584790737245
108,15,0.24339346401393414,32,5.187649280741539,0.9947918609271644,0.2876106711484218,0.3176920301644288
108,16,0.17935862950980663,32,5.131122837290322,1.0675761600058795,0.3259662113579638,0.32898756912862115
108,17,0.11823420971632004,32,5.6828058973275155,0.8434546243815708,0.20136397481012594,0.25957790552556126
108,18,0.08764436095952988,32,5.667005670204398,0.7502289335487164,0.2568720352759099,0.2771582830186168
108,19,0.10376054421067238,32,5.525649964367015,1.017541993562788,0.25800865278234436,0.3019956679580893
108,20,0.18696646951138973,32,4.8261103088803115,1.1278550237066396,0.3375632575348749,0.36813942966273017
108,21,0.0772267896682024,32,5.617221403571788,1.0383493165422033,0.2934863365156382,0.3468223964942936
108,22,0.09523189067840576,32,5.550495755963974,0.9106311083695946,0.30023608695579806,0.3362205383625374
108,23,0.04669046401977539,32,5.961142245396221,0.9245755409340637,0.2674336373108962,0.3022357031203459
108,24,0.06582769937813282,32,5.68514432472505,1.0309715969910638,0.2911751851305643,0.3497219064678524
108,25,0.0512205995619297,32,5.640564300835711,1.2783678555868736,0.30034277908418144,0.3472801781358554
108,26,0.07598116993904114,32,5.698668444670298,0.9732222609009105,0.3135966913897783,0.3522149639934812
108,27,0.07732826098799706,32,6.030847217845686,0.9074142319145224,0.3260559699980285,0.3734699742457946
108,28,0.0845903754234314,32,6.114291544877337,0.9183425862282748,0.31256930068055955,0.3406247599282183
108,29,0.05674608424305916,32,6.017336485349432,1.028023623822313,0.316280554502242,0.3106783970303854
108,30,0.1198761872947216,32,6.055723283596419,0.7854367263242485,0.3336359157378037,0.3839187245542962
108,31,0.056914132088422775,32,6.207384234992818,0.9657195155783542,0.3165857659958141,0.3394388351779725
109,0,0.1436512190848589,32,5.857984582963855,0.7980574339826809,0.1939935315856478,0.17646601677051063
109,1,0.02973579242825508,32,6.12900158586902,0.9234342329050502,0.3345973491112174,0.3164919894421937
109,2,0.03431610018014908,32,5.379968556227964,1.2505433779965438,0.4727995722718682,0.4532782709722707
109,3,0.033260494470596313,32,6.407520454255675,0.7849819307875325,0.29478669714945815,0.2880768629042753
109,4,0.09226134046912193,32,6.065877075878952,0.97037609323253,0.2782624085301184,0.28308710188365266
109,5,0.15782026387751102,32,5.819456917947083,1.0312429872940383,0.3004315450983315,0.3463063559532292
109,6,0.13759696297347546,32,5.951147384194178,1.0033834069779912,0.3718516698941596,0.32977353086567096
109,7,0.11200281046330929,32,5.61049913971621,0.9106563259955829,0.493934508454494,0.33569104479743833
109,8,0.19102760963141918,32,5.484685969054125,0.928472550916867,0.5997856751934625,0.3822136485936014
109,9,0.18746412731707096,32,5.7570457742036325,0.8188704866187644,0.632841403856965,0.34284689074305713
109,10,0.2994365692138672,32,5.168984986088464,1.0081305669039482,0.7639907856509915,0.4242176799233466
109,11,0.22901207394897938,32,4.800637197926251,0.975160363791213,0.7263490286891321,0.3540358971703312
109,12,0.11238533444702625,32,5.455890358706229,0.6175869119630475,0.6171806804182108,0.2540243733698565
109,13,0.2567836791276932,32,5.493646803899162,0.6932647219603645,0.7673948612709749,0.2981689522996597
109,14,0.18600809201598167,32,5.539783016872365,0.9046751968193139,0.7612467474359208,0.36556584790737245
109,15,0.1590447761118412,32,5.3357956532724575,1.0432128103831584,0.5819255555253114,0.3120232772136248
109,16,0.2029256410896778,32,5.260536107786914,1.0764288528054209,0.5203211965972631,0.32898756912862115
109,17,0.16773834265768528,32,5.899254292403371,0.911350016625593,0.35751627060034374,0.25957790552556126
109,18,0.1199033111333847,32,5.704762952827425,0.7966069942062894,0.27894342821299656,0.2771582830186168
109,19,0.1149691641330719,32,5.630619930401439,0.9734510044081714,0.32880370079046234,0.3019956679580893
109,20,0.209286293014884,32,4.959689250568628,1.152128872186072,0.31106057147144744,0.36813942966273017
109,21,0.1388763189315796,32,5.535957921447058,1.2452800225481697,0.3696400634075331,0.3468223964942936
109,22,0.09345292672514915,32,5.586968092564927,1.0228940571359395,0.3040850735419103,0.3362205383625374
109,23,0.10711541213095188,32,5.650537823276389,1.143951239734271,0.28951563329017715,0.3022357031203459
109,24,0.11967675015330315,32,5.16470735118519,1.2183042782848368,0.32111356222654874,0.3497219064678524
109,25,0.08760392293334007,32,5.192970310391308,1.4844191497380814,0.3153427294141236,0.3472801781358554
109,26,0.11850174143910408,32,5.478495250837787,1.0842317116440663,0.30279378425912573,0.3522149639934812
109,27,0.1023800540715456,32,5.433730076033193,1.1854730138412162,0.3444973734536987,0.3734699742457946
109,28,0.08130349777638912,32,5.982248787203513,0.97156556386365,0.35224946175369776,0.33188923556146066
109,29,0.07475631311535835,32,5.860089788604506,1.0678024125367322,0.3526089507731893,0.3106783970303854
109,30,0.1360949296504259,32,5.259150099141143,1.143868279780559,0.39601150607630103,0.3839187245542962
109,31,0.039106037467718124,32,5.946878457571602,1.1197382942749439,0.3563390786058346,0.3326109775552104
110,0,0.16132914647459984,32,5.835719270952072,0.8217733519934072,0.2096557719085964,0.17646601677051063
110,1,0.03187425620853901,32,6.123850363026358,0.9354846607447609,0.339039160117662,0.3263720709174975
110,2,0.0589574109762907,32,5.056844691004505,1.2536563904751734,0.4692265125717433,0.4557617644077383
110,3,0.0316211823374033,32,6.3107964042575375,0.765223882944416,0.26419722355452546,0.29837386265749266
110,4,0.045326413586735725,32,5.979697400056418,0.9689671680251273,0.26120667644920686,0.283903336939808
110,5,0.10230757854878902,32,5.6426059601637055,1.1000529732011044,0.3449259208261166,0.3463063559532292
110,6,0.06542138010263443,32,6.001347093061,1.0115632920871906,0.32950977796440395,0.3416583493546531
110,7,0.07732539065182209,32,5.908673666624054,0.9635992915793841,0.40444295671162656,0.3477147362128643
110,8,0.2667447626590729,32,5.454331353790179,1.0459745755284944,0.48205709822796594,0.38768915097017786
110,9,0.21944411471486092,32,5.684169862754117,0.9149835517436413,0.47403777523250207,0.34284689074305713
110,10,0.2547262664884329,32,5.311173339449683,1.0733844109973543,0.5585058368059512,0.45613703316513987
110,11,0.18491351790726185,32,5.805441659126047,0.8869474119161662,0.5297732009956726,0.3598535976617661
110,12,0.04880571365356445,32,6.262371270403536,0.6339632332342466,0.4264252082546102,0.2540243733698565
110,13,0.4200816862285137,32,5.498628818692693,0.7261100590174747,0.6306213479110505,0.3084796943529496
110,14,0.35055521689355373,32,5.24873939589853,0.918887953502252,0.6651367768524941,0.3668427052505795
110,15,0.21931740455329418,32,5.440616687108502,1.0738208878865558,0.508137691602225,0.3120232772136248
110,16,0.17522139102220535,32,5.6508072260961555,1.0465665610712254,0.4998792761866646,0.3480338999573355
110,17,0.25433817133307457,32,5.8148296017019305,1.0036463437819432,0.4165739069674421,0.25957790552556126
110,18,0.1908960584551096,32,5.935180988763106,0.8672299114484039,0.4121007752042952,0.2690317990606459
110,19,0.07903970405459404,32,6.120620245974758,0.844399490874066,0.4185065151417603,0.3019956679580893
110,20,0.23350438848137856,32,5.953822956991875,1.050459831687517,0.5172900993769152,0.36327211149928473
110,21,0.1536858081817627,32,5.805556406475853,1.2471781140143339,0.4584411481228525,0.3468223964942936
110,22,0.17755325138568878,32,5.750308964078526,1.1235224790677947,0.424971371580579,0.33073509982077687
110,23,0.07976931147277355,32,5.857404313140739,1.191780452045772,0.3959927393136369,0.2919062548755605
110,24,0.06031249277293682,32,5.755077354082763,1.0930739779075553,0.44735972708821403,0.3497219064678524
110,25,0.0716794915497303,32,5.174238551010804,1.5902079556594089,0.46237077160446605,0.3472801781358554
110,26,0.09610035642981529,32,5.502531251618151,1.197245713329366,0.44458869081289976,0.3522149639934812
110,27,0.06900592893362045,32,5.919971976487757,1.076044496552285,0.4491035495420523,0.3734699742457946
110,28,0.09239140152931213,32,5.784835995871745,1.2250255363672204,0.4523495841713301,0.3410915174315117
110,29,0.07146654650568962,32,5.731876867792039,1.1915897806282416,0.43231829681928297,0.31365107109217105
110,30,0.1395138055086136,32,5.8629618861074295,0.9893352462252558,0.5166112471405697,0.39418058319481974
110,31,0.04604790546000004,32,6.093173686312784,0.9963598075869156,0.4477213614598688,0.3394388351779725
111,0,0.18226740881800652,32,6.069569045533851,0.7211024058117905,0.2753935070591854,0.17646601677051063
111,1,0.038197509944438934,32,6.144995989537254,0.8719210875238046,0.3422473772314574,0.3263720709174975
111,2,0.033912910148501396,32,5.635746634670158,1.216496134819475,0.5248752128070153,0.4557617644077383
111,3,0.02408461831510067,32,6.248170217666412,0.8878872865120968,0.3824546056943545,0.2844896973962408
111,4,0.05243148095905781,32,5.873756511517836,0.9273218136623154,0.3981187021548318,0.27744617347396305
111,5,0.12890323996543884,32,5.470870968656387,1.1255865868943467,0.3707451329282168,0.34531479533452236
111,6,0.08234473131597042,32,5.987685613040517,0.9911222719040662,0.40924984302367556,0.3304474577381519
111,7,0.09907674230635166,32,5.78896397693941,0.9521314476816727,0.36498991539277553,0.3477147362128643
111,8,0.24490796029567719,32,5.590607041092112,0.9648104699197697,0.3231633696662217,0.38768915097017786
111,9,0.23226448334753513,32,5.867773745200256,0.8343218255762137,0.2347277217771087,0.34284689074305713
111,10,0.23396457731723785,32,5.622034638046776,0.8574366871870147,0.26670278168822503,0.45613703316513987
111,11,0.18202009797096252,32,5.918627976371001,0.7968689161996716,0.19261079585373214,0.3598535976617661
111,12,0.054822128266096115,32,6.377894719890087,0.5415018565048451,0.18739427582139057,0.2540243733698565
111,13,0.40365550853312016,32,5.669332666123678,0.6897594945155276,0.2223291912337709,0.3084796943529496
111,14,0.33879571966826916,32,5.451442872801671,0.866709543979943,0.2558072616638847,0.3668427052505795
111,15,0.2503255531191826,32,5.640866487946976,0.9624659546912389,0.27128015018032636,0.3120232772136248
111,16,0.21713004261255264,32,5.852932714505648,0.8952092217294023,0.27967956609259803,0.3480338999573355
111,17,0.25645196065306664,32,5.788840347864046,0.9956835068630054,0.232413311970879,0.25957790552556126
111,18,0.21386625990271568,32,5.873819073145816,0.8584778795782384,0.23241151938846608,0.2690317990606459
111,19,0.09719214402139187,32,6.132704982086137,0.7656035782533159,0.2604527354350159,0.3019956679580893
111,20,0.2305266596376896,32,5.968285637743615,0.93020632900389,0.3166424955286291,0.36327211149928473
111,21,0.16251959651708603,32,5.642573593174358,1.268439034394694,0.32988693298314986,0.3468223964942936
111,22,0.23040232621133327,32,5.745844315356096,1.0001890108211322,0.30219816971397806,0.33073509982077687
111,23,0.11246637813746929,32,5.915055174058005,1.0776068298575545,0.27827622088402676,0.2919062548755605
111,24,0.09456473216414452,32,5.727375265670273,1.041674673585545,0.30324162608940947,0.3497219064678524
111,25,0.1134393010288477,32,5.3002758726825725,1.46077740878183,0.300065715149772,0.3472801781358554
111,26,0.0991605892777443,32,5.862614509856053,0.9591127765556484,0.3633074732955257,0.3522149639934812
111,27,0.08021051250398159,32,5.901825396043533,1.0298300709508297,0.33252003414119524,0.3734699742457946
111,28,0.07392937317490578,32,6.158594816584932,1.0112731107854547,0.36975802386949186,0.3410915174315117
111,29,0.05129530839622021,32,6.304250262518082,0.8008786547248086,0.33261226742667505,0.31365107109217105
111,30,0.09085789509117603,32,6.081276986502037,0.8779759414345243,0.366170127308282,0.39418058319481974
111,31,0.03823409415781498,32,6.169931300046333,0.9453336851863483,0.3345748780826059,0.3394388351779725
112,0,0.16112443432211876,32,5.838209766766191,0.8260766166712878,0.25002575120981907,0.17646601677051063
112,1,0.052904028445482254,32,6.146434133869228,0.8769178826111554,0.3181868828220617,0.3263720709174975
112,2,0.020261773839592934,32,6.21302654406354,0.8767675971981248,0.44276342037085614,0.4557617644077383
112,3,0.03259245865046978,32,6.501774411526971,0.7066392823430592,0.2882478433766136,0.2844896973962408
112,4,0.043413178995251656,32,6.223170915357863,0.8220311140011738,0.29072654476976023,0.27744617347396305
112,5,0.09110702387988567,32,6.281123717660895,0.795291110213638,0.38533018275221553,0.34531479533452236
112,6,0.061838774010539055,32,6.253034052890158,0.8387870312581098,0.3501075730603698,0.3304474577381519
112,7,0.06984379515051842,32,6.135011539531146,0.7726001719613311,0.34738775803928446,0.3477147362128643
112,8,0.2365308627486229,32,5.906544892461688,0.8995396613568749,0.38195616825833634,0.3822136485936014
112,9,0.22606752440333366,32,6.190152085126159,0.7032945724608037,0.36840738213475227,0.3396114891720891
112,10,0.22875644080340862,32,5.847152696687793,0.883557266008733,0.40016349523130756,0.4242176799233466
112,11,0.2290318589657545,32,5.9308726663333555,0.7727292354572182,0.3090033321339919,0.34730809124034184
112,12,0.09398107044398785,32,6.302329465709259,0.5746143688987484,0.24635914759630953,0.25242511121281597
112,13,0.4305406901985407,32,5.5166972071853975,0.7392357241635166,0.3345022097214908,0.2818357511111428
112,14,0.35985735803842545,32,5.2862029134516995,0.8943619624594232,0.37342060393868703,0.36579160093196605
112,15,0.26607707142829895,32,5.5853308923537845,0.9340801081307157,0.3268505910661153,0.3063453938058378
112,16,0.2128953728824854,32,5.782762588816805,0.9289756974003236,0.3167656805876892,0.3480338999573355
112,17,0.2562131378799677,32,5.737810958705017,0.872558322871777,0.27513093210009154,0.2498727963269697
112,18,0.2604707982391119,32,5.647516521078357,0.9024207797702015,0.3109543463366694,0.25799610259210254
112,19,0.12094424851238728,32,5.886621803885936,0.859882730818339,0.33072130522318566,0.2907159356881182
112,20,0.2662487253546715,32,5.922481005182508,0.9168337593190357,0.3362896271505732,0.36327211149928473
112,21,0.22101540863513947,32,5.599078927634084,1.2028517970081616,0.37934743223792977,0.3468223964942936
112,22,0.27084606885910034,32,5.814494212574641,0.9252274141366765,0.34141954349726233,0.33073509982077687
112,23,0.15617727860808372,32,5.929531600890473,1.0352694326267295,0.3241675751116916,0.2919062548755605
112,24,0.1296452134847641,32,5.908450926663563,0.979764832973463,0.35730692988048846,0.34423442132333515
112,25,0.12834998965263367,32,5.674007777735898,1.2660156929753033,0.3625508603809532,0.3368553876165597
112,26,0.13496057130396366,32,5.994159221712282,0.9043831987887181,0.3668378705925752,0.3645774100311489
112,27,0.12898347526788712,32,5.911161884657241,0.9930589716822515,0.3300205855664906,0.35830116610382046
112,28,0.10961285792291164,32,6.087262689989465,0.9296783922446865,0.3446947456701389,0.3548650000227803
112,29,0.06513744778931141,32,6.155489246431506,0.8648608114219112,0.312568389061732,0.31766348978268694
112,30,0.1684515830129385,32,5.8178747029735245,0.8954401695169141,0.34350892134874955,0.39418058319481974
112,31,0.054143333807587624,32,6.291402038732759,0.8685228371171201,0.3264670764411242,0.3366402442004986
113,0,0.13698112592101097,32,5.932355500108187,0.7670776808990656,0.19952669322167532,0.17646601677051063
113,1,0.03312700241804123,32,6.079947160199971,0.8579353131188707,0.26929665474540426,0.3263720709174975
113,2,0.024321120232343674,32,5.992246230577172,0.9303719141525093,0.35148356549268833,0.4557617644077383
113,3,0.02804931253194809,32,6.562941111713691,0.6479704117242138,0.20919793882975452,0.29151727026303587
113,4,0.041281046345829964,32,6.250172463768517,0.8199036726946876,0.22645199149903095,0.283903336939808
113,5,0.07534952461719513,32,6.25877719957319,0.8245910334705169,0.22637439135946058,0.3463063559532292
113,6,0.07156351208686829,32,6.3336831433614496,0.7957452868975023,0.2215179660663023,0.3304474577381519
113,7,0.09924884513020515,32,6.074634066693516,0.7329031467459659,0.2404084013769125,0.3477147362128643
113,8,0.24360573664307594,32,5.815388522423634,0.912100732080817,0.23746461819196515,0.3845814254110105
113,9,0.23168531246483326,32,5.986382933238282,0.7415808075806822,0.2487285937533554,0.34284689074305713
113,10,0.2019071988761425,32,5.777994219308818,0.8168346169384133,0.25338001260641796,0.4046918106019953
113,11,0.24502705968916416,32,5.953863796943578,0.7514824508276581,0.20118843832242034,0.34392458381115343
113,12,0.12326669692993164,32,6.1906035960108685,0.5804144815243024,0.17924875000822085,0.2512070943758601
113,13,0.4464659318327904,32,5.296320013537653,0.721985687789708,0.2082806356655109,0.2818357511111428
113,14,0.3789207208901644,32,5.295624412706905,0.8842625416209797,0.21081233813063507,0.36579160093196605
113,15,0.299813836812973,32,5.614913241381157,0.8835899528225069,0.19487430128648844,0.3109809858244633
113,16,0.228272819891572,32,5.7859564133940715,0.8526149963137364,0.2219406197791698,0.3480338999573355
113,17,0.25769155845046043,32,5.7371949211722715,0.8092270075771166,0.1675208070672497,0.2526982250866713
113,18,0.24206659384071827,32,5.787056357841644,0.7856865897450218,0.1956042343981113,0.2690317990606459
113,19,0.11473711021244526,32,5.897931772669574,0.7799000673623411,0.1964582465708351,0.3019956679580893
113,20,0.1931249462068081,32,5.720454334245844,0.9742381145022518,0.20871959244936916,0.36327211149928473
113,21,0.19265851750969887,32,5.644716176240152,1.1272401795834224,0.2033301514202393,0.35405468661636985
113,22,0.26904893293976784,32,5.8271219334355955,0.8976928844320806,0.16860390721913132,0.33073509982077687
113,23,0.16846289113163948,32,5.986685880853109,1.0038888088035618,0.15721580581375072,0.2919062548755605
113,24,0.11828666925430298,32,5.881188533597478,0.987805975797234,0.1522574880861456,0.33921024605351857
113,25,0.10381382517516613,32,5.652218051560773,1.2810796084622371,0.18727647031618916,0.337617803543107
113,26,0.12426651455461979,32,5.965146266179301,0.8955331722645434,0.14365476787679524,0.3645774100311489
113,27,0.11489691399037838,32,5.782140992656517,1.0509483509236341,0.13962132066905858,0.3432306466349531
113,28,0.10984045639634132,32,6.000569666401992,0.9739152000029447,0.1724566576274561,0.34847210371191834
113,29,0.06608575768768787,32,6.111020716363742,0.8634173811663546,0.1550515458095419,0.314424471781987
113,30,0.16466608457267284,32,5.608780223989776,0.9587498104274328,0.13950470010765162,0.3800588299660129
113,31,0.04627564363181591,32,6.107898625671593,0.9570374995570878,0.1700717228508536,0.330520977261865
114,0,0.16534413397312164,32,5.961123059438425,0.7799681176633397,0.18200406612967604,0.17646601677051063
114,1,0.038393475115299225,32,6.108576910977956,0.8697254609787892,0.33205664504102694,0.3196781927418937
114,2,0.015988005325198174,32,5.9964306971604024,0.9281914824624158,0.4339802835676158,0.4532782709722707
114,3,0.027519963681697845,32,6.460226382016252,0.6947378601485328,0.2896952639656901,0.2812202705098185
114,4,0.0444562379270792,32,6.252564108259687,0.7919172877512173,0.2658893437328708,0.27744617347396305
114,5,0.07253718934953213,32,6.1301720287139085,0.8633689356082117,0.3518466883493596,0.34531479533452236
114,6,0.059029584750533104,32,6.274804268694889,0.7911520678687216,0.28071649136800103,0.3304474577381519
114,7,0.08965910784900188,32,6.121872356278608,0.7183268197390076,0.2680877416803439,0.3474992574261198
114,8,0.22274424880743027,32,5.813730555161547,0.8826549210288901,0.2815541401588129,0.37958839144092726
114,9,0.21562360227108002,32,5.888131886341845,0.7585818608705246,0.2510415771532686,0.34284689074305713
114,10,0.22176963463425636,32,5.631543824480312,0.8828385713997138,0.3025977611788631,0.4046918106019953
114,11,0.2400259543210268,32,5.96323325175741,0.7559050465859212,0.26207457829458225,0.3278243274543466
114,12,0.1011500358581543,32,6.309964069807201,0.5844643098411906,0.22243105795993642,0.24855609480974394
114,13,0.37880623154342175,32,5.038376985245,0.755929704770911,0.2934371196496318,0.27152881680114216
114,14,0.3276514336466789,32,4.9900711055577425,0.9016724978852304,0.35869785944653165,0.3565632189490001
114,15,0.27607432194054127,32,5.441151264197343,0.9523034488093849,0.3492069810688675,0.30379782255543936
114,16,0.23792126961052418,32,5.358612891844356,1.0119477327392108,0.3257975270238055,0.3285608752289628
114,17,0.23158746771514416,32,5.61443728578715,0.8363933351262807,0.28215437394640974,0.24130723221930833
114,18,0.20633673295378685,32,5.597974551446622,0.843992896570688,0.2651446255372575,0.25799610259210254
114,19,0.103148328140378,32,5.7755653562646785,0.8411261351505317,0.27256664800462427,0.28618967776981324
114,20,0.15515500493347645,32,5.681060649621566,0.9295576747702174,0.3515433437968615,0.34823206823045993
114,21,0.17263924703001976,32,5.545201475961221,1.1087242733515223,0.3575868052887719,0.3383803927805805
114,22,0.23249346017837524,32,5.565107119794652,1.0041427629762927,0.31929998922243796,0.31788273847530935
114,23,0.1214329581707716,32,5.8804210569562585,0.9783147608441372,0.2926573212615342,0.2862725799879851
114,24,0.11784694343805313,32,5.858088032005578,0.9943364633320444,0.2718312179567832,0.3184501224491011
114,25,0.09215753898024559,32,5.8741727182136465,1.1080945797155213,0.30589394880400844,0.3157769717958963
114,26,0.11040221527218819,32,5.979362857671745,0.8891934756815925,0.2802703352114582,0.338452082342652
114,27,0.10501433722674847,32,5.8494508912359375,0.9895104898974267,0.26185896152787924,0.3372419769787014
114,28,0.08668569661676884,32,6.14235112933455,0.8389079002642825,0.3155952018034054,0.3373141593897323
114,29,0.05478017218410969,32,6.169870704328887,0.7945693782821843,0.25943253252451887,0.3114517977202014
114,30,0.1349279936403036,32,6.089676649214805,0.741494121264795,0.3250080045305862,0.3548395243285158
114,31,0.040069473907351494,32,6.124646313060001,0.9318672951674412,0.28907207257747136,0.32627351046810954
115,0,0.15042716450989246,32,5.8431261572758135,0.8041409922502982,0.12617613381841397,0.17809177756665118
115,1,0.046760836616158485,32,6.064854187339544,0.8896733232643257,0.3405411808377141,0.3196781927418937
115,2,0.028374142944812775,32,5.414764390991259,1.071302233965378,0.4606265796238806,0.4491771896945845
115,3,0.04387427307665348,32,6.307541305637677,0.6667058061800102,0.3024188655405199,0.2812202705098185
115,4,0.06306647323071957,32,6.124864753830641,0.8531751276293331,0.3061894664933691,0.27346325385939535
115,5,0.08819546177983284,32,5.832134148695328,0.9520294356196093,0.35573937542736883,0.34531479533452236
115,6,0.058134548366069794,32,6.204754370768556,0.8023432731824149,0.3041730028796823,0.32162533865281767
115,7,0.10333721525967121,32,5.896753590470038,0.7724595537717756,0.3028717158789211,0.335579545410603
115,8,0.2549151908606291,32,5.46204620990606,1.0367840533383577,0.3167111690384952,0.35311951833467214
115,9,0.20310132019221783,32,5.8501254817640405,0.8202624155941436,0.2783955661147183,0.31530042244331485
115,10,0.23343190737068653,32,5.28522469679921,0.973724385236741,0.3501146395628325,0.3710477252490314
115,11,0.20143160969018936,32,5.816302862045759,0.8662886981229123,0.2835364212400884,0.2986828447679411
115,12,0.07005026191473007,32,6.2719264551608,0.7055778172022915,0.2402851512756084,0.23599024185113987
115,13,0.3847419638186693,32,5.392484055295698,0.8110034129088692,0.3655151516410678,0.2818357511111428
115,14,0.31763327307999134,32,4.924213756577652,0.9288990031287643,0.41248949213083047,0.3616063015176453
115,15,0.1877985130995512,32,5.389593211297301,0.9586467430804291,0.4082302811197466,0.3109809858244633
115,16,0.18472543731331825,32,5.50081021822803,1.076386805987367,0.41831240076641313,0.32588186919088463
115,17,0.21159473806619644,32,5.801884037476207,0.8829614867384894,0.3362301783223772,0.24130723221930833
115,18,0.17366391606628895,32,5.828616169552291,0.8246192855169312,0.3233935475764217,0.25799610259210254
115,19,0.06225793622434139,32,5.96511315945991,0.856623822464786,0.33988784197976984,0.27191234162562244
115,20,0.16840656474232674,32,5.609098421078392,1.1120002860791178,0.4190190207826383,0.3445533006658682
115,21,0.1112412828952074,32,5.768670030088228,1.1803893063512811,0.40559602685032103,0.3383803927805805
115,22,0.161209587007761,32,5.579955761831606,1.0885735119992201,0.3994055720607964,0.31382429287467767
115,23,0.05585441365838051,32,5.781875853311803,1.1438920226989815,0.3843757722720711,0.2862725799879851
115,24,0.06755040772259235,32,5.655707452813317,1.1059206019799976,0.42207509159094003,0.3095141543805314
115,25,0.06894418969750404,32,5.244227387617668,1.4669072187746748,0.4460353871823335,0.31346893948416815
115,26,0.08134475909173489,32,5.313814086311074,1.260729700754065,0.4743529416247259,0.31109344091863955
115,27,0.05215091444551945,32,5.804196588985004,1.0656681960799208,0.42099372628434467,0.3312703098538429
115,28,0.057455580681562424,32,5.855919428724441,1.1269664163835964,0.4205998910661026,0.32276438745636554
115,29,0.03551753610372543,32,5.791006184368598,1.0458005957558196,0.4248153406620413,0.3087675661040019
115,30,0.07133403979241848,32,5.83290352029585,0.9458582657513439,0.45560516957261826,0.33857241854327663
115,31,0.0369061715900898,32,6.113151272484425,0.9222976892409047,0.41128418857456217,0.3213328552454545
116,0,0.18473835103213787,32,5.769697901639871,1.0354221224176978,0.37040095777103466,0.17809177756665118
116,1,0.03598950058221817,32,6.187755385212099,0.7954969086050578,0.4006990248173903,0.3196781927418937
116,2,0.039172085002064705,32,5.501123307075494,1.0710469576637092,0.5617753974623126,0.4491771896945845
116,3,0.023714281618595123,32,6.19805360106667,0.8488749293794262,0.4378170200208306,0.2812202705098185
116,4,0.0468691922724247,32,5.831358721790469,0.876152573569513,0.46328429270106675,0.27346325385939535
116,5,0.08150465786457062,32,5.750845862344478,0.9119416226642736,0.4940561304196899,0.34531479533452236
116,6,0.056764813140034676,32,5.868358401648647,0.9293292553223349,0.5067221383130962,0.30895695111045685
116,7,0.06297711096704006,32,5.719720878803489,0.7927376949599712,0.5200584579556338,0.316576173140648
116,8,0.17233863286674023,32,5.556407446540519,0.8618049976425395,0.6002561399752612,0.32372311903861484
116,9,0.0920644961297512,32,5.929372782977639,0.7732563543315374,0.5783889489617964,0.2845859152580712
116,10,0.14536032639443874,32,5.250204894306705,0.7858473678353812,0.6801858480780559,0.3460232974147939
116,11,0.11375325173139572,32,5.331014576197598,0.8287442803817715,0.5511312837665617,0.28594938932098934
116,12,0.04095879755914211,32,5.887090149807185,0.55423951019917,0.44467530119606247,0.23295324369078932
116,13,0.25495201349258423,32,5.616436078729528,0.6427461418143476,0.524777078018634,0.2818357511111428
116,14,0.23895273357629776,32,5.033443852783437,0.9596555212588154,0.6552614517746183,0.3616063015176453
116,15,0.16694839298725128,32,5.48190522726544,0.9869254707892745,0.5499782358730834,0.3109809858244633
116,16,0.17103547602891922,32,5.406717320730708,0.9993824121931851,0.46415693622618925,0.32588186919088463
116,17,0.19868683442473412,32,5.7268156505619,0.9306850191812455,0.44346828853193965,0.24130723221930833
116,18,0.12408025749027729,32,5.9838839485169055,0.8394717686254234,0.4203044251275868,0.26100833040658367
116,19,0.07406372763216496,32,5.861692265427099,0.832837916076298,0.41138570112903083,0.27191234162562244
116,20,0.14763141982257366,32,5.7780122045910955,0.9631397288698302,0.4859792105539288,0.3445533006658682
116,21,0.0986581388860941,32,5.66365125917614,1.0857316504113879,0.4230276369642828,0.3383803927805805
116,22,0.13580264523625374,32,5.6018509965225824,1.038151288353256,0.41961288468045577,0.31382429287467767
116,23,0.06541272066533566,32,5.745012676705532,1.0300660841239004,0.3628142527419683,0.2862725799879851
116,24,0.06097324565052986,32,5.606516841876629,0.9883921093192329,0.3716635757470218,0.3095141543805314
116,25,0.04215095192193985,32,5.1851116381314295,1.3769939309240566,0.363299533727733,0.31346893948416815
116,26,0.046799302101135254,32,5.309844815161407,1.0596476967161568,0.42202110391605796,0.31109344091863955
116,27,0.048332635313272476,32,5.580486615701506,1.0845435324189836,0.39718629686616835,0.3312703098538429
116,28,0.044175900518894196,32,5.722702335004738,1.1137590145851801,0.42639493843482357,0.32276438745636554
116,29,0.04132629372179508,32,5.650742181977536,0.9676213970356278,0.3296853722195135,0.30988415744553255
116,30,0.08094628527760506,32,5.709610058839019,0.8044894478750759,0.38405489213135446,0.33857241854327663
116,31,0.04131103679537773,32,5.752318916852884,0.9733884234315866,0.3731508992082485,0.3213328552454545
