step,layer,shift,revisit,dispersion,disagreement,effective_rank
0,0,,,6.671667716093447,0.9708669581360221,3.7506631276166615
0,1,,,7.041282323557627,0.8060121327941383,3.4745898310607966
0,2,,,7.065647792084478,0.6937118365749546,3.106308376480188
0,3,,,6.37911275662776,0.8564926221207019,3.5082134347004654
0,4,,,6.144132312835133,0.7832793912472908,3.255753657183247
0,5,,,5.600473736475369,0.9655167437432794,3.7166813493376565
0,6,,,6.122649661402081,0.8066808983912503,3.3124624755482786
0,7,,,5.594666907216029,0.6814274998289926,2.840726171478498
0,8,,,5.340410288837596,0.626363427522949,2.6234280924050934
0,9,,,5.173516529044438,0.7607413988127245,3.024752700579726
0,10,,,5.137040257452641,0.8051769930073913,3.2899461820303477
0,11,,,5.360388228287297,0.5849340914260441,2.5780716605932312
0,12,,,5.255651251158302,0.4294248177391786,2.1088609153149744
0,13,,,5.399714096592869,0.5152669760742716,2.40889661043396
0,14,,,5.556240931176683,0.7768272901501856,3.1811228708472368
0,15,,,5.18935682666215,1.1382766849466535,4.2724813992760176
0,16,,,5.197573559262139,1.015469253247418,3.868802364495627
0,17,,,5.925380168457866,0.8733669329646743,3.6851598319092114
0,18,,,6.691288694165615,0.7004234261875881,3.1222085351863016
0,19,,,6.828639216873919,0.7656588604391557,3.336889190054355
0,20,,,6.682007647202161,0.8600620827961558,3.624179247277909
0,21,,,6.030874966080654,1.1620253334224913,4.713490632481904
0,22,,,6.299868593015082,1.046775394730294,4.253335019092185
0,23,,,6.736130830176712,0.9009169359153688,3.7867010729612267
0,24,,,6.408273285790918,1.049154462947281,4.0886251325066505
0,25,,,6.248878630256131,1.1965422104425887,4.844339843348061
0,26,,,5.6146057130864975,1.1767239244505099,4.579233299682921
0,27,,,6.494751225525778,0.9345638412852422,3.8086035332975734
0,28,,,6.2244158568183465,1.09547900362473,4.497898605677848
0,29,,,6.605402656812905,0.8694846256369093,3.5390680064384936
0,30,,,6.366165855198919,1.0805333242226434,4.361848625775363
0,31,,,6.88906779831585,0.9176186111393365,4.046095408089479
1,0,28.4389808692339,,6.606171933200183,0.865199938596108,3.354069789810771
1,1,22.376332710995086,,6.983161803887279,0.9175457714306923,3.841942604213376
1,2,34.46240467350474,,6.3647194712046,1.1297432341886031,4.275970255386142
1,3,37.232022054819595,,7.019877360526946,0.7306581614778045,3.175333055053575
1,4,24.116736404872846,,6.546545712954702,0.9187591160780961,3.794840195723655
1,5,47.63186284397901,,6.016191320974222,1.1172584297163866,4.365354352989146
1,6,27.770841878376874,,6.067548024549484,0.8624744630515808,3.60798239102348
1,7,31.795558103034338,,6.020199268408607,0.6820938614433647,2.9300333590675547
1,8,25.32016076346853,,5.980638470974299,0.7177736801427361,2.8901653718050597
1,9,23.293727701271532,,5.81550764264925,0.8265624026118532,3.3694190330119
1,10,29.660030049275992,,5.718314154329159,0.9326980046253777,3.728000102642954
1,11,31.676740787547196,,6.325725516062001,0.5957015850592358,2.6645764275593864
1,12,18.395388562852922,,5.740163835888452,0.4426126184832384,2.1565634108895377
1,13,20.601070923200687,,6.100343206107553,0.5400716192632142,2.534012262361318
1,14,19.858678503066816,,5.412877166884915,0.9718463118172247,3.6527639538252044
1,15,38.121248717519165,,5.8659757940947905,1.1878193825382173,4.760845431737587
1,16,32.18749924038272,,5.678059736498924,1.0036247661675333,3.8575923119888413
1,17,23.034437180850176,,6.250429496096633,0.9816890290850058,4.106753009874902
1,18,20.329527413268764,,6.478145829740207,0.7490140614389524,3.2222281534434796
1,19,20.95817736272518,,6.580033971307797,0.868797544121044,3.693661297249548
1,20,18.552516462176285,,6.354174438588905,0.97206239068269,3.8533867365865526
1,21,21.284464773779856,,5.857244700549768,1.1485377147990254,4.550828721557037
1,22,21.28202978836378,,6.113656540730036,0.9182264433498002,3.6870185193448566
1,23,24.46262862509625,,6.248532398805976,0.9432015964494909,3.8086951595833574
1,24,23.367869695739614,,6.225770395767297,0.9681987805965697,3.7951194001117603
1,25,24.062780584939553,,6.191316653555887,1.1836603034792184,4.7651498091808016
1,26,29.044451205995216,,5.733745687578203,1.0438562157757163,3.875510683551927
1,27,18.100841576062237,,5.939708244431364,1.0624516984813095,3.9440662112375553
1,28,25.988168320637815,,6.452382505616157,0.8501470260754216,3.6692510279524857
1,29,22.155166710979827,,6.146962930202173,0.9918832093467103,3.9178101540304446
1,30,23.81453407077739,,6.276823676866824,0.8923577915890881,3.7565731729054197
1,31,22.030146754716142,,6.688773513970695,0.9643424169875034,4.258497126938105
2,0,11.628750361148274,0.2591976277606511,5.802164824994484,0.9337441461389293,3.297686479550636
2,1,20.601956971941185,0.19187423978047458,4.4775718959259505,0.8134507467705694,2.911980281241244
2,2,20.459057518331967,0.08056860467607081,5.498745520203563,1.2688733880648932,4.589314535236474
2,3,39.35454295942941,0.5141063538791814,5.80908966214876,0.8068033250051236,3.193087295100121
2,4,31.770681810960745,0.7562770378333539,5.324859271390164,0.8177940068747667,3.149192021422991
2,5,25.25051573032742,0.3248869950543327,5.116541398237747,1.303298571108562,4.787728775565066
2,6,40.466383206027416,0.9793329294177048,4.792452968544279,1.0252215721962816,3.8208763248632276
2,7,47.10776933267675,1.6387733603661288,5.551965930366948,1.0387991739161189,3.756301709705535
2,8,44.54647448630312,2.5549258658701044,5.685550985813272,1.1483007519117976,4.188103600708016
2,9,26.974112284240075,0.5452526413356535,5.623814637983697,1.0388835969714316,3.9893228635031215
2,10,25.609241164702272,0.941731575459476,5.251207447706755,1.2348622750237581,4.839764104407772
2,11,21.303686134164053,0.7656820657072679,5.297089471110117,1.024583808500605,3.7405164572736753
2,12,15.941359753049827,0.5986671682084245,5.464259795732235,0.7149343155796748,2.767737557930682
2,13,14.114468727185091,0.5700239795968913,5.873787106739624,0.7691763009834389,3.1968047046024024
2,14,22.898621318808626,1.9392103844498265,5.27809913626275,1.1405283462091376,3.983129363143125
2,15,21.02129407838204,0.2632194815566081,5.289639196089149,1.1371964220214341,4.344548499654408
2,16,22.603942435706877,0.33327707388517386,4.880287919122173,1.1134702229625324,3.9153073956002955
2,17,15.614842998580597,0.22334677341697218,5.796461643547236,1.0275576891357066,4.132770865505208
2,18,18.496544263390305,0.30421117575471035,6.2061082057363155,0.8424420533994548,3.5086947352735143
2,19,24.51193950174288,0.8321661946052632,5.951660650349417,0.958538673415636,3.743861144378721
2,20,21.480488588468276,1.219545667144518,5.990957475740543,1.0576257253344759,4.131943131765958
2,21,26.886532178631732,1.7880113369116752,5.1194411133097635,1.304910857431862,4.748587309239559
2,22,24.549923087271992,0.8394059470349068,5.68909173194597,1.0627446483604333,4.08020883921729
2,23,22.593792603373423,0.43871457327404656,5.8121808887051065,0.9727118143902116,3.810354046040003
2,24,26.36190973274378,0.6976827265410408,5.002118173930986,1.123959619998752,3.923336978671239
2,25,26.300912119804156,0.514069539906846,4.431006740772846,1.375225983388523,4.666023646863519
2,26,23.249808243493845,0.70798028063048,5.467704387178116,1.1197471886841042,4.245794997626777
2,27,23.528128973390647,0.8996369942388718,5.718565548703795,1.0387533038162555,4.054875888688101
2,28,19.430184107997025,0.24370159078921771,5.678149288308682,0.8691237392572599,3.3644190707183124
2,29,21.2756119247775,0.14468288964086135,5.687440162575124,0.8953297402502898,3.4634825060882433
2,30,26.207566936733606,1.5494307406651888,5.805947706092356,1.0371155475072946,4.0718470810296035
2,31,16.954058650408108,0.25628777842879696,5.64393389342418,0.8979984223812263,3.6239223348790057
3,0,20.003143476431916,2.3476495679261657,6.127160609143453,0.9681358311256085,3.4104910224507075
3,1,37.56687413751743,0.7222408383288909,3.9450598921242257,0.9688311705113133,3.20130945249737
3,2,38.30874106615852,0.3439177531857,4.624376668192384,1.3911406458002,4.925313947116687
3,3,29.922354211538856,0.19193332073331462,4.903652756347126,0.7379260582411895,2.8464827472509047
3,4,21.74623852923969,0.15989174959936947,5.044552538822069,0.9107438885277626,3.428209201997852
3,5,38.65319954040227,1.0704945235233103,4.906677772701315,1.2905870398207142,4.671710358052109
3,6,22.649913650449406,0.6576393649223624,4.468601140287751,1.1728585321908467,4.173789138486838
3,7,20.55566563623595,0.4377187167431547,5.087728798210181,0.9872092006480422,3.6008861675922508
3,8,14.756826176192614,0.15117765266579258,5.600486679671894,1.1246430765919149,4.136965291701272
3,9,21.108478557451246,0.7124642374003862,5.22372502472958,1.0826566555751498,4.008197937651435
3,10,19.8293165049124,0.4705186451074475,5.019328419765008,1.1226481070452072,4.277127297611356
3,11,17.380282100718063,0.3070114150572888,5.353072942502667,0.9288547698096359,3.534063045703872
3,12,29.694071638738414,2.7957446748692747,4.925901912658103,0.5837433750968852,2.3782943214652352
3,13,24.6223469554063,3.162262281088239,5.9662253888533066,0.7832821348854138,3.20139908439718
3,14,27.54759123332982,3.2838793898964873,5.485433761779643,1.056350511510681,3.886618004312441
3,15,29.80143243475608,1.622502404715768,5.09132264877389,1.173523287181828,4.472808814619514
3,16,29.096214528889984,1.812024294095564,4.451753790949234,1.1800525434281308,4.183326885326199
3,17,26.267377494362616,2.2796835169109606,5.3565681238969,1.1663346103116812,4.566939042012304
3,18,20.844160104697036,0.8437377704378944,6.010319829371208,0.9262488548276071,3.6473501160814683
3,19,24.017755160554355,0.3996866114281552,6.0057803412958535,0.9701580185804541,3.9019310838041683
3,20,25.63569319741023,0.6788366246360755,6.096462307367309,1.103819663648265,4.341489626499388
3,21,32.78148356317506,1.1245098143713848,5.312507657859117,1.315922676937129,4.891682406690492
3,22,24.156671215527233,0.7055657088411963,5.613284511210128,1.1510450088545978,4.376136634549512
3,23,28.994837006733185,0.6282867581767654,5.323717760068043,1.0381565739705776,3.9202234241961116
3,24,33.53589460385592,0.48231006718925884,5.319030385853614,1.2229458806832216,4.370386914545133
3,25,45.112692333639345,1.0109681269825483,4.618588152879944,1.3695915011251625,4.87156617906843
3,26,37.711945026838045,0.3793804787284291,5.27128195726883,1.227367782637958,4.65832214198006
3,27,28.05590029516496,0.35209516541751407,5.869902111776449,0.9611115780564274,3.701135559999458
3,28,40.721479009786805,0.637105436002863,5.362798391813539,0.9870553798768071,3.7670648694798285
3,29,48.438104403844704,0.763048746447126,5.780415215091033,0.9545696707208418,3.6888523468190413
3,30,35.74936028850675,0.9686621278599546,5.4910642500615525,1.1945579109747664,4.547358028915233
3,31,46.968619942789346,0.8866281160534305,5.12395662836982,1.0065351819896202,3.8090543810450126
4,0,11.467055379690478,1.3959589330027855,6.179332570707738,1.0206503372951312,3.597330331779848
4,1,27.426380849370606,0.6450074743606299,3.999564401131918,1.1110053006527765,3.681084984206291
4,2,46.07129275725996,1.5857144707542883,5.037826858546293,1.216696129321722,4.468163867815583
4,3,53.53522695011958,0.6527971722461088,5.1994708091011415,0.8343392373111964,3.2425199061493144
4,4,36.272520700178674,2.385064735843277,4.902481334454494,0.9899825546535066,3.5811950113258764
4,5,26.49634601475509,1.365113907805746,4.896872939224876,1.367792217649674,4.83038985312574
4,6,35.5049442519196,2.015706516699695,4.31543280205873,1.0221691985950638,3.590386644624402
4,7,25.35261443869954,0.8377366413163319,4.531213759898266,0.9261186113103284,3.353029989447927
4,8,31.492251906946443,3.194230124918276,5.280530936614753,1.068408188320575,3.820438600267244
4,9,30.12220367972636,1.7772509239940373,4.802814835075112,0.934825417605734,3.4443868375487923
4,10,28.115261802891773,2.3547449196195167,5.269609216070396,1.091194983199693,4.17845718878784
4,11,25.19562279690241,2.307525753590247,5.450532108757832,0.8578326234251206,3.2933353410234414
4,12,26.149113081249276,2.161083781316204,4.658818191277911,0.5649403452581883,2.340038997109896
4,13,26.270394220928488,3.18830841422826,6.193126321799154,0.7799602690265521,3.249717685097655
4,14,26.028416699326897,2.7922683052686432,5.124555547089644,1.2350511294261333,4.394567790997418
4,15,42.49707641758795,3.5825822823528948,5.217207210957624,1.1299087364523173,4.282650348509379
4,16,40.842152820500715,2.7469098769646116,4.275559922676029,1.1989045342948579,4.052813454221239
4,17,33.6013864910055,3.00108042939397,5.505719681511277,1.034520790458446,3.893556731807264
4,18,26.579229191740055,1.4670665129844451,5.798308193725846,0.8936559597618441,3.4206703601107864
4,19,26.70014035642167,0.9374126756665913,5.856428124612698,0.9556255816057826,3.691319525900335
4,20,28.925718238670388,3.5937479678945996,5.472940011051074,1.1633320078419747,4.317092016218766
4,21,20.95315412431333,0.34789878136538444,4.607775866036736,1.2864352607725582,4.504180395142566
4,22,28.016426757598296,0.9473041313756159,4.976111756067559,1.1709441493429305,4.191560348911664
4,23,29.627402981529134,0.29591042677153195,4.599445014166172,1.0507981964690707,3.7233528203982127
4,24,27.2025015661873,0.47266751281207187,4.788985096694159,1.1992987670523796,4.0837570407255805
4,25,28.30245534490313,1.5037554913283309,4.117911327493786,1.3513010696439354,4.504365014434607
4,26,26.57263162636049,0.4277428392918047,4.918298756903087,1.1154049118841156,4.01104381671795
4,27,36.3580876672974,0.8298242175401949,5.360595354097077,0.9368425529582893,3.4641705541420222
4,28,31.88480594545637,0.45677181598778005,4.621803622445352,0.8419526947150597,3.12541261130568
4,29,32.16394422037978,0.3248570986050322,4.817447789195685,0.7921941698062644,3.0532271068138868
4,30,23.699774780970532,0.8666243698349008,4.906453521012481,1.061169009153378,3.797851044799719
4,31,31.159326439367412,0.5439633016444949,4.542237487837339,0.8702123039414271,3.2300898214496754
5,0,18.93591988363301,1.3033380655598883,5.5366013716895655,1.1730214327040809,3.823109521194242
5,1,18.233392912784737,0.23736446353565585,3.875742933368559,1.0371848433375073,3.4507093802937896
5,2,23.821765815823134,0.1324640426506071,3.646635074564066,1.2726946771105814,3.967544453823976
5,3,22.41507751816217,0.06664679569756854,4.73515657321534,0.7732565633599933,2.928806846343845
5,4,24.198759720461435,1.070956579744117,4.469691005855296,0.9687314414797408,3.391266175294276
5,5,21.853092285269224,1.0073986777179655,4.8319948110834545,1.2201109477079708,4.166672381705821
5,6,28.89954813319332,2.1211150354764134,4.39534817660042,1.065980382656596,3.7533528212866236
5,7,26.952288319721916,1.1687406223794936,4.6183166137004825,1.0068588003682937,3.5739154491042244
5,8,39.22897469365546,5.249747194162018,5.336458866605038,1.3109277149815588,4.7302554873097185
5,9,38.51183736435633,4.356698307766408,5.543027963963809,1.0522676235682287,4.095031584130457
5,10,34.52794914899387,5.156483017814143,5.288112886178688,1.235448625813735,4.77764605066021
5,11,22.217891975005017,2.227223895660241,5.447124714058157,0.9477078868245385,3.630568509180636
5,12,23.840426864072178,2.059526375022675,5.001184476398753,0.7163792416085206,2.7622747895289406
5,13,22.035060205086694,2.7471478168898975,6.1014052602700195,0.946579412832345,3.6825359911154063
5,14,32.766940490238255,7.859363166043541,5.302027885022328,1.1877208505505399,4.3415159723113055
5,15,23.811644198287603,1.1752123565538817,5.151205049593261,1.1142677946822817,4.15302821553278
5,16,24.252356036043658,1.2249004447425829,4.473854638671249,1.2062072860846742,4.096611740949199
5,17,29.495008211208813,3.445929215212362,5.423018855368653,1.0021868467248858,3.7666811175324737
5,18,21.57472596328703,1.4790829763207243,5.826221891517948,0.8842646214346246,3.414983021962462
5,19,29.340282830552255,2.717430504237597,5.700748849849841,0.9538547199505256,3.6820862796023492
5,20,26.46067844343783,2.4104428368015722,5.154595537161469,1.1476572313456712,4.2228704541603985
5,21,34.67062838524046,2.326675921424445,5.03232004439338,1.3723438085756747,5.008590059137227
5,22,27.329148052719404,1.7139736261534397,4.9782640378990735,1.2115003273376095,4.383849844365563
5,23,33.80621865679558,0.8842231648211745,4.974070598452529,1.0810434907969357,3.930633072188773
5,24,30.659561969632865,0.5500256347511646,4.681731623291371,1.3383570714963904,4.531037608767539
5,25,26.816719996717854,0.32627965205802406,4.289978965622769,1.4419923541047446,4.94268381011844
5,26,30.358167743230236,0.9956506129535307,4.784809881881064,1.1817814516087912,4.171798656059496
5,27,24.51386170572795,0.8141669473858477,4.977117210981309,1.1365858602930352,4.00256894673952
5,28,33.41214062130141,1.391329959716607,4.866641243974176,0.8674287742048206,3.2713586949354236
5,29,36.25000743751814,1.7111408530310812,5.292193729199806,0.8255819498872468,3.195234007872039
5,30,30.83753458715451,2.2413992781073735,4.911703595475367,1.2200022084015307,4.419600447622558
5,31,34.350837817401256,1.117685685341708,4.642709828980264,0.9810983458086717,3.559181691659692
6,0,27.840837046007543,6.951705469468176,6.09804114730463,0.9369149417875118,3.3294345186982706
6,1,45.4078945565322,0.9253278675122751,4.935351717542547,0.9698083956311825,3.5523422814824275
6,2,42.15812719700695,0.25734260215612725,4.2881321318049785,1.2976330346193716,4.358969956760871
6,3,42.04367241202189,0.9463655009441316,5.45830852393036,0.8283379943742686,3.2033338601424948
6,4,32.14554441793934,0.7120896759446219,5.303986584718059,0.8897638810410804,3.341074960354293
6,5,26.359623665404254,1.0853048261483733,5.15273263130406,1.151850279615637,4.021283915949484
6,6,36.654123767451935,1.5893250297955133,5.048656510181732,1.0608827739841624,3.8733472450629245
6,7,42.60516310817358,6.866760040607737,5.154781965057911,0.967961676288625,3.571381162798146
6,8,37.19832114525748,6.815700251871222,5.076464094859469,1.4121175366941818,5.033278681475409
6,9,37.87546140472847,9.681836191497776,5.402141521632861,1.1728519855830646,4.453866315523071
6,10,50.71098477491691,12.905097978069033,4.8753160758351095,1.2604031469977999,4.753205697724664
6,11,44.460238977192795,13.13749578677636,5.233368940370969,1.1139643262180705,4.084449898825027
6,12,40.08207956758415,8.109028341195943,5.3765787091180375,0.6618752016007026,2.6476147357769393
6,13,44.16630457457421,16.59622619607204,5.379817531892195,1.0877533367611232,4.015526636610355
6,14,45.21919767754747,15.189764264690302,4.722348543129016,1.1329017171410811,3.94120868475939
6,15,34.521626791219276,4.51146280639448,4.862438157644982,1.1887359161776727,4.1609448574577845
6,16,34.20273936494068,3.9779592659986793,4.3282921721349155,1.1988710767178494,3.9956606679935645
6,17,29.118052080079377,3.059410224607969,5.079534121854569,0.9922795555288291,3.6080070309525674
6,18,23.720617125455185,1.4661771899374698,5.229630333546364,0.9834547280918011,3.552220476110888
6,19,19.955804649952047,0.9019553369273203,5.280368349843979,0.9570046936004015,3.531735933164351
6,20,30.203615862125613,2.534002183535641,4.964780068948018,1.2137271081414873,4.214795714240826
6,21,24.85646282260096,1.9382994855383786,4.800954718734611,1.1907512003436427,4.158283255541564
6,22,29.956514980686954,3.701034861524284,4.953450251689533,1.1892645821874002,4.302748655505414
6,23,35.54816604617707,1.4638989770680202,5.117182377076181,1.0064744531796554,3.7645941221633623
6,24,24.46657599959153,0.692289666142783,5.067481288494241,1.151338594606246,3.9994362797812584
6,25,30.685910339534733,1.2595708319542116,4.4405163472174465,1.2797283317642982,4.2860057364457935
6,26,37.62426726686248,1.6833655987749463,4.690010205509008,1.2125918118260266,4.210364912354656
6,27,34.55348036829905,1.1608961706293877,4.902415586477948,1.1730632435765411,4.112981015294545
6,28,38.38672056752563,2.3903335925265248,4.65961632908126,1.0164753301579683,3.7277076622108734
6,29,39.717953315386666,1.0639129635949733,5.0539051351218935,0.98516477281491,3.4983533106555855
6,30,35.51807751129853,3.112770257163745,4.960280172953021,1.0984242023272088,4.081698858829611
6,31,31.282832938982395,0.6973957993595391,4.764257957284556,0.9063454058819875,3.3960762495121615
7,0,20.942969241744763,3.195548995635949,5.735301334857144,1.0663945310059937,3.7665915417857434
7,1,23.9087976751621,0.314388126465244,4.051229024933225,1.0628454854852079,3.529474471848578
7,2,22.59747600958842,0.11729384370647597,3.9158765642910742,1.2678442312847311,4.226273917003962
7,3,27.038591026666317,0.16968051416848062,4.688683207269301,0.9416531692199381,3.337967746530802
7,4,25.862751817821753,0.4650583995349697,4.663371447461881,1.0879166045425954,3.72642523129054
7,5,27.5697742962196,1.01573125765089,4.325550643639091,1.3920680021131124,4.549515953955439
7,6,26.17299816123797,1.8160616855928642,4.418315273091283,1.1600167288172578,4.073888052787139
7,7,24.554101288368376,1.4957271142554807,4.845772808409032,1.114118738663354,4.023390506708625
7,8,24.88247805869961,1.9010103398153473,5.16263483534768,1.3083282918219492,4.76153947380963
7,9,35.00829664138369,6.128650286428035,4.836247825365274,1.2627796057481246,4.68378982804202
7,10,29.61118103408733,4.83715422806992,4.964300443146233,1.4192984359126788,5.3400370095635985
7,11,35.251455738040825,7.848385579510113,5.00460471904996,1.168652711733662,4.322665323679895
7,12,30.71504822596561,5.5935669500948055,4.724146605976699,0.5701807861251096,2.434428865461664
7,13,28.51624555201802,4.04026804873762,5.514828820619373,0.9514468433773748,3.6391823978651447
7,14,25.327261246112496,2.4958832464205103,5.189295715011667,1.1807958661861964,4.283623895996925
7,15,24.213131392552647,2.026634877233769,4.635234465289328,1.2863846202458875,4.525139746257081
7,16,31.796854933482322,3.978680804470651,3.9352287567447393,1.4267026921428085,4.808419691738487
7,17,30.589748024325843,3.75602039627461,5.126863867455566,0.986577630089589,3.6408281299883254
7,18,28.73785705913162,3.833607258095406,5.603447927966231,0.9721551020183892,3.60113674902155
7,19,36.20282483097023,2.0368427847712764,5.471043359331775,0.9501139284500635,3.612523458849613
7,20,34.00902496692872,2.8010518401618785,5.313975326625891,1.1181054009737696,4.003964683490982
7,21,23.911581544038434,1.036967588393256,5.066465240208569,1.1966072782639552,4.279834515411291
7,22,28.145184071110116,3.014574439720394,5.115454917705824,1.1309128077116588,4.044128397325246
7,23,25.10157236536293,0.9083857715488912,4.839874800601393,1.0225601007420009,3.747039063701562
7,24,18.69848880587574,0.1994118437135746,4.677933602780958,1.236881756294447,4.258411230834209
7,25,20.227086152340352,0.292951060358728,4.351269185689554,1.3928432502826888,4.748760401759092
7,26,22.687839594516273,0.7752804396108665,4.599464145909747,1.218873452549424,4.209064504016642
7,27,30.274726489961942,1.9161061952856875,4.422021765511014,1.2804405443603368,4.342110682655512
7,28,33.335578605820075,1.5725241010920574,4.708007688343324,0.7553835930524375,2.9669739129568717
7,29,29.399303556644355,0.7749410571305106,5.03774656501788,0.8773047262974263,3.3149321059398926
7,30,31.39139937524151,3.639360067891025,5.046265275757385,1.1646209690177196,4.248159110929243
7,31,23.687162251485674,1.2966524601703346,4.331186139849471,0.8228300497367531,3.12324926582847
8,0,21.254177235009156,3.459345743790741,6.020809526188767,0.9628974798381131,3.4417057191225147
8,1,23.859482219019394,0.4961037532422038,4.2804563535584785,0.9279122146439773,3.3157783037447506
8,2,22.18208286420454,0.3025708121061318,3.9664335606609136,1.1721188777560787,3.850538023321119
8,3,33.107289577440945,0.764969584925042,5.472722915274843,0.8221566640964291,3.190964686724112
8,4,26.385675621042076,0.9827343304169172,5.128511396177924,1.0571295751700518,3.8756407575049723
8,5,27.169862565439438,1.8988949457175215,4.849104487241533,1.3233014002731238,4.705597381208353
8,6,56.712619551144186,10.822242078587195,4.172405225233666,0.9677472793447439,3.5722193575987076
8,7,38.72903612255706,4.319889680251638,4.048139707751057,0.9028334938251605,3.218652770531531
8,8,35.72386377416551,3.4771424458124445,4.840814701834613,0.9763717849992846,3.586390162437347
8,9,57.268163824684876,5.898352393251119,4.319522098669031,0.863246808712252,3.2770404875978416
8,10,50.297364070233726,6.238323341726247,4.523646663446797,1.150460264998837,4.281087989988554
8,11,47.06582112825616,6.788616788904173,4.976305042177571,0.8704200349177853,3.3871945090330966
8,12,43.2009913501047,8.528139512699344,4.555336742339721,0.6361082139080629,2.6177918094591837
8,13,45.26019312567162,9.161383102209662,5.375006471757709,0.8154500243796683,3.260480367894572
8,14,44.116174576566024,9.842549835065679,5.468433730652212,1.13223780245068,4.1984514103861725
8,15,51.88444468193637,6.402066551394102,5.257418657487387,1.2865841832626677,4.900460212971382
8,16,54.92434645745838,10.811727281325437,5.008078198460675,1.3084815365564832,4.583405986471125
8,17,43.165658492682226,3.8007250446914087,5.749092763750612,1.0088633692494975,4.045064394788616
8,18,33.08034820879806,2.578732084561648,6.162477754091142,0.833086261658301,3.341580928231056
8,19,37.099657996830196,2.5675772060215314,5.924435549446338,0.8860795805804891,3.5929753748344266
8,20,32.93013952344758,2.5213169253965186,5.210623991843537,1.2469698009053651,4.604131766882793
8,21,31.016685668830256,2.25160217903542,4.929000259839952,1.1897009902506133,4.4013975507049565
8,22,22.958387665563873,1.6973667074840284,5.156165048206901,1.094296515359411,4.063675606108676
8,23,21.87897058946492,0.241209131385966,4.871590904131159,1.0218869976639384,3.7521686053294565
8,24,23.256923252269992,0.38775958367059177,4.439523528719086,1.146688191166107,3.9593402533557382
8,25,25.629919056976203,0.2917982831501713,3.7460486835751476,1.2290704619891724,3.969372399055855
8,26,34.23400684624905,1.3436403239519907,3.8713168650277265,1.2435455168199305,4.013103770797228
8,27,42.41028360514778,2.4896356519797087,3.9772625792825824,1.31096496777214,4.20305819161574
8,28,42.48243666908123,2.4400450589417266,4.044192293312947,0.7996129840372008,3.051127225297248
8,29,33.82826576271647,0.7273073467347622,3.375428185863644,0.9839333167690913,3.2351195836558677
8,30,55.31666916299872,5.748717060286402,4.096251569370072,1.300419097287672,4.52001936151363
8,31,61.299543404255054,2.727545869331594,4.335557357302788,0.9441212330417326,3.5232733299592685
9,0,17.658823296708952,1.7799316314182811,5.590789157338923,1.069624140279978,3.47152733735816
9,1,21.301463102821295,0.33711616220818885,4.584737604901468,0.9615958818591128,3.4885740010803308
9,2,15.043575982440196,0.22771631169598375,4.006103962211017,1.249940800033432,4.160776253579611
9,3,14.974472459237212,0.01445296699186004,5.023018121817801,0.8220433212554124,3.166670047060718
9,4,22.97188105225892,0.4248215134511605,5.024667799641712,0.93853049877863,3.4497600042759884
9,5,32.18188069381463,2.963310237531391,4.521346872471285,1.3380327401811263,4.469992508690685
9,6,59.318832107312474,5.650814653327947,4.860457232624894,1.184911127655858,4.3472936815590195
9,7,50.35732779009827,5.89449723747061,4.949942738948183,1.0729132910048857,3.9470112673069075
9,8,46.01186985716226,5.013309040422287,5.176243096307897,1.3079335452983534,4.80625514376536
9,9,66.73422260752801,6.996786133615434,5.307541536278653,1.1827628621636022,4.662430579002584
9,10,54.81276740908348,5.6186709603909755,4.71226436177381,1.2431821552365436,4.783009967896642
9,11,45.06358553917641,4.649329692250012,5.445530022294273,1.057258311197785,4.099717467885201
9,12,39.48051478412867,7.022387562635202,4.565758252806676,0.6250358786285357,2.5805889521958765
9,13,60.29424978195112,13.218200848586102,4.866219405749403,1.0383466897389013,3.905006014285401
9,14,56.856341160345345,13.35470008945253,4.614400546992377,1.1778432542287192,4.281862876564509
9,15,51.2601216400127,7.5863902889593575,4.629329994659293,1.2090978361188096,4.513820413843041
9,16,43.92450003169566,6.336733048202903,4.114068466660803,1.3699627690583478,4.796892178338057
9,17,48.91697018172749,3.788787351379381,5.134804608080419,0.984550843412503,3.7392865887888465
9,18,33.02475514463197,1.9927764475845455,5.35071566244736,1.012745855129241,3.8095167562473464
9,19,35.318264769371915,3.7565110117681657,5.390794726546492,1.0023945038490165,3.8220341543475924
9,20,36.868634003804715,2.959550723725511,4.8333119246100615,1.2543688242005118,4.552544434634328
9,21,31.27448235120132,2.809754132708046,4.871392686508832,1.3476805950815045,5.019041318638225
9,22,27.965064885947346,2.0714212164747474,5.114653897884455,1.1572673339331567,4.33162729583421
9,23,29.36888896434982,0.611092755152024,4.923712253096513,1.1609217206972762,4.329313407456295
9,24,31.722479080579895,0.7063497541258006,4.756132335111363,1.2828614327522878,4.517525486638034
9,25,21.714024866060708,0.9677804156908028,4.346128656629336,1.4310109341176789,5.036245376902335
9,26,39.79144125645223,3.06108288289656,4.535748324329573,1.2147827905143496,4.266622968140442
9,27,34.369044727541336,2.125479912128652,4.36050033446638,1.3491442958148365,4.806212149947094
9,28,38.40333562469883,1.836510408683143,4.354644056564965,0.9917219181138393,3.690125250750532
9,29,50.87748267180638,3.2455163767891264,5.007145248197636,0.9111728466276823,3.5443600319909985
9,30,60.121369789938896,9.35809656136511,4.679940748221955,1.2374684468323247,4.546223897745153
9,31,40.39343402260315,2.253830523934005,4.684433796220322,1.01986288871276,3.793611717617897
10,0,24.376858252578987,5.043704580674581,6.086378987374818,0.9845227599549409,3.447931000148779
10,1,27.143681652781893,0.6526454791852552,4.65074916840494,1.0414877049104199,3.8514301556848665
10,2,19.304859012235156,0.21347738162366953,4.203930114300885,1.3358230985440116,4.564691144695424
10,3,24.83563549267833,0.28340537074926103,4.819405495327009,0.8769469963992966,3.27139402168948
10,4,16.861435145663798,0.20565249548818154,4.665230249678612,1.0340269916197578,3.708450973673291
10,5,12.593411522516417,0.16295544027564998,4.598050870546668,1.304365314306688,4.345583960456187
10,6,13.281263501705823,0.18568103640352623,4.746025599703527,1.2729316476415518,4.669900743828263
10,7,25.683855180931182,3.305156443143371,4.599559747834547,1.1547947713104945,4.126285316178631
10,8,18.736868511611974,0.9790840931891726,5.151079634099606,1.4246162507922646,5.351694934491561
10,9,18.470722354952457,0.6913947587638037,5.475098107312508,1.2626301823228339,5.053680387996291
10,10,22.37633432936414,1.1272226642240804,4.885488911444897,1.3809800374623311,5.443863813564607
10,11,26.65691775907498,4.290673053177679,5.166374451852296,1.164299777973409,4.41075654428127
10,12,16.67633675206804,0.6557772785178968,4.483309178966954,0.591879895166576,2.4813877578801646
10,13,15.789192581501187,1.1500253194746084,5.413489209225853,1.0852793335451985,4.19220604756261
10,14,22.095667822714407,2.6659613138015956,5.120390190283213,1.2635611808620908,4.756612734148447
10,15,18.007549533484934,1.5683734093098187,4.8294799305729175,1.3121805132589808,4.961036197209349
10,16,19.10256041519414,1.7860003974489775,4.548745678116989,1.4157327130678254,5.090984103240181
10,17,27.709104303307917,3.6105390828238,5.150274909246611,1.2079941699360983,4.648609102421945
10,18,22.04475820540412,2.1116365958147423,5.562850843898996,1.1257276187582095,4.198813956624524
10,19,26.34658243700469,0.9684228570151366,5.466502859672183,1.0788987478782515,4.166776866424306
10,20,32.110145153385055,4.971848457082427,5.326129114612688,1.3278095150091511,5.0009043749296715
10,21,23.309850187432552,2.4282372337816827,5.072492398416637,1.4479392303623442,5.427148904115518
10,22,27.283106904338407,1.9530556709711964,5.021665125822935,1.277667466132363,4.762676472316129
10,23,26.607250856583097,1.015388510381136,4.802108511847534,1.2530245881004927,4.604888150881374
10,24,20.05955112149985,0.6379165424815192,4.80524873773658,1.342891560933733,4.7035077889204
10,25,26.794867327827202,1.7890726636798573,4.372982615380561,1.5141080231603032,5.239181850183107
10,26,37.745609317368114,3.4851773626696616,4.887431746040962,1.2722938788766411,4.673270756978828
10,27,37.06365195977542,2.172428150218769,5.428831252884587,1.0974529635371058,4.152096479546442
10,28,38.600873622921135,4.167950617823028,4.699086949558795,1.0039625360681432,3.767659530999198
10,29,45.35705496901579,1.0627394269103276,5.323061892180999,1.0684717585487435,4.0139138791971165
10,30,25.513575528175586,1.5770778246094548,5.040679429143449,1.2219284730161126,4.6020403940467745
10,31,30.619355425350776,1.8377497163779568,5.211907376108742,1.0185174185213857,3.885281200598492
11,0,26.59959417806331,5.730629249725537,6.134388049531996,0.9746029762570023,3.2914071877460755
11,1,35.02594129917216,0.8107713426017692,4.634866083380384,1.0883780192052441,3.8734603678210173
11,2,24.55546442281586,0.8374353536799644,3.9737229840169546,1.3843982053718644,4.534375158658059
11,3,29.79099516528263,0.7042698838420846,4.679954134519769,0.9139962980750678,3.284363219640126
11,4,35.7841707736046,2.3704073990229197,4.777570636759766,1.2057068334929433,4.248010668988859
11,5,23.94928920084989,1.6885635193401722,4.491133877489501,1.3779960275335066,4.692649385557704
11,6,29.11545817271186,3.4164562797389015,4.44117547969847,1.090301936274158,3.92964484457306
11,7,29.471135657171136,2.7417629465972855,4.96553550639433,0.9604047460680434,3.6284952622162105
11,8,31.959152696045937,3.713290522875152,5.194473555549908,1.2357985710534818,4.497215363610506
11,9,48.81002893955677,7.23102418751016,4.562076966107055,1.1868268416386503,4.32236159139144
11,10,28.377255012220708,2.5979101264523554,4.736380877821906,1.3198785508899027,5.110986190040479
11,11,24.376662456015318,2.1023084631610796,4.787970432747111,1.197120132403315,4.409149374709937
11,12,14.725489912010396,1.1454411138758247,4.31181283209515,0.5871090166626765,2.4323382961351485
11,13,32.19087611241845,7.556470057880428,5.692329113963151,0.9587419299324793,3.8535321664788045
11,14,34.24121891523548,6.560456330395747,5.365009340305807,1.2158442120524189,4.696164680682156
11,15,40.618508322657775,9.904004855186988,4.750187118198847,1.3015808750163789,4.876227350211126
11,16,24.841379501228275,5.501309938681314,4.758408180209589,1.4719980814982438,5.370660132635477
11,17,20.55491357210085,0.7939561702272029,5.2186552415328,1.2350586299569892,4.772418057415994
11,18,19.741031091091706,1.2712189219521592,5.491267903060114,1.1539874966306938,4.372037216188993
11,19,21.519648952510806,0.8995554578805881,5.6155810133799235,1.0359992638485345,4.05342549070109
11,20,23.15305023035264,2.50897275128497,5.775323027206028,1.1835074096361566,4.600724746789808
11,21,24.678152028375568,3.3380775246311023,4.896559155103625,1.3790751052422232,5.101537851193475
11,22,18.036520977634616,1.0424865873602336,5.02153420237764,1.2928076864770288,4.802697878276348
11,23,18.924124806438385,1.2634687719595608,4.744300294690336,1.2551107544316098,4.506766885728686
11,24,16.72653849130884,0.09325789504159938,5.038476134942451,1.2795575474652825,4.507828062596284
11,25,25.358411207600703,0.9448754691386863,4.354069313851268,1.5473032542316698,5.444768440845369
11,26,28.09859106018342,2.589184206312775,4.79947668670588,1.1376872769880837,4.08330938876248
11,27,20.90913444306735,0.5668657800973143,4.998729247762049,1.2351653771956173,4.427709580998173
11,28,26.622316743097013,1.6250995207442809,4.256605579879806,1.0009215494393278,3.6170177429978687
11,29,27.385363474655826,0.7535410795549999,5.280481482082231,0.8763714496859576,3.3915844742558763
11,30,24.717301081603942,0.894322985319293,4.70107892998541,1.2887333203128701,4.722685208064269
11,31,19.227791495970976,0.3433540653602324,4.429454336359497,1.018336991388085,3.640522021485526
12,0,24.91918701770613,4.272448375328083,5.8605047147880445,0.9193191185449603,3.419393524764635
12,1,22.747222389106987,0.6950208224480664,4.408823044890504,0.9788671058495142,3.6249752146238663
12,2,34.137721522051294,0.8827582130350525,4.547587241781694,1.1242213344545764,3.978238773715648
12,3,31.364411597870102,0.6399706532854583,4.864182014215527,0.8733848914630924,3.2624141043368704
12,4,25.492088819615113,0.8360411748856825,4.982115117649144,1.0634040703523286,3.7961398395524704
12,5,30.175891744311762,2.0068916420189113,4.54091292606747,1.309630548737001,4.280684145882838
12,6,27.720509232457324,2.262513798396043,4.714830101013062,1.1319152221582156,4.085102196156541
12,7,35.424578246964614,3.1753228560436186,4.6745946999645405,0.9906787700435551,3.486262384906357
12,8,30.07837897038503,2.504427638499223,5.39854753189884,1.1959132594042217,4.274230766980379
12,9,30.246660437889506,2.5851454981226962,5.313262001596984,1.1204489797311048,4.081676780112415
12,10,37.95257179089901,6.3820241962770625,4.885485364803312,1.300748435235592,4.7927779947799705
12,11,35.29610856061215,6.389369120477552,5.186203852471792,1.025057637193603,3.769332087757915
12,12,20.653241798295245,1.686362047699359,4.6686968677784035,0.5334106070868332,2.319419498917055
12,13,51.49375614758425,17.94724428922912,5.291531869820274,1.0152445107728703,3.7967144877546857
12,14,62.022754718044006,19.681405813157767,4.419356235352279,1.206391719421335,4.288558665779179
12,15,55.44976802141904,13.961613637385675,5.122602078836302,1.1387141300774566,4.309241784981918
12,16,35.96649205582739,8.634173498800884,4.766071625162208,1.2662275399097522,4.378852550285492
12,17,32.85553234578093,3.007256321349952,5.556989705831297,0.9503802865993034,3.5366888724308363
12,18,34.742672411165834,4.4663536021954044,5.584035580199968,0.9812928977804001,3.667059960412787
12,19,30.962444111889997,3.230991798785552,5.551582576369983,0.9376042451615589,3.489890327302591
12,20,27.80459657393788,3.380118058656357,5.435295868511245,1.0615917469153073,3.9042682915668503
12,21,42.83860963956013,8.08068468994915,4.792590711309091,1.385856760277413,4.932104609995894
12,22,34.32074211324827,4.31474363204895,4.794771970491048,1.1943319896016753,4.207108214701927
12,23,31.912650257717985,2.3924371565457894,4.73945236274174,1.2464942105513117,4.514264377064248
12,24,26.47987737506207,2.0663091799194007,4.498988792354786,1.1998587680253623,3.945102956913207
12,25,34.61981182662838,2.034842047991802,4.511073286528077,1.3430220545610867,4.615232379189705
12,26,52.97335069845819,5.7983163426657525,5.121437122423639,1.1213905921771437,3.9703668915395443
12,27,40.1345167569528,3.162096564766107,5.168467357522072,1.0654797031627457,3.7401513120592234
12,28,48.90272043661072,5.477071471481498,5.160148213447515,0.8336755643505338,3.189940085938008
12,29,35.33029465278628,1.1827618996767806,4.9489974590128005,0.9350242648008091,3.370385846080847
12,30,54.19991361183246,7.8212937349411265,4.908573753880696,1.0372882192173716,3.7970398846419533
12,31,34.03977903101265,1.4167487415367885,5.002790913398529,0.8698564463104734,3.2780489018853403
13,0,6.784878998327585,0.43918725193052294,5.766809550769005,0.9780285279323424,3.4683774179599083
13,1,14.760193471999987,0.24651076148959972,4.139637212846883,1.0285943134941338,3.528762172986911
13,2,17.411935521978833,0.1361653662808369,3.9658054986037463,1.2395080354134498,4.027396667441995
13,3,21.255102094163682,0.1991567924051538,4.994671339258264,0.7438772065809642,2.934609924040848
13,4,16.216925200282,0.08045578795102068,5.078278436501748,0.9990492174572907,3.6162609212136805
13,5,14.705757390727154,0.22469605675867307,4.686193563502135,1.2296574899488926,4.116412001769997
13,6,25.253189863644444,1.6106938663466526,4.861074403236572,1.0901557369670698,4.113949952191394
13,7,23.222870989990437,0.8314015444290113,5.018976479684136,0.9652071591361482,3.5231744267498835
13,8,26.98530012409907,2.634196947681049,5.189459288634336,1.2959054583206617,4.818115753625297
13,9,39.99530041435718,7.5809664412439,5.365221360672367,1.1711030311921267,4.613288035399571
13,10,31.921403691089864,5.946599882858787,4.925649532796039,1.2640746106325835,4.841315339409498
13,11,39.40204344537878,10.541060705882824,5.21678055898489,1.1814044543630455,4.301984293617011
13,12,31.542995685146263,5.055610574256895,4.635731059426864,0.6961139541733745,2.7264679567838757
13,13,21.37302614024872,2.6516037335064815,4.6729345974708725,1.0676190011783735,3.8824853520440823
13,14,12.206800537847187,0.9438590908427033,4.0176128253624315,1.2651358694893338,4.458060666812728
13,15,19.097831532574133,1.1255591883904446,4.934025917474884,1.1845374122558017,4.421586210235673
13,16,12.919617085643516,0.3968184465268164,4.193856090617679,1.4032788853449611,4.780734057721278
13,17,17.461229028871454,0.29425556104356676,4.836629193119119,1.066187676200764,3.822159888459752
13,18,15.076876682878682,0.46977153007089084,5.572997971248543,1.0926264548764975,4.054213751644803
13,19,16.427601918987573,0.19528350225425783,5.05371253934509,1.0897952262120238,3.9848515985457102
13,20,16.563486480298906,0.8122261850016261,4.837552873204656,1.1730557474727208,4.239842915805399
13,21,10.567134776180154,0.04549397595054468,4.786738569292048,1.381470747400102,5.074014607698501
13,22,19.304179354980107,0.4207268971802437,4.701836078103825,1.332725183962034,4.810689377558104
13,23,18.52909239301519,0.26990820853496034,4.357366239638612,1.3474413627728445,4.7141662742971215
13,24,13.668590278741211,0.07780752285526629,4.4372148395221345,1.260980233623238,4.242976390278201
13,25,19.526151350790457,0.19983727428704806,4.027701522910945,1.3808400734962243,4.619162549188111
13,26,18.563659370817206,0.2601247499525125,4.7945479535243205,1.2243943971219045,4.35628612238117
13,27,16.59606060859275,0.10953398510684957,5.407131868230197,1.006798622426949,3.657524623942918
13,28,19.80656630311381,0.35123813808739873,4.675181742286366,0.7971335499302006,3.0843334902043065
13,29,30.012691949712416,0.4775845704954831,5.1270601294298075,0.8962345915029575,3.479415442513102
13,30,13.661588565314416,0.22434693737354616,4.79155350648268,1.119981321490993,4.048866471515164
13,31,15.098273944887039,0.14945267302209808,4.716685748566667,0.9513883723811114,3.5159868908033767
14,0,14.662649121875768,3.0829490743033574,5.5711615506928664,1.0653173192096679,3.7186925721787603
14,1,16.30647616312448,0.11260760180127409,4.21751690718367,0.9332550020531318,3.2666952190324694
14,2,13.193528287649388,0.07765175076540222,3.571387507562706,1.4937601978409791,4.803370189148899
14,3,16.654184121452257,0.10487230737822278,4.452402749437121,0.7918568395613539,2.902659958440979
14,4,11.61676352008574,0.034574175497293094,4.8174879154819195,1.0615754217770288,3.6705008939859995
14,5,21.77167827275717,0.8855041571383944,4.317956543377909,1.3136604697069956,4.416938817157475
14,6,16.215322771498478,0.3404005023355725,4.585079043001819,1.1593298128290233,4.235084455364349
14,7,18.471287934854196,0.6513661767383627,4.79393737215044,1.050426296528892,3.6998475865960785
14,8,23.023858275931403,2.500381989130272,4.853270832538365,1.3724113482879918,4.882137832861513
14,9,24.5135553905871,1.5026514673920777,5.261688254733062,1.1916634238107404,4.521399454119844
14,10,23.493274823644434,2.722348098274606,4.544511727727977,1.3698905524564662,4.992089512107117
14,11,30.301815554860376,5.808430504974692,5.175163668783689,1.1398060124167495,4.167172168745172
14,12,15.995771378660109,1.2690994949915415,4.892903067669285,0.5671653775553684,2.4317866320050165
14,13,18.82201757209027,3.0068833208294006,4.865283688919339,0.9478779145173384,3.4367542476496964
14,14,18.81932764371957,1.7983379954165652,4.382372413107077,1.1908722285432152,4.154595967804989
14,15,24.796294412843174,3.1543957419169883,5.095431350348658,1.1447482008760836,4.21903772255078
14,16,15.756663580513388,0.41256473576147146,4.017248985024252,1.4226583104872574,4.746087270901897
14,17,23.817002585119425,2.5607769548626433,5.120977575544261,1.053839300641119,3.7959616116559127
14,18,31.354020394984694,2.6549429030861242,5.796583092589915,1.00515838730339,3.800916536082119
14,19,40.27579103947874,2.7330365903997063,5.383550872645593,1.081973919312908,3.9669864192874007
14,20,30.18934044351264,4.916101758071024,4.910230940287475,1.2256958432826037,4.245713071664483
14,21,27.725022495937097,2.372606575919948,5.163633037575295,1.2635345006228462,4.5030826225045475
14,22,22.994280386965148,0.9465993227658974,4.666448512455709,1.4221231789017708,5.001377582042672
14,23,26.10252269960767,0.7897890998567602,4.697330544230729,1.2975500555604338,4.4446270970809785
14,24,26.443969896468637,0.6589493365971524,4.833009577543498,1.263124658023747,4.230118999775511
14,25,25.240160363470483,1.0818870242488443,4.359676873319427,1.387463587150621,4.629876886146851
14,26,36.39082279958464,1.841173262413496,5.130873269628791,1.145119277935021,4.057853125864969
14,27,22.38362616510285,1.3204497615713633,4.95758498091289,1.2610859400648406,4.378750890119625
14,28,34.956889362925615,2.605620336489244,5.232930309048745,0.7883234997100041,3.1452378568339308
14,29,40.79048879349364,1.6112866090228817,5.518418071119195,0.9468570388150033,3.497234647865567
14,30,28.296567141081287,2.756954666308178,5.083272125948627,1.1482172865565685,4.16905714294395
14,31,22.58480261370844,0.7846121421215138,5.080726005581153,0.9495562790746535,3.475810294248514
15,0,18.838916370646558,3.4098640231006776,5.848964597590457,0.9787573045114693,3.557182349534423
15,1,27.46560602870578,0.45356690391841886,4.451865680728801,1.02924497192177,3.602883179995618
15,2,29.240571335108676,0.23167771841946494,3.5790081531995215,1.3646485952215768,4.249659024961609
15,3,30.2307154364755,0.6472245800349723,4.956675748804328,0.8300291807415547,3.1408144265691416
15,4,19.907881630978366,0.30694466942429877,5.11449823553497,1.0323514255768496,3.669067390473806
15,5,25.40427941254026,2.7587546198291495,4.5923765228731614,1.3820706799453273,4.507064476357089
15,6,30.638030750285257,1.8220849683008162,4.74552942595272,1.2688984941527446,4.403846903851868
15,7,26.33383732039258,1.5940916734027224,4.693538779056064,1.1255667508197238,3.9584536119902713
15,8,36.86932453933816,6.802827695474367,5.125517727498286,1.3280592484170022,4.749985647193896
15,9,22.95584650871563,2.3417576598179286,5.251056597885398,1.2151629023929456,4.608807055964154
15,10,29.60611567046497,3.3678426777494397,4.81607576693084,1.3646750409274855,5.143415919666374
15,11,28.60221282815703,3.2063997710688374,5.578225583213175,1.1397735046768913,4.348912603730653
15,12,20.231001093471,1.9547599699987055,4.957806128917241,0.5583418993296458,2.4112322749620656
15,13,18.10585457161836,1.9307802614546605,4.63156594875859,0.9917290974406265,3.5579531338359067
15,14,14.193794630201158,0.8918423552225614,4.387898139904513,1.1594585737412917,3.9006972298939893
15,15,16.54451424539304,0.5927870126996759,4.903031376098506,1.1957459408959563,4.319783639568193
15,16,12.051306355161035,0.24148309845292285,4.072291255145224,1.2881289159093487,4.275642771782598
15,17,10.848605507432147,0.30018296499166097,4.873934181326572,1.0311466012647195,3.6088323227391825
15,18,12.060846957859072,0.22989835432193903,5.657887212919689,0.9358953358189988,3.5225720625783055
15,19,12.233472010427757,0.23723700065279227,5.185597878121966,1.0123146414721944,3.649579167899992
15,20,16.566121225347818,0.8906768269093295,4.779908533161935,1.1823930606714912,4.142930865408322
15,21,19.602521459502746,0.6848041488089798,5.00613179524227,1.1981746658811154,4.190265033211976
15,22,18.633773453225462,1.1165318480167024,4.760269544223126,1.2290189160047893,4.314866964611764
15,23,18.457245974491798,0.4227705602720475,4.947637089708063,1.1008669423278272,3.9807068417842273
15,24,16.085496302374413,0.6018460833764401,4.955792485532285,1.1460460219082815,3.968963504611747
15,25,18.884264149089496,0.5999884818308494,4.067465534438922,1.4296344870181201,4.729875396815072
15,26,25.653018837365774,1.0937425550078452,4.783384359880143,1.14382747993114,3.958751832294576
15,27,25.243435326593506,0.959041326570362,4.883264399178543,1.2267170985260627,4.2952628039373835
15,28,35.16933709580863,2.583686167819015,4.907997889978059,0.8308804790555282,3.2504061623656093
15,29,32.049648075638736,0.7411668201504796,5.215003774161131,1.0127296176680254,3.6226056135766984
15,30,27.023812749633088,1.9000067261321276,4.986958024817895,1.1087147402441104,4.077257651916954
15,31,22.683268325146347,0.9492753948427183,4.867780983829858,0.851879740615324,3.2743411874595485
16,0,9.287783881754457,0.5382773203556441,5.924374641677862,0.9881782506210142,3.512954120094777
16,1,37.10234001160196,0.5760587618525843,5.0252909647420125,1.0043380905948416,3.734181331421553
16,2,32.988441858835486,0.3828623480666596,4.310004261497747,1.3051943494987501,4.403213662709464
16,3,32.30199819090558,0.4725023181299788,5.340652479602482,0.8378396992101083,3.2610558661548863
16,4,19.974489729576117,0.2802461377766377,5.199471925538081,1.0663476114594728,3.7965643973502403
16,5,20.440395286070768,0.8364997646555086,4.8892850377825905,1.3168754857800566,4.485757897072879
16,6,21.704932766109238,0.9997394479829536,5.020938278889398,1.2719378733377713,4.6021126516251805
16,7,19.76341523163937,1.0375414204910536,4.890176704483171,1.1008854077243342,3.915062782202603
16,8,18.590827160093184,0.828929597656587,4.749342615607229,1.317920289055876,4.698021654797934
16,9,18.60933666846178,0.4964526310603505,5.242053235221017,1.213086979528767,4.674852171565613
16,10,18.841720894084833,1.1691942281994208,4.285206092664078,1.3639543155352643,5.015521020610933
16,11,24.58096818137029,2.916370046080623,5.182417010013194,1.2666463840043551,4.708357244538579
16,12,16.67635370555686,1.731738739276716,4.964163054946969,0.672011992047711,2.7691455285619124
16,13,18.36798593323175,1.5575403507032315,5.161446626122286,1.0896437226281055,4.022819560630601
16,14,13.68285406433193,0.8173909752820182,4.7039119971207075,1.1325755929643346,4.066765718314705
16,15,20.556958195569653,1.5999229559149293,4.891219064182319,1.2678762209436734,4.6673070983091405
16,16,10.580063653336504,0.05378974831316595,3.911038693470494,1.3261964801858825,4.485497855613848
16,17,14.9350902290344,0.6775891960350874,4.904173435774121,1.0685469480416323,3.84874135343774
16,18,17.63434053334136,0.5499393098723909,5.731007969883423,0.9514709372173309,3.6867358945520183
16,19,18.662409799205044,0.9465261821186534,5.241057780450511,1.064396442871871,3.9538257084786173
16,20,15.691210725138685,0.5987908708562568,4.689138803370338,1.2376890906892228,4.272319453413317
16,21,15.183229287642348,0.5602359874294396,5.151011437250208,1.1560621814473286,4.239401719935928
16,22,12.417222892482444,0.25628538023890657,4.91671239329704,1.1808997315213237,4.287954667706367
16,23,15.927528767009868,0.22081097181346548,5.046491380465959,1.1106174296909614,4.134488112698623
16,24,13.38270894229467,0.07550305812790689,5.0027503455244045,1.2254453016369133,4.357956445800495
16,25,22.089469069819003,0.18454773572573524,4.277192395278599,1.3729856346551,4.589676944964336
16,26,22.700269248394108,0.554907023345004,4.916074417020134,1.1471622513157964,4.024733013739197
16,27,17.55382108481605,0.25453561513715645,5.067727999324569,1.1399255675220656,4.029513311686859
16,28,20.1721214642128,0.4154463810906522,4.987813239416369,0.861860048978321,3.351312747376376
16,29,26.65261830609557,0.9687824902019309,5.306490526146507,1.001678227640686,3.691832827195422
16,30,21.26456896778422,1.907989459930914,5.203588103641662,1.0698981755724324,3.98734569874683
16,31,21.85849234203345,1.3774912899954441,5.125113348670759,0.9753550509934872,3.752714493159139
17,0,7.832116755361666,0.5198282093143782,5.725755087159049,1.03814035218761,3.6567419935085193
17,1,23.071128892489376,0.21295178103813134,4.5771220776506745,1.0425543813300742,3.7222566773104453
17,2,12.718642830131893,0.19352418230834825,4.141111463594838,1.3496077963113882,4.4048083068028
17,3,23.65903747312954,0.6667558016532422,4.986057604840917,0.8324175144476493,3.122294526900398
17,4,25.389244998033696,1.2158550272549138,5.136235183098145,1.0332593464001345,3.694603808806296
17,5,13.103252943606538,0.04154530567113998,4.637557372413517,1.3590727587399067,4.42031771444058
17,6,18.79104043701539,0.610151588453255,5.096369873461164,1.219055859334265,4.390097299170738
17,7,18.786661502183428,0.8661966621051884,4.889199633174028,1.1076123880874587,3.9042893094160824
17,8,35.263038163773075,7.519219124714429,5.271976891998206,1.2149706954237063,4.460623038974696
17,9,28.361806173014905,4.090129719178643,5.487391880017835,1.2418016282350308,4.867427289260738
17,10,41.28732396816514,7.2646230481930605,4.959220435356385,1.5029660668435953,5.87104802324987
17,11,39.70206234960011,8.862878719854304,5.40135307295764,1.170709468804306,4.353524075345194
17,12,29.174160555755062,6.007920933229138,4.7277967891803065,0.6206961564078055,2.5769966517758274
17,13,23.823963658786905,3.1065355817980276,5.516245095868728,1.1711188884277135,4.425073617312728
17,14,34.38894071463845,7.942110642701765,5.119675008468156,1.3237764290062426,4.944889113707776
17,15,43.258937605912905,7.9268671237190915,4.853589187660737,1.2999667614746242,4.905041952677666
17,16,36.399687657152306,8.899885760915975,4.913011952111808,1.4391121848027266,5.258122373372067
17,17,28.272046688524334,3.7376610438418707,5.093297327612506,1.2255193638249278,4.585774600579996
17,18,40.09971066568494,3.288838715490633,5.613208900429791,1.216401459651978,4.496250482205117
17,19,42.706479497917144,4.446035642338526,5.58948603693092,1.0671069330674632,4.231871290207641
17,20,35.452757855940526,3.748962559631457,5.535538094256381,1.2469818127181442,4.747269261531616
17,21,34.164245611332895,4.407399567504585,5.150951746008042,1.4586630241011012,5.651351107936368
17,22,30.038242775889874,1.95231510458393,5.517560734589919,1.2810316652884977,4.844270753711411
17,23,25.770305848740875,0.8500727831225235,5.346096121228829,1.2069642444927773,4.496858719894407
17,24,30.025605217518052,1.4937777995232977,5.385616287662129,1.3149499871134047,4.777730330007717
17,25,34.58268396562938,1.1348459685733843,4.921022490548569,1.4636951367568232,5.211732690644884
17,26,38.44762770088602,2.411756856833679,5.3656729794523725,1.1662841594599875,4.445334337530651
17,27,29.58651571222093,1.2808217325026174,5.958259732741198,1.0094237185301207,3.9192455490356592
17,28,42.78442372681414,3.3879376959239513,5.046886711215951,1.08243440754711,4.134162380738251
17,29,45.45898595868182,1.588756452369263,5.46318335189829,1.0762358029134491,4.020488163893678
17,30,38.670216161106765,5.360081359920209,5.418260861568736,1.1984156900678276,4.628134755093244
17,31,30.368564714099335,2.5256143620880462,5.240764874251969,1.0208570182138805,3.9655608301840912
18,0,44.957141789223385,16.48215622356246,6.008423058517659,1.2765373049818196,4.604799160988896
18,1,37.57936817661489,0.9018969105100987,4.899626417189765,1.124037174103199,4.053582064900954
18,2,36.70897460800602,1.6913659608285496,4.3794197824199514,1.6357288738361824,5.61667435695482
18,3,37.3268326891869,1.1382738497878657,5.0593826000279245,1.0465780504592264,3.801705906569314
18,4,48.42619159905243,3.5244584368629153,5.043137675806229,1.1893840798428945,4.2865549070487265
18,5,39.590134454951375,4.665998855719879,4.522353814512453,1.444116057714055,4.880167397254967
18,6,38.09386189365671,5.149103362835746,4.85494460945616,0.899976565415531,3.389463726461707
18,7,28.93161647554664,3.2843043116855632,4.6460382375570495,0.9399867401821673,3.3340772189354206
18,8,37.43827307871423,5.224909234098021,5.509225482766602,1.0401323814178882,3.7764764214622444
18,9,34.4861718956585,4.498134191039046,5.307754693166638,0.930898119617054,3.559673000593806
18,10,39.123379482747566,8.47309742730972,5.280545572987018,1.1118628841071772,4.30081276881653
18,11,30.08128115994352,2.7610264070956094,5.35776000320628,0.9540987222772053,3.633603730377267
18,12,14.517152789339281,0.8569314921650251,4.6177140307944216,0.5888423133178735,2.459702156704773
18,13,47.70960253055959,19.304913547929818,5.950957072025332,0.8851181642240169,3.6039767806900582
18,14,47.03722367766778,14.820599338539106,5.540508842472127,1.140422641560363,4.370510987668112
18,15,42.30362557243872,9.965331490612092,5.545441347635877,1.2232765188271975,4.961157170639574
18,16,39.043156052179405,6.951306286360855,5.357232361438902,1.2822069768031605,4.771943256271984
18,17,46.70133545061982,12.030493869521791,5.798495232937299,1.099107848524321,4.365845341422584
18,18,29.920290415414808,3.2402080227430066,5.789408905917977,1.028332595875879,4.109603518247833
18,19,34.926764666962214,3.529043991758175,5.9652007846856705,1.0468435287631266,4.186869538800558
18,20,48.71299204536146,8.34328344841511,6.1289115543376465,1.096504432725995,4.31539396733008
18,21,47.76454333213073,3.3114875469332157,5.698333973385238,1.3485871718973543,5.356947460483489
18,22,37.27128362113813,2.386403879008607,5.730600389648284,1.1913434636976286,4.566109344762643
18,23,31.108256227230534,1.8214106410520126,5.470137569942462,1.211932701324911,4.553809022536812
18,24,33.45156758198795,1.5397966252220758,5.656395002603103,1.2123370703109657,4.40286278044819
18,25,44.83240882289353,1.5602041173913792,5.106660674160859,1.442438428031057,5.258367633747735
18,26,45.834789087824824,2.9052852907393296,5.418743199337771,1.247893184304517,4.76568900848647
18,27,37.45840662458636,2.540964334023089,5.635204407891265,1.1859717190284416,4.43617032840219
18,28,37.78693033489654,2.181845238895523,5.398864942804243,1.031044800335156,3.957260355194422
18,29,38.43500890871803,1.0334760531159322,5.672219956465512,0.9136923171756912,3.6001511259717147
18,30,41.92634361792011,4.413602807653281,5.632380548172983,1.222425865881486,4.74207780047027
18,31,38.36210606106586,1.8319461225475715,5.327921748746561,1.0246647085339324,4.010569130823517
19,0,34.72133351361717,9.700979019855378,5.847520400372804,0.9996447125151464,3.669850367256778
19,1,30.917614113348236,0.6845855770241522,4.666078489750932,1.0497599518708993,3.832633299530427
19,2,42.83953301387367,1.6595970329865857,4.792309053429858,1.2180220449327637,4.301548462709478
19,3,33.09190431897438,1.2891135385653203,4.98623483385172,0.9414325317548133,3.565885678964316
19,4,31.256553779396654,1.9998038028122667,5.205465473421846,1.0282866162914228,3.848855920603731
19,5,36.21060614207112,3.9686991052491014,5.123438431663113,1.2026251874164027,4.3326192203146725
19,6,33.24012803058105,2.7104626450114644,4.848104827658251,0.9686119449525226,3.6474031285277833
19,7,25.335615717924995,1.9698828974600469,4.835160372407536,1.0119798662215107,3.59050970339122
19,8,41.60672403370209,5.824919527219675,5.4622262951727425,1.102060476081233,4.0876841182408326
19,9,34.297672092328256,3.449546637887869,5.611426281174705,0.9953613346964261,3.858963764033238
19,10,37.539245589077666,6.112279420555382,5.774248501905044,1.1691313065945481,4.592600739447177
19,11,30.04216217718294,2.48441951176449,5.4821330049257275,1.0181537655214994,3.7364515669639906
19,12,24.740541213135252,4.103695140813581,5.064542389720914,0.597978769191589,2.487235286234012
19,13,29.941027537199464,6.797722363368633,6.311320121869665,0.9684923663934182,3.7972825897548375
19,14,26.523817480450454,2.66228375165932,5.551378834146522,1.2056882404640454,4.51016727870012
19,15,23.13340863252657,1.2629011050267664,5.557846956434478,1.1903463758802122,4.5935441329754845
19,16,18.159788681883626,1.8483619946790135,5.014754982615752,1.4414332432531207,5.2945915273552036
19,17,24.21973294759516,2.440484213444678,5.579027784895791,1.0024390100936778,3.926610749167875
19,18,20.93074439192997,1.165045345411201,5.559961040054514,1.1627140926416066,4.465334089163646
19,19,20.132874705475466,0.979622295589047,5.772644465350198,0.9693268980678944,3.752934207179031
19,20,20.55464287668871,0.9391607985165205,5.671149556859147,1.2082604216324553,4.58827867390297
19,21,25.30962519162393,1.848721167907415,4.9001952299968465,1.433240978062365,5.272505765336046
19,22,24.754591264104718,1.529063475067625,5.253045149955576,1.2885856495244843,4.660012410381126
19,23,22.71331119822463,0.8832969522736577,4.9263203199809915,1.2359503984324425,4.358424529628335
19,24,23.631539993436693,1.0085584271698358,4.974259705773743,1.2548402656748854,4.249742559771717
19,25,31.35130598375444,1.1820183108563072,4.2695216440853825,1.4402533877266785,4.784327223396773
19,26,44.60872525956817,2.855082559119793,5.07484625149562,1.1077404505916775,4.132713244589188
19,27,26.81595162523888,0.8513660523112244,5.440358479428939,1.1528388694091234,4.128874065754053
19,28,29.402085889369705,1.1270774601780302,4.668845809773941,1.0613043330624787,3.8527407389630466
19,29,21.823045931392485,0.40810819078237065,5.094288358867543,0.8659532899905615,3.2494805997397695
19,30,27.370182330033106,1.4509743341076509,5.20916760008839,1.1558482714858087,4.295866185491312
19,31,25.114065497923942,0.7992376340455547,4.722336046578871,0.9677982169895811,3.580028401357227
20,0,12.710259438295871,1.8714283012777335,5.875682574726699,1.0210720311133121,3.652129070399552
20,1,25.60798495471211,0.46307813915435797,4.819442846638127,1.0324735020091262,3.7732963382421056
20,2,31.57901232731413,0.7509063255251025,4.786283353537223,1.3398041202353337,4.7501911596537845
20,3,28.30096946633405,1.565500663545495,5.027344476263186,0.8096234437552932,3.097781293569483
20,4,24.47586798460767,1.2878042854182972,5.078290160134813,0.968039105765623,3.545137878596489
20,5,20.27948019574805,2.1992707564222176,4.892413598412824,1.2578899142368556,4.362786529045394
20,6,21.816206155489713,0.8114400720986008,4.609284884089744,1.1306790687050565,4.052267913540556
20,7,25.19262359478042,2.394180402866449,5.003360842830998,1.0179510087433057,3.6682452541208566
20,8,21.935285837774405,2.01936574810473,5.528009751854839,1.1965608187842331,4.327766334805639
20,9,21.43352986252819,1.4808112748681654,5.6056755636279725,1.0357316895642885,3.913738443393384
20,10,27.022253287066654,2.349127053963447,5.4773868496462885,1.3199554294467521,5.190322872440466
20,11,17.095477068322587,0.3818195511054296,5.553714958342102,1.0821247283027695,3.977575437981325
20,12,22.09092410036309,2.2587553142553602,5.347029305651669,0.6581850404118645,2.6843381834560067
20,13,18.141291806792434,1.488361775780211,6.286441759427777,0.9650606784979248,3.7934753720674736
20,14,26.631768579572448,1.9942715152647261,5.256542805748254,1.3558435617524447,4.892142377779454
20,15,24.318326169613417,2.3835994713643798,5.345955758594236,1.2848134128313404,4.805277180409975
20,16,19.344233320683433,2.5014110259226676,5.065057238804473,1.4034075267203887,5.134004284387013
20,17,25.705336980119945,2.5711704240456466,5.7319408864374335,1.0159434835927073,3.9421071670514327
20,18,19.552858511787583,0.900151882273636,5.825709207104066,0.9978127560668115,3.8710398096016907
20,19,22.98536997508334,2.136032284100567,5.689007762392431,1.032593314717123,3.945090292445758
20,20,26.798764314706915,2.9742036284749522,5.63928733288144,1.2304633615474758,4.63788000030688
20,21,26.3296077921661,1.5301759155567551,4.964746462325895,1.530444250533738,5.765182093873639
20,22,30.816730769955655,4.738396941255476,5.430955450784168,1.3197490048886884,4.973317936533185
20,23,33.34798435142467,1.8930429289017887,5.17300830717909,1.2679940332319433,4.62706543167838
20,24,20.66313079713283,1.1236083481064412,5.278806113494328,1.3016481590385993,4.588393321079066
20,25,29.75383367879433,2.1939554771351997,4.761169067906778,1.4225687256260677,5.017068506676333
20,26,40.379327098318996,3.0324155527221994,5.226682816918531,1.2775624522536715,4.7572406244264664
20,27,32.192709385271385,2.97678830008984,5.351498193848747,1.278412311177152,4.772352322752007
20,28,24.52402709514827,1.2141694611230944,5.060155288565528,1.0858846523227559,4.026892383856966
20,29,32.44627392819796,0.8702317423346397,5.441520986651607,0.95668665224464,3.6266104342697423
20,30,22.784019971651645,1.1768169806107822,5.294735107731231,1.3363705702404394,5.097926719195383
20,31,23.782273377937084,0.42769828755208555,5.112329701572306,0.9408400154006085,3.6494571747711873
21,0,14.95751660115916,2.5790035452423448,6.093809975085926,0.9480848657083571,3.4020884623889964
21,1,30.898733499277512,0.6514523136617145,4.86767406813147,0.9327079901309636,3.4363454738003525
21,2,28.88569230549668,1.1666276406508163,4.480793923911387,1.2473826863306616,4.256596703592433
21,3,35.22626036893129,0.29408207007305953,5.224913707421498,0.8189169698207657,3.1597866764058735
21,4,25.97634025494051,2.913914002604602,4.943188006055983,0.9984608983739616,3.6216264500528825
21,5,28.55614287151286,4.282615619601316,4.926029408273745,1.2720715582441562,4.35921281301921
21,6,27.605624929400108,3.516732951458084,4.8964946775719085,1.2007000394107763,4.392044866576924
21,7,19.18875787787612,2.2112485785906237,4.910009592988238,1.007837435189309,3.6855286001640803
21,8,44.02093513603655,16.439944247842114,5.4605568131413476,1.2604701274532237,4.647229101591684
21,9,53.12716800645818,20.331820791235224,5.125910481030749,1.3616635506828052,5.02030208638374
21,10,56.96089091124571,17.993795301890447,5.242374158873361,1.3040093295286193,5.005916028184911
21,11,41.797449532792584,12.065447528091426,4.965094658418354,1.294313971520884,4.723121188351148
21,12,28.69309332271954,6.174999977006879,5.065012521531967,0.6457513475398278,2.676548188537107
21,13,71.71785993205086,34.91215389391071,5.615877308620032,1.0199755057374187,3.878453365285286
21,14,65.07164315050389,26.856319096435996,4.983155933174954,1.3206722595074964,4.650264644763815
21,15,48.05867237041416,12.73824672764108,5.260002870636811,1.3103595854569772,4.965089659314192
21,16,26.882431445044,3.766644256182211,5.062604335694121,1.1388593534217266,4.045594471589477
21,17,41.88233933455467,4.203133161117236,5.634300593895927,0.9923406038949345,3.760024172245737
21,18,32.80065807807152,1.7917201182765106,5.557903114960935,0.9858149384399368,3.699425140547311
21,19,34.53299384750041,3.2483553452054994,5.614071572260835,1.0509921762811718,4.033375476503352
21,20,37.92877216507586,2.804532705742779,5.465240259664524,1.1217916117503481,4.101814161926615
21,21,43.173118040693524,2.2118508674135495,5.217425100029205,1.1626120246256342,4.230449966971546
21,22,28.82641043127554,0.8632404432492101,5.51365645680381,0.9954953457902311,3.747608621529466
21,23,43.0137737905778,0.8744388106029093,5.32057086950704,1.04734658230862,3.8527020048105594
21,24,39.777715191434524,0.9989581283258251,5.738111717146649,0.9788887101279968,3.5467556210503326
21,25,52.19343783083562,1.0798509803412952,5.164787220380638,1.0771473367896318,3.8700263306840665
21,26,44.402580697617196,1.6648144769232758,5.619180521056702,0.9947442572633101,3.569571000296977
21,27,49.26899356794997,3.078137487253921,5.582707345006899,1.0855192861386103,3.9187528037894275
21,28,55.359068982989214,1.6520345945139865,5.766240678781415,0.7875507294413495,3.152929898926971
21,29,58.91975795055539,2.1170402564830852,5.229979670365433,0.9842827872398434,3.5606559627271883
21,30,48.952874710439744,4.054175733243531,5.819523754745249,0.9361968024244209,3.5377186308907254
21,31,47.66155282981295,1.4050179515583394,5.435606649278123,0.8033920874063547,3.2397569896560054
22,0,17.022107484677125,1.9008988976936005,5.468929167483106,1.1317737166280626,3.649344539095875
22,1,14.589209484119444,0.02793295628162397,4.01192721424955,1.0510164710099268,3.4977281954371096
22,2,16.70899652518993,0.09990287990058735,4.1962608924273574,1.3032591592678884,4.336069712942025
22,3,16.409355186898473,0.2627267009717911,5.271232160039405,0.802495240739395,3.17123636123127
22,4,19.38328289625691,0.1556468183943191,5.013693809138195,0.9348231450858178,3.4953168505092322
22,5,18.4290394395054,0.7497235158439913,4.83284045903941,1.2956457770143572,4.418798207159483
22,6,14.653473766490496,0.44854749589465354,4.808122689089837,1.1708011369647995,4.281253277311314
22,7,29.189047243346522,3.865405589098613,5.248428304888714,0.9785441998136122,3.6775507423773517
22,8,24.671256840744242,2.4451112405287883,5.659728252790503,1.2118514840505448,4.627456182971349
22,9,41.46947334841222,7.911157365897106,5.689932514946413,1.3144716485004118,4.856897688033215
22,10,26.291952900991,2.4896999511322653,5.102546078907952,1.3073540778387596,5.012160966222251
22,11,34.58230040092661,6.741591274082647,5.393961178777682,1.3018024653282891,4.871457530619668
22,12,25.992051551625806,2.615688779890354,5.04428894743353,0.6876378418547473,2.74415716158399
22,13,17.7603462529614,1.3824404543829991,5.309579467306126,1.1070624077953726,4.176115383401842
22,14,14.682492782735668,0.32396502989967835,4.817023236490921,1.1851154242111646,4.191194869982602
22,15,17.41082605423545,0.9219012210386888,5.114754363412779,1.3749464015137445,5.222516115961986
22,16,13.617353594034014,0.8104341341528845,4.917935103034499,1.3182416140325053,4.65404901045849
22,17,34.626804137957734,3.7742864984378968,5.324365486947097,1.221337752847047,4.495758251404467
22,18,25.35327797707901,1.83886903845106,5.519533483913167,1.1461817946913886,4.257884757273117
22,19,24.697006797231552,1.0914444208536322,5.615824239087997,1.0918824902848758,4.190427314085322
22,20,25.790780190235065,1.0792357433340767,5.377723149359155,1.2794118111442456,4.718680422153972
22,21,27.053774505908834,1.2099399189958173,4.985230236948937,1.470672811277498,5.451069234880415
22,22,27.42818212652933,0.5750558537434796,5.293517151366993,1.3118641582197563,4.888335645150364
22,23,35.61738723657851,0.7887097539388963,4.666491164957886,1.417350857223223,5.036030772258734
22,24,29.313948212900424,0.7537615999239101,5.102389715137483,1.3024689093132604,4.598011555996244
22,25,29.01611493313765,0.33044349210155083,4.58585902561159,1.4838684877362613,5.172225527562995
22,26,33.12650484536146,0.8807376950095088,5.466014357229755,1.199124085849073,4.480206649135879
22,27,29.03158508734807,0.6430532580245248,5.656111813599716,1.1394445502931605,4.247996705745594
22,28,29.79522062787194,0.6524166549737773,5.283765199245119,1.0180123404111487,3.9628669482104395
22,29,26.222672739928424,0.229328872187475,5.437382069941108,0.9597396773449951,3.602265818343583
22,30,35.78708190167376,2.0363182791747145,5.433331494183415,1.2189993732235767,4.6918328942436505
22,31,31.708759904659125,0.6796352880543013,5.14369418627653,1.0371229427814965,4.028347828509385
23,0,24.020054557740323,5.694618686039073,5.90215098154532,0.9943248427539393,3.5321081991175265
23,1,23.272493342996963,0.461446697505995,4.283995509863029,1.1701259958778252,3.9265870088127035
23,2,44.55421967212049,1.8406832337504957,4.160651288481574,1.422999750674439,4.964595948841759
23,3,28.925194918162557,0.84071912318711,4.405632517262274,0.9712083301614038,3.459277068152927
23,4,26.543385070544886,2.6284555010357935,4.744793329615239,1.1122755156797082,3.8306527479857166
23,5,23.270566209833937,1.9112403876407458,4.609917502689955,1.408711190811296,4.868860299384851
23,6,19.085926081535348,1.2501823978420115,4.403055781849661,1.0514150198493946,3.8155455842146098
23,7,34.11673887607177,5.807540275730395,4.603173269242264,1.0825578031709382,3.769075807748725
23,8,31.575428879934933,4.869433610763716,5.3502115498568195,1.3139469574152827,4.932689569714203
23,9,33.68012705981076,4.579711734421035,5.469068085509481,1.2013562075230615,4.420754881875888
23,10,30.80119403580323,3.4183726602340005,4.980794763460025,1.2610423374938442,4.825383880269914
23,11,27.182267758783652,3.851236835643086,5.172015069218,1.224984140786459,4.500304604405469
23,12,14.292060912661675,0.8519111643641379,4.199653313426427,0.682242469550717,2.6229679641031627
23,13,18.48951308332886,2.3801829460166894,5.462604155338315,0.9332772468198911,3.5334321116829672
23,14,17.625473213594475,1.3378103648355641,4.779213772807146,1.0835356354480563,3.9278419830620894
23,15,24.203338879581963,1.2836188229243888,4.73133064251866,1.0931226169102395,4.067975269762848
23,16,17.681908935772825,2.090308032050536,4.580503458291439,1.2488443506532487,4.2565739422099
23,17,20.276314060339878,1.4433651868311763,4.71670239978889,1.31458028235975,4.7188198516721
23,18,26.18917787271529,1.314129363375402,5.283914082445316,1.0940500561842832,4.0416498490679205
23,19,28.883786991056116,1.3866495455495045,5.341731277803538,1.0274233376003954,3.929207537981335
23,20,23.78536892944834,1.166992490951496,5.235036489394353,1.1862387420430531,4.292953124993833
23,21,20.951012011917616,0.9869601666249368,5.111496534202415,1.1835068972059704,4.46436954694162
23,22,21.05331299161617,1.3313971763535242,4.819730084637026,1.351246988473802,4.811052422911978
23,23,30.757839431433858,1.233373673985427,4.737878729676444,1.2666839427578678,4.553227612730872
23,24,26.222998295480664,0.8421907059183109,5.108864218631506,1.2798937090213105,4.484891719171563
23,25,30.202580059454405,0.7325876134585694,4.6264122655135695,1.4612014942049747,5.0729411963955755
23,26,29.9959957094724,1.3934315813046327,5.247786858713839,1.0780460746243072,3.8769461962327854
23,27,23.59841983499961,0.733091886636306,4.9967176334082986,1.3018659477794445,4.663085214952936
23,28,27.050796095055077,1.510323340654335,4.642566935000983,0.9740663173416433,3.570813477367201
23,29,36.48025834387647,0.7396205243439014,5.4271615485334275,0.9101799397837445,3.4457436306537748
23,30,30.320472308424428,1.5375813348685754,5.317532437206838,1.1639807362758603,4.300267059392791
23,31,29.253305396933506,1.5789734567762883,4.7191841582373595,0.9203808672518239,3.5293403079447367
24,0,23.96879584648919,5.421058774157528,5.866253914090937,0.9713755482753523,3.4698704650272556
24,1,26.18486302308233,0.5857239419354463,4.8663599766784635,0.9142914464589911,3.4458419031305008
24,2,42.368300250211874,2.0371782844458424,4.26121086556551,1.2042708805438371,4.123593687061328
24,3,35.35521869052882,0.7475642773088628,5.146535179965798,0.7794855938316587,3.0636384866055866
24,4,28.017374850836894,3.344875782073029,4.864257147221341,0.951622748846396,3.4799605520778227
24,5,24.216402449762906,1.5656530939947546,4.503161414644514,1.2655275982463898,4.225901301425875
24,6,24.977734645998197,2.8682040933736985,4.869550761380674,1.0658951634663438,3.9026831917909868
24,7,26.78913464485281,2.2488230637683513,4.917026828782324,0.9247869307321563,3.467227024852121
24,8,35.659194354826,6.930816613013137,5.556344527184089,1.1547349554025175,4.3178683298388085
24,9,24.148152038874326,2.68926177916918,5.514189965429903,1.259336190306251,4.6065368255767325
24,10,33.17678292857301,2.9029212992113704,5.036844578919319,1.1576786943528212,4.3434448307108875
24,11,21.895392593097636,1.3716056262464122,5.323999774901491,1.1627323760467014,4.387577919563205
24,12,18.881867604450946,1.116837450264739,4.687754964150534,0.638845327167405,2.5993066946335563
24,13,15.492069457006933,1.0819702256741905,5.4649648856797075,1.1496248313314066,4.357581836826222
24,14,24.076185433533354,3.2132417846578862,5.277190139357099,1.2578764193315743,4.643290575420762
24,15,26.99434109602157,4.2113146426700006,5.307126180088119,1.2454736101152735,4.91890486693913
24,16,21.42705816888511,2.82297925172154,5.1273334648481,1.4189296954729294,5.281944086130542
24,17,25.19665503040796,3.8465034188717757,5.342311937074548,1.310223535948687,4.964733507308898
24,18,25.734598412275105,1.7075172701378105,5.70819082976688,1.1203793797740786,4.1968960896890595
24,19,34.295791863517564,2.498029583136873,5.393697442305885,1.0720926625169884,4.166841149346675
24,20,27.80621761266797,3.449502688526916,5.5001386826719845,1.3289639464421859,4.990702824801921
24,21,27.91830880618227,3.1947628881997683,5.142469805196395,1.4424080544449023,5.50048860185752
24,22,28.80650927018259,3.096520812254338,5.440698927145503,1.371478561407507,5.173013716705871
24,23,29.53626673579728,1.4377941690514326,4.952000737869426,1.4127137052602272,5.124616966109298
24,24,26.984751037961715,1.598947985276933,5.198029326272817,1.3437454401200384,4.797178024732763
24,25,29.40346357469526,1.4806082357863395,4.589137986069195,1.6040510798928276,5.7300949036962825
24,26,32.92750660935613,2.231404896225456,5.3515219711461395,1.2295405678884581,4.651678382474894
24,27,27.099189215746335,1.0664504618455948,5.70326013731163,1.1932577258023,4.487533165064163
24,28,33.93611092152759,2.6964376370927745,5.18710384679425,1.131161116333824,4.405361964467147
24,29,30.062174005739458,0.443767715513509,5.419259441200373,1.0220297266125487,3.807112868255879
24,30,31.10160939313047,2.135679676999933,5.1467591499406184,1.3799650541935877,5.2502821472853825
24,31,31.071859930992822,1.7596203196702978,5.006194813089338,1.0610682522036194,4.09144326799037
25,0,21.966498986263275,5.318417628864478,5.6533367336495,1.035032479545114,3.666262629686177
25,1,23.542263989691556,0.3715654369672948,4.5074811684297655,1.156022028746766,4.1850775516881855
25,2,32.97568216939745,1.236040597401725,4.35155582959406,1.2901391868392427,4.603510122983615
25,3,31.801119865194778,0.7932795438165434,4.40879567023633,0.9372230629429144,3.3951063817748652
25,4,23.6089268485038,1.442231060352679,4.894140367955919,1.0620180070048884,3.787973951945387
25,5,18.557751370314456,1.043799779900584,4.730249137739314,1.3897620856809834,4.8420764915067664
25,6,21.897549670160238,1.996532424980378,4.388538246339727,1.0580955625151862,3.7176108322196395
25,7,21.969501861724673,1.2852562222857766,4.655436251088723,0.9995485692117141,3.478076611557226
25,8,27.842073296123942,7.192684783459255,5.617082595262929,1.241531053514513,4.741810052417223
25,9,33.98013518657608,7.3834955235362765,5.573941141501649,1.0545560883259917,4.03155259041605
25,10,42.08760794794176,7.514780130362635,5.4959953628979985,1.1647597290565521,4.668036656832566
25,11,23.184291585873613,3.329100115688451,5.5554409714961075,1.1466179876815055,4.389965030838611
25,12,17.11102198229054,1.9955645684198358,4.652235158981142,0.5428837346597852,2.3487864698338226
25,13,29.211523211706158,8.669472695628837,6.140083505283591,1.0752296928398897,4.178331000162124
25,14,36.47070431160481,7.848583449961915,5.836004803425173,1.1634167886985907,4.5121103993722596
25,15,29.69809515626384,3.0322364078898976,5.712701018626106,1.1695322621339583,4.708009650643832
25,16,22.16649221716945,3.3160841560566228,5.104337319281269,1.4374383489564941,5.2425513852839165
25,17,23.85161004314137,5.748958140855798,5.465528160949354,1.23845936925966,4.707742539975185
25,18,16.983759628830533,0.9921270926606602,5.74049769757094,1.1676016719133164,4.401784592442553
25,19,31.042742796559253,1.529358625161506,5.70577142800149,1.042161534670524,3.993856928687254
25,20,25.04349102373559,2.5110731875655086,5.639801386880819,1.2825281326590732,4.862978107527992
25,21,25.889951303960792,0.8127700930491832,5.071046765452018,1.4988402113596413,5.543107070949808
25,22,14.793009040548645,0.7193342627954105,5.475476391211211,1.3039473658104797,4.774848868707319
25,23,19.793562470697072,0.680446034547304,5.095118775911142,1.3233468594846327,4.823903707155921
25,24,20.084660316510764,0.2713110654250814,5.289589011000215,1.295105093076395,4.589439719865452
25,25,31.399419191847322,0.49588763516712053,4.837803320107064,1.4054838694576102,4.888713526548796
25,26,25.578338046802276,1.393547182280447,5.421932663005612,1.1664171510872663,4.400049761612228
25,27,18.39847371079043,0.6750349706887582,5.464105397897314,1.2264325790935935,4.408131800657394
25,28,25.9904845340026,0.9472598514065576,5.1735618979227205,0.952579458091277,3.656401338131994
25,29,26.5326069765585,0.6050627524329427,5.4235040444594595,0.9926488652759886,3.590164846106738
25,30,22.09218956158769,1.0114660922907759,5.306557427394498,1.2103765635364558,4.529861326194435
25,31,16.19398354664665,0.10410073055844027,4.747949034297999,1.0316571970212278,3.7366979165783163
26,0,10.766040628282237,1.0151833716745005,5.663786937657326,1.0559954238125435,3.8357730340987066
26,1,16.260071591407176,0.15189677975422003,4.248379298661425,1.0993066710500603,3.8402348330870417
26,2,21.718821515706573,0.18351718040872467,4.441065365537393,1.3262781126916687,4.6853712606147555
26,3,21.25766693069064,0.5707246766770162,4.5598433210759275,0.9175324426404545,3.3898248450908857
26,4,16.137216880762118,0.33039220632503863,5.095562173872191,1.0494831029250395,3.8353341791204585
26,5,15.952640610599335,0.6867248343067258,4.898811167181467,1.262350994087349,4.248317106485819
26,6,18.539295994541366,1.0055309889556232,4.482403655734041,0.956510931085881,3.492598889924887
26,7,14.733016202233056,0.5275033707195741,4.87174133840676,0.9469567212761509,3.3574785327042687
26,8,15.772079552795345,0.9729713178358541,5.717433139448454,1.132060416761031,4.275857543135269
26,9,21.856175353806258,3.0361103822585562,5.627158585730919,0.9983833300344056,3.8056046018820178
26,10,21.98265222540563,2.9267041901260535,5.412501516748413,1.1362176200991358,4.397996028373319
26,11,24.68689011294454,5.1295299505430565,5.702406542384203,1.0455844488371824,3.8822543430354393
26,12,12.773627058646584,0.7650489902637292,4.906883741962742,0.5083824369041885,2.2748639522923066
26,13,30.200071311153557,10.33798570757098,6.338804971781666,0.9996855410580068,3.868045232343144
26,14,28.016981449641488,8.581488003391748,5.7211158393340344,1.260632317793422,4.856927757795783
26,15,14.142609105546564,0.8449639403189392,5.612992984793463,1.2000515924739492,4.674669899403371
26,16,15.190064176522021,1.9391552212182759,4.986533817937161,1.4869434769063075,5.358534318524827
26,17,12.543186814060281,0.22029939465265014,5.49636339478051,1.2340417334564462,4.693968819090265
26,18,16.200499211997606,0.8171871908228806,5.990007624781469,1.0826547180790245,4.186421354764326
26,19,19.657425096227975,2.5690477273313572,5.845486776812199,0.9809809429380953,3.7231058562341497
26,20,17.33554447760379,2.0726225450167326,5.668353250988721,1.230528750139924,4.550657582056111
26,21,20.85549104672378,2.5943119003698407,5.073468344150602,1.550769269028848,5.857363122898989
26,22,16.4058330641946,2.288639851842586,5.3935201236322605,1.4052930098912615,5.222339121134602
26,23,20.39061533341367,1.2199851511126318,5.136002318946512,1.3771011273356057,4.951663495002263
26,24,20.944811928772037,2.735990182718942,5.338552235977309,1.36318843750254,4.8275408062711564
26,25,23.307762930686593,1.5277050142694413,4.867841742982119,1.5440191556174545,5.485159994751575
26,26,25.559926194995917,1.288375062487129,5.506796831359376,1.196383730967316,4.376888310087387
26,27,21.044804367803405,1.9195418123387071,5.469708010056427,1.3001015716276747,4.75899173172513
26,28,22.628749765417602,1.0457081044222263,5.191475686346213,1.0472282219080622,3.9107040930150445
26,29,28.51565542361404,0.4936744279947237,5.604237964532199,0.9998048807870372,3.6657635907442208
26,30,21.533470955296742,1.09147801926424,5.204672985398979,1.3820555341315242,5.160433242936209
26,31,18.1078647469663,0.6140023365033936,5.033224310362297,0.9300219146292275,3.513324243621907
27,0,16.990750120472747,3.2081556963657634,6.043639177828582,0.9828838140953016,3.550495114005914
27,1,20.384433320087673,0.48257728926905996,4.394241559536811,1.1631913112788492,4.055180320729968
27,2,29.783737965166402,0.7484097288610168,4.2457085351937085,1.3392224009222522,4.45484057429921
27,3,17.955424785743915,0.4725161550375494,4.888528586676267,0.8527804188364589,3.2175194009439263
27,4,17.53163938796797,1.5776443364024015,4.987540024511119,1.0085826905476853,3.5845107553858466
27,5,17.612976150967334,1.8582320832800145,4.669406076058492,1.3157581626615746,4.233390559353894
27,6,15.655159579713608,1.0746462440198457,4.644605288019357,1.0490681671140445,3.7514474956439514
27,7,12.234704738363504,0.45966150208705525,4.926496630250855,1.0062966131872377,3.5299635752581406
27,8,16.973660140893053,3.2223810436676716,5.615843434516865,1.2503357610108132,4.546851711496016
27,9,29.02601762510398,5.907844840736614,5.588234284226677,1.109149750107579,4.0925311123721
27,10,24.741202124800946,2.4294043265223433,5.33062909205729,1.1927843079099985,4.46270864944764
27,11,19.783934727177837,3.2410633397008515,5.531983282972332,1.1010299920821307,3.9385796461075016
27,12,10.339775049225711,0.4331153586336701,4.822152957229729,0.4756532678464671,2.1798654364138406
27,13,30.194928615341468,11.620888788853268,6.118880124589934,0.9579317628516577,3.6907045304371278
27,14,42.20351832986147,17.697613117040923,5.319149051180089,1.2500513211672644,4.598601887375556
27,15,20.05378755431837,2.338110281347625,5.2468405684886985,1.228112745447361,4.605139424117655
27,16,17.695401030505906,2.479050024333713,5.049301619476953,1.4112131261996863,5.101318687819829
27,17,13.578371213541942,0.8135815823536,5.557959739380441,1.1462792318488226,4.33822542305392
27,18,13.032281008571736,0.22975058373257692,5.993009149240844,1.0114892323581284,3.9353885754748994
27,19,15.358864516138283,0.3080184811727214,5.903795749159526,0.8952985695575633,3.4236106274398077
27,20,19.155698474767302,1.4652230376761997,5.413761565461281,1.2004937420726138,4.368804467326645
27,21,16.61494090069191,0.5985160410317554,5.070887358218666,1.4176494195210525,5.3391740030052794
27,22,15.975940111546912,0.808522962951379,5.537318592855431,1.2803536319573308,4.710388628943315
27,23,13.891899644862832,0.2960226259894318,5.321302725709341,1.2090336009614182,4.320272010307639
27,24,13.30228332173905,0.13175281709314968,5.37522844257824,1.314194550691722,4.658652482777046
27,25,16.45502199403938,0.22124441941917625,4.9547932739973,1.4929178000567083,5.233298188515018
27,26,17.414497388314317,0.38844678342176947,5.535034940001719,1.1349295464106914,4.145889078965627
27,27,12.744458906367473,0.08198856018310596,5.4850893515068915,1.2692276559661835,4.625280294221832
27,28,19.633270216958028,0.17632541450195643,5.3012780239342945,0.9851195953799738,3.7912151214299232
27,29,21.885232597421016,0.061293529015037276,5.630975250855898,1.006491564493734,3.760061794491122
27,30,19.07217952934498,0.7074021974764527,5.326698198294396,1.3053590541793723,4.86827274539845
27,31,19.1998219733346,0.3951987625458162,5.064752008283724,0.9226441419348417,3.5176138310899376
28,0,12.358236046894946,2.5833068414901965,5.9779378235239164,0.987500210583681,3.541414013742753
28,1,22.146247106542898,0.25576624028956285,4.9063748760106325,1.0376588202674206,3.8210190280156047
28,2,13.067284541468343,0.13799370274319436,4.176096485302246,1.2716205491246875,4.085525228976908
28,3,21.25986918749197,0.17798406829993957,5.119212760853123,0.841342481500539,3.174995490805362
28,4,19.719746474253263,0.8101456509498095,5.236561363246177,0.9856407102393083,3.503756684698182
28,5,20.867325047825965,3.7814863134471235,4.662140554083664,1.2573121835675094,4.096032494366392
28,6,14.849656801200158,0.3852137865012085,4.5286173074886165,1.2031156667224456,4.219289985917229
28,7,17.089484605195047,1.461735774900439,4.798721892722657,1.0537825014178281,3.7759730853336793
28,8,18.608380309891857,1.4298506122206551,5.435876608084881,1.2213655273188344,4.456495979414846
28,9,18.013644328931388,0.9037627686437447,5.354908751800746,1.2359275863408774,4.614019556636367
28,10,26.38895189432355,4.8764882358029435,4.577922006821495,1.384912757867144,5.006618530572321
28,11,26.084202466154846,5.348482220044799,4.909536377084111,1.2497781307817357,4.45794565825984
28,12,15.987230910555503,1.3756333784874817,4.674273864043147,0.5265906841328167,2.3185137417550745
28,13,45.289212648522174,19.574179520747574,4.706201784759715,1.009760511473159,3.670617656190204
28,14,35.879050687560316,8.327309061323756,3.8875656525238322,1.1477188173675903,3.8689061047984654
28,15,28.643011662562007,4.786434168744117,4.466765043465092,1.1431497589778132,4.071842276088119
28,16,36.46223573152826,11.7509257950563,4.31157775913179,1.2371314690903708,4.239545177928905
28,17,23.707733443247804,4.341720022244727,5.238601751022155,1.0947030798271955,3.9394531802472903
28,18,22.31441127289889,2.3286965769732157,5.585555231853107,1.0373317117981298,3.862897729936677
28,19,25.71159960514199,1.8055161934187482,5.363827154251368,1.0369237856156897,3.7104307885122263
28,20,29.18657628585908,3.8382547657290007,5.033631317745385,1.2013032644870867,4.353312592772059
28,21,35.88019509766495,3.587980742496873,5.034317345900839,1.1881377618080302,4.319357383898712
28,22,31.598874946708953,3.4513295873178365,5.119549584389132,1.1307403903401188,4.053624723461379
28,23,26.994338079356357,1.7378882269821596,5.133521365249206,1.2136786004454425,4.294699560130562
28,24,25.873751780271114,2.4903394390504543,5.1966973790644175,1.2094804608570557,4.218578815189563
28,25,33.31793664258018,0.6278808940641663,4.7755584179488775,1.368741970625635,4.690497179148868
28,26,29.36561412274272,1.1079110546354007,5.469668667014277,1.1509600400270834,4.1676560588427884
28,27,30.71920530666668,1.8284400436226225,5.810130285165204,1.0365535001667796,3.8365760761921943
28,28,29.499828103127342,1.2622949242321972,5.558437508767948,0.7766720432242664,3.111021828399291
28,29,31.541596612007247,1.027683060326254,5.373343505663538,0.9273923555716435,3.3997884403657297
28,30,27.95143417767825,1.7141766867766526,5.649958551104889,1.0273944094848373,3.8915484963899054
28,31,27.429300738723477,0.6681536673497861,5.146733103970381,0.8667573017666035,3.3066188075628498
29,0,10.50539127293191,1.0965801779860196,5.922049327460694,0.9819195736971862,3.4206101724260316
29,1,30.66419210211242,0.9529497452912227,4.681717093938975,1.0894736482089726,3.7223815498516433
29,2,18.58529790191178,0.18831182610203284,4.491390802133706,1.233401708145565,4.168512615683997
29,3,15.939539302080714,0.04157042966563458,4.926117609985785,0.8683732504826871,3.219321604020396
29,4,15.500714323504585,0.23265707169554306,5.079209745334223,0.9647038607598173,3.4637089447447256
29,5,10.13504383160732,0.13675930263574382,4.665423259748556,1.3100146555657304,4.22460446073318
29,6,13.999018624585037,0.5439002303521977,4.734047256540974,1.204449721649537,4.336180914612535
29,7,11.106422793801357,0.18649391885580166,4.686538865111679,1.0362901285827855,3.6092471952300857
29,8,13.784268521510128,0.7750028243732825,5.315387800100639,1.2203110659335792,4.497510851387373
29,9,24.268834951704463,2.2741310685635634,5.592756702976658,1.1558273437268358,4.270444685907809
29,10,18.3672156604489,0.3094679668643461,4.736286208584584,1.3681485477722575,5.141797987260548
29,11,17.178564909320436,2.254401852458007,5.133873086681042,1.2693502626196445,4.591426167538662
29,12,11.983942529669514,0.3133925166989471,4.380950198411106,0.6056827308784802,2.4945459233316987
29,13,11.843966058872688,0.5579311980716661,5.120480184732416,1.1429367648680042,4.179906988602396
29,14,10.338828693223359,0.24936296739072394,4.337067154282982,1.1513405880460361,4.094203282763055
29,15,14.595662420782489,0.31159378441870933,4.679605941200115,1.324608602372071,4.9657645329797795
29,16,17.95660977252028,1.837674737440719,4.782837266129965,1.4417810414333045,5.2272247503017315
29,17,20.22908078965189,1.919793480541209,5.090830744780785,1.3064800650009216,4.8527379738193765
29,18,20.278216726607805,0.46066171484326596,5.514495224283092,1.1650528592342546,4.374328831377743
29,19,27.890461129587017,0.8544855679507405,5.164984923347296,1.1207361018022484,4.256888453118104
29,20,17.00078893760157,0.32678185702327633,5.472825653179875,1.2469631110803654,4.780772911545009
29,21,20.248624726307007,0.9171393113457526,4.990539577080922,1.427296430148619,5.357043741962194
29,22,22.83555585767568,0.6738625387635764,5.281524656927055,1.3176050279175797,4.887579183994149
29,23,20.822883954939485,0.7364662570629525,5.048033594920465,1.3748235611610413,5.027501321816492
29,24,19.218217971555,0.27984208638563335,4.94333548335082,1.4670066865710032,5.245286797210219
29,25,23.282839846944725,0.3603840945200646,4.5036321903773855,1.5949541519455899,5.572213952449534
29,26,25.646183591417927,0.5110032113281103,5.321163394724003,1.19181629126947,4.4731163174623
29,27,21.392583423204094,0.6849197901718868,5.736755306014723,1.1312964968780301,4.319684773898618
29,28,24.845474969481593,0.8587849340422415,5.045192150755797,1.0455082029095326,4.025520676144918
29,29,28.42542728475086,0.7391901526074294,5.306970450941588,1.069545124761019,4.044542773340903
29,30,28.420774007670694,2.170883155060235,5.247427299210715,1.2596649458649658,4.760081112820673
29,31,23.185970252495295,0.8231772809973126,5.0193624020482295,1.0685438827502702,4.16579118060618
30,0,29.750510286045376,9.307473818674335,6.093817162509518,0.9758639267947906,3.334945762889843
30,1,33.62022453392255,0.7335747907008591,4.558660579646171,1.0460998115853215,3.674507695422708
30,2,25.088421207319684,0.7382892798306451,3.8806509846800665,1.428072221419332,4.706997633507136
30,3,21.479489188728692,0.4253581302867375,4.428613031965796,0.9198230111698766,3.2668143291468748
30,4,23.877402222986582,1.1612713387698448,4.711384981280139,1.1902558298831485,4.112483568214078
30,5,18.185603596865604,1.5597201328143875,4.443566183169079,1.5022760095794565,5.046197185404194
30,6,19.521508598994725,2.038517286385799,4.621034176426043,1.247185612328228,4.565711740042252
30,7,18.904437889841628,2.1227081631162013,4.883043793719884,1.1416979640312936,4.0247383221302995
30,8,19.71817586147432,2.2121756640628494,5.379370084598788,1.206493711957255,4.531343351507591
30,9,25.8441757431807,2.6229605218163146,5.3119060762591435,1.214964598137545,4.5526603692032035
30,10,23.557666813188277,2.079606221103901,5.113184215759125,1.2421267172861121,4.8972647360329296
30,11,21.392827662643477,1.9195123674260424,5.241109978733855,1.1874794290683655,4.5590432015317175
30,12,12.753618381642935,1.4553061139890615,4.441495427022377,0.6747555128197602,2.7187768281455744
30,13,41.09495414602152,17.51715997813882,5.9992210550127645,1.1791896511693079,4.600193264542425
30,14,34.36694575708352,7.67954667706972,5.43054048162845,1.224689992421733,4.747567743469355
30,15,24.221382169192662,2.4482408183734483,5.160910668097163,1.3302886177486943,4.974820668555814
30,16,14.879931328661751,1.3172061924757523,4.856658130063356,1.450722761056439,5.345232237785268
30,17,18.776758552155574,1.3063519089644833,5.242654405784371,1.3725314484498288,5.275294000398205
30,18,17.11280512244679,0.346637426547652,5.626784240748608,1.2559469627185988,4.861916022847237
30,19,25.372841255337384,0.8715403008367776,5.667256383710988,1.0417328840795186,4.174830226946805
30,20,23.50480158863726,3.078225992084606,5.812371260026177,1.299888662895012,5.162831273849633
30,21,29.116597147844764,2.0337559646178214,5.262505946859584,1.4048625269456378,5.497720872074674
30,22,16.8467072921536,0.35615230472307924,5.288550124529889,1.4514598137327095,5.508023164055311
30,23,17.423495881381548,0.26023916316853973,5.212499392035266,1.321527789813743,4.854688088846876
30,24,19.482947635982732,0.3636951681533309,5.248912806004817,1.4120490502886511,5.146856931761548
30,25,30.811850361731373,0.5771127647667359,4.707041547903934,1.5870609769113315,5.621973409786176
30,26,21.03965138091547,1.0976026836915842,5.176983625485955,1.1424440287006332,4.203863495583219
30,27,17.286595674218763,0.29289593151017945,5.44316857555045,1.3156196180782285,4.868717379249232
30,28,26.82948087789595,1.4453753418214883,4.63815045266888,1.1101351088430196,4.173880757813086
30,29,34.692753535297044,0.8595416305571145,5.623627852819375,0.9131273764858836,3.536547070791027
30,30,19.2501159787874,1.5425664821145635,5.28967501550024,1.299858978194436,4.9965028959516955
30,31,16.668088680540063,0.2199570536644627,4.930196671840321,1.120088075755568,4.19849035723264
31,0,19.353402158406702,3.7012746223443944,5.650124912397015,0.9305466286978348,3.4230028470005953
31,1,12.248375904146314,0.09372971282148995,4.673509604581813,1.0127819229313504,3.6564301617576267
31,2,33.92498112741557,0.8738652394624372,4.154607079024977,1.4719758946058574,5.143942096683823
31,3,18.288075553419876,0.2836514450668955,4.589272897584645,1.0115793080178355,3.7072455200274375
31,4,17.029280379563644,2.029370530915576,4.979758708516675,1.1119868917644222,3.9684958901271217
31,5,24.814830212558146,3.4735546340800925,5.011081328757605,1.2518170194429583,4.373505801299164
31,6,18.55133091292116,2.9205272469295886,4.659325062765747,0.9532109265236048,3.579862374730574
31,7,16.69625661202848,1.7704356692576433,4.832087486377948,0.9294227394226242,3.35354967844955
31,8,17.255687491164355,1.822462528194946,5.669253856601939,1.0792378346224094,4.060870230572737
31,9,22.041748194223445,4.48213440263911,5.767816216422636,0.9319202919106999,3.6000549074217933
31,10,29.983782436235277,4.188068962683884,5.5773440751831345,1.0761815228346103,4.200296127675786
31,11,21.572499042269236,3.292129466990165,5.74426331929233,1.0135501104434423,3.818272590842044
31,12,11.440716092237178,0.619026299574392,4.718340892609927,0.6466686688642262,2.6436427235145707
31,13,19.257720954777312,2.730293374420544,5.732610290359584,1.0224388803672886,3.8590206563248413
31,14,20.061653752568294,2.692977204763495,5.191994904823514,1.1372967365568716,4.306100720223753
31,15,16.183357205748145,1.9591060229659027,5.4458547358099825,1.2451617567119788,4.824905634900988
31,16,12.963826347605055,0.352995567827498,5.325706700035503,1.329474570559432,4.909209977606248
31,17,16.09695008179141,1.785208963904036,5.266178083226562,1.3112165565074907,4.905858478875111
31,18,14.572356319064948,0.8688494203301258,5.686701713562218,1.2545449296465812,4.8117140799005185
31,19,19.398212148605765,1.2223623173221834,5.652570152450574,1.0533707664828817,4.1288653208677
31,20,20.958349751522526,1.8485031803357042,5.88695864636136,1.2089199457770965,4.727340792471698
31,21,19.801371957385808,1.5053226888460618,5.430982334072012,1.3693792458543772,5.361602153068098
31,22,18.198471499680544,2.316776292195785,5.35723494972427,1.4903068397546928,5.558656164835725
31,23,15.314704148274409,0.3400362418384445,5.294431867288203,1.357598499297617,5.05957923456768
31,24,16.112943791502367,0.39484744974450176,5.483260056957093,1.3568941012387157,4.953770359353338
31,25,27.260988285796124,1.5319849715535294,4.816016117671255,1.5561671920150753,5.538432582753383
31,26,20.025420964502626,0.5101350454838761,5.283210630750142,1.1783740918454235,4.451109610705455
31,27,17.663634687380952,0.7604892480123244,5.45695593587062,1.3202201592672438,4.935556999996105
31,28,20.818701473021832,1.0817041575611435,5.045377034101675,1.148833262547047,4.350620190117686
31,29,28.247186243067382,0.5778385107892039,5.637147931549366,0.9939897600500895,3.7096440009786287
31,30,21.856538336070507,2.0520002572731717,5.476874451147736,1.3383453119975197,5.175311769311204
31,31,24.27977492648519,0.589253282869317,5.160267990796236,0.9951452587325447,3.8496299622676724
32,0,17.821343405619302,3.7878575633641454,5.775763046492401,0.944846431285451,3.4807959938484623
32,1,21.85873979260377,0.6766623754236805,4.77538327465815,1.0010453173622889,3.7892939370689667
32,2,30.129442253058755,0.8027620418072393,5.200957710732605,1.101589085764707,4.124998215759157
32,3,26.481672954385203,0.455428875487314,5.133539738477525,0.9126082337118042,3.4514452048503195
32,4,27.146156545846964,1.1553844331766612,5.605274476030558,0.925488632117438,3.577390629392087
32,5,21.04351427912202,1.6754211486646615,5.422557780405263,1.153301225875369,4.138615802293576
32,6,21.477196166866566,1.0242207934640686,4.9598328949437045,0.8560514029448356,3.300842860023181
32,7,18.131127707163984,1.2986191641337554,5.029379553722826,0.8052280544681647,2.9506217493828992
32,8,31.030738245715277,5.109256969200997,6.21954533120737,1.0068942957870792,3.8328584273589534
32,9,35.954729013925544,7.828557442323075,6.280711677555705,0.9061901704923985,3.403496611589526
32,10,28.73908081802029,1.6497326310523208,5.77354209422024,1.0841716669248616,4.136284574400906
32,11,26.23442688628687,4.944284824621467,5.77106015257987,1.0084411980109893,3.714728249564277
32,12,14.158459492528245,1.3019441516390398,5.284551563954949,0.4809613551772971,2.2334379780156817
32,13,18.715432906025036,1.4379792843346988,6.150584730770307,0.9038810870809595,3.488444076197706
32,14,30.067471649533893,5.1337973682687625,5.496692614052031,1.1691842924731075,4.316404732679525
32,15,20.699899506551876,2.763724066344107,5.682274396595856,1.1073432237295142,4.312089564126302
32,16,16.06342949328281,1.562518268448656,5.049080026341143,1.3148425134444972,4.581974682883899
32,17,18.370248106273674,1.6530824013215897,5.653772686039284,1.0557440537708027,3.952609347912394
32,18,15.353019349764184,0.5838461796737611,5.726712263116557,1.0714217746615677,4.052669587108899
32,19,23.027324984585476,1.4300240659278383,5.830454425066058,0.9032338728193645,3.4565731897599163
32,20,24.50384835658383,1.78710067659239,5.736302191110549,1.0408690649493186,3.8733097424021428
32,21,26.93703912563021,1.4715844295300629,5.432355204298403,1.2000762922329065,4.555307639361254
32,22,22.145986196623795,1.7196605483725977,5.497385069728073,1.1427996680003973,4.106773952949003
32,23,22.035435206806394,0.5479063229206405,5.50666988812518,1.180441536913821,4.306699812231081
32,24,21.059128887693248,0.5777058564290245,5.443343105104956,1.2691332195043232,4.45355688719674
32,25,34.45149163604959,0.7267722941801626,5.209829748329987,1.4031609104132645,4.9344149891165205
32,26,34.97627379092658,2.5862734879160785,5.599132163241786,1.1647896890234115,4.228125031681447
32,27,20.004281601868975,1.0230034974029818,5.615194087885934,1.217725294354131,4.4104749451585095
32,28,33.772808464531366,5.453403227150276,5.543438519198429,1.0316389712255196,3.863288910834945
32,29,26.623963208538363,0.7250118040073388,5.8236628390430925,0.8973433479947941,3.39615581734249
32,30,28.321232262780192,2.6421959744150993,5.604597086035169,1.2314971303573214,4.632291459375019
32,31,23.24853819401539,0.7123952245624932,5.502699714081022,0.8479485545576093,3.402863821641661
33,0,15.854034692174109,3.0331491011045806,6.013326807218981,0.9486905766490166,3.3658994018310797
33,1,40.80882264722582,1.0565251544901115,5.042795277273462,0.9794526564317554,3.6342932470408886
33,2,34.744583880866685,0.4336703417771488,4.462410822985655,1.3503735059073874,4.7805256998191235
33,3,39.498170766516786,0.6558387850426983,5.349683427882522,0.736550452149964,2.905049527534204
33,4,29.046446831315187,0.7433018207200222,5.232171281602292,0.9848367573092505,3.582992737835168
33,5,25.181991534675266,0.8695733774903954,5.168067799464049,1.2259982196663888,4.289277237807565
33,6,31.983715209729468,3.306612051510913,4.976250376637612,1.0522716754988126,3.7473745609123204
33,7,26.152277706645716,2.6307298216024404,4.8535114039263085,0.9410950747459417,3.3769580574519487
33,8,30.600082841094782,5.9395118691878945,5.615918547454366,1.0342689409209056,3.837374499996535
33,9,48.43520219504635,13.805814283280569,5.278926794747907,1.1459061444460197,4.177597974184847
33,10,32.74733549931435,3.3198142687973404,5.112894977221474,1.1784150171626449,4.431752131127081
33,11,31.418272822901756,7.218258953122348,5.172105803786611,1.2126408506382607,4.367099721003016
33,12,18.803154513268545,2.17209859400481,5.148432309632212,0.5887682645988912,2.4779003080043602
33,13,45.68337476316683,16.396938093876642,4.72625037181726,1.0177873655334109,3.7364209456217474
33,14,33.679128165886695,4.018977497769718,4.320437412444752,1.1689707258878315,3.9589774133860804
33,15,23.277189942242604,1.3594817356040014,5.217529941284568,1.0693752388264137,4.01057525237696
33,16,21.35462768039761,0.9626080304649041,4.558593674172487,1.3048804180088993,4.506957809113661
33,17,31.943341605728428,2.9797735912978736,4.816659022202032,1.1619673671347073,3.950586890515396
33,18,26.344933029003904,1.590631833417401,5.605283485002012,1.0046922807469896,3.774670671650908
33,19,31.301712828637413,0.7413079809153647,5.739781569084707,0.968262037156185,3.6862507790763868
33,20,24.19085273826687,0.993257274758788,5.608421164593817,1.0393583042470196,3.90752676893918
33,21,31.351710761196973,1.1790748587276774,5.273344573170302,1.0453396020980081,3.862918911560205
33,22,21.605281899749606,0.41170432794255607,5.330756563966501,1.065719350445904,3.9260439030521894
33,23,42.07151405816997,0.5008919028977064,5.396975112015438,1.0140643736904487,3.71730609132068
33,24,29.54413603735646,0.3128009550322429,5.331136947827149,1.1180170173971886,3.9459134433168495
33,25,40.28107636609171,0.5130307807159077,4.670207338365756,1.196723410451801,4.034087580460833
33,26,35.798762868385,0.6565190084441743,5.233141723172982,1.0564634601921217,3.735261671048405
33,27,44.16898842472228,1.1405052680649392,5.390075261278462,1.1556377260470727,4.1131440425857315
33,28,37.369488283321274,0.548141981779042,4.982552453566736,0.8322974227698374,3.301956196874321
33,29,44.73485147583238,0.48111618856255256,5.357146985020556,0.9207298971938833,3.410578361802159
33,30,33.48851214276793,0.7171239319028511,5.664874995109855,0.9004669004193424,3.4965683485422523
33,31,41.338558324301495,0.8243163407985723,4.987378913432517,0.8445071483196323,3.282329888395319
34,0,16.567778311779747,1.6702607844958912,5.657174590231069,1.029507671594283,3.4017073263531414
34,1,13.478761159689224,0.6855519264361402,4.131971980270637,1.12557489618026,3.8641037325033767
34,2,23.70380003642729,0.6829989422782817,4.454212078317321,1.286004695346123,4.523160985637175
34,3,22.839799006179067,0.911996651147516,5.744640734404621,0.7909036317686482,3.1448753719160396
34,4,21.414942384791733,0.868306916942568,5.54762269732692,0.92303973955336,3.537767672434082
34,5,19.282862646062867,0.7588345295568619,5.047003657663714,1.326322574378235,4.547929369854454
34,6,17.07267777320307,1.0202611932861294,4.818030757943486,1.0726740624529372,3.8495712510756412
34,7,15.895813522981557,1.1670294510324102,5.087375480990685,0.994985916155068,3.625700405978639
34,8,14.620813082368514,0.4019266235561667,5.180818571243297,1.2668688937755004,4.646660775078021
34,9,20.760847867939198,1.5593641399758174,5.394902614885218,1.3282606162604846,4.993659396450532
34,10,14.365779656493075,0.3046680871052768,4.793988434009574,1.287941722024784,4.84453686336186
34,11,14.560837278898296,1.050181808703533,5.178630972369461,1.2182712542561598,4.489054992506122
34,12,12.270243608894127,0.7531092545285645,4.804451812089274,0.6550765174974078,2.654824661823091
34,13,11.523188104992812,0.4654983577668025,4.823234405626956,1.1077485190283252,4.0537153522801335
34,14,11.864729883877141,0.01235888389074815,4.6021007503093365,1.155222491765464,4.170639765240637
34,15,22.452678318539448,1.1487869835777935,4.816234184066163,1.2762957323950408,4.777403634234522
34,16,20.855875892849927,2.152898559924301,4.516858158991779,1.3145313945352752,4.623817358681325
34,17,27.63470665513893,3.3198401981759647,4.797494258035311,1.2368146194186522,4.399371032341313
34,18,31.112453704466247,2.455342986077642,5.230514929541295,1.222904963911275,4.572340025142034
34,19,37.93293703343079,1.7442594684064874,5.086004313635129,1.0810831361411744,4.0707773242064444
34,20,29.229223768787456,1.3067405984660434,5.2286398414750135,1.2694012000384562,4.757083672701766
34,21,29.722737149056382,1.738615845369798,4.736415221396764,1.309419176864493,4.812175840464109
34,22,20.075571553723623,0.5415427988328627,5.427314700034215,1.2009682857884716,4.5369747803682365
34,23,31.44631887732519,0.614811703975658,4.989659809884019,1.2592541672556807,4.694693686586463
34,24,29.874259299236428,0.3099066222410619,5.1568425138164375,1.326955478593323,4.693686853605448
34,25,26.33600029755729,0.17223038537739427,4.816397249398076,1.4401917153754313,5.098488972262057
34,26,28.04624681319803,0.3809267940786676,5.2897605736816855,1.1322779706387083,4.226223650386482
34,27,28.261730147041526,0.5704795447011497,5.788873684917332,1.0825797714264391,4.055969884316326
34,28,26.348903393865164,0.5459399529459932,5.1817673263544055,0.8536821628591671,3.396874194659284
34,29,29.38845347700842,0.31680131950470436,5.2954554585964,0.9576130506545653,3.5260327917817382
34,30,41.58770503298456,1.3545118547827149,5.235174271060399,1.1297318002248167,4.3467596039733944
34,31,36.480117084425224,1.0175116801611341,5.273295219564851,0.9295936425893068,3.662072975049557
35,0,26.09636448950242,6.5689723119076024,5.818946450670977,0.9641989749517554,3.4569539279942356
35,1,26.836333907667914,0.5757326326411318,4.37990086217023,1.2276204656417917,4.247597293236997
35,2,38.94218937522512,0.8909695046513021,4.18744609694572,1.4768287594626788,5.198322572617317
35,3,29.50251232807323,1.5783597024143439,4.336585145741939,0.965853150761312,3.413790629100776
35,4,26.42903798707028,1.9023474676174918,4.613669570888396,1.0859917205691332,3.7990191845883596
35,5,21.866617869530725,1.9075234114756157,4.758540021675904,1.383048646454883,4.838120735351787
35,6,20.433222305313173,1.158105638806271,3.959306145791322,0.9983020572073649,3.497256266274108
35,7,20.91234109405577,2.349942420609751,4.6987386412877905,1.0214432868897996,3.6245242543346516
35,8,19.131060411771564,1.523267100783328,5.225891898156478,1.2613668113049075,4.716433084533053
35,9,18.77368256197313,0.9259882899490977,5.454740616669929,1.1865288381388348,4.350171356948472
35,10,21.39693390702513,1.2198218730198258,5.133333995423844,1.107191473168906,4.299855867461821
35,11,19.47158041377529,2.4990199163136584,5.158974138922715,1.0392496527761361,3.837095290539431
35,12,9.119736615486783,0.3093319372964146,4.451002234600223,0.6644294466352445,2.606672027844116
35,13,32.91781175524358,9.62188557987478,5.416699801623101,0.9615622465441129,3.6468017382528113
35,14,23.977279482121773,1.88508002710818,4.707129313716074,1.1404341407776784,4.069872502301185
35,15,26.602620691298256,2.8142198745177485,5.307770542679266,1.044965727923616,4.096620029418893
35,16,23.817567726666198,4.031295423565989,4.712481197185207,1.3402363991919426,4.758095904049629
35,17,19.978143613893366,2.6023649612180186,4.585151619970068,1.3344554109622342,4.732542995192664
35,18,30.941664587412824,2.7333787093138993,5.562680618376279,1.1166165610799599,4.170302114558927
35,19,40.66421345296904,2.395161954861475,5.5144862686622425,1.0291315121745592,3.997050041766284
35,20,30.908432659387593,3.0968014747552326,5.346677463239268,1.2160284768667493,4.435014659892057
35,21,37.13781035585276,2.8649049633643964,5.21983117472846,1.2906718639086492,4.91439332857977
35,22,20.64318730074355,0.6391436972426418,4.966053633103236,1.3808329833481476,5.010691320226563
35,23,32.7053869801117,1.4000008531063894,5.3979580207774776,1.2165180591301548,4.524140706130412
35,24,37.67936589290309,1.7317869841832787,5.325978329590221,1.398176670846663,4.941672823403344
35,25,40.779736942021955,0.8772489516476762,5.108189327091638,1.4690485652033995,5.3219236925225255
35,26,27.47012694814407,0.9192018862957101,5.604456013792315,1.164903992900899,4.363107333230143
35,27,24.976783612978693,0.7788955512656691,5.349687833286955,1.3702401212213609,5.0604226663137375
35,28,25.286591130908782,1.2411199244119422,5.102078108695581,0.9740756328084439,3.757466237450891
35,29,50.43987180499054,1.1937858290270689,5.698837125862374,0.9622805722451782,3.6944437102373477
35,30,30.60177692085796,3.3535331463393576,5.250154790020163,1.309066898267428,4.946662148488097
35,31,21.022673522257953,1.0450597205158123,5.019743803227467,0.9166740516347467,3.538341447588441
36,0,22.28335396854379,4.982443270653469,5.930014237116694,0.9001090237727087,3.2236578204327344
36,1,25.61537658962966,0.834740455478923,5.160598577180775,0.9839339773682392,3.7852392673012627
36,2,38.35542247627173,1.1218410802759808,4.486468435302707,1.2272011214803245,4.383555547887419
36,3,26.178232253757344,0.5717080761095202,5.137410664871583,0.7249665816974229,2.8984035165136444
36,4,29.114079438509044,1.213414818795048,5.2897016913473,0.8995564840039147,3.427336906902987
36,5,27.228191399137952,2.9915843651206417,4.632986527754454,1.2797360305555152,4.258506013487065
36,6,21.15910505543309,1.5645032700980113,4.736729486211497,1.0478839869609917,3.8128479257327923
36,7,27.0937072269709,3.914861844438591,5.009006766066245,0.9476612995704077,3.5137402768269084
36,8,28.10776789336358,5.023627864697637,5.046629070741877,1.2558431127081846,4.551911114532698
36,9,22.063541468981192,2.0284704047440374,5.29702047107517,1.2934140269130427,4.704849486575175
36,10,25.471466808123537,0.8706604648161874,4.6977653805404325,1.175801118732907,4.27716311765164
36,11,25.037013913475878,3.7811456850557086,5.313107437226186,1.0756694337452455,4.027835069958525
36,12,16.077427704233475,1.217733322124268,4.9318009589187755,0.611877242425277,2.566780286827679
36,13,26.256595157148027,5.345785616231542,5.011391974395816,1.1792662299920407,4.267153279636034
36,14,25.843964807716084,2.7451293439981224,5.150094826920059,1.1543693389924403,4.290231671990009
36,15,21.775907814318288,2.7944624796926787,5.197837000152962,1.0926030396234871,4.252988270244903
36,16,20.94812517171391,1.9992215288914608,4.959503113559572,1.3081790355648462,4.969001201080646
36,17,26.637359369017933,5.52523819552928,5.334799996904123,1.1339679723758245,4.397853535199618
36,18,27.590244037638875,2.8340129900517566,5.666667420794536,1.0948584277400952,4.20753920378129
36,19,36.488421247955124,1.9713664240475066,5.513181811840939,0.9398065780873255,3.796901698864272
36,20,28.826253315956556,3.3270284938714547,5.606079910218631,1.208338377719694,4.7920127214080175
36,21,23.96475741126096,1.4391350939981544,5.462029998392304,1.1685520109379182,4.617349518486087
36,22,25.74673085748686,2.471932297083016,5.667885111120778,1.2446992256934237,4.790654707494289
36,23,28.648063391631087,1.2156640723691958,5.137451449031298,1.2791728748252709,4.863065603152593
36,24,31.501564270303874,1.3069818761124425,5.132440689017015,1.3859841042961358,5.000995501595402
36,25,29.814746594034013,0.5706368706544146,4.648895344098897,1.57486523314161,5.687122757490454
36,26,24.929178906144966,1.1722080476864132,5.44600242968251,1.241359199785319,4.792333168620695
36,27,24.94120075982822,0.9372730752160898,5.903187063786027,1.1196932750610662,4.305558880859251
36,28,26.19948163817955,2.3880194988184744,5.194202244082912,1.0642222991895975,4.184331408675451
36,29,30.796428743247127,0.45524107135553493,5.4247096501680065,1.0507386090875492,3.7976629814236853
36,30,28.03745043616127,2.0102660987450807,5.194979615997003,1.370325699380281,5.325726217290438
36,31,20.007196286672517,0.7758229147111659,5.206951321396838,1.0102887040655304,3.942953464521138
37,0,15.732979386763187,1.6975085917660238,5.733039077419869,0.9654559244744929,3.468326809938642
37,1,21.1618943644958,0.37331992080160914,4.677756398178121,1.0774514632476482,3.9803702145919355
37,2,31.268387082499657,0.301195266724661,4.282539549385535,1.3335208140962722,4.831619432588569
37,3,26.56285539554682,0.654603358945945,4.321490856796686,0.9011030657290027,3.2945951673968894
37,4,26.575243168334946,1.2199879606584765,4.706695007032824,1.0775422431943653,3.7685879186697346
37,5,21.81876711766937,2.0533748960019205,4.6547788517927895,1.3411660380389412,4.61462869383478
37,6,16.354108104964844,1.0210539168906183,4.344705481614536,0.9532755147923488,3.361846186457549
37,7,20.6158210596516,2.4295018951803597,4.563678642502247,0.9817964197627669,3.3837506807458677
37,8,24.859591734820086,4.847843682446692,5.446980693825475,1.2915701555739707,4.801594102774266
37,9,17.3002328816557,0.33484164272663225,5.406757678403299,1.1731511103624594,4.222112738868067
37,10,35.66816775307956,5.491892735420605,5.229177018945046,1.0937106499588944,4.190752656606399
37,11,27.060097665590483,5.61446420707504,5.545494981495746,1.0572416583356032,3.8808701222572375
37,12,18.98620203590113,3.1931299258099615,4.69901387484572,0.6346604480841638,2.587693077549214
37,13,28.09247888843393,5.3878987048299525,5.392692427430017,1.0204147767677973,3.7886094893035733
37,14,29.392265374741054,3.0165787116433322,4.861724483345009,1.1334090884246475,4.185536111456394
37,15,36.235831142046024,6.700143057440394,4.859968809516367,1.127136215810773,4.346809822372931
37,16,33.024371691031085,5.385415384402233,4.263875940883503,1.4403807726750752,4.922527946057856
37,17,38.374919361519325,7.650338830781516,5.216715434810975,1.2295373829036524,4.496779779969771
37,18,39.07168838839739,4.790196028142924,5.564193289763258,1.086829716180027,4.072408008232235
37,19,48.22226601813056,3.9619119500652387,5.719057155937039,1.0810065325186313,4.158242002864202
37,20,39.335902012905706,6.220823638605078,5.305897495434857,1.1834262984339343,4.284493716829061
37,21,42.0513263486925,3.1405205876082265,5.494867082558098,1.1645565697131541,4.503906013552089
37,22,30.306378770768713,3.5853341151929508,5.056192793116166,1.3005205668903894,4.585704980760692
37,23,27.597370036025787,1.0971656720293246,5.185023134009046,1.2082627121548262,4.485780076637219
37,24,32.50473816037827,1.7063181581049727,5.106290081197592,1.3157076246654817,4.483102982111531
37,25,39.40864149218409,1.3764482446056845,4.879239944244928,1.4911125694589984,5.3242706235199035
37,26,30.098786389069204,1.9775865252624507,5.746638477213255,1.0971715288358102,4.066483869392941
37,27,23.812787736213405,0.6857837773436257,5.453377129998781,1.2630280444704596,4.605222904268831
37,28,32.87973829372164,2.3426886654344274,5.6037017392905915,0.900292485455787,3.536617745468551
37,29,39.90201474166036,0.8804932230638194,5.910624604208699,0.9268057252548756,3.44867626424623
37,30,29.76935599754285,3.4209068693186904,5.700641511122093,1.171931804166162,4.459209562219771
37,31,23.367286870318402,0.7503776069570911,5.332756188053124,0.8765755818474608,3.4226742750958814
38,0,10.529934243857182,0.9191866468098515,5.540485103874699,1.0234842058239932,3.6133030044134293
38,1,20.24714897187413,0.40759739656849286,4.897129723255097,1.0106624700316758,3.731366464430158
38,2,21.239488177154946,0.1606253890374246,4.501644381054582,1.271284377774598,4.539251899689006
38,3,17.67009541880291,0.26966824197068384,4.544397121262653,0.8208055026817007,3.0773136904333054
38,4,20.23191285333674,0.5044564270751606,5.161332140999226,0.9542340175845148,3.490617530737931
38,5,18.777491325011837,1.470918074427956,5.007330583199666,1.196193578566282,4.1292305846037305
38,6,21.765516837889187,1.552935738982862,4.744990418034899,0.9344864131661854,3.359687208724367
38,7,19.29435996339591,1.2480459731135427,4.715364602256399,0.9171429704311702,3.2359602855201612
38,8,24.40224629108411,3.640621063287815,5.622222290357715,1.004144499462563,3.719976662526603
38,9,17.26506677731025,1.5158339253447592,5.374235573748807,1.038931383370394,3.71944341078364
38,10,19.751585330742177,1.5587117079706658,5.172875220369571,1.1568634646338953,4.308344563381344
38,11,21.54751745737361,3.85895127091628,5.255519427222432,1.1237599179179947,3.966534006723514
38,12,12.004983383041118,1.247304768656261,4.519817703987684,0.5498017934368971,2.358484740207863
38,13,16.0623058932023,2.7395635767960305,5.047995499512584,0.9442810517329878,3.3604892506650432
38,14,21.17515345507123,1.1871864050807408,4.276122080893732,1.043601737657573,3.6571087787872485
38,15,15.519694572295903,1.1435381311111792,4.662375892546129,1.1357168215508802,4.255959838523984
38,16,12.983697594334844,0.6886148858128593,4.056090947450379,1.3104731794737683,4.446239859612993
38,17,11.901927609864575,0.6207499027541764,5.223287018388609,1.1436029416886626,4.1863506627569365
38,18,9.829138072144293,0.24311976329018822,5.4388942153054565,1.0571513758670896,3.9752299596386016
38,19,15.080834175396731,0.24343184490564473,5.6584207069946295,1.0248264367772402,3.937122010181797
38,20,12.905550185733937,0.26943991897161657,4.983613435477715,1.1634037308188176,4.129719745110283
38,21,18.269153279858624,0.47319723166679095,4.737846453224789,1.2665479224865628,4.6500832994847014
38,22,12.844039399065814,0.29861042106975677,4.865214848145629,1.2673721343199658,4.459798713904427
38,23,17.944226690196928,0.2083963800216655,5.097456085333676,1.1955450130896637,4.400803624619793
38,24,9.007420010750753,0.009554689637831387,4.890214728266719,1.3175543509754473,4.440479461685357
38,25,13.857528249742103,0.13103299437330634,4.445461827832597,1.5025181980798088,5.154322528132716
38,26,14.431968426074212,0.14040902845780834,5.238395106323873,1.186552699660874,4.215014515043362
38,27,13.04880833279131,0.10222592107825364,5.136126433996573,1.3333733361696032,4.785371715963179
38,28,13.27406788419946,0.058816185795532966,4.927739291548764,0.8921712935308816,3.4079888907016147
38,29,22.225244399357486,0.05396658890296103,5.62216694390403,0.9410603384155642,3.4447057400218375
38,30,12.048801553765031,0.201120304224096,5.365800765287419,1.1666402396590136,4.335953980863038
38,31,15.988738795974028,0.33006194980618864,4.631930279934026,0.8832428344960235,3.2854675322995965
39,0,24.796592327117157,5.239190417340168,6.084024218889516,0.8968429205366615,3.2223893454708725
39,1,32.77301619608551,0.43271192948639675,5.008169289276118,1.0279197909489275,3.8627410659166155
39,2,33.35862841534035,0.3088177454413735,4.414122141800334,1.2758186098159872,4.377639362235531
39,3,21.568303776745203,0.2017956826958614,5.1090984530581185,0.8038005840227926,3.0865770132987063
39,4,19.238908905149508,0.6003983811032618,5.070813266060484,0.9077734110257998,3.2785875511402547
39,5,22.34304714560723,1.201850668888003,4.698658616838266,1.19877862953388,3.9703958641467363
39,6,19.558051259165776,1.13128480959488,4.760106804328845,1.055228344194994,3.7842033189857722
39,7,22.0585071111784,2.3420518824747156,4.944573170491955,0.9464183245767028,3.485979445389859
39,8,19.12841354838201,2.0417569230297703,4.907194097439836,1.1466407296969106,4.105473708246786
39,9,21.21364069098604,2.018669877613389,5.042627542776913,1.1689362511482333,4.205593540996245
39,10,29.387957159409495,5.34204261877298,4.120552281875726,1.3148721915559625,4.679381729323234
39,11,25.442367037012346,6.057662206970286,4.769882990343875,1.1927783865297013,4.192584581846569
39,12,15.094768806375981,1.1582487832073296,4.46909903833838,0.5803011081506577,2.4182962448049516
39,13,22.76589157928435,3.395452635129173,4.150116759809968,0.9808075868553745,3.4071925411538677
39,14,14.97024797561293,1.0393535792883144,3.5037224981057116,1.0160077472726106,3.37152044732143
39,15,15.888839937335302,1.3140233236857801,4.344169005881865,1.2781919232017422,4.484895329977663
39,16,17.904700222797146,1.0865405345943357,4.076813834956593,1.2456361121102404,4.166829080713582
39,17,16.66195958444267,1.3151547409490632,5.09119533596613,1.0410810946909859,3.7566946582236933
39,18,18.931422276505643,1.4137064992934665,5.2766119464700605,1.0056096241314592,3.7454994281257257
39,19,14.721322883539116,0.1625292985368335,5.319803044097931,1.0645090092211085,3.9653409586604864
39,20,15.394714844965833,0.259144703371082,4.688318353578783,1.2459864435782526,4.395840219399737
39,21,18.866507625715766,0.6061839726810845,4.647150879482709,1.3008414212827857,4.712097473594156
39,22,11.45027867429697,0.2566194045751735,4.778354267318708,1.1653888353878044,4.1437971293539
39,23,14.232082225739981,0.351053994275787,5.064537751328661,1.2027922035512368,4.5095163838389105
39,24,16.207158199333367,0.2613882287651576,4.9654486054022655,1.2669648026456333,4.393179916989319
39,25,24.205147085620446,0.6722318641075443,4.717267353725257,1.390807803506335,4.819485643234944
39,26,17.14597146246141,0.35463057456396646,5.343874582558038,1.1890632765370501,4.294261106002497
39,27,18.307465074804817,0.48584120855137464,5.13813642498908,1.3081488413982907,4.747143964649614
39,28,23.163496403212122,0.5403668388802778,5.116439958038612,0.8301189508396964,3.2505661753406647
39,29,23.074417209118707,0.1353874844985064,5.670211054616412,0.9104690113249809,3.3235629848082002
39,30,16.22516868679625,1.1776152900249244,5.282146693347792,1.0143333670457357,3.7979454557929535
39,31,21.94161093438398,0.6416273016120452,4.940994467202545,0.8491970612922639,3.290635158711917
40,0,6.83001455448778,0.16774259146684856,5.984722488247497,0.9991250864924259,3.5155447383566094
40,1,18.625903296793,0.06778089558575567,4.416093800231033,1.111887476944169,3.810488201670581
40,2,15.383032617781618,0.1894655014088486,4.199016540258841,1.2384690429208218,4.013923127257477
40,3,23.393973351901607,0.3820006672753783,4.836245729204631,0.8797265273462846,3.2339854647186845
40,4,34.49398470664597,2.996706276510349,5.433345340209314,1.0734021029408307,3.9783711674082842
40,5,23.69822422422348,4.55093041856577,4.922285487059028,1.4040316001561504,4.922210257790484
40,6,42.07153358559421,6.814450249574328,5.260762412419087,1.0976988224596784,4.249003313605308
40,7,45.99721045574987,10.330504419979533,4.748308634561468,1.010411890339208,3.634536909635686
40,8,70.87673903732359,16.25695802461754,5.605253850908877,1.0034437335764608,3.838127809210859
40,9,60.55389963058562,8.171789912395631,4.932949486471598,0.9378317757797365,3.5405895077344556
40,10,57.33602178651146,9.990091762578501,5.000209528982384,1.1314695802699886,4.32723840490684
40,11,76.98878327513438,15.82020866845535,5.296013984320034,1.0050369876711205,3.834058751198208
40,12,37.068837665128974,8.546005143155016,4.706917830939004,0.6499639893410762,2.6588963749082204
40,13,104.072658189321,31.815082585135883,5.065535679705921,0.9346935786766597,3.7116694524101614
40,14,125.76294887215013,51.21796638521457,4.892520784125467,1.2656771546195245,4.655058895582888
40,15,123.5183670131116,44.28793556870292,5.31945648882278,1.4189009781928892,5.642200712245087
40,16,122.00851736804651,49.3296087206802,4.593689332575476,1.5439441471711817,5.281308606329207
40,17,123.6167177162308,31.459180050250723,5.655365275964302,1.1783937458265115,4.604332062881704
40,18,63.340698398030774,11.87531906475279,6.172202574449516,0.9977279027530388,4.027936324453893
40,19,60.62664908387484,8.452052064597629,6.076665121455539,1.0168318626363515,4.019367180972265
40,20,80.5119967566123,17.078589468634313,6.042164295045021,1.296109287102964,5.165545798486851
40,21,61.617933300034636,5.819487675426709,5.090846551427511,1.4702523496813402,5.417883285892631
40,22,46.9182227664499,5.981434369463159,5.154363296509054,1.2821147663107153,4.679516097571462
40,23,37.28330311090638,1.8081983296654336,5.198496289358679,1.177073019074764,4.44350896788043
40,24,39.12871946548372,3.340648066005348,5.214510569524171,1.3364499975937632,4.886470636640751
40,25,38.40046329395078,1.5175610567702498,4.424296727115301,1.421894786528405,4.767951897731007
40,26,39.92064217509616,1.7674393844991136,4.900364169249016,1.2847530952156498,4.588142777812183
40,27,37.06108784982599,2.6096036559443863,5.33946957341501,1.2081396446369101,4.447157946991432
40,28,29.619674692852755,1.9460228243874012,4.253457462426258,0.9004178226625301,3.4028614703234843
40,29,41.786721459426644,2.031451130058273,5.232923546653533,1.0133344906274644,3.7240337102386807
40,30,37.146239760609504,6.8884777915071655,5.267467723735614,1.0553953844803656,4.025089985280951
40,31,18.2261771655032,0.88564479102865,4.668106866292404,0.938188784209733,3.569619636686476
41,0,17.001520846979997,1.4948841727405955,5.527527905545638,1.1205172421376695,3.719603857774888
41,1,13.773943647245302,0.13973698687976668,4.470150807900051,1.1337697619496065,3.852980444016032
41,2,12.486092846178199,0.07064983388851327,4.418121211061621,1.2667867456384663,4.296651913716623
41,3,11.465540991735686,0.030641611414412455,4.599358220240317,0.8722544000227197,3.1725696521967346
41,4,21.38300119665565,1.8253333868684845,4.834227404494078,1.0675075219426748,3.7545237999623615
41,5,24.148355640247082,4.306605397195922,4.346126745211846,1.376408942771592,4.487257257280143
41,6,39.36147493785351,7.297812671457853,4.503527589825851,1.2058817121463692,4.296843426931055
41,7,40.900823780309615,9.339164504183241,4.518660559667775,1.1858001973998054,4.145087219144879
41,8,62.49254037878323,13.33171447878631,5.286118736887933,1.1864547922347217,4.319380736542542
41,9,53.77453825546631,7.253659259034739,5.092285086112323,1.171994552177276,4.222483477303932
41,10,53.7294782865889,8.684200100396524,4.223547851580329,1.329140870463605,4.6735948600330595
41,11,71.32554692482054,13.959546883909582,4.7320616170980445,1.2974711870850406,4.65298176285692
41,12,34.99909503325779,8.544644166064963,4.409569323690448,0.5651867491206488,2.3968586889708243
41,13,82.6746183808663,21.65818259250438,4.969289089134106,0.9446737680945851,3.52773026274194
41,14,112.83185037515044,42.594818515205944,4.296490385277779,1.0343095350523237,3.7385484403498865
41,15,128.67712379181523,48.76653041626551,4.20746889917025,1.2034279917462944,4.351963385880398
41,16,123.73628988413111,50.47598790076869,3.869767159058238,1.2540773762661939,4.30001272085641
41,17,119.7156975438842,37.62163798439367,5.096224684286725,1.0877582095064708,3.9000279848719193
41,18,62.21957002659567,12.309375742434698,5.402332085499019,0.967074613222894,3.7395231380341953
41,19,48.63487443510651,6.412633553949551,5.384795552558879,1.0741549514037656,4.0442773671381085
41,20,75.0564392734056,16.21005380372548,4.804138910496252,1.175365229516208,4.3278790319521985
41,21,53.378267577200084,5.337507368127193,5.017765780487081,1.2269721990180606,4.679221865093062
41,22,36.50162932620773,3.656932033967742,4.963799240841451,1.1778458138348666,4.405150709890925
41,23,33.67266307636798,1.3519974876968182,5.0452136410243895,1.1723635935633832,4.482908640250018
41,24,30.860500072315638,2.0582016216875916,4.9588842080767215,1.2274553574488642,4.533974599691912
41,25,31.683938083761415,1.4754195681257567,4.708733848725657,1.4189235727845801,5.249259645122524
41,26,35.282811102032916,2.083337800725616,5.090525304090361,1.1124302947739455,4.038085117338019
41,27,32.8903780118794,2.499937454619981,4.774591786832758,1.3686872930042622,5.019176979808656
41,28,24.424113170702164,1.2799698776869888,4.857673411417226,0.7955977011671864,3.1798595991983793
41,29,37.647729059613184,1.7497780111875456,5.592582403143852,0.9247532287439499,3.609557093791805
41,30,27.231821478695416,3.545471404471685,5.4216363600458175,0.9900954330797278,3.90153739836305
41,31,22.880707343977473,1.0842023861243497,4.97119390102916,0.8386974906758127,3.338041641842644
42,0,21.124347483013892,6.052010390420873,5.999764158980175,0.9408254169619203,3.3348075885244186
42,1,25.357431922792962,0.9600674340259995,5.1951653881671405,1.0308179016905985,3.8473524189702952
42,2,12.406898947864935,0.05414288790239016,4.19657188901435,1.4151339282533453,4.846189564332741
42,3,15.38869416818934,0.2587984991666984,4.839311694145628,0.8656171054132944,3.1956516161878064
42,4,15.355008085297195,0.541383577306151,4.937419521616867,0.9981454084408812,3.5469009177074335
42,5,12.948352136170312,1.4365599059365164,4.358796361890145,1.363474484513894,4.440005618873435
42,6,10.146560459749065,0.20854731103652557,4.6734332641243075,1.1685312596738981,4.235489552381628
42,7,13.451553454851739,0.9857387659107993,4.558404134222505,1.0982321557595904,3.8248803679155863
42,8,18.948882304517998,1.8438777208439912,5.107067699926291,1.1284441115084318,4.214667639668197
42,9,13.788705347993615,0.4308721241696913,5.270917343260165,1.1818957704366158,4.37597911525957
42,10,16.6004928839762,1.1553987991806454,4.711880995401233,1.334792286302915,4.978948475931959
42,11,13.282310010736783,0.49210186567061187,5.2854140335142965,1.133273355337459,4.16089053940075
42,12,11.270070296530148,1.0291786992093441,4.496936883485166,0.6256272645070968,2.567713456839787
42,13,27.848647335683097,4.452245659104504,4.660188172929234,1.0858148754317973,3.916544127096669
42,14,20.569051950560485,1.7620870120755858,3.9485885759281363,1.1182147675195981,3.928238152876136
42,15,16.96873446408804,1.3457651880571335,4.490760175146981,1.1075389812357521,4.2464467745026315
42,16,15.353857222263567,1.040195908913202,3.9082437399744006,1.4049781116266047,5.093112997844519
42,17,18.383133211150767,1.853297998699133,4.912369062664805,1.2581772346861122,4.563627520119767
42,18,18.56505362945337,1.8529634305701355,4.875408653988517,1.1799810689348522,4.451884765200885
42,19,24.0897070815268,1.2334731123195195,5.488532066724118,1.0192167754379158,3.999558419670556
42,20,24.138111406416847,1.3491220961097838,5.039396409102546,1.3418686122851042,5.1846102104048875
42,21,19.79723104472442,1.2485447680691297,4.724459565632303,1.3983014129440159,5.228833183480948
42,22,18.032064794653568,0.5336900574093235,5.066890380467985,1.2127593199846967,4.559122278877924
42,23,19.78365700097687,0.878198631087509,5.157244522695939,1.2132094775983369,4.72993965001981
42,24,18.18474623941648,0.2987626178454803,4.717310589437787,1.4111529330404524,5.021331914260407
42,25,25.038003433248086,0.9679517228367271,4.582711460504417,1.5569244322909181,5.817258979546345
42,26,21.522648664911202,0.7967303443444336,4.996714245470834,1.2629389810373048,4.75442493162836
42,27,27.65743545334263,1.4383389677228484,5.526698861916916,1.1813971130127623,4.673179963358859
42,28,21.937080429421304,1.105044146057872,5.050651960112235,0.9387579379914719,3.7568630938257206
42,29,25.351745615574266,0.45436488046954404,5.672809765207271,1.0262010156300363,3.8261896411846705
42,30,18.157941170266305,0.8739954024247034,5.2470035295407484,1.1691040829177233,4.4982810081326985
42,31,20.015348487074817,0.9848768927785201,5.107052593306152,0.9849999347554768,3.855371171730285
43,0,8.053863182894961,0.4725000554972745,5.9896983388186,1.0003271730131988,3.5064698371509
43,1,26.47408592535552,0.6134632182722937,4.931303656459527,1.0839908470878017,3.9306641707520464
43,2,26.666484480746885,0.46845548723870695,4.725288361535993,1.264466658140126,4.4582191624423
43,3,16.057031665159457,0.2862362647042736,4.872888135940333,0.8818377885086308,3.3013314221464043
43,4,14.152568861736206,0.07766405540446664,4.814179084906907,1.0725742931362126,3.75281153623753
43,5,14.096849003965009,0.44469309160217485,4.860907408247601,1.1618595251563848,4.049177035857107
43,6,14.610385576710447,0.8662340308591674,4.722065075246011,0.9989991782752146,3.6723778449584086
43,7,15.713199035449264,0.5639254505418383,4.576534730769231,0.966589435738693,3.4127108862161677
43,8,16.259579872408235,0.8713408948754564,4.945807210863615,1.1194983854952536,4.025107923440934
43,9,17.3633076212283,0.564670932612433,4.757331883368104,1.147010627806413,4.159835227599813
43,10,22.805985054449202,1.8344262808986542,4.063799183640311,1.175191497296801,4.130092921383212
43,11,19.71275857182027,2.5549870790916915,4.756376120877775,1.0397981364946185,3.6602208696743395
43,12,9.367147564303728,0.28649205363359165,4.138410889157184,0.4976094038811638,2.1845857901365133
43,13,15.628944265289991,1.0136207298241149,4.238579747742439,0.9650197003658096,3.363054614690808
43,14,11.095250911069213,0.09958665926729002,3.496466927900469,0.9560916166399558,3.3495442998985943
43,15,14.89827589317597,0.3587756228594998,4.460724815643961,1.125216955706497,4.109867287810268
43,16,11.375860303135367,0.3964299627756727,3.8698066010902714,1.3547481341037475,4.717503179128362
43,17,16.053289980973755,1.084198110464379,4.939831173405201,1.1623417151326763,4.028119593455594
43,18,14.223781550886894,0.5362506562311118,4.705436636561027,1.0365716985530673,3.858719989707955
43,19,15.7136006409316,0.1671517869530335,5.5718799543442525,0.9967940690992911,3.8579797900804884
43,20,15.891240426485307,0.3898837076410649,5.102459927176048,1.2011888736040692,4.487025224173735
43,21,18.18691724446328,0.346246410894546,4.827223873235178,1.2563073157762705,4.594827793400759
43,22,16.821486439991983,0.27580229946586354,5.301746483886792,0.9853366527068141,3.685921928703259
43,23,16.248146380193116,0.23073498203432158,5.347054293872555,1.0562049902238,4.091533901787548
43,24,17.603946749083846,0.1666878901411274,5.111954720107115,1.215485855145773,4.271412424830835
43,25,21.150299056616575,0.2509058780618583,4.778852145163317,1.3027838189802132,4.621007289077302
43,26,18.203686805684875,0.29169753902239637,5.2127912618041865,1.0800417036654055,4.059914853117399
43,27,20.554224617733684,0.4666151714798074,5.530435865510352,1.0473481830406763,4.002058430152396
43,28,17.554268651218813,1.1196727539220532,5.0203738827012065,0.76372498091692,3.1241559815987285
43,29,29.6043137301693,0.9011274146551836,5.568839519748583,0.9347554094227677,3.5306625944880414
43,30,18.285107518223104,0.4872520447409405,5.210483825471211,1.0405178189776052,4.013505455235805
43,31,14.156469034735245,0.180918503838077,5.00882703754624,0.9106844024703342,3.4553184915579407
44,0,13.054952453040016,1.8574986901276946,5.640622488584943,1.0768061575368053,3.6723316490514057
44,1,26.85923620217514,0.30377186664607436,4.75561932299201,1.0037041082021556,3.7212148554503126
44,2,21.845256595538224,0.13793278040761958,4.418287810096423,1.386726608132106,4.7961177436778994
44,3,12.589005064872556,0.19767990481476336,4.525725080625162,0.8815167871110505,3.2382398004000796
44,4,15.556742174510942,0.36064327412728625,4.802817302259964,1.0537812866045249,3.6818819434675656
44,5,9.271546801577632,0.08916012110593581,4.8762736163696,1.2143338310641614,4.19830624886584
44,6,11.14095971501413,0.5903920911511541,4.458344063421704,1.0092360683985921,3.5133986115392286
44,7,10.430462778081411,0.32319194152033415,4.659405734218405,0.9359711328357703,3.3224279954975446
44,8,9.508157067685598,0.6080939833032495,4.967984908552522,1.1918450246181305,4.428840906452702
44,9,11.027845448002623,0.2486208754718229,5.069068471182108,1.0849034385304641,4.035994120086594
44,10,15.834129332576605,0.5196374801082183,4.6421592165528915,1.1839683472258544,4.311935320192406
44,11,9.59019582722791,0.33409228094963894,4.812173253985988,1.107523357048561,3.9520607656481963
44,12,5.888460065194025,0.20250187429368588,4.36642100153372,0.5641561644959534,2.3805503634434917
44,13,11.795539630898674,0.11290680739863337,4.624380745103213,0.9685463626238668,3.5566845870956696
44,14,13.69200436368019,0.09482542874214087,3.9464957095212485,1.1492510522014197,4.0851161015861885
44,15,10.356444311107078,0.05638654682126515,4.459094364974974,1.173757765133673,4.324557045587744
44,16,11.757080269519243,0.2303225828962825,4.061301856443488,1.3053582332735996,4.649116306905795
44,17,17.687215581403507,0.9251005881787856,5.2399462205201175,1.1412044701514628,4.179268456662995
44,18,16.748014206067644,0.8549386806492476,4.697101461890513,1.1181693341659562,4.153947562385634
44,19,14.730114039734497,0.05448160081127382,5.446861612270462,1.0137427766884484,3.9063192920987944
44,20,18.328727830243903,0.3500747162228609,5.359534410936737,1.0921095944562706,4.20565366819365
44,21,19.383168744944932,0.2193828146092547,5.044325971734393,1.1968650399383804,4.499985908578266
44,22,23.565278630799853,1.0032884384739829,5.442687193209297,1.0663451645227333,4.010814395485179
44,23,24.95287052055587,0.8308405333491197,5.389705531427848,1.1684718133359597,4.472302853883202
44,24,23.993089580796713,1.0276735765413152,5.197209145242717,1.3358150088982477,4.8005011809682365
44,25,27.69637410303371,0.6697569704093993,4.559569598642818,1.4651807772707217,5.137851641575776
44,26,20.90875628629698,0.49389974003672005,5.01280260154938,1.1315247548992735,4.164679620463389
44,27,24.807730984175958,0.7594889293897366,5.797262204846394,1.0617563454257395,4.0639291627094565
44,28,21.137536739310587,1.1805978239401997,4.7568165493581995,0.7925117220764486,3.0591335540667486
44,29,33.99428303353565,0.6562846800631433,5.476115072793031,0.8955790002509643,3.4167966308911226
44,30,20.893794821403716,0.7928003978391778,5.442935177759663,1.071000337762107,4.152657933340917
44,31,17.436113612558454,0.621119483555578,4.910984990359951,0.8749006299653113,3.3297893431994585
45,0,16.684216094265835,3.768676650489094,6.054981343803547,0.9600946665113357,3.4307856637847274
45,1,18.69582642356069,0.2828124476327807,4.466936431931622,1.0453882529643082,3.6251086848602068
45,2,17.03433205202318,0.10686213611654666,4.817464949135669,1.2356290791686906,4.432154905187882
45,3,13.335400745741886,0.44272957684696845,4.859173500331691,0.7860152676440171,3.026088314261324
45,4,13.291586482556287,0.11555439039718995,5.164591187239224,0.9415576198087114,3.3206854574527407
45,5,9.577883300302808,0.17683348906382462,5.133576622729659,1.1240444262641853,3.8886635632203896
45,6,10.454340666813273,0.48913178434236254,4.600253592413523,0.9402201224763562,3.333128725478519
45,7,9.435287768662004,0.13013930547026592,4.69681674789635,0.9062403153943857,3.1683773944986644
45,8,11.130872937493905,0.2386076832652436,5.118125063467383,1.1638287520782127,4.369522758484353
45,9,17.018617586076168,1.5355303822179975,5.408224867701712,1.1014383390568536,4.166400402165042
45,10,20.738934263607188,2.641690314221347,5.330323378299125,1.2376811911688712,4.718837842200868
45,11,18.705296357333722,2.156196363514071,5.474225263715085,1.087449507353063,4.081749851883386
45,12,7.962382154684945,0.6629378043023707,4.826051719300725,0.6571924730884691,2.689755177979885
45,13,55.470568920784174,21.97004857657427,5.919964604212421,1.1055381471110817,4.346927797914651
45,14,39.39994744893071,13.610558212048687,5.514165928568036,1.1284330706096526,4.229667539221984
45,15,25.876604460940968,5.6999321530554425,5.248294566139748,1.073242125532003,4.133510848845464
45,16,18.072027362405912,3.124979117288147,4.559007633828153,1.4212007918145453,5.217877859560258
45,17,38.24421692233696,10.107692754750197,5.280984791111549,1.3169056430238522,4.814683214816419
45,18,33.93675782620784,9.47107998572531,5.117881386308411,1.2715452082315002,4.753568348424718
45,19,28.64326545357494,2.9776269502213295,5.6344721131925795,1.1514786349425137,4.55570035521938
45,20,32.103143436383746,3.5243957456240924,5.555862244392442,1.2245581175530091,4.741311554047137
45,21,28.20419318710667,1.3816751984002644,5.180101518661571,1.2629713400278941,4.755197092312745
45,22,35.687459483537225,3.204514827762583,5.601062148442541,1.2559298832475054,4.848406638662373
45,23,22.77572689435685,0.788478295467936,5.552995554501136,1.1700016194474987,4.542418733434491
45,24,21.50829832547633,0.7339410484688617,5.468944722402089,1.3647280659150889,5.0271827051895235
45,25,24.539237519598988,0.3279903799023495,4.830971471784929,1.5708163527516437,5.647991823535338
45,26,28.601851125440753,1.6561163850436427,5.049632801414958,1.276301231850164,4.934565795398597
45,27,30.7126421930171,1.2702465284333238,6.030750544271202,1.0633678477120387,4.227119978272572
45,28,27.91928764779249,1.1364401650784062,4.810283533021564,1.0188804888682563,3.851225411319848
45,29,31.218880854013953,0.8742845897416063,5.412022723252752,1.042039025630217,4.024170155932814
45,30,26.95808521947491,2.752722694984973,5.405020105735318,1.264986893564478,4.956316692713958
45,31,22.44211631272625,1.2821402242547904,5.270562566105877,1.036602978873666,4.027029383448164
46,0,43.90539842289131,17.38879952692752,6.10436360677457,1.263517239931823,4.5310646667369205
46,1,38.634481330078955,0.9853510483517642,5.330185657867194,1.0939316666823231,4.080645106807904
46,2,42.67108252691055,2.165774290404766,4.993767123113216,1.4712365766256328,5.33570939633735
46,3,43.60842908908048,2.852095364557792,5.537408595686483,1.0469172404033333,3.9774298858893324
46,4,41.90010948270654,5.0938615660262805,5.520905890129069,1.184331697696769,4.282930523159464
46,5,47.578480247566716,9.125207242553383,5.187497546925504,1.353241258827178,4.856951235822618
46,6,40.126042931426326,6.8093371513360665,5.371697810076679,0.9355287168429527,3.624829531237577
46,7,33.49102960892533,5.8386952331645565,5.196919827203035,1.030716642175408,3.75863745585446
46,8,37.85783571529189,7.665656346306334,5.758911453432633,1.071827461082913,4.027281112623246
46,9,32.280535775245944,6.548620081187469,5.534776275884374,0.987869117966941,3.7889242334520654
46,10,32.245762123436464,5.744524993652047,5.606864353710284,1.1756805001458517,4.713818615390791
46,11,36.12900533975436,8.734045215747898,5.462777734187849,1.0472226668163014,4.010091883528001
46,12,22.279468367691727,6.467629562918514,5.12162989964455,0.6789338596282262,2.7860981048921545
46,13,46.88111632983474,13.22247617209113,5.922541421611438,0.9836099277708819,3.968430834779045
46,14,76.77711282656131,35.683354980677926,5.2455435786286495,1.3367965728312017,5.053211325702885
46,15,94.5125059957642,42.918844074679726,5.927258671069588,1.2428558283432123,5.087034039850462
46,16,89.33557192788678,37.05383830940029,5.581586948768095,1.376447856445191,5.191089391444019
46,17,72.1861361811099,26.911624900250782,6.000300112383819,1.3095910445076653,5.23223596296933
46,18,70.10873461837416,13.127165118134595,6.303106859811641,1.1152120919418307,4.5246607172259266
46,19,58.57265120548142,7.3245859632289445,6.276280047727833,1.112450012697896,4.495427768386917
46,20,75.49266393313934,14.462358814332791,6.266715624788342,1.1735507834756662,4.661359594918143
46,21,74.81259161550935,10.121250599448084,6.092931949093725,1.3116307030293957,5.348458477074401
46,22,55.43586368014321,7.588267371756107,5.983160094992337,1.3296433315251246,5.220813103130764
46,23,47.073869949615116,3.0239766543876625,5.867832483379157,1.2989470265022414,5.020027880790931
46,24,50.91412304217907,3.6915229413937536,5.927141676790076,1.2796601448214941,4.70335329415397
46,25,61.55281067917109,4.294902294542522,5.362053584910004,1.5170252842551362,5.716650752362492
46,26,64.52292126472366,9.181551530809536,5.837690067629064,1.2672198393726362,4.871153546251933
46,27,41.93395888190712,4.068905675037509,5.974346445132481,1.2816157318967925,4.918707039066951
46,28,61.322039386739,11.49562301771991,6.041009746549331,1.1236702038761655,4.429576244233006
46,29,60.403429926509546,4.560102993822056,6.273942109411249,0.9889355296746665,3.9231757860344576
46,30,55.06919072980129,12.432145484388046,5.944547418029703,1.3477966297107438,5.387945390433718
46,31,42.48802789170841,3.245998415794238,5.7926794558207835,1.0715229556811305,4.303506253573049
47,0,38.0643456549533,13.329114053240135,5.995128393786008,0.9837959097660898,3.568267022509391
47,1,44.32518096966154,1.5062627416111125,5.309952208942658,1.0094106164652716,3.7753605110155717
47,2,44.55573382854797,1.852897118706353,5.781719326801262,1.1008860306881534,3.9814826547728237
47,3,49.98615882118527,3.7409042544814817,5.798725875223007,0.7813944772267059,2.9815553473561356
47,4,37.18076698424949,3.3690436240551387,5.801913813913211,0.8365977567310825,3.206751620693584
47,5,42.0795583755439,4.585003633795391,5.862769433536313,0.9563859420251637,3.4861775668024593
47,6,56.54266594314616,9.486386719200922,5.689423759089027,0.7903202081797867,3.0967456644014604
47,7,41.98594657882351,7.4685166337635644,5.842977885592272,0.7041474366529199,2.825483427194293
47,8,60.67581067678438,16.878576486978712,6.748454424283205,0.7268779997633299,2.9329788660854357
47,9,49.838834369460415,14.007748392345984,6.088447352016249,0.9166939760449111,3.4660824404918187
47,10,49.989427500598204,16.064438191098176,6.119733855165852,1.0669595287231592,4.201010428166628
47,11,47.587171576839694,12.38177045776011,5.697053899781917,1.0316251245705441,3.81950604824702
47,12,35.778813200484485,12.224310988174443,5.904235003221193,0.5573423659468144,2.4716074468557827
47,13,40.19652469613814,9.320621738671317,6.634795740516801,0.8914373423023276,3.520500762870181
47,14,51.29117004056273,16.85331291377365,5.579217395077045,1.3247365665567585,5.017957970586088
47,15,40.200742970334986,9.332445736319912,6.010656095596361,1.2537735213038417,5.083412514093198
47,16,27.719970053254663,7.791349436370023,5.598520301023496,1.3143902397630143,4.853312018920367
47,17,42.61375320683304,8.425065845186937,5.629772057966082,1.2980210979426223,5.099843619960836
47,18,19.85411435125675,2.2505440047196306,5.975325800526779,1.1100841037539162,4.437153986606653
47,19,19.582094567296018,1.7597178147015,5.704759711771807,1.2718849759995132,4.806798601259747
47,20,27.671389227142065,1.4915460242612713,5.755405041071335,1.2340459487705173,4.6497170365514755
47,21,21.910729030041853,1.7838184197807663,5.214856796773516,1.3257704333569658,4.8652588205359
47,22,28.2797931258279,4.4817264641412695,5.754505254984778,1.3270846824602236,5.180568846742801
47,23,22.238812837156047,1.1900711707852047,5.494833834369286,1.314403043960878,4.862019149814488
47,24,24.301420647787566,0.8814918463200472,5.474481292625654,1.3272679777592638,4.7807671745576235
47,25,35.027733550584145,0.6154509032497907,4.776754593231972,1.458158523386933,5.090105246934126
47,26,29.251959495614578,1.9602656200202022,5.733016555663568,1.14573062170916,4.389831510411794
47,27,25.321530501441316,0.6520828427067078,5.69576997318055,1.3022680570058291,4.94943412414503
47,28,24.181288282180056,0.8489865828523746,5.6355446612358175,0.97742161719564,3.804961141992887
47,29,28.39508071819375,0.4034724288559258,6.031711405924005,0.9109306860292676,3.542418109793556
47,30,28.66076929331614,1.6616060789869729,5.902857832316007,1.211254509589148,4.794182291395039
47,31,31.051511665120618,2.0697595574612575,5.336866898663885,0.9483120179042022,3.702018634886808
48,0,18.85094222844959,3.8301973682793475,5.900473819528495,0.9373077214726262,3.3202020190078176
48,1,40.18703238140117,2.0292255357884614,5.55723568283095,0.9017553359912123,3.4173825610564132
48,2,43.89668911786439,1.546613324270226,5.654846291258838,1.1845084230874559,4.246824080809258
48,3,34.23643634413831,1.2459744788166165,5.991276436759204,0.8657451993672272,3.3323122488193153
48,4,39.64039097904385,3.085692703991664,5.934278331836078,0.9570077540192568,3.598091360098472
48,5,31.07175667142125,4.5127936222315315,5.30455430360523,1.2852964950346886,4.472014751232342
48,6,40.50831985916115,7.812365829748787,5.490180863349183,1.1682666986886243,4.418173828540293
48,7,58.680731053812295,14.636511417041838,5.913649997040228,1.0151128183752869,3.8773076960698942
48,8,56.897023045096944,19.152960176044846,5.88566939234871,1.2667676993911012,4.747702949878997
48,9,47.668574762357636,15.52898680718949,6.057886304679965,1.19624413788065,4.5030446501534
48,10,55.05630619109954,13.972645830768581,5.653469322822598,1.21404142127645,4.752696739435908
48,11,45.72633202160272,13.326385055493352,5.6426984431254645,1.2384737136376938,4.542321189671171
48,12,37.86346562048443,11.197609344571305,5.951048053747959,0.6890882637559406,2.8125502904306043
48,13,44.88447209338322,12.121129863290022,5.924691471648229,1.0402640442015327,4.023097191502857
48,14,40.105880888549144,9.505502902671807,5.067866207109876,1.2417465977206206,4.337123606038649
48,15,38.55023263768819,7.247671021672495,5.537331254179973,1.2956191705673552,4.932665664219191
48,16,41.469094019859945,8.135437469602357,4.892932967010225,1.2902389159140943,4.509368616024419
48,17,47.47860679565774,7.740701058112448,5.689253456464984,1.141317484875798,4.181910596103013
48,18,41.920545780269464,2.6708450200549096,5.938159117672015,0.9862595483623391,3.7700648372144365
48,19,31.243441610695697,1.3364913203516635,5.828439247496178,1.0634306546967522,4.062759962501048
48,20,30.572706179509048,1.055471222770287,5.631966420478229,1.1260854616467233,4.194632094639182
48,21,41.09304662621431,2.12212229533871,5.438876634321018,1.1492802728535656,4.235526630175113
48,22,41.524511708600286,2.4125822432258186,6.034614792121761,0.9828214081301931,3.797783213993234
48,23,38.94554337422782,0.798204460028004,5.980916312345481,0.9757382447577694,3.7206307555974827
48,24,35.188116334165116,0.9146998909435586,5.778970744502858,1.066455036910141,3.8743157665632144
48,25,43.84012151079545,0.732016435093944,5.414307386376764,1.0983106329975136,3.876879065333064
48,26,43.10178615055024,2.51096351152309,5.949362815582566,0.9953091234616904,3.6489351782994626
48,27,39.59348330147617,1.5767260671391585,5.9031676493676954,1.0686208502269654,3.885577743399827
48,28,50.824614810752976,1.8127759795464147,5.982080439893595,0.8069566505595347,3.217787239514275
48,29,43.22877097722727,1.2451230041078434,5.762228686125107,0.9945283062723549,3.6357238792861266
48,30,48.93146629231624,3.244906675313927,6.0643633557627705,0.9642448290322054,3.666042921810994
48,31,45.86005331974059,1.3695497018294724,5.727307284935403,0.8252655433891007,3.3192953613159775
49,0,14.348188850854326,1.606596480658819,5.458648077754486,1.0877503513248588,3.484344980286535
49,1,10.387086709018977,0.029208372061922658,4.749178931051475,0.9202059372224962,3.28587543929741
49,2,15.856885373750952,0.1245940269831066,5.248979098812894,1.2128488194096771,4.318468455115446
49,3,15.661247265332616,0.3717941333355772,5.753349893528774,0.9254290523909869,3.580319886755591
49,4,13.3410150378682,0.07213260124255291,5.564844040191447,1.0271193016501483,3.843671965384949
49,5,11.85210093516449,0.5944575075334475,4.894768890065088,1.4804464727299793,5.200012833037074
49,6,13.556546801564949,0.8669231673896424,5.088442078352728,1.2759892469068435,4.881001103496545
49,7,39.776007425179486,8.707103184355265,5.250816539477478,1.1035148667592694,4.079058450901685
49,8,24.141681790574232,3.0263664746232175,5.360591418274897,1.3606386223947675,5.077693228736207
49,9,23.385287944956218,3.353182124825038,5.665156651875872,1.257609479132448,4.685605907833482
49,10,35.153586609773996,8.375687822021373,5.409127018138141,1.2375167847357638,4.806674200443553
49,11,33.129898677383615,9.309248178419669,5.298042599178925,1.223565693298073,4.437941231901483
49,12,27.407585229358375,6.9381525836411075,5.226870150169669,0.6848133488142487,2.7601974498573
49,13,24.566530936278767,3.1863542740581545,6.017504532597092,0.9935594752213426,3.874677901763288
49,14,32.6010868407745,8.374374923628913,5.407133257324158,1.1786665898236688,4.303674635839526
49,15,20.07275352380315,1.6541510907185555,5.658675014987717,1.2756047019010346,4.9933843764310195
49,16,20.657457373414058,2.455766714890517,4.977754097638697,1.379792119263331,5.079213270486163
49,17,26.556249154129084,2.63000690987604,5.754621235301631,1.1661530759978627,4.465789139504805
49,18,30.452007990150406,2.661602418581266,6.029285677402603,1.0424115645922072,4.13733821472146
49,19,28.77652760263478,1.0433874416947964,5.8596556666158435,1.059068661616216,4.121319425393222
49,20,21.28741658122024,0.5751081782205397,5.882126619948977,1.1715376700413689,4.544286819540559
49,21,22.78613745081514,0.3206175567515347,5.581888820529478,1.3162927290121296,4.967308869699428
49,22,22.127233657426665,0.5480827608185311,5.860041354978748,1.188193141406538,4.460768412686136
49,23,33.96190155186987,0.5854467707950456,5.527873715968896,1.1844873222285903,4.42923268946953
49,24,22.963537883445234,0.24418126910726357,5.088014622906703,1.3398630873225592,4.704549616648724
49,25,24.64738233586801,0.567256104395838,5.196722181347395,1.3966464696057548,5.0038113249619
49,26,33.051399096908696,0.9791843203489546,5.638901877205857,1.1937986881022828,4.55102346861557
49,27,30.4912772046942,0.6893071266273312,5.819967779846836,1.1728388748925926,4.323194465910055
49,28,34.32260481311056,0.9930017213882456,5.853470686306487,0.8938428308728632,3.574309170487564
49,29,33.28592239233396,0.685910546537159,5.972267819830279,0.9309614535690072,3.6374626641622068
49,30,45.180837388203855,3.1099745204177425,5.986666930108024,1.1763673654097229,4.609532698335581
49,31,35.6165096658111,1.1937151475006438,5.508668397096769,0.9873031615798533,3.8498198274826883
50,0,22.831399839110514,6.424450598413673,6.0572086257296665,1.0302944978613056,3.626956560181654
50,1,31.29363941393552,1.7686925264300526,4.933558669944979,1.163910694459652,4.23409438932861
50,2,37.05110631169691,2.828428379454511,4.750764925106321,1.5400887349071635,5.5356854736722445
50,3,42.26111979135601,5.486577364814329,5.121358289820481,0.8560817809404302,3.3018109311429886
50,4,29.425546763778073,3.422908157759636,5.244155447893223,0.9953932032283062,3.651778291993832
50,5,24.716667495648966,4.956470294870435,5.0340338304690215,1.321179144484037,4.580371372472159
50,6,26.445706756914014,3.553470385010532,4.735723599856379,1.0894194699197977,4.0083886365462655
50,7,22.58136673129888,2.8008052428868204,4.844332859049983,1.0831986189794458,3.8618348242430067
50,8,22.894138958213823,5.743189453992524,5.251903903080285,1.2553410326160535,4.543238801118234
50,9,10.514432891247468,0.09464719308688443,5.6033598503427475,1.1555962236724273,4.295222875022628
50,10,18.207093165869807,2.1101925898788614,5.255391692255893,1.2449089307719925,4.775101259090945
50,11,13.731981078781835,0.6805003049403605,5.446422798326985,1.0780059751086073,3.9753234320354767
50,12,9.181476864830099,0.739343816898846,4.876945199054783,0.6144851292250966,2.4839086100556282
50,13,13.829061993098943,0.3561557114655166,5.7499150616515475,0.9659816917417441,3.719640819748599
50,14,13.87962629342676,0.32173256037314046,4.779071334116861,1.2508956816120875,4.5052248215659585
50,15,17.88326025203021,1.4757743669376955,5.645873250817056,1.249047633079785,4.919870400848918
50,16,15.294242071644497,1.3650603802738195,5.040249438895593,1.4324345659779292,5.3011716386099055
50,17,22.39360437316096,1.2637893511580898,5.463159365300349,1.1675966276932481,4.370543816798368
50,18,14.72178850976618,0.17853558799102778,5.877299507902523,1.0400249934395882,4.075667043730757
50,19,19.544440640005018,0.5817757268696468,5.57987312148837,1.143029380225264,4.263259770888936
50,20,20.81118598658766,0.7778386893088066,5.1903534368468724,1.2448023651698925,4.443598884796009
50,21,24.376513796146277,0.7208802230318665,5.133976724650379,1.3662304642366188,5.082326327151304
50,22,24.735521107606925,2.399213792526089,5.454141140938369,1.3039893200469566,4.8430576762416395
50,23,29.64746795043812,0.7037970798912309,5.490805422331807,1.2120921580710542,4.540081695632922
50,24,25.97738860396797,0.8460541347567225,5.267395689893021,1.3788415517716501,4.976786050336822
50,25,24.435721181284798,0.5133494812084808,5.164213414231973,1.4368026785976689,5.238418284509912
50,26,31.819714813304177,2.1490477470570992,5.859996929752638,1.1836153369912932,4.4623381737238255
50,27,25.91201086317413,0.7409321816793093,6.095313663370769,1.1243455659445072,4.289148886994602
50,28,24.09731519320728,1.5059717094410279,5.898917710905986,0.9501690430332754,3.6203058170571016
50,29,35.5959418344403,0.38730804805170793,6.104274477266788,0.9408284561820679,3.6212307752258517
50,30,23.92334569378824,1.4982718138308015,5.898180921759108,1.2082931474411671,4.687091477803592
50,31,23.191110168014657,0.8397431278035944,5.778786152441571,0.8871838350403252,3.585983305772515
51,0,9.870784901034796,0.9480999453575278,6.004318624076408,1.0021991752850603,3.5631604913862196
51,1,30.717522414124744,0.5585259288085398,4.74060125043785,1.0499026583424627,3.7210040387632484
51,2,28.962693011576327,0.8829203627360228,4.7043368871578455,1.3129240264318227,4.608918590158633
51,3,34.235566984500316,1.001126879780425,5.511238787863295,0.8144863056060743,3.208619710547714
51,4,27.028269615112656,1.2973786801359624,5.403530360816882,0.8932229207468634,3.347596336625435
51,5,36.33768891890717,4.183351221538463,5.537325458216226,1.1714844180547432,4.131386241091392
51,6,30.117119362165603,2.979131060877712,5.087021678846418,0.9359094650482929,3.424855155275625
51,7,37.54456586198709,7.229056238893522,5.145594326881717,0.8941405838063572,3.1822085335286636
51,8,32.61121580118808,4.689373994597544,5.689035705383059,1.1386655035789666,4.241107523421323
51,9,26.793262095464378,3.7607981916239326,5.877395448733291,0.9870323900768208,3.6968815014000422
51,10,36.311082481603805,5.786831739849044,5.82259434858527,1.1255831509173273,4.32110714438702
51,11,54.691994545226706,19.235441564150037,5.9743253096825075,1.092208715719905,3.972540067476306
51,12,24.147816095600977,5.84625361557664,5.257853332347942,0.5724190461192586,2.378670272236508
51,13,24.452781303735318,2.7441615626491664,6.2120138406428005,0.966187161010895,3.7439050786230608
51,14,30.046955575995746,6.6897801138134225,5.731049477862434,1.166324955739535,4.383556771239898
51,15,20.064148044374647,0.9565823870961507,5.355132371648481,1.2639690550619251,4.854738282051594
51,16,25.464818087698376,4.128414774429453,4.897953735374527,1.2782457644943248,4.677621361119031
51,17,34.87702208728797,4.301333113337231,5.560934594986966,1.1972202093331195,4.443583558674935
51,18,38.466395580414726,4.109827518786574,5.976376584525474,1.0683855227025765,4.225515512801144
51,19,34.24255633000683,2.086196628766996,5.980612189612685,1.0116833623536348,3.872808769844041
51,20,25.948665616558962,1.0851535796138463,5.312438749128498,1.1290516506788224,4.056651352704602
51,21,30.66079389933282,2.2249441890585535,5.523029719556254,1.1618630138605877,4.329675269223122
51,22,24.352293813887094,0.840220117593416,5.538960432018068,1.1697645434213984,4.3405679146027065
51,23,26.49332810939225,0.624325130567507,5.482331101325909,1.188286869985876,4.377890783022518
51,24,23.886607767710352,0.6087808335954408,5.2563209708767005,1.3040301936689769,4.584612915005697
51,25,29.882815912856618,0.3871093242648233,5.081517977685061,1.3972428764951994,4.9533069979654805
51,26,25.88811422450739,0.7464604202184794,5.673957226490078,1.1967095300443606,4.3720810371405205
51,27,25.77308464083144,0.9884176173020447,6.024728299997847,1.1263919979395904,4.208461000250594
51,28,22.1508835166138,0.45681131061418934,5.5071967021068975,0.8270905516240354,3.1939101403566097
51,29,31.703937978930533,0.7198799586188888,5.516778806156942,1.0164822136022194,3.7203796291180216
51,30,27.25029178958389,2.194542561081142,5.768666518706196,1.0407008893000569,3.923198268613631
51,31,24.834300969870096,0.7472819243287581,5.10888700093134,0.8471954591026174,3.248112618832237
52,0,11.137212467460959,1.7029449746230596,6.023607259047493,0.987046560541895,3.4546235375622656
52,1,15.217029216874286,0.5034508057668211,4.5236702686503225,1.1521867583076855,3.995183159251
52,2,31.554823181751942,0.40118470299548625,4.703532807288818,1.302882038048132,4.523192606081367
52,3,21.12078644364908,0.5237538441063314,5.457686144308098,0.8156448221596388,3.2262605773602235
52,4,17.787590347226136,0.5007822369072178,5.378367477658938,0.9789821665638794,3.58715924350844
52,5,20.512872917439676,1.7674416119387102,5.049367365106336,1.3718350422913952,4.674324460566837
52,6,23.96261538646944,2.296654171131658,5.007838820817883,1.2644256303153627,4.68433707592086
52,7,20.324244541565967,2.1381102333446975,5.354922942460067,1.0458094540875633,3.7542950984090138
52,8,25.79188593855924,4.606627214727833,5.475330984207691,1.3504933810364586,5.070530618222929
52,9,19.210757069487997,1.6706929638840278,5.663228744586482,1.1943687854805063,4.47216578962553
52,10,26.48411732406783,2.8104827191566786,5.221622479542219,1.4311390075110841,5.579762602487468
52,11,32.41487752855242,7.351710919041535,5.336130954552661,1.2270082472289774,4.470691474845139
52,12,14.140755602262452,1.2709138395469863,4.93194679776995,0.657762402623022,2.6044367288311245
52,13,26.457333544654105,3.1884804913447677,5.9060163416327445,1.0236877213228794,3.981567158053194
52,14,29.641009738035287,4.865545503215405,5.300786377106279,1.2548831650536663,4.58055178536094
52,15,22.760167119769854,3.092278166323725,5.50958526672763,1.247329765886069,4.7787266087944635
52,16,29.165977370765095,7.389127462388036,4.965194846882549,1.3509353139185611,4.950672188439947
52,17,27.376237210508183,2.7235063162647886,5.614983069675965,1.2030570014521729,4.54564466516208
52,18,36.32100385139394,6.042183483967438,5.853697493701436,1.068757805935853,4.270806810542339
52,19,35.13633998326768,3.245965296657553,5.846136296221042,1.0560765918085906,4.125923057643888
52,20,33.61686926866262,4.903901536756488,5.842039072321575,1.197376085047174,4.5927995578199425
52,21,27.136637657153443,2.228976957351131,5.342418940683453,1.2936676336750903,4.928931181862946
52,22,26.286240185818553,2.0203467234166306,5.820808867975813,1.1662621950882794,4.525785986057247
52,23,18.999551455579244,0.6345499238214349,5.410152859165088,1.2441194886374127,4.634251807191248
52,24,21.752574324253537,1.6076064810848072,5.598130573504362,1.1744542541098655,4.350165813168231
52,25,25.989504425059287,0.5958899248725251,5.221093488863355,1.3344626392414076,4.791761594435731
52,26,24.36453643949421,0.7804346464584839,5.676961589794027,1.1317041602870717,4.2705822745495166
52,27,27.404707410831826,1.4004484129707573,5.845307712693648,1.1680110124305498,4.422511015970645
52,28,22.703140210373903,1.1109939822212784,5.485432347143979,0.9112253170163633,3.5933651692652107
52,29,31.715237873920955,1.3293281708001825,6.055866198461452,0.9315890946069327,3.620501596431495
52,30,26.21924492614918,2.2416898077984646,5.6986970249219855,1.1667812991933673,4.585329538428671
52,31,22.562181723104885,1.042042490701532,5.405876488100198,0.9322340142731171,3.64473925383867
53,0,12.383405205643136,2.4883500316779563,6.176357429982943,0.9873395658025297,3.4619082688796436
53,1,23.981182857333494,0.5167044655119934,4.884466070028013,1.1050284420600267,4.0204419381705625
53,2,25.546554810102897,0.5686643521954429,4.336608863019314,1.3629144787331962,4.679119529822618
53,3,19.619179559978367,0.46359139891441736,5.057699045046984,0.816824490592281,3.1821016905599797
53,4,23.146140562404234,1.7555929923929028,5.040104942203159,0.9878771245492022,3.6096837625092233
53,5,28.507027772478178,4.95012040072187,4.952919964226879,1.4332468616544194,5.005842471418021
53,6,22.704033783724235,1.7031887297445207,4.778732107613854,1.1133408633614135,3.996975610614281
53,7,23.56744179641374,2.4462326889402717,4.800926642706346,1.0318002641203963,3.6270663712620506
53,8,22.221774338364796,2.89242291718198,5.528879227432917,1.2145520584352472,4.633909326223231
53,9,20.3970335943183,3.190422708999414,5.684612072185606,1.132670681275668,4.306272902717437
53,10,32.08110732173245,5.723506585129304,5.403141029200869,1.238384218879899,4.835378742493448
53,11,25.222698233289556,3.8669821631291046,5.488031990581096,1.0955300239390056,4.135250748949604
53,12,16.29314413880664,1.8682842674377493,4.435302935302422,0.6380074287565183,2.5852861647849044
53,13,23.465054886026657,2.4464900896036563,5.651887518156833,1.1246918589839536,4.359740677167202
53,14,30.851321420454287,4.037570986320984,5.391687343888555,1.26238547843647,4.749699743685611
53,15,29.39726286000692,4.768938512734031,5.263101440590393,1.3676855336041438,5.395300951102244
53,16,28.05168516102581,7.258586750051187,4.866637329322274,1.475134504273047,5.564425863648807
53,17,27.389689688539132,6.009041123671414,5.137472884462182,1.4461217052106203,5.464023241847112
53,18,35.292797805649116,7.910983750016342,5.679486713194196,1.2293127423516133,4.710089453291198
53,19,28.56852682145438,1.831327537241415,5.692278327918695,1.1570187705736377,4.561417667387376
53,20,27.85642107589246,3.4463095323845394,5.829950014199007,1.3663075018646627,5.235132967813538
53,21,30.062990222782624,4.107530922216225,5.615847866368412,1.2805604803225865,4.959217498336871
53,22,32.308179960876714,5.858676809723635,5.726551889986894,1.3574043178095403,5.268389339130867
53,23,25.79627995660215,1.3344967738592968,5.243412058107102,1.3709146789945441,5.174203708711016
53,24,31.158693502390282,5.069847413870903,5.2233063774577655,1.476948909102891,5.47747371836087
53,25,30.053009649242505,3.7497387375913425,4.696598524281515,1.644280051370072,5.777539588169853
53,26,43.79491151242198,10.141560821493677,5.58017438758073,1.3136488079580424,4.99487232768564
53,27,32.88930299698713,4.992600899875811,5.852210198178961,1.3309809584159602,5.096687735866292
53,28,32.384662872264116,5.5376270225415265,5.456309763788859,1.08766298478134,4.248586547879836
53,29,28.296346793048464,1.4025907616360682,5.916752445271275,1.099491492032696,4.165783357748298
53,30,35.31409910342159,6.398731848089112,5.684501583110259,1.3787059081436857,5.468929717330429
53,31,22.536667148781085,0.9455849006598117,5.373441095239663,1.0774105417020863,4.231809109009183
54,0,15.941272994814836,3.6460203279118364,5.937471323596007,0.999687143115513,3.5240386433995203
54,1,23.076423260592186,0.6590314785852297,4.526635648198403,1.2431070997933098,4.326945972047931
54,2,21.99096969337684,0.5229811349803019,4.249078293869282,1.44763309297086,5.183916655031983
54,3,18.561467188583848,0.7316613084508495,4.449475096791287,0.8914278417939894,3.2148533294563277
54,4,17.312383499021912,0.3427107583201593,4.853124208345922,1.0903746574268025,3.8777110959569026
54,5,17.52984774501664,0.9120066109209952,5.050356871472791,1.343645293256995,4.663913287457636
54,6,16.28047687189818,0.7755538168666936,4.515637657560195,1.068345988035202,3.7452257098534445
54,7,21.067689088211303,3.987096115695485,4.683665327379764,0.9894164727203378,3.4363366916684255
54,8,17.529649481911704,1.0117793861582034,5.397631107781169,1.2081286000161366,4.507604988616972
54,9,19.55451841122959,2.7748424782754766,5.739598449554544,1.0564130787624153,4.006536227977486
54,10,24.517255351542246,4.050509492914369,5.552390096857707,1.214516134254028,4.695270818638302
54,11,25.27981173096488,2.4415510430922844,5.760417103462041,1.1000288571119503,4.036264667045244
54,12,25.752005519267634,8.089436287001568,5.257689631927928,0.6817817028329403,2.7722717612052548
54,13,40.42416879712916,10.664364448250673,6.010277340779421,0.986971971920255,3.7835616099440785
54,14,42.86678689189293,12.231404534132079,5.724603951098963,1.2404558775870704,4.72326907329517
54,15,45.523533883002344,13.116419500229085,5.913702056219999,1.059624245976532,4.283455821890587
54,16,44.21141506135965,10.657986962728806,5.013235502398372,1.426387426476822,5.191528910511731
54,17,32.902022564633185,3.850651369036162,5.6841820911792365,1.2880974946142558,4.838262139947289
54,18,33.67051923597464,2.242869679370625,6.168763323041681,1.0811154698966448,4.274675497224255
54,19,47.198401560766825,4.495821360916672,6.042396611017604,1.0876228795325025,4.246473054888797
54,20,40.67819951841421,6.78254954846563,5.798887277828202,1.2660357537915754,4.800120646296002
54,21,38.0554620091676,3.130920354558373,5.384802760100909,1.3707553583365737,5.257280907532237
54,22,29.399700348874006,3.3438269591431453,5.667755718357636,1.3810703885348277,5.215854447093749
54,23,31.06080345455889,3.241049267244442,5.377716093890093,1.351354272071628,5.027879731562393
54,24,31.311019502345257,3.0501973419229094,5.352904861707114,1.4835340985775236,5.315267136220258
54,25,33.29584351714344,1.249780809652985,4.875228816413468,1.6250854174372327,5.771496172267667
54,26,26.5220554715535,1.8569879077339944,5.752633760045362,1.1975707990174085,4.373585080791172
54,27,21.173846813364754,0.7501232796981754,5.577401860689873,1.373878982135122,5.027899872987414
54,28,30.96899299364761,2.1250659552296596,5.714061928087004,1.030681226771799,3.943901309205246
54,29,30.881528246158872,0.7916497598750211,6.108022212144164,1.0199831404314788,3.811951929946415
54,30,29.240855748436566,3.2230093029325895,5.617362735074299,1.3460026634103732,5.1981547755339115
54,31,25.685353145172957,1.8859369678334752,5.442996212034373,0.9730695160509102,3.7377310956455645
55,0,16.89765928988257,3.361894022590514,5.990060949831232,0.9868165371545219,3.5059807599723514
55,1,34.98822016729471,1.2644448398932333,5.094966441950347,1.0186400585053663,3.818069554535504
55,2,44.90375452119684,0.8992405805800749,4.433532685899335,1.3330213722962476,4.571295210239246
55,3,38.086291707954786,1.3916397213387293,5.338700149290687,0.8048961814452413,3.113666373035969
55,4,40.69229461924465,4.021331839340019,5.363247180537919,0.9717740987497212,3.5361618202316714
55,5,47.78003415201656,7.013126084095769,4.986397404338435,1.3477577878611235,4.548957783484874
55,6,53.20281258912383,6.018931608279864,5.196573881523421,1.0677424933988773,3.8968124917130047
55,7,45.30117144373028,9.511788686768078,5.106201840215297,0.9540170668948189,3.355285445403359
55,8,43.33594628112513,11.312908680306624,5.3602542330508385,1.2554815651693225,4.452310249003482
55,9,38.38352253218369,9.771575022133833,5.6676478087968745,1.2140724736896162,4.494475232840985
55,10,54.826544298934344,10.509928825034818,5.387435165751993,1.2321816085732413,4.5784237232774965
55,11,44.20620317080669,10.808244621902482,5.663175452649016,1.2354476704796094,4.528658567807724
55,12,24.598605067369547,2.618118695793685,5.5426856754961875,0.6271955830509892,2.6238879044013297
55,13,45.54149522269297,11.019626913345178,4.943613233719029,1.0233380662133538,3.6070178760765503
55,14,44.55928596156321,8.77116913417869,4.71263609668114,1.1760985860213724,4.06146637243121
55,15,32.872592232473856,3.7425037642945775,5.464589325489329,1.1721767024660243,4.385548940434373
55,16,31.929397636786305,4.582452083755159,4.762383311457933,1.3430165029067727,4.68695485989459
55,17,31.048656400738764,3.745476280398923,5.1407167539780065,1.2658279482974173,4.4471961828699715
55,18,32.57855669924506,2.766262125543343,5.730935461351407,1.0508074994118033,3.983371518501379
55,19,31.390067081598993,2.639731921323361,5.838604851146141,1.0872215703873414,4.123787064385313
55,20,42.862493335245134,7.170723050236436,5.423891072188859,1.2395158685691214,4.49038801575172
55,21,37.53900462415806,3.7405578928679297,5.464999537924315,1.1619827477076141,4.307112363543503
55,22,30.49615136394746,2.4764194570131925,5.490895526537383,1.2043299291522533,4.436938569292114
55,23,30.515190330437356,1.8122657761610834,5.675284496388658,1.116335835516976,4.135396526104803
55,24,30.07579179751923,1.625025038517488,5.38466054074764,1.3352231806655945,4.682062941580369
55,25,31.302676783764177,1.312602273941228,4.652440412155073,1.4839841520837869,5.03082672297296
55,26,32.6479411856853,4.201590827285396,5.370426661757788,1.2959453651135355,4.5278916167970324
55,27,25.093614399316266,0.7967347284976478,5.595481589550754,1.249332051382094,4.431017115442046
55,28,40.77562722897645,3.425085642031901,5.714933998706048,0.9356422914009856,3.638013519304913
55,29,33.00734659019798,1.7167269061848724,5.842703821908585,1.0500058247467399,3.766786080256321
55,30,44.32728327858069,6.295704507498711,5.689821152347134,1.1615447210475214,4.412331475206301
55,31,33.66225216696591,1.3769752721207231,5.639742195232532,0.8779051563650704,3.5216009095082046
56,0,16.369810522592438,4.073094344678665,5.951627808528425,0.9689363330280027,3.4005717830961064
56,1,22.72390934093763,0.4459383485749472,4.417490089561418,1.1812157790894586,4.051183404909685
56,2,28.19308153906964,0.4429425367176115,4.00272961439986,1.5047852130754498,5.118592896525215
56,3,21.035062379884174,0.6881197039934251,4.5227712284413535,0.9199385735583059,3.3283515001251853
56,4,22.27137640583112,1.1486287572151597,4.810654850827637,1.0929831919850272,3.7879320812414057
56,5,20.608328426872006,0.9706264057619833,4.490691934776929,1.4879827551773115,4.880915349604647
56,6,23.35574834931426,2.425698841989133,4.715427640799788,1.3051738626499407,4.616725421431872
56,7,21.813609896576168,1.3423302327128024,4.6405655940292725,1.2203380628330969,4.177421767399114
56,8,29.399272363625254,7.430554317744544,5.281310534455455,1.526424119011235,5.60370152517843
56,9,32.337620705577905,6.756199076085585,5.56563823733139,1.496906960628806,5.700391907996506
56,10,26.697490857519963,1.8495687288311773,5.530623585592564,1.262153308866953,5.023121101229641
56,11,27.64348805900149,2.661654312776678,5.381239999183247,1.3699685274991626,5.201269819458872
56,12,19.422976579830404,2.739778885855536,5.08877234941076,0.6667090878194122,2.737734431282912
56,13,41.63591064898418,7.701194084323951,6.159882278008216,0.9785740331275008,3.784991242408769
56,14,45.648159924637625,12.213011110283913,5.015631205706791,1.2324631179970478,4.49044969155998
56,15,31.32275048841401,5.891692384818427,5.063917091125138,1.1872945022826862,4.323611637332376
56,16,22.490121469081338,3.555877197924399,4.611442310273583,1.3463778128436648,4.675901956053442
56,17,21.519677383644918,0.905102932277546,4.875582837322769,1.2315316184382281,4.34355606926262
56,18,31.16600840544153,1.7714703392413877,5.638566021886573,0.9911647842447957,3.7507187385393332
56,19,29.112341670534807,2.026400922882428,5.552769215432925,1.0724667890649577,4.084641728701746
56,20,40.46678577605968,6.993318675555103,5.491142288609024,1.1246054115248318,4.118272555273721
56,21,24.526484065559917,1.334812591814623,4.919407472121877,1.1420014786325776,4.2065407851987295
56,22,24.0804391105792,1.5569266592825044,4.879849784999935,1.2556787189405263,4.339028086897732
56,23,21.540800794212892,0.5507760505311167,5.143049045845665,1.2018471495015532,4.350266389192889
56,24,23.044411605668035,1.1185716171295115,5.0445302633475535,1.346217858557563,4.6101291499735195
56,25,27.023673702513854,1.0952181770295581,4.718158053513712,1.4699286506730695,5.053510582028849
56,26,26.5727797806704,0.9523430724531612,5.2893758175758645,1.1955094052005402,4.123981523019449
56,27,21.088594676095273,0.7902645394648239,4.798947265768687,1.520198440297163,5.211915155782384
56,28,27.622303854777165,1.6616276252566973,4.810987329056257,1.0051572040782553,3.668294201239615
56,29,29.781992040454075,1.2343152792960725,5.773196007333505,0.9701385512108569,3.57729632149862
56,30,27.230927039304625,2.2703815149794497,5.165499783884416,1.1527985582137017,4.232245472315846
56,31,20.886702300119524,0.6192703927897997,4.663842931496379,0.8378216532566061,3.2028504371437547
57,0,21.290316459272184,5.3933980364883345,6.058274138061097,0.9535695236128694,3.395912464066306
57,1,23.483849551544967,0.32216531756471006,4.738937987902265,0.996136660264261,3.713245351957884
57,2,36.16679254079454,0.8068197168034972,3.989104380562481,1.3588098963609077,4.534224320426288
57,3,24.049056996469332,0.9788099063210682,5.161086471289773,0.7777006326570755,3.059442404876056
57,4,27.011817913943403,1.7839791774437326,5.309599971416978,0.9442410342516707,3.4573022473055577
57,5,34.71800117237052,3.2143549824738225,4.702086910112444,1.3418691201567228,4.408026526895981
57,6,31.076185232793215,3.4836261600341576,5.012313074156305,1.1393681347861087,4.1922246692691
57,7,26.880265697406262,2.3399822693094325,4.954841267799619,0.9557336749770169,3.422088058984818
57,8,32.66234279367993,6.353626131693021,5.115757512243103,1.2778340690062198,4.558071436917274
57,9,32.257099025755274,6.616483265419035,5.730649910199048,1.2523547700060824,4.779283949216574
57,10,41.010501313905316,9.56362571371863,4.87782959245356,1.3014078790621042,4.787748800310234
57,11,31.45381750189992,6.28368834906867,5.398317054345146,1.1716924700955094,4.450658223746895
57,12,23.49899655726394,3.6708531314407526,4.827497236245997,0.6676940098107016,2.734168455260165
57,13,39.83216699154123,7.035960954703608,4.85575502379603,1.0014962841045785,3.6729531605830332
57,14,27.720845124444743,3.4161282344949107,4.737730258190515,1.1495018479989358,4.154905013462979
57,15,32.60856145424823,7.322399334742072,5.3298113669616445,1.10676208960375,4.212528733224498
57,16,24.668765016304526,3.813868787999299,4.573226666809948,1.3717211853417899,4.8893071569742075
57,17,32.10324749641083,4.497923848264182,5.257090290880427,1.187970208277819,4.373099016554397
57,18,35.944370265591544,4.653059562659555,5.616374187689494,1.0807248032202112,4.196769926782906
57,19,37.62411349732519,3.6180612050990586,5.6811632866868536,1.03027168302844,3.9982141491845047
57,20,39.64907071300562,4.711683141153523,5.134276036998576,1.254072469059663,4.708063135137304
57,21,34.95302988494099,6.167382828563974,5.318045298729462,1.1506805743575752,4.450448187705261
57,22,37.00649044836651,6.324554310738369,5.291318658820669,1.1905981598352806,4.4075082546280475
57,23,27.87344358791026,2.0193131327030414,5.547037164928808,1.1287557645441098,4.296751485626251
57,24,30.792244692841592,2.1531019763659636,5.015769363793346,1.403340342884242,5.0731605345899995
57,25,26.152843041799876,1.324311679201823,4.480703263876865,1.5212657073015734,5.344394491488964
57,26,25.04999421853464,2.7474626228648793,5.204625579944029,1.245188271538816,4.451246399695858
57,27,26.533990645111984,2.227256792097233,5.0418206527364475,1.4030888266747628,5.0037952189151715
57,28,33.98216454715093,3.0877589058507007,5.302738776440899,0.9395420448095582,3.71457265292458
57,29,27.31084994101975,1.327787597313941,5.712794922262418,0.9623384534060033,3.590855534467729
57,30,31.112210558861424,3.508570596583559,5.263274399580073,1.2097703149197416,4.539041073988164
57,31,25.94326836360861,2.7332018127840625,5.091888351488922,0.9419557572814146,3.645638946179531
58,0,9.263323967979812,1.0518988872802744,6.127234082344456,0.9629063461270491,3.4029002099838417
58,1,33.91551731369951,0.534788131986925,5.02865781076717,1.1255701950284633,4.124737366275418
58,2,19.860801484697454,0.5049559694794923,4.660223195607113,1.3291605748015591,4.620845821429981
58,3,20.491005110932903,0.31583956073167824,4.9461199835151906,0.8540696970969046,3.166126800801947
58,4,15.529744695567238,0.307161661864633,5.2748895419604604,1.0281415246007661,3.7159457215077465
58,5,14.953749558930507,0.6869734306809938,4.927808618285601,1.3687399873223978,4.5594566484142165
58,6,18.172424098102262,1.1126108890462827,4.920330457704589,1.2034654717567514,4.276580131822438
58,7,21.873359779291143,1.1428544736899424,4.73278408725095,1.105171670155558,3.9070697942194026
58,8,27.09707077293575,4.581329794222527,5.154898928364095,1.4208721284714851,5.228042217052603
58,9,17.79588318252641,2.2374072816002055,5.704900164811945,1.3923448907633746,5.4024815470978105
58,10,20.09660913282167,1.345796048793432,5.056641814192707,1.395247581670339,5.352397198529773
58,11,20.09308827169174,2.266177627660822,5.417475215907388,1.36213001313146,5.180565133508267
58,12,19.352528687870702,3.2311975962610324,4.765024792198139,0.6477293908420831,2.6739901168898648
58,13,26.033838692247706,2.4932934967749345,5.461908420613643,1.015586593171676,3.8634495015568233
58,14,22.137894067556573,3.207202958183416,4.6455701925957085,1.3274923806995913,4.858169957671482
58,15,26.188625558536543,4.795265277112929,5.122722498622619,1.2655431574125746,4.890836292037556
58,16,21.282988707632185,2.5077367287027004,4.47638720261818,1.5149367488427279,5.537416831752168
58,17,24.126381137687254,2.9294353371314283,5.054587879897056,1.354144615140938,4.909581131205115
58,18,24.07021958667094,1.7446815458316727,5.606362074690686,1.1728791162575956,4.458853402812672
58,19,26.797811506939787,2.065730601278755,5.6325901024927925,1.096034006973758,4.247935734783951
58,20,22.077082656175506,1.9912115172285392,5.225661208798422,1.4028668934709723,5.246246061629276
58,21,19.64098848430934,1.4397413443224947,5.342496410681234,1.2083471749376287,4.662342752797223
58,22,19.010475276312672,1.1464801277085925,5.454972357259453,1.244174638082442,4.755261365030056
58,23,18.920658306041318,0.8296150286051157,5.544180107248993,1.2033199135591737,4.466072379307584
58,24,20.237035987304566,0.6197511830415097,5.318548089329673,1.4019121115616802,5.211700403668754
58,25,19.164401235868155,0.1835969655298062,4.427480958118005,1.5417144218733396,5.381256549295475
58,26,26.716874224681007,2.169716186888379,5.005094559667121,1.315254680687656,4.740102219223288
58,27,18.005458684333547,1.2109675053151996,5.029275685325702,1.3797542697209852,4.926225057582906
58,28,24.91736534407499,1.7931343709260665,5.015520110115439,1.0270855917073005,3.9783254972244575
58,29,24.3435533472499,0.6819969601579681,5.639278299968472,1.0748588274865654,3.9065904699932865
58,30,20.217223317735872,0.5724444257752137,5.202158000663208,1.2869076319936648,4.887436420223591
58,31,16.52559709795878,0.3248919578741298,5.125754915419721,0.9755543556065014,3.7631540101113594
59,0,13.103672191559387,2.0090719984935186,6.281269290243143,0.9376474336559273,3.2899169499896708
59,1,26.961754379069244,0.4112812951677139,5.018459114859322,1.0792334545156015,3.8869828383104363
59,2,25.898266156628928,0.3947589065253,5.236246301697672,1.1886479773271903,4.4232813076465085
59,3,22.05991291579175,0.24453095159790353,5.091101574719339,0.8620899672512623,3.297219759434469
59,4,21.772798076208094,0.6031825657854606,5.24023579068519,1.0455245447672574,3.7923102356358545
59,5,14.501677728779141,0.8153128555212922,4.7863687449948955,1.376242863262359,4.579145164961476
59,6,15.690561283682797,0.2550599726838507,5.067803001069814,1.1360365085741435,4.052210986766877
59,7,16.21032669781638,0.25648720674311726,4.89209186527316,1.0253015268397228,3.6136533316165305
59,8,17.890165602016907,1.7706053487781854,5.359506578530917,1.3337862599610437,4.954365600990109
59,9,15.488471269613836,0.7179862939577601,5.812313282030332,1.2102712341840247,4.689353196195004
59,10,14.404448718101179,0.8307246305438716,5.068664365143145,1.262653637592332,4.7525704297317155
59,11,15.838357464285187,1.1526811205354293,5.397791863524301,1.2282240056820406,4.633504572635204
59,12,8.838866115871715,0.6513833323989526,4.488998456115166,0.6155243211821926,2.5790219137556987
59,13,12.158227639594227,0.04182735144164211,5.400987766335089,1.0697982968206565,4.077870866380199
59,14,31.1060569430579,5.691435367706479,4.366726415034305,1.2686113794860683,4.550685201765689
59,15,23.07826437992354,2.47586111766455,5.030405708351975,1.2207527246663092,4.614487485516495
59,16,22.340581141008688,3.46216783313722,4.629789556610761,1.4568046652047313,5.415943649937979
59,17,21.647994891948635,3.3025664725519004,5.181608524703957,1.3792629286512055,5.181321678514746
59,18,33.045435965365684,3.8628512766339025,5.751640670266184,1.184725674313297,4.542821776474982
59,19,28.746869658831194,4.3053648320829545,5.61809557901751,1.1157542066892994,4.4606128825857905
59,20,51.129596899300246,11.37433993306567,5.811366850490758,1.3848565664535615,5.388479316186817
59,21,35.277991281506395,4.58167533180594,5.500815339819706,1.305210067722041,5.122102098008872
59,22,40.678005665429104,4.426449818888103,5.740619387388016,1.3738440783667407,5.304637958959018
59,23,27.718910506305836,1.7388600042929763,5.7197786437674125,1.2729004323709123,4.882269364590256
59,24,30.334587750846662,1.9509705751578212,5.64244265615044,1.4277698356814792,5.397775677867603
59,25,31.949720222601236,1.6945282828374197,4.926444325341073,1.497911160821161,5.443838453484733
59,26,37.82391141056246,4.030377518093373,5.375940683603403,1.2784061968834148,4.956114583745876
59,27,34.13171445565439,2.347897340628362,5.905580304667975,1.256947606264644,4.837456767206998
59,28,30.914317080157353,2.4766467574107027,5.047198672374718,1.0310716487486244,3.982414791572555
59,29,32.11193774112563,0.9740827507240815,5.568054020570992,1.1461700197421196,4.2627540990135655
59,30,37.54536741793213,4.326018821050152,5.509532499734853,1.3579181620306233,5.41418517499679
59,31,26.415980523717597,0.8898046197785751,5.15780521658965,1.092116473202501,4.244455579883603
60,0,49.840440946793265,20.533967829190264,6.075064426128682,1.2902434553999367,4.635821805445999
60,1,47.287381914953656,1.640692233548783,5.23111758697029,1.1512242644575643,4.283821842250029
60,2,39.136128994708926,1.8229070415700972,4.701699434078755,1.5737073794377459,5.700142702543569
60,3,42.48944584419388,1.678354705044969,5.266355294475156,1.0126657381813313,3.86107141853477
60,4,43.73066911057579,7.109279637341073,5.07194981378054,1.2124216030572157,4.358662962458499
60,5,37.84100255402619,5.480650863698257,4.851536312213069,1.4376429166584055,5.080202421716988
60,6,45.322244581006004,5.279389278141968,5.057649387685371,0.9761992824954104,3.6214687925330447
60,7,29.96095829723933,4.445420033472693,4.970328364640254,1.11398298458791,4.026083703267506
60,8,47.17536642074774,11.571446999476297,5.76808457462683,1.242204758853008,4.744748131313395
60,9,41.747039153486064,9.56585005565044,5.7463491806712135,1.07482387882136,4.108808303539696
60,10,56.76912505783865,12.810994775986186,5.565350042821606,1.1108215905443455,4.46046598860169
60,11,40.27482841923525,10.286274720844439,5.267257419466249,0.9909284924568595,3.755446873395317
60,12,22.512177905272566,4.243199572555943,5.106083893365197,0.6357939113422324,2.667874304474721
60,13,90.53894799797939,37.164823821582345,6.1104188976994545,0.8260006845178731,3.385429491448112
60,14,85.9501381558187,35.37299501606694,5.383850200868455,1.2019314164072687,4.467008832362059
60,15,51.84079330539838,12.283631117709856,5.624668540440241,1.1654208797768915,4.81724471308842
60,16,55.12974917894868,14.74358106713089,5.26557627196804,1.4527346209502783,5.5654588185336955
60,17,57.120242996891264,12.019659719814278,5.673875733843513,1.3191783475922882,5.2274360647235065
60,18,40.10350804353994,5.424064665020108,6.102692924935585,1.1337395476986911,4.546802453393658
60,19,49.16809788873239,3.1380480103315826,6.201180866518474,1.0980919222996333,4.511043422089205
60,20,50.003571343302774,6.957476649762592,6.059701363237373,1.27609887089878,5.063144255323322
60,21,55.82402775101786,5.942662726525515,5.752501883780717,1.374963929030482,5.529736783017511
60,22,39.374245270562184,3.6263340025439903,6.044121072425655,1.3925109304582612,5.524163834676925
60,23,31.77027408391868,1.0738162084622829,6.062612077241056,1.2445975225853365,4.925615797958274
60,24,35.91914163511608,1.2558583785687052,5.820324209702171,1.402421225134887,5.251639222143524
60,25,61.580599797251125,2.22594356508765,5.3060151106912645,1.5509939474210306,5.92818711154135
60,26,63.71732358722572,5.625012988981645,5.797007674925101,1.2447989386673637,4.894524010469215
60,27,42.52433841771593,3.8315863287525893,5.925694494510755,1.3521878565661174,5.315361256489929
60,28,46.718664986545406,5.19087531503197,5.57416413602687,1.263888402718563,4.893990934757165
60,29,47.39659219877768,1.9001399233737852,5.990214506836181,1.1437905604298226,4.477517546053308
60,30,50.03159183573331,7.1503949759597285,5.973848228501171,1.2842065548620694,5.132304197811573
60,31,46.96302148078454,3.1663589181361544,5.488506994100039,1.1564032472198829,4.551913571034644
