step,layer,source_mass,valid_heads,dispersion,disagreement,shift,shift_baseline
0,0,0.3767338655889034,32,6.671667716093447,0.9708669581360221,,
0,1,0.06280742026865482,32,7.041282323557627,0.8060121327941383,,
0,2,0.046356113627552986,32,7.065647792084478,0.6937118365749555,,
0,3,0.03573784418404102,32,6.37911275662776,0.8564926221207019,,
0,4,0.052109599113464355,32,6.144132312835131,0.7832793912472926,,
0,5,0.04089471139013767,32,5.600473736475367,0.9655167437432794,,
0,6,0.050363512709736824,32,6.122649661402081,0.8066808983912512,,
0,7,0.06630929559469223,32,5.594666907216031,0.68142749982899,,
0,8,0.07594856433570385,32,5.340410288837596,0.6263634275229499,,
0,9,0.03869902901351452,32,5.173516529044438,0.7607413988127245,,
0,10,0.0676845870912075,32,5.137040257452641,0.8051769930073922,,
0,11,0.09406082332134247,32,5.360388228287298,0.5849340914260441,,
0,12,0.14471296221017838,32,5.255651251158303,0.42942481773917685,,
0,13,0.1967494823038578,32,5.399714096592869,0.5152669760742707,,
0,14,0.1478047240525484,32,5.556240931176684,0.7768272901501847,,
0,15,0.0943996999412775,32,5.189356826662149,1.1382766849466552,,
0,16,0.0579465851187706,32,5.19757355926214,1.0154692532474172,,
0,17,0.09173974581062794,32,5.925380168457865,0.8733669329646752,,
0,18,0.10408477671444416,32,6.691288694165615,0.7004234261875881,,
0,19,0.09371786378324032,32,6.828639216873918,0.7656588604391574,,
0,20,0.12443861365318298,32,6.682007647202161,0.8600620827961558,,
0,21,0.10220178216695786,32,6.0308749660806535,1.1620253334224904,,
0,22,0.1374096665531397,32,6.299868593015082,1.046775394730294,,
0,23,0.10547538846731186,32,6.736130830176714,0.900916935915367,,
0,24,0.10293596424162388,32,6.408273285790918,1.049154462947281,,
0,25,0.0856246892362833,32,6.248878630256128,1.1965422104425931,,
0,26,0.10231771506369114,32,5.614605713086497,1.1767239244505117,,
0,27,0.07985871285200119,32,6.494751225525779,0.9345638412852422,,
0,28,0.09403690882027149,32,6.224415856818348,1.0954790036247282,,
0,29,0.06926842965185642,32,6.605402656812906,0.8694846256369084,,
0,30,0.17903839610517025,32,6.36616585519892,1.0805333242226425,,
0,31,0.07345188036561012,32,6.889067798315849,0.9176186111393365,,
1,0,0.33285682275891304,32,6.606171933200182,0.8651999385961098,0.35395789408236944,
1,1,0.09038332477211952,32,6.983161803887279,0.9175457714306923,0.37061987580595335,
1,2,0.05711442045867443,32,6.364719471204599,1.129743234188605,0.4975555285592349,
1,3,0.04570064879953861,32,7.019877360526946,0.7306581614778045,0.3926704724369858,
1,4,0.08149207942187786,32,6.5465457129547,0.9187591160780979,0.35291417177572015,
1,5,0.1025424487888813,32,6.016191320974223,1.117258429716384,0.47391261608218277,
1,6,0.06504730693995953,32,6.067548024549484,0.8624744630515799,0.34115399868831797,
1,7,0.09194560535252094,32,6.020199268408607,0.6820938614433656,0.3553513340664645,
1,8,0.08044557273387909,32,5.980638470974299,0.7177736801427361,0.32649230857347183,
1,9,0.061180371791124344,32,5.815507642649249,0.8265624026118532,0.3044871314014328,
1,10,0.13140720129013062,32,5.7183141543291605,0.9326980046253759,0.42437324839227386,
1,11,0.1910117156803608,32,6.325725516062001,0.5957015850592375,0.4134694202137883,
1,12,0.16830403730273247,32,5.740163835888453,0.44261261848323663,0.30054254945683656,
1,13,0.27821193262934685,32,6.100343206107552,0.5400716192632151,0.3499129784960855,
1,14,0.23674690164625645,32,5.412877166884915,0.9718463118172256,0.37685358838989375,
1,15,0.2030682023614645,32,5.8659757940947905,1.1878193825382173,0.5100521384611649,
1,16,0.1603846736252308,32,5.6780597364989225,1.0036247661675342,0.4652873736567206,
1,17,0.16154387965798378,32,6.250429496096631,0.9816890290850075,0.368913615592656,
1,18,0.11759929545223713,32,6.478145829740207,0.7490140614389542,0.33305521343347605,
1,19,0.10361909866333008,32,6.580033971307797,0.868797544121044,0.344167740170098,
1,20,0.1289913821965456,32,6.354174438588904,0.9720623906826917,0.37767780271979645,
1,21,0.11924931406974792,32,5.857244700549767,1.1485377147990263,0.38697840996425337,
1,22,0.13233394362032413,32,6.113656540730036,0.9182264433497993,0.4123938453695991,
1,23,0.09732549078762531,32,6.248532398805974,0.9432015964494935,0.438822302641068,
1,24,0.07826308906078339,32,6.225770395767296,0.9681987805965706,0.40940324944626677,
1,25,0.0400608591735363,32,6.191316653555887,1.1836603034792192,0.3740886339878283,
1,26,0.1040665041655302,32,5.733745687578205,1.0438562157757136,0.4696547502722961,
1,27,0.10684059374034405,32,5.9397082444313645,1.0624516984813086,0.43806466696314267,
1,28,0.0888585802167654,32,6.452382505616157,0.8501470260754207,0.4468414066381745,
1,29,0.06191883236169815,32,6.146962930202173,0.9918832093467103,0.41309471470203313,
1,30,0.14766398817300797,32,6.276823676866824,0.8923577915890881,0.4600417622316292,
1,31,0.07354132831096649,32,6.688773513970694,0.9643424169875034,0.4286601141030082,
2,0,0.3003334626555443,32,6.331944581532217,0.8609948708523065,0.2508878750291591,0.35395789408236944
2,1,0.06998798623681068,32,6.847591325499562,0.8846538359152136,0.3773854975142572,0.37061987580595335
2,2,0.08561631478369236,32,6.163742205725435,1.2119521966980722,0.4992569575269387,0.4975555285592349
2,3,0.07384009473025799,32,7.063473693517492,0.7660665612276345,0.3816984281816184,0.3926704724369858
2,4,0.087449437007308,32,6.944178189934183,0.8077321548464891,0.40110197846512896,0.35291417177572015
2,5,0.24314939603209496,32,5.876334374081996,1.2474024371264525,0.43181819520998943,0.47391261608218277
2,6,0.17582195810973644,32,6.58997448603233,0.9867212408250259,0.5111490540227791,0.34115399868831797
2,7,0.28424961492419243,32,6.50603669535848,0.9326998897368046,0.5414996290513088,0.3553513340664645
2,8,0.3361308444291353,32,6.54747469219744,0.9340689033327987,0.5579250058166881,0.32649230857347183
2,9,0.27815987169742584,32,6.31981831240151,0.9574176804822345,0.44001250790223667,0.3044871314014328
2,10,0.3150045219808817,32,5.713236448971033,1.11202281879243,0.46569145929086814,0.42437324839227386
2,11,0.33358242735266685,32,5.992565533882412,0.8756491774237256,0.38031669242045363,0.4134694202137883
2,12,0.28952133283019066,32,6.239916040807012,0.5508814556181676,0.3224301514283786,0.30054254945683656
2,13,0.26226685754954815,32,6.200599029376609,0.6662215236751718,0.31649157837055863,0.3499129784960855
2,14,0.34567537158727646,32,5.764728908639126,1.0679174322260767,0.4262328525092489,0.37685358838989375
2,15,0.16759483888745308,32,6.070116521362911,1.0849277535359754,0.38640453299401,0.5100521384611649
2,16,0.17686202377080917,32,6.107638072855716,0.9631094023979072,0.4022195659438563,0.4652873736567206
2,17,0.2228919379413128,32,6.3552250533417745,0.9606629723811793,0.3263733853264835,0.368913615592656
2,18,0.1650825422257185,32,6.645204497914319,0.769917666334698,0.36325566979510004,0.33305521343347605
2,19,0.11384193226695061,32,6.800811424986907,0.8287409740483511,0.3609137949436334,0.344167740170098
2,20,0.19005812518298626,32,6.483199314850826,1.0191370514719056,0.42440411771764286,0.37767780271979645
2,21,0.18196066468954086,32,6.055175594892577,1.205962420410386,0.4217379735235103,0.38697840996425337
2,22,0.13892406411468983,32,6.402266919720641,0.9502701596629839,0.425154331968441,0.4123938453695991
2,23,0.09489735960960388,32,6.597906202264237,0.9358622589183749,0.4421823840869648,0.438822302641068
2,24,0.0884401723742485,32,6.5715150706673375,0.9845806639924453,0.4379915364470659,0.40940324944626677
2,25,0.10614409670233727,32,6.076526235178229,1.3414415544439633,0.38178131837630025,0.3740886339878283
2,26,0.10262247547507286,32,6.102714795975387,1.06082669700342,0.428259157564125,0.4696547502722961
2,27,0.1021608617156744,32,6.395396636714558,1.0260530606590734,0.4424887537207981,0.43806466696314267
2,28,0.10648924112319946,32,6.86533844235975,0.781653401575662,0.397640421496129,0.4468414066381745
2,29,0.07409080676734447,32,6.57817704312176,0.8756346404185091,0.3715794157619888,0.41309471470203313
2,30,0.18552547879517078,32,6.5336341311107295,0.9153301873487383,0.45598091995990486,0.4600417622316292
2,31,0.07542872056365013,32,6.93758369381388,0.8978090824022571,0.3839808607405652,0.4286601141030082
3,0,0.38515522703528404,32,6.605975488622954,0.8499895478051132,0.2463641371078099,0.30242288455576427
3,1,0.07634160108864307,32,6.943567193632867,0.9160921433675453,0.4320768059517648,0.3740026866601053
3,2,0.07971333153545856,32,6.242153757928666,1.2218281222971559,0.5322455517980836,0.4984062430430868
3,3,0.08576299622654915,32,7.170688182370476,0.733085188179099,0.34082160304716747,0.3871844503093021
3,4,0.11041784472763538,32,6.956559195294073,0.8442321926237764,0.32828521499753044,0.37700807512042456
3,5,0.20333208329975605,32,6.375789293438009,1.1431605774183016,0.4443501438425679,0.4528654056460861
3,6,0.17109061405062675,32,6.5981507069152165,0.9879099399564693,0.3896408199744602,0.42615152635554854
3,7,0.25080015510320663,32,6.727218191249217,0.7497318302769882,0.35734366520711636,0.4484254815588866
3,8,0.253956101834774,32,6.688853067310312,0.8756825342587762,0.3478467992658397,0.44220865719507996
3,9,0.22954915463924408,32,6.2931620092862,0.9107394122123784,0.30249035799667146,0.37224981965183473
3,10,0.23899533040821552,32,5.948594943662187,0.9684107006699199,0.3861594344950587,0.445032353841571
3,11,0.3017067089676857,32,6.22132011294551,0.7873003654964199,0.37743804467852105,0.39689305631712096
3,12,0.17582391761243343,32,6.638177705175589,0.4858448988730908,0.24892698270046568,0.3114863504426076
3,13,0.3870100397616625,32,6.346979032775825,0.7048574700507482,0.32749939640184345,0.33320227843332206
3,14,0.3271242920309305,32,5.994720289525209,0.9882592937241004,0.40700501768014363,0.40154322044957136
3,15,0.16766828298568726,32,6.134547978908115,1.1634107780495562,0.4053038642837018,0.44822833572758747
3,16,0.15323828905820847,32,5.82936163785692,1.043249314141753,0.41478568087369266,0.4337534698002885
3,17,0.21158315800130367,32,6.195383936958287,1.0634675354000844,0.35196447324027674,0.34764350045956977
3,18,0.1415865682065487,32,6.84182464825108,0.7696617355703559,0.359931552744815,0.348155441614288
3,19,0.0908005852252245,32,6.918598932068273,0.8891612477753945,0.3532210686909064,0.3525407675568657
3,20,0.23954587802290916,32,6.581509045193808,1.0599000120543725,0.4438906666469534,0.40104096021871966
3,21,0.14315841160714626,32,6.320139992815054,1.1858324839318035,0.4394824090343523,0.4043581917438818
3,22,0.15430048294365406,32,6.440809910766235,1.0137873953177063,0.4454673753729683,0.41877408866902005
3,23,0.06964604556560516,32,6.683839843115261,0.9784439782894987,0.40279120566476667,0.4405023433640164
3,24,0.07870415784418583,32,6.553639040145319,1.0752019779266533,0.43384343950280324,0.4236973929466663
3,25,0.06835388578474522,32,6.05416607482978,1.3265976698851265,0.40083315081652715,0.3779349761820643
3,26,0.07616978138685226,32,5.813414531258694,1.2147654719257215,0.4630324432864805,0.44895695391821056
3,27,0.07182554714381695,32,6.804422152235402,0.9053668153613454,0.43022504950541773,0.44027671034197036
3,28,0.10273973271250725,32,6.6349333656008955,0.9893758573225968,0.3930529652975707,0.42224091406715175
3,29,0.05890442430973053,32,6.547994145114045,0.972273712940777,0.3681872299661979,0.39233706523201095
3,30,0.1225920282304287,32,6.486190618319739,1.1152610420310882,0.4476627885624914,0.458011341095767
3,31,0.04675940051674843,32,6.957243885165267,0.9512840407762617,0.380263636839714,0.4063204874217867
4,0,0.35345597192645073,32,6.593652838211127,0.8941048472674593,0.2174843672906273,0.2508878750291591
4,1,0.061877887696027756,32,6.8170533053386,1.047377782247306,0.3573293529857232,0.3773854975142572
4,2,0.09225097857415676,32,6.222646937383248,1.2595436432155456,0.5050679527892178,0.4992569575269387
4,3,0.08090706169605255,32,7.268966232654253,0.7129527340729771,0.3232528355271565,0.3816984281816184
4,4,0.13027246110141277,32,6.911047344441245,0.8887560330757687,0.3429459254033457,0.35291417177572015
4,5,0.19447391666471958,32,6.3781857368349515,1.093534419910946,0.35395804277090404,0.4443501438425679
4,6,0.11924281530082226,32,6.481804863744722,0.8791901380767868,0.3890603042241608,0.3896408199744602
4,7,0.15055765211582184,32,6.504969485169126,0.736334868310359,0.4067026503549759,0.35734366520711636
4,8,0.15260485000908375,32,6.513466595411174,0.7988934432656709,0.35359987928068054,0.3478467992658397
4,9,0.1339668482542038,32,6.213043895280527,0.8606516012567953,0.30439655254490494,0.3044871314014328
4,10,0.22426242008805275,32,6.36005016133805,0.8780865294349294,0.38098719079632604,0.42437324839227386
4,11,0.3138801343739033,32,6.510760307054918,0.6745055620338629,0.3751147864361279,0.38031669242045363
4,12,0.21928481943905354,32,6.491748683086167,0.5251960544887044,0.2786742355347181,0.30054254945683656
4,13,0.5643471572548151,32,6.727473237307818,0.7018887637024562,0.4035124908346449,0.32749939640184345
4,14,0.48070515878498554,32,6.027174219688616,1.1181458821693804,0.38335891641853104,0.40700501768014363
4,15,0.2806798443198204,32,6.324384340406498,1.095383657420646,0.380268269059458,0.4053038642837018
4,16,0.2562646362930536,32,6.012973485387356,1.2172597132078788,0.44668986168446567,0.41478568087369266
4,17,0.3233732935041189,32,6.433832118567889,1.041901312355077,0.3717996397159251,0.35196447324027674
4,18,0.19027463719248772,32,6.77741846388987,0.7603023331915688,0.3029216223229907,0.359931552744815
4,19,0.15412067994475365,32,6.9425099175923,0.8356423380374602,0.3098428004525364,0.3532210686909064
4,20,0.32787982001900673,32,6.120793527194339,1.13695561720594,0.37877730931492704,0.42440411771764286
4,21,0.21513810753822327,32,6.246346617097196,1.2893292565856909,0.3438087540135889,0.4217379735235103
4,22,0.2330119740217924,32,6.319824822235289,1.0012607974818222,0.34165811770858584,0.425154331968441
4,23,0.13808511197566986,32,6.634141111439627,0.9729808797498594,0.3121418521502893,0.438822302641068
4,24,0.16541853733360767,32,6.368128683544685,1.1804006129510345,0.301611841819866,0.43384343950280324
4,25,0.13587015680968761,32,5.986689043022961,1.417314446541111,0.31354823373695695,0.38178131837630025
4,26,0.15638966858386993,32,6.057760836422943,1.1588502595701389,0.33355090634499696,0.4630324432864805
4,27,0.15887724608182907,32,6.58327590477516,1.0100016607074345,0.31969445360004023,0.43806466696314267
4,28,0.14745349436998367,32,6.773801633836777,0.930838817171316,0.3312395353810198,0.397640421496129
4,29,0.07697337865829468,32,6.663949679955617,0.9365376869312234,0.28761876929917607,0.3715794157619888
4,30,0.20292707905173302,32,6.212143900188179,1.2051064206707345,0.32240209031591477,0.45598091995990486
4,31,0.07600797899067402,32,6.924290174417803,0.97456223344735,0.2908605065214319,0.3839808607405652
5,0,0.35313278436660767,32,6.545951630420407,0.898865346589691,0.15348033073017234,0.2486260060684845
5,1,0.04432009160518646,32,6.929548773165332,0.8813286984206821,0.3029313109229618,0.3740026866601053
5,2,0.044646527618169785,32,6.974238567924136,0.9015306883448426,0.4303740648047051,0.5021624551580782
5,3,0.06499744020402431,32,7.1728692409912345,0.8189888299915911,0.3043419361600488,0.3612600156143929
5,4,0.10646581090986729,32,7.160364474192084,0.8173560818103764,0.33627784352900847,0.3479300485895329
5,5,0.2179683856666088,32,6.609149021301695,1.0828623288926522,0.3966786261515679,0.43808416952627866
5,6,0.17557192780077457,32,7.092594910962425,0.879935632316748,0.518892281748775,0.3893505620993105
5,7,0.25390429235994816,32,6.903816343249989,0.765509914309157,0.5448783792864502,0.3820231577810461
5,8,0.36366702802479267,32,6.775338669857595,0.9344930256917685,0.5758581076406901,0.35072333927326016
5,9,0.36297877319157124,32,6.742336397341691,0.9120619670881869,0.5443378311309626,0.30444184197316887
5,10,0.3800692278891802,32,6.416307031145569,0.9821454918770662,0.529789013225086,0.40526634144366624
5,11,0.40890162251889706,32,6.388705839289135,0.8496426390402778,0.36548395815484536,0.37887736854948734
5,12,0.2372342962771654,32,6.594071634047172,0.5369509936756645,0.2456539186579479,0.2896083924957773
5,13,0.5830017831176519,32,6.440653522638424,0.8460621195059224,0.29349254062005814,0.33870618744896447
5,14,0.49796500243246555,32,5.807551940539787,1.2368481776100175,0.4379801506342811,0.39518196704933733
5,15,0.29180915653705597,32,6.404924422114398,1.0633791507672754,0.28594695205708887,0.3958541986388559
5,16,0.24025602638721466,32,6.166752272673151,1.1519170487058457,0.2812624341245199,0.4307377712790792
5,17,0.31012989953160286,32,6.515506080546043,0.9777624176892745,0.22814545956889998,0.36043904441646635
5,18,0.1903711948543787,32,6.764139684302782,0.7716145229752325,0.23126072034654815,0.3464933830891455
5,19,0.15190105512738228,32,6.883036991009576,0.880295732700751,0.24210578300720856,0.3486944044305022
5,20,0.278538366779685,32,6.264370527982448,1.0994537231046078,0.26830611617898226,0.40159071351628495
5,21,0.13912890292704105,32,6.491309853818654,1.1457810482696429,0.30035618527776997,0.4043581917438818
5,22,0.16202716156840324,32,6.588272190361064,0.9602450271824354,0.2794465934515403,0.41877408866902005
5,23,0.08421516045928001,32,6.698094916526445,0.9753738643243857,0.27669906613435946,0.42080675415291735
5,24,0.09931290335953236,32,6.640062078116617,1.0576956803011193,0.26782173016168065,0.421623344474535
5,25,0.08493470959365368,32,6.256475834083535,1.2592806604347198,0.2874137196709645,0.3779349761820643
5,26,0.08426370471715927,32,6.3177084878662875,1.0095995388565813,0.2744449650062155,0.4456458004253028
5,27,0.08273184485733509,32,6.736638176803565,0.9428788312013143,0.263711059332177,0.4341448582342802
5,28,0.0899424459785223,32,6.839313004737742,0.8760584452584821,0.29205614343104913,0.39534669339684986
5,29,0.04872952774167061,32,6.649734636864508,0.972823060737241,0.25641763563994024,0.3698833228640933
5,30,0.13955077901482582,32,6.34070810492679,1.0840096763916494,0.26707890250585464,0.45182185426119814
5,31,0.07200149819254875,32,6.989058329289994,0.950332315224677,0.2848835717582004,0.38212224879013956
6,0,0.3059437610208988,32,6.5788615954361465,0.844614254672365,0.1904407138445954,0.2463641371078099
6,1,0.059663377702236176,32,7.004860012475422,0.7918438577633902,0.2487674252031128,0.37061987580595335
6,2,0.04244270175695419,32,6.545569954471091,1.0787096030873258,0.34965829604720333,0.4992569575269387
6,3,0.05257599800825119,32,7.251328797615663,0.7312917146047058,0.24051088364422318,0.34082160304716747
6,4,0.09102257341146469,32,7.08341083289934,0.9157523520807365,0.23256494822001095,0.3429459254033457
6,5,0.18145549483597279,32,6.8193799943851,1.0017620523201671,0.2655383531660486,0.43181819520998943
6,6,0.15106785111129284,32,7.041033610081757,0.9055281152004122,0.2134468675195461,0.3896408199744602
6,7,0.22435912676155567,32,6.8951868226740665,0.7846893156123063,0.2506828704590665,0.4067026503549759
6,8,0.32805866561830044,32,6.753797081499062,0.905772151263645,0.28155280730105897,0.35359987928068054
6,9,0.3398410901427269,32,6.687775073091146,0.8949539923604064,0.2660607944779763,0.3044871314014328
6,10,0.32895314134657383,32,6.356615832627982,0.9916595493144129,0.29154858807757855,0.42437324839227386
6,11,0.41706052981317043,32,6.43019645905158,0.879374171324379,0.2579783083219153,0.37743804467852105
6,12,0.24887359142303467,32,6.758105388876107,0.5228579275285927,0.1718271818159946,0.2786742355347181
6,13,0.5559331085532904,32,6.356874307258575,0.7961154562522754,0.2656645204747987,0.32749939640184345
6,14,0.49402635358273983,32,5.567676372806302,1.2084274198204827,0.2854754018334858,0.40700501768014363
6,15,0.30621946044266224,32,6.467977634929979,0.9644706800273761,0.2837778730260262,0.38640453299401
6,16,0.24470975436270237,32,5.994255760868265,1.087325299194216,0.25448128525983965,0.41478568087369266
6,17,0.27922141924500465,32,6.413014196928218,0.9501894753618627,0.24922316563914043,0.35196447324027674
6,18,0.21551693603396416,32,6.578798310431706,0.7727795755782676,0.22036917527612482,0.33305521343347605
6,19,0.183476272970438,32,6.530381397967478,0.9329377019993199,0.2665656030287367,0.344167740170098
6,20,0.29321009665727615,32,5.888980472215026,1.112684925030977,0.2782530249576756,0.37877730931492704
6,21,0.20816830173134804,32,6.439619001829624,1.1146848401477394,0.34511746638766055,0.38697840996425337
6,22,0.2128490637987852,32,6.072523361106333,1.0011877396492768,0.3134869783909592,0.4123938453695991
6,23,0.15870283357799053,32,6.418944469778329,1.0187017409055796,0.34909161889551676,0.40279120566476667
6,24,0.17197213135659695,32,5.92629075143093,1.2274551882782614,0.3524428764598265,0.40940324944626677
6,25,0.11032267473638058,32,6.001329649046918,1.4149808391175664,0.35402696102053055,0.3740886339878283
6,26,0.1431795358657837,32,6.064191466123729,1.1028394848636918,0.30828110351216476,0.428259157564125
6,27,0.15552128665149212,32,6.260962639948635,1.0791426993492523,0.31560453188046006,0.43022504950541773
6,28,0.1173736322671175,32,6.822414307180688,0.8732523574708448,0.31078109086705363,0.3930529652975707
6,29,0.06819010898470879,32,6.691456612179806,0.9116748508974286,0.2711861319177193,0.3681872299661979
6,30,0.18671092577278614,32,6.176258363010123,1.1415229436271233,0.29316734892792695,0.4476627885624914
6,31,0.08434196189045906,32,7.013468673837343,0.9646709818670685,0.3265145647223693,0.380263636839714
7,0,0.3759083915501833,32,6.634660106425101,0.7980439880293115,0.22825238562779754,0.2319242521992186
7,1,0.07709146291017532,32,6.821672249412616,0.8875347216239877,0.37119659437790686,0.3639746143958383
7,2,0.06092569977045059,32,6.144596140330199,1.2425559222391733,0.48433597158271374,0.4984062430430868
7,3,0.0744221918284893,32,7.262810412780324,0.7335344300988869,0.31659108303600425,0.332037219287162
7,4,0.08513972535729408,32,7.059085096551885,0.8675137048599817,0.3218781802745362,0.33961188446617707
7,5,0.13369610160589218,32,6.646089069110111,1.0420710335691918,0.3625796198500104,0.41424841068077867
7,6,0.10757541842758656,32,6.887640126745612,0.9677490523762948,0.36072083753892503,0.3893505620993105
7,7,0.18174598179757595,32,6.710096674316642,0.8583227118664389,0.33684984131292195,0.3820231577810461
7,8,0.3687878120690584,32,6.082610301188196,1.1847109572233787,0.35011280462859545,0.35072333927326016
7,9,0.3940132800489664,32,6.3539991817905666,1.0856480585518398,0.3911763307674351,0.30444184197316887
7,10,0.36695950105786324,32,5.620296486464019,1.1431975077768843,0.43468428152331806,0.40526634144366624
7,11,0.3242631033062935,32,6.200955130258806,1.0374566501155007,0.3356114437831934,0.3762764155573245
7,12,0.23025643825531006,32,6.992121278873439,0.591191927779084,0.24742740699456894,0.2638006091175919
7,13,0.5586341451853514,32,5.686424355005389,0.97547429420794,0.3366867599881095,0.32199548738620104
7,14,0.5096816550940275,32,5.355816906777301,1.136375442537073,0.3698825389329604,0.39518196704933733
7,15,0.3030738066881895,32,6.130580821882798,1.0724896669057005,0.35062417380836364,0.383336401026734
7,16,0.1968672163784504,32,6.0644306678683035,1.068471438712364,0.34413768235901576,0.4085026234087745
7,17,0.22517397440969944,32,6.50107153738611,0.8787188421252088,0.2935037905801564,0.33916892928338016
7,18,0.1783506702631712,32,6.454280609803405,0.7997118371367726,0.268142368208881,0.3179884178782334
7,19,0.1515591014176607,32,6.641928407862569,0.8815973521455227,0.31993540430169026,0.3270052703113172
7,20,0.26801573112607,32,6.022934625686985,1.076127135814196,0.384668884704987,0.37822755601736174
7,21,0.12646972574293613,32,6.429679937184465,1.0062394350730495,0.3761185391680782,0.36604793817595693
7,22,0.16782199405133724,32,6.124537198141631,1.0033043883571668,0.34647322613870923,0.3770259815390925
7,23,0.1202019639313221,32,6.592947111699139,0.8904358364247562,0.3349961020431081,0.3759414122801417
7,24,0.13220120407640934,32,6.3279791582300335,1.0439514652323147,0.36055335828019763,0.3809230629530467
7,25,0.09462666139006615,32,6.2191937982673045,1.2035091195982757,0.38452895007089066,0.36405779750417944
7,26,0.09781729616224766,32,6.179763844319829,1.0419326176137211,0.3615498301593326,0.380905031954561
7,27,0.131023608148098,32,6.464503054426219,0.9682444500899026,0.3746231243403419,0.374959751552729
7,28,0.12318520061671734,32,6.610151398489639,0.9784074449940512,0.3339214949114504,0.36214625033929526
7,29,0.07441952638328075,32,6.688531277744505,0.9183551352568342,0.3245084972976786,0.327902999632687
7,30,0.19281191751360893,32,6.313312246966867,0.974334239923575,0.39520145521604577,0.38503243943920307
7,31,0.10039586946368217,32,7.118826825480686,0.8731666359778272,0.3304135601282253,0.35338910078104163
8,0,0.31962281093001366,32,6.577981703894384,0.8470429227166241,0.2391988104943666,0.22825238562779754
8,1,0.05607646144926548,32,6.725973627752514,0.9421690084741785,0.34254295615305935,0.37061987580595335
8,2,0.08444670587778091,32,6.222164397874703,1.2300995954476974,0.47815754424868445,0.4975555285592349
8,3,0.057294877246022224,32,7.206584463640544,0.8399199011998544,0.37568521565702684,0.3232528355271565
8,4,0.11009485088288784,32,6.870819851835087,0.9908314278480983,0.39773171576596755,0.33627784352900847
8,5,0.1943958681076765,32,6.335333949740091,1.1394282547908379,0.3799085468395116,0.3966786261515679
8,6,0.17600601352751255,32,6.693802001554333,1.093266553391163,0.3945566018571838,0.3890603042241608
8,7,0.23059404455125332,32,6.699656746926517,0.9926682233912301,0.42551937297864384,0.35734366520711636
8,8,0.32532096467912197,32,6.339271891486634,1.1259533941486168,0.5090844412234496,0.35011280462859545
8,9,0.28305140137672424,32,6.258030711935835,1.1444376853150002,0.5207606223385659,0.3044871314014328
8,10,0.35716186836361885,32,5.939862764375129,1.2419851290502644,0.5478796905101232,0.42437324839227386
8,11,0.30886067636311054,32,6.027317383448235,1.0464726223442131,0.4340727827417171,0.3751147864361279
8,12,0.1752157211303711,32,6.727743002062235,0.5704302311335114,0.2957752317757979,0.24892698270046568
8,13,0.45312860421836376,32,6.126265796437961,0.8264899811916528,0.3565438661791737,0.32749939640184345
8,14,0.3956448584794998,32,5.72074136118956,1.1124364351891431,0.4129626640853379,0.38335891641853104
8,15,0.2503545545041561,32,6.299733334809707,1.0683692247531411,0.3420522334031013,0.380268269059458
8,16,0.2730127703398466,32,5.7158513850955845,1.201432615193001,0.37595723331602693,0.4022195659438563
8,17,0.2037262599915266,32,6.63685576960845,0.8380769684169209,0.27259154980190636,0.3263733853264835
8,18,0.1802639625966549,32,6.642868569204445,0.8017116696801336,0.3030796071715348,0.3029216223229907
8,19,0.1438940055668354,32,6.816939827864125,0.8249473686575062,0.3013911013840334,0.31993540430169026
8,20,0.29633354023098946,32,6.031096763855736,1.0411503743646637,0.40497081859309525,0.37877730931492704
8,21,0.13998160138726234,32,6.573525223966788,0.9968251165697701,0.33719373239220696,0.3761185391680782
8,22,0.18485810235142708,32,6.25801325029453,0.9738071431807169,0.3294523078755055,0.34647322613870923
8,23,0.11920274421572685,32,6.651079312894129,0.9327936804765686,0.3030877686387487,0.34909161889551676
8,24,0.1212499588727951,32,6.245781600413228,1.1350476890083998,0.32921561451008813,0.36055335828019763
8,25,0.08630638010799885,32,6.1009170512962445,1.2864091308136079,0.34299721909809733,0.3740886339878283
8,26,0.13337242603302002,32,6.139097800466102,1.0911805077123526,0.3295086874140609,0.3615498301593326
8,27,0.12384474463760853,32,6.264211155681661,1.1078617960952135,0.3628010496778029,0.3746231243403419
8,28,0.10748309828341007,32,6.957728807224884,0.82640418931783,0.32470734234083226,0.3339214949114504
8,29,0.05404208041727543,32,6.751754640283446,0.8744415215796346,0.2988697566208871,0.3245084972976786
8,30,0.17452181689441204,32,6.449135592862845,1.0300044822089927,0.3312864276553152,0.39520145521604577
8,31,0.06377224437892437,32,6.96095929584117,0.9732997000957573,0.3249104143594637,0.3304135601282253
9,0,0.37195095233619213,32,6.64563414174106,0.854612375856938,0.2250991401778944,0.23372559806108206
9,1,0.06157330423593521,32,6.9220765814894705,0.8820818490121978,0.3845715033793307,0.3639746143958383
9,2,0.08205847814679146,32,6.145405400116289,1.111350728975765,0.5066044137630494,0.4909457500709743
9,3,0.08145563676953316,32,7.269259027848768,0.7355249371570496,0.3572194216327173,0.332037219287162
9,4,0.1254563182592392,32,6.937661090437164,0.9641365585403516,0.34535190039671426,0.33961188446617707
9,5,0.22402499429881573,32,6.257355422470791,1.21964907140765,0.4382619031338076,0.38829358649553974
9,6,0.13444996066391468,32,6.336961686693899,1.042910296495326,0.49610099404327684,0.3893505620993105
9,7,0.1156550794839859,32,5.8259834795972445,0.7523974216958127,0.5343673403471647,0.3820231577810461
9,8,0.1688664425164461,32,5.984775436797117,0.7852544077183579,0.5470407034099798,0.351856341954638
9,9,0.08477330580353737,32,5.598646427671923,0.8723218638142587,0.5306112021343012,0.34783173108443394
9,10,0.15499413572251797,32,5.457084899246803,0.9985403984738017,0.5789523070332936,0.42952876495779596
9,11,0.1815077867358923,32,5.470410546705654,0.7517940604682671,0.48913124691891463,0.3762764155573245
9,12,0.1695738136768341,32,5.709248635885739,0.6006965709282035,0.37616499639998313,0.2638006091175919
9,13,0.3689266685396433,32,5.568974486561448,0.6692500829802697,0.5710067367368716,0.33209307819497647
9,14,0.3051878288388252,32,5.709962755552299,1.0440894317482705,0.5623367863485993,0.39518196704933733
9,15,0.20982479862868786,32,5.878256864020395,1.2206127983565436,0.5574550440410002,0.3654462214339108
9,16,0.19400636479258537,32,6.018062351145149,1.197653575047008,0.5791428271647366,0.38908839962994163
9,17,0.12741216458380222,32,6.687846295253664,0.8820908510752243,0.47771807133900823,0.30993858795331997
9,18,0.12009694240987301,32,7.08299527028968,0.7212311835476761,0.40512666361804184,0.30300061474726275
9,19,0.09627674892544746,32,7.104269545832778,0.7629500432283516,0.3885289978925221,0.3148891023771133
9,20,0.1670855600386858,32,6.376712513739823,1.1249540490496361,0.4134866382543836,0.381723097009957
9,21,0.08061549998819828,32,6.616332809088667,1.1125492211875088,0.4339811025421109,0.3606180027778694
9,22,0.0946203637868166,32,6.2835716965029915,1.016119873474575,0.3215248902202752,0.34406567192364756
9,23,0.032043928280472755,32,6.575643012850013,0.9828983798219619,0.29887917494918576,0.34204386046931246
9,24,0.039972275495529175,32,5.932250302042095,1.1490152521108117,0.3040165561951177,0.3564981173700121
9,25,0.02685452066361904,32,5.895191967067442,1.233450355730442,0.35845318245864377,0.36405779750417944
9,26,0.09532221779227257,32,5.455532900014209,1.2719483572146402,0.36969189942062586,0.3475503682521648
9,27,0.14329908415675163,32,5.373684853350713,1.3409882898748542,0.4052794514919025,0.36871208700907243
9,28,0.04790196008980274,32,6.3149034480451345,1.0291400883749526,0.4037484721448473,0.3325805151462351
9,29,0.05161242187023163,32,6.069022412588411,1.1396240907733715,0.3800029606108664,0.31168912695928286
9,30,0.16385871917009354,32,5.234403431343345,1.2830346421238321,0.5167478755995154,0.3632439414356805
9,31,0.0449529942125082,32,6.401233171896113,1.1523387223902866,0.4414022637279881,0.3284640624252973
10,0,0.34704286232590675,32,6.763195684106838,0.749524579063884,0.2180295074297144,0.22825238562779754
10,1,0.07693210989236832,32,7.0617423600708324,0.7897421762051202,0.2386532246405427,0.37061987580595335
10,2,0.06416621245443821,32,6.271263068364577,1.1185654039154382,0.38319694964686657,0.4975555285592349
10,3,0.06533041782677174,32,7.247884947047676,0.7229828418302224,0.2420971845968078,0.34082160304716747
10,4,0.0895963478833437,32,7.019349225049968,0.8565147660453363,0.3130950883268885,0.3429459254033457
10,5,0.15607768669724464,32,6.419234706117534,1.1084817115115824,0.4339847004192605,0.3966786261515679
10,6,0.1312541365623474,32,6.849528078687608,1.0514019134371901,0.601664503663907,0.3896408199744602
10,7,0.19154243357479572,32,6.681893856455902,0.8673798884484629,0.6949148317883093,0.4067026503549759
10,8,0.39203473925590515,32,6.346942255157586,1.0940543527605433,0.74573084739998,0.35359987928068054
10,9,0.371996046975255,32,6.31330875782721,1.102606931571425,0.7400126962853549,0.3911763307674351
10,10,0.3653608951717615,32,5.758344340067737,1.1680715525293008,0.8061679101470797,0.43468428152331806
10,11,0.35659010149538517,32,6.4350513939662,1.0353564375097992,0.7235027946115042,0.37743804467852105
10,12,0.1529799997806549,32,7.063781258461621,0.6401198834063191,0.6181234545087586,0.2786742355347181
10,13,0.46459035761654377,32,5.317351079540193,0.9438042021384421,0.8109582110552578,0.3366867599881095
10,14,0.43894626200199127,32,5.193970671288633,1.1349718758547,0.7376674250530335,0.40700501768014363
10,15,0.29477004893124104,32,5.801505364593524,1.156049039837356,0.655747040619947,0.380268269059458
10,16,0.2666161060333252,32,5.5826332602959985,1.2055875918098105,0.5644013570142179,0.4022195659438563
10,17,0.22740617766976357,32,6.6451876866038475,0.8502830711230311,0.4805586641477998,0.3263733853264835
10,18,0.1850786730647087,32,6.571129386666083,0.774837612919363,0.43252656849996163,0.3030796071715348
10,19,0.15502903424203396,32,6.503409527803814,0.9531514232558385,0.44939952804272976,0.31993540430169026
10,20,0.2677112575620413,32,5.71371159225966,1.1989823936179889,0.5390123299387972,0.384668884704987
10,21,0.19222496822476387,32,6.276526520433464,1.1088371293004755,0.47712685564994,0.3761185391680782
10,22,0.1653389409184456,32,6.179786996789696,0.9833935076579863,0.41292167539113644,0.34165811770858584
10,23,0.15313253179192543,32,6.287974407451433,1.0546003983423207,0.39875609910205434,0.3349961020431081
10,24,0.12697606906294823,32,6.139225394234693,1.1629714489449503,0.40788671392160536,0.3524428764598265
10,25,0.09043494425714016,32,5.958085993704347,1.3870047832481456,0.44117502357970906,0.35845318245864377
10,26,0.1328971441835165,32,5.978795258416996,1.1532145533058813,0.46930872035365684,0.3615498301593326
10,27,0.12558618374168873,32,6.173157476074011,1.1391859410090133,0.5061464283716453,0.3746231243403419
10,28,0.11836759373545647,32,6.581177085012781,1.0415127215456508,0.47437361596175787,0.3339214949114504
10,29,0.058303141966462135,32,6.6743024967002045,0.9163090219025536,0.41622925892171364,0.3245084972976786
10,30,0.17954201623797417,32,6.198995325928793,1.0300651999090267,0.5946979681921456,0.39520145521604577
10,31,0.08033119514584541,32,6.922427277365718,0.9829255890698763,0.49007688280921036,0.3304135601282253
11,0,0.34697975777089596,32,6.62227712779625,0.8341460145121848,0.21314305475440543,0.22667576290284597
11,1,0.07048183120787144,32,6.8770671018655865,0.9520936931794237,0.359300726176819,0.3639746143958383
11,2,0.06667861714959145,32,6.3012174912789,1.204674884680749,0.43091887739579904,0.4909457500709743
11,3,0.07325029000639915,32,7.154339390114651,0.8075490884190435,0.2640471425634403,0.332037219287162
11,4,0.06808375008404255,32,6.9254482365787355,0.9374603531260535,0.26286503516495796,0.33961188446617707
11,5,0.20040006004273891,32,6.4120450908405715,1.1292142324700407,0.3355991041923002,0.41424841068077867
11,6,0.13120250590145588,32,6.621046005923145,1.1735250170449012,0.2986385081092101,0.392098710915822
11,7,0.16057263500988483,32,6.536919018469652,0.9298640279126147,0.30050486520916636,0.41611101166680986
11,8,0.3666261788457632,32,6.336843477635492,1.2419068775250075,0.3073254620155061,0.43134216025206507
11,9,0.43179371394217014,32,6.494464731967331,1.1153595992218532,0.29982085695750516,0.4155944193348359
11,10,0.3611984122544527,32,5.850241027182838,1.313848787390513,0.4113079703519652,0.45018787040709307
11,11,0.31092806346714497,32,6.212382340676669,1.0687506536226028,0.35594738372199897,0.37887736854948734
11,12,0.1402599047869444,32,6.860927702798456,0.6246520774332174,0.2787131505199335,0.287224733655258
11,13,0.5131460875272751,32,5.994106346829906,0.9284558341527269,0.3871219994456729,0.3432998692420975
11,14,0.49393945187330246,32,5.617706410264088,1.1761894501678531,0.49549582415304905,0.40998384088274076
11,15,0.32278998382389545,32,6.065238881208928,1.2327961261063587,0.4297871139404163,0.383336401026734
11,16,0.22670109197497368,32,6.095585892874125,1.2570926405315808,0.43512804585253956,0.4085026234087745
11,17,0.288324274122715,32,6.538510668213068,1.060318976058607,0.36040866247559117,0.33916892928338016
11,18,0.21161550469696522,32,6.732998433408799,0.9158498269627842,0.357821979505208,0.3180674103025054
11,19,0.1426001526415348,32,6.8036877925525365,0.9807140555775042,0.38707205903242115,0.3320515722358941
11,20,0.33833897300064564,32,6.30598351688039,1.1706032003584674,0.4578701332740793,0.3948198516490411
11,21,0.18708676472306252,32,6.335119717291887,1.2399956749575685,0.40016416454985804,0.3815484745661658
11,22,0.20153960958123207,32,6.328531998119398,1.096700256729096,0.4425633904006889,0.34406567192364756
11,23,0.12165061384439468,32,6.62737300243597,1.0674263069796988,0.4018802103149218,0.34204386046931246
11,24,0.14876405894756317,32,6.44461429394126,1.1624872654167842,0.441737066039888,0.3564981173700121
11,25,0.10712938942015171,32,6.123900051012335,1.3600466134567997,0.4077012414596657,0.36627090822323605
11,26,0.13880566507577896,32,6.018521324722392,1.2400365645776068,0.43354960747005783,0.36562086478997924
11,27,0.11333353817462921,32,6.805129085944833,0.9701143532832264,0.4560915239692868,0.3899512879161222
11,28,0.13784288428723812,32,6.7200937291759555,1.0173627692530047,0.40930559184936477,0.36348723010451056
11,29,0.0736422911286354,32,6.600789680376863,1.057472965241752,0.3568761624991091,0.34634786363193826
11,30,0.1877116598188877,32,6.431129567445813,1.1155611209908152,0.42453830472157483,0.4214321218892686
11,31,0.07946297153830528,32,6.9878842828898975,1.0143386195600677,0.41453717213343133,0.35533859848396965
12,0,0.3603640291839838,32,6.742407116831794,0.766619141102673,0.282853856306185,0.2250991401778944
12,1,0.06484868936240673,32,6.86923952293421,0.8913729497034755,0.3808551889666854,0.359300726176819
12,2,0.06608111225068569,32,6.186972933719646,1.3304894455434866,0.4864984548879858,0.48433597158271374
12,3,0.04589122720062733,32,7.011747336733803,0.8783870762919435,0.39378848533223915,0.3232528355271565
12,4,0.12328103557229042,32,6.625277979588985,1.0556185985797555,0.4259162510274923,0.33627784352900847
12,5,0.20018221624195576,32,6.107937355854483,1.207884163058334,0.40767460923307297,0.3966786261515679
12,6,0.14016669057309628,32,6.415113551908438,1.157099266614991,0.4931241646537775,0.3896408199744602
12,7,0.15423780120909214,32,6.5979854287557735,0.8703030225940678,0.5055075925818595,0.4067026503549759
12,8,0.27397427149116993,32,6.35707419814173,1.029099847158606,0.5499555342000978,0.35359987928068054
12,9,0.2165285348892212,32,6.190345806740254,1.11605820849306,0.5338503411621771,0.3911763307674351
12,10,0.23772059008479118,32,6.026486786257811,1.1232671298217634,0.5322021048153072,0.43468428152331806
12,11,0.28336114063858986,32,6.043441048579531,0.9919187022314251,0.43543716125518206,0.37743804467852105
12,12,0.11899933032691479,32,6.4870773127533585,0.6377419948801277,0.30855104611351125,0.2787131505199335
12,13,0.45280854403972626,32,6.484543543680493,0.7582265905205459,0.39841037685240965,0.3499129784960855
12,14,0.4222929198294878,32,5.975339639345425,1.1112857631712183,0.3890627826243135,0.4129626640853379
12,15,0.24548874981701374,32,6.268885777211045,1.2356935607512378,0.3128277700739173,0.38640453299401
12,16,0.2514264639467001,32,6.3391828569808375,1.22237051409809,0.2940485804473561,0.41478568087369266
12,17,0.32080693915486336,32,6.506776880440417,1.0726184209360996,0.23363940965072305,0.35196447324027674
12,18,0.20987103134393692,32,6.849892112242069,0.863743463123571,0.21306804492957598,0.33305521343347605
12,19,0.16068915836513042,32,6.904161699771944,0.9099433707505451,0.2397404940137651,0.344167740170098
12,20,0.3440063316375017,32,6.533478919303921,1.0725560186433976,0.2765584182393059,0.40497081859309525
12,21,0.21923120506107807,32,6.454088571334941,1.214548873205553,0.27682198113133855,0.38697840996425337
12,22,0.283215444535017,32,6.368787353816126,1.0922407323774346,0.25012107005169615,0.34647322613870923
12,23,0.17093811556696892,32,6.626540571132688,1.0517009870569103,0.25844677703378305,0.34909161889551676
12,24,0.19013426639139652,32,6.4363778607485145,1.1758144433670008,0.2430120538304579,0.36055335828019763
12,25,0.16230566054582596,32,6.008969309889295,1.4695035567674708,0.28371616160152485,0.3740886339878283
12,26,0.16839397512376308,32,6.379748121816693,1.1261228126032137,0.3228204460322543,0.36969189942062586
12,27,0.16251506097614765,32,6.607785369481666,1.1139048254844672,0.30209236654820426,0.4052794514919025
12,28,0.1497414130717516,32,6.694290783400697,1.0663821353096266,0.2997828015627535,0.3930529652975707
12,29,0.07739733345806599,32,6.939491713162394,0.8640820511481548,0.27792411389301935,0.3568761624991091
12,30,0.21472638472914696,32,6.325173717458794,1.223032148495525,0.3072364174567346,0.42453830472157483
12,31,0.0874490849673748,32,6.930113021661251,1.0619309764969396,0.30506346388682154,0.380263636839714
13,0,0.32379091903567314,32,6.620274189743599,0.8539544019872887,0.25990696272079333,0.22667576290284597
13,1,0.06479387544095516,32,6.861922090150415,0.9307132917321104,0.3153106826641262,0.3649603009913862
13,2,0.036874620243906975,32,6.772377923623843,1.035945062172254,0.463052405341246,0.4854172132353498
13,3,0.039427462965250015,32,7.330775609577539,0.6768373025699761,0.3143701871448096,0.332037219287162
13,4,0.053686365485191345,32,7.208599543165574,0.7779648218332689,0.34636993798884896,0.33961188446617707
13,5,0.1525422539561987,32,7.03514115995619,0.8650318926926985,0.45726245207691546,0.40217661769232044
13,6,0.09803646244108677,32,7.28967131945007,0.768959840140317,0.5113187397399731,0.392098710915822
13,7,0.12505315616726875,32,7.053530630397986,0.7843485210779804,0.4542282103008185,0.41611101166680986
13,8,0.24964431300759315,32,7.014316251877113,0.827608291182302,0.474024870898858,0.43134216025206507
13,9,0.2958981394767761,32,6.955719679243388,0.7935557933536233,0.547153041658888,0.4155944193348359
13,10,0.2890458218753338,32,6.671728389303858,0.8852816470164271,0.5385772207219405,0.45018787040709307
13,11,0.351742135360837,32,6.745846649672078,0.887823043742431,0.466723750180669,0.37887736854948734
13,12,0.16685498133301735,32,6.993870096782926,0.5634806181465022,0.34424831350343577,0.2872441911478657
13,13,0.6139672845602036,32,6.449223954078532,0.7703966150601254,0.4682298794994591,0.35322842233762963
13,14,0.5523506514728069,32,6.3131253309097515,1.0133191654695892,0.4287192479716411,0.40998384088274076
13,15,0.3336125947535038,32,6.409327718204965,1.0226058971970042,0.3894565597332987,0.383336401026734
13,16,0.2763936500996351,32,6.392018576902868,1.076171225348327,0.3471042854489414,0.4085026234087745
13,17,0.3241377342492342,32,6.5184161775609635,0.9552811324347514,0.290379461741335,0.33916892928338016
13,18,0.25293237157166004,32,6.682186275913942,0.8078538302228706,0.267598452729258,0.3180674103025054
13,19,0.1720931325107813,32,6.85312242622085,0.7938155163182223,0.3049056119905217,0.3320515722358941
13,20,0.3444620445370674,32,6.317102417948294,1.0559490819742567,0.31179258725825587,0.3948198516490411
13,21,0.23452588729560375,32,6.323365377863259,1.127293778864776,0.2993839519295216,0.3815484745661658
13,22,0.2873578369617462,32,6.528002169221612,0.9280392851354868,0.2630913144185029,0.34406567192364756
13,23,0.18481318466365337,32,6.5870415857304,1.0042346049107138,0.22402712868298436,0.34204386046931246
13,24,0.19617978483438492,32,6.6271189468833684,1.0452516471026758,0.24594557041058215,0.3564981173700121
13,25,0.1706890221685171,32,6.220583062091262,1.331909326290858,0.2587608916900488,0.36627090822323605
13,26,0.19284445606172085,32,6.511345725977705,1.0331369417928826,0.2395299370649313,0.36562086478997924
13,27,0.18223067745566368,32,6.727732068291763,1.0045878321705315,0.24825483993045208,0.3899512879161222
13,28,0.15341764315962791,32,6.77837022529906,0.9795747822360967,0.25893989944866036,0.36348723010451056
13,29,0.08235119096934795,32,6.942829842952804,0.8115726919043267,0.22574867864069537,0.3406923298983938
13,30,0.24961367435753345,32,6.369209260652653,1.1321510839574334,0.2240746167691521,0.4098698799688103
13,31,0.10588760673999786,32,7.073263923033242,0.9333343554618061,0.25581394660001666,0.35533859848396965
14,0,0.3060864098370075,32,6.623378997427421,0.8004368102724859,0.16554969987854798,0.22825238562779754
14,1,0.03580787219107151,32,6.932814911389899,0.8822414806786094,0.3396346985787966,0.359300726176819
14,2,0.027766713872551918,32,7.006774960985413,0.9526411893244067,0.4190528214568884,0.48433597158271374
14,3,0.026647130027413368,32,7.272733122864359,0.7397420658774543,0.28449321740847394,0.3232528355271565
14,4,0.05628923699259758,32,7.065256460173702,0.9113756699429416,0.29309130551361706,0.3429459254033457
14,5,0.12484819442033768,32,6.943266666741962,0.9389428627476457,0.32775173681859293,0.40767460923307297
14,6,0.09591871872544289,32,7.178586413071995,0.8311232836927562,0.28235064244999286,0.3945566018571838
14,7,0.13080710545182228,32,6.939998384580923,0.8069211527695206,0.2764254624567688,0.42551937297864384
14,8,0.2524746470153332,32,6.847974387770661,0.8781072527887961,0.26902750458488656,0.474024870898858
14,9,0.37226983718574047,32,6.541432279597261,0.9386397650237992,0.2727423369863885,0.44001250790223667
14,10,0.3272952362895012,32,6.3553623752471395,0.9414963500941695,0.2963254730706787,0.46569145929086814
14,11,0.3331650383770466,32,6.508240249786317,1.0104495047959254,0.2595272566062998,0.38031669242045363
14,12,0.1561102420091629,32,6.948372280047635,0.592984634254778,0.15641960097537666,0.2957752317757979
14,13,0.6195576749742031,32,6.359361198539171,0.729059042219256,0.19577765432010233,0.3565438661791737
14,14,0.535424392670393,32,5.936338979174682,1.1308091032276781,0.31027049797818673,0.4129626640853379
14,15,0.3572565075010061,32,6.215214959678319,1.0235055954637433,0.2654329602229942,0.38640453299401
14,16,0.3161880951374769,32,6.165138788069003,1.1376844378772422,0.3012489126715654,0.4022195659438563
14,17,0.3260574899613857,32,6.486618687337623,0.9836977504471447,0.254489559994215,0.3263733853264835
14,18,0.25995354540646076,32,6.466542831336061,0.9135947060773422,0.21360140991203802,0.3030796071715348
14,19,0.19424094632267952,32,6.656108818292568,0.896650231797091,0.24884845048490378,0.31993540430169026
14,20,0.3289792686700821,32,6.1784287628607,1.0868884737902844,0.29044357439478174,0.384668884704987
14,21,0.2567778378725052,32,6.3060758410121895,1.1071602017215483,0.30774599815356485,0.3761185391680782
14,22,0.3130885399878025,32,6.199009339515959,1.170974349042134,0.3023869483561313,0.34165811770858584
14,23,0.19213024899363518,32,6.346786287791734,1.1482279187130784,0.29018136787495186,0.3349961020431081
14,24,0.1776822078973055,32,6.556521910254828,1.0963700448961804,0.2853000473858589,0.3524428764598265
14,25,0.17784087732434273,32,5.933232541262869,1.5396307505032079,0.30367434781651736,0.35845318245864377
14,26,0.16912598349153996,32,6.406380202335369,1.0787044351157098,0.2634834055610414,0.3615498301593326
14,27,0.1711648479104042,32,6.4131933872130364,1.1905893033749484,0.27269949021683354,0.3746231243403419
14,28,0.16740639507770538,32,6.695908911894848,1.0035459524599633,0.3022132721580304,0.3339214949114504
14,29,0.08746945671737194,32,6.942426002113881,0.806168895847275,0.21199940249477822,0.3245084972976786
14,30,0.2652389146387577,32,6.349142556810717,1.1481175843546465,0.25384578015263715,0.39520145521604577
14,31,0.10889694653451443,32,7.007313504579734,0.9684129448429175,0.25865921935270414,0.3304135601282253
15,0,0.31801194325089455,32,6.606459429181539,0.865739078490467,0.18114301446811465,0.22667576290284597
15,1,0.055714573711156845,32,6.777148408149161,0.9319339593644056,0.33328067114521565,0.3583150395812711
15,2,0.04192390479147434,32,6.673978653690284,1.0228471138232837,0.43745876720591526,0.4812467579156991
15,3,0.05005302466452122,32,7.267849026853957,0.7357653316826518,0.3248268722216737,0.3199219592815804
15,4,0.09019359946250916,32,7.025343226160933,0.8823345437664702,0.31684547009125796,0.33961188446617707
15,5,0.11598964966833591,32,6.506156355976802,1.0178645693767026,0.3899992137326395,0.40217661769232044
15,6,0.09537816420197487,32,6.950875026810564,0.9175403255449961,0.3754680437042944,0.392098710915822
15,7,0.16033215448260307,32,6.986696173877152,0.8233152176602152,0.31836355080129225,0.41611101166680986
15,8,0.38318284787237644,32,6.429347472767111,1.0948449999043284,0.35575353590563974,0.41381237508976926
15,9,0.33465629629790783,32,6.122502141143938,1.1623587264608117,0.3486752282319319,0.4155944193348359
15,10,0.36179150454699993,32,5.798113857159031,1.2163284428250467,0.3559494572721542,0.45018787040709307
15,11,0.3087647557258606,32,6.231732917485123,1.1314314834910553,0.31351544047437685,0.37887736854948734
15,12,0.14791887626051903,32,6.915805373764668,0.5700597241327596,0.19910779905134895,0.2872441911478657
15,13,0.5434381309896708,32,5.525052109632051,0.8940178257673317,0.3704746552248314,0.35322842233762963
15,14,0.48527796380221844,32,5.303284039232672,1.1567164906279928,0.4349601253985953,0.40998384088274076
15,15,0.30915138125419617,32,5.879622085926902,1.0419472712575581,0.3759769662786189,0.383336401026734
15,16,0.3379154000431299,32,5.411932622525477,1.1041460338959581,0.3945842002495188,0.38908839962994163
15,17,0.1795470453798771,32,6.082223609571554,0.9555922328006359,0.3404730371439443,0.30993858795331997
15,18,0.1909701395779848,32,5.775844204435831,0.9133521764814043,0.3545987435349036,0.30300061474726275
15,19,0.12077359296381474,32,6.257109947694083,0.8867493297181621,0.30998846511969946,0.3148891023771133
15,20,0.23300633765757084,32,5.659328961047315,1.0496085547015506,0.3804014476039232,0.381723097009957
15,21,0.16311858780682087,32,6.2567291274237675,0.942647238510637,0.3816362629003035,0.3606180027778694
15,22,0.18542302586138248,32,5.826145899053121,1.0059627574158485,0.378180395462398,0.3355552127920457
15,23,0.11731900461018085,32,6.272201968447607,0.9350459024056015,0.3452863381082383,0.3235689770966987
15,24,0.1175213698297739,32,6.233645973858677,1.0087359365972768,0.3492767088813068,0.3408292454849573
15,25,0.09312389604747295,32,5.994027333667379,1.3045066454757652,0.3312327132521877,0.35624007173958716
15,26,0.09270177222788334,32,6.162042452936964,0.962153172951548,0.3207281249725876,0.3475503682521648
15,27,0.1246266532689333,32,6.343078451637513,1.0112583251290568,0.31324747117312135,0.36871208700907243
15,28,0.10674238950014114,32,6.767768849438364,0.7945049024299822,0.3184040895709386,0.3325805151462351
15,29,0.05869211629033089,32,6.751263091724792,0.7767987605402373,0.2794180018742193,0.31168912695928286
15,30,0.1852291040122509,32,6.180252770338102,0.9511965786686556,0.32178850318966057,0.3632439414356805
15,31,0.07280954718589783,32,6.92336087990125,0.9505605874362404,0.2967351450721435,0.3284640624252973
16,0,0.33830492570996284,32,6.665333224434509,0.8296093785516456,0.10860443334977912,0.2250991401778944
16,1,0.05211515910923481,32,6.791982614278906,0.9595586438560932,0.3044396775964983,0.3573293529857232
16,2,0.05184399522840977,32,6.176133637676921,1.1038363233479505,0.4236623819625988,0.47815754424868445
16,3,0.05214991793036461,32,7.173392198988786,0.7690006245671928,0.24550708817463548,0.3232528355271565
16,4,0.08228596858680248,32,6.963774082294416,0.8698943530442893,0.26846531242184357,0.33627784352900847
16,5,0.13926032558083534,32,6.292876782511009,1.1605738705997206,0.31240018798278074,0.3966786261515679
16,6,0.1230168305337429,32,6.827303527515827,1.000870582488421,0.2602646256338152,0.3896408199744602
16,7,0.16086293570697308,32,6.76019583000855,0.8264121895301857,0.2831693490804836,0.4067026503549759
16,8,0.33836809918284416,32,6.482125033109823,1.0180188335709746,0.3049854190425223,0.35575353590563974
16,9,0.37530569545924664,32,6.106681063114967,1.1380826680688685,0.28160688150700497,0.3911763307674351
16,10,0.32922565191984177,32,5.718304886745221,1.1317736934413443,0.33677800030582244,0.43468428152331806
16,11,0.34271784871816635,32,6.2738682045253125,0.9883561079583707,0.333432995075977,0.37743804467852105
16,12,0.11164755001664162,32,7.025168806745273,0.5974006282026201,0.19796971241668848,0.2787131505199335
16,13,0.5637732036411762,32,5.353619275596919,0.9846509291142569,0.27241419123924243,0.3565438661791737
16,14,0.5251547880470753,32,5.110514703148929,1.0987039781865837,0.37312159371046283,0.4129626640853379
16,15,0.24887541681528091,32,5.848970277219696,1.1176416538008391,0.3720845524081664,0.380268269059458
16,16,0.24393747560679913,32,5.618851141955442,1.181302647696735,0.40642102180868456,0.3945842002495188
16,17,0.2262735515832901,32,6.129546758763327,1.0033197674345047,0.3476637640289473,0.3263733853264835
16,18,0.1507478579878807,32,6.333081186571514,0.8687509200516654,0.35629451040951354,0.3030796071715348
16,19,0.10783560760319233,32,6.5422524901208465,0.8804811931575607,0.3555187004694579,0.30998846511969946
16,20,0.2529030442237854,32,5.774902470604487,1.0764014130843824,0.44467259462986314,0.3804014476039232
16,21,0.115941122174263,32,6.48039214465777,0.9638415111746372,0.36920706109399204,0.3761185391680782
16,22,0.15287557803094387,32,5.972111756713332,1.0010017110622593,0.3881291803097201,0.34165811770858584
16,23,0.08807698637247086,32,6.449575508257558,0.9337487509709756,0.3693133673542899,0.3349961020431081
16,24,0.11457701958715916,32,6.307461412790295,1.0681783432161192,0.38707403384472283,0.3492767088813068
16,25,0.09141644649207592,32,5.890510270312905,1.2983616860930463,0.3550519994435378,0.35402696102053055
16,26,0.1240635085850954,32,5.887760991026154,1.1223067584052302,0.35333601269451326,0.33355090634499696
16,27,0.1332425121217966,32,6.333437730594506,1.0304705227226592,0.3752223684586182,0.3628010496778029
16,28,0.09720087051391602,32,6.65911250705193,0.8941488526516546,0.357245163124129,0.3312395353810198
16,29,0.04790189489722252,32,6.6217351501749135,0.948830430981455,0.298650415719358,0.2988697566208871
16,30,0.1470071468502283,32,6.128701043638562,1.0884708794215543,0.3573383020341101,0.3312864276553152
16,31,0.055196767672896385,32,7.063762586927989,0.9372166855305704,0.3747059568881783,0.3265145647223693
17,0,0.30475620180368423,32,6.654410892300302,0.8076133624406392,0.19290387057697636,0.2215643238038044
17,1,0.04385132156312466,32,6.840174865243666,0.9746211650382435,0.335189506332353,0.3499361545693913
17,2,0.06156116724014282,32,6.337179696065004,1.222335468494748,0.4607286581899457,0.4706049747949652
17,3,0.03340426646173,32,7.150897482217298,0.8437692801558887,0.34184563520158495,0.3199219592815804
17,4,0.08874727226793766,32,6.970697341549014,0.9481861469762887,0.3364709945853078,0.3322815292632695
17,5,0.20858808606863022,32,6.033885945304771,1.272689873226927,0.30631403723647055,0.3933389199421037
17,6,0.15703238360583782,32,6.80402999150053,1.0365137851158366,0.32584699253699034,0.3893505620993105
17,7,0.1615701988339424,32,6.803200144110825,0.9620604429663899,0.3226095679715913,0.3820231577810461
17,8,0.3580810111016035,32,6.341308211321081,1.1638182166294566,0.385537071631924,0.35467670759316017
17,9,0.3242608569562435,32,6.113822523707372,1.1181656507090478,0.36344086117579233,0.3699257794996835
17,10,0.3219340443611145,32,5.971425815186508,1.1043735712257572,0.3735247708858703,0.42952876495779596
17,11,0.2702717948704958,32,6.275423586675608,1.0011909776917323,0.3466702451341044,0.3762764155573245
17,12,0.11272898688912392,32,6.812349490127673,0.6315737331783522,0.22390381845257828,0.27869369302732583
17,13,0.5944892149418592,32,5.920167752393825,0.8845991737315595,0.3310501076363719,0.35322842233762963
17,14,0.4775602612644434,32,5.428113547283364,1.140490228385059,0.3039221288491596,0.40998384088274076
17,15,0.2989524956792593,32,6.056786540308503,0.9943197728566515,0.28673901021327386,0.37812261766903843
17,16,0.3022981993854046,32,5.882335555402698,1.124261720812667,0.31142678471991436,0.39840188309668756
17,17,0.27607444301247597,32,6.1770502358199915,0.9614723957155755,0.27099185497950584,0.3334232112352139
17,18,0.22251267917454243,32,6.150528977452956,0.9388961156214712,0.24126322164020247,0.3180674103025054
17,19,0.1654468011111021,32,6.2370786937239355,0.9280397446566111,0.277478997746449,0.3149619347106949
17,20,0.24156728200614452,32,5.861104306931129,1.0211598649845923,0.2713760203842793,0.3825351661544551
17,21,0.20339888148009777,32,6.247583569031231,1.0897740052247418,0.3410986627609907,0.37266280013103514
17,22,0.23873613961040974,32,5.759171843454148,1.0471922839517678,0.29678420962624286,0.34406567192364756
17,23,0.12592199072241783,32,6.3926890941417955,0.9798563042732669,0.2853570744288735,0.34014122007567316
17,24,0.14107558317482471,32,6.2541442258456,1.045766353444849,0.283743323635187,0.35085979267056666
17,25,0.13916976004838943,32,5.9174080927475154,1.3677805530137164,0.28239263341169607,0.3545394802320342
17,26,0.15453029237687588,32,6.244856156354173,1.0349292106882189,0.2831268194066925,0.3434434595197551
17,27,0.1654256172478199,32,6.225055470233791,1.1456917242320959,0.284178122827362,0.36871208700907243
17,28,0.10998638533055782,32,6.7912136959014004,0.8447277714068759,0.30501728111625936,0.3325805151462351
17,29,0.06429789215326309,32,6.896083931054156,0.830500091683275,0.2936035855366391,0.29876008617012256
17,30,0.1723347958177328,32,6.1839196274249115,1.0827744778996458,0.29481986199792576,0.3443123648447126
17,31,0.06657780893146992,32,7.011678939335124,0.9663234848957698,0.32920440222742886,0.3284640624252973
18,0,0.32490878365933895,32,6.604398512895169,0.8598662104499164,0.22618327043323644,0.21775693736017085
18,1,0.047403039410710335,32,6.964552724296086,0.8874485315547682,0.36268254505675057,0.34108882736592794
18,2,0.04048575460910797,32,6.58527473708365,1.0258751259160137,0.4789575062963712,0.4618905317655958
18,3,0.039966609328985214,32,7.346908852837119,0.7113609593468322,0.33913080311626387,0.3199219592815804
18,4,0.07724660448729992,32,7.008773896400162,0.8940358237290367,0.33986312207051,0.3322815292632695
18,5,0.1563058141618967,32,6.361708393227856,1.1275564352493355,0.44918090432011204,0.3849538802860756
18,6,0.08988948352634907,32,6.875944485882501,1.0230845773264106,0.37420831230962676,0.3893505620993105
18,7,0.1451078411191702,32,6.941146159496798,0.8398971616493931,0.346573146204321,0.3820231577810461
18,8,0.31772448867559433,32,6.38360754666887,1.0634344541136258,0.3959127628294683,0.3706453037687819
18,9,0.3263834770768881,32,6.121566693759782,1.1036294337775203,0.3733987554698574,0.3773085959716137
18,10,0.2945324778556824,32,5.774102464300613,1.0912995022341292,0.40326859263503434,0.42299612593764163
18,11,0.2898720409721136,32,6.292159158817459,1.0187133752273958,0.3667001187971559,0.3702993722954866
18,12,0.12209858559072018,32,6.8916920585305705,0.6739881407557755,0.2829535170135504,0.2638006091175919
18,13,0.5394068416208029,32,4.827219571308037,0.8405543836575955,0.3686618654551067,0.3466153130836416
18,14,0.509834511205554,32,4.661489390460252,1.1269168240440113,0.34434217773754333,0.40998384088274076
18,15,0.3194614704698324,32,5.529067370978771,0.9854935772499722,0.3106968032244239,0.37403075934339264
18,16,0.3291314132511616,32,5.223259705605676,1.1513381536586555,0.2735113106127933,0.38527071678277286
18,17,0.2337543535977602,32,5.898534718516073,0.9804157341711024,0.22839994899152594,0.30993858795331997
18,18,0.21532134525477886,32,5.793838358906518,0.9030650943278236,0.21243210756588932,0.30300061474726275
18,19,0.14324568025767803,32,6.175786834325934,0.8667660661252503,0.21178126267906694,0.30991563278611794
18,20,0.23411105945706367,32,5.533608169970849,1.0880947421271676,0.2804916097224578,0.3825351661544551
18,21,0.1879502311348915,32,6.07859159760274,1.0621293142307557,0.2749903050194661,0.35716226374082627
18,22,0.17905018292367458,32,5.674061791296421,0.9908806784457207,0.2564285645484061,0.3355552127920457
18,23,0.10758829861879349,32,6.285337764476875,0.8942114870854798,0.26753786818382425,0.3235689770966987
18,24,0.157646544277668,32,5.8873881508183,1.1125208924399272,0.257164734234614,0.33924616169569743
18,25,0.11172669008374214,32,5.8068566988831005,1.2922225439892516,0.2636415619294977,0.34851209005931394
18,26,0.13047534599900246,32,6.019049671694482,1.003760912981278,0.28888813180125966,0.33152979687952894
18,27,0.13111611641943455,32,6.058581103858459,1.0837167544892639,0.24845947996176948,0.34124775163892157
18,28,0.10834656096994877,32,6.706346489057754,0.7824109994351538,0.2680626772948263,0.327973438860926
18,29,0.04995035007596016,32,6.675961123300752,0.8505375517177383,0.23871128764311614,0.29612700062799857
18,30,0.15517842955887318,32,6.010208924224987,0.9672628074926566,0.24834598948311082,0.326844258985615
18,31,0.06530208140611649,32,7.018955160701172,0.8928623550859127,0.2671091138322317,0.32785948347489907
19,0,0.35103584825992584,32,6.72334396001326,0.7829973086114883,0.14826259823223487,0.21775693736017085
19,1,0.06073671765625477,32,7.0190685261838075,0.861537773469367,0.2917991443159309,0.34108882736592794
19,2,0.0513392798602581,32,6.396466833057451,1.0618556849291876,0.43459408062489824,0.4618905317655958
19,3,0.05421987175941467,32,7.26165967246469,0.7617466255420808,0.2737719593750828,0.3199219592815804
19,4,0.09002907760441303,32,6.978337693657094,0.9012536910527462,0.28308131561644345,0.3322815292632695
19,5,0.1299389023333788,32,6.444757453048615,1.0798313608126353,0.35673504514688953,0.3849538802860756
19,6,0.1314181387424469,32,6.8703636901626215,1.022666887840571,0.2769363836853881,0.3822641739642276
19,7,0.1385312844067812,32,6.811675741919266,0.8452254178748682,0.2874615682341938,0.3519584057057187
19,8,0.34656846709549427,32,6.309586606244112,1.11593491308345,0.28043977647804386,0.3706453037687819
19,9,0.35126843303442,32,6.219272917180649,1.1389339647915744,0.22696505962543811,0.36841980832282484
19,10,0.3147308398038149,32,5.725698119394621,1.1218384004922326,0.3090299878891813,0.40728828149349977
19,11,0.29245706275105476,32,6.29620412537584,1.0192715764940639,0.28894476933516267,0.36609203847600064
19,12,0.10606219619512558,32,6.908892259613587,0.6382573121429971,0.27648765422319765,0.2638006091175919
19,13,0.5232261829078197,32,5.570965194138739,0.9059210651159075,0.35757090236133393,0.3626028658171402
19,14,0.40073988400399685,32,4.802491842491626,1.2493761850025713,0.41019037748156584,0.39803390015222856
19,15,0.2602317612618208,32,5.8130234607749625,1.0852100501570474,0.3726624263030038,0.361354363108265
19,16,0.21156320720911026,32,5.495385157785458,1.1711204381056275,0.3496223638538939,0.36153075938248413
19,17,0.18286312744021416,32,6.292809257343854,0.9317568317250577,0.30006368822180585,0.2919416261607457
19,18,0.160013010725379,32,6.418933503467656,0.8637547204899674,0.3097642654006949,0.28553199526593587
19,19,0.0976016391068697,32,6.576541968897434,0.9122499197211855,0.3343918439949883,0.30737420622152906
19,20,0.21556182950735092,32,6.015161329948998,1.0342253749653203,0.38825337780060626,0.3795893784594251
19,21,0.11523952148854733,32,6.391052858403411,0.9967384344400516,0.3484822532145304,0.3444631102006247
19,22,0.09797696396708488,32,6.09593177776444,1.025971488707338,0.36250339241780294,0.32548859904789035
19,23,0.05262503772974014,32,6.709937921404181,0.8597765341795576,0.3634586428197129,0.307614810394519
19,24,0.07485616020858288,32,6.581495783801315,1.0192510289397214,0.4141939342445633,0.3166160853526029
19,25,0.04399161413311958,32,6.162185402617951,1.2962042538154792,0.37558746339962534,0.3371149661751425
19,26,0.08557921089231968,32,5.951251912000614,1.059608264858511,0.42698320430754455,0.32616456672315763
19,27,0.06563092954456806,32,6.605348173301136,0.9237226679349133,0.39403671882494634,0.3176494927402501
19,28,0.08787135221064091,32,6.472029440269936,0.9465959836316467,0.3842471735785342,0.3215557159558854
19,29,0.04563927836716175,32,6.558094458406911,0.95268678022126,0.3489905805449915,0.2906111774179076
19,30,0.12065649405121803,32,6.278102374521167,0.9916529101675948,0.40390024560204996,0.3220952967527877
19,31,0.04822237975895405,32,7.002447837923949,0.956602207545421,0.38213719260996215,0.32571248954091647
20,0,0.29346238262951374,32,6.611936736960802,0.8166096176745139,0.24770616797454753,0.21531371102251637
20,1,0.04867338761687279,32,6.789096928444105,1.0273470676476046,0.358366126446086,0.3374121024555748
20,2,0.04127102717757225,32,6.284986173004951,1.23368553199378,0.46412441704978913,0.44909371269793047
20,3,0.03776485472917557,32,7.15143809559807,0.8453129571699289,0.3533333617902036,0.3154806350904069
20,4,0.06935879401862621,32,6.858460773315362,0.9826786896071384,0.3486740495619841,0.3290780119017723
20,5,0.16563674993813038,32,6.291810584839105,1.1762628696671147,0.3872919434134722,0.371244083344761
20,6,0.1162808034569025,32,6.834020450333632,1.028937800863715,0.31296572348778817,0.37483817800696057
20,7,0.11168893612921238,32,6.613553810005984,1.0634552644313384,0.3281793608406485,0.3417114937586215
20,8,0.25622436217963696,32,6.091772529494507,1.1785081829166106,0.3785262105113977,0.3706453037687819
20,9,0.31839278526604176,32,6.084563458644767,1.0968020836471046,0.31260327314054204,0.36841980832282484
20,10,0.2791844867169857,32,5.810130697097335,1.0433385770852368,0.34661781271261316,0.40728828149349977
20,11,0.25834054313600063,32,6.22501862092217,1.0181822040692445,0.29572112108927884,0.36071567093842216
20,12,0.10193261317908764,32,6.76838773230449,0.6633941296096673,0.2237237443491586,0.2775809448789579
20,13,0.4947699848562479,32,5.378390615566686,0.7493421183630895,0.2789077905987404,0.3631163839082203
20,14,0.409574743360281,32,4.66754596674473,1.1276487636885824,0.29699153757566626,0.39962658005293966
20,15,0.2890625484287739,32,5.778762429640649,0.9569024989117771,0.2948779539094227,0.361354363108265
20,16,0.28544648364186287,32,5.169312750047413,1.0868979386466178,0.3340492392126958,0.3483633246514176
20,17,0.2358004804700613,32,5.972331584068345,0.9193928744193647,0.25082408383783955,0.2919416261607457
20,18,0.19678371027112007,32,6.118809810712118,0.8592992046879129,0.2640807137669803,0.28553199526593587
20,19,0.17628884501755238,32,5.972760017772368,1.0239043009257633,0.31190568550450015,0.30737420622152906
20,20,0.24635156989097595,32,5.785774497320661,1.1013143969131196,0.32395695470822083,0.3795893784594251
20,21,0.13774362951517105,32,6.31166331594778,0.9651744781457978,0.33196066907260496,0.3444631102006247
20,22,0.19304873794317245,32,5.59044831477046,0.9977072339422719,0.33866434888164837,0.32548859904789035
20,23,0.07309126481413841,32,6.337249884886209,0.9051738083861149,0.33947351123994596,0.307614810394519
20,24,0.1170941386371851,32,6.1840435257300275,1.0606653211598775,0.37719499758267094,0.3166160853526029
20,25,0.07297091744840145,32,5.857242300438585,1.3881825413594218,0.36569054484333524,0.3371149661751425
20,26,0.09430275857448578,32,6.051843548327573,1.0344875588812403,0.35511554542649404,0.32616456672315763
20,27,0.10374600067734718,32,6.315705447708472,0.9606818776000541,0.3692187803807041,0.3176494927402501
20,28,0.09672029130160809,32,6.706595911869891,0.8153455502025517,0.3506260024146722,0.3215557159558854
20,29,0.05384824052453041,32,6.718839013141093,0.8354375923290709,0.3078851647897408,0.2906111774179076
20,30,0.17168954387307167,32,6.108636250305187,1.00054909217444,0.37642761206436454,0.3220952967527877
20,31,0.059298647567629814,32,6.977871485142142,0.9179890188183029,0.3745921561826882,0.32571248954091647
21,0,0.30802939273416996,32,6.57791729070298,0.8763131220339071,0.18085039921877147,0.2155862810920599
21,1,0.05370701104402542,32,6.98239385663393,0.8887826330371631,0.36871857275742337,0.3374121024555748
21,2,0.06413126736879349,32,6.076621890856165,1.2383705513593508,0.5139553909970355,0.44909371269793047
21,3,0.05014074221253395,32,7.179975004106661,0.7507464496246463,0.39298871865528107,0.3154806350904069
21,4,0.09336445853114128,32,7.005326251000565,0.8790206967189915,0.3754875116823032,0.3290780119017723
21,5,0.15303574688732624,32,6.38215120913449,1.167370787933904,0.4745607171369473,0.3836002451264919
21,6,0.10854181833565235,32,6.7707066170955725,0.9583458836499323,0.41769932393657505,0.36746457492427587
21,7,0.1303413324058056,32,6.593378060403284,0.926934804698119,0.39088791764651104,0.3325146010767852
21,8,0.3520094156265259,32,6.039557151297478,1.1058416646931377,0.4616692807143651,0.3820316410716609
21,9,0.3391581792384386,32,5.98872119005253,1.1437067018532785,0.34699353892805207,0.36841980832282484
21,10,0.32439893297851086,32,5.38545729769127,1.0617726719070246,0.3596070368320986,0.40728828149349977
21,11,0.28251615539193153,32,6.1402195935418,1.0100380919764085,0.28981215781661174,0.3513088144280517
21,12,0.11625657230615616,32,6.780246859313708,0.6637876459411682,0.23558778571202343,0.26195753060888327
21,13,0.47490874864161015,32,5.125381496528357,0.8051438701559057,0.24531411849074677,0.3570573842702538
21,14,0.3975905943661928,32,4.778914711783157,0.9552080570858541,0.29115834431776827,0.39962658005293966
21,15,0.23079567402601242,32,5.839327699582638,1.0264002096835734,0.3212966483752666,0.3463382036057325
21,16,0.28592465072870255,32,5.256220267063119,1.1033823111157908,0.33325716398180255,0.34562098390397855
21,17,0.20589329674839973,32,5.881908594449778,0.8347599578629525,0.2344739315022451,0.2814855057716207
21,18,0.15901211090385914,32,6.179570271762226,0.7679956101275405,0.2508443366148774,0.26787041046906945
21,19,0.12038596905767918,32,6.188961232929305,0.9373460991081322,0.2615658751956147,0.3074470385551106
21,20,0.2058470193296671,32,5.710385514732875,1.0339736698123856,0.3287813895780347,0.35217920115607204
21,21,0.10228284262120724,32,6.391407349457246,0.86115746473725,0.3124111308244733,0.34310806457432563
21,22,0.1395044419914484,32,5.746789262487112,0.9672533908413774,0.29375160084222085,0.32548859904789035
21,23,0.07495885901153088,32,6.432556515041808,0.8425815843841304,0.27960897359033055,0.3190419353409284
21,24,0.10754306986927986,32,6.310335866426461,0.9869273851869558,0.3092118877258031,0.33924616169569743
21,25,0.058847224339842796,32,6.060574493377437,1.2569010490915193,0.31480013051893846,0.34851209005931394
21,26,0.08265004865825176,32,5.983928890214132,1.011694361415052,0.33659860328637436,0.32616456672315763
21,27,0.0923105999827385,32,6.551788869492036,0.8897257234701978,0.3349502325389109,0.3392027907791315
21,28,0.07888300158083439,32,6.570684237439259,0.8673056660896421,0.3142031655245122,0.3215557159558854
21,29,0.05197657272219658,32,6.529681745352206,0.9564944024406339,0.314825241128025,0.29612700062799857
21,30,0.18191569112241268,32,5.9627439034379295,0.988553016943789,0.3715748660558388,0.32653746542248785
21,31,0.06300568953156471,32,6.988561895567652,0.8684633986600101,0.32663188325825443,0.32785948347489907
22,0,0.294991597533226,32,6.67811564733678,0.8281718190336385,0.19780683122306914,0.2155862810920599
22,1,0.043332984670996666,32,6.876192492203645,0.9484513008898698,0.3389339594255174,0.34108882736592794
22,2,0.07385994307696819,32,6.26181915265683,1.2917663236580257,0.4819767434351367,0.4618905317655958
22,3,0.031324563547968864,32,7.121771543486332,0.8331858073910139,0.3533837864435953,0.320708977628839
22,4,0.09936684370040894,32,6.833224902891137,0.99264559468571,0.34377575427140483,0.329174587429922
22,5,0.20235188864171505,32,6.105223115237613,1.2833864085028406,0.35726156534464126,0.3836002451264919
22,6,0.19199561141431332,32,6.6720976282236695,1.0171254671176584,0.5342686168186145,0.36746457492427587
22,7,0.1987336277961731,32,6.42056764889528,0.9604133746129255,0.526918302513456,0.3325146010767852
22,8,0.33669645339250565,32,6.083908561876778,1.050055906963686,0.6288835094773344,0.3820316410716609
22,9,0.22702251747250557,32,6.140022135516442,1.1524556343642347,0.6189876760443318,0.35605804470386215
22,10,0.3104196637868881,32,5.903624644927648,1.140452565543316,0.6993864274469364,0.38839668176045233
22,11,0.2676759473979473,32,6.0492485782058445,0.99234798964285,0.551287013252524,0.3411408444586489
22,12,0.1362920869141817,32,6.321014807278211,0.6619797802522323,0.45113264566099853,0.26195753060888327
22,13,0.43156664445996284,32,6.333775829229359,0.7543695098875363,0.725867802607627,0.3570573842702538
22,14,0.35677033476531506,32,6.211886175661167,0.9267490131977016,0.7244789193265574,0.38109218816738816
22,15,0.2794650662690401,32,6.127752443321546,1.1589021597948506,0.5157705554521368,0.3463382036057325
22,16,0.24664187245070934,32,6.466127134660629,1.081972737179913,0.5794131094943936,0.34562098390397855
22,17,0.2493995502591133,32,6.653683636706048,0.9208052840875043,0.4305254729187151,0.2814855057716207
22,18,0.17090394347906113,32,6.863811930003622,0.8232809925535127,0.392122813128759,0.26787041046906945
22,19,0.13603918813169003,32,6.522521572537103,0.9342101543063741,0.38653720671879566,0.3074470385551106
22,20,0.20110881328582764,32,6.533341376138988,1.0054474878935578,0.4462377411061882,0.354591418590979
22,21,0.15135706402361393,32,6.14852894536315,1.232097393773648,0.4102332423602134,0.34310806457432563
22,22,0.16369035840034485,32,5.555143457252976,1.0809217238219269,0.3590769473560736,0.32548859904789035
22,23,0.07095049321651459,32,6.197365631114948,1.0422205218692877,0.298496887031774,0.3190419353409284
22,24,0.10552320443093777,32,6.0801648986825585,1.098684007295792,0.3161861463683445,0.33924616169569743
22,25,0.07806681096553802,32,5.885246329815253,1.3833976522779405,0.3144091766516427,0.34851209005931394
22,26,0.11266277357935905,32,5.890031642915371,1.1230955886305232,0.32523965725944803,0.33305364535021764
22,27,0.12831126525998116,32,6.0800023844109194,1.1241711612168022,0.34673488863668667,0.3488756411083569
22,28,0.07879444770514965,32,6.604653265609554,0.9234125413265293,0.3480141367047158,0.3215557159558854
22,29,0.057292208075523376,32,6.569286476729783,0.9441400792832564,0.31600616937106496,0.29876008617012256
22,30,0.18741903454065323,32,5.702600740838442,1.1570301667559368,0.34994185717272497,0.3443123648447126
22,31,0.05322623625397682,32,6.827723748727481,0.9733933840526063,0.3398403428395527,0.32791814274284165
23,0,0.3122037146240473,32,6.617095824189372,0.8638020631162968,0.2078014456747771,0.2155862810920599
23,1,0.04459628462791443,32,7.034552757651773,0.8706651517155191,0.3631788166957556,0.34108882736592794
23,2,0.05009600892663002,32,6.150148386529525,1.1423694983894164,0.4815867155750279,0.4635884111955175
23,3,0.05114986374974251,32,7.208634437034661,0.727018102325026,0.32955427441385554,0.3319788376689688
23,4,0.0779479630291462,32,6.992713032958644,0.8907315091132375,0.35088697893597076,0.33816705832790894
23,5,0.15614857710897923,32,6.337629139680935,1.1455760329601485,0.479276431739173,0.3836002451264919
23,6,0.11115402728319168,32,6.755528547047792,0.9956952095387477,0.5596683711184023,0.37483817800696057
23,7,0.1270480714738369,32,6.667276269003473,0.896901288276382,0.5534026503849837,0.3417114937586215
23,8,0.3445456027984619,32,5.992494470953535,1.1743281805575805,0.6288571373142007,0.39072491723069613
23,9,0.32576399855315685,32,6.180414105811162,1.057080956120969,0.5926779609802177,0.36841980832282484
23,10,0.29457479901611805,32,5.3712403478739,1.1660279944478535,0.6602797911984641,0.40728828149349977
23,11,0.27396049723029137,32,6.2054868056539885,0.9831277735324822,0.5046144725787367,0.3513088144280517
23,12,0.08289927057921886,32,6.752555202365439,0.7485264766720459,0.46991147209469475,0.2776004023715656
23,13,0.4249168913811445,32,4.961507893679931,0.832500773533762,0.7400869252582372,0.3631163839082203
23,14,0.33213495276868343,32,4.608262018249315,1.0548288664553773,0.7177192247383595,0.39962658005293966
23,15,0.2276268806308508,32,5.811131616126363,0.9382661604403983,0.5441277541618906,0.361354363108265
23,16,0.2690319810062647,32,5.184171280092458,1.0975604038485436,0.5822636393805549,0.3483633246514176
23,17,0.14262377098202705,32,6.211289650811352,0.7791551420601914,0.398738519806879,0.2919416261607457
23,18,0.1635882705450058,32,5.975427345774515,0.8355188976935377,0.4192054844592319,0.2856109876902079
23,19,0.11404649540781975,32,6.194325199366881,0.9651067114481373,0.39392806453230944,0.3109470753120998
23,20,0.21601063571870327,32,5.473750743301671,1.10571047091491,0.49058947316285656,0.3825351661544551
23,21,0.13553494587540627,32,6.321653962350615,0.8942170574289339,0.42098946625412603,0.34479045798776053
23,22,0.1497062910348177,32,5.571783780445197,1.00144446787401,0.4305431015663952,0.33405832837857696
23,23,0.08608477376401424,32,6.337891179124247,0.9255884251618758,0.352647201070346,0.3009834717939672
23,24,0.10733582079410553,32,6.003526528294456,1.1073740693235594,0.3783363068868897,0.3227008804392163
23,25,0.06482974626123905,32,5.871006007282139,1.3334803177657433,0.35837880919591375,0.3371149661751425
23,26,0.10215985216200352,32,5.722500897914776,1.0913288801255803,0.3665026325416526,0.33305364535021764
23,27,0.09969237074255943,32,6.053230630276526,1.0574457012797955,0.38999890974731444,0.3547679691572448
23,28,0.08484658785164356,32,6.383594533938064,0.9531397097323282,0.38542159865400377,0.3293144186261413
23,29,0.048203326761722565,32,6.47483987540824,0.9669769819492098,0.3215500318569721,0.30337746070531396
23,30,0.1406539585441351,32,6.0728420888865395,0.9473672359250935,0.3855426349264621,0.35364007960341753
23,31,0.05109616369009018,32,6.835347285498962,0.9959424171072042,0.3370866495400888,0.3298089811778271
24,0,0.3058848287910223,32,6.709669036560684,0.8397388121180231,0.1306675466968897,0.21047225021459126
24,1,0.037652039900422096,32,6.959702291586675,0.9059823799733007,0.31097210018849875,0.34108882736592794
24,2,0.07102560997009277,32,6.161758087671584,1.1546515684139198,0.4429208391950544,0.4635884111955175
24,3,0.024673154577612877,32,7.216846555208131,0.7555228586318918,0.25804585450263734,0.3343425387650597
24,4,0.06928382255136967,32,6.957227878096999,0.9411163060540497,0.26483786661612496,0.3418194381709574
24,5,0.17211689800024033,32,6.205978122492036,1.1487430384696218,0.36655530635198846,0.3886455785730558
24,6,0.09991288743913174,32,6.774217557691724,1.0257901191685903,0.34814952944936495,0.38501232278073905
24,7,0.11126250959932804,32,6.673132828283422,0.9541744354047168,0.3697776614006185,0.36873053192541605
24,8,0.2602533493191004,32,6.1939155066359515,1.2390591028723126,0.4518132446911472,0.4287910217719167
24,9,0.2987213768064976,32,6.046029668639175,1.2228634070904274,0.4794313987210851,0.36841980832282484
24,10,0.2613086514174938,32,5.436493607848513,1.281460748698974,0.567776480421943,0.40728828149349977
24,11,0.2369470726698637,32,5.915713340873333,1.0758060035770356,0.4323486938505353,0.36132375125957744
24,12,0.06582818925380707,32,6.680937471998442,0.6788319818319151,0.3491837282800646,0.28083333376674197
24,13,0.43307069316506386,32,6.239135619738772,0.9335876345801308,0.6466111193893656,0.36956826033996903
24,14,0.34506560675799847,32,5.938287974960763,1.1682785893757117,0.6724514457311399,0.41157652078345186
24,15,0.19823709316551685,32,6.195184404513023,1.1690582185608571,0.5431758740476981,0.3723734893555851
24,16,0.21945590153336525,32,6.064200301016277,1.2289477498372126,0.5772052851559821,0.3627897985849604
24,17,0.26827982626855373,32,6.538515627445411,1.0413098872433997,0.516112410271974,0.2952215749815704
24,18,0.18402680568397045,32,6.772475859178976,0.9135593460617999,0.536072936785522,0.30642193628611486
24,19,0.09089716523885727,32,7.009490779110617,0.8575460229337155,0.4551459034048938,0.3109470753120998
24,20,0.18990551866590977,32,6.82909860044616,0.950510957235581,0.5403934359345947,0.3843274127022647
24,21,0.12119491025805473,32,6.511599075023147,1.1521164362457794,0.4973098299851523,0.34479045798776053
24,22,0.12005786783993244,32,6.70775800824684,0.9745088107472615,0.4979823047228298,0.33405832837857696
24,23,0.07313422113656998,32,6.7800893112056215,1.0320041250338488,0.4217891955382032,0.3009834717939672
24,24,0.07066302001476288,32,6.745263712919154,1.008445320694885,0.4428129390770651,0.3227008804392163
24,25,0.053621817380189896,32,6.309596999803647,1.2782059386653888,0.4107657730884068,0.3371149661751425
24,26,0.0773610770702362,32,6.068671759338951,1.1397781101945021,0.47033673261593945,0.33305364535021764
24,27,0.06735404580831528,32,6.98662614559937,0.8774524366986487,0.4439494585213044,0.3547679691572448
24,28,0.09870968945324421,32,6.616272427934268,1.0636155800029616,0.40758336754408064,0.336360739522774
24,29,0.055522870272397995,32,6.451720989597731,1.0540341624399323,0.3872554688332329,0.30337746070531396
24,30,0.1481325961649418,32,6.558833617001747,1.111961409016934,0.4638863497529846,0.35364007960341753
24,31,0.04677925631403923,32,6.930012752307722,1.0528934921158655,0.3863722615459585,0.33314552588375884
25,0,0.37538777478039265,32,6.4178553175371,1.1758363412614532,0.38736940182214097,0.20280413844892312
25,1,0.05893544480204582,32,7.077936021553918,0.8569940721869038,0.3938459004161108,0.339284329002157
25,2,0.0609403308480978,32,6.494411669182572,1.2410204590452487,0.5699960053656771,0.4618905317655958
25,3,0.05236104689538479,32,6.936831386179813,0.9226595533443618,0.4572158529085688,0.32719057331776463
25,4,0.09969037026166916,32,6.654230685861474,0.9725251110362105,0.46041386055425737,0.33816705832790894
25,5,0.14284879341721535,32,5.951666099685313,1.144386132721281,0.4795319410888127,0.3886455785730558
25,6,0.0888285394757986,32,6.619276999305805,0.9041492733547081,0.5118373222213699,0.37483817800696057
25,7,0.09106864593923092,32,6.312339116354209,0.8146233683001629,0.5057770797771058,0.35817540380246976
25,8,0.20553481206297874,32,6.2015777240504715,0.8611238614423824,0.4739487974513755,0.4238630037603077
25,9,0.12948741018772125,32,6.40071761587361,0.8928678232291514,0.4145686895841417,0.36841980832282484
25,10,0.11923770420253277,32,5.998825505608503,0.8856700951540866,0.4426774410154761,0.40728828149349977
25,11,0.17188000865280628,32,6.017223485417925,0.7304774641968548,0.35883717561002737,0.36132375125957744
25,12,0.07955913990736008,32,6.294894236396944,0.5707255509233082,0.3091604125896541,0.28083333376674197
25,13,0.429381450638175,32,6.317636607803578,0.6589790354027816,0.44635631974402834,0.37879832733525215
25,14,0.35520136170089245,32,6.039254983900046,0.9821811232490401,0.6104785238694657,0.41945481272660345
25,15,0.27101329900324345,32,6.475874543698749,1.1322902475247973,0.4983633837897872,0.3743196962908113
25,16,0.2925060074776411,32,6.533224247295395,1.0485287289589076,0.530209736737105,0.37210328205170634
25,17,0.2997968476265669,32,6.715214394700126,1.0243995335038658,0.43077693890397506,0.32026836268287506
25,18,0.23502070643007755,32,6.709963112247143,0.9445422059409445,0.369743872327271,0.33218150446779926
25,19,0.14630286023020744,32,7.040094331824555,0.8759709239537479,0.3849702384339294,0.3231487647497442
25,20,0.3026369381695986,32,6.710670391860385,1.0238890203154094,0.4096574216829195,0.3843274127022647
25,21,0.21795817650854588,32,6.315346840496463,1.2490726945380715,0.39526341750022764,0.3588446571542612
25,22,0.23820984177291393,32,6.528523620465853,1.0463296450519035,0.4290755190177954,0.348870648118861
25,23,0.17460053227841854,32,6.539211175216379,1.1176468224467921,0.4188110158329792,0.3191763430945659
25,24,0.16021664068102837,32,6.498743667635777,1.101059666306213,0.4041341439173451,0.33273142762482566
25,25,0.12596332654356956,32,6.161789325583175,1.2851205486647483,0.4052892613227002,0.3431423563478628
25,26,0.15568384900689125,32,5.9411010889625615,1.2508922665269875,0.4641677788684434,0.34496730799044384
25,27,0.1574310939759016,32,6.654602632186804,1.014246262099876,0.4473291625548992,0.3579768345086954
25,28,0.12398700974881649,32,6.728270754207699,1.0334632153778394,0.4330394890251197,0.34932006955969397
25,29,0.06395281292498112,32,6.743082401808284,0.8675867764484604,0.3610749966494642,0.3113552029588829
25,30,0.1983806099742651,32,6.404457296487218,1.205907052784461,0.47421117440017385,0.36445658404497444
25,31,0.06648440845310688,32,6.847653905149624,1.0356645291687503,0.4173801527442278,0.33846349618982075
26,0,0.2993430532515049,32,6.595680991232932,0.9227940663660181,0.34781040775881167,0.20280413844892312
26,1,0.0632176510989666,32,6.9666578464553695,0.9835125297769967,0.3334841292630665,0.339284329002157
26,2,0.05240827426314354,32,6.702195411885153,1.1013475829793826,0.48558254841133597,0.4618905317655958
26,3,0.06374645419418812,32,7.189831993958988,0.859691764054288,0.37513391635207316,0.32719057331776463
26,4,0.10588992387056351,32,7.001929607644192,0.9597742712056005,0.40264929763472124,0.33816705832790894
26,5,0.16420929692685604,32,6.741358827674642,1.0634098914658647,0.5325926647152865,0.3886455785730558
26,6,0.12916154973208904,32,7.039791138962126,0.9493318110677169,0.5366194358383347,0.37483817800696057
26,7,0.14119311049580574,32,6.809302040542463,0.8598876475384225,0.5657363943080814,0.35817540380246976
26,8,0.262035621330142,32,6.679560606799152,1.0383759894416285,0.5817965935516094,0.4238630037603077
26,9,0.3136525582522154,32,6.885746914421327,0.8843732592440601,0.5476188813963417,0.36841980832282484
26,10,0.29481879621744156,32,6.598496488285271,0.9883588712370788,0.6027894455992149,0.40728828149349977
26,11,0.2919880021363497,32,6.727055304183702,0.8159060874095729,0.49995425994126436,0.35739227966601317
26,12,0.15845134295523167,32,6.911818367754722,0.6175117677601447,0.40080851153334196,0.28083333376674197
26,13,0.5917075406759977,32,6.791583863569585,0.75875631006204,0.48114559907840615,0.37879832733525215
26,14,0.42333928868174553,32,6.183521587471118,1.0884416365279401,0.4422752041417163,0.41945481272660345
26,15,0.2864458728581667,32,6.549188982183103,1.0656197225977335,0.425011281241573,0.3743196962908113
26,16,0.3148404639214277,32,6.368881355932997,1.2218648630005209,0.3912022790227343,0.37210328205170634
26,17,0.3044778350740671,32,6.6956234838720565,0.9492375890388498,0.34596569498399377,0.32026836268287506
26,18,0.2407042570412159,32,6.7308654776076615,0.9430580519034057,0.308249375944464,0.33218150446779926
26,19,0.17060608603060246,32,6.969620990556816,0.897634768922333,0.3641951032839378,0.3231487647497442
26,20,0.3436109106987715,32,6.621084983231771,1.0051318042928319,0.4458895533599692,0.3843274127022647
26,21,0.20576888136565685,32,6.2846017607901565,1.3513963584965563,0.4411948849699222,0.3588446571542612
26,22,0.26624245569109917,32,6.621903579691243,1.0090719076134294,0.44742209447476644,0.36079016988693824
26,23,0.1084545236080885,32,6.927178018543197,0.9336653276812594,0.38282315656965477,0.3423799246740921
26,24,0.13432115502655506,32,6.656503783679661,1.0346533104094533,0.41912348803410915,0.36323585323198887
26,25,0.08588189072906971,32,6.222432194889045,1.3387418345211621,0.4270881880247597,0.3431423563478628
26,26,0.08458596095442772,32,6.370586507727776,1.147930011068155,0.4718806672148848,0.34496730799044384
26,27,0.10131865739822388,32,6.739740084511538,1.0309207227463375,0.4297340959750738,0.3579768345086954
26,28,0.1110128965228796,32,6.794197320297636,1.045210409065577,0.4091380458702144,0.34932006955969397
26,29,0.05391168035566807,32,6.810247440521519,0.9243765058099118,0.3595037821696411,0.3113552029588829
26,30,0.14804557897150517,32,6.576689474065185,1.107191302266287,0.4694417303221621,0.36445658404497444
26,31,0.0598399993032217,32,7.0795801567506835,0.9474272568417561,0.4218062978622971,0.33846349618982075
27,0,0.28861090913414955,32,6.648680697398142,0.8884544093495901,0.15968234535069067,0.20280413844892312
27,1,0.05522650480270386,32,6.945754458046883,0.9421083313831202,0.2900558975184389,0.339284329002157
27,2,0.058671820908784866,32,6.469918077611606,1.1399330639552119,0.38190151675777995,0.4635884111955175
27,3,0.0497463159263134,32,7.2801219255577125,0.7849416889311032,0.2634869193891522,0.3343425387650597
27,4,0.08457126095890999,32,7.0915325648202545,0.8954698543180637,0.25655385134149034,0.3418194381709574
27,5,0.11429244093596935,32,6.6480515673648375,1.09751068421681,0.2926343259389825,0.3886455785730558
27,6,0.08165877498686314,32,7.077986619378013,0.9238610335133188,0.26955506819148023,0.37483817800696057
27,7,0.12121761776506901,32,6.9384531788384205,0.832843739104316,0.2844931517303304,0.35817540380246976
27,8,0.2601442690938711,32,6.77405756149879,1.0328111128490143,0.29160900910502097,0.4238630037603077
27,9,0.27697652392089367,32,6.8032714681369555,0.886733119007105,0.30621756429349234,0.36841980832282484
27,10,0.27132390439510345,32,6.587516986243378,0.9608968179758808,0.3119208044197671,0.40728828149349977
27,11,0.28280467726290226,32,6.5942695263903515,0.8706907739980005,0.2530470155575919,0.35739227966601317
27,12,0.15026318281888962,32,6.8691762662933105,0.6285894493874764,0.16439610043242753,0.28083333376674197
27,13,0.6068323645740747,32,6.560910759697142,0.7749171164964386,0.2763046736052631,0.37879832733525215
27,14,0.4858143422752619,32,5.967684281474562,1.159667054192087,0.33015709955711214,0.41945481272660345
27,15,0.30145299807190895,32,6.479473138579923,1.0667359509013918,0.23071342686402985,0.3743196962908113
27,16,0.32501412741839886,32,6.297803519527123,1.211753924899674,0.2620154881128403,0.3704123214383141
27,17,0.30847291089594364,32,6.646847363202996,0.921335096786601,0.19744375295241065,0.32026836268287506
27,18,0.2341328151524067,32,6.827476549286098,0.8160992981451809,0.19469669859840982,0.30900682067257945
27,19,0.1736726127564907,32,6.816801709411246,0.8649554335519687,0.22541192885006936,0.3231487647497442
27,20,0.3373644705861807,32,6.420909234701103,1.0381115876279585,0.2476035497192358,0.3843274127022647
27,21,0.20528554916381836,32,6.217875994834072,1.3096660987964217,0.28274790011791145,0.3588446571542612
27,22,0.2574866861104965,32,6.557562054900121,0.9232487246341696,0.2757479882209086,0.36079016988693824
27,23,0.13342997431755066,32,6.690633881566535,1.03369834666006,0.24283856385823746,0.3423799246740921
27,24,0.1644882746040821,32,6.575134767592682,1.0396136380186212,0.23764905792769614,0.36323585323198887
27,25,0.11949794180691242,32,6.137637434792421,1.3793885388083842,0.2817649301289318,0.3431423563478628
27,26,0.12761757895350456,32,6.413242441202906,1.1061965419889352,0.2538581600349842,0.34496730799044384
27,27,0.12675354443490505,32,6.6605229690560375,1.0168707908015095,0.24438532451486972,0.3579768345086954
27,28,0.12029952742159367,32,6.854190055586722,0.9932787042878681,0.27828526784444224,0.34932006955969397
27,29,0.061824314296245575,32,6.933355414631309,0.8500542075293591,0.2575373710499616,0.3113552029588829
27,30,0.17901757545769215,32,6.529003106404115,1.1148218912975523,0.25982734150084535,0.36445658404497444
27,31,0.07244227640330791,32,7.034898754326793,0.9650848230756353,0.2411218495365841,0.33846349618982075
28,0,0.29980774968862534,32,6.673824075515764,0.8597961967144094,0.16316802300687788,0.19535535090002276
28,1,0.05013595335185528,32,6.926186975682535,0.9270634391847565,0.3135541368208207,0.3370617328789352
28,2,0.0812276266515255,32,6.237420986523087,1.1431158316959582,0.4401344576502774,0.4635884111955175
28,3,0.07526601478457451,32,7.176899006791138,0.8453934962580645,0.2937998610671481,0.3343425387650597
28,4,0.1193305142223835,32,6.932075704163214,0.9985937286423168,0.296277394412037,0.3418194381709574
28,5,0.1990234460681677,32,6.440071871733647,1.1632776954641937,0.3948597927265044,0.3886455785730558
28,6,0.1910092607140541,32,6.801118369575695,1.0710202726189344,0.36279795185601793,0.37483817800696057
28,7,0.159261554479599,32,6.833132359531448,0.8950911642649428,0.3219124326918783,0.35817540380246976
28,8,0.3329392373561859,32,6.448825559447673,1.122741939209332,0.3465236565945461,0.4238630037603077
28,9,0.282174302265048,32,6.317821500993881,1.1690688715093538,0.2908821009118328,0.36841980832282484
28,10,0.3624283019453287,32,5.770799181847995,1.2648881241112058,0.37609746696483315,0.38839668176045233
28,11,0.2501349523663521,32,6.305109574776923,1.0428762970245584,0.3040618726020725,0.3527537103720659
28,12,0.11502497643232346,32,6.92110782002359,0.6476849399574176,0.23183393862543442,0.27972058561837404
28,13,0.4970541726797819,32,5.504814141497533,0.9639974605584394,0.40397514671090184,0.36956826033996903
28,14,0.45310105197131634,32,4.936771534495252,1.2080343194037972,0.45180876692363303,0.39962658005293966
28,15,0.24197830073535442,32,5.965628694294034,1.0862043866188404,0.38567200416740555,0.3723734893555851
28,16,0.2833486460149288,32,5.855220496639742,1.2149917420708443,0.38546524343899247,0.3483633246514176
28,17,0.21485060639679432,32,6.59497197960845,0.8057456413508755,0.3178401983405761,0.2952215749815704
28,18,0.1745105404406786,32,6.642067135586506,0.7663920992002975,0.3047954383088568,0.287923914336861
28,19,0.130634643137455,32,6.6968281655591415,0.8669515176619651,0.326467047729079,0.3109470753120998
28,20,0.223183648660779,32,6.323661823415733,0.9647183023062302,0.3957061659900746,0.354591418590979
28,21,0.139632785692811,32,6.018640363095079,1.2778020297787371,0.3998533462614471,0.34479045798776053
28,22,0.13410921953618526,32,6.122868726556443,0.9769099742536334,0.3619188608417523,0.348870648118861
28,23,0.06240106746554375,32,6.388077083937862,1.110630512320892,0.35131822814489033,0.31898519913586
28,24,0.10221629776060581,32,6.055700456405628,1.1558948032863574,0.3856996879432234,0.33273142762482566
28,25,0.07429605349898338,32,6.1232410497920915,1.2750629256672736,0.37458052893437926,0.3230164218855631
28,26,0.09485724940896034,32,6.050545178807631,1.0842943662030624,0.39436548583303943,0.3309191302729112
28,27,0.10294029861688614,32,6.349402347912855,1.0346714517314304,0.3761775215836002,0.34084256058779877
28,28,0.07815021090209484,32,6.92361515228456,0.7891123945894218,0.3533703390582786,0.3332091131378272
28,29,0.03139532543718815,32,6.659616157293857,0.9634454668585768,0.3211999269208334,0.3032677902545494
28,30,0.14841251075267792,32,6.124425337518276,1.0200191704455985,0.3950414496557542,0.35364007960341753
28,31,0.053505789488554,32,7.0762996249422425,0.8990608377058198,0.3160861325989061,0.33314552588375884
29,0,0.2849534507840872,32,6.635749596943013,0.8302440910872741,0.13177228529161508,0.1870234425225455
29,1,0.035041699185967445,32,6.8662491098229115,0.8786906388676563,0.2817770022498609,0.33433681779770974
29,2,0.04624327830970287,32,6.397332401916869,1.0672562079215853,0.40224551926894925,0.4618905317655958
29,3,0.062229687348008156,32,7.302654741107375,0.7564649142834039,0.2544384076701899,0.32719057331776463
29,4,0.09330951422452927,32,6.955325359476953,0.9479231888101136,0.2534425256520449,0.33816705832790894
29,5,0.17254226468503475,32,6.405560072238602,1.1791120069492589,0.3197988725607257,0.3886455785730558
29,6,0.1260406468063593,32,6.923944624830385,0.9842160025361437,0.27392573948754073,0.36850313208282237
29,7,0.14057240821421146,32,6.714482563264806,0.8334817398541539,0.339981468100517,0.3373762535224848
29,8,0.3120231945067644,32,6.28945231450152,1.08523223047706,0.41139000588356645,0.39072491723069613
29,9,0.35210862569510937,32,6.306435689698146,1.0378784896334956,0.39827982761475417,0.35605804470386215
29,10,0.3554141093045473,32,5.857906246020938,1.067780266969069,0.43311242381593323,0.37481111892535174
29,11,0.3033935986459255,32,6.265143400261814,1.045286523387106,0.4186317381906719,0.3400516201050407
29,12,0.15755970403552055,32,6.8029605878942565,0.7426622627833908,0.28143404583501863,0.25603771996761054
29,13,0.5862809401005507,32,4.817748804115944,1.0398795979717503,0.30609129198316526,0.36956826033996903
29,14,0.42191521637141705,32,4.35994147036995,1.279204652217338,0.3516945186098156,0.41945481272660345
29,15,0.25265879556536674,32,6.017987810180271,1.0622490185361784,0.27723801235201073,0.3743196962908113
29,16,0.21506064385175705,32,5.774117078976727,1.2906753526602328,0.317025115906272,0.3675438036464432
29,17,0.22342166118323803,32,6.429156471295508,0.8719409608293835,0.22344997297906782,0.30895194328119097
29,18,0.19244458340108395,32,6.690026823458688,0.8083074902791916,0.24558794395127298,0.3065224071266604
29,19,0.12200015224516392,32,6.6428772688150906,0.9180125042236336,0.2519892179602025,0.31918636661678956
29,20,0.2443796917796135,32,5.979192280445393,1.115021440249813,0.29385642397876055,0.3843274127022647
29,21,0.1148463673889637,32,6.172592098743527,1.2195618690188876,0.2521553915848691,0.3588446571542612
29,22,0.11914669722318649,32,6.0297786116479575,1.1317307642369938,0.29778233819728234,0.3604979040989129
29,23,0.05942148342728615,32,6.3809566191057225,1.1205767840012655,0.24979706590956707,0.3423799246740921
29,24,0.08841245621442795,32,6.3868068118912475,1.1301774346938647,0.2774311233432151,0.36323585323198887
29,25,0.05571615695953369,32,5.889032870234793,1.3752496830781311,0.2816415637996724,0.3431423563478628
29,26,0.07808422856032848,32,6.106663294303663,1.1082970844205358,0.294177142806341,0.34496730799044384
29,27,0.08139559254050255,32,6.53759453937007,1.0320194317390419,0.29299608168244484,0.3579768345086954
29,28,0.07097544707357883,32,6.88992533111235,0.8632240148567583,0.2473977245595591,0.34932006955969397
29,29,0.04003676399588585,32,6.713467034921961,0.9797245072543852,0.2455701303956921,0.3113552029588829
29,30,0.16042472794651985,32,6.2555890222344885,1.0602442007445187,0.2795527207062541,0.36445658404497444
29,31,0.06357279606163502,32,7.006711819917049,0.9756831875065162,0.2705063519819098,0.33314552588375884
30,0,0.2587340231984854,32,6.598156405217821,0.831690375755656,0.1658329341181704,0.18099670684344304
30,1,0.039081646129488945,32,7.000797370131213,0.8202437860465057,0.29718016620196996,0.33433681779770974
30,2,0.06964661926031113,32,6.427336867500204,1.1151569608170036,0.4230330783705677,0.45182474869250006
30,3,0.05462138168513775,32,7.34374343807454,0.7366786722895746,0.2662053382375433,0.32719057331776463
30,4,0.0843821782618761,32,6.881565480422183,1.0327129827013701,0.2687043012861453,0.3266582323382829
30,5,0.12794189155101776,32,6.434056232491306,1.1900742229279153,0.3206801974876891,0.37692362488273035
30,6,0.1434146799147129,32,6.820435701650568,1.0490297215534694,0.28915310897513646,0.35547374065269144
30,7,0.13302632421255112,32,6.7818890940546215,0.8984641779212801,0.3405374934617426,0.3340804144705828
30,8,0.2884042225778103,32,6.175871516422394,1.2260782029319115,0.39521097444284015,0.39072491723069613
30,9,0.34250171296298504,32,6.343251330649419,1.0544926904567689,0.3181402842118197,0.35605804470386215
30,10,0.347820196300745,32,5.500262967880587,1.2288113301306662,0.39831962473828675,0.37481111892535174
30,11,0.29103080928325653,32,6.205950312886495,1.107337745383143,0.37084731454906783,0.3400516201050407
30,12,0.15533793531358242,32,7.062718689431773,0.6426909552001865,0.2748389285402085,0.25603771996761054
30,13,0.5357585735619068,32,5.0997309450031825,0.8731394754819135,0.38514126180629266,0.3631163839082203
30,14,0.4770996570587158,32,4.721764322590084,1.163197731390138,0.39118896187401625,0.39165598559601433
30,15,0.2955765388906002,32,5.996079203107671,0.9906875223233556,0.35497853755260556,0.3723734893555851
30,16,0.275271762162447,32,5.3489887951993245,1.2660213413309025,0.3961761809445975,0.3675438036464432
30,17,0.21075161918997765,32,6.291446670524263,0.8778295083689143,0.30015746913565117,0.30895194328119097
30,18,0.22673946246504784,32,6.3637257725267276,0.7907016339836819,0.300502409818649,0.3065224071266604
30,19,0.19812229461967945,32,6.258259570375199,0.9263926588603892,0.33179036220265806,0.31918636661678956
30,20,0.2693170756101608,32,5.735149519093196,1.1235561752177743,0.37862512390608616,0.3843274127022647
30,21,0.21636276319622993,32,6.282753615779798,1.0335687513399616,0.38255234831758883,0.3588446571542612
30,22,0.20902818627655506,32,5.725843165993304,1.1883935198606235,0.3535002149064717,0.3604979040989129
30,23,0.1340254470705986,32,6.069657694191577,1.163357572665162,0.33994029994197383,0.3423799246740921
30,24,0.12973922304809093,32,6.148449191139026,1.0495389181789747,0.37612399897171694,0.36323585323198887
30,25,0.09847484156489372,32,5.880531928183517,1.3033114700974453,0.35243492195415493,0.3431423563478628
30,26,0.1047004722058773,32,6.287458921521402,1.0182997558692843,0.3560753762668334,0.34496730799044384
30,27,0.13546079769730568,32,6.087643552292903,1.130006579403144,0.35344776078561646,0.3579768345086954
30,28,0.08627110347151756,32,6.9208182338938515,0.8399251096713058,0.34670903675174514,0.34932006955969397
30,29,0.05207313038408756,32,6.940897048403679,0.820990201989507,0.3044571120661024,0.3113552029588829
30,30,0.19169031828641891,32,6.199267444565821,1.0718680947285844,0.3617484451573487,0.36445658404497444
30,31,0.06972180306911469,32,7.098325360917551,0.8875778057953987,0.36227428289595903,0.33314552588375884
31,0,0.29081663116812706,32,6.637717570173713,0.8535466670483061,0.1779584801615749,0.18099670684344304
31,1,0.04259735345840454,32,6.84524114693151,0.9206730909622713,0.3122018750504996,0.33338240020414106
31,2,0.07049722597002983,32,5.976169741391983,1.2075972469036511,0.4785372741669071,0.45182474869250006
31,3,0.0525289811193943,32,7.241668908812497,0.8033957628938877,0.29159283232728195,0.32719057331776463
31,4,0.09637957438826561,32,6.902610531052392,1.0113190877902607,0.28088941495643044,0.3266582323382829
31,5,0.18547609075903893,32,6.276759057984965,1.2155834899682958,0.37412539830216957,0.37692362488273035
31,6,0.15911935456097126,32,6.745579277544154,1.0947106235390978,0.3062449017046891,0.35547374065269144
31,7,0.14506267756223679,32,6.78382770093949,0.9467983947794991,0.3062611553091802,0.3402594807811298
31,8,0.34600504115223885,32,6.041886746743993,1.0963622727423088,0.34893194935266814,0.3955618686361542
31,9,0.26570812799036503,32,6.201443856125963,1.116500623020598,0.30689320032648104,0.35605804470386215
31,10,0.3409289177507162,32,5.665666607168269,1.193861849439144,0.37400298022616585,0.38720854585155995
31,11,0.302956510335207,32,6.364512085388776,1.0391251626355373,0.33012028216526806,0.3527537103720659
31,12,0.12302720546722412,32,7.046542590850536,0.609830442057576,0.22926905978976014,0.2756632913817031
31,13,0.47668020986020565,32,4.757367571004263,0.8760848617258423,0.26207719909301835,0.36956826033996903
31,14,0.3913795053958893,32,4.630890287882264,1.1260724136288225,0.34762022399130643,0.40068966967779107
31,15,0.3222838584333658,32,5.812483473642105,0.9751962131039207,0.3092469581635289,0.3723734893555851
31,16,0.2759347427636385,32,5.279064904508164,1.156214889893043,0.28795446747084086,0.3883337612308634
31,17,0.17335724644362926,32,6.3337023341811305,0.8053221962996133,0.19066323046342262,0.30899883373811365
31,18,0.1585378348827362,32,6.40859874623384,0.7295834227226194,0.18491047435797928,0.3065224071266604
31,19,0.16123381070792675,32,6.1822124615832825,0.8557722918148816,0.213286390583392,0.32912870496586855
31,20,0.2212658580392599,32,5.5166979444480475,1.121526562575121,0.2657571303995616,0.3843274127022647
31,21,0.1607056986540556,32,6.275075199769079,1.0122473721511742,0.28650753240008386,0.37542166199714777
31,22,0.1884216871112585,32,5.697853140765426,1.0336822545003237,0.26220541808147035,0.3604979040989129
31,23,0.09453056938946247,32,6.271465620227028,0.9924448910166799,0.22964531126889492,0.34261331902510606
31,24,0.11798366531729698,32,6.020028597260335,1.0375747749829065,0.23649623266297282,0.3766594982771939
31,25,0.09639381989836693,32,5.842822159615894,1.2834709249919527,0.2227043646077925,0.3537434606988464
31,26,0.1075241006910801,32,5.997063919746742,1.0357855480531946,0.22651449863986273,0.3542257790605037
31,27,0.13353571854531765,32,5.901077747395634,1.1434392819773853,0.22850288409364955,0.3613332705831603
31,28,0.0983468759804964,32,6.714910091206698,0.9011949202592309,0.24356999992113504,0.34932006955969397
31,29,0.05300673469901085,32,6.722540331258606,0.9153910338822149,0.22255555364023497,0.3113552029588829
31,30,0.16611230373382568,32,6.2138259577418955,0.982152404086948,0.22767046432408863,0.36666165560659375
31,31,0.07668482325971127,32,7.009400919552185,0.905397708629315,0.2390055656431024,0.33846349618982075
32,0,0.2958273980766535,32,6.643707625331142,0.8436971036921452,0.13465019143795895,0.17940443969017317
32,1,0.061151258647441864,32,6.9988727228555145,0.8813233418552775,0.31445536916721345,0.3235191330419436
32,2,0.06656432338058949,32,6.232831473323612,1.127485967887079,0.4473250052180522,0.4624265376198674
32,3,0.058099448680877686,32,7.190202561860771,0.7873144134041787,0.2790306323287771,0.31167706774050186
32,4,0.09623934328556061,32,6.912675332650725,0.969385848307363,0.2741604868547802,0.31637419449867243
32,5,0.1961333192884922,32,6.340255802743861,1.1469946965678757,0.33901207635624453,0.370340352327079
32,6,0.1512492299079895,32,6.643802985440278,1.133876742836751,0.26466621277637126,0.33699826099317765
32,7,0.1182191614061594,32,6.668512426368361,0.9299911088707038,0.29143307042036537,0.3402594807811298
32,8,0.3392787463963032,32,5.643758224709656,1.1375588702485802,0.31357783895587266,0.3955618686361542
32,9,0.29154404252767563,32,6.089083516733273,1.0943384463589014,0.2732629211804699,0.3552172000519222
32,10,0.34040114656090736,32,4.945494324449685,1.2241951234227795,0.34400108583336575,0.38720854585155995
32,11,0.33835229836404324,32,5.868567704631193,1.1548887421984233,0.3034385135632391,0.3527537103720659
32,12,0.13529635407030582,32,6.805643194531403,0.7018155023429626,0.19155072633430253,0.2756632913817031
32,13,0.48461810126900673,32,5.374250123107416,0.922042082619484,0.31201971287676367,0.3631163839082203
32,14,0.463930144906044,32,4.978488534841895,1.0646435341406226,0.4021718237602482,0.38215527779223957
32,15,0.2640505339950323,32,5.879036594161907,1.015571170845745,0.32425180498338046,0.363531544980386
32,16,0.2612982988357544,32,5.202128487489383,1.1794486903921575,0.31941256254006306,0.3675438036464432
32,17,0.12209234945476055,32,6.337400638036097,0.8311334954598664,0.20916138298048,0.3001105786787285
32,18,0.10961437039077282,32,6.51378142338689,0.7772573263431797,0.23270765240259442,0.3026489240637529
32,19,0.1361234039068222,32,6.276179470434737,0.8536871380405868,0.24815880044741212,0.32912870496586855
32,20,0.2208416536450386,32,5.630617800878936,1.084057338898412,0.32524892408213424,0.3834392508533462
32,21,0.12436823733150959,32,6.320933301583974,0.9928737366846008,0.279265536954013,0.3588446571542612
32,22,0.1335376538336277,32,5.832959629063132,0.9265950959105149,0.2842888237471376,0.35628858113127265
32,23,0.0694033782929182,32,6.352232930909461,0.9938585973176286,0.2657561571359407,0.3397069055909599
32,24,0.09795192070305347,32,6.203409539096878,1.0274934222381473,0.29380301632581296,0.3766594982771939
32,25,0.07781394012272358,32,5.817188019986798,1.247274418088919,0.31571272153382807,0.3537434606988464
32,26,0.11031999811530113,32,5.893573346169063,1.0304313891218948,0.29065549847445615,0.3542257790605037
32,27,0.09102145209908485,32,5.9525276106478895,1.0961573862194403,0.3175762058176926,0.3613332705831603
32,28,0.0812501460313797,32,6.610020006107996,0.9461010096971973,0.27071175729111707,0.34932006955969397
32,29,0.052501458674669266,32,6.556612170808413,0.994982269607898,0.24727394321694576,0.3113552029588829
32,30,0.16118986904621124,32,6.221334858988212,0.9920734518066316,0.22875932150805295,0.36666165560659375
32,31,0.06998963467776775,32,6.940705479425335,0.9449594407090247,0.24726063328961262,0.33846349618982075
33,0,0.2569821085780859,32,6.503360467291536,0.8844619018000284,0.11646383144303417,0.17940443969017317
33,1,0.031724199652671814,32,6.888432438928094,0.9015360412005107,0.2854408102980249,0.32396974921514
33,2,0.05863773263990879,32,6.047421505371635,1.1846003027501384,0.4187297266261755,0.4624265376198674
33,3,0.036007724702358246,32,7.104919853761912,0.806714031825889,0.2637327520555747,0.31167706774050186
33,4,0.0723267663270235,32,6.903863574806621,0.9478232875335335,0.25757992301955074,0.31637419449867243
33,5,0.13178986124694347,32,6.203407446359035,1.2035031849826083,0.34064282831869597,0.370340352327079
33,6,0.12587838433682919,32,6.915758223427348,1.0009995231555955,0.3000437609281812,0.33699826099317765
33,7,0.12789184600114822,32,6.844420882047155,0.8059363365581795,0.3070765631910156,0.3402594807811298
33,8,0.2843442093580961,32,6.336527558615441,1.0016164853136669,0.37142161512568517,0.3955618686361542
33,9,0.3405891824513674,32,6.485238253039347,1.044058878292362,0.3495274178246268,0.3552172000519222
33,10,0.3446255177259445,32,5.723987941052126,1.2241110407591718,0.5084025932682972,0.38720854585155995
33,11,0.2851997409015894,32,6.367758005741848,1.0550566060201279,0.4379707916757891,0.3527537103720659
33,12,0.09467460960149765,32,6.971786573576805,0.679846888093218,0.3375602515529739,0.2756632913817031
33,13,0.5496237799525261,32,5.832760827462124,1.0140843431705129,0.4400124793310104,0.3631163839082203
33,14,0.44546031579375267,32,5.9010266913484095,1.17500350149185,0.5524392142092457,0.3966803928171322
33,15,0.21229690685868263,32,6.346520752534991,1.1170986068781126,0.46320193310883845,0.339615171267993
33,16,0.2028489913791418,32,6.408482603041952,1.1472831167449806,0.5251526039994738,0.34183580153329485
33,17,0.23483040928840637,32,6.700176350361155,0.9610416182358756,0.459180349053083,0.28552777160065584
33,18,0.1561953779309988,32,6.894831650707325,0.861652884448513,0.4513670790655335,0.28229156179281467
33,19,0.11171087622642517,32,7.077749411913056,0.8497962991957237,0.46295873084092964,0.31918636661678956
33,20,0.24054607935249805,32,6.683868055566696,0.9962924768014565,0.5226179253576662,0.35370325674206043
33,21,0.0993554312735796,32,6.53480236170446,1.1515653701118396,0.46629254249952956,0.34479045798776053
33,22,0.08007961884140968,32,6.761228137185945,0.9296478783873772,0.4882087271431726,0.34608228189406004
33,23,0.0660791490226984,32,6.925458736514809,0.9655816195205089,0.43159018831979323,0.31898519913586
33,24,0.07865342311561108,32,6.8640265269855885,0.9936062278857385,0.45265278592616653,0.34615507267003076
33,25,0.04521913081407547,32,6.540900833231662,1.13598981154293,0.4384776642683259,0.3340738217439915
33,26,0.08367974497377872,32,6.285448076249657,1.1105452382255718,0.49820719971442406,0.3458570743564342
33,27,0.07506328076124191,32,7.055202062920122,0.8536821160444577,0.48470936490570266,0.35009132471115156
33,28,0.07110442593693733,32,6.895891473812535,0.9580370787872585,0.41512945169871784,0.3473615867282305
33,29,0.04118564911186695,32,6.658614456326713,0.9466124727079883,0.39294075319633237,0.3113552029588829
33,30,0.11552125960588455,32,6.6825335706251145,1.0203652190106922,0.4593244082927572,0.36666165560659375
33,31,0.044844020158052444,32,6.991586712215019,1.0111019192947364,0.4184558353818807,0.33314552588375884
34,0,0.27113649621605873,32,6.709812339878718,0.8133489321393128,0.211673129592993,0.17189570713987265
34,1,0.04868685267865658,32,6.8608996804957485,0.939383892703491,0.3660356907805495,0.3140047529940171
34,2,0.037976691499352455,32,6.526901631848466,1.1735140033658435,0.4974422988175613,0.45572471113392066
34,3,0.022919107228517532,32,7.161817041104807,0.8215667302374579,0.3646508974634307,0.292696346697215
34,4,0.07609418407082558,32,6.893292201083682,0.9681875738999022,0.3878605733306426,0.28967935501424025
34,5,0.17003187909722328,32,6.276366172711561,1.170872564355216,0.3649229156532097,0.370340352327079
34,6,0.08998711220920086,32,7.033846964911673,0.9194790046194647,0.37683407576755396,0.33055762646857656
34,7,0.10382933355867863,32,6.887417347404185,0.8467432435593185,0.39933448714551956,0.3402594807811298
34,8,0.23200258798897266,32,6.537031948454279,0.9231300403490312,0.43264148433187355,0.3955618686361542
34,9,0.315141286700964,32,6.765119009508817,0.9607410806955752,0.3659913149302023,0.34826047837633944
34,10,0.3160257525742054,32,6.773137444760021,0.8580233615019353,0.5111679028487247,0.40079410868666054
34,11,0.2522327359765768,32,6.7108786129967175,0.8030960277019057,0.390793148579728,0.36276864720359164
34,12,0.08875604160130024,32,6.904972456805417,0.62577185696518,0.2669163941379998,0.27896085002910814
34,13,0.5432435963302851,32,6.763357095163546,0.6988392091164872,0.3647299809466079,0.3769015636306997
34,14,0.40304900519549847,32,6.454402766380868,0.9323466442694563,0.3809045722037574,0.406181100620907
34,15,0.28833543695509434,32,6.849181352792968,0.9609092920683686,0.37694571715231884,0.3638204819278047
34,16,0.3034782335162163,32,6.612575980969519,1.1121337570215584,0.36894569890083284,0.3675438036464432
34,17,0.2918005511164665,32,6.751094675335921,0.9754406466430083,0.32076532871671715,0.3001105786787285
34,18,0.2750666830688715,32,6.831721361083927,0.9427314819523467,0.2932015705986706,0.3026489240637529
34,19,0.16369962692260742,32,7.132819632544262,0.8493015185294759,0.31431985069235713,0.32912870496586855
34,20,0.3384638726711273,32,6.682377323755928,1.0786100958714702,0.3994489492887478,0.3834392508533462
34,21,0.17977378144860268,32,6.4164856281607845,1.2979274390630708,0.3753516430388661,0.3655173007660596
34,22,0.2814784962683916,32,6.643754134745944,1.0605364797032752,0.37561457338261894,0.35628858113127265
34,23,0.14471245184540749,32,6.733043181396574,1.1059964752444147,0.40093511464437026,0.3397069055909599
34,24,0.1630487311631441,32,6.849149205891331,0.9986272872754087,0.3778009956127219,0.3766594982771939
34,25,0.11486226320266724,32,6.39593609179834,1.2882690322292518,0.37617643613642326,0.3554068655750343
34,26,0.1329331062734127,32,6.607595669749429,1.0741120475523438,0.46455509159488995,0.3555954608466637
34,27,0.1510159894824028,32,6.832348211663319,1.0135148068105888,0.42503457352499735,0.3613332705831603
34,28,0.12237417325377464,32,6.842656687546931,1.038670822733808,0.42585863052553674,0.34932006955969397
34,29,0.08685318194329739,32,6.885597708154777,0.8888112415075602,0.3947340247482364,0.315415705249545
34,30,0.19459530152380466,32,6.589836618618558,1.2029169905223709,0.45372655877384394,0.37400123906010163
34,31,0.07228024862706661,32,7.0274915382425185,0.9898910898503921,0.38392834836998807,0.33846349618982075
35,0,0.28047600388526917,32,6.626463282707476,0.932532905296708,0.20543627520948868,0.17189570713987265
35,1,0.055235158652067184,32,6.93150280073153,0.9315079125135268,0.3477455215445501,0.3140047529940171
35,2,0.07694627717137337,32,6.3066365063622705,1.258494587932022,0.4969787871780179,0.45572471113392066
35,3,0.041203537955880165,32,7.220225364037465,0.8136706798698095,0.33827646492495017,0.292696346697215
35,4,0.08772358484566212,32,6.990532292153551,0.954917526842328,0.34710343824250656,0.28967935501424025
35,5,0.13636641204357147,32,6.64057956697893,1.1705579334323488,0.44934952547157203,0.3657391110025991
35,6,0.08529976196587086,32,7.0118975528673095,0.9879626880619838,0.42275185424449885,0.33055762646857656
35,7,0.12261682376265526,32,6.764403734603455,0.9323454796208983,0.41394933299049397,0.3402594807811298
35,8,0.2708807997405529,32,6.755316076063761,1.0247492060709895,0.4286671078064983,0.4033004901632033
35,9,0.3350346814841032,32,6.820930819125731,0.932430369804953,0.3920517413293011,0.34826047837633944
35,10,0.37449473701417446,32,6.431853058081804,1.124619136314375,0.4756575714693293,0.41571602427710996
35,11,0.27062104642391205,32,6.724904947835402,0.9619570367902677,0.3587441207040719,0.3648422450795476
35,12,0.1630872581154108,32,7.069950330115795,0.6629385146636526,0.27631566868898993,0.2756632913817031
35,13,0.6081111915409565,32,6.463524002408274,0.7562381682978838,0.39230767792016297,0.3749356213764503
35,14,0.49270677007734776,32,5.8399319839102395,1.1253970510230111,0.4561257301625471,0.406181100620907
35,15,0.29325384087860584,32,6.483229444596661,1.0068613372285027,0.40621366475738535,0.3748040717276613
35,16,0.31747342832386494,32,6.379104575424748,1.2233004011775295,0.32446529170391564,0.37720547116991265
35,17,0.2999269384890795,32,6.905270966265799,0.8446587603214128,0.31025063591521956,0.30899883373811365
35,18,0.2233157902956009,32,6.985700357506075,0.8009614598572155,0.30463419025289407,0.3026489240637529
35,19,0.17192640341818333,32,6.967377969931727,0.8632735517717469,0.3426310523249245,0.32912870496586855
35,20,0.3480800911784172,32,6.5569592944813735,1.0640616073440565,0.40351308427140464,0.3919797718953404
35,21,0.22386429272592068,32,6.067424497771734,1.4475098705789113,0.38549359742966804,0.37895199567822746
35,22,0.28490579687058926,32,6.61218020363268,1.0197076154312033,0.3762370573786942,0.3604979040989129
35,23,0.1369139701128006,32,6.692484963769465,1.0430228079487067,0.35133650539423833,0.3456292640434321
35,24,0.15639149211347103,32,6.870637442452999,0.960934071791133,0.35205119454559275,0.37749799659769645
35,25,0.11690953560173512,32,6.50372754695926,1.1782035286013928,0.35696476639631436,0.3620346770196245
35,26,0.16047371737658978,32,6.546844383640103,1.0504739173721545,0.34429583346231574,0.361289004404243
35,27,0.1517712138593197,32,6.880168723854378,0.9529501992228697,0.34038236613963324,0.37269815098215214
35,28,0.16155039332807064,32,6.801734911628917,1.0188292173920095,0.35243342667328037,0.3519981707364754
35,29,0.09353060834109783,32,6.953773947518442,0.8731143049798158,0.2887308220077086,0.3186030481459492
35,30,0.2763296850025654,32,6.733039752913979,1.0875636905028898,0.3508692664216023,0.38098512349541336
35,31,0.11589117906987667,32,7.066878102008639,0.9331600078057409,0.32329870769927876,0.3510573128677559
36,0,0.2536417953670025,32,6.644354624271347,0.8933343821672572,0.23576071896221842,0.17940443969017317
36,1,0.043031949549913406,32,6.9359046777466755,0.8749556902145788,0.2848676173645118,0.32396974921514
36,2,0.058795757591724396,32,6.216108016797035,1.2562678365840707,0.44499783861134345,0.47133084560834815
36,3,0.04353940114378929,32,7.302077728339624,0.7409081733721656,0.24169423338997753,0.31167706774050186
36,4,0.10044047981500626,32,7.062881445504987,0.9296431186705361,0.24940490947858507,0.3200265743417209
36,5,0.14742141216993332,32,6.720034987530436,1.1016098220789434,0.3108727485262156,0.370340352327079
36,6,0.11705304309725761,32,7.033751906568478,0.9257841057746825,0.2723669065579537,0.35547374065269144
36,7,0.16061764396727085,32,6.78132114180505,0.8785984742578252,0.2814084989543185,0.3551575774311806
36,8,0.28962708823382854,32,6.9159124335632205,0.9169895857179897,0.3127728444269353,0.4200285568450324
36,9,0.37857634760439396,32,6.9266337039649475,0.893207730263704,0.30332465390315905,0.35775936637741457
36,10,0.34566347673535347,32,6.56940218917717,1.004841571542876,0.3945647675677319,0.43789493241570465
36,11,0.3404750060290098,32,6.665888470941854,0.9619743165486101,0.35588979925527425,0.3648422450795476
36,12,0.16477183997631073,32,6.889761812243211,0.682694973761083,0.2808111244602702,0.27557729861459923
36,13,0.5525657944381237,32,6.629892797804276,0.6765805728795318,0.42945502092575544,0.38872446986322784
36,14,0.4762469306588173,32,5.9293400992337215,1.178367645606503,0.5384305913568448,0.42222351395098223
36,15,0.2593491915613413,32,6.360343688717435,1.1575113654125708,0.40310043311980653,0.3813088606598622
36,16,0.312300618737936,32,6.211349905217253,1.2737144940740537,0.36287581768115995,0.37720547116991265
36,17,0.29450802132487297,32,6.640562485025912,1.0353214145946268,0.2988262107833016,0.3140454171278978
36,18,0.22150752879679203,32,6.849163841794697,0.879415355130682,0.24683855703241003,0.3025683000357715
36,19,0.15773512050509453,32,6.9911542156493915,0.8690549214053886,0.26270564951475006,0.32912870496586855
36,20,0.2620512004941702,32,6.495139253525172,1.090005249450896,0.35125645791070204,0.39757755763941116
36,21,0.18954334408044815,32,6.009459638214105,1.4189836198491612,0.35075456935538946,0.3840229728736284
36,22,0.2699997667223215,32,6.216878883451967,1.1761016711721908,0.34073816579787664,0.3604979040989129
36,23,0.15437344834208488,32,6.482304800838573,1.1019849300361368,0.3049904493104124,0.3456292640434321
36,24,0.17002110369503498,32,6.4711566074663,1.1352745134545765,0.32166944297649136,0.3766594982771939
36,25,0.1347324550151825,32,6.114955552670683,1.4034983793303226,0.3369342573438744,0.3576717877961141
36,26,0.17863822914659977,32,6.511689070794333,1.0878735444467775,0.3010451471869265,0.3555954608466637
36,27,0.15205715224146843,32,6.486720564668252,1.1251953377732598,0.32994141004227795,0.3613332705831603
36,28,0.15182848647236824,32,6.751782415063859,1.0285487744597894,0.3217199693280355,0.3515297145439763
36,29,0.10257265344262123,32,6.79002383704316,0.9271915389172634,0.29172691829214203,0.315415705249545
36,30,0.2815569303929806,32,6.485242602046812,1.1280027451843768,0.2898712155678461,0.37400123906010163
36,31,0.10320441424846649,32,6.878274050064368,0.9909935857292043,0.3101599776468378,0.33846349618982075
37,0,0.25553408078849316,32,6.585262249307802,0.9406384538215455,0.15829425467005465,0.17940443969017317
37,1,0.040388284251093864,32,6.866186203040148,0.9167448571813068,0.34119112170270527,0.3140047529940171
37,2,0.0830721128731966,32,6.049550624297792,1.2001269938391186,0.46449224914173554,0.4629311396924797
37,3,0.05067211762070656,32,7.2449531650712204,0.796240505971066,0.31739967289916293,0.292696346697215
37,4,0.13030843064188957,32,6.908191972064777,0.989598188099496,0.3307966801262099,0.2885834046842337
37,5,0.21770612709224224,32,6.096037039405745,1.303024350432887,0.42422929820196126,0.3657391110025991
37,6,0.1610770020633936,32,6.614454716760379,0.9690891745446688,0.5079911888724302,0.35547374065269144
37,7,0.12907077372074127,32,6.060075529166436,0.8156339792402445,0.6351536677128178,0.3551575774311806
37,8,0.16510767489671707,32,5.823893901516123,0.7793465588971387,0.7085841381858544,0.4200285568450324
37,9,0.07340495847165585,32,5.824602134166746,0.8852207228910078,0.7219974087968053,0.35775936637741457
37,10,0.07095656730234623,32,5.680126462603143,0.9080535141847097,0.7201677558903374,0.43789493241570465
37,11,0.1000746376812458,32,5.293341295899147,0.6908876374521071,0.7100763224238216,0.3648422450795476
37,12,0.0671012569218874,32,5.379650497171987,0.5134917986300263,0.6781738563359091,0.27856339657463003
37,13,0.2096141967922449,32,5.204662231058967,0.6863012385563634,0.8048423995469685,0.3981414123155324
37,14,0.2382324356585741,32,5.132576660062164,1.1891653403042843,0.7349753845871152,0.44704198553267466
37,15,0.13917438313364983,32,5.683502330256436,1.315902792267253,0.652218562688812,0.394386218643606
37,16,0.1922691948711872,32,6.092986725409197,1.2125127482493383,0.5421122571043242,0.37720547116991265
37,17,0.09922662936151028,32,6.679566683556861,0.9377674575773165,0.5545668760945669,0.3140454171278978
37,18,0.09543783590197563,32,6.848617468827522,0.837413239365417,0.5061901670535853,0.3025683000357715
37,19,0.08418798446655273,32,6.844655056431529,0.90680615002743,0.4593692002289968,0.32912870496586855
37,20,0.13251431472599506,32,6.511231398872029,0.9737847991926571,0.5323973218695192,0.39757755763941116
37,21,0.09843318164348602,32,6.365367014736441,1.2662500140009074,0.5384668011894822,0.3840229728736284
37,22,0.09836054779589176,32,6.299929243454531,1.0223695748814476,0.4498535046955697,0.3604979040989129
37,23,0.05733449570834637,32,6.565949955294016,1.0335626825750106,0.3655604409037665,0.3456292640434321
37,24,0.05542493797838688,32,6.327249898790349,1.0588909603768144,0.40853014770157947,0.3640875967586549
37,25,0.05341408774256706,32,5.994477782590832,1.319748918413448,0.45120497352535305,0.35469984417523465
37,26,0.1176627166569233,32,5.826463827915308,1.2249245927697787,0.43109132488333735,0.35018560486457456
37,27,0.14455769211053848,32,5.889149017032175,1.1904527509498353,0.4595652002393593,0.35009132471115156
37,28,0.08232719823718071,32,6.850449409755232,0.8732366949765513,0.4194320356361567,0.3502237816889981
37,29,0.0671957228332758,32,6.335549027481643,1.0821403388355852,0.39905824162579706,0.315415705249545
37,30,0.1964815016835928,32,6.467266289625693,0.949700024053012,0.4362066927288443,0.36666165560659375
37,31,0.05108539201319218,32,6.949162351418871,0.9442853754875529,0.38520764825048953,0.3318592663991716
38,0,0.267010647803545,32,6.731970367298569,0.8037367822660322,0.22636965245674062,0.17189570713987265
38,1,0.03293676860630512,32,6.9059464681609555,0.8981430464562958,0.35295092388932625,0.3140047529940171
38,2,0.06277292966842651,32,6.031937697608012,1.1571145317279328,0.44861989640720606,0.4559086271798939
38,3,0.056130094453692436,32,7.23112620329645,0.7499032278138964,0.29435844963774327,0.292696346697215
38,4,0.06895587220788002,32,6.918368565948369,0.9287329593017324,0.370748246728113,0.2885834046842337
38,5,0.13114789314568043,32,6.265393409872121,1.2265586003756974,0.4856608806140515,0.3657391110025991
38,6,0.13963131606578827,32,6.785053948737711,1.0980044796231905,0.5533541949416891,0.35547374065269144
38,7,0.18043961748480797,32,6.637004113435266,0.896779487436608,0.6829596799657769,0.3551575774311806
38,8,0.343511201441288,32,6.270150489595581,1.1964100291960822,0.756264244748527,0.4200285568450324
38,9,0.3772876765578985,32,6.286067477622112,1.2283763517302004,0.7487885910577889,0.3790215281297517
38,10,0.32874609902501106,32,6.054764672240649,1.107095107246474,0.7661599930091516,0.4591675062424027
38,11,0.3628774955868721,32,6.441995183417195,1.0479798490920729,0.7255788028562677,0.3808202315643979
38,12,0.15945708192884922,32,7.0979387003571865,0.5991451589552499,0.6717108222873207,0.28112258514764443
38,13,0.6070704143494368,32,5.150325834193815,1.0282866191096636,0.8463429526240207,0.41671508381832867
38,14,0.48084587045013905,32,5.368145163883692,1.1275660117057429,0.7481459684410788,0.45396724854309006
38,15,0.3341925535351038,32,6.149493288991393,1.138409300859771,0.6701689938769179,0.40465704893859594
38,16,0.2941406611353159,32,6.03377693399212,1.1764186881837455,0.5660312617062664,0.3883337612308634
38,17,0.28647705540060997,32,6.574801320272497,0.9849956738812544,0.4737656568377911,0.3193027635286466
38,18,0.2539039719849825,32,6.410628756937057,0.9638964148476212,0.44370242301393464,0.30471481428087543
38,19,0.1582188569009304,32,6.849457508362757,0.937527946890329,0.43680326367347927,0.3372107072637913
38,20,0.3149686846882105,32,6.298988089834019,1.097256168375016,0.48126175302550056,0.4014810167800762
38,21,0.17354166135191917,32,6.418075566799913,1.1870771386271226,0.48157753553327165,0.39037850746494784
38,22,0.2524690665304661,32,6.040321875012884,1.195323797944222,0.49021679966449966,0.3687667171121856
38,23,0.08724210411310196,32,6.695609578144353,1.0663046289524996,0.4269719778504546,0.35132736676956433
38,24,0.13457557745277882,32,6.319822227157577,1.1604277165751409,0.45351468682074997,0.3769624972922194
38,25,0.07918307185173035,32,5.878349469578261,1.4830225256797975,0.43735842148418536,0.3576717877961141
38,26,0.14330351538956165,32,6.207192156692042,1.2051664814305472,0.48540551257237985,0.361289004404243
38,27,0.13442648202180862,32,6.568423420167095,1.0991240109510194,0.505653484517266,0.3648126411846083
38,28,0.14439182542264462,32,6.871179881325306,0.9531300731222139,0.45569348346019806,0.3529018828657795
38,29,0.07627926208078861,32,6.7074865470674725,1.0053420790841274,0.43329865136376466,0.3186030481459492
38,30,0.23284263536334038,32,6.423189116761009,1.1507563525359652,0.5064748647898076,0.3736455400419054
38,31,0.10157966241240501,32,7.161909154775568,0.9022532935232093,0.4381004537183171,0.33846349618982075
39,0,0.25585775822401047,32,6.6867770894478555,0.819925751554007,0.22261867864599907,0.17189570713987265
39,1,0.03737816400825977,32,6.8719189748392555,0.989532934628528,0.4033552094991687,0.3140047529940171
39,2,0.0675826445221901,32,6.0428663056728285,1.3518126848206027,0.5038377878187603,0.44797245081262915
39,3,0.030902700498700142,32,7.227960032683885,0.7981847022046953,0.3667513638333284,0.292696346697215
39,4,0.09281529672443867,32,6.876506073917167,1.0291990630036025,0.3627402221519791,0.2885834046842337
39,5,0.13740229606628418,32,6.411341998965068,1.2209343929408698,0.3762427719968535,0.370340352327079
39,6,0.10543058812618256,32,6.704492412321818,1.1975607320686112,0.3544142770151798,0.35547374065269144
39,7,0.11292951554059982,32,6.741834887213798,1.0148841990223731,0.3393424166362029,0.3551575774311806
39,8,0.29700429551303387,32,6.2778774881000246,1.2148668190350502,0.36509030696578815,0.4200285568450324
39,9,0.2662810552865267,32,6.515178430395564,1.105700551950103,0.2773187556020894,0.3790215281297517
39,10,0.32518088072538376,32,6.11233578558752,1.1308958204520705,0.3414439128380193,0.4591675062424027
39,11,0.2750152088701725,32,6.751505293319369,0.9393935548502128,0.26838065377130715,0.3808202315643979
39,12,0.1444003079086542,32,7.038046745712791,0.6791818276817319,0.2213138861564976,0.28112258514764443
39,13,0.566066874191165,32,5.005700990638348,0.8667846298982083,0.31055092948371454,0.41671508381832867
39,14,0.3847389053553343,32,5.386082360128486,1.152473208377577,0.3552422171462205,0.45396724854309006
39,15,0.33724213764071465,32,5.792397184413106,1.1396072950514267,0.3451356442191652,0.40465704893859594
39,16,0.3247585576027632,32,5.679052675669175,1.240857147356171,0.34085798961506697,0.3883337612308634
39,17,0.3258284702897072,32,5.9394089673072425,1.0478381427481658,0.33382566482746123,0.3193027635286466
39,18,0.259277431294322,32,6.202704273845857,0.9393295774199073,0.2964990362031785,0.30471481428087543
39,19,0.2049857471138239,32,6.28658622259336,1.0630414684472944,0.3312555350748019,0.3372107072637913
39,20,0.33648756705224514,32,5.754653585131389,1.224572995837879,0.3645058538595921,0.4014810167800762
39,21,0.21824132092297077,32,6.139775441231257,1.1458366886309497,0.3832376484660287,0.39037850746494784
39,22,0.2616853751242161,32,5.9063888481507565,1.103507192724436,0.36818010379912525,0.37592581538065656
39,23,0.13887791521847248,32,6.415140157636004,1.0824905941813538,0.3459320014655993,0.35199185323229215
39,24,0.17391800321638584,32,6.08754934810921,1.173722540331081,0.37094125668410477,0.3780686512498058
39,25,0.11560792848467827,32,6.010077961190595,1.3623315352363132,0.3328872861389443,0.3664796690651465
39,26,0.1359428260475397,32,6.347911992981005,1.1205829582785087,0.3489391577255253,0.380434059187346
39,27,0.16179252602159977,32,6.255569164414441,1.1891639422006417,0.3436404288615117,0.3830882156654573
39,28,0.13863425515592098,32,6.878601137152188,0.9097802123001912,0.3445797398489632,0.3693959688561412
39,29,0.0631504338234663,32,6.850809547603237,0.9541639827057908,0.3045056212846411,0.32137497938890275
39,30,0.21720657125115395,32,6.259906552305607,1.137339645656687,0.3841182113987383,0.39029204229110814
39,31,0.09973867051303387,32,7.127944966748455,0.9016400892197325,0.3511001473049109,0.34968046621802396
40,0,0.24521245434880257,32,6.65945331421471,0.87107513832688,0.14744350162225217,0.17189570713987265
40,1,0.041880907490849495,32,7.070183995925799,0.8136408864563744,0.25625170817126836,0.3140047529940171
40,2,0.023066025227308273,32,6.497760901669124,1.155546809845923,0.4111544502727475,0.44797245081262915
40,3,0.026425210759043694,32,7.214248786576121,0.7519803906513776,0.25428864165587134,0.292696346697215
40,4,0.051846686750650406,32,7.05134933641863,0.9067529310297182,0.270154353902441,0.2885834046842337
40,5,0.12797342240810394,32,6.912696997435949,0.9616835307051099,0.3408839744219907,0.370340352327079
40,6,0.09000076726078987,32,7.019489274769664,0.9355435328455082,0.36732784235573707,0.3512819032322724
40,7,0.1388890352100134,32,6.769665721938395,0.8980290751356081,0.3311090639361548,0.3402594807811298
40,8,0.3246262352913618,32,6.468655559733996,0.956591229680523,0.34197594863678965,0.4033004901632033
40,9,0.30745377391576767,32,6.427021238257784,1.017442850263806,0.35103174437054097,0.35775936637741457
40,10,0.2713100891560316,32,6.327460149867806,0.982914054319167,0.4414680044618417,0.43789493241570465
40,11,0.35397802852094173,32,6.531703577132608,0.9555497216551228,0.4246654434324204,0.3648422450795476
40,12,0.10981300473213196,32,7.138263292648024,0.654875177462019,0.2498862659967997,0.27856339657463003
40,13,0.5926617868244648,32,5.116966213097714,0.7639188224638618,0.275734111460136,0.3981414123155324
40,14,0.37345337495207787,32,5.329736525764215,1.0396187444280258,0.32613176958703416,0.44704198553267466
40,15,0.38076789677143097,32,5.898975291117212,0.9752724126423793,0.26417924224235156,0.394386218643606
40,16,0.332024272531271,32,5.748650814652696,1.1387911732067986,0.24021731655940512,0.37720547116991265
40,17,0.27557046338915825,32,5.892839638212633,1.0228426644911597,0.1710290417714278,0.3193027635286466
40,18,0.24081261083483696,32,6.199113944143362,0.9365594931059915,0.17969205092848256,0.3025683000357715
40,19,0.22516829520463943,32,6.098276169831072,1.0486315663729089,0.20517739611027647,0.33152294863873
40,20,0.31629830226302147,32,5.4328840095891575,1.2078385740433415,0.25124979154363913,0.39757755763941116
40,21,0.23894714377820492,32,5.6714081210778104,1.2189977347628043,0.252065093529832,0.3843656229478484
40,22,0.2807707693427801,32,5.46257069863952,1.171269816764144,0.23093146113021415,0.3718973385908721
40,23,0.13601945713162422,32,6.097225600330797,1.1119581423182519,0.228828414713714,0.35132736676956433
40,24,0.1832774169743061,32,5.842325362467415,1.2442842835551726,0.22187912980379196,0.3769624972922194
40,25,0.10089175961911678,32,5.7199405036752236,1.4655127489416095,0.23784948395467556,0.3657726476653468
40,26,0.12804069183766842,32,6.080804604561408,1.170754677893834,0.20140858352859684,0.3752204310499364
40,27,0.1661172416061163,32,5.860121329623153,1.3057875833837915,0.2196952108876602,0.3648126411846083
40,28,0.09551873430609703,32,6.711938042133093,0.9385561516221745,0.233678777893285,0.3529018828657795
40,29,0.04914990812540054,32,6.763444567199357,0.9494730704356806,0.2212507644880229,0.31285277410273726
40,30,0.16755977272987366,32,6.101930709499669,1.104872835222821,0.2264975997212156,0.38957983052724626
40,31,0.07870925031602383,32,7.0627609457897025,0.9070105800485848,0.250330421172606,0.356687215100435
41,0,0.27983381040394306,32,6.719446630798741,0.862986548127104,0.20141833497343287,0.17189570713987265
41,1,0.0560145303606987,32,6.945364733171546,0.9044429387284119,0.2817302894147797,0.3140047529940171
41,2,0.04805302247405052,32,6.1224428356692355,1.1759727632578638,0.41272320959218123,0.44797245081262915
41,3,0.04514317214488983,32,7.307902015466261,0.7109998783679616,0.2511494252021707,0.292696346697215
41,4,0.08194667659699917,32,6.9943690081942265,0.920496824382643,0.266418643993232,0.2885834046842337
41,5,0.15783100575208664,32,6.499284381782614,1.106594243454861,0.33781737952264324,0.36952415697768964
41,6,0.14789186604321003,32,6.827991449700951,1.0935684952572284,0.3271783097918111,0.35860611443559887
41,7,0.14265642315149307,32,6.807751144266101,0.9235757694118591,0.2892611257786948,0.33966194236835995
41,8,0.3633167874068022,32,6.329493192963088,1.129051090954646,0.2871444640166675,0.38331629478426266
41,9,0.28864507377147675,32,6.384970923756002,1.1039626195173096,0.2770315394696445,0.3502795810975839
41,10,0.2936872001737356,32,5.893425256146909,1.1737195812832866,0.33545827998831335,0.43729021413888747
41,11,0.2688381876796484,32,6.665198893754089,0.9818553691083904,0.3185684175991954,0.3648422450795476
41,12,0.10988818295300007,32,7.13273493557246,0.6681841078703146,0.20647019395047506,0.27557729861459923
41,13,0.5375704541802406,32,4.942854783221946,0.792403136527434,0.19308801923852192,0.38872446986322784
41,14,0.4322186503559351,32,4.821740006910343,1.0767544914728155,0.26959839098669824,0.42222351395098223
41,15,0.36298152804374695,32,5.6166674345445315,1.0681388813438808,0.2650230666726694,0.3813088606598622
41,16,0.34581971168518066,32,5.187993411307751,1.2579393102466465,0.25834534006949494,0.3659107582909964
41,17,0.20390664413571358,32,6.03116993220692,0.9757239622686322,0.18364045972910192,0.3140454171278978
41,18,0.19990787841379642,32,6.146537634963989,0.9538157553541531,0.19423361427977842,0.2985007230109138
41,19,0.2055806741118431,32,6.084829117447825,0.99466394713453,0.191677870525907,0.3288612914019404
41,20,0.29671607352793217,32,5.429534363940055,1.2249904196831443,0.2827814011648756,0.38716564494808037
41,21,0.20183233357965946,32,5.943231980027241,1.1602068971573036,0.2560414657835052,0.38289499839180874
41,22,0.23945525102317333,32,5.578555915246422,1.132305688646344,0.22032474657792075,0.36504948232043877
41,23,0.13320684432983398,32,6.077193264251951,1.0917840253051212,0.2000145697682298,0.34862511480524483
41,24,0.17480365931987762,32,5.760413552534264,1.2328542847525954,0.20125849116941302,0.37353262782791086
41,25,0.09807716123759747,32,5.90730385843148,1.3822600774002787,0.22777479083907304,0.35469984417523465
41,26,0.15387126989662647,32,6.023080914213972,1.1367354028384096,0.18469780126053142,0.35250726699617935
41,27,0.14901356771588326,32,5.760818508618446,1.3211889909309384,0.18102967454034752,0.3485440948235641
41,28,0.1159860622137785,32,6.651714941050328,0.9592195582779235,0.21359730364527585,0.34957123171251275
41,29,0.05261312611401081,32,6.527519884794755,1.0193310170092147,0.21207435230061777,0.30448136667537173
41,30,0.1850771140307188,32,6.091216394077076,1.087315885530085,0.19358731336421003,0.3729333282780435
41,31,0.07974207401275635,32,6.967689277014495,0.9690807887726276,0.2398009734319662,0.33719942750209486
42,0,0.28751036524772644,32,6.717158687091954,0.8202141543395269,0.1492460267584385,0.17189570713987265
42,1,0.04137369804084301,32,6.949545490500363,0.8874459855380552,0.34933492030109276,0.3128780059356602
42,2,0.04905649647116661,32,5.981869849401026,1.2158486459012856,0.48056850470215,0.4461614219146978
42,3,0.03726121596992016,32,7.248249626725403,0.7209949577130015,0.32146975292267055,0.28531173232802953
42,4,0.06844482757151127,32,6.976831854662711,0.9170703842741093,0.3269050908272749,0.27752495090560536
42,5,0.10731000825762749,32,6.4006871809860275,1.1248628251794912,0.4331676107940608,0.3529034450376002
42,6,0.08202663995325565,32,6.755721012480294,1.0766963668664014,0.33180502973837117,0.3407962934034955
42,7,0.10059796832501888,32,6.809245695944185,0.8519389806962483,0.3218843009665655,0.33522574028617885
42,8,0.2978721521794796,32,5.98239014697112,1.1219699247902772,0.41024812951392486,0.36825596104573666
42,9,0.35493542440235615,32,5.95651715163494,1.1298607246093786,0.36730824458880773,0.33383385101822327
42,10,0.2963768169283867,32,5.537753054674164,1.1395603713553832,0.3767666573753241,0.41571602427710996
42,11,0.2852449882775545,32,6.330810832515815,1.0124951647821776,0.3362088430050374,0.36479571762656987
42,12,0.09137951582670212,32,7.033553177913116,0.658703482013788,0.23462234465752388,0.2708776613391042
42,13,0.5393430013209581,32,4.570833969068245,0.8806393580476017,0.23996176753920212,0.3749356213764503
42,14,0.3654437381774187,32,4.4176753300219405,1.1361718539711765,0.4164082481918968,0.3966803928171322
42,15,0.25071823596954346,32,5.747290543090557,1.1155646706874078,0.37910111234651284,0.3659621273524622
42,16,0.2525310944765806,32,5.361554447282048,1.2430018001959322,0.37584543097659495,0.35186690364811346
42,17,0.17787622287869453,32,6.422787783912649,0.9371740690418102,0.2770969069452973,0.30520405252543537
42,18,0.17033651657402515,32,6.300111917010916,0.9599628356767962,0.29917063067310123,0.29485030340092455
42,19,0.11017870903015137,32,6.502257593919182,1.0232655971116769,0.33181502503362303,0.32039344921071805
42,20,0.21876292675733566,32,6.0873970257674515,1.1423628655411298,0.4079266249227685,0.37156548888283913
42,21,0.11140242777764797,32,6.528329695377002,1.1023023487930415,0.37598751181905254,0.37895199567822746
42,22,0.12483740225434303,32,6.179381822714898,1.1129140008062377,0.3816104971786699,0.35770953787411197
42,23,0.05215313844382763,32,6.804517702390363,0.9701784259517261,0.37448779641400726,0.3429361507037866
42,24,0.06928527541458607,32,6.472813136791503,1.1001297516767412,0.40430229637916315,0.36149622561484873
42,25,0.03274933248758316,32,6.057387828298591,1.3529480147876107,0.3672086530064814,0.34468458964901466
42,26,0.08504625037312508,32,6.070291386800486,1.1651218584432366,0.3870570954236081,0.3466174955939205
42,27,0.06613347120583057,32,6.4872162364638815,1.102484013595368,0.3911219989868444,0.34201139750057247
42,28,0.07721510715782642,32,6.678407761994265,1.0324754684865791,0.37806650637737116,0.34564438830035416
42,29,0.064354307949543,32,6.512884385181511,1.082925034006644,0.3495396202565838,0.2980920151791222
42,30,0.12934168428182602,32,6.461009681696753,1.074334024288225,0.4108316439643537,0.3563088557894755
42,31,0.06360912322998047,32,7.071868390062895,0.9702517560277082,0.38472559017077856,0.31969242014909244
43,0,0.23464470729231834,32,6.690826894436746,0.8494353073398893,0.22966113515818226,0.16450047856252414
43,1,0.04733198508620262,32,6.995574121858484,0.845726211416296,0.30035797291185495,0.3128780059356602
43,2,0.06932618282735348,32,6.049663852718014,1.2933074861962357,0.43839887622604484,0.4461614219146978
43,3,0.041418496519327164,32,7.173884811936429,0.8232733261593674,0.26337227972221056,0.28531173232802953
43,4,0.08589842170476913,32,7.023736331877396,0.9394534578255316,0.27746769177382735,0.27752495090560536
43,5,0.20690694451332092,32,6.024107275723095,1.3121492786927504,0.31700996853535734,0.3529034450376002
43,6,0.1597303431481123,32,6.540636066679078,1.2522805231035434,0.3273424921379112,0.32949166976509114
43,7,0.11361305043101311,32,6.497227100485092,1.117000164389367,0.4101876194051446,0.32651074831401655
43,8,0.25818770565092564,32,6.107702480581054,1.1247702519804221,0.5274342429033683,0.36825596104573666
43,9,0.19808809086680412,32,6.10004732259582,1.1404004637633012,0.5693956068080286,0.33383385101822327
43,10,0.2727565187960863,32,5.576901179981382,1.177173130748308,0.640830353312737,0.39644219615300935
43,11,0.22160029038786888,32,5.97347861181424,0.9567024489959017,0.6164083514407623,0.35731695997967305
43,12,0.10455576702952385,32,6.533158013915541,0.5930474263023333,0.46971135941692543,0.25840133006739974
43,13,0.38497371412813663,32,5.632691761616178,0.8311523337982729,0.6925526090938896,0.3383748469116858
43,14,0.3610431533306837,32,5.613393043397773,1.0808929076874252,0.6358268431188391,0.3966803928171322
43,15,0.29088429920375347,32,5.911089588942898,1.187735840263306,0.4461794970734467,0.3659621273524622
43,16,0.2690891344100237,32,5.54257260366569,1.2040386629370596,0.3635891833184276,0.35186690364811346
43,17,0.1979193054139614,32,5.945577912038837,1.066453061115559,0.2895791333683819,0.29949183995947637
43,18,0.14872297458350658,32,6.182435138638617,0.9412250409682983,0.2688099670930375,0.29485030340092455
43,19,0.17674190364778042,32,6.2001221530003905,1.0498152450772276,0.32040883363095274,0.32039344921071805
43,20,0.21423761919140816,32,6.054909460196609,1.0555054190951152,0.31431260399730576,0.37156548888283913
43,21,0.15176957286894321,32,6.181346010172696,1.1630135605302288,0.35301400920729364,0.37566957742895934
43,22,0.17504509165883064,32,5.652557741692631,1.1038211221516265,0.39257142813733437,0.35770953787411197
43,23,0.07418874092400074,32,6.292791846992837,1.075713413141993,0.37091779518254514,0.3429361507037866
43,24,0.11457935534417629,32,5.999045848156183,1.1710554972640503,0.3939971008176536,0.36149622561484873
43,25,0.061381034553050995,32,5.725892626032461,1.442078548223602,0.3672599236377323,0.34468458964901466
43,26,0.0991536770015955,32,6.179401227744176,1.1762825719242596,0.36289901146247583,0.3466174955939205
43,27,0.11240048706531525,32,6.039267237806899,1.2707673940818642,0.3804723622010502,0.34201139750057247
43,28,0.10327660851180553,32,6.7986845337124695,0.9588936699640609,0.3651690290195455,0.34564438830035416
43,29,0.06976147182285786,32,6.622271829168586,1.0021501281516478,0.32806571263808837,0.2980920151791222
43,30,0.19415386579930782,32,6.311427550058193,1.1990755519701501,0.40654959763861154,0.3563088557894755
43,31,0.08273438923060894,32,7.053796257573985,0.9459245684391586,0.3644196071993944,0.31969242014909244
44,0,0.2668610289692879,32,6.633341510356135,0.8793885690276708,0.18987732702970883,0.17189570713987265
44,1,0.0453896913677454,32,7.025398253640128,0.8575074304803154,0.37122317317935455,0.3128780059356602
44,2,0.044893356040120125,32,5.987201642613473,1.2839276682135932,0.47640890162638727,0.4461614219146978
44,3,0.0401306077837944,32,7.154302631077016,0.7604852128795097,0.3290120703171679,0.28531173232802953
44,4,0.07234511151909828,32,7.052037848605301,0.8997747296853271,0.2890327816457419,0.27917855336512887
44,5,0.13196002505719662,32,6.272249337052928,1.15951568620922,0.43382923070058715,0.3529034450376002
44,6,0.12009510584175587,32,6.585099653584802,1.1617457653456498,0.3872218146748205,0.32957376093814117
44,7,0.09299075417220592,32,6.425355322840305,1.0486908066845437,0.4087082770164462,0.33522574028617885
44,8,0.27418987452983856,32,5.986675629402132,1.1130409931571421,0.5295535671676561,0.38331629478426266
44,9,0.2680249884724617,32,5.9559571418105826,1.1039688054698873,0.5513247967510257,0.3502795810975839
44,10,0.2380655873566866,32,5.3447659168102515,1.1328193951517251,0.6771263447230154,0.41571602427710996
44,11,0.24560276232659817,32,6.248484337396411,0.9582894230377015,0.622484620638242,0.36479571762656987
44,12,0.07922951690852642,32,7.009913389572412,0.6588082932921546,0.4979889442935448,0.2708776613391042
44,13,0.48805184848606586,32,4.102937352404272,0.7656117999745664,0.7209240041418824,0.3749356213764503
44,14,0.3955533690750599,32,4.04958808273159,1.0238365887752447,0.6850955285578388,0.4092900359760725
44,15,0.253155879676342,32,5.113761627441633,1.0566586967367586,0.5686233141006127,0.3780234147494158
44,16,0.26966649293899536,32,5.0186408363550274,1.273054803376593,0.47499902099001956,0.3632325004997938
44,17,0.20883631519973278,32,5.782445334046999,1.0471615798792389,0.29375150125239335,0.29949183995947637
44,18,0.14253203384578228,32,6.194597657852475,0.8692428690631484,0.3020151686433371,0.29485030340092455
44,19,0.09809829108417034,32,6.320998774635759,0.9822407261325115,0.3139642255630295,0.32343794068001586
44,20,0.22350767068564892,32,5.505934870850834,1.156499083942184,0.414538114957632,0.37156548888283913
44,21,0.09265062771737576,32,6.209428081933659,1.0926022712748154,0.34739162486921127,0.37566957742895934
44,22,0.10175612941384315,32,5.885130405138266,1.0546243874182855,0.31184675760092223,0.36504948232043877
44,23,0.05580047704279423,32,6.459771249060777,1.0096459502594435,0.2864209620590165,0.34862511480524483
44,24,0.11628822237253189,32,5.989278120342371,1.202247470034953,0.3405487374007191,0.37353262782791086
44,25,0.04439876228570938,32,6.116993989420537,1.263229560602003,0.35628496472524596,0.35469984417523465
44,26,0.0967202465981245,32,5.856228191052401,1.1779239645042212,0.35669354203614506,0.35250726699617935
44,27,0.08749257400631905,32,6.308994442819682,1.1371141601222465,0.35983205875460844,0.3485440948235641
44,28,0.07835391722619534,32,6.530275267052986,1.0532494878848295,0.33814263874310047,0.34957123171251275
44,29,0.0631710272282362,32,6.404307892840826,1.0895563201631315,0.32482903792523365,0.30448136667537173
44,30,0.192078011110425,32,6.151674721094464,1.0809373259977164,0.39236381899525496,0.3729333282780435
44,31,0.07115203328430653,32,7.080684436070197,0.943671341072772,0.3440338485643445,0.33719942750209486
45,0,0.25126341730356216,32,6.722554120927373,0.8243371789435008,0.19843298404354975,0.18391790359564186
45,1,0.04105066880583763,32,6.928103077369216,0.922981356838819,0.35004775870144955,0.31332862210885654
45,2,0.060200098901987076,32,6.1253297870225465,1.355005568855363,0.4912020082395167,0.44797245081262915
45,3,0.030475003644824028,32,7.099737577092908,0.8577048295304301,0.3612939239815034,0.28531173232802953
45,4,0.08727467246353626,32,6.821236199514752,1.013905951405663,0.33882688366566527,0.27917855336512887
45,5,0.18189128302037716,32,6.083895965569934,1.2766379239914718,0.38372488712022146,0.3529034450376002
45,6,0.1432166639715433,32,6.835212036743242,0.9349626711477743,0.4981159535418827,0.32957376093814117
45,7,0.12684080749750137,32,6.4452663536150245,0.9173158676523441,0.5031908568592751,0.33966194236835995
45,8,0.2952670995146036,32,6.75542804301385,0.828222726253256,0.5927674603731647,0.4027295519783825
45,9,0.26655340753495693,32,6.344380203619291,0.9891966099799543,0.5963651870434542,0.35851152965037164
45,10,0.28108187206089497,32,6.339829393874315,0.9611086694792981,0.7011302269098354,0.43729021413888747
45,11,0.24600211717188358,32,5.89346029567274,1.030908276908475,0.6436242072925253,0.3808202315643979
45,12,0.20088057406246662,32,6.743987977301862,0.6014975272907002,0.47662942713672624,0.27557729861459923
45,13,0.5227407235652208,32,6.580969919274175,0.6688695522383981,0.7675857669251012,0.3749356213764503
45,14,0.4421024490147829,32,5.954809959643322,1.1432885098931713,0.7699027225714021,0.4092900359760725
45,15,0.33838411048054695,32,6.163425450221586,1.204036047289832,0.6509451201010146,0.3780234147494158
45,16,0.2944684326648712,32,6.647789849533874,1.0344988323147497,0.6147095208853965,0.3632325004997938
45,17,0.2262352555990219,32,6.574073717738094,0.9994119831942241,0.4073430538504119,0.2962888560178475
45,18,0.22465334087610245,32,6.399487081467503,0.9700681059256562,0.3285733200178769,0.29485030340092455
45,19,0.1754851844161749,32,6.238259070011584,1.0446840992756377,0.3097368335095904,0.31736434216165493
45,20,0.22769353725016117,32,6.340183326814109,1.021534904251542,0.38891640450778836,0.37156548888283913
45,21,0.1805010885000229,32,6.029090387282713,1.290080286733314,0.4122037726042549,0.36418282612307984
45,22,0.23781537637114525,32,5.10995450763648,1.1291855149673005,0.3379917750596534,0.36084015935279845
45,23,0.07551372796297073,32,6.255590724452181,1.0813066679844612,0.3029984310987027,0.3429361507037866
45,24,0.10386249981820583,32,5.91590185417815,1.1675614980803504,0.30391086540820866,0.36149622561484873
45,25,0.0697467215359211,32,6.1048210275209005,1.3230399442657088,0.3365788402010075,0.35435994333970045
45,26,0.12838677130639553,32,5.989029951204374,1.184483104734717,0.3378481007789428,0.35250726699617935
45,27,0.13837516866624355,32,5.7271167780128405,1.3606822655808326,0.347769280091345,0.3485440948235641
45,28,0.11526738665997982,32,6.5803009293735855,1.0780884557629484,0.3872230014259455,0.34564438830035416
45,29,0.0773351825773716,32,6.427589745313874,1.0889122236222626,0.33351069000340505,0.30448136667537173
45,30,0.19482523202896118,32,5.945228466834971,1.2327494636369067,0.3922304477576197,0.3729333282780435
45,31,0.06459559127688408,32,6.928897707754676,1.0485082642336003,0.34884532700603355,0.3475669979346277
46,0,0.25129492580890656,32,6.569272281154866,0.8489460255269421,0.21938178721907148,0.1941551555366293
46,1,0.04177173413336277,32,7.040201561229075,0.855164722750354,0.37128197442609456,0.32782324543495933
46,2,0.08318069390952587,32,5.773374863288435,1.2306471967903763,0.504464551483853,0.4565560727744708
46,3,0.05897381901741028,32,7.205149304261937,0.7432897952364286,0.3731459032204676,0.2929756409825126
46,4,0.07116689905524254,32,6.940615991109116,0.9421401150552402,0.35093637780003284,0.2849610983010862
46,5,0.12282603606581688,32,6.156734923189739,1.1060139349800577,0.46790462808548294,0.36952415697768964
46,6,0.10575031861662865,32,6.736202493473678,1.0911166531334082,0.43951624257885646,0.34310965337677546
46,7,0.1087265107780695,32,6.578794344087038,0.9782837831214835,0.4360616899727792,0.3399399550489728
46,8,0.2296336479485035,32,6.194911043361578,1.090218320998198,0.44125297958135323,0.4027295519783825
46,9,0.20201986655592918,32,6.633140363069894,0.9796751231560714,0.39779194204436585,0.35851152965037164
46,10,0.22203736752271652,32,5.927927883516484,1.150897593593597,0.5124019247468083,0.45856278796558547
46,11,0.21545216627418995,32,6.508514071002695,0.9330890475175302,0.4836343011227888,0.3808202315643979
46,12,0.06252404116094112,32,6.907445399391131,0.7175776774769096,0.3647502472773069,0.27557729861459923
46,13,0.46049732714891434,32,5.615739183294767,1.0386343098129132,0.5371587490486553,0.38872446986322784
46,14,0.38276200369000435,32,5.41466957239782,1.292823519942865,0.6052839639361609,0.43626698917722195
46,15,0.2757084909826517,32,6.1465422879141425,1.2014772289491704,0.5320844465729837,0.3911007727331597
46,16,0.2704918347299099,32,6.136198635079111,1.1818582048875736,0.5005166616725305,0.3662674411096302
46,17,0.27458503283560276,32,6.504543488764302,1.0854516333340793,0.49461823085019907,0.29949183995947637
46,18,0.2323110345751047,32,6.472601893905769,0.9428197210436773,0.49033512238758603,0.2978348334381399
46,19,0.1047999132424593,32,6.856734144896012,0.9625764027125223,0.5020890826656832,0.31736434216165493
46,20,0.2213282249867916,32,6.643884494102066,1.0181715045349122,0.48722799843935666,0.38377076420693723
46,21,0.11321165412664413,32,6.538840182167204,1.1402829370889886,0.5146311234846073,0.37566957742895934
46,22,0.10891220159828663,32,6.692933702977458,1.008827568385052,0.5925591071283092,0.36084015935279845
46,23,0.06205286830663681,32,6.944311043146558,0.9504706371310716,0.46849149983301835,0.3429361507037866
46,24,0.06299356557428837,32,6.830037011082476,0.9837629572104118,0.4983498118601965,0.36149622561484873
46,25,0.0516909621655941,32,6.455996018504509,1.2156178818274954,0.4726582189282366,0.35435994333970045
46,26,0.08005370758473873,32,6.415808620236166,1.1638727697081608,0.514362978897241,0.35250726699617935
46,27,0.062616515904665,32,6.804712360151292,1.0255643843081632,0.5160856497365953,0.35060852043848073
46,28,0.08621555007994175,32,6.965751747961161,0.958031792862978,0.4605831922094976,0.34957123171251275
46,29,0.0673365481197834,32,6.518945270481993,1.045259363317916,0.4272511952776197,0.3146673296049374
46,30,0.1499634962528944,32,6.668520784658676,1.115260171424743,0.5514917733683787,0.388174329578179
46,31,0.05526350438594818,32,7.048672872571455,1.0037211654497185,0.4324906816995229,0.3499727371554722
47,0,0.3194207027554512,32,6.515971261793933,1.1307286689834681,0.4194485753586008,0.1999256595084913
47,1,0.05974426493048668,32,6.935432206529974,0.9001068397404399,0.40208988707170307,0.34446832162362767
47,2,0.06191208213567734,32,6.439227628501457,1.2180222153247797,0.5663542228244824,0.47045057538406143
47,3,0.04730341583490372,32,6.936831856274268,0.8897012270283122,0.4527503510069054,0.3058790612684531
47,4,0.08669178746640682,32,6.641939046644215,0.9596353376513065,0.4344999371317233,0.30796893623650845
47,5,0.1435490995645523,32,5.829317396405896,1.1409275769022154,0.4423744846821598,0.3751840851495115
47,6,0.07733801752328873,32,6.632033523483214,0.9246711316463649,0.510140206374722,0.3608710596854584
47,7,0.11185873299837112,32,6.390832431068276,0.8889116216967858,0.4810456143764572,0.36933845189086123
47,8,0.1613275744020939,32,6.407666653552154,0.7719755245825173,0.46408463973511876,0.4194576186602116
47,9,0.09640005603432655,32,6.613410177591245,0.814032085009865,0.4258389806126804,0.366649779759505
47,10,0.14116294495761395,32,6.018926466719113,0.9011370618561969,0.5083838934300509,0.49203008236881324
47,11,0.1699220184236765,32,5.987783585782215,0.7795249932993631,0.44770357662979793,0.4077292960060742
47,12,0.06748055294156075,32,6.228779998022802,0.5827142207930747,0.40814611195970535,0.27856339657463003
47,13,0.3557800780981779,32,6.221476748909961,0.7029078740877797,0.6093111563559627,0.4108813494229592
47,14,0.3267823327332735,32,5.641850687459108,1.0451200051998706,0.7031891661982594,0.49727816075969594
47,15,0.2478257603943348,32,6.553343298889169,1.0734708799369006,0.5756699060144858,0.40465704893859594
47,16,0.32294196635484695,32,6.392784612732515,1.083581853271589,0.5022157243736098,0.3662674411096302
47,17,0.32886260189116,32,6.434265731975938,1.1558080492937917,0.46364614884043154,0.3045384233492606
47,18,0.2652059309184551,32,6.5288353591212465,0.9684865526612727,0.4713368348814979,0.2978348334381399
47,19,0.16731910593807697,32,6.8379884108383635,0.9533928717378242,0.4197913105225053,0.31736434216165493
47,20,0.27970968931913376,32,6.46756227637135,1.0654373374323773,0.4814698383475708,0.3941826768982681
47,21,0.22334298118948936,32,6.230499501741715,1.2620197082517333,0.43757795885418554,0.37566957742895934
47,22,0.2509708143770695,32,6.367774140122503,1.0698630749203586,0.49328342117079604,0.3718973385908721
47,23,0.16692175902426243,32,6.491006053440499,1.069528617272283,0.4338483192138114,0.34863425342991883
47,24,0.15764329209923744,32,6.356722323651691,1.1215103507046162,0.44119344719169284,0.36149622561484873
47,25,0.1281331181526184,32,6.107558853350447,1.2733077858310713,0.4115914667500103,0.35662486556078016
47,26,0.1430097259581089,32,6.015194298201395,1.2122836763709426,0.4516763134159342,0.3528163498808352
47,27,0.1408409234136343,32,6.609006260546678,0.9813911578142953,0.4336996772706551,0.3538006694229767
47,28,0.11788096651434898,32,6.7098574104580155,1.0073712296753676,0.4127309493912298,0.35880122784641294
47,29,0.0675140954554081,32,6.65327241650135,0.9009774335444938,0.3529751183072116,0.326447375281661
47,30,0.1963973343372345,32,6.312630829882565,1.2215586237360156,0.4363433159764773,0.39229713337643735
47,31,0.07336127385497093,32,6.815701427132678,1.0278022663234108,0.41103299010204974,0.3499727371554722
48,0,0.2719529550522566,32,6.692503115638187,0.8952864413751547,0.32098054118442654,0.20342730509146079
48,1,0.058393605053424835,32,6.954379210788895,0.8916484559452993,0.31298983670270336,0.34854022092282144
48,2,0.06147780083119869,32,6.843385581037534,0.8787247685652932,0.4861607730196302,0.47045057538406143
48,3,0.06599358655512333,32,7.398077794520807,0.6412345525198937,0.3691052295420013,0.31943471291091674
48,4,0.12053529731929302,32,7.155941736952094,0.7645275476366358,0.36545543825568694,0.3288508854767424
48,5,0.16129739210009575,32,6.908360339831677,0.9169640317707746,0.4770327092118455,0.3799838295585375
48,6,0.11518256179988384,32,7.261419682772192,0.7066359693821136,0.4263859480816559,0.3720809590616455
48,7,0.11280939355492592,32,7.105400002274301,0.6871582176803175,0.4180282286565006,0.40402138208098287
48,8,0.32194432243704796,32,7.271307960816561,0.6708301149362157,0.45870768823196506,0.4306542960691859
48,9,0.2915205731987953,32,7.0036972552348296,0.7434111824428316,0.445154385573607,0.3796799929590544
48,10,0.312744727358222,32,6.751928879046165,0.8744616731851114,0.5431124424132296,0.508393243349174
48,11,0.24990171752870083,32,6.5107951647933335,0.8590469007600836,0.4451999032400175,0.43131811755410476
48,12,0.10870263911783695,32,6.932960134997947,0.5487530724629366,0.3560572307796561,0.30918568800662205
48,13,0.5399967096745968,32,6.844480571171338,0.6304591642259263,0.4472192461649612,0.4347337501283829
48,14,0.4263978339731693,32,6.098760149289832,1.1259789509564095,0.47831080906666024,0.5454349027830452
48,15,0.2533987369388342,32,6.407380212676079,1.122639436986061,0.3595846773324202,0.426196580915416
48,16,0.3425080720335245,32,6.209584410454619,1.0966476288502864,0.28602786366904365,0.3723955649387139
48,17,0.2898545376956463,32,6.417584906976442,1.096677436465047,0.29278801706202906,0.3155079823159683
48,18,0.23627191968262196,32,6.582766868906543,0.9486502890725603,0.2377283817681366,0.30059289965821917
48,19,0.18942448683083057,32,6.61905966514877,1.040331076464776,0.2940967388305792,0.3258321843528773
48,20,0.26884735003113747,32,6.466372763718228,1.0604943720891464,0.3039270164707225,0.4014810167800762
48,21,0.22805498354136944,32,6.093655016948988,1.2778350048260112,0.33158015470011915,0.3796125801425406
48,22,0.28984018974006176,32,6.3809128622696285,1.0758687642856053,0.3172565924885795,0.37592581538065656
48,23,0.19497337378561497,32,6.423166370020664,1.1128594515957948,0.2914479839885086,0.3584484731490024
48,24,0.18140773847699165,32,6.432376964626783,1.0861675963720776,0.29108488664256593,0.37437112614841334
48,25,0.14189506880939007,32,6.262615953402898,1.2732559263718164,0.30220963784537713,0.3620867097013979
48,26,0.1514782141894102,32,6.333268287149749,1.0821123270755812,0.3486130713616672,0.3597962767493105
48,27,0.17086216434836388,32,6.407347325002443,1.0959800740372927,0.31176914691648383,0.3701522104778293
48,28,0.11324202828109264,32,6.659519653055927,1.041857032752402,0.3181031942300899,0.37161776769845833
48,29,0.06900345347821712,32,6.769658888144599,0.8562289401158667,0.29324865222720187,0.3307882013207467
48,30,0.224371625110507,32,6.269980358554127,1.1292061449481512,0.3351367675554481,0.39945670831693325
48,31,0.07196491211652756,32,6.8579031647384046,0.9719459840817599,0.3689355320532566,0.35775987725215264
49,0,0.26789059303700924,32,6.729061465975269,0.8850835993272632,0.1958174008804875,0.20855470240124085
49,1,0.06244520656764507,32,6.822316964664035,0.9772558407193674,0.3247182064123888,0.34854022092282144
49,2,0.06370273604989052,32,5.987051767897814,1.149738153738868,0.4223322816493458,0.4784887031642686
49,3,0.06016971357166767,32,7.311002258472557,0.7093606749775887,0.25498931771706,0.3252409116199192
49,4,0.08314986154437065,32,7.010187079191172,0.8654084793878232,0.3033529486789621,0.3348117818959376
49,5,0.16470346227288246,32,6.393747571008344,1.1375012233425323,0.3403457157185681,0.4039770926610914
49,6,0.1757790707051754,32,6.759685884964876,1.0387164022813256,0.37277032424034484,0.3820279452211872
49,7,0.18562847562134266,32,6.886677117599614,0.839115995058334,0.33953628425989146,0.4094479482107954
49,8,0.3892407901585102,32,6.455149810403578,1.1305470221570895,0.43096197619882215,0.4369472319566134
49,9,0.27990302816033363,32,6.722708492089573,0.9646098118535171,0.3818611914322424,0.3949218416868335
49,10,0.3525410909205675,32,6.355551711819533,1.068654008521401,0.41288917631287175,0.509785248058511
49,11,0.3081804644316435,32,6.366068852618363,1.0062787175444514,0.38088245890945177,0.44158534745790334
49,12,0.12384483218193054,32,6.8653117857070916,0.5103740556536103,0.25597906369656376,0.346808741166315
49,13,0.5502406749874353,32,6.133735428918172,0.76105902354674,0.4038815940973951,0.4436158627479858
49,14,0.4759879130870104,32,5.383933102548422,1.2109295209530906,0.4855997586922701,0.5454349027830452
49,15,0.35464074462652206,32,6.106326031257652,1.0950733505251717,0.4321814441345412,0.426196580915416
49,16,0.32580605149269104,32,5.978605482341428,1.0905521371787188,0.35947071132839276,0.3723955649387139
49,17,0.2639452554285526,32,6.338904226660479,0.9817101555442385,0.33837050772923194,0.3155079823159683
49,18,0.22667589224874973,32,6.480806098226263,0.9024559855422911,0.34220477877673566,0.30059289965821917
49,19,0.1263576690107584,32,6.910617596554607,0.82786885100957,0.33176909223814344,0.3258321843528773
49,20,0.2520792633295059,32,6.266786674549651,1.0831002704433557,0.4005095231386545,0.4014810167800762
49,21,0.23934337124228477,32,6.21973537653239,1.1794509632756487,0.3588271926089094,0.3796125801425406
49,22,0.26221796311438084,32,6.237373530895775,0.9661292485571256,0.3444554230932687,0.37592581538065656
49,23,0.1685042604804039,32,6.5260147907776656,1.0274502582773009,0.31161147490803176,0.3584484731490024
49,24,0.15792705491185188,32,6.412126958819566,1.0354994069194268,0.329434024101918,0.37437112614841334
49,25,0.09334113076329231,32,6.54552964464591,1.1185107790337803,0.3344683176366853,0.3620867097013979
49,26,0.1142260879278183,32,6.362707440663356,1.022947977317954,0.3281095734439768,0.3597962767493105
49,27,0.11306664161384106,32,6.6981227579225475,0.9434848108838052,0.32949613339536293,0.3701522104778293
49,28,0.11040596477687359,32,6.9700844443353756,0.8248886045136459,0.31816168456348876,0.37161776769845833
49,29,0.07357586361467838,32,6.84251968938565,0.8703816737490921,0.2672447703361885,0.3307882013207467
49,30,0.1875853817909956,32,6.616430497806535,0.9404062449209931,0.32381035444840534,0.39945670831693325
49,31,0.060956159606575966,32,7.025175799699978,0.8976588355432149,0.28454450863632075,0.3666775696263255
50,0,0.27131225913763046,32,6.707328301516377,0.8726895439785416,0.13322184782307725,0.20855470240124085
50,1,0.06313521228730679,32,6.956685476838747,0.9179343179618291,0.34910104561177213,0.34854022092282144
50,2,0.05329756997525692,32,6.300550909525307,1.2123355704025736,0.4731705646917487,0.4784887031642686
50,3,0.04913713224232197,32,7.137370409548694,0.7990649783894508,0.3059264994474369,0.3252409116199192
50,4,0.09825573302805424,32,6.991696358456627,0.9204217936517924,0.3116689123546742,0.3348117818959376
50,5,0.16651233471930027,32,6.380594669085466,1.200502653982567,0.4137295625527041,0.4039770926610914
50,6,0.12048820964992046,32,6.884508002768332,0.9900407172773784,0.37862445760712937,0.3820279452211872
50,7,0.20088690891861916,32,6.711562455729519,0.8404341134989703,0.3671251648272926,0.4094479482107954
50,8,0.3581679929047823,32,6.409496680750756,1.1204895445539744,0.3838268180101942,0.4369472319566134
50,9,0.3632852900773287,32,6.757090657202758,1.0253619303120631,0.37358427605190336,0.3949218416868335
50,10,0.3789952751249075,32,6.35590727496904,1.0563137575591481,0.4205378386844403,0.5097758981393878
50,11,0.3025726452469826,32,6.696988974295181,0.9125050489236788,0.34436894630987924,0.434932673336219
50,12,0.12047675997018814,32,7.059804734522147,0.5308402763276048,0.2506932617900826,0.3184341776199632
50,13,0.5782224573194981,32,5.996811989854924,0.7649694970361196,0.27649235428919705,0.4383371335453583
50,14,0.5063834935426712,32,5.5346612207024455,1.1430903492195457,0.3901538557429716,0.5120151750245574
50,15,0.28990332037210464,32,5.997780601297583,1.0809934286781324,0.3413913981097272,0.4191975544459633
50,16,0.2952710185199976,32,5.7679451343874,1.1746863985732485,0.3423704939974509,0.3662674411096302
50,17,0.27688897773623466,32,6.43112853772316,1.0274484533950305,0.28818831026551733,0.3155079823159683
50,18,0.21474575251340866,32,6.586218621415767,0.9251691084538676,0.32590315460573593,0.30059289965821917
50,19,0.1626044400036335,32,6.739545732360666,0.9497373196148668,0.2981379358145678,0.3258321843528773
50,20,0.29354708828032017,32,6.368549078501619,1.1134518128707205,0.38304454003012633,0.39997923621370113
50,21,0.1708738710731268,32,6.3555733722475765,1.2397926460673805,0.35886974043552256,0.37566957742895934
50,22,0.2064780257642269,32,6.388503406015223,1.014052858289178,0.31519386626850043,0.3718973385908721
50,23,0.11347836628556252,32,6.593300002732624,1.0527030417628298,0.2980808097862076,0.34863425342991883
50,24,0.14076273702085018,32,6.383684788987514,1.14275612362027,0.3088793434850894,0.36149622561484873
50,25,0.07900739833712578,32,6.141536968817095,1.3701721080111877,0.3340948709540859,0.35662486556078016
50,26,0.08989648334681988,32,6.225728537593083,1.17645190875235,0.3409494345195229,0.3528163498808352
50,27,0.08936560712754726,32,6.662926486722954,1.0075461217014876,0.347847139475989,0.3538006694229767
50,28,0.10605155490338802,32,6.8213502567364515,1.0018128488487523,0.32354224018468636,0.35880122784641294
50,29,0.05718843825161457,32,6.790910767255339,1.0042348681158124,0.30893739753644733,0.326447375281661
50,30,0.12467502430081367,32,6.590284411430212,1.1054173912246306,0.3482046694014285,0.39229713337643735
50,31,0.050006166100502014,32,6.9172574286485045,1.0651364896288698,0.3518203286232088,0.35775987725215264
51,0,0.24919920414686203,32,6.719978604389494,0.8965769856585126,0.21942741076167793,0.20342730509146079
51,1,0.05337619222700596,32,6.8198230328915965,1.0504683470590592,0.37311935245444156,0.3484232835781611
51,2,0.0615454763174057,32,6.2577421827726045,1.2196994812139872,0.4772953140168247,0.474789733159068
51,3,0.03938129357993603,32,7.126246703829093,0.8112210499198023,0.3384231444755889,0.31943471291091674
51,4,0.09168316051363945,32,6.904987388716373,0.9480497194178703,0.33847501882173925,0.3288508854767424
51,5,0.16519801691174507,32,6.238112464640233,1.236317539994383,0.3671947717999461,0.41897943037733265
51,6,0.10350302793085575,32,6.80261241580444,1.032221316795015,0.3621460422079601,0.38292313614097495
51,7,0.12945122085511684,32,6.725225532428345,0.9609779258495683,0.3737734378979195,0.4094479482107954
51,8,0.3446121569722891,32,6.253015852816221,1.2106380444282294,0.3916984843049447,0.4361074778900877
51,9,0.2741276156157255,32,6.613847127434602,1.0093296299824006,0.398779625568458,0.3949218416868335
51,10,0.3358903955668211,32,6.0301528524635035,1.1478708844796284,0.4800615781951885,0.4920207324496901
51,11,0.2858270835131407,32,6.139805176458236,1.1161662057719024,0.3964358453803204,0.434932673336219
51,12,0.09490218386054039,32,6.940885733020993,0.5314277016021949,0.2539725189913337,0.3184341776199632
51,13,0.5626525618135929,32,5.98700143909487,0.7464858738672779,0.25868976447445347,0.4383371335453583
51,14,0.4969658013433218,32,5.500675483385991,1.086681473800243,0.3882782987782307,0.5120151750245574
51,15,0.28807212598621845,32,5.964141444221919,1.1754546948446292,0.31752435922237954,0.4191975544459633
51,16,0.3189288452267647,32,5.795323525852597,1.2369071375420733,0.33095355965197626,0.3632325004997938
51,17,0.2659567315131426,32,6.5546092113480565,0.9557826130669271,0.2818228689714951,0.3045384233492606
51,18,0.23853380233049393,32,6.668648648921028,0.8645800447387737,0.29201959502852615,0.3033246794481156
51,19,0.17392874136567116,32,6.808066377509945,0.9000386074111439,0.286100876576307,0.3258321843528773
51,20,0.31716264598071575,32,6.113961949050426,1.0697611689344217,0.37141995409058526,0.3947129638232214
51,21,0.22084030136466026,32,5.935889906236479,1.4418911852485827,0.39529222395900776,0.36742862612728755
51,22,0.28075521253049374,32,6.260358767946554,1.0416152278645194,0.35458445106324143,0.356317763446197
51,23,0.15691876038908958,32,6.4484605361522975,1.1288356462709501,0.31883915513448247,0.32877173818681554
51,24,0.15530402772128582,32,6.432571445284559,1.188403995970436,0.3463226343217237,0.34629996597315593
51,25,0.12508377619087696,32,6.1503740986222475,1.3339577658061508,0.3456335192821277,0.34660961103456017
51,26,0.14998537860810757,32,6.3697494063809135,1.0947204941755846,0.3432948256484999,0.34877611454359625
51,27,0.1462594959884882,32,6.426407926277123,1.101974724280935,0.35152014738693405,0.347808209783667
51,28,0.13773415051400661,32,6.847068284529017,0.9857728838996334,0.3336928594647645,0.34850658326112177
51,29,0.06612029112875462,32,6.827473254011635,0.9146384150402032,0.31312853754739745,0.3168832177308405
51,30,0.18958632089197636,32,6.453618611789513,1.132867760757005,0.3635060324598585,0.388174329578179
51,31,0.07003334350883961,32,7.101726038567421,0.9388763674218623,0.3276450517140631,0.35146023796405984
52,0,0.2601877488195896,32,6.746552488586252,0.8509961232030347,0.18851418637197404,0.21040006109625217
52,1,0.041887640953063965,32,6.7487588092567865,0.9766223541941734,0.34614161659804527,0.34921798295643247
52,2,0.04841805621981621,32,6.109819036166542,1.1470705576004656,0.4765831038693109,0.474789733159068
52,3,0.04550006240606308,32,7.282857035981287,0.7261861860531251,0.3407728002728951,0.31943471291091674
52,4,0.07037322036921978,32,6.999025958764257,0.9091163803250328,0.3417580873668117,0.3288508854767424
52,5,0.12889016792178154,32,6.578382067895417,1.0792419120805752,0.4011851806185422,0.3987272248364628
52,6,0.10900481045246124,32,6.910393621819976,0.989876560409849,0.3688472207696528,0.3756973909237371
52,7,0.15654358640313148,32,6.887315675627952,0.7855556390347873,0.35778100137507696,0.39124085745718284
52,8,0.314982783049345,32,6.437024441436185,1.0668973537414672,0.3737685802672638,0.4361074778900877
52,9,0.31901720724999905,32,6.518718243910753,1.0385728889720562,0.4433165649879402,0.3982857838064119
52,10,0.32239275984466076,32,6.117775262268255,1.012867008024143,0.473567890562703,0.49422273581261966
52,11,0.28730635344982147,32,6.435560935190521,0.9479886296385933,0.42665607210317946,0.434932673336219
52,12,0.1631955597549677,32,6.881822627295723,0.5478266050724043,0.28774242152828855,0.3184341776199632
52,13,0.6084560267627239,32,5.527425294113992,0.8321956997849167,0.48984418119377415,0.4383371335453583
52,14,0.5387753397226334,32,4.9278633434262025,1.1732617176592832,0.5601558070142236,0.5120151750245574
52,15,0.28485921397805214,32,5.879588883121144,1.1378436950050235,0.4345424473578272,0.4176409386271739
52,16,0.3103261739015579,32,5.918331607435228,1.1412950023618231,0.4194700889466454,0.3632325004997938
52,17,0.25355295091867447,32,6.588931759141403,0.9623087616957609,0.3195551888796119,0.2962888560178475
52,18,0.20241258293390274,32,6.4773221809836095,0.8229595388566056,0.29403539047994887,0.30059289965821917
52,19,0.15454675815999508,32,6.58031164293909,0.9931923753434848,0.33526253253545485,0.3171865295969911
52,20,0.2484255898743868,32,6.120065146546684,1.0951032737328106,0.37833675451156745,0.3859804722689574
52,21,0.1671825833618641,32,6.321546180739263,1.243189358911124,0.3914981275913847,0.36742862612728755
52,22,0.22946996986865997,32,6.148302600025499,0.958234368398875,0.3224190243335439,0.34951993707825507
52,23,0.13454509899020195,32,6.481799072156417,1.007894042281273,0.35470793278077123,0.3152253150212571
52,24,0.13669994845986366,32,6.161440976388576,1.0815222877785917,0.350843759233324,0.3434356858612214
52,25,0.11288793757557869,32,6.1872687436357285,1.1597534925731772,0.34589588189344445,0.34128388831300105
52,26,0.16122501902282238,32,5.805592969139056,1.236406765061667,0.3750478813065555,0.34877611454359625
52,27,0.13011946715414524,32,6.342870471092226,1.0161244164144145,0.31011684753688773,0.3496836434314615
52,28,0.11191633343696594,32,6.7030950398627045,0.966328005932322,0.33476796438498446,0.3413611892960318
52,29,0.053641628473997116,32,6.414500986015145,1.0083112205842397,0.29536229908205414,0.31897878773631555
52,30,0.1723765041679144,32,6.225244554918559,1.1127595388728437,0.29885107393705823,0.388174329578179
52,31,0.05888964608311653,32,6.916178570148359,0.9730186809507453,0.31652119105481435,0.35146023796405984
53,0,0.2875757906585932,32,6.719358666842894,0.8293959094241474,0.1948310799729491,0.1999256595084913
53,1,0.0558328814804554,32,6.781960485882172,0.9057256190032223,0.3617050634491247,0.34921798295643247
53,2,0.08370403945446014,32,5.9028360851167925,1.1944099260871424,0.5027332971307236,0.4764960027478491
53,3,0.029334422200918198,32,7.127269099575949,0.8002904658872358,0.323928879346025,0.3252409116199192
53,4,0.08840549923479557,32,6.8151801367593094,1.0015507549439224,0.3270204139175301,0.33463584947397457
53,5,0.2193300984799862,32,6.2644943078735835,1.203200505411301,0.42532245065396906,0.4074573715856231
53,6,0.18098214641213417,32,6.683418923136522,1.0496321664366137,0.39365321140346043,0.3756973909237371
53,7,0.15084471926093102,32,6.4994457143754865,0.9160674133863562,0.44266567643592625,0.39124085745718284
53,8,0.280551977455616,32,6.263196833632307,1.0382654127843889,0.47148137529692186,0.4361074778900877
53,9,0.24627913907170296,32,6.085097302424891,1.2218348947634246,0.5549132013376348,0.4123093030905692
53,10,0.25534397549927235,32,5.91209706702155,1.121946591645603,0.6066314857147509,0.49422273581261966
53,11,0.20278852619230747,32,5.7745559842017045,1.0275337692805344,0.5478569837278602,0.43592798767159846
53,12,0.11520527675747871,32,6.343504058001043,0.564478282187121,0.3919557058492657,0.32189982615397233
53,13,0.35929397493600845,32,5.91465801966878,0.7425736790793973,0.5459989347041474,0.4685317136793677
53,14,0.43087312020361423,32,5.229115406714292,1.2377352479974242,0.5146563278850511,0.5228777828532469
53,15,0.26282327994704247,32,6.013676652532533,1.1230982216218681,0.3849990655111921,0.4333619457461842
53,16,0.2406914420425892,32,6.089092930846519,1.067245184557418,0.371374099870293,0.3697173071475113
53,17,0.13145131431519985,32,6.682122590568582,0.855944489794112,0.3566487979412501,0.3066533450660026
53,18,0.17122091725468636,32,6.214568454016019,0.8241274302830792,0.3210526082490384,0.30059289965821917
53,19,0.12900913134217262,32,6.591792064372269,0.918951101753529,0.3255056575267529,0.3258321843528773
53,20,0.155953885987401,32,6.311757375287495,1.065307337056117,0.3657055604387758,0.3859804722689574
53,21,0.08290730975568295,32,6.501541032884456,1.0119028677075548,0.35921664970001754,0.3796125801425406
53,22,0.08772925101220608,32,6.191828432497157,0.8231046600072816,0.2999425482066715,0.34951993707825507
53,23,0.03203390911221504,32,6.522153478703874,0.9424584484582983,0.3052501966881118,0.3323855783000409
53,24,0.03222918137907982,32,6.487062321740776,0.8760247265122505,0.31409278221995895,0.34858319677752386
53,25,0.02180415764451027,32,6.420880743256213,0.9843645884849623,0.357460527535253,0.3457647005877861
53,26,0.07586143165826797,32,6.005643644757698,0.969510966394787,0.3962330834190736,0.3528163498808352
53,27,0.07659145444631577,32,6.230524198012848,0.9872737357482935,0.4165313311959781,0.3496836434314615
53,28,0.048791900277137756,32,6.780218158880305,0.8179660899262382,0.4097336915007817,0.3413611892960318
53,29,0.05138995870947838,32,6.299641331336072,0.9749419115582603,0.38293087416803,0.31897878773631555
53,30,0.12184818647801876,32,6.027869929565912,0.915908907987804,0.463474732345293,0.388174329578179
53,31,0.03945053368806839,32,6.925300191635053,0.8579810075902223,0.38711543136878346,0.35146023796405984
54,0,0.21059528551995754,32,6.62823628484246,0.8657754038628003,0.24584078001370743,0.1999256595084913
54,1,0.03154527395963669,32,6.657984554339793,0.9363847068000215,0.2606526286241834,0.3496913395012712
54,2,0.0443741250783205,32,5.96399707431658,1.2208671837521914,0.39245061293887934,0.4769392089430678
54,3,0.04140736348927021,32,7.116235349716006,0.8043114659787323,0.23515962176843364,0.3264704748315964
54,4,0.07738266326487064,32,6.944240502816022,0.8983487294929873,0.2707342810748021,0.3327477163696347
54,5,0.1584813240915537,32,6.3287847922678715,1.1604981885896013,0.3224095032123494,0.4074573715856231
54,6,0.10750589892268181,32,6.774599620861071,1.06231554746536,0.3183480541772807,0.3756973909237371
54,7,0.17359202355146408,32,6.639052179200024,0.8855468534731274,0.4104473908000584,0.39124085745718284
54,8,0.3271768633276224,32,6.077225864555663,1.1379257217091503,0.5079968946490154,0.4361074778900877
54,9,0.3929873928427696,32,6.3568784299920384,1.166128676444508,0.5303443061055855,0.4123093030905692
54,10,0.36312801018357277,32,5.703253030288211,1.1636054111552205,0.5758482760163629,0.49422273581261966
54,11,0.31516612507402897,32,6.179665254812882,1.092766427513892,0.5562875616438812,0.43592798767159846
54,12,0.14273531921207905,32,6.77764357378476,0.648233498878553,0.40912155878012885,0.32189982615397233
54,13,0.66216129809618,32,5.277490556761034,0.8100565058790581,0.5454977312197017,0.4685317136793677
54,14,0.5499381609261036,32,5.191897520584244,1.0775656215065466,0.46465352508372926,0.5001280432886606
54,15,0.2647390589118004,32,6.003578257719255,1.1302328345814638,0.36246501716498525,0.40859025482286665
54,16,0.29388242214918137,32,6.095106092219604,1.1614131252933424,0.36779704646327616,0.3674816415943603
54,17,0.30563934706151485,32,6.6311684573662575,0.962966783691936,0.38090957539632775,0.3066533450660026
54,18,0.23013892211019993,32,6.407553150162483,0.8734436409837691,0.38931062760419327,0.30059289965821917
54,19,0.12826493941247463,32,6.926349360189263,0.8422399469591921,0.38817883540701514,0.32295724557885286
54,20,0.30751335620880127,32,6.223703387964001,1.1272367026192693,0.4538438848080739,0.3806906472708469
54,21,0.1660920698195696,32,6.3076372991365695,1.2091158713559187,0.3875743313718045,0.36760208075953504
54,22,0.16882148198783398,32,6.436303075103025,0.9730550313345603,0.4180167443786816,0.34122359907646105
54,23,0.0984481405466795,32,6.489172815201597,1.1466607936132576,0.3987908370217301,0.3152253150212571
54,24,0.09895257093012333,32,6.483951259182348,1.0998226962052886,0.42369067804720284,0.3434356858612214
54,25,0.06293892674148083,32,6.267211777450618,1.2593144929919697,0.4130230301263588,0.3457647005877861
54,26,0.10472400113940239,32,6.374954950769103,1.024377322704673,0.44378410986772027,0.3528163498808352
54,27,0.08407397754490376,32,6.7046779675810235,1.0091445856007777,0.44289071388961754,0.3496836434314615
54,28,0.11999084614217281,32,6.8032384823109116,0.9315103103518574,0.40758522359393706,0.3413611892960318
54,29,0.07069181278347969,32,6.527302157309863,1.0391434589723731,0.37258801129057595,0.31897878773631555
54,30,0.17031943425536156,32,6.523707968601585,1.0509245641381124,0.4793806616034868,0.388174329578179
54,31,0.06383561342954636,32,7.0254656824178925,0.949668007310648,0.43250954290204374,0.35146023796405984
55,0,0.22254827804863453,32,6.725982780883157,0.8332861354381489,0.26702021398249104,0.1999256595084913
55,1,0.04108770750463009,32,6.8040348548276075,0.973661192611071,0.4346746087676674,0.34921798295643247
55,2,0.03788667917251587,32,6.277996131243746,1.219989181121914,0.4865542996870457,0.4769392089430678
55,3,0.034521447494626045,32,7.271928380299169,0.7458771833595819,0.3810018039416354,0.3264704748315964
55,4,0.07362855412065983,32,6.977201925775798,0.9509968571596383,0.3681318372395493,0.3269627523724025
55,5,0.1624704021960497,32,6.66716008362901,1.0935812238914249,0.3727140722168705,0.39245503386938185
55,6,0.07395431585609913,32,6.975025703728471,0.9924415142366358,0.4027255650496173,0.37080877250499883
55,7,0.15966807678341866,32,6.921192630097393,0.8555369038357004,0.37264605121655503,0.39124085745718284
55,8,0.33211339078843594,32,6.514648870868952,0.9959657198780043,0.3700484060369051,0.4361074778900877
55,9,0.36909378319978714,32,6.711143791956895,0.950587690289943,0.36425000307617916,0.4123093030905692
55,10,0.2950250692665577,32,6.27410082926272,1.0135927055536538,0.4618248088944992,0.49422273581261966
55,11,0.29539971612393856,32,6.507153788878682,0.9070685488396917,0.38188824751244044,0.43592798767159846
55,12,0.1048099435865879,32,6.703056992851465,0.6557770452977483,0.24227160784076346,0.32189982615397233
55,13,0.6190920062363148,32,5.127358336770328,0.8562420678042866,0.29873120632299516,0.4685317136793677
55,14,0.4645969122648239,32,5.176395529992993,1.0859047776752258,0.3834023180355859,0.4819552838794652
55,15,0.29270060919225216,32,5.824575206002085,1.0802063811393028,0.3879482097310517,0.3820500889288525
55,16,0.2772437632083893,32,6.161898485207459,1.0387812214586791,0.4145897313183689,0.3656931148908519
55,17,0.2809779830276966,32,6.530853581517768,0.879077519516203,0.3807367239280799,0.3066533450660026
55,18,0.2918302211910486,32,6.120807773931009,0.887832747537824,0.4010295663489591,0.30059289965821917
55,19,0.1471022069454193,32,6.833020223271533,0.8648013681055664,0.36888654512519914,0.32295724557885286
55,20,0.2708448711782694,32,6.082368468859503,0.9772940709975062,0.4523652255492109,0.3806906472708469
55,21,0.17272435314953327,32,6.697891395518747,0.9061488543760277,0.4567071707397257,0.36760208075953504
55,22,0.149399658665061,32,6.560736568595328,0.8308337294054615,0.4576044270753204,0.34122359907646105
55,23,0.14025920629501343,32,6.743264317791452,0.9067551950855641,0.40683652264767867,0.3152253150212571
55,24,0.12244771607220173,32,6.5323959914272685,0.9730254073161788,0.4315615588945317,0.3434356858612214
55,25,0.09068945981562138,32,6.405153072571481,1.1354931138931645,0.43494732915701817,0.3457647005877861
55,26,0.09051893651485443,32,6.532657201728357,0.9129596247754961,0.43688593689152344,0.3528163498808352
55,27,0.11698232032358646,32,6.54356465392058,0.994998635839738,0.4194469102845607,0.3496836434314615
55,28,0.08618606068193913,32,6.950516643295216,0.7733360520328851,0.4085664928403817,0.3413611892960318
55,29,0.06118437089025974,32,6.862478279787431,0.7795708980229197,0.35996387742344516,0.31897878773631555
55,30,0.17295599542558193,32,6.6047189995862965,0.894144599621848,0.4533259846116138,0.388174329578179
55,31,0.0643461812287569,32,6.9240776203209915,0.9124369305487523,0.3948454309895163,0.35146023796405984
56,0,0.2633547894656658,32,6.697558347643033,0.8796002902033271,0.1922432069529577,0.1999256595084913
56,1,0.05748225003480911,32,6.8259166724711875,0.9413569670870592,0.35857990232658,0.34921798295643247
56,2,0.04636625200510025,32,5.954502379221082,1.3152577883429037,0.5192626289529545,0.4769392089430678
56,3,0.061554254963994026,32,7.181644475700726,0.7883972064086731,0.36881651318380626,0.3264704748315964
56,4,0.07828931137919426,32,6.935640560652386,0.947924970884845,0.3551920741049393,0.3269627523724025
56,5,0.13806001842021942,32,6.330766201701268,1.293209651171428,0.4664568116048725,0.39245503386938185
56,6,0.07372076623141766,32,6.933570373784255,1.008824312353874,0.4064610138423501,0.3756973909237371
56,7,0.15925180539488792,32,6.606583668934822,0.9265425933047826,0.3620227780166461,0.39124085745718284
56,8,0.3084841500967741,32,6.482101837610156,0.9518330013360323,0.345996201249125,0.4361074778900877
56,9,0.31547454185783863,32,6.608418083086118,0.9987663055763676,0.2898059658074794,0.4123093030905692
56,10,0.3021611776202917,32,5.962820652842838,1.064868781161782,0.3752160669368031,0.49422273581261966
56,11,0.261200251057744,32,6.307089497409684,0.9918780360532526,0.3227346689425971,0.43592798767159846
56,12,0.08241378888487816,32,6.956372034269304,0.6107921678906241,0.2492277177716971,0.32189982615397233
56,13,0.539003087207675,32,5.402950217920627,0.8013644087243081,0.30436250840948775,0.4685317136793677
56,14,0.3962281085550785,32,5.416105854830319,0.9887866541032393,0.5042289209208058,0.4819552838794652
56,15,0.22709082625806332,32,6.198556926101968,0.9744671023339109,0.49692952712327254,0.3864736376211219
56,16,0.24895826913416386,32,6.091754588898686,1.1562858325153291,0.5072333230772058,0.3695855731667846
56,17,0.2700011692941189,32,6.423813236567876,1.0211438241950939,0.468416490849208,0.3066533450660026
56,18,0.181686008349061,32,6.498990167714428,0.819119930652934,0.5198775233419394,0.3115338884461878
56,19,0.13436866365373135,32,6.622137122038936,0.9612890594444119,0.47566302280398565,0.32295724557885286
56,20,0.2997759133577347,32,6.020271121812658,1.122006208865316,0.5621908543496985,0.3859804722689574
56,21,0.149754935875535,32,6.181879447799918,1.1914452296722153,0.49630853716812295,0.36760208075953504
56,22,0.15829097479581833,32,6.283065739433984,1.0309808133250131,0.4979841050056677,0.34122359907646105
56,23,0.11032170057296753,32,6.392845200593459,1.1275483377316142,0.43612496614989493,0.3152253150212571
56,24,0.10565206594765186,32,6.273263532631183,1.1732880145887412,0.45097729173280676,0.3434356858612214
56,25,0.058150310069322586,32,6.186940316020225,1.2830672942904187,0.4449378458314248,0.3510904233093452
56,26,0.08471385948359966,32,6.187642512903556,1.0987294666953176,0.4685414378296962,0.3597962767493105
56,27,0.08117320574820042,32,6.695232837188967,0.9959871247504788,0.45317704517305857,0.35567610307077124
56,28,0.09447308257222176,32,6.682304813412974,1.0712574666933525,0.4187081159286081,0.351655833881323
56,29,0.05151156894862652,32,6.6352746242858,1.0546766415370827,0.37814791991912877,0.326447375281661
56,30,0.12974730134010315,32,6.593017727352521,1.0208670341523707,0.4732245241020134,0.39229713337643735
56,31,0.046943601220846176,32,7.020003579008877,0.9416301648814613,0.4074138006061288,0.35811996791130163
57,0,0.235727334395051,32,6.775290400076629,0.8109339038753527,0.2069645504045236,0.1999256595084913
57,1,0.03819020837545395,32,6.8554688980258,0.9035108299037056,0.3376791357404173,0.3496913395012712
57,2,0.04130014590919018,32,6.145100531387681,1.3218999509264835,0.47522126572619006,0.4789319093594874
57,3,0.021623238921165466,32,7.0316090726778455,0.8744639173145892,0.3672037563275746,0.3337176073963784
57,4,0.06997382827103138,32,6.84092263007321,0.9608067398200895,0.3595711102239779,0.3327477163696347
57,5,0.13198381289839745,32,6.330353077441936,1.273207037918218,0.38848012158288203,0.4074573715856231
57,6,0.08623983152210712,32,6.8034678433248885,1.0362866626054714,0.3518416011779719,0.38292313614097495
57,7,0.12026041932404041,32,6.7672207429702755,0.9337715902002293,0.39294479717510533,0.39124085745718284
57,8,0.2595420088618994,32,6.362762411618299,1.0072019489898292,0.41047828395162866,0.4361074778900877
57,9,0.272570813074708,32,6.488752695396621,1.0559315958647035,0.3375280097496349,0.4123093030905692
57,10,0.2378997541964054,32,6.139657641811535,0.978724838788704,0.41872798621331897,0.49422273581261966
57,11,0.21528882160782814,32,6.443862724793066,1.0046978290729385,0.4113739152318786,0.43592798767159846
57,12,0.0828210674226284,32,6.825059998772984,0.6794795697878291,0.28326716045382544,0.32189982615397233
57,13,0.5355269182473421,32,5.04419466804525,0.8320392015199136,0.48638957001600747,0.4685317136793677
57,14,0.4787495229393244,32,5.152603731132968,1.0667867942710734,0.5221700795278703,0.494914339806538
57,15,0.2670321073383093,32,5.964846231270137,1.00337059446474,0.4439495220290824,0.41006482693279644
57,16,0.3358519747853279,32,5.673121634802714,1.1546222883131527,0.5126917222513111,0.373609765423444
57,17,0.32289273478090763,32,6.109787832483616,1.031003432518589,0.4632029917926865,0.3289628483044219
57,18,0.24473443813621998,32,5.85376933759869,0.9404299349056053,0.48847029083419036,0.3234778814273872
57,19,0.16935955174267292,32,6.4629719046072,0.907155162338463,0.44343953842546713,0.32863737488244815
57,20,0.36971956863999367,32,5.570405169406592,1.1704938069956983,0.5243166610131942,0.3947129638232214
57,21,0.252064710482955,32,5.756597788485648,1.1874113094283576,0.5117484738276348,0.38178092159542854
57,22,0.28066660836338997,32,5.558554634044325,1.140372030079413,0.5140564660065616,0.34951993707825507
57,23,0.1672754716128111,32,6.324979644557055,1.0262065697324578,0.45724906681193533,0.3367735439576268
57,24,0.1411681491881609,32,6.252612050521828,1.0900737016548874,0.44561213435164576,0.34858319677752386
57,25,0.10389908589422703,32,6.1130915998110975,1.2663649541246036,0.43133883651127275,0.35687274613024944
57,26,0.15517851896584034,32,6.212821800330227,0.9850093984522541,0.4638211826876902,0.3689734463845157
57,27,0.13833516277372837,32,6.386311870603036,1.0631854162718586,0.42013705487552433,0.3701522104778293
57,28,0.12702186964452267,32,6.6165385329105355,1.0033828511425655,0.41944704672427185,0.37161776769845833
57,29,0.05927308835089207,32,6.8139541023384975,0.8407524445360117,0.3757627953178479,0.3307882013207467
57,30,0.2102278172969818,32,6.188418477573732,0.9787843491195174,0.44795707500114523,0.39945670831693325
57,31,0.0700297188013792,32,6.997646311057399,0.8842475904843754,0.3959420848310108,0.3666775696263255
58,0,0.25341678969562054,32,6.738056976858303,0.8341670116223892,0.18190637048915081,0.20269876722403668
58,1,0.050326596945524216,32,6.764642697161232,0.9670516144589527,0.3523720447983979,0.3496913395012712
58,2,0.04605485871434212,32,6.003533967651536,1.224358420962786,0.49570633492602856,0.4789319093594874
58,3,0.0469368826597929,32,7.32605127152894,0.7360747304647992,0.35476530652894234,0.339597972374242
58,4,0.07928737252950668,32,6.973911675126212,0.9040160615702826,0.339887582302689,0.33865095124370226
58,5,0.12422527931630611,32,6.289364322023258,1.2143709997021945,0.4323431547577465,0.4074573715856231
58,6,0.0913811381906271,32,6.745670918956401,1.101313253630849,0.3973624121372406,0.38292313614097495
58,7,0.14276758581399918,32,6.655398677720719,0.9059624103972341,0.41567206741204665,0.40082653709577576
58,8,0.3241401072591543,32,6.39801971017604,1.0218493045370867,0.3642171188612655,0.4361074778900877
58,9,0.3155959863215685,32,6.114623637429031,1.1408948326359765,0.37432940446047674,0.4123093030905692
58,10,0.3571671936661005,32,5.5979875827951044,1.1173455422063858,0.43915386832826014,0.49422273581261966
58,11,0.29403954185545444,32,6.192802202161934,1.018123783054257,0.3758854588837715,0.43592798767159846
58,12,0.12008104287087917,32,6.781349745400227,0.6169541292767482,0.27098175265844143,0.32189982615397233
58,13,0.6199154034256935,32,4.706138661833669,0.795562787944669,0.4889887778190565,0.4881168756048908
58,14,0.5146683119237423,32,4.262171774342927,1.1463417598304932,0.4759288111309486,0.5094426244029284
58,15,0.34493806399405,32,5.439023907564303,1.0050066189600315,0.3987421986437542,0.4333619457461842
58,16,0.3376403469592333,32,5.420776151410559,1.0955812482041551,0.36585970595315953,0.39521758114748196
58,17,0.1855779755860567,32,6.246149754430579,0.93856663628147,0.28073556315032533,0.34750965283524105
58,18,0.19057018123567104,32,5.879202825846069,0.9203812106775295,0.255285216104597,0.32723823731180646
58,19,0.12804445065557957,32,6.289548750044926,0.923800095817608,0.30315579102820667,0.33179205863588324
58,20,0.25093722715973854,32,5.537259394565924,1.1692061212503688,0.3260886184161141,0.4042180740307115
58,21,0.12636097334325314,32,5.930790660552466,1.083121252785606,0.32495523135307364,0.3895362294815946
58,22,0.24905444867908955,32,5.53989997608871,1.0584460322514895,0.30361275737035776,0.36809747412095567
58,23,0.13128823973238468,32,6.290823595113094,0.999324700639308,0.2841217000791968,0.3628128639816582
58,24,0.10607484355568886,32,6.153971119236484,1.028904455204736,0.3088718785224337,0.3724204300254888
58,25,0.05476314388215542,32,6.249286350796117,1.1663540068121945,0.2952085167500462,0.36233459027086723
58,26,0.08536535315215588,32,6.071393059343542,1.0287168978372012,0.28915914832914125,0.38105248836508177
58,27,0.08805890195071697,32,6.437926192187925,0.9709743884224418,0.32179091974872137,0.3857971805939473
58,28,0.08635194040834904,32,6.768368926585765,0.8509601850008108,0.2757548005803234,0.3826447539016583
58,29,0.04574689641594887,32,6.513090644102559,0.9760299275073399,0.28683870422061686,0.34152515512999443
58,30,0.16084009036421776,32,6.036673405639048,0.9134197185561792,0.29630463157716547,0.4086906208014826
58,31,0.06343979947268963,32,6.954878963701407,0.8545418128671587,0.294617501517291,0.37683056111201757
59,0,0.2349436730146408,32,6.718206320885402,0.8069609406699829,0.16104435744076656,0.20269876722403668
59,1,0.0507882758975029,32,6.959606364493013,0.8282320733043731,0.3000738630180532,0.3512099017499237
59,2,0.06506652571260929,32,6.156165600456485,1.1164904650698526,0.4290884966548876,0.4817280435182274
59,3,0.04148009791970253,32,7.272557329491397,0.7479557362201827,0.22920435851036758,0.3477690534009187
59,4,0.07010708563029766,32,6.992423392705111,0.866575893339558,0.2783961099231073,0.33935723298417714
59,5,0.12687542848289013,32,6.446279605063225,1.1358625585567932,0.3292358351181919,0.4074573715856231
59,6,0.10400489345192909,32,6.732208091168673,1.0544827132942594,0.2524384445534669,0.3904375130391404
59,7,0.14041320234537125,32,6.543443559314772,0.908786480101698,0.26199137652382254,0.4094479482107954
59,8,0.314452912658453,32,6.318698864545553,1.0633993264183905,0.3363657761881348,0.4361074778900877
59,9,0.3426386062055826,32,6.395030605456358,1.027525399069816,0.31498125265876276,0.4123093030905692
59,10,0.3089452125132084,32,5.583891235770323,1.1162767853745263,0.32061580956312485,0.49422273581261966
59,11,0.3527318499982357,32,6.083784615378443,1.0662008615155,0.26543001397494254,0.43592798767159846
59,12,0.11388871818780899,32,6.859549865080484,0.6778654535600923,0.1956602087819118,0.32189982615397233
59,13,0.5956625789403915,32,4.535967072070456,0.9103210263293127,0.2175771296070284,0.4894164795064153
59,14,0.47710293158888817,32,4.592118792826553,1.0447959425146172,0.3742663891748433,0.5094426244029284
59,15,0.24779468216001987,32,5.692937375240108,1.0602337798888497,0.3095607047781114,0.4333619457461842
59,16,0.3016711622476578,32,5.449428248119876,1.2150551944404846,0.32638681873417513,0.39298191559433093
59,17,0.28037010692059994,32,6.074810020244703,1.0235469328945284,0.2636397203621559,0.34750965283524105
59,18,0.24655662290751934,32,5.530295373711677,0.960161233016283,0.28259676411111,0.32723823731180646
59,19,0.12905627861618996,32,6.310305086890838,0.9080710767708835,0.2901730644966515,0.32863737488244815
59,20,0.32588933408260345,32,5.483019694696232,1.2098005262991656,0.3170713365153469,0.3947129638232214
59,21,0.19288960471749306,32,6.038604392765809,1.0739019808743864,0.26798080864260143,0.3895362294815946
59,22,0.2624354958534241,32,5.728300665597801,1.029906600737804,0.30896782478032403,0.34951993707825507
59,23,0.17434563301503658,32,6.205041355547548,1.0476863124003906,0.25289975012734023,0.3367735439576268
59,24,0.1357717178761959,32,6.255655383297601,1.0565230484775094,0.27912888254675605,0.34858319677752386
59,25,0.09710853546857834,32,6.021176857540853,1.3001776218180954,0.25901564924494724,0.35687274613024944
59,26,0.14483320340514183,32,5.933070718780938,1.086741340469625,0.2556099068996866,0.3689734463845157
59,27,0.11059127561748028,32,6.2492552331328675,1.1237349631259672,0.2871185754599792,0.3701522104778293
59,28,0.10774934850633144,32,6.487512384653163,1.054054427254374,0.2421416050454599,0.3761960152227455
59,29,0.05369122885167599,32,6.657381542291254,0.9200502386070619,0.2448225051512099,0.3307882013207467
59,30,0.19704878702759743,32,5.950501321712959,1.0317163835387504,0.25893674886933604,0.39945670831693325
59,31,0.07198283262550831,32,6.879235236895508,0.9421383150596236,0.2546002930656721,0.3666775696263255
60,0,0.2513333261013031,32,6.660014850387213,0.8507851456312778,0.1689111269013651,0.19712519246201862
60,1,0.046626755967736244,32,7.036690975073212,0.8613818238265578,0.340883784056726,0.3512099017499237
60,2,0.028183532878756523,32,6.343795904126669,1.142421718370759,0.4423208205240196,0.4817280435182274
60,3,0.034688469022512436,32,7.1373958441605225,0.7987712212941478,0.30337284370507733,0.3477690534009187
60,4,0.06857036054134369,32,6.937212755100914,0.9330940646858856,0.2904645921998022,0.33935723298417714
60,5,0.1203400157392025,32,6.3456227955132976,1.2318033076072021,0.36153014887416046,0.4074573715856231
60,6,0.10261224955320358,32,6.685829410400752,1.114176181985318,0.319981467644904,0.3904375130391404
60,7,0.12278639897704124,32,6.54311240425163,0.9115136537761845,0.3172362459179705,0.40082653709577576
60,8,0.3248611483722925,32,6.106436062594518,1.1096446460646607,0.36290437579052975,0.4207201300752254
60,9,0.3300367332994938,32,6.32085895602608,1.1591694753365678,0.3802510838918029,0.3982857838064119
60,10,0.3050934374332428,32,5.649065419504931,1.1287065873791047,0.44583452041372384,0.4768147343789457
60,11,0.2691733818501234,32,6.145385254071306,1.060366078170401,0.4051984279449958,0.41901499366752903
60,12,0.08714859932661057,32,6.888376438775195,0.6764723948645548,0.29503937293647425,0.28550479099105697
60,13,0.48101997561752796,32,5.153575809837099,0.9494379221495137,0.4269783683407129,0.48768917391753197
60,14,0.3902613390237093,32,5.004004267938496,1.1170542507909893,0.4211079563650072,0.494914339806538
60,15,0.16702753119170666,32,6.0130467248691195,1.037108035567445,0.4010289230029296,0.41546182138914767
60,16,0.217879768460989,32,5.625146579809706,1.2881270999250765,0.4019369172000056,0.39298191559433093
60,17,0.1794944554567337,32,6.4365145322754,0.9535347368626343,0.3423318999277937,0.34750965283524105
60,18,0.1418894175440073,32,6.287880185377462,0.8941884075839868,0.39840293060222676,0.32723823731180646
60,19,0.06190727651119232,32,6.770154963363085,0.8575890041128869,0.3491285480632341,0.32863737488244815
60,20,0.16980718448758125,32,6.137187608249896,1.2196232609846174,0.4302331602832099,0.3947129638232214
60,21,0.09263364225625992,32,6.254990155272811,1.1416954741975314,0.3654560234890104,0.3895362294815946
60,22,0.14081412181258202,32,6.3022176771360705,0.9845954423689323,0.3492115642683531,0.34122359907646105
60,23,0.09165533073246479,32,6.3616662554659325,1.1290301081249998,0.3399086084635293,0.3152253150212571
60,24,0.1039842739701271,32,6.398839343911697,1.130827948660163,0.3580980733805195,0.3434356858612214
60,25,0.05426388792693615,32,6.294223469201098,1.2564779131510653,0.3338379443661385,0.3510904233093452
60,26,0.09296120703220367,32,6.194147687555802,1.025197680381777,0.3920940050698079,0.36587071167135027
60,27,0.09988236427307129,32,6.561120821700531,1.091039423909966,0.3838445115190607,0.35567610307077124
60,28,0.09392192587256432,32,6.724163381510434,1.037469878034183,0.3715852554422955,0.362682820084523
60,29,0.06356913782656193,32,6.523246693278035,1.1329392813203425,0.339826516219572,0.32916986396431935
60,30,0.1874471753835678,32,6.40468290039298,1.086973466216274,0.39657298933770624,0.39229713337643735
60,31,0.06693166121840477,32,6.976444442157355,0.9821729964455841,0.36845996073263826,0.3603779303382327
61,0,0.21455596759915352,32,6.709369187264967,0.852780955826514,0.251090125338272,0.19712519246201862
61,1,0.041042402386665344,32,6.7662859877886055,1.037795812374525,0.3863166689934704,0.34957440215661084
61,2,0.02668602764606476,32,6.263167913825705,1.2305133973569449,0.4800815424448306,0.4817280435182274
61,3,0.030754800885915756,32,7.091275443128496,0.8793015586235002,0.3838716168038149,0.3477690534009187
61,4,0.047118138521909714,32,6.9169466941064615,0.9611749658852169,0.3609119503074698,0.33935723298417714
61,5,0.1419080626219511,32,6.568275055070986,1.1809195891806405,0.3890823626686687,0.3948326511007121
61,6,0.06860152445733547,32,7.0092390932841155,1.0035481971472908,0.40004592869158806,0.3861388345052949
61,7,0.0917424950748682,32,6.612259033152216,1.027489062690008,0.37871579299473784,0.3833591175365124
61,8,0.28184930980205536,32,6.454452222868559,1.015573123371829,0.3897598384102239,0.4010883841282867
61,9,0.273050494492054,32,6.443088552951314,1.1269479501408135,0.32134014762034485,0.3898265667383041
61,10,0.23687206767499447,32,5.86635366247921,1.128912949000914,0.36714124730427955,0.4676963497286011
61,11,0.22381512261927128,32,6.37774216165869,1.011126186044267,0.33869977420707237,0.40828617158843716
61,12,0.06117832846939564,32,6.835803953473755,0.7161910117310359,0.22396352634271038,0.28550479099105697
61,13,0.4573698602616787,32,5.253689533325045,0.9364816296031515,0.3225749502332975,0.46680440809048435
61,14,0.31015821918845177,32,5.14817953035511,1.0660910555764591,0.4193020052085451,0.4819552838794652
61,15,0.17469266802072525,32,5.935799421213403,1.0764231045358423,0.38657269352003465,0.3998855608233419
61,16,0.22716580145061016,32,5.829470005194322,1.1608941869533398,0.40936954752280663,0.3866555085351493
61,17,0.22957303375005722,32,6.618828324286203,0.8952596108342519,0.33894626689999185,0.3494903489345219
61,18,0.17783122323453426,32,6.094127916523172,0.9713376982145032,0.37431529854079887,0.3353890493973063
61,19,0.08966060355305672,32,6.783595651253866,0.8826675650196352,0.3657146490589057,0.33351581238679917
61,20,0.1981162130832672,32,6.080642535928094,1.0428612653402496,0.4246808037946634,0.3947129638232214
61,21,0.1253315843641758,32,6.697044999229701,0.9447407369833858,0.4154932050660609,0.3895362294815946
61,22,0.11717352829873562,32,6.511820472075258,0.963619941505832,0.42863611408813784,0.3468334936808109
61,23,0.12251672148704529,32,6.534404163850679,1.0419091469937323,0.3794762299259745,0.3293738817990059
61,24,0.10728064179420471,32,6.442996679558656,1.117741437413275,0.3850020088714456,0.34858319677752386
61,25,0.07887272909283638,32,6.164257256820516,1.3539763014344306,0.38497326146869565,0.3457647005877861
61,26,0.09570002183318138,32,6.410618328649056,1.046061799174086,0.38798343598691554,0.3835709431881817
61,27,0.09953944198787212,32,6.526007139860239,1.080360593624393,0.415935583003871,0.3676823294529974
61,28,0.10371087118983269,32,6.909056224142217,0.9252980460769962,0.3832518966970153,0.3794041284341205
61,29,0.06851479783654213,32,6.680134127365681,0.9374983808907933,0.3381115180031439,0.3366686031114885
61,30,0.21474983915686607,32,6.547787837088691,1.0229764886280144,0.41193676703476767,0.394401718547663
61,31,0.06053649261593819,32,6.883207291920511,0.9816971826721845,0.36085687124365995,0.3686977463929474
62,0,0.24727274291217327,32,6.634705946076366,0.9323275946833984,0.20619144697867822,0.20139097564250555
62,1,0.049197057262063026,32,6.881528264616022,0.9343449066468335,0.34946648557568205,0.350736545205085
62,2,0.02944103069603443,32,6.237213561716466,1.2630263239501351,0.509905327066184,0.47868842823082763
62,3,0.03651658073067665,32,7.078438271539779,0.882318161682492,0.3481771605108569,0.3477690534009187
62,4,0.06582654640078545,32,6.998911393322734,0.8960878501881577,0.3317325908298455,0.34082283483475034
62,5,0.1483238134533167,32,6.441073251589755,1.2442676766073992,0.4239387919493583,0.3951337716436054
62,6,0.06484994292259216,32,6.842132797629443,1.0597570831745262,0.37912138394827855,0.3861388345052949
62,7,0.12361078523099422,32,6.5036480948011866,0.968241690882711,0.3495351199779754,0.3762446154463287
62,8,0.2851342633366585,32,6.483821077045273,0.9899847405961877,0.3380081673584506,0.3907291613575843
62,9,0.2569141909480095,32,6.550816593751153,1.0899081221760918,0.27759394677200583,0.3810561376620226
62,10,0.23346506617963314,32,5.990293730373879,1.1229990500151414,0.367576666359282,0.4538296646541115
62,11,0.2183567825704813,32,6.286024067032638,1.0632405773496973,0.3046972249505667,0.40081713666265806
62,12,0.04086596705019474,32,6.752198807086838,0.7067988812954491,0.3286241379631544,0.27712445655613344
62,13,0.4462143499404192,32,5.754142803176775,0.8830059824049696,0.4349238948928762,0.43709880725283706
62,14,0.42205892503261566,32,5.5250983883476605,1.0075319135723904,0.5811928123507408,0.47711981009880444
62,15,0.19072899594902992,32,6.286622640080055,1.014502537748461,0.5458025652222747,0.39334520418740293
62,16,0.20640000142157078,32,6.079515194722923,1.1945033430158496,0.4930480075515594,0.3866555085351493
62,17,0.27449408918619156,32,6.441499622449861,1.1953004710043285,0.4628635917141081,0.3406390834138928
62,18,0.18319032713770866,32,6.557266218229424,0.9536232224302772,0.4798875497784188,0.35826003865876727
62,19,0.10577956959605217,32,6.876603840658936,0.9432950993748772,0.43320455775214134,0.3421955402993445
62,20,0.250242006033659,32,6.582894177120139,1.027566217057048,0.5039199143891396,0.4125951634666589
62,21,0.12730307132005692,32,6.313351454682438,1.2750794012268507,0.4367493556507285,0.3895362294815946
62,22,0.13971440866589546,32,6.48738749538972,1.0893335542770854,0.4434051746016898,0.35189800766579726
62,23,0.06731517612934113,32,6.575805601056686,1.1160415437821776,0.40042784811845844,0.3473082706221503
62,24,0.08992724493145943,32,6.417437589249859,1.1734866503473675,0.425587677477812,0.35447091630692174
62,25,0.06244942918419838,32,6.215210666263408,1.3555984791621478,0.4259501687544538,0.35167820471434874
62,26,0.07322227023541927,32,6.234797060503561,1.2191977177013733,0.43076509362229937,0.39003872052836175
62,27,0.06405740603804588,32,6.856751340783589,1.028738926315481,0.4488354051694038,0.3998900472614658
62,28,0.0634923167526722,32,6.841318110712271,1.0867591246444386,0.40120104918068894,0.3774185760696554
62,29,0.04194784536957741,32,6.467063452783439,1.1523001807564022,0.3562305941824264,0.33896901711135796
62,30,0.11128263734281063,32,6.687457198020228,1.1155276014830147,0.4358830462059599,0.40425487818623695
62,31,0.04344513639807701,32,7.016119735966287,0.9561024555787396,0.40870309075785627,0.3686977463929474
63,0,0.2671676017343998,32,6.866164180188498,0.7646468922521841,0.2993914332226669,0.20100442392958284
63,1,0.05265454947948456,32,6.97012419255193,0.8799819887732863,0.34016799548022153,0.3492837655937271
63,2,0.026606019586324692,32,6.685749580419721,1.1106961852037998,0.4781318500920182,0.47868842823082763
63,3,0.02893708273768425,32,6.97651549671995,0.9221596596381243,0.36757510480612166,0.34447498039187596
63,4,0.08341297879815102,32,6.755315280298871,1.013400926966706,0.36629470432444433,0.3391813005622141
63,5,0.13733532465994358,32,6.430018729720464,1.2054097571063727,0.45533805766679303,0.3951337716436054
63,6,0.0827040784060955,32,6.59688043150663,1.1456065456355446,0.4639672058520068,0.37887292077770396
63,7,0.08223811537027359,32,6.503846022940927,1.0251072635893843,0.41119797136751485,0.37320974455723727
63,8,0.2562451120465994,32,6.373652397281316,1.0664860890417014,0.4199340574199675,0.38679332821020906
63,9,0.21815241128206253,32,6.671503117954153,1.0686676961183341,0.3756015962845476,0.3772902441761398
63,10,0.2302824668586254,32,6.325767606120707,1.080724399535982,0.42606149089208356,0.442494194370992
63,11,0.2309934739023447,32,6.163525307227735,1.1222900386711379,0.3990573524520056,0.3891620464463804
63,12,0.07515032775700092,32,6.762369964570182,0.6811555708785901,0.25359011576350887,0.27712445655613344
63,13,0.4711169134825468,32,6.172132973063027,0.7888205107308162,0.34107962838630645,0.43095113161679455
63,14,0.37924209982156754,32,6.093789824672507,0.9509320839310096,0.3429367938390823,0.47711981009880444
63,15,0.2414959967136383,32,6.457864227615039,0.9626118832179138,0.286257952276832,0.39334520418740293
63,16,0.25783853605389595,32,6.405091708141472,1.085668888346759,0.2900311529442438,0.3866555085351493
63,17,0.31587478518486023,32,6.429489759674466,1.1541743906668227,0.23327529838989908,0.3406390834138928
63,18,0.19161484017968178,32,6.587918595503797,0.9765774758551435,0.21795273397802278,0.35826003865876727
63,19,0.11514631472527981,32,6.958693413266145,0.9091223633314041,0.22360977037382268,0.3421955402993445
63,20,0.2794125061482191,32,6.6496674886990075,0.9815110607719193,0.2469220811658335,0.4125951634666589
63,21,0.19539030082523823,32,6.501909735241116,1.1961204600108823,0.2745881681074249,0.3895362294815946
63,22,0.24395105428993702,32,6.528453396877488,1.0681056012792594,0.2451361899475782,0.35189800766579726
63,23,0.13242828659713268,32,6.77812395204194,1.0079436697171626,0.24272901431625837,0.3473082706221503
63,24,0.1285273563116789,32,6.476239529186817,1.1930618814121763,0.2363767774523689,0.35447091630692174
63,25,0.09891417622566223,32,6.222306818804746,1.3748192513713207,0.29709518975564275,0.35167820471434874
63,26,0.0968369860202074,32,6.509581098072443,1.0647447287777059,0.3117353263162759,0.39003872052836175
63,27,0.10128567181527615,32,6.816937759680785,1.0161678702899684,0.2920851631884283,0.3998900472614658
63,28,0.10191918164491653,32,6.893519987199656,1.0387247326047522,0.29557001058081855,0.3774185760696554
63,29,0.0578957237303257,32,6.8921603897402735,0.8919651165771336,0.30028227099696214,0.33896901711135796
63,30,0.14490950666368008,32,6.663314714946969,1.0754886883962307,0.29545505811676953,0.40425487818623695
63,31,0.05897604674100876,32,7.001849054437827,0.9715883000341758,0.28438340725529476,0.3686977463929474
64,0,0.212881563231349,32,6.715827927050704,0.8135538072582689,0.23835576702236594,0.20100442392958284
64,1,0.05017975531518459,32,7.023276277474066,0.8735223564760508,0.2826810519496918,0.34762133110490867
64,2,0.027523182332515717,32,6.831296134441677,1.0202526437992887,0.361867341754712,0.47771358205442144
64,3,0.021973412483930588,32,7.0997863181321685,0.8677410826375516,0.2840629314968254,0.34447498039187596
64,4,0.04292048327624798,32,6.958215513901978,0.9328934670210778,0.278418823247585,0.3391813005622141
64,5,0.08065451309084892,32,6.967160899289425,0.9372227256347925,0.3557201410605374,0.3951337716436054
64,6,0.0605565644800663,32,7.141102803036095,0.8720631055268058,0.3445094289411935,0.37887292077770396
64,7,0.07079139538109303,32,6.913156143573562,0.8519026814214197,0.3523094015282145,0.37320974455723727
64,8,0.243365366011858,32,6.85244739228359,0.823640652995568,0.3795189339113738,0.38679332821020906
64,9,0.27279177494347095,32,6.920231371872235,0.8561844955527613,0.3984803492638525,0.3749655003725122
64,10,0.21099699288606644,32,6.740579546366154,0.8745376487045098,0.4264760797028002,0.4326076796101719
64,11,0.21264825202524662,32,6.80115279237428,0.8314451828402474,0.4272788895279511,0.3891620464463804
64,12,0.10602202266454697,32,7.068848796490165,0.5829514561449312,0.280720796288332,0.2634804081775026
64,13,0.5448306165635586,32,6.056970097797071,0.6048225907350009,0.2918984810926236,0.415429981219054
64,14,0.4392902944236994,32,5.894927311682956,0.9118528944074029,0.2717789092092232,0.47029116810733895
64,15,0.2720128707587719,32,6.3166203401500205,0.8623131103495654,0.2650831954775024,0.3872604516255432
64,16,0.2712382823228836,32,6.234182253374334,1.0310326747733658,0.2948298160391868,0.3695855731667846
64,17,0.30609097331762314,32,6.560889515384035,0.972676113715969,0.26814578606317213,0.3386583873146119
64,18,0.23618759028613567,32,6.465416614722849,0.9545391643569063,0.2501067097907528,0.33405396669123577
64,19,0.14697359129786491,32,6.787116882584353,0.8978879064975693,0.2913223349909574,0.33351581238679917
64,20,0.3154690582305193,32,6.4285656442546895,0.9871990680513782,0.32657081870116267,0.3917770315843904
64,21,0.21625935845077038,32,6.173892857751939,1.2752947270764823,0.3518677386622612,0.37651517743040747
64,22,0.31095029786229134,32,6.113205222406005,1.0889265422466927,0.3366237773262849,0.3468334936808109
64,23,0.20297564193606377,32,6.371735198496186,1.1176356152301938,0.329788337531319,0.3293738817990059
64,24,0.1717568337917328,32,6.4219223595703765,1.141792169041179,0.3475272789415736,0.34858319677752386
64,25,0.14837565645575523,32,6.221570621069853,1.299199467526643,0.32878365526648995,0.3457647005877861
64,26,0.14308765530586243,32,6.435021703730193,1.0223786301860613,0.3165724922694586,0.38151565864673553
64,27,0.15212701819837093,32,6.494873055273954,1.0752299471462097,0.31801644818250596,0.3676823294529974
64,28,0.1183441486209631,32,6.745096349501429,1.0396726142293655,0.32589243917699773,0.35317660991363997
64,29,0.059652507305145264,32,6.800762703376083,0.8893806041038097,0.2645046794160567,0.32562002777527066
64,30,0.1937246210873127,32,6.428713108926274,1.075834276816778,0.3026703689045207,0.3800395108987824
64,31,0.07327687740325928,32,7.008029578919125,0.911364616900979,0.31496749138747115,0.3646584159881491
65,0,0.2410585694015026,32,6.693281499043966,0.8808400042946891,0.1904932610986673,0.20100442392958284
65,1,0.04473109357059002,32,6.92154267161864,0.9086555365284603,0.37131170356544496,0.34762133110490867
65,2,0.03308868780732155,32,6.185315268765201,1.2051800362281204,0.5037072545014857,0.4769392089430678
65,3,0.04254538752138615,32,7.136369009005408,0.8292290940549538,0.3773249807790182,0.339597972374242
65,4,0.04317071475088596,32,7.006393646538426,0.8886096135192751,0.3823209692840851,0.3351038048257924
65,5,0.09682832844555378,32,6.5164888324099906,1.2025240832291795,0.4463327867183065,0.38878124212577536
65,6,0.06679542735219002,32,6.993576261839811,0.9982475954757053,0.41699629393617044,0.3756973909237371
65,7,0.1195039264857769,32,6.741511217533661,0.918602183409555,0.3762462015326668,0.36988560802192383
65,8,0.30991231091320515,32,6.5866388691113125,0.9803449721560034,0.3996071953274335,0.38167287596078403
65,9,0.33972659334540367,32,6.558107708675266,1.064869308493349,0.32405913867375524,0.3749655003725122
65,10,0.26921953819692135,32,6.21336548661899,1.084939212140176,0.4151809861429032,0.4262687852974419
65,11,0.202609334141016,32,6.522902556743306,0.9852487347478291,0.36300588577788495,0.3891620464463804
65,12,0.09181086346507072,32,7.0305197280964435,0.5986921080583878,0.25425675919198987,0.2634804081775026
65,13,0.5316118244081736,32,5.309899278763539,0.8449229479056726,0.37426353796675293,0.3724806112418508
65,14,0.4358627200126648,32,5.168868001168616,1.080180483476017,0.3632374547315226,0.4428807407243682
65,15,0.2850532550364733,32,5.995061506149863,0.9698081897615314,0.3417187971347919,0.3872604516255432
65,16,0.23953871056437492,32,6.003520083656381,1.1076594984066315,0.36500444003515153,0.3695855731667846
65,17,0.26534843631088734,32,6.292502545824835,1.0450353914467554,0.3113444713437401,0.3386583873146119
65,18,0.19541179575026035,32,6.302432426586288,0.9761808047894105,0.32771526314651267,0.33405396669123577
65,19,0.12169582024216652,32,6.81597644699262,0.899740417518883,0.31966739892365426,0.33351581238679917
65,20,0.23726409301161766,32,6.282211229863336,1.100225411983569,0.36316513680134344,0.3917770315843904
65,21,0.17211320623755455,32,6.047931783564542,1.301589061022721,0.38022807787177454,0.37651517743040747
65,22,0.22308156453073025,32,6.280810462771132,0.9751515085331892,0.3877802788222221,0.3468334936808109
65,23,0.0880011823028326,32,6.436238680671426,1.0977065576491727,0.36681922159525837,0.33484847299742415
65,24,0.09755615517497063,32,6.307820455797085,1.138068750474245,0.38044064644909914,0.34918551908744877
65,25,0.06376916170120239,32,6.174300953803632,1.3134666121963416,0.3732614775325474,0.3457647005877861
65,26,0.07973591797053814,32,6.214061212602875,1.1414519429418544,0.381271996441842,0.38151565864673553
65,27,0.07403856702148914,32,6.543190839939502,1.0641059843299292,0.36912159099574193,0.3676823294529974
65,28,0.06620432436466217,32,6.910621466994117,0.9627145492713014,0.3415062548787555,0.35317660991363997
65,29,0.03183605708181858,32,6.626185800758407,0.99173653100853,0.2933584750458581,0.32562002777527066
65,30,0.09412702545523643,32,6.582374505616718,0.9765336561284244,0.3983109495803543,0.3800395108987824
65,31,0.041300587356090546,32,7.021294148522267,0.9058979025056884,0.34894231001174875,0.35633859993343436
66,0,0.23615727201104164,32,6.6908021723046005,0.8798774085712404,0.13574316893042737,0.20051126347581366
66,1,0.048693547025322914,32,6.776965064923608,0.9746226681291468,0.3192943715823453,0.3492837655937271
66,2,0.04320294409990311,32,6.211969491977801,1.319352710095524,0.46840460268880296,0.47771358205442144
66,3,0.027945198118686676,32,7.1871114604002,0.8125357926993564,0.29454993404039,0.34447498039187596
66,4,0.07970490492880344,32,6.985333948344931,0.9598054689606439,0.29382718464063196,0.3391813005622141
66,5,0.11775699816644192,32,6.7311216919712855,1.124904375626354,0.3750602060886132,0.3951337716436054
66,6,0.07106778956949711,32,6.963730754447774,1.0158621260436256,0.331304609168924,0.37887292077770396
66,7,0.13173054531216621,32,6.724342885018675,0.9408328489957958,0.28703631759937104,0.37320974455723727
66,8,0.2843690812587738,32,6.544772868305172,1.0247471019053274,0.28249654708609484,0.38167287596078403
66,9,0.32451754808425903,32,6.509498118133298,1.1036784505013344,0.20944914293455597,0.37395684025619
66,10,0.2800373546779156,32,6.0071854352771785,1.1701436055187724,0.3177447924592651,0.4262687852974419
66,11,0.19252340495586395,32,6.503321079100257,0.9540915165412871,0.29568915739918866,0.3891620464463804
66,12,0.10187513940036297,32,6.907103871468845,0.5812346350668696,0.19963144869646585,0.2626192559252156
66,13,0.5667413808405399,32,5.175467479952365,0.7185318428790612,0.2686935032020042,0.3576715831765297
66,14,0.46095273829996586,32,4.8452814163834415,1.118649245655769,0.3114308765502062,0.42020498078677615
66,15,0.2679577637463808,32,5.826308350513417,0.8887841356421546,0.322295191910162,0.3857858795156134
66,16,0.27500738948583603,32,5.675591706921553,1.101581920136967,0.34388540864312933,0.3695855731667846
66,17,0.25265080854296684,32,6.332636710167795,0.9429495837160617,0.2922456047598576,0.32925072788980186
66,18,0.19876843132078648,32,6.337347486514562,0.8670204878462595,0.2914423430453842,0.3268092088761243
66,19,0.14647942036390305,32,6.513444789749254,0.9358120938652794,0.300542776177016,0.3303840950311039
66,20,0.315388897433877,32,5.9148087321789715,1.139958374145893,0.33181379927132976,0.3806906472708469
66,21,0.18291098438203335,32,6.000320761103792,1.196987258245798,0.3483468336035396,0.38390120462178956
66,22,0.25792116299271584,32,5.8698324389618755,1.0017158673598425,0.3577128657796084,0.35189800766579726
66,23,0.1800013780593872,32,6.098388235961625,1.1619844865609554,0.3434787760599871,0.3473082706221503
66,24,0.15377015061676502,32,6.138664490357666,1.1332585148831225,0.37698099375103244,0.35447091630692174
66,25,0.12574518471956253,32,6.039274227077046,1.2626219346630307,0.3697646853602158,0.35167820471434874
66,26,0.1319984458386898,32,6.1589243125745625,1.0591929622044782,0.38341749361330624,0.38462771621437875
66,27,0.1268301773816347,32,6.264378479663671,1.0998829321003782,0.3655350055319279,0.37648305125740134
66,28,0.1185157485306263,32,6.6221419344296155,1.0593680361916586,0.3560124460455612,0.3565457551605255
66,29,0.05077877640724182,32,6.750956631075988,0.8992921189627943,0.30571761076856796,0.32562002777527066
66,30,0.18920550867915154,32,6.164521527193241,1.0772307497486704,0.4037249575341398,0.39744196945903026
66,31,0.0678746048361063,32,6.909817352498539,0.9640288512535449,0.3647224402683757,0.35633859993343436
67,0,0.21242811530828476,32,6.676773090209103,0.8810928768532271,0.22019866940229274,0.20051126347581366
67,1,0.04177668318152428,32,6.888123041690855,0.849141776319362,0.28634699932865926,0.34780405108686363
67,2,0.03732503950595856,32,6.130215535318751,1.280208333362176,0.4366924076014618,0.47771358205442144
67,3,0.030087294057011604,32,7.250568965363584,0.7692111277484042,0.2438018017637265,0.34447498039187596
67,4,0.07955414429306984,32,7.0459556354703246,0.9216392953683803,0.23660725160590892,0.3391813005622141
67,5,0.1163050252944231,32,6.7212289060073855,1.0761229237117282,0.292108165053509,0.38878124212577536
67,6,0.09155690670013428,32,6.929867056507737,1.0059244476360476,0.284363328572657,0.3739843023589657
67,7,0.1338683571666479,32,6.676917145485001,0.9009201709230101,0.27953140565218054,0.37320974455723727
67,8,0.30020955204963684,32,6.25753592086123,1.0274856854599461,0.3165339751948927,0.3766437570893188
67,9,0.31454128213226795,32,6.295343544890587,1.1361126531272907,0.29128790213846056,0.3692897037683279
67,10,0.3030726984143257,32,5.537257193592026,1.0816539395397635,0.38106856464019573,0.4262687852974419
67,11,0.2506671790033579,32,6.32211448310137,0.9460667053185841,0.29330167132297774,0.3891620464463804
67,12,0.09999452345073223,32,6.807961206666725,0.5935029207014653,0.18310567496990704,0.2626192559252156
67,13,0.5217948164790869,32,5.174288216087881,0.7323911214698313,0.17739716666661504,0.3576715831765297
67,14,0.5203915741294622,32,4.661266464285523,1.1082620287526668,0.22053381101630762,0.42020498078677615
67,15,0.2399493232369423,32,5.705758997693352,0.8621146021366215,0.23036422868964362,0.3857858795156134
67,16,0.30654877983033657,32,5.483499506404936,1.089974421102566,0.21558991627419533,0.3695855731667846
67,17,0.25940936245024204,32,6.2784445236056055,0.9620322425900847,0.1880197064568236,0.32925072788980186
67,18,0.19949079677462578,32,6.395525555304422,0.8046919084648163,0.1581405047852818,0.32438393569777557
67,19,0.15254182741045952,32,6.415657474258976,0.876906582492178,0.1922679128618854,0.3303840950311039
67,20,0.2989055961370468,32,5.816848682409992,1.0440628042347058,0.21273177786198813,0.37487835430107636
67,21,0.18949725851416588,32,5.805249086700504,1.26233839208159,0.23816897878729215,0.38390120462178956
67,22,0.2734562251716852,32,5.659449969290714,1.0418030131727019,0.2207644443738653,0.35614865842142496
67,23,0.18872745521366596,32,5.919208752773935,1.176418564681594,0.19110403998631986,0.34909335442037914
67,24,0.15791037119925022,32,5.93897870752222,1.2179438404711656,0.2039733443997515,0.36753953356577596
67,25,0.11486832611262798,32,5.7997466817220795,1.3692150457002636,0.231952556167071,0.3636126064477344
67,26,0.16031473316252232,32,5.916615609824916,1.0831698597925286,0.21328935252931877,0.3857004648001109
67,27,0.15687892213463783,32,5.829707654753414,1.2333990157327204,0.23093043745995653,0.37648305125740134
67,28,0.11432084999978542,32,6.494580657174732,1.0675030288841505,0.24915216257550943,0.36379885074392837
67,29,0.047217659652233124,32,6.6624923515174315,0.9196354051612516,0.24432429820004067,0.32562002777527066
67,30,0.17023035511374474,32,5.9360384648267015,1.1350435236381546,0.23754571213988215,0.401017953557247
67,31,0.07161385007202625,32,6.819025694219655,0.9683626543396802,0.27615540676249006,0.36278965575601785
68,0,0.22234492376446724,32,6.642870682886256,0.8411631428997843,0.2299272852714919,0.20051126347581366
68,1,0.048017717897892,32,6.966291905367837,0.8625809880538968,0.35635429664267126,0.3435127003273856
68,2,0.05696256831288338,32,5.851256508732935,1.226970020334945,0.4655981157934506,0.47735747698066455
68,3,0.04185790941119194,32,7.219177430351471,0.7635115782961099,0.2946198841217986,0.34447498039187596
68,4,0.05880536884069443,32,6.9855906031932875,0.88562396159855,0.3138095571403852,0.33581008656626726
68,5,0.11542980372905731,32,6.57872872307547,1.0728990948130246,0.3569245639453972,0.38878124212577536
68,6,0.08340254612267017,32,6.892434662550087,1.0104796999513033,0.297803442230534,0.3739843023589657
68,7,0.1244740542024374,32,6.68143642185229,0.8956614406910202,0.262277939908945,0.36733441461660055
68,8,0.31569548696279526,32,5.974213717438358,1.096201987256853,0.2953940667666579,0.3719084931520844
68,9,0.3526693284511566,32,6.048319431359347,1.2447098620469879,0.25146215837216956,0.35088900641290705
68,10,0.35949061065912247,32,5.347704513545967,1.0753050065830454,0.27337942266761184,0.42239473855270127
68,11,0.27844490483403206,32,6.043905998399618,1.0762996177574493,0.22065737307282393,0.378886853198106
68,12,0.09481639042496681,32,6.835696155125137,0.6021121864211443,0.18168307953818502,0.2626192559252156
68,13,0.5684720799326897,32,4.721276109133804,0.849123575952615,0.26031140430168087,0.3576715831765297
68,14,0.4833259116858244,32,4.609150014819206,1.0263441236582365,0.31275142753347607,0.42020498078677615
68,15,0.2783331461250782,32,5.717256925422624,0.9831487624558486,0.3529018912941938,0.3857858795156134
68,16,0.23719728738069534,32,5.589476963806575,1.1044087515927297,0.41057680052533857,0.3695855731667846
68,17,0.2501888871192932,32,6.160744598384525,0.9954876802073205,0.35119909244450587,0.32925072788980186
68,18,0.16392355598509312,32,6.121787213669069,0.971662000215721,0.30597690505016256,0.32438393569777557
68,19,0.10749958269298077,32,6.486057127611167,0.9595778765299894,0.3517168357638736,0.3303840950311039
68,20,0.2764178365468979,32,5.932065648575651,1.1449920149105752,0.3841541091358317,0.3720211574751716
68,21,0.14934635907411575,32,5.788527186377408,1.1981636297012574,0.4094484590231579,0.37284205068039245
68,22,0.1410571001470089,32,6.3154789315421835,0.9449009333440026,0.4153358913344774,0.3534622150239808
68,23,0.07207328826189041,32,6.543729857605892,1.0548488211390747,0.3786838473798094,0.34909335442037914
68,24,0.08998142555356026,32,6.127864480817997,1.2094723921858286,0.44851482429133194,0.36753953356577596
68,25,0.04772879183292389,32,6.221868952615178,1.2764631454222348,0.42069504229415206,0.3636126064477344
68,26,0.08459538035094738,32,6.00294701959581,1.1400958072880352,0.43289437807414544,0.3857004648001109
68,27,0.06806079857051373,32,6.569009968830816,1.01926526130209,0.4403880040610274,0.37648305125740134
68,28,0.07118142209947109,32,6.858781161950224,0.9615121373493816,0.4060007704657825,0.36379885074392837
68,29,0.046023622155189514,32,6.664794687169945,1.0092118297201509,0.35322080060481115,0.3219145643858559
68,30,0.13140683807432652,32,6.423246243694731,1.029433448945822,0.4454214211455557,0.401017953557247
68,31,0.05577383190393448,32,6.991604417262376,0.9100706679878137,0.40673560311340085,0.36278965575601785
69,0,0.21689296513795853,32,6.714929477015118,0.8087159575517138,0.1995761395520755,0.20657799869160093
69,1,0.03460754081606865,32,6.7663679056584805,0.9377287387668058,0.34082174900249873,0.345175134816204
69,2,0.0858343243598938,32,5.655134771425644,1.3113739414700447,0.49907413706412285,0.4766765579091041
69,3,0.034446852281689644,32,7.0502747586950205,0.9195825215226767,0.33994836188916366,0.33605301992844094
69,4,0.0534257423132658,32,6.894230743800962,0.9676322856882384,0.306056461731709,0.3293765023736878
69,5,0.1297348253428936,32,6.335925701005848,1.1655146450008482,0.3406644030541241,0.3817701638357476
69,6,0.0840944442898035,32,6.801037754402236,1.0737923433981065,0.2934424401622176,0.36548149256312523
69,7,0.110796719789505,32,6.620061048798371,0.9452217684886914,0.29100973936299485,0.36733441461660055
69,8,0.26831943541765213,32,6.022380140519195,1.0576544920395756,0.30082756473947203,0.3671327624490853
69,9,0.3172418884932995,32,5.956767999390087,1.220084136497035,0.2611903464411173,0.3307935742116951
69,10,0.2572831064462662,32,5.440933477628796,1.1772077497587619,0.3072370366416674,0.4169544861781111
69,11,0.20420391485095024,32,6.277255779746163,1.0140294480390288,0.2653657523920065,0.36944567233082826
69,12,0.04595417343080044,32,6.9047860311114615,0.658854212149036,0.20807234780500589,0.25392343747774937
69,13,0.42338052578270435,32,5.088026742558597,0.7677701456881723,0.3313048073898449,0.331827289309802
69,14,0.29741078801453114,32,4.813947607314022,1.1466908313974935,0.4616884174391618,0.4013521616220655
69,15,0.22546622715890408,32,5.848545443174688,0.9944219714342104,0.358309717673901,0.3737320413380887
69,16,0.17548927664756775,32,5.822431500924603,1.0550623669500352,0.3822299559174937,0.3695855731667846
69,17,0.1558155845850706,32,6.321569081938794,0.8870236173497048,0.3180871429430634,0.3406390834138928
69,18,0.11418190971016884,32,6.242361259414999,0.9103171220060897,0.33587669819722693,0.32438393569777557
69,19,0.08967690356075764,32,6.706222354262719,0.906410894659226,0.32125510309443694,0.3373171027949935
69,20,0.1811731941998005,32,6.096278774935105,1.0296437368862223,0.39829464170412887,0.37492983478730374
69,21,0.11749974638223648,32,6.384028261991505,1.0230070448151416,0.3708850481608882,0.37284205068039245
69,22,0.16119080036878586,32,6.304625356237184,0.8629306975861555,0.3689586948748174,0.37274657230091524
69,23,0.07307078689336777,32,6.75719632718795,0.9474916818746646,0.2973584425084407,0.35514899882762274
69,24,0.06381307542324066,32,6.585161353146177,1.0125718404388406,0.3525689665191137,0.3787108201000658
69,25,0.04773496836423874,32,6.479558417843501,1.1438718556417307,0.3550985255248469,0.3715130814463816
69,26,0.07888621278107166,32,6.4499327854618125,0.9605422908766315,0.37846481394041304,0.39003872052836175
69,27,0.08270792663097382,32,6.780979224729865,0.910180141481784,0.3376995554065476,0.3998900472614658
69,28,0.08345050364732742,32,7.071756702456113,0.831239466354714,0.34291463688365653,0.3774185760696554
69,29,0.045210596174001694,32,6.803697972362466,0.9097323771404877,0.3087456966497557,0.33896901711135796
69,30,0.12039486318826675,32,6.483075771299567,0.9306536216992294,0.36173821237578957,0.40783086228445375
69,31,0.057075321674346924,32,7.0644439492836675,0.8602374031677043,0.3311310201603016,0.366591200500507
70,0,0.2160259671509266,32,6.679933015974281,0.874636166736007,0.16371265687087116,0.20657799869160093
70,1,0.04199341498315334,32,6.942548885870752,0.8555037726215966,0.29074959091846564,0.3408527665296124
70,2,0.039899807423353195,32,6.255245557268964,1.297829218703102,0.4598858016771044,0.4766765579091041
70,3,0.030324896797537804,32,7.060806123477521,0.9073068556283594,0.2851647610843606,0.3440627612000103
70,4,0.07545662671327591,32,6.921872061380929,0.9550648500798271,0.26941944732203016,0.3227710739851154
70,5,0.11281672678887844,32,6.468565748851858,1.2223781493522,0.369741892070775,0.37388713915274185
70,6,0.06112949550151825,32,6.953067781657568,1.0022763241084442,0.33508856082362537,0.3481755150595827
70,7,0.10517966188490391,32,6.701081187422798,0.957824112175155,0.33493551220365303,0.3571660897724303
70,8,0.25219815969467163,32,6.33735580795501,0.9912516090067456,0.3625390789144327,0.3635607473258976
70,9,0.2513056080788374,32,6.449282404314048,0.9531250553284254,0.3484520555011121,0.32269964314705
70,10,0.2240600772202015,32,6.091780309246663,1.0407665254717822,0.4312969884778561,0.39812477539154945
70,11,0.20689468644559383,32,6.534677817210948,0.8785988569628929,0.3281396064193519,0.3508528299924787
70,12,0.04774134047329426,32,6.9328131384764005,0.6544275239174926,0.22993916603373124,0.251408916767603
70,13,0.3749604616314173,32,5.151652785702481,0.7929160163259423,0.2502162193535171,0.3269398788115712
70,14,0.2586290892213583,32,5.0484834944300765,1.101853204808589,0.2369485169858896,0.4013521616220655
70,15,0.2020653560757637,32,5.86201149085475,0.927518696581747,0.2264938035697795,0.3603873674194431
70,16,0.21224526315927505,32,5.992571364978197,0.9783538708772976,0.20809366253858702,0.3750135011903849
70,17,0.1759391725063324,32,6.340694671884399,0.8790296378360791,0.18136019356513022,0.3285167049215276
70,18,0.12550639174878597,32,6.242225096177314,0.8158229019741547,0.18414913763547078,0.3317959806718698
70,19,0.10377906635403633,32,6.549792285898848,0.8997881615982335,0.23639343645193425,0.33519182557883553
70,20,0.19256644137203693,32,5.922435548245357,1.0437313577652212,0.24509784549013983,0.3912243754199803
70,21,0.1605975516140461,32,6.200253519214335,1.0438056068448445,0.28181198653716677,0.37555656301633134
70,22,0.17631091363728046,32,5.896539379455874,0.903823526332495,0.24470473189441605,0.3783694868485198
70,23,0.11767833679914474,32,6.223953464976014,1.106494695799018,0.2941448771221683,0.35514899882762274
70,24,0.09718719683587551,32,6.097191936229933,1.102908388123927,0.322940049720123,0.3787108201000658
70,25,0.06358149275183678,32,6.242534142011436,1.2064638697069352,0.30921703473220147,0.3715130814463816
70,26,0.09748005121946335,32,6.135898367272315,1.0457466855852617,0.3025548382534252,0.3857004648001109
70,27,0.1144446786493063,32,6.27445851178661,1.0766842468796316,0.3066532129816749,0.37648305125740134
70,28,0.06469771265983582,32,6.813192585030285,0.9068712713422009,0.2839124317663707,0.36379885074392837
70,29,0.03711100108921528,32,6.619615520404298,0.8891271773665457,0.27377444085104063,0.3234286073264498
70,30,0.11511333100497723,32,6.2781720443345,0.9422561043002107,0.3235959458547837,0.401017953557247
70,31,0.04292033053934574,32,6.901965489501137,0.9244320905338972,0.3294934381430507,0.36278965575601785
71,0,0.22502531111240387,32,6.710419397887948,0.9073408620016403,0.2164305388163565,0.20288379326537687
71,1,0.045485738664865494,32,6.8258185297620795,0.9203359329288201,0.34887268067074845,0.3408527665296124
71,2,0.06831209361553192,32,6.0336071378535845,1.2239317361179722,0.48295810287011554,0.4766765579091041
71,3,0.031523820012807846,32,7.097994910339581,0.842774536996119,0.32823249236758945,0.3440627612000103
71,4,0.11298265494406223,32,6.841578697855008,0.9794599267920852,0.3609282416828057,0.3227710739851154
71,5,0.1621930468827486,32,6.354979210271141,1.1375836493012699,0.5095627287510722,0.37388713915274185
71,6,0.08033531531691551,32,6.494546594433792,0.9011970664471223,0.572574599134243,0.3481755150595827
71,7,0.06619791500270367,32,5.70747324554638,0.7733056967525247,0.7009160093922107,0.35092226075309496
71,8,0.08715715631842613,32,5.823894809546102,0.7107391042795843,0.7748053334302583,0.3627217273524812
71,9,0.03753652982413769,32,5.601554103119659,0.8847038502638505,0.8031137460002821,0.32269964314705
71,10,0.05688121356070042,32,5.284667625736153,0.8121780698134549,0.8651593659935595,0.39812477539154945
71,11,0.047529637813568115,32,4.823739213520464,0.7368929436539018,0.8544819267998804,0.33341969031321217
71,12,0.04424167424440384,32,4.922238087315482,0.4698437704016234,0.7867492387934163,0.24574966280623028
71,13,0.07800698839128017,32,4.999560651790146,0.5824389632917111,0.929853169568257,0.31346872932139264
71,14,0.10757224634289742,32,5.572297927400348,0.92947065189243,0.8660615720833597,0.37883435360521456
71,15,0.06450643390417099,32,5.6663568922224625,1.1464174213915896,0.8137292873302229,0.35560580448404744
71,16,0.13079172372817993,32,5.973392936635591,1.0340001109498136,0.7486766065971706,0.3740448309353266
71,17,0.06785379350185394,32,5.8872960850983596,0.9341588605275284,0.7564162193821475,0.31471580714340175
71,18,0.03216494992375374,32,6.532791833230152,0.7738959608500613,0.6830099055916,0.3168460840983376
71,19,0.053621433675289154,32,6.756104686739905,0.805024837648066,0.6091272974475217,0.3204612510090456
71,20,0.061020128428936005,32,6.967442012161451,0.7934414825865623,0.6489290834548875,0.37365962296858757
71,21,0.04366501234471798,32,6.350387130242088,1.1635875648464102,0.6215162726895056,0.3681705358249493
71,22,0.0717157032340765,32,6.246101816499976,1.1105374202834088,0.4362219088301893,0.3633357803272129
71,23,0.04388224706053734,32,6.453199603496597,1.0530914403723104,0.3855955440884443,0.3416936922617582
71,24,0.06371382437646389,32,6.095870476273019,1.14822596760599,0.4024219836158456,0.36753953356577596
71,25,0.042857952415943146,32,5.798314251921219,1.2694449941622912,0.4045091625360421,0.36243160544253133
71,26,0.14037853106856346,32,5.437401117015761,1.3809508676984121,0.43211065509684,0.3823447450275741
71,27,0.12396535836160183,32,5.673487458550353,1.3207519234034928,0.3892416621124529,0.36732829826383495
71,28,0.030198730528354645,32,6.267864773682655,1.1546803557734897,0.4189817953514129,0.3494635414646089
71,29,0.04436258412897587,32,5.925534658422984,1.195450898112962,0.4098701959364388,0.30723165370916183
71,30,0.13610175251960754,32,5.319149195361637,1.3018540746991025,0.5208325700303562,0.39744196945903026
71,31,0.024711012840270996,32,6.5951449188385425,1.0997516984419917,0.43586361547128183,0.3548995906277044
72,0,0.22734572365880013,32,6.706420388576757,0.7852224603547375,0.27477013714894366,0.20288379326537687
72,1,0.052214089781045914,32,7.0298692057621395,0.8249815615940808,0.2962209408900186,0.3408527665296124
72,2,0.036893608048558235,32,6.1005317691790175,1.2321308902761183,0.38802982578850564,0.4766765579091041
72,3,0.030813908204436302,32,6.926694916063977,0.8968831874487506,0.2615288367844205,0.33409042712837655
72,4,0.054578980430960655,32,6.871725012811456,0.9357995959747907,0.3752025425562281,0.3227710739851154
72,5,0.10312273167073727,32,6.186541142433077,1.2865353048425785,0.5207847543417041,0.3817701638357476
72,6,0.07094726897776127,32,6.782916973197938,1.079029881008858,0.6013570458690584,0.3481755150595827
72,7,0.08505837991833687,32,6.567319074132264,0.9912622801674909,0.723735261329355,0.35092226075309496
72,8,0.18649846874177456,32,6.1572238466984155,1.0682798679657415,0.7925746373478124,0.3627217273524812
72,9,0.25482715480029583,32,6.464111965396178,1.0449486679789954,0.8008390144195517,0.32269964314705
72,10,0.19416361302137375,32,5.908443826605289,1.1565400349693942,0.8308611758523743,0.39812477539154945
72,11,0.12695237621665,32,6.528707017672275,0.9666610076555457,0.7835698172791217,0.33341969031321217
72,12,0.037071431055665016,32,6.800941752752738,0.7263400999243732,0.7448999814540865,0.251408916767603
72,13,0.4125276021659374,32,5.148048897177169,0.7857869970684268,0.9076946038343415,0.3269398788115712
72,14,0.39041844941675663,32,4.609186285125241,1.0671408738392243,0.846862241553644,0.3967841971916942
72,15,0.16121876798570156,32,5.946417019297984,1.1043231587188185,0.7789610419537978,0.35560580448404744
72,16,0.14170434884727,32,6.002852964929378,1.1911678977330293,0.7178739207676733,0.3740448309353266
72,17,0.25352845527231693,32,6.34579980877127,1.142991597807872,0.6811865660733404,0.31471580714340175
72,18,0.15629476308822632,32,6.296123455928978,1.0580335470622453,0.6375171044842509,0.3168460840983376
72,19,0.08134088851511478,32,6.762481580647391,0.9988193732262802,0.5649693773537743,0.3204612510090456
72,20,0.1922849677503109,32,6.34227212399524,1.1458573434165071,0.5863245683600229,0.37365962296858757
72,21,0.06388464011251926,32,6.258504297161273,1.241023635472298,0.5418873317569267,0.3681705358249493
72,22,0.10838370211422443,32,6.269787486575659,1.1518303775276628,0.5475638493383636,0.3633357803272129
72,23,0.06525644473731518,32,6.53670485255346,1.1867549166675868,0.44049433438981,0.3416936922617582
72,24,0.07969871908426285,32,6.243846270404687,1.2573112682901924,0.5206719630349199,0.36753953356577596
72,25,0.042949799448251724,32,6.016006785382505,1.4391205079303093,0.495522623675083,0.36243160544253133
72,26,0.06691641733050346,32,6.041130560455283,1.2546379727154156,0.5361731155705127,0.3823447450275741
72,27,0.0550141092389822,32,6.768671758927402,1.0543279774158005,0.5376720630687233,0.36732829826383495
72,28,0.04979286901652813,32,6.716104506056142,1.1723342607045506,0.49957160805132284,0.3494635414646089
72,29,0.035964351147413254,32,6.40495811299437,1.1004377751661618,0.4601093328050331,0.30723165370916183
72,30,0.07253136672079563,32,6.516116344317508,1.1574620483244207,0.6488941709449666,0.39744196945903026
72,31,0.0399701539427042,32,6.959913764549071,0.9865163594524962,0.5236659836333595,0.3548995906277044
73,0,0.2183354366570711,32,6.752614096729291,0.8258223066309665,0.3018767231992006,0.20657799869160093
73,1,0.038573287427425385,32,6.9474925177902485,0.918667314667152,0.3816384537558372,0.3404948722413601
73,2,0.029591182246804237,32,6.345005166569851,1.3144618930231404,0.5131143275322343,0.4718129342074965
73,3,0.021572712808847427,32,6.979683904919007,0.9321626579691324,0.4302954784600022,0.3158026680363334
73,4,0.060531292110681534,32,6.978402135100302,0.9205372864637775,0.39817707173447503,0.3227710739851154
73,5,0.1481558494269848,32,6.155387287776014,1.2543489775641614,0.37914323248586845,0.3817701638357476
73,6,0.05659306235611439,32,6.757330772254388,1.1208824240063429,0.43103970071669356,0.3481755150595827
73,7,0.07588151469826698,32,6.600331211534832,0.995532030749227,0.43063862690615307,0.35092226075309496
73,8,0.23754184506833553,32,6.026666430759798,1.1557673881193393,0.4572597027949834,0.3635607473258976
73,9,0.25381632149219513,32,6.382489198078128,1.1187680262203044,0.42878119165768835,0.3307935742116951
73,10,0.18803944252431393,32,6.227827898832958,1.0234570735433826,0.44628468377798247,0.4169544861781111
73,11,0.15832408890128136,32,6.634643541525863,0.8788136576559449,0.34657116866162535,0.3508528299924787
73,12,0.04601381719112396,32,6.892646677625884,0.7043141685036218,0.2722125961884343,0.25392343747774937
73,13,0.5080454014241695,32,4.893292573266391,0.7499234627918181,0.36216379733368487,0.3361922178880757
73,14,0.4091256894171238,32,4.8410569982552145,1.0340821909545275,0.30647115675353354,0.3967841971916942
73,15,0.20536337606608868,32,6.016301075401085,1.0332294269305207,0.3681915802875043,0.35560580448404744
73,16,0.28146650455892086,32,6.096239401015492,1.0377955758926145,0.44352135037150814,0.3740448309353266
73,17,0.3013869486749172,32,6.156905325217341,1.1124182601677406,0.3952039477888289,0.31471580714340175
73,18,0.23422514088451862,32,5.980638349912844,1.036265407394838,0.3527650359269927,0.3168460840983376
73,19,0.14166827686131,32,6.562298444151377,1.0181573663723809,0.3731757792682665,0.3204612510090456
73,20,0.3119976334273815,32,5.668094902287882,1.2916643662388942,0.44403465053981683,0.37365962296858757
73,21,0.18773717992007732,32,5.944597153168145,1.3564413750635964,0.44046679689350965,0.3681705358249493
73,22,0.24180758371949196,32,5.859597818157674,1.1378624305926088,0.4433961350992772,0.3633357803272129
73,23,0.0952533595263958,32,6.309708308971899,1.1673213308187913,0.43068834824919777,0.3416936922617582
73,24,0.14671403728425503,32,5.972372279110448,1.2792749010254498,0.41065773525893606,0.36753953356577596
73,25,0.0937231220304966,32,5.9823392547995144,1.4216112452679681,0.4374186931821956,0.36243160544253133
73,26,0.11285997182130814,32,6.317741542139053,1.0418739584470442,0.4496283067075233,0.3823447450275741
73,27,0.12456995993852615,32,6.480269449998497,1.1254705386856143,0.3867966159302383,0.36732829826383495
73,28,0.08635757304728031,32,6.80163382862464,1.0764505683567887,0.40580877617878597,0.3494635414646089
73,29,0.055877432227134705,32,6.706369302672399,0.9475432509213624,0.3746830240800942,0.30723165370916183
73,30,0.1474497728049755,32,6.314186418423048,1.0681832192899252,0.41971899436790994,0.39744196945903026
73,31,0.05056780204176903,32,6.963091446431725,0.9744032021551741,0.38314854307898594,0.3548995906277044
74,0,0.21615403704345226,32,6.660555169753055,0.850510994561585,0.15645363679044666,0.21131099289751737
74,1,0.0384295079857111,32,6.9164715190172545,0.8874134570348531,0.30345178676003765,0.3408527665296124
74,2,0.03037593886256218,32,6.281286310223082,1.1585342028720396,0.45525684728479876,0.47326822639041055
74,3,0.026391008868813515,32,7.176954395043751,0.8147044813724591,0.30668014711718256,0.3158026680363334
74,4,0.060213727876544,32,7.02219533352299,0.8611462632513343,0.3016264077165459,0.3227710739851154
74,5,0.09690969251096249,32,6.163214686363723,1.2679750548830153,0.4042418703234127,0.3771017192872408
74,6,0.07822924293577671,32,6.82670005903746,1.09265301002418,0.3946550727003382,0.36181540644473603
74,7,0.07667205296456814,32,6.63163620860076,1.00164218850591,0.39676549745735734,0.35092226075309496
74,8,0.20142733305692673,32,6.181724564574614,1.133753570350522,0.421852985360862,0.3635607473258976
74,9,0.2024571504443884,32,6.2847512205501905,1.0856557709222576,0.34983193997835327,0.3362555970874337
74,10,0.1407761052250862,32,5.683153178650368,1.1927993413522078,0.46899558471200514,0.4206212385174934
74,11,0.15154621005058289,32,6.5737706368034665,0.9051550213777704,0.37123857617652417,0.34263547143434886
74,12,0.05511675216257572,32,7.040538422137663,0.6339087120548497,0.28863250920838446,0.25392343747774937
74,13,0.4603835251182318,32,4.8802685458631725,0.8742305911732586,0.36307822378786564,0.3361922178880757
74,14,0.3771992549300194,32,4.825030714482912,1.008946314092067,0.3872102159370761,0.36875192195318296
74,15,0.16350368410348892,32,5.660419403684318,1.083641555079649,0.3904712780649719,0.35560580448404744
74,16,0.22452982887625694,32,5.625607873810056,1.1646662797977143,0.3438288001558982,0.3740448309353266
74,17,0.2391865011304617,32,6.326532015469734,1.00703910349523,0.2916050306753497,0.31471580714340175
74,18,0.1502018291503191,32,6.314202308135055,0.8674012411659167,0.3170556189088345,0.3168460840983376
74,19,0.07853970676660538,32,6.630156099637228,1.004179586915173,0.3011800753443613,0.3204612510090456
74,20,0.17980733327567577,32,6.085790687001246,1.1127188359249889,0.36933410563201796,0.37365962296858757
74,21,0.15253363363444805,32,6.119496298919383,1.2893997182918575,0.32628008663001407,0.3681705358249493
74,22,0.15496023371815681,32,6.131320821031336,1.0683651058623154,0.3379977724741494,0.3633357803272129
74,23,0.09341674856841564,32,6.574682062367195,0.9879048901269645,0.3156059117497625,0.3416936922617582
74,24,0.086508609354496,32,6.371235120348704,1.1300929521195968,0.33284327636351524,0.36753953356577596
74,25,0.07279741205275059,32,6.255774199980485,1.346319030271875,0.33539467994813105,0.36243160544253133
74,26,0.07870283536612988,32,6.445839274027708,1.0415965299304144,0.30828046648049,0.3823447450275741
74,27,0.07796752825379372,32,6.737237117530723,1.0047735538093159,0.3031367550373963,0.36732829826383495
74,28,0.07457282207906246,32,6.871209183096765,1.0063660733886728,0.29432885858845176,0.3494635414646089
74,29,0.04044422134757042,32,6.734943233644185,0.9549067166870051,0.2521220114204953,0.30723165370916183
74,30,0.11277437396347523,32,6.547078697411395,0.9717569821928294,0.2934945150898377,0.39744196945903026
74,31,0.04135684482753277,32,7.014802299465126,0.9385948607581822,0.2561360093620242,0.3548995906277044
75,0,0.23430955037474632,32,6.719962831221575,0.8659187593023381,0.17346920736536742,0.21131099289751737
75,1,0.04181455262005329,32,6.930192569474439,0.9055888041881861,0.31849454671582533,0.3404948722413601
75,2,0.048179032281041145,32,5.977100050519585,1.3015843865787087,0.4616262382351529,0.4670013592411268
75,3,0.03684416599571705,32,7.052210648588547,0.8693146284747639,0.3026496844383182,0.3050264954111299
75,4,0.04932030662894249,32,6.919506133067346,0.9168265470722181,0.309516563724279,0.30993300943604707
75,5,0.11173761636018753,32,6.3263523634533625,1.293898022828027,0.39938832697378934,0.3771017192872408
75,6,0.07292050868272781,32,6.850068534487903,1.073498941147955,0.3404508961721887,0.36181540644473603
75,7,0.10390099324285984,32,6.544163299078071,1.0283851848391174,0.320752583004929,0.35092226075309496
75,8,0.24688244611024857,32,6.212099255583416,1.053266720922033,0.4000282044563003,0.37121165485095176
75,9,0.2897512074559927,32,6.446635562561115,1.0081014419142198,0.34291433110714176,0.3362555970874337
75,10,0.16285419464111328,32,5.705176033776245,1.178635868870174,0.39859913105767014,0.4206212385174934
75,11,0.17182667180895805,32,6.475657207176305,0.9594703178201778,0.3328351582092636,0.34263547143434886
75,12,0.0640836525708437,32,6.965499436723438,0.674366354032748,0.27647591814484196,0.25392343747774937
75,13,0.3316744491457939,32,5.180928153444697,0.9576946949948235,0.32322048206627657,0.3361922178880757
75,14,0.27346689626574516,32,5.191935256992878,0.9723072495938094,0.3499870727568266,0.36875192195318296
75,15,0.15904770605266094,32,6.119169039518089,0.9421439570008552,0.33370619102118504,0.35560580448404744
75,16,0.22883077710866928,32,5.488718597802067,1.1806744918455,0.31810229289529124,0.37361719797632265
75,17,0.18362835608422756,32,6.236504156427388,1.077362709695608,0.27072068943004624,0.31471580714340175
75,18,0.07556108944118023,32,6.363129839010163,0.9014790692241821,0.2654867751685438,0.3223854410276736
75,19,0.04968583583831787,32,6.558410258862891,1.013714656963442,0.2578204572944852,0.3204612510090456
75,20,0.1330357175320387,32,5.742661716596135,1.2030252695699257,0.3134351096215471,0.37674410738392483
75,21,0.06223424710333347,32,6.330616050093349,1.1057652242808036,0.3281823374958156,0.3681705358249493
75,22,0.0762557964771986,32,6.131084563530495,1.0277784108634966,0.26800068883968675,0.3633357803272129
75,23,0.03311089426279068,32,6.624030527769711,0.9959104516929438,0.25936757730436455,0.3416936922617582
75,24,0.059924110770225525,32,6.237438948958657,1.1646688913182617,0.2781282176899355,0.36753953356577596
75,25,0.03170233778655529,32,6.206540942570337,1.2855154667228934,0.2991292644514446,0.36243160544253133
75,26,0.03523067198693752,32,6.230095038852259,1.1368758635631835,0.32562361932391726,0.3823447450275741
75,27,0.03505782224237919,32,6.609552519136691,1.0452438004782882,0.29483094896190776,0.36732829826383495
75,28,0.03422489017248154,32,6.704643104995115,1.0561593402621883,0.3100886328523451,0.3494635414646089
75,29,0.022660907357931137,32,6.3579677784939825,1.1231140994991984,0.31378651666220986,0.30723165370916183
75,30,0.061129894107580185,32,6.357288565883163,1.0655781283290482,0.3406178688220715,0.39744196945903026
75,31,0.032153479754924774,32,7.038664129757671,0.9451861855197752,0.3086610584704395,0.3548995906277044
76,0,0.21172558143734932,32,6.780889193235295,0.7964202086920693,0.20020233940114457,0.21131099289751737
76,1,0.03686913847923279,32,6.984573743682029,0.8129779285758705,0.32450724865591934,0.3404948722413601
76,2,0.05090325511991978,32,6.168197904473885,1.245912916637283,0.43857665011482705,0.4670013592411268
76,3,0.02992659993469715,32,7.1327347467987146,0.815225326627715,0.3094857979837889,0.3050264954111299
76,4,0.050688451156020164,32,6.9489093187248505,0.9018171326593549,0.2893350172067888,0.3116630604323321
76,5,0.11268060468137264,32,6.401426476728442,1.1919679831698966,0.27489852763797373,0.38411279757726857
76,6,0.06702671200037003,32,6.89244983327715,1.0588787090238867,0.2961370313432411,0.36181540644473603
76,7,0.09404383227229118,32,6.475420665782939,1.102075446739426,0.32057649244491604,0.35092226075309496
76,8,0.2147566620260477,32,5.961435096450438,1.1975921198191513,0.44170790382707115,0.38463938616079885
76,9,0.21724380552768707,32,5.954050964184984,1.2406339949100724,0.40393123707294615,0.3456831933041269
76,10,0.2044808752834797,32,5.40346371486089,1.2667908192080155,0.4778954363039293,0.4206212385174934
76,11,0.19581188075244427,32,6.018553908810961,1.0476145911791734,0.4732256335208637,0.34263547143434886
76,12,0.07017557136714458,32,6.748150694303824,0.6067675670198875,0.33111515121450713,0.2632346776902121
76,13,0.4185122549533844,32,4.603798136690463,0.9838293451330191,0.47310344860673414,0.3361922178880757
76,14,0.2888908702880144,32,4.85589549360273,0.9946278895348657,0.4485043575939006,0.3566122637441746
76,15,0.14770185202360153,32,5.7518440994216276,1.0361561072558425,0.33671676907681913,0.35560580448404744
76,16,0.236240541562438,32,5.388671335193219,1.1387366196872026,0.33515365416241005,0.37361719797632265
76,17,0.1492505706846714,32,6.282642447318363,1.0709019908000812,0.31641168545147336,0.31471580714340175
76,18,0.09537384659051895,32,6.089108914791149,0.8974853950883546,0.3193476984205235,0.3223854410276736
76,19,0.06294916942715645,32,6.509861736482786,1.0000745320516566,0.31877850727842744,0.3204612510090456
76,20,0.1140433456748724,32,5.907350609919272,1.137394905384074,0.33405623101788745,0.37674410738392483
76,21,0.08111745305359364,32,6.4067273012358665,1.0427841852888022,0.3201161167962908,0.3681705358249493
76,22,0.06775658205151558,32,6.243165286637238,1.0153984548212174,0.30421564572030324,0.3633357803272129
76,23,0.05073529854416847,32,6.4007663950515195,1.071250327401895,0.3113728257781574,0.3416936922617582
76,24,0.06619748845696449,32,6.290196592940051,1.172037974661091,0.33411218089998257,0.36753953356577596
76,25,0.03494718857109547,32,5.896642048911031,1.5153565625957066,0.3694077241532472,0.36243160544253133
76,26,0.07095170952379704,32,5.87298840303703,1.262177954972401,0.3458286012856001,0.3823447450275741
76,27,0.06590256281197071,32,6.014991760707858,1.3012107236755606,0.36894309154544824,0.36732829826383495
76,28,0.0608519371598959,32,6.616082792378155,1.0278807427581746,0.34148833256847116,0.3494635414646089
76,29,0.051491765305399895,32,6.352427768705051,1.093372099219736,0.3008939362617427,0.31126610665598275
76,30,0.12252518907189369,32,5.973070731734068,1.1542354505635979,0.36993952990592993,0.39744196945903026
76,31,0.03583826683461666,32,6.825357044139007,1.0104224161496864,0.3202447045954777,0.3548995906277044
77,0,0.22441621869802475,32,6.6527149195631505,0.8883014316079771,0.20121880497433167,0.21131099289751737
77,1,0.04331027530133724,32,7.014970556170402,0.8188904038303644,0.30763146749301995,0.33233762206807044
77,2,0.04291338846087456,32,5.826746502323951,1.3057093673516782,0.4345381992935158,0.4670013592411268
77,3,0.0356474407017231,32,6.943640595907051,0.8968881794016657,0.3334202360438374,0.3080829725504857
77,4,0.059413980692625046,32,7.049780716333652,0.8400949981320363,0.3008553425594048,0.3116630604323321
77,5,0.11531797796487808,32,6.30123610577983,1.2860698137695312,0.35970159156872494,0.38411279757726857
77,6,0.07352720387279987,32,6.75436313105242,1.13996930045478,0.29353817656591125,0.36181540644473603
77,7,0.1075516976416111,32,6.566588012178245,0.9847202499700805,0.32407087014399716,0.35092226075309496
77,8,0.22669378481805325,32,6.192860626850754,1.1228066927010776,0.42258782481909374,0.3946835168688287
77,9,0.2620587833225727,32,6.406657797380192,1.1147544344880211,0.3523126604516891,0.3456831933041269
77,10,0.15288130193948746,32,5.955649079685214,1.2263189192357897,0.4049485306330191,0.4206212385174934
77,11,0.1779180709272623,32,6.764597893658527,0.9001700516015436,0.425779726393114,0.34263547143434886
77,12,0.06212587654590607,32,6.951867946545504,0.7062307868082787,0.3561432071067647,0.2632346776902121
77,13,0.5222018789499998,32,4.663544525014248,0.8617809238582357,0.3903182262943191,0.3361922178880757
77,14,0.44265092350542545,32,4.501068270254712,1.1099662692721166,0.3924913593315983,0.3566122637441746
77,15,0.2591211199760437,32,5.5891032176712105,1.0776240909566885,0.5399122967746596,0.34731034421449286
77,16,0.24279441870748997,32,5.4945901512445365,1.2205523787072776,0.5634443891556788,0.35444492433914043
77,17,0.24524947442114353,32,5.870800134862426,1.1075757518835587,0.5263126249862891,0.31387807839760673
77,18,0.18759420327842236,32,6.0527555354848905,0.9756111742657483,0.5383544098719468,0.318201658664679
77,19,0.12571493722498417,32,6.424091296139759,0.9728533856422228,0.4889841892711657,0.3192229531010409
77,20,0.25364467315375805,32,5.686432338052557,1.2557737836462177,0.5470685754928757,0.3662496212166807
77,21,0.1697827447205782,32,6.027472423081582,1.2765724299570742,0.500991932440878,0.3613763934115747
77,22,0.19448397867381573,32,5.866304780606969,1.0804429192612703,0.5095408363884507,0.3633357803272129
77,23,0.06613029725849628,32,6.483296192214714,1.0543729908836932,0.4493882960922342,0.33663355679565304
77,24,0.09993110410869122,32,5.9918392198026975,1.2252495258458094,0.45750318660876654,0.36477498013507303
77,25,0.053296998143196106,32,6.201834069165902,1.2619842633146794,0.45760091828714616,0.3695862047567315
77,26,0.06535292230546474,32,6.062408683933317,1.1591107893416925,0.4618010386318032,0.3798684051911275
77,27,0.073061253875494,32,6.36811699961185,1.1337691231194507,0.47570749716709637,0.36723904853868805
77,28,0.06189632788300514,32,6.917398535758816,1.0273279254272234,0.4176295085380308,0.342210445881206
77,29,0.03524302318692207,32,6.730977022279333,0.9809135328430054,0.36756000037758807,0.30723165370916183
77,30,0.08980835787951946,32,6.3809909648338685,1.0356492022746755,0.4764769672587352,0.3841252397431421
77,31,0.037370504811406136,32,6.825586933406578,1.0737578888828399,0.39438489397591747,0.34003666508602515
78,0,0.22871029563248158,32,6.692058016554363,0.8643749246476142,0.125559446071903,0.20370512597650495
78,1,0.05106593668460846,32,6.737783904484412,0.9502726619416597,0.33224167770657864,0.3219008101191323
78,2,0.031044553965330124,32,6.262451179579145,1.2734622643400444,0.4737163748326704,0.4636121770143018
78,3,0.03066166117787361,32,7.034639279120112,0.8734518574774945,0.29787839880001876,0.3080829725504857
78,4,0.043363383039832115,32,6.8413411554530805,1.0220307392341441,0.28734908000657344,0.30778651272799395
78,5,0.10310327634215355,32,6.5524890918524274,1.1850853264070373,0.3653798209225303,0.3771017192872408
78,6,0.05754006467759609,32,6.901365447083048,1.0625801941674275,0.3579116428850604,0.3424801625566911
78,7,0.0839090421795845,32,6.746904115673912,0.9714117669318476,0.3275526218433827,0.3422353160908142
78,8,0.251924654468894,32,6.445356001293119,1.0722672759627674,0.3951906661104485,0.3998176998918669
78,9,0.2815565597265959,32,6.316235218633357,1.0748984954975995,0.32584443329812657,0.34914199773973265
78,10,0.2457305509597063,32,5.5500005799823695,1.2197124130935384,0.3975268146805131,0.4206212385174934
78,11,0.18651891499757767,32,6.389465683091942,0.9751400918774831,0.36709956440214686,0.3547885272197552
78,12,0.06209629774093628,32,6.8795973715894085,0.6167602224361275,0.23389528531656317,0.27434425716663813
78,13,0.5509925819933414,32,4.700784915387979,0.7607932284973433,0.21960135053073793,0.35162171285999566
78,14,0.4695760067552328,32,4.582596122792376,1.0737284435240744,0.24365644968658157,0.3566122637441746
78,15,0.31393714249134064,32,5.52070282794371,0.9689916602859316,0.3071490268950613,0.34731034421449286
78,16,0.29268566705286503,32,5.275490809518191,1.173620038635585,0.3370237100911229,0.35444492433914043
78,17,0.2757064253091812,32,5.942743288194021,0.98006690227297,0.29797567692144117,0.31387807839760673
78,18,0.22552426531910896,32,5.874365545615463,0.8963915967809033,0.3044250274520863,0.318201658664679
78,19,0.16369906812906265,32,6.203995236477455,0.9744661341803731,0.31797913551637563,0.3192229531010409
78,20,0.2729227263480425,32,5.509154445660959,1.1783667108237488,0.35906273947743306,0.3662496212166807
78,21,0.17461064830422401,32,5.896693928370933,1.2219983845373221,0.35745525404143186,0.3613763934115747
78,22,0.25099798291921616,32,5.68439182857101,0.9922304234616641,0.3841786087104454,0.3633357803272129
78,23,0.12610844522714615,32,6.471856090581606,1.0424012808213678,0.33882839750384786,0.33663355679565304
78,24,0.12232747487723827,32,6.288926745312383,1.0976496654717804,0.3833879438096204,0.36477498013507303
78,25,0.08911182172596455,32,6.301066874576416,1.2102219940984726,0.35255597752708223,0.3695862047567315
78,26,0.08330005966126919,32,6.265925188942018,0.958890823270961,0.3651577775977199,0.3798684051911275
78,27,0.08559693582355976,32,6.579385775502866,1.0430172712304087,0.3580474422744585,0.36723904853868805
78,28,0.08751522563397884,32,6.7459277881284,1.0425104980526658,0.33363388691999407,0.342210445881206
78,29,0.05759549140930176,32,6.637100832042083,0.9864259859939049,0.29318025918668156,0.30723165370916183
78,30,0.1823502890765667,32,6.281815948508812,1.0071690995239573,0.3810229986098232,0.3841252397431421
78,31,0.07552326284348965,32,6.881947089411763,1.0036474517156977,0.3631851926545731,0.34003666508602515
79,0,0.2033976223319769,32,6.723427368590304,0.8761085434260725,0.2227432029876688,0.20071057218773813
79,1,0.04029412940144539,32,6.837519944386752,0.8280727840293096,0.27147220016527457,0.3219008101191323
79,2,0.031773289665579796,32,6.163167105193179,1.2751670750653528,0.42704174088754465,0.4636121770143018
79,3,0.03151554986834526,32,7.05032196085855,0.861625940613207,0.246074224137297,0.30466491577775034
79,4,0.055311815813183784,32,6.958494669539369,0.9491259758067185,0.24287396933599487,0.30384143472412745
79,5,0.0966934897005558,32,6.646913088045599,1.1161206153987182,0.2934536441178698,0.37240104907969407
79,6,0.07143019139766693,32,6.912593791002491,1.05040903368692,0.2870770314580867,0.3424801625566911
79,7,0.11464827507734299,32,6.713879511068953,0.9345389763177891,0.2827968979374188,0.33124406702351783
79,8,0.2761285323649645,32,6.275396861703154,1.0574900910720526,0.31528439035620637,0.3998176998918669
79,9,0.26264823973178864,32,6.045946694436441,1.110195858761296,0.2828612302361524,0.34914199773973265
79,10,0.2771763112396002,32,5.5931616351337805,1.0895501635061056,0.31836540688475656,0.4206212385174934
79,11,0.25898550637066364,32,6.236536690612839,0.9538866837261484,0.27948662617295106,0.3650527250900159
79,12,0.07727775536477566,32,6.808076894908102,0.6351008291185458,0.1814082086217455,0.2632346776902121
79,13,0.5423884969204664,32,4.432112675096392,0.7124902779541973,0.2095742032487043,0.3361922178880757
79,14,0.45218576304614544,32,4.5318867355907715,1.0502575009719406,0.23216987147616236,0.3464619332979545
79,15,0.3375840522348881,32,5.400926918913855,1.0204486776153203,0.2152206268850781,0.3392177831058055
79,16,0.30081886798143387,32,5.365090017796502,1.1383785484281805,0.181317744986837,0.3438571043995138
79,17,0.2851647771894932,32,5.937917206348521,0.9676618378060482,0.13799696540854936,0.30466007413259066
79,18,0.2388934213668108,32,5.842713777441073,0.8615561803941345,0.1342909008944518,0.31151626197949855
79,19,0.16491523571312428,32,6.196526237885477,0.9424134275801475,0.15339741843603982,0.31837882139740153
79,20,0.26663370057940483,32,5.4847870815937245,1.1315181500356548,0.16790369442081804,0.36111393813938825
79,21,0.17764588445425034,32,5.663734117933508,1.3023075697769446,0.20015717610763595,0.3546614963518465
79,22,0.24257242120802402,32,5.683221594020508,0.9952152448289011,0.17798677223241094,0.3633357803272129
79,23,0.12197091244161129,32,6.400425526001332,1.027553274839077,0.15949138354165754,0.3343083675175834
79,24,0.12175950594246387,32,6.223700485087324,1.1081076366199953,0.1730476376671775,0.36477498013507303
79,25,0.09689984284341335,32,6.104730948126937,1.306402384537507,0.20454296438742595,0.36225312483904704
79,26,0.10791881382465363,32,6.071883707910252,1.0089230452493956,0.1670307795041317,0.37181129576906646
79,27,0.0961421336978674,32,6.329658881152179,1.0930273512174091,0.2192172460043796,0.3617912239031932
79,28,0.09025625512003899,32,6.68847503316282,0.9979124506261057,0.2323088550963587,0.34149729372361337
79,29,0.058057887479662895,32,6.550603491671973,0.9458772620345766,0.21747288947736543,0.3033057735151553
79,30,0.17233628034591675,32,6.237226211037778,1.002712420940182,0.2011344247273201,0.37548126425787653
79,31,0.07322471216320992,32,6.835342711752448,0.9773657248532484,0.2711997227866982,0.34003666508602515
80,0,0.2387574203312397,32,6.667841045898952,0.90482714890212,0.20591179436266543,0.20071057218773813
80,1,0.0388522706925869,32,6.88839782460775,0.8583784425679486,0.34659755310750107,0.3188944591490853
80,2,0.05739721283316612,32,6.005899734104614,1.2464925243654124,0.46054667365896296,0.4607560199561287
80,3,0.027903461828827858,32,6.945164618216691,0.8880540695337951,0.2830436655772131,0.3002640416191685
80,4,0.06432629749178886,32,6.945196373633774,0.9273219117028564,0.31167874217127856,0.3012408751379754
80,5,0.13249451108276844,32,6.401178242361559,1.1795899393250666,0.37248530495423526,0.36756085649665265
80,6,0.11647945269942284,32,6.726199391536227,1.118728500112903,0.34255755588017667,0.33776972849790704
80,7,0.13060035184025764,32,6.673319397000825,0.9158045260152905,0.26980099873804203,0.3258117459936899
80,8,0.26508455350995064,32,5.935841690007894,1.2128604035474684,0.30757647022950774,0.397398930718941
80,9,0.3108368180692196,32,5.798178489093733,1.2315441305180128,0.318456814794584,0.3456831933041269
80,10,0.270953556522727,32,5.3981334661298925,1.0537040267408555,0.32352235219474923,0.4100647583879612
80,11,0.24547805823385715,32,6.103076784856268,1.0373460426237289,0.2619618112399433,0.3547885272197552
80,12,0.07197463139891624,32,6.800216623879429,0.6008155933423627,0.2431579555357139,0.2632346776902121
80,13,0.522458890452981,32,4.544903079431237,0.7846668715449958,0.2462100332914497,0.32726264472806077
80,14,0.4596885610371828,32,4.497005302054184,1.09096742421168,0.36935939543272767,0.33136925014515134
80,15,0.26424501091241837,32,5.5240001757623265,1.0501810798385476,0.37225093479936966,0.3392177831058055
80,16,0.21063484251499176,32,5.313039347570342,1.3196059968563914,0.3853929793038803,0.3438571043995138
80,17,0.24243095889687538,32,6.037644647028063,1.1164498852596818,0.39455324117122775,0.30466007413259066
80,18,0.17666615173220634,32,6.19743814987194,0.9435504967601931,0.3736727351981081,0.31151626197949855
80,19,0.1130231749266386,32,6.420919356530979,1.0756634502002473,0.3940140690775197,0.31837882139740153
80,20,0.29955329932272434,32,5.532023398098298,1.3592221359890342,0.4758132347016115,0.36111393813938825
80,21,0.15755987353622913,32,6.029589405582289,1.1753944340387248,0.4108834928581251,0.3546614963518465
80,22,0.17003965191543102,32,6.01455073505514,1.0577155453131821,0.4409282189446042,0.3633357803272129
80,23,0.05091387405991554,32,6.470097054977486,1.1107287748906893,0.37817831093691723,0.3343083675175834
80,24,0.1009268220514059,32,5.733328873091516,1.367354990122271,0.42520601655508694,0.36477498013507303
80,25,0.05065635219216347,32,5.893845796145977,1.42214655926285,0.3851373630334378,0.36225312483904704
80,26,0.10299556329846382,32,5.659402073070083,1.2882030929025854,0.41719623270146955,0.37181129576906646
80,27,0.0828374158591032,32,6.4733712102551175,1.139693231945567,0.4051220038462404,0.3617912239031932
80,28,0.10411546193063259,32,6.4989138720996955,1.1952669407204564,0.3841466695462985,0.34149729372361337
80,29,0.061008552089333534,32,6.321824338293471,1.2171630188633156,0.3674321038154914,0.3033057735151553
80,30,0.12156534381210804,32,5.947476489765549,1.3036582492478521,0.433722704593662,0.37548126425787653
80,31,0.05118212476372719,32,7.018973671974826,0.9765308099101144,0.39860562693042223,0.34003666508602515
81,0,0.2074882946908474,32,6.695677794266051,0.8568754512647443,0.20357883828278106,0.20071057218773813
81,1,0.0356463547796011,32,6.880718851442226,0.8865284122398958,0.34888117398923396,0.3219008101191323
81,2,0.02938530035316944,32,6.5501714891312,1.186569235046961,0.495243351544544,0.46108645594705794
81,3,0.020113389939069748,32,6.959447417857843,0.9025192270767519,0.354211578174346,0.3002640416191685
81,4,0.04568968154489994,32,6.870706571134244,0.9976360691799311,0.35587693672894716,0.30384143472412745
81,5,0.11939997039735317,32,6.51102339215206,1.1387824389268042,0.3043133139874375,0.37111359851250514
81,6,0.06498437188565731,32,6.95075059685632,1.0242010176216683,0.3454546481807411,0.33776972849790704
81,7,0.10469347611069679,32,6.7008921953306055,0.9735021317753567,0.2650684576819555,0.32241172657446304
81,8,0.29290697909891605,32,6.156167465888068,1.1398059804655318,0.3019582231673076,0.397398930718941
81,9,0.26479819416999817,32,6.004728004876661,1.1566923950120147,0.3223549623678599,0.3343793822026342
81,10,0.248317776247859,32,5.523029306654475,1.053951486357069,0.45237492649483707,0.4017738308453446
81,11,0.25174804776906967,32,6.1144988909096005,1.0090644626214242,0.4137762060291844,0.3397031634354445
81,12,0.06825509294867516,32,6.793346527003855,0.6075826431705744,0.27554051791412776,0.24870735736385188
81,13,0.5494411773979664,32,4.666853347471536,0.7003402897931608,0.32419773824437625,0.32726264472806077
81,14,0.4362336490303278,32,4.4220448496455464,1.0592681899340093,0.3848673960108759,0.3566122637441746
81,15,0.3044104743748903,32,5.504666431465314,0.9415348204527403,0.3373563846660871,0.34731034421449286
81,16,0.24687056615948677,32,5.429142163444622,1.121919844436916,0.33426263812083684,0.35444492433914043
81,17,0.277126906439662,32,5.621153480863892,1.051906207022408,0.313363933997298,0.31387807839760673
81,18,0.2354029193520546,32,5.702400881929186,0.8874367272748911,0.2802583534095406,0.318201658664679
81,19,0.1559353694319725,32,6.108291158656206,1.035722702711186,0.3193786127568298,0.3192229531010409
81,20,0.30598958767950535,32,5.390080141456157,1.13784499298374,0.3623708065111276,0.3662496212166807
81,21,0.19563998468220234,32,5.926743138537907,1.0920043767628602,0.33220116501670116,0.36417015110116
81,22,0.19994748756289482,32,5.648523888291379,1.0664556763320032,0.3472390305704711,0.37656865179263144
81,23,0.08306105993688107,32,6.189367278968363,1.1152193035505986,0.35064256653051024,0.3411535867819175
81,24,0.12351763248443604,32,5.917199770216346,1.1749489435413611,0.33101663170869927,0.3787108201000658
81,25,0.08472798950970173,32,5.873355326529537,1.3647108260252319,0.341049127826421,0.3695862047567315
81,26,0.09375390782952309,32,6.230386126573842,0.9735968005272717,0.379272952330786,0.3798684051911275
81,27,0.10648059286177158,32,6.289380883318404,1.1148689361475244,0.34233675507078665,0.36723904853868805
81,28,0.10263689234852791,32,6.708560914096441,1.012722103124828,0.3689694106603718,0.342210445881206
81,29,0.04921224154531956,32,6.6944989284291925,1.0121925828802798,0.3452818080863762,0.30723165370916183
81,30,0.14781949296593666,32,6.253856923720898,0.9529677249709874,0.36992767687483674,0.38966697409508877
81,31,0.06183740496635437,32,7.008463663077107,0.9513327723426741,0.3532159491805045,0.3560637513331609
82,0,0.19816873967647552,32,6.724994513344189,0.8785485452790631,0.15397632397733885,0.20239882162855638
82,1,0.03485643304884434,32,7.003711420788412,0.7581685353712393,0.25853876669832965,0.3219008101191323
82,2,0.019437257200479507,32,6.461963181050812,1.2017467198008616,0.36468454851190135,0.46108645594705794
82,3,0.022967258468270302,32,7.017740754609985,0.853144982623169,0.2250191863529177,0.3002640416191685
82,4,0.04032432101666927,32,6.96145855581558,0.9467144252212387,0.24722619722792016,0.30384143472412745
82,5,0.09660368040204048,32,6.718622136560748,1.0535827188964317,0.28442663248165656,0.36756085649665265
82,6,0.05971045419573784,32,6.893004617648956,1.049461068552616,0.2618457868979581,0.33776972849790704
82,7,0.13849455676972866,32,6.706153819277153,0.9127340895312139,0.2555644173745893,0.32066453772492254
82,8,0.2520464211702347,32,6.133257892506689,0.9486543221844492,0.26446012994991186,0.3788648725124406
82,9,0.2536784838885069,32,5.863476419081374,1.097481778192738,0.24201625962111964,0.3343793822026342
82,10,0.24954556673765182,32,5.6545493064726315,1.0087086524135085,0.39344517109436455,0.4017738308453446
82,11,0.3012370988726616,32,6.1653795832608145,0.9669369488412594,0.25569944249733634,0.3397031634354445
82,12,0.06578616984188557,32,6.706884457800552,0.6162426448618188,0.1927785848627107,0.2576852758620741
82,13,0.5162636414170265,32,4.579403083123246,0.642164528465945,0.19111661280828907,0.32370911015532644
82,14,0.43316248431801796,32,4.001090932950285,1.0599494435811154,0.26212487234559434,0.35967323409477714
82,15,0.3232783116400242,32,5.191819118627962,0.9070261330746048,0.22690963080878748,0.34512913798014044
82,16,0.2583712600171566,32,5.342428982813719,1.0666776969794745,0.19522350216531584,0.3438571043995138
82,17,0.24085457064211369,32,5.733345402330162,0.9579323513002684,0.16305006299136185,0.3148878097243857
82,18,0.2207693737000227,32,5.708794220250578,0.9066287414605236,0.1665579344411211,0.31151626197949855
82,19,0.16387162171304226,32,5.911953010233913,0.9927066558891813,0.19116196910607214,0.31907856001762863
82,20,0.2819722183048725,32,5.182814921703109,1.087265882422769,0.21006934892584161,0.3658524560715728
82,21,0.19776812009513378,32,5.543973691761876,1.1925941093079633,0.24584171465344182,0.3529010438224857
82,22,0.20639991387724876,32,5.361169709819748,1.090058287064573,0.21294309635637662,0.3633357803272129
82,23,0.07534635998308659,32,6.0698742981452725,1.083294962104632,0.19823264816093594,0.3411535867819175
82,24,0.13382313773036003,32,5.689636034693875,1.1924029624124568,0.22877893577886127,0.36477498013507303
82,25,0.08443689532577991,32,5.656157752916268,1.444657213502877,0.23429432222013918,0.36225312483904704
82,26,0.10840259678661823,32,5.9731365442224025,1.088782300920001,0.19550184930533093,0.3788688831355995
82,27,0.11963582970201969,32,5.931536710330141,1.228302397740003,0.2501269143735505,0.3617912239031932
82,28,0.0816601924598217,32,6.554847975773786,1.004923184470977,0.24366037591016804,0.3494635414646089
82,29,0.04716075211763382,32,6.662284335630223,0.9429991094456982,0.2476081712979664,0.31126610665598275
82,30,0.13064786978065968,32,6.038766257362321,0.9819851785994347,0.23967131023073115,0.37548126425787653
82,31,0.06401602551341057,32,6.927689860427643,0.9375135949088991,0.2802250186102413,0.35820057091753876
83,0,0.2437516786158085,32,6.826111967441939,0.8044186819811294,0.2150544894095204,0.20239882162855638
83,1,0.032745467498898506,32,6.903626748971612,0.8694323016732559,0.3222360834485134,0.3215008976858723
83,2,0.046292658895254135,32,5.737502479378682,1.2579147192422724,0.4651195264281591,0.46021623766803366
83,3,0.02412717044353485,32,7.010280133217692,0.837456820585813,0.3102751951165206,0.3002640416191685
83,4,0.063269117847085,32,6.887004302468241,0.9380678167771102,0.29245017130691503,0.30384143472412745
83,5,0.14723667316138744,32,6.269192936400278,1.2162264175790254,0.37089791171793524,0.3625407062456276
83,6,0.12684391066432,32,6.611329504527747,1.135982699849972,0.3320103964382152,0.33776972849790704
83,7,0.13876420818269253,32,6.411712880581176,0.9664316413405682,0.2843977247658263,0.32066453772492254
83,8,0.31064967066049576,32,5.5861080448854565,1.0871151733991695,0.3172390334231081,0.3788648725124406
83,9,0.2442454658448696,32,5.629776100297432,1.1442231222995147,0.2640833427957059,0.3343793822026342
83,10,0.3485415615141392,32,4.592344414196821,1.2104840324867547,0.34211209193881476,0.4017738308453446
83,11,0.2513397801667452,32,5.937843374037199,1.0067634234307121,0.2459111524082795,0.3397031634354445
83,12,0.08438096940517426,32,6.630673986350226,0.6614021718281773,0.18491648572002575,0.2576852758620741
83,13,0.5002344809472561,32,4.105696006277308,0.7633856633440255,0.2298542957657987,0.32370911015532644
83,14,0.42293261364102364,32,3.8465272924842506,1.0642563911520502,0.28785688971335677,0.35967323409477714
83,15,0.2758622784167528,32,5.1493285678250125,1.1312292777816175,0.2843055036586145,0.34512913798014044
83,16,0.25476338155567646,32,5.279470818547127,1.1543835524391,0.2876406362652793,0.34042625512351055
83,17,0.17381630465388298,32,5.995861956808713,0.9148666595637236,0.2056312424322429,0.3148878097243857
83,18,0.1520947627723217,32,6.000383995575009,0.9099583306606096,0.2586925085052487,0.31151626197949855
83,19,0.13442108407616615,32,6.012716034736181,0.99150450935403,0.2453661687811277,0.31907856001762863
83,20,0.21318589337170124,32,5.288497205606781,1.1764151961210958,0.35052075051827614,0.3658524560715728
83,21,0.18453639186918736,32,5.585178419562676,1.189026813423701,0.30900093655732663,0.3448282095290665
83,22,0.1792359445244074,32,5.390030667740922,1.0934270425849189,0.324346544538189,0.35809886272264424
83,23,0.09537633322179317,32,6.036481989339315,1.1380735335654162,0.2805147905594692,0.3272171546268052
83,24,0.12664558179676533,32,5.833551952804035,1.1600178027364922,0.3387580115295721,0.3433405737095481
83,25,0.08249837346374989,32,5.83209673604986,1.3176367365853885,0.3224337446253018,0.35382725152596456
83,26,0.10474122688174248,32,6.009428663117935,1.1105682955278695,0.314992878632985,0.37181129576906646
83,27,0.11914335563778877,32,6.1009648328710036,1.2056600514427576,0.3185067896708672,0.3501920986726226
83,28,0.07779955863952637,32,6.661088906664693,0.9707700237965753,0.25927958333869733,0.3422014847260638
83,29,0.03654993511736393,32,6.619771260396037,0.9701126570772978,0.24907271150780796,0.31126610665598275
83,30,0.12158932723104954,32,6.051997271632914,0.9165213646860639,0.2858711101358863,0.36993360339038334
83,31,0.06225409545004368,32,6.812954070613417,0.9884101721096101,0.26798469372700295,0.34217348467040304
84,0,0.22665094770491123,32,6.77860884431532,0.8668714605503478,0.12415885721718246,0.20239882162855638
84,1,0.0333396103233099,32,6.9264244041229155,0.8998087727716859,0.29011325719186365,0.32337166605221634
84,2,0.049671342596411705,32,5.882354094880847,1.2192237455958326,0.4364615156830309,0.46108645594705794
84,3,0.0409760307520628,32,7.0534693497770355,0.8721242320918368,0.28320568116437717,0.30466491577775034
84,4,0.1159160416573286,32,6.772181268273426,1.0057721063057095,0.3812751334065934,0.30384143472412745
84,5,0.18296485766768456,32,6.151329264626801,1.2375448104331372,0.5181770043923933,0.36756085649665265
84,6,0.09456313028931618,32,6.676464627268217,0.9698658021830164,0.534864622577354,0.33776972849790704
84,7,0.0761403925716877,32,6.295364941266822,0.9780355920361075,0.6486027137163157,0.32066453772492254
84,8,0.22298076935112476,32,6.134536956937849,0.8868388101408158,0.7038727054175891,0.3788648725124406
84,9,0.1077986378222704,32,6.23484628186446,1.0205138509922893,0.7344832636233276,0.3343793822026342
84,10,0.1662771813571453,32,5.8624763675362495,0.9830234310633896,0.8450426199282869,0.4017738308453446
84,11,0.14508266560733318,32,5.5675977105824,1.0002003462523144,0.790390715119246,0.3397031634354445
84,12,0.05394388921558857,32,6.09611618028903,0.6293713898930067,0.6534900286841618,0.2576852758620741
84,13,0.24481585063040257,32,5.737113928039305,0.8801306671144182,0.8940173342090749,0.32370911015532644
84,14,0.2806604914367199,32,5.459594151770068,1.140644327013148,0.8856793851124989,0.35967323409477714
84,15,0.14164715446531773,32,6.103428068020502,1.166630430388822,0.7739945033165503,0.34512913798014044
84,16,0.2242989633232355,32,6.319924606502194,1.0955830549073378,0.6985627951890419,0.34042625512351055
84,17,0.26856622844934464,32,6.326691218815155,1.0543742102083353,0.6815064907472652,0.3148878097243857
84,18,0.1986022461205721,32,6.694111117066491,0.9460582929968142,0.6546959679414491,0.31151626197949855
84,19,0.1446636449545622,32,6.948927260956479,0.9013087014614269,0.6094102061280509,0.31907856001762863
84,20,0.2817209046334028,32,6.5430418025635575,1.1693565526492424,0.6871128368854751,0.3658524560715728
84,21,0.15987146273255348,32,6.030061055716969,1.5141189058406948,0.6731637130648096,0.3448282095290665
84,22,0.15537055395543575,32,6.648020256114807,1.0986923629372987,0.6306322555549245,0.35809886272264424
84,23,0.09927527420222759,32,6.671645920993483,1.1541047833655975,0.5377903707202731,0.3272171546268052
84,24,0.1300254501402378,32,6.6190331583815105,1.1683412274345022,0.5439383639759228,0.34566348902434285
84,25,0.07559682056307793,32,6.316527058584694,1.3141974090970079,0.5138051201871053,0.35382725152596456
84,26,0.10584103688597679,32,6.4365908605375575,1.1255604426980463,0.5261564874295904,0.37181129576906646
84,27,0.13616668060421944,32,6.806039065117905,1.0764628534077483,0.5124686277149556,0.3501920986726226
84,28,0.07072814926505089,32,6.578205471029312,1.2244425119394897,0.46191544380721217,0.3422014847260638
84,29,0.05291176773607731,32,6.5250207023824185,1.084710979012093,0.40762204672666563,0.31126610665598275
84,30,0.19561141356825829,32,6.665153711095363,1.1670265279471765,0.4991888825743196,0.36993360339038334
84,31,0.053417742252349854,32,6.815791260125091,1.121883682252049,0.38402837868465545,0.34217348467040304
85,0,0.1972817424684763,32,6.782840128156001,0.8305652701080151,0.20775409166568864,0.20071057218773813
85,1,0.05122087337076664,32,7.028922785624382,0.8297450861905693,0.25184980125414325,0.32036531508216937
85,2,0.05219303444027901,32,6.110377922405099,1.1799350658475518,0.3561074384029176,0.46021623766803366
85,3,0.02736358344554901,32,7.043850146567365,0.8380360743139255,0.21294911249285314,0.30466491577775034
85,4,0.06949767656624317,32,6.849533566146448,0.9691142822072294,0.2712732724579796,0.30384143472412745
85,5,0.15460736490786076,32,5.926131100134112,1.3744971508783532,0.3647495257140267,0.37031990189435515
85,6,0.1276896521449089,32,6.571150550281848,1.1997102521300338,0.44454338869770116,0.3415042260261827
85,7,0.09103110991418362,32,6.477193556736147,1.0841632696205679,0.47558063033689996,0.32241172657446304
85,8,0.226744981482625,32,6.16582918150404,1.130939066226511,0.5342060687389588,0.3976094352833744
85,9,0.13837451860308647,32,6.2060327047271056,1.198232924073138,0.6072423521079052,0.3456831933041269
85,10,0.2733810096979141,32,5.426138307929372,1.1650087420000332,0.7701792923690165,0.4181227595554376
85,11,0.24840267561376095,32,6.115873209140768,1.0911394555260845,0.7279765556205897,0.3568353665318861
85,12,0.07288719154894352,32,6.662832533688842,0.658631864669502,0.5964158914351031,0.273876557051281
85,13,0.44876641035079956,32,4.7003987302835,0.7902354047101587,0.8592700358264829,0.3277512728171106
85,14,0.3617137875407934,32,4.396825516151927,1.014579936313977,0.8454319500098579,0.3771133957218018
85,15,0.238671213388443,32,5.370033677084878,1.0463073191964227,0.7443285704717084,0.3478330511699941
85,16,0.19639060273766518,32,5.459413251589849,1.1133080104027497,0.6712044668329407,0.34042625512351055
85,17,0.2010265216231346,32,6.107197294756723,0.9513641512049569,0.6682914314640166,0.3148878097243857
85,18,0.1348764318972826,32,6.230589566155977,0.917610241725499,0.627527584039371,0.318201658664679
85,19,0.11283722147345543,32,6.229643693667817,0.9355221578375046,0.5830997064169781,0.31907856001762863
85,20,0.21895134262740612,32,5.468338990218216,1.1383891071898198,0.6739805213891051,0.3658524560715728
85,21,0.14830269291996956,32,5.914608408276004,1.189431228786873,0.6464786686602175,0.3448282095290665
85,22,0.12714345939457417,32,5.707470403740041,1.0660530047546084,0.5898355043046377,0.35809886272264424
85,23,0.07203696854412556,32,6.224011299705664,1.1349318392275656,0.5201929232327764,0.3272171546268052
85,24,0.0897044874727726,32,6.125315823039587,1.171982119030437,0.5093677994002047,0.34566348902434285
85,25,0.06510319001972675,32,5.937579464940201,1.4131524453297137,0.46682126336535046,0.35382725152596456
85,26,0.12079996801912785,32,5.86652699896535,1.1531656965319304,0.4999238997514302,0.37181129576906646
85,27,0.11017515137791634,32,5.874436065150146,1.3279337046476023,0.5028934298770673,0.3501920986726226
85,28,0.09115559421479702,32,6.625939187105168,1.049598902135017,0.4359549627524121,0.3422014847260638
85,29,0.04556639865040779,32,6.647697659525166,1.0120919899846506,0.3843972224584762,0.31126610665598275
85,30,0.13271805085241795,32,6.309974236087756,1.0078100865231283,0.45670989274612706,0.36993360339038334
85,31,0.0736420713365078,32,6.9141423429204325,0.9993711579711935,0.38008627837172265,0.34217348467040304
86,0,0.23165940679609776,32,6.764240951143552,0.816442253511763,0.20911245563881078,0.20239882162855638
86,1,0.062404679134488106,32,6.984815870632298,0.834358660168335,0.34302373592099666,0.31306300710442264
86,2,0.04925640858709812,32,5.96238302230158,1.2881100495093083,0.4291016321753547,0.4575713244809516
86,3,0.03316790238022804,32,6.990458323022822,0.8889395517736807,0.2798482641355278,0.3002640416191685
86,4,0.06302242167294025,32,6.84676948331312,0.9922589998588274,0.29944716329935495,0.3012408751379754
86,5,0.14681028574705124,32,5.915781162027902,1.3399908554064526,0.34379242060706183,0.37031990189435515
86,6,0.1077717486768961,32,6.4899345906506225,1.2523551284690138,0.27680783565047656,0.3440061020304589
86,7,0.07362069748342037,32,6.525191963492835,1.026428169139182,0.2865185402320907,0.3258117459936899
86,8,0.20300448313355446,32,5.915711879934841,1.167592525097934,0.2707969477588493,0.41094059490858115
86,9,0.18411590717732906,32,5.963602699095823,1.2561199485097942,0.30794352264441627,0.34914199773973265
86,10,0.19905278086662292,32,5.588465924157128,1.2178183274628074,0.4330974033019802,0.43879083612791925
86,11,0.1725528184324503,32,6.362535894167406,1.0567475990225965,0.35413920952927974,0.36916907028933554
86,12,0.041807880625128746,32,6.805245513728755,0.7021589074970764,0.3106007299292871,0.27600821802948483
86,13,0.4077591188251972,32,4.930165008510189,0.8010701576643129,0.3853451047460903,0.34318076778903056
86,14,0.34883112646639347,32,4.133901917258559,1.101130122127227,0.4432675935751974,0.3771133957218018
86,15,0.17623615264892578,32,5.460111652382857,1.1617245540851737,0.442148383734917,0.3527739824767957
86,16,0.21559573709964752,32,5.136182027388298,1.3351071591701142,0.4129483109172385,0.34042625512351055
86,17,0.2669724430888891,32,5.706583574230297,1.1916609728182088,0.3139035893320136,0.3148878097243857
86,18,0.17396497167646885,32,5.707273857946296,1.0191942955450557,0.36232060660391213,0.318201658664679
86,19,0.08045671507716179,32,6.491724010361587,0.9872095852511018,0.35182939452788187,0.31907856001762863
86,20,0.19831615686416626,32,5.600791450474467,1.224822214417494,0.4023468372262532,0.3658524560715728
86,21,0.13005457073450089,32,5.745800236033199,1.3183369652089398,0.36426697649774,0.3448282095290665
86,22,0.14371288381516933,32,5.5890002151008655,1.1654870418845036,0.3865060902121225,0.36570881964045826
86,23,0.050866762176156044,32,6.329876736024344,1.1906798488469281,0.3621742189804338,0.3447354820171791
86,24,0.08341961354017258,32,5.59314505253589,1.3676826391343795,0.38951197985726954,0.36107297766959623
86,25,0.05137883871793747,32,5.694979803657652,1.5183268473158096,0.3817906471103013,0.3609818508401647
86,26,0.0902460403740406,32,5.544303592678389,1.363493727528672,0.4524205642740637,0.37221536496425295
86,27,0.06267309933900833,32,6.33629869044371,1.2194029890385405,0.4317258198034843,0.3634952669099534
86,28,0.07289553992450237,32,6.747706081376192,1.0871353127846533,0.3629645916072894,0.3552288716144215
86,29,0.05952450819313526,32,6.41135180464588,1.210285850897657,0.33730189107053987,0.329534162374293
86,30,0.09440645575523376,32,6.243462289328298,1.256403748142512,0.40801541223498605,0.37548126425787653
86,31,0.04391677491366863,32,6.947303106474387,1.0362941969551134,0.3580062942112082,0.35820057091753876
87,0,0.222868537530303,32,6.743237284304732,0.8509210921106103,0.12450551931418556,0.20474531632272325
87,1,0.050646306946873665,32,6.779126496246423,0.9322553010699615,0.29635165808989117,0.32036531508216937
87,2,0.0446601789444685,32,5.927677445947045,1.2423584748728702,0.4688053536789067,0.4469167486998129
87,3,0.029974833130836487,32,7.004917923163919,0.8812715133020532,0.3059268938389291,0.3002640416191685
87,4,0.04854607582092285,32,6.7154334418218955,1.070112966051612,0.29261327410912513,0.3012408751379754
87,5,0.1068410836160183,32,6.332686761601829,1.181209740938268,0.37936727480987287,0.36813886632023274
87,6,0.0801794733852148,32,6.598769133743168,1.1518791721158745,0.30943613071091625,0.3440061020304589
87,7,0.07993162050843239,32,6.423742446248973,1.0273720419072072,0.3384510496011178,0.32241172657446304
87,8,0.2539911735802889,32,5.578057045563632,1.1535735862220342,0.39258575231043835,0.41094059490858115
87,9,0.20542454347014427,32,5.298345790831199,1.209748367042307,0.39656512869180377,0.3463731355427475
87,10,0.1839481983333826,32,4.849457532293783,1.1624204351547185,0.5396722542377972,0.43969104353998134
87,11,0.20477433130145073,32,5.852661353752184,1.036244874714142,0.46405471938715614,0.36916907028933554
87,12,0.057687897235155106,32,6.731062943342739,0.7092805179825366,0.396277178551342,0.2825542136766132
87,13,0.4457545541226864,32,4.3056195606885215,0.7597682098575511,0.31549018516032296,0.3626210105607752
87,14,0.37208142690360546,32,3.7996137369285,0.9528326412787442,0.3013072207377328,0.386038805973976
87,15,0.18143481388688087,32,5.263425093232517,1.1307130641898144,0.292346255729076,0.370221257543437
87,16,0.2126203440129757,32,5.05815150477058,1.3535042606162273,0.27820085519927656,0.3646108897298892
87,17,0.2086872160434723,32,5.77124624187293,1.0205239136851683,0.2045784377774433,0.3151576373917435
87,18,0.1244988888502121,32,5.71186836061744,0.9276691509995088,0.21859413321212876,0.3360563671737581
87,19,0.04287802241742611,32,6.566469549657459,0.9510110293305925,0.2247585267385413,0.3356040036423559
87,20,0.14107470773160458,32,5.818552299981867,1.0853727942863074,0.2889423194950959,0.3858404714291356
87,21,0.10988481156527996,32,5.895332203179832,1.2206834677785716,0.2623021648102962,0.3608611152695859
87,22,0.07371407188475132,32,6.058490864513359,0.9396686767468401,0.28019460524118556,0.385342349461284
87,23,0.03005092777311802,32,6.402865466035065,1.0705534456389394,0.25006809605306934,0.356408392755472
87,24,0.04645276814699173,32,6.059215879569859,1.200522796068424,0.30516123432280334,0.38644996183344493
87,25,0.03839810937643051,32,6.016875888346937,1.3524657887416147,0.27657598024569846,0.37559918563177425
87,26,0.04643743112683296,32,6.107434006100715,1.0770508959709604,0.28704966043456837,0.3982345925161278
87,27,0.04916209541261196,32,6.611806854231315,1.0396759433598,0.2782277072277716,0.37786985373784326
87,28,0.058754557743668556,32,6.808875253841839,1.019908424332134,0.2785999115441034,0.3659670011338306
87,29,0.04472397267818451,32,6.5441426622743055,1.0767800189220944,0.25461802293666297,0.34129184957845804
87,30,0.08236565254628658,32,6.217533934884168,1.1017901469139293,0.24932578814652823,0.3945192054224046
87,31,0.03858477249741554,32,6.933644913407535,1.020979947386552,0.2606089855864928,0.3605957434328907
88,0,0.19657669961452484,32,6.652536871528042,0.8749465046216605,0.1999981964028058,0.20239882162855638
88,1,0.03403010964393616,32,6.8329402345167765,0.8879064235580385,0.30974353725309967,0.31306300710442264
88,2,0.01974605768918991,32,6.363526008833411,1.1881795713999574,0.4000475741579862,0.4469167486998129
88,3,0.021560052409768105,32,6.95815808018823,0.8763633397357893,0.23371999235450647,0.3002640416191685
88,4,0.042155832052230835,32,6.80845584421318,1.0466980632275273,0.24797748073790313,0.3001512529293799
88,5,0.10809429921209812,32,6.489746171290116,1.1920868815348342,0.26196861038382413,0.36813886632023274
88,6,0.06805272586643696,32,6.747285912280496,1.0982896667512536,0.270643740530207,0.3415042260261827
88,7,0.08001304604113102,32,6.5854571092563265,1.0226163254589657,0.2628325852395832,0.32241172657446304
88,8,0.20741182938218117,32,5.921721561808837,1.1244170784309642,0.24731750977407083,0.3976094352833744
88,9,0.24020932987332344,32,5.532457758690357,1.2009135909491677,0.227107363322643,0.3463731355427475
88,10,0.17137175425887108,32,5.454961276600616,1.1587860253521596,0.38589467889497164,0.43969104353998134
88,11,0.1791328452527523,32,6.10219103618057,1.0763727103309373,0.27509341729153297,0.36916907028933554
88,12,0.042180657386779785,32,6.835498621583898,0.725899552776454,0.2453061373413181,0.2825542136766132
88,13,0.41764592565596104,32,4.4290618776253545,0.8113772387608273,0.2366240179958263,0.34318076778903056
88,14,0.28427144698798656,32,4.153225548778106,1.1461475083178803,0.3240722238729047,0.3771133957218018
88,15,0.15957545302808285,32,5.325696835927673,1.1126041382023981,0.2751128013713159,0.3527739824767957
88,16,0.17997647263109684,32,5.198449352393979,1.2953037062178776,0.3160801886374549,0.34042625512351055
88,17,0.14462443068623543,32,6.111772117538974,1.0451624029559028,0.25096922717964626,0.31363376166465584
88,18,0.08908676542341709,32,6.074945393350636,0.9294445996231824,0.26962825009382096,0.318201658664679
88,19,0.04765918664634228,32,6.768114266898968,0.9197469060391663,0.26289278402495475,0.31907856001762863
88,20,0.10133121907711029,32,6.490333660124476,0.9258889968684683,0.3154374053078476,0.3658524560715728
88,21,0.07195607014000416,32,6.399817236213132,1.1368311001348568,0.3286225515088279,0.3448282095290665
88,22,0.061421601101756096,32,6.535861357603757,0.9217936516815035,0.33931887562777524,0.36570881964045826
88,23,0.04298076592385769,32,6.771420528078206,1.000000607756352,0.33586009488549495,0.3447354820171791
88,24,0.031493568792939186,32,6.306293172901531,1.2114183299179357,0.34852750302644375,0.36107297766959623
88,25,0.027782293036580086,32,6.043826779863615,1.4270929523582314,0.34863977264008195,0.3609818508401647
88,26,0.03905511647462845,32,6.236596960954687,1.0700377373621937,0.33795743400284567,0.37221536496425295
88,27,0.039584895595908165,32,6.826654568353806,1.0058678708415085,0.325190534013318,0.3634952669099534
88,28,0.046799711883068085,32,6.962757154853547,0.923727834703989,0.3163112148428677,0.3522264620878803
88,29,0.03633435629308224,32,6.560056233592032,1.0182558869336908,0.28844209210740523,0.32554420386637484
88,30,0.07112935557961464,32,6.7189511052235655,1.0001754454240288,0.3179347927840107,0.37548126425787653
88,31,0.03688194788992405,32,7.028495105775615,0.9684531029767882,0.26823961415160047,0.35561112169585635
89,0,0.18622929975390434,32,6.574890002914408,0.9125466403003788,0.15794974226527872,0.20071057218773813
89,1,0.03482984937727451,32,6.929060472830657,0.7820303924570231,0.2512240952782626,0.3141190419844625
89,2,0.02241760492324829,32,6.646707912472144,1.1012001315889526,0.39829770417729327,0.4469167486998129
89,3,0.022426260635256767,32,7.026910513847016,0.8801801581628128,0.25553233251642815,0.3002640416191685
89,4,0.03140991926193237,32,6.797565736960898,1.0217467181746738,0.25201422860710393,0.29603021870424007
89,5,0.1247075255960226,32,6.493418177097126,1.1186213164922814,0.30013406993311276,0.3650646733182785
89,6,0.07902202568948269,32,6.64412377379295,1.1542154426795754,0.31278576973874617,0.33623064630520194
89,7,0.10096511617302895,32,6.402937387357222,1.1050049596555445,0.3730785782344558,0.32066453772492254
89,8,0.19053271412849426,32,6.04940779605977,1.2206563046576457,0.5177735885993827,0.39388820921044343
89,9,0.16949117369949818,32,6.096547786969872,1.2952394260225093,0.5990101633092493,0.3343793822026342
89,10,0.1951343435794115,32,6.254495804648885,1.0782929128004257,0.64219953198536,0.41902296696749963
89,11,0.14336569048464298,32,6.251825255383308,0.972687463685749,0.6430150081095022,0.3606193869657133
89,12,0.04179944284260273,32,6.8110024461753955,0.6740968964642118,0.47540942357095306,0.27600821802948483
89,13,0.2819605264812708,32,6.433007363005141,0.863212732029452,0.7572347481976051,0.32370911015532644
89,14,0.26570733450353146,32,6.025489499953643,1.0826107060465837,0.7407154759537068,0.35967323409477714
89,15,0.11260426230728626,32,6.531470162576901,1.1121599549186643,0.7230969530416427,0.3370365768714531
89,16,0.23223089426755905,32,6.337325198919639,1.226167829744738,0.6574518004376778,0.33608868212676646
89,17,0.2650837656110525,32,6.416266061458243,1.1805844861767714,0.6088250396541588,0.3056698054593696
89,18,0.19500894844532013,32,6.63381053219523,1.0356523933485429,0.602005955495823,0.3107403231804604
89,19,0.11910581775009632,32,6.9517237263531175,0.9201197636400966,0.4767065745811948,0.31837882139740153
89,20,0.19249357655644417,32,6.587159432491678,1.1343569255735595,0.5755622248637209,0.3607167729942803
89,21,0.09952033311128616,32,6.434225099727326,1.2769833394035626,0.5263809629329429,0.33041185826276454
89,22,0.08600874990224838,32,6.868033447504821,0.9525549270606462,0.48611527493900314,0.34327895309912315
89,23,0.04899182356894016,32,6.689512503157835,1.109796208299037,0.4091252871878539,0.3373442461946714
89,24,0.08485834114253521,32,6.689829886879861,1.1128384622645333,0.4207497117688591,0.3436427572780079
89,25,0.05260035768151283,32,6.224646390691491,1.3449592491022573,0.4005747118326882,0.3505978750835821
89,26,0.06418979726731777,32,6.3395362373063096,1.1205088956181015,0.4293108592437874,0.35549318944166
89,27,0.07831761613488197,32,6.819770431915489,1.0099715617179283,0.40396285906119456,0.3501920986726226
89,28,0.05630245991051197,32,6.820469274311088,1.0459506313248186,0.37380077772348186,0.3375611097442326
89,29,0.04198976419866085,32,6.1242766530478026,1.1703310331926513,0.3330386160130325,0.3073402264619763
89,30,0.137206157669425,32,6.635322261206928,1.1883328492176775,0.43437805670974505,0.36993360339038334
89,31,0.05267990194261074,32,6.943735727820328,1.0094632676624888,0.3529527067578552,0.3367303268879911
90,0,0.27723820321261883,32,6.511407493689797,1.1505876476198935,0.3644170279291752,0.2001002679019752
90,1,0.06163773685693741,32,7.06486011531053,0.7749863674939768,0.35985480841229317,0.3086875023730598
90,2,0.047675829380750656,32,6.48287369011418,1.1502361612429235,0.504711980619484,0.43751908289892893
90,3,0.05160748027265072,32,6.693704553567688,1.0221730201923638,0.4307529955774416,0.29054203998219796
90,4,0.07334835641086102,32,6.653058184301662,0.9995538050959478,0.4670669089658645,0.2925317227080201
90,5,0.0757042970508337,32,6.155852740420727,1.0921971018198313,0.524779651100974,0.36222555864137584
90,6,0.05626055598258972,32,6.741899078811585,0.9892417654996697,0.5243842397200615,0.3223980830884807
90,7,0.06452824734151363,32,6.4351162498930385,0.896892266147221,0.4408229707102709,0.32066453772492254
90,8,0.1575242206454277,32,6.447358660397036,0.8504473129020784,0.4780214043132276,0.39388820921044343
90,9,0.08513081073760986,32,6.733596622168438,0.848189634959768,0.4599182289410481,0.3343793822026342
90,10,0.10451292060315609,32,6.31994818445674,0.8926559336076156,0.42448447734559525,0.41902296696749963
90,11,0.10626677609980106,32,6.080951272338291,0.7947204753680133,0.3858478030613242,0.36916907028933554
90,12,0.044499168172478676,32,6.405271477329817,0.5840185938022824,0.3523359172086039,0.2825542136766132
90,13,0.24298047088086605,32,6.193985744366678,0.755202703821996,0.4607857247496965,0.32370911015532644
90,14,0.2969192899763584,32,5.604459641152093,1.0892023235656056,0.4497220037030272,0.3771133957218018
90,15,0.18386789970099926,32,6.524512739971265,1.115940041708579,0.36858376851596664,0.3370365768714531
90,16,0.2667081132531166,32,6.435153278211808,1.161937100100423,0.3518917901370092,0.33608868212676646
90,17,0.28214274533092976,32,6.500839378958821,1.1159477804727542,0.27662936556604856,0.3056698054593696
90,18,0.2437646072357893,32,6.7028467187081375,0.9600032218869252,0.26111289576340485,0.3107403231804604
90,19,0.170969994738698,32,6.801601320338956,1.0102638227714822,0.298094928522449,0.31837882139740153
90,20,0.2934406232088804,32,6.391728000911602,1.1519096980975236,0.3502284741532735,0.3607167729942803
90,21,0.2063909750431776,32,6.275475895463945,1.2710641469475572,0.3578879589448879,0.33041185826276454
90,22,0.25122423097491264,32,6.3214586861763795,1.167843548414945,0.35250676375436785,0.34327895309912315
90,23,0.1867931168526411,32,6.451840419754067,1.171298642810104,0.3752892079841328,0.3373442461946714
90,24,0.1657210886478424,32,6.359769647852012,1.2092861775289983,0.34250830488254047,0.3436427572780079
90,25,0.11965596117079258,32,6.084408160044096,1.3880235462933603,0.37119194720872584,0.3505978750835821
90,26,0.13848214223980904,32,5.94099631500349,1.355072081923991,0.3645879612774663,0.35549318944166
90,27,0.14039219543337822,32,6.315081257295871,1.2711341904501268,0.40702130124460134,0.3501920986726226
90,28,0.1181390006095171,32,6.457445481631495,1.2536645194017355,0.3982973061516919,0.3375611097442326
90,29,0.0707431212067604,32,6.258599481553141,1.0870669678925768,0.30231841091550865,0.3073402264619763
90,30,0.20640365220606327,32,6.272543667624704,1.2792545332035523,0.3736050044253951,0.36993360339038334
90,31,0.08565703779459,32,6.736314673728688,1.115630496844183,0.372351304789053,0.33659870567666644
