step,layer,shift,revisit,dispersion,disagreement,effective_rank
0,0,,,5.173727517642583,1.0735300018269038,4.017017375857886
0,1,,,2.344995174206001,0.5082407514902427,2.0486978024924487
0,2,,,1.9199607504447305,0.36980662174050716,1.7777571344944965
0,3,,,1.7819416692032606,0.29056658051769,1.5850846702823986
0,4,,,3.1672192426496304,0.6276641879099367,2.403886402965328
0,5,,,3.141222452848809,0.5386502625398197,2.261477499074131
0,6,,,3.294842372242881,0.6233673814376726,2.505027728288253
0,7,,,4.350293117888203,0.535769109028891,2.4011409448436214
0,8,,,4.381328516942711,0.7164491539478268,2.818952191998159
0,9,,,3.9303440587531293,0.6629079623312926,2.6546255962290397
0,10,,,3.785005429567975,0.7804713443333844,2.9637286550896578
0,11,,,4.568204848956092,0.5569795998363576,2.4028705641937633
0,12,,,4.597741472786446,0.6018132562289065,2.494840024326428
0,13,,,4.978038800861265,0.6737822734411676,2.8359242272362253
0,14,,,4.614559492593616,0.8027255060397982,3.1560155199741775
0,15,,,3.607420867986821,0.8604852430417673,3.1490668948514475
0,16,,,3.4914207696073327,0.6876999018000078,2.6930262338520388
0,17,,,3.247378100310368,0.6907180906823163,2.6387210764462457
0,18,,,2.5547320421355053,0.47128636115614597,1.982459558269769
0,19,,,2.7489666132202473,0.5366148288097259,2.131348516016645
0,20,,,2.684806914605946,0.5457234322317834,2.1677679475082465
0,21,,,2.614822353235104,0.5826073229912034,2.3359289888226353
0,22,,,2.6393400803121274,0.6007773966110781,2.303506291278478
0,23,,,2.1777929273075287,0.4018472767093195,1.8435794629302282
0,24,,,2.119812702977488,0.5670576669684624,2.1468559626595267
0,25,,,1.9013117983121741,0.4585286209383608,1.9915031890794685
0,26,,,2.5234477417735333,0.7238601016386683,2.5945877982678356
0,27,,,2.2505266457423594,0.6679699443044429,2.3479701359461598
0,28,,,2.0542839316846018,0.6498780862613116,2.282918019560801
0,29,,,2.05040090350825,0.6611155248740239,2.244911464255427
0,30,,,3.3899107282920835,0.8835059520550401,3.08459573495
0,31,,,2.3951390808713158,0.6948027336666698,2.4846282222219203
1,0,39.88518678095664,,4.967125800026281,0.8454514468774539,3.034192702351139
1,1,34.74360557078933,,2.3895427208848132,0.49724844797200474,2.0290967608200448
1,2,28.44395356408515,,1.2813000270795327,0.2603817168753162,1.492576664319106
1,3,21.643280457091564,,2.0361097498181873,0.31177283439326864,1.6315775667825034
1,4,43.388768382351934,,1.8407759119106704,0.24216193534094455,1.5404750284805897
1,5,43.74555812324612,,2.746634946709352,0.5387569955511005,2.1632770707425624
1,6,40.39260427913298,,2.448388607685863,0.40910743683726647,1.8972914281250237
1,7,40.11019359644254,,3.603821787557715,0.4988225722882529,2.232266040906434
1,8,41.30785355361307,,3.584447914313434,0.5903847624915892,2.4592751003588864
1,9,25.790048183369557,,3.5260525076231115,0.5629661925085969,2.345311412487086
1,10,34.01717978961048,,3.195060598331347,0.5377885045476787,2.3348939720574307
1,11,45.633703594459774,,4.242501346432158,0.6334555839926423,2.534907513050224
1,12,32.75428983063992,,3.609307123135865,0.35172323893654456,1.802188577007124
1,13,32.67921286967943,,4.655001797441541,0.6031147258142404,2.5405767739973384
1,14,38.08725170943792,,4.265615232850974,0.8143851900484531,3.1618784226913355
1,15,27.397823676104125,,3.0499196224378693,0.5907226069997389,2.3281603311017616
1,16,27.375619230957067,,3.2210650647778745,0.6654697998932302,2.484467953541673
1,17,35.0869549857857,,3.0633813744489684,0.7053745894505816,2.515447502025167
1,18,25.802075579667644,,2.565388525088523,0.5681710084838767,2.148146429158236
1,19,19.97884769089032,,2.0738687499895283,0.4524935715542906,1.8842990221628937
1,20,26.086391945904566,,1.9904937490834165,0.3780101735161292,1.7909525801355632
1,21,24.290898026607458,,1.9693791875766107,0.34820699262712607,1.768054621132088
1,22,30.309362264044903,,2.119669358171574,0.36734229497547854,1.7840032013650622
1,23,21.88119705585222,,1.7413419937071994,0.23716239213862478,1.517329135901378
1,24,23.298295840698003,,1.314204524967515,0.29198973443751486,1.5725695280480592
1,25,27.879756283589252,,1.3430749693351363,0.289320850202325,1.583351285531392
1,26,44.565548476822904,,1.8102497331708183,0.3052226281227719,1.650479592954175
1,27,41.03518998033829,,1.6583529507547239,0.32467119582865567,1.6251829189367146
1,28,39.94476849013061,,2.040627851040378,0.2953339908611734,1.6573240513932632
1,29,32.245795483171975,,1.8105322730896094,0.32644347096177784,1.6735471659338044
1,30,48.32443761383481,,2.4076562591007895,0.3081538886866553,1.711589157996447
1,31,36.257810163920084,,2.0472308413393323,0.3795387704717408,1.8017457559756838
2,0,23.25609749799932,5.6831105639287225,4.572024316234944,1.0151057685720035,3.481736890035341
2,1,19.218657524747304,2.3845958059249814,2.0733431581946995,0.42417054673516574,1.8555029673455237
2,2,9.722105159790587,1.2211126160762813,0.9771652262813518,0.2043745343519462,1.3760472525393803
2,3,16.14879313801224,4.96862951245448,1.6694717151644014,0.22454308478263796,1.4520634064628217
2,4,17.55267982919024,3.7823252381795758,1.7583529978695152,0.29218954760215676,1.5839979233285135
2,5,17.725321817703772,1.7459044905390204,2.537297322785515,0.5347764460665565,2.10069725183671
2,6,22.667785386774977,7.3585380286570405,2.6673093344192953,0.5319097573684273,2.114880628036462
2,7,24.683742412729064,5.122521474087808,3.9372847601370875,0.5311916804823014,2.324738123685799
2,8,28.097238610766407,7.510239173741371,3.965310031787814,0.5975885085138142,2.4814156166854
2,9,30.720612793362093,11.47998242969236,3.8241814054783005,0.7924357673290516,2.905366725920543
2,10,31.946850036531508,8.95420696078829,3.677818559095291,0.8783301315202445,3.2151219207268036
2,11,24.957420274244335,1.1708700499309352,4.6208589779693,0.8123432799185206,3.0919154031391827
2,12,22.157715087051926,2.177580123791823,4.239962979999438,0.4655074303983886,2.096561423128603
2,13,35.003317437843684,7.774671475473689,4.672307506851389,0.6571887677345298,2.702784262786315
2,14,35.61700980106248,9.110861022769361,4.46107957849955,0.9084301467928864,3.3945298065037375
2,15,24.025423792587585,7.093813280697595,3.36130263122194,0.7783739044862736,2.8665722380665333
2,16,30.6194603526662,12.757134741236431,3.2947893291776182,0.7637894591776773,2.750801920599256
2,17,26.366660715375907,6.775403867970255,3.2367802463347886,0.7281074795298075,2.681261183463756
2,18,23.79184975846264,8.060629474350918,2.9522404677745033,0.6494248548907406,2.387700882052464
2,19,14.348800504894466,4.079912662841626,2.3260937654061653,0.5370259950378076,2.0766878265501516
2,20,27.608065682623938,11.483398979489763,2.66237864124186,0.5666950525768049,2.241830026697905
2,21,21.840152935138363,6.297512290354026,2.5740841552035127,0.46337110128986625,2.0604930800658328
2,22,34.814633583552656,14.629950599140312,3.0362558441523073,0.5519927738144736,2.245175539733819
2,23,14.570748558815897,4.809289497680023,2.0876425273631343,0.320206689104511,1.6710265466898786
2,24,26.671245582158548,11.81366806123762,1.8727616025068636,0.4605006895470618,1.8684856483815824
2,25,17.175746269818664,3.4491142892088256,1.6259285031981683,0.4071469238400989,1.8014986231083177
2,26,30.92256820351459,4.202936145269609,2.388776292840447,0.43091795627526075,1.952901579369202
2,27,28.628397947567905,5.834695064482408,2.1029838805782353,0.46583767805203635,1.946115515602378
2,28,36.38793911532994,9.988947159834858,2.7006706482261853,0.5007020956188315,2.13806299601123
2,29,20.98285341995933,3.1657708561445386,1.9120715074956125,0.445882207477619,1.9006335446131346
2,30,46.11179162964011,10.547810140706563,2.8245747429248205,0.6051981000003801,2.34701572812657
2,31,26.309523996700783,11.878606620582364,2.087063514103279,0.49642351438787236,2.0330294975150505
3,0,15.727507870732234,2.913371123810897,4.830533754823797,0.9473372926004089,3.3736849649302387
3,1,21.062412230941938,7.19940075522446,1.9110398392490722,0.3534016702930187,1.718272059680374
3,2,9.322448049787404,3.973015526960945,0.9788977265214962,0.2375318000639559,1.4368617919115398
3,3,9.583782448651338,1.7368332129826372,1.76250006654337,0.24539064216204354,1.5029611935645883
3,4,18.47807623527055,4.319846160717367,2.33601442554078,0.40169634047751845,1.8495605349755062
3,5,18.065514205173116,3.2897086764948376,2.6758373041354346,0.6577980786825437,2.357979153887323
3,6,25.609048262632214,6.3979822160549755,2.9779149158118106,0.5587435630190667,2.2443250737720337
3,7,20.33756031086162,4.127225748911363,4.239660502581592,0.5784430034536108,2.4453210227088107
3,8,24.556266336439343,5.3749159154851185,4.397080578078249,0.6903714905779488,2.7325383337867275
3,9,23.89316279937696,5.904431026054904,3.94603270562643,0.7815334413799198,2.878024830666877
3,10,23.297918827981086,2.5419783747525777,3.6567322789062087,0.8368712546747079,3.122680290170666
3,11,18.25937870076546,1.1411347838699557,4.422727286707582,0.7386588856496381,2.8804210206096315
3,12,14.058145509647886,1.5113093616018642,3.993369280344865,0.4527125590117249,2.055907956629197
3,13,25.98057774292669,3.3865760585424165,4.943986663233757,0.6608889185838009,2.7359297115153978
3,14,22.901628128320553,1.3473530658445596,4.315208914360688,0.8314829051378281,3.140664662952119
3,15,17.35187561348327,3.456027875459939,3.395661305553301,0.6801765008715361,2.622776887365905
3,16,19.16701632443305,2.1365316701590733,3.507668663894271,0.836390286254816,2.932578411403727
3,17,15.619970052029583,3.0758230746164616,3.3213287213590417,0.8041484482877217,2.870975836488739
3,18,17.193317759810483,4.063112511309868,2.9954307674128495,0.7089703438477235,2.4975898287211655
3,19,12.203116078754984,2.8884083912087304,2.6726450320162667,0.5979498454736016,2.2508111477243933
3,20,25.12444373435182,10.95646993757421,2.8158536889281263,0.6590223444271901,2.424541973007572
3,21,36.39124244937913,19.648720434825805,3.011848086369487,0.7756828014605177,2.8281562656238686
3,22,21.21644046425792,5.022886921171038,3.419947291946488,0.696807235656677,2.6173845272692424
3,23,23.906066895814497,12.628256941231186,2.181270721292043,0.49754744547125407,1.9816579171341517
3,24,18.039140158407964,2.1337492187693283,1.9388553714008379,0.48132621686181576,1.9427650918915538
3,25,9.484067948120732,2.2033478864480474,1.5971985129152562,0.4775221316284255,1.9036289333964687
3,26,21.114248962409214,4.501094104260434,2.2676182464074888,0.5955238333954367,2.2578921192657817
3,27,21.978464988967644,2.1376887685418344,1.8541814848632163,0.44153476476956444,1.8705905875480853
3,28,32.86355322754484,10.374881302455886,2.31387429798262,0.5638267348789352,2.1894182942414755
3,29,16.420401008361615,2.9420456086044537,1.828279743163478,0.46246616328817103,1.8781307993444452
3,30,19.398636689011333,1.9622572395181814,2.6661393153927215,0.6200156784160562,2.3465549685775327
3,31,40.04132005929657,18.28564562264969,1.9572945025464983,0.5363501664882926,2.085489179149982
4,0,19.080347273112544,4.93916528049435,4.964899601870933,0.9030205203775381,3.2577734984286466
4,1,20.791286283288905,7.038453056734903,1.7620321721525785,0.37612370898780556,1.7478779238934579
4,2,8.087697475040919,3.0558048527109247,1.0445499310854516,0.24007009982710836,1.449418807970995
4,3,12.872445924196175,4.757005494207499,1.5812041224247424,0.2092575032877555,1.4231480484176486
4,4,15.268163127014596,3.5575148382874273,2.2207233759442726,0.3465190136922738,1.7318606229706008
4,5,27.230612542758294,12.518878541918323,2.260072212898587,0.5519003634556654,2.104138600788332
4,6,26.34677094920928,8.761065503052132,2.7334609902809177,0.4877127441826401,2.0997970996082174
4,7,30.69396415645396,9.649392820509473,3.5114945277444987,0.4639989208191606,2.094763747889612
4,8,31.42244513527376,10.957573566920942,3.879176150229371,0.7844207287728122,2.907480530957152
4,9,25.043403800645557,7.286023837959933,3.9892563428624985,0.6658420541719412,2.6201927142730774
4,10,34.43651376285501,12.033505971395432,3.2723945833737895,0.7627739625292165,2.843979753888702
4,11,17.979643051449017,2.8689274695248494,4.182288265897237,0.7578142871331677,2.910373386921245
4,12,19.31527352020926,3.881466949906273,3.7094277751869242,0.4347222472414227,1.9925277460299606
4,13,23.79165379901653,2.578145531152683,4.659105447318838,0.6752595132458792,2.7175458486541775
4,14,16.797535750273155,4.083981004411625,4.254065219865468,0.8686778516076687,3.3073743763375654
4,15,19.74260183734542,6.713769217436022,3.324046228489284,0.6841695388725602,2.626127550369977
4,16,16.691935692493363,3.0023520855615917,3.312677006690868,0.8026195767205229,2.869093165104834
4,17,14.818285729987103,3.6831659876146436,3.3761743808739464,0.6940158279611843,2.613613468872624
4,18,10.935698292981272,1.7140757114212333,2.980624394160933,0.6267123815978906,2.3051905307928093
4,19,12.998341250106304,4.18204743544992,2.5550994127986106,0.5729623584427976,2.1558353743622005
4,20,21.75750068148072,10.488965695157155,2.6335713631247994,0.6348535554229588,2.337619508967015
4,21,31.64150036766967,9.463690696189687,2.8115643242041486,0.5982796153726948,2.377832145533701
4,22,22.173598306602308,4.791955587244564,3.0909397492180646,0.6879780129143183,2.5634572999401994
4,23,14.307269542403754,4.807043522876321,1.8430102870941067,0.4184971847389769,1.7834477412745353
4,24,19.48021522875108,6.048896975971905,1.7639114458971965,0.49109770277011067,1.884789887217146
4,25,10.457272395600125,2.0780913525031375,1.5126191760899794,0.41851572197536546,1.7888309600061327
4,26,18.975785639744572,5.334019586321413,2.0987746906148317,0.5994517021423862,2.161937352352245
4,27,10.73546976375603,0.6482382790589674,1.7876588374481304,0.5077636190522239,1.9346548920238007
4,28,27.193088748099548,9.484140125591388,2.16331890835189,0.48592248400992943,1.991227798709606
4,29,12.056196121844856,1.9881585641966497,1.6046263588013254,0.4965443809770125,1.9145105483040599
4,30,13.96145113195282,2.1498172836898455,2.6610335566645427,0.5959737590503718,2.2692650377717767
4,31,26.69831270083511,12.788626653182448,1.9466868886468132,0.48653512638366037,1.981912733961428
5,0,13.264097711389269,3.1807581997544876,4.957112672438921,0.9186568448448273,3.218462593350987
5,1,20.10260103536152,8.604136682956158,1.9966028098619426,0.4826731954809089,1.9538066400701357
5,2,23.257002560909882,15.176804347013004,1.7943409657059979,0.4974772601087345,1.9339931516564368
5,3,24.18360456191641,13.997221927784416,2.346280802640381,0.30498972868798013,1.6548448048402264
5,4,22.23451267227692,9.498684341999393,2.406455014118205,0.5055381208054466,2.0144650580635632
5,5,24.41479621001738,9.49395281774024,2.5718116722139026,0.767693099932119,2.6554593778816775
5,6,21.95522475994706,5.1593832427274755,3.0485466304016304,0.5925776172488182,2.3875910763984938
5,7,26.00525907245933,5.935142399528229,3.932303603381944,0.6400211337076862,2.5895580924608703
5,8,31.296495522377473,10.87317871658438,4.101307396385861,0.8115409654831103,3.0049055741984714
5,9,28.962851821944913,9.034512096014144,4.151574899245674,0.9437292363405199,3.4069610142904914
5,10,33.10342653417672,9.972217237363424,3.6537479073218746,0.9497932197930332,3.4442551266071346
5,11,24.660315055146988,5.126661629370851,4.384345627291268,0.8827400239244341,3.331113680015419
5,12,36.048157521374876,18.01380771741691,4.502043070542538,0.5941276619870202,2.4384583382047444
5,13,34.21078796898961,11.203735327731062,4.9005888530267505,0.7683467733270302,3.0808892166383632
5,14,30.149393381786773,9.670069173175557,4.420474041531401,0.8894234991453054,3.348932320878126
5,15,37.23437346017324,20.574397501396597,3.4964530165935,0.8264762936621026,3.074411257796028
5,16,45.75548019309619,28.61036473940686,3.328874354607193,0.8268449145829684,3.007233074699462
5,17,43.723138476025326,27.03588247533873,3.4953508633291115,0.8473344434647796,3.1012900760104816
5,18,27.5030337265635,13.394281815877218,2.516384667869251,0.5880159168026786,2.1941721463359207
5,19,28.224412161979473,16.613394869922395,2.480214272818706,0.5412711922773386,2.15203971354345
5,20,33.29805415876348,15.318150505579673,2.840888407568138,0.6776192603913689,2.474637948623062
5,21,34.49366759579486,14.157813246164814,2.3584155335165273,0.4963883883116855,2.074589741850646
5,22,40.80782273788816,20.966637800604474,2.588095224176687,0.5698963192663995,2.3023930192003035
5,23,35.66956950729607,22.693063897259876,1.6656988847227785,0.3677683323004377,1.7226099539919097
5,24,52.09842835482403,33.62511140415625,1.766410568515464,0.5791474631509463,2.0850670474418487
5,25,26.246794028760526,15.26892567161205,1.4297008098089312,0.4012557407290589,1.767595723757198
5,26,43.76571582059485,25.94823780716844,2.251996654093286,0.5713953966736987,2.189286592621522
5,27,35.04251429903081,19.489820239056094,1.7820223537025472,0.4788656804608511,1.8972608734279632
5,28,38.810950760924214,14.927684835198805,2.4538956925135977,0.5787754697739538,2.286704201483886
5,29,24.113828305214852,10.21695103496732,1.892807322447935,0.6531357016106356,2.3074379592763057
5,30,31.680789285519573,13.469299427418495,2.9609835562896247,0.6987384405269266,2.645988283668242
5,31,34.56517394755201,14.531346179684535,2.0260923335493177,0.5688552705790655,2.166820634233315
6,0,31.861525001227907,16.260798593324214,5.368608006532469,0.8204897381428529,3.0992462571937263
6,1,37.01619681139306,26.129898092399724,2.1639747618190253,0.48669102122633046,2.007358699560924
6,2,26.0249779273611,16.328430802903064,1.4184054632017655,0.3104267545747754,1.6170593730981258
6,3,32.09961143889391,21.315571091109135,1.6355125283256997,0.37189598477327235,1.7170686411709624
6,4,25.05942724247744,13.103037694735427,2.2559354488775005,0.3424062067371292,1.7598643864665917
6,5,27.491037560290568,11.775621920281864,2.8034452513864534,0.6711883190992145,2.478762678347156
6,6,28.9294516929629,10.589205930308445,3.0658331897703506,0.5562277159701052,2.299990802939488
6,7,29.09573960118569,11.969135340019363,3.843522758434288,0.5717215729441367,2.4218918013028694
6,8,31.672566756341716,11.023692309989302,4.243763220711758,0.728560977369197,2.9265201488899466
6,9,33.43829941559746,12.395000629537902,4.0113556764499725,0.8369069154837572,3.131042475804349
6,10,41.64020643863235,18.689711771153362,3.8797792478620345,0.7870892192529326,3.089517669622228
6,11,30.82556604834044,11.242333436221212,4.44685948952686,0.8836550622605968,3.3583505678816676
6,12,22.41365461605598,6.644688083267241,4.371198038438123,0.613802080712631,2.5151085814138203
6,13,28.74718842240705,8.068064520465668,5.091307592690373,0.8416816618177325,3.3784222897650746
6,14,41.76039021804857,19.924787638451015,4.888516669114983,0.8666227698824169,3.50199149560925
6,15,36.568802494400806,18.410940542374462,3.600675540468173,0.9308562961520401,3.407050854381709
6,16,32.51735912570069,15.58761829275015,3.600351417322158,0.7807489962047329,2.9492743091129086
6,17,35.44165563750299,21.74299758222938,3.373404164449001,0.740169750857202,2.764523699633101
6,18,24.08293541334072,10.253955946005373,2.5435934823840984,0.6469263822463569,2.309401645004748
6,19,17.46686707885594,5.90795813045499,2.5038293585016875,0.5888797835794284,2.2199944567836143
6,20,28.594536021318376,12.52561080639693,2.8912988050255413,0.636710342288239,2.3838312302423565
6,21,23.03365608877363,7.220319933372114,2.6332239687155528,0.48057655283545975,2.096180591877552
6,22,17.943811080031708,5.759478921055253,2.716009510021201,0.5470594914677953,2.2589038501222487
6,23,22.56898068845975,12.215738839591861,1.871550196681953,0.3007525630094037,1.6396113439348226
6,24,32.13425429693158,19.976491863408338,1.839690310571282,0.37166922577727624,1.7845704515524696
6,25,22.96697281404019,13.59602424779056,1.6601416834126894,0.444712395352008,1.9118903631837392
6,26,22.865892195590575,9.081190634439693,2.4584964958338653,0.505295556696844,2.0832286591437934
6,27,31.527437653363258,15.01449731993363,1.9589983190916798,0.4966072795998018,1.9579754560523646
6,28,21.36975735374001,7.11473332125715,2.5416378989780872,0.6287783024300997,2.3622895811688043
6,29,19.953782949435897,6.5719416964014155,1.9940832175489,0.5908315579791044,2.1459318205530105
6,30,25.487732646846986,9.93373392065319,3.0601145205984954,0.7035299114115734,2.638790338104937
6,31,33.5647053170117,16.577014143631757,2.3812858490056548,0.6072157585615692,2.2904962281513757
7,0,28.659294120311124,13.157686680500767,4.782229735005626,0.9261195484725908,3.3309715997553258
7,1,18.473231669495306,6.676056257635928,2.033629847235586,0.44611658629755,1.910988914988864
7,2,19.376519793711296,10.722154559014534,1.1478783348598247,0.20420076533774822,1.4042119314632873
7,3,18.846687463890817,9.161165065583564,1.5797645752943175,0.24326771959604088,1.5132965554721043
7,4,25.18253509353825,11.445130258024502,2.500641253366215,0.3077245440998011,1.7250594856944688
7,5,31.20133886792899,11.86094401830837,2.388324583602328,0.4444230876849953,1.9519063694251648
7,6,41.110467395720676,20.318295530622528,2.72736458685165,0.39979736736004723,1.9201853255627548
7,7,33.563644069113735,11.495107041622965,3.6836138038242026,0.5078109663552266,2.266781535672046
7,8,34.42780092642086,12.07621302876792,3.933817204102543,0.6891481568034843,2.750148344826062
7,9,30.660822872211803,10.395449070526194,4.143694343776701,0.6789325386516056,2.751664951347016
7,10,35.99174398154141,11.132289834946548,3.6053769253299697,0.6828008154498191,2.742829491993347
7,11,46.760162724647884,25.302213371061633,4.0779417169067464,0.6005290312263103,2.5152241114303493
7,12,31.378172793087785,13.898489321347736,4.090350653313874,0.4449799698591157,2.053835641371413
7,13,31.4538476225794,9.577135298318467,4.8842121956034115,0.7006976769190816,2.8567792007466712
7,14,41.61064652613172,17.645747672099695,4.202626706945781,0.7338307528749928,2.9529869253350745
7,15,38.321710678174455,19.10410834104131,3.406279307071703,0.6464913219880595,2.554360370765751
7,16,19.744037701025686,5.878226789804883,3.6213631531773767,0.7909908941448625,2.9064249606967145
7,17,25.172873112374745,10.305972601075954,3.0092655644862623,0.7279526882432172,2.6084421030602587
7,18,12.269346448616067,1.8264450329584132,2.580687524910367,0.7017322065834257,2.3860226397350717
7,19,19.237722676994157,8.540178478932356,2.261597078600209,0.5291671217052949,2.069502502940433
7,20,18.458902450557467,4.598383292818748,2.312626577159551,0.5104263237780939,2.0763499648155985
7,21,23.211342243433222,6.469891762229028,2.0483714570213625,0.34704697162990605,1.7748585437720032
7,22,26.096956592207107,8.34793764234236,2.476966595770434,0.5903464613410736,2.227427264765351
7,23,18.94101130776036,7.68901516565108,1.8163294482578998,0.304213249097097,1.6261459219793213
7,24,15.841149063880636,5.074917360033357,1.3489593041075367,0.30757207812279974,1.6054448682296338
7,25,20.66759721513488,10.488036732147954,1.3059280433630363,0.295682576183143,1.598276556829885
7,26,37.755201879957475,18.72812289012667,2.222403218295188,0.5057904326822946,2.020761452183626
7,27,30.9153721017892,13.574536504652192,1.5882188212186505,0.35608416537584486,1.6496363726393015
7,28,33.53676284558614,12.141163006313025,2.017633532749392,0.35680089693187345,1.7742256374533532
7,29,30.076010125225228,14.07150797019889,1.8786041685072197,0.3480804272854672,1.7711364065878292
7,30,35.550668080207615,18.003068818636507,2.4163893531424305,0.43106467115157443,1.9487929248042617
7,31,35.39436047596027,15.006343096652294,1.7990058907055453,0.3720391987877727,1.7503265720030279
8,0,20.0537506893536,6.681145749834979,4.7643680144680225,1.0108663881648656,3.5806985887025027
8,1,24.64591908442822,13.07095400724349,2.3993114576285075,0.48920338958742615,2.0361439883009957
8,2,6.742616557486253,1.2797261611620878,1.3731542402065502,0.18804683288387825,1.400543916601436
8,3,9.241056306926609,1.607079731450362,1.6788291364200636,0.24630968584822766,1.522186943568496
8,4,16.167882241740404,3.9194349252640115,1.968907045915404,0.2503219794332079,1.5688544646304847
8,5,18.945010862670742,4.336301946730903,2.0019565685835294,0.3342552028945325,1.7130305495736637
8,6,19.05183642167368,5.5656776647226165,2.5677076386042774,0.3913109379632882,1.8734539102214471
8,7,29.717209102752527,13.237732639747048,3.166163348207177,0.39605259073862964,1.9323812689950226
8,8,37.70931046774885,15.76800754668347,3.141017427285278,0.45444627499601253,2.057958562864578
8,9,25.899548640599168,7.758196803030115,3.849856151137189,0.5663771692542463,2.386160277066904
8,10,19.864066800244583,3.4761622724725987,3.3727832140898855,0.6628118919320185,2.604718901104299
8,11,16.21866466389116,3.7967337878484413,4.223035831543185,0.591879387840982,2.4880263726477487
8,12,23.48361321280263,6.439293987769782,4.422064689726657,0.4943195185838416,2.173108499378313
8,13,11.77508028451497,0.20253355317988442,4.880949577432606,0.7331939726482055,2.943565946749022
8,14,19.916281283128757,2.2161653783688235,4.404427227420712,0.799631895981312,3.1240051199529395
8,15,23.703593914452824,6.916828974457745,3.5608526671649434,0.7859147958640502,2.8917901769799603
8,16,11.956732077846944,1.000076573476311,3.4504069878506543,0.8564395394278086,3.0199572094249647
8,17,12.799992195130796,2.5082658957905113,3.0493702913234455,0.7710318794049775,2.6797423746108864
8,18,9.935707708472485,0.36681694174444374,2.68498553212179,0.7484593586817327,2.4968634031279597
8,19,12.3430044164425,3.844325600790985,2.166814876580702,0.6119302188620472,2.1651576575951155
8,20,15.917955871357098,2.5228492349668317,2.6918466209152356,0.6387511912932373,2.3908640364926352
8,21,13.57886928051742,0.4469106454175851,2.3003633195691258,0.42945646574064167,1.977956582645833
8,22,18.59931033936662,5.440059019484136,2.5556665655675532,0.6973837140510306,2.490567880476361
8,23,19.706751232964482,7.927367884574743,1.8651521217437184,0.45447058994474565,1.866158799316308
8,24,13.536090824769246,3.260910054110955,1.6446429617555025,0.3944822321596657,1.7695979835542655
8,25,12.164949646341121,3.691580242970098,1.3240853131998598,0.3650505262840953,1.7005472707964033
8,26,26.151701147780184,9.154516934852488,2.0819498546820694,0.3998564348368445,1.8464325477531305
8,27,15.088057646331464,1.7228501677580952,1.6477702595423653,0.4307750512319912,1.8046512730313844
8,28,26.022712602251175,6.152326010399123,2.4346302186127544,0.4197186360408902,1.9355628954611075
8,29,21.76391841744982,12.090897657074207,1.7660503176649136,0.4163135611625537,1.831152156353979
8,30,22.509328381582513,8.293824299650502,2.7012538792772904,0.4989566099859699,2.1088172543612664
8,31,23.174049261432923,6.009831961558627,2.023119592653435,0.4500989700771427,1.9159150987911509
9,0,12.449624179963813,2.2165408821592116,4.84300003911823,0.9514215760941571,3.4350105893137846
9,1,30.957070228207733,16.608219215045295,2.0643176553452465,0.4373233565816075,1.9226159596025563
9,2,13.208920839583335,5.84916462780428,0.9266865067158742,0.1548617595473113,1.3224251012812425
9,3,16.62795217849472,6.317770659915775,1.7007314274955063,0.2906034350548137,1.5905117466476781
9,4,27.66645450051539,14.480315676990227,2.633427983851929,0.40808757790243977,1.8965578892753687
9,5,34.8795558877462,16.142644984795382,2.917446574555122,0.5901879476552758,2.2657547613372664
9,6,28.677336603384543,10.589436413872612,3.253553981432044,0.5209899435084697,2.1824403913673605
9,7,26.783405839771284,6.202744927890111,4.122849980323928,0.5017978976724491,2.2497557994849795
9,8,49.848746374978035,26.195468138131563,4.614787761556958,0.7542839983850271,3.0262421932458246
9,9,26.48819934682491,6.419932604111915,4.188747467637325,0.7660579440307593,2.9642322778274766
9,10,34.32490443605845,10.956466701755751,3.813712357320912,0.9613954719419082,3.4597115208344937
9,11,25.505461639405524,6.489834164498538,4.511012595101183,0.7946655800654208,3.096121733757157
9,12,23.12311558178622,5.006670051750045,5.0418252986487975,0.6324893285509807,2.633665033565044
9,13,19.120162683040565,2.7087853916969644,4.853173794089875,0.7773333143959533,3.1228316547537887
9,14,23.040791296263453,3.717396222293923,4.51259457014196,0.8525604037613856,3.308327707468418
9,15,14.169297610671649,1.6895636259884035,3.5411602822712167,0.8699555376253851,3.1399069400321777
9,16,19.80894641112127,5.942291090623149,3.635181898060171,0.9259591508846197,3.2643654508933215
9,17,23.599448059015657,9.854990880538034,3.452470846823786,0.8377331286524354,2.97640726842767
9,18,15.266605339394214,4.75106510680712,2.9541275453472986,0.764098055158537,2.5855029291492273
9,19,8.824522807792373,0.7815745913435437,2.3211179097730597,0.6331616006114138,2.2213074319644774
9,20,21.351499495744545,6.906905745221566,2.735185940949961,0.6745297587464831,2.4788563369307846
9,21,30.485618398035438,13.406827396115538,2.754992449302805,0.6442312308946954,2.473094690553757
9,22,15.073301522760502,0.7714139829558063,2.5531636341315487,0.6902330444239935,2.4819994906036533
9,23,25.923473324584506,14.392061513370397,1.8256154783104206,0.5068115487886642,1.964436926783507
9,24,15.994199662076547,5.538706957430732,1.647475192361367,0.5490653294031558,2.010563723501872
9,25,19.532904690590804,11.194576636133528,1.261013886421166,0.4607195366397725,1.8420454442562881
9,26,22.01077129738634,5.5399915274900104,1.805784567762475,0.5711888969750236,2.0828046303000867
9,27,16.538154270764394,1.9552058948515942,1.437144711778144,0.41840367580784976,1.7640401855786907
9,28,33.96993709044848,12.425430370391233,2.1960695835624753,0.5008959116607636,2.039281539537578
9,29,23.66939731664782,10.387250306303034,1.6141923240075893,0.38264907155629846,1.7185601955824688
9,30,17.754259798001343,2.9454001343503906,2.360102736580604,0.5131840901766056,2.0758312514926116
9,31,48.75620607815509,25.994191240430354,1.9074877322546546,0.4847012291080437,1.9741220114100453
10,0,24.37505085311952,10.265318391678965,4.797142232625076,0.9104255199683298,3.2011039584712058
10,1,25.52421935650386,11.626645460844639,2.047397091275119,0.4095269044949954,1.864522926841528
10,2,6.709240895837297,1.0076272416696241,1.0355183833968138,0.22203144882181536,1.424070716507455
10,3,14.21711759680735,5.511815089357311,1.366323580275396,0.1864490517965922,1.4028454705797107
10,4,28.74545665808674,13.367916252528769,1.6909116508288367,0.3195062761956564,1.6250651192347376
10,5,34.64036118527876,16.26700531917485,2.216574437819466,0.5090114620871806,2.0297377458877994
10,6,23.63023058198556,6.546043235787385,3.046241210594765,0.5999761628399267,2.3584039642848813
10,7,29.8101952724913,8.635305131412208,3.3870589973357053,0.45136486701318157,2.06026356755466
10,8,40.281784861483246,14.270662115867518,3.8692566879091865,0.8138416658470149,2.881471325972499
10,9,25.924064662142644,6.624325226557624,4.130902108521074,0.8203051985420826,3.1088855380232676
10,10,21.710988445634417,3.125477194172488,3.5416592013292987,0.9634120187329738,3.473899601919222
10,11,23.023387314463413,4.522272225643656,4.432383379737601,0.6472908999817957,2.6633042683283037
10,12,26.363287637266406,7.976695251633656,4.430633102778582,0.46462661621430534,2.1368062040657465
10,13,23.877737657002577,6.226008328862635,4.580725621673585,0.7380695017003607,2.935880258365235
10,14,24.358131920896668,6.539747381819868,4.412611282598112,0.8141850675952398,3.1819483882930237
10,15,18.604019883503774,5.098879957105561,3.622881280208686,0.9427328262592427,3.3728262357547063
10,16,21.83883140946584,6.579560367270077,3.8741072003264536,0.987869157968241,3.5191884635667714
10,17,22.01364241435152,7.906453410242308,3.3943149470384038,1.0121713842531497,3.461117345045549
10,18,14.249945471920341,3.751377682560463,2.9122835592822818,0.7486532556539491,2.5897724426368245
10,19,10.290595633775443,2.7248039713138645,2.312202073653562,0.6695757957530186,2.336836340191274
10,20,17.57464329435404,4.52672270089602,2.5849499821779798,0.6740468112938638,2.4859455282965333
10,21,20.203286515848557,5.9344586510428705,2.621043602034092,0.597538485859523,2.379423756172349
10,22,14.61379102956789,2.1403149441769838,2.575118996218211,0.6494610232406148,2.423697233464704
10,23,18.96811574067367,10.509905068198835,1.8843124286394162,0.5208482109369064,2.0074861597264477
10,24,13.153737558202906,2.591713923328786,1.6394700111015192,0.5152711987285563,1.9778982074065676
10,25,14.745989889071303,6.948756089182917,1.1414347154500142,0.35948368767569394,1.6693425213301474
10,26,17.31372675815858,3.460505617466989,1.8184921614973146,0.582190899686641,2.1398461954385217
10,27,8.851974644106908,1.1831589325384244,1.3960607626911719,0.3749287536469774,1.684073238265414
10,28,25.572298857618154,9.679921556207157,1.927638883516198,0.4312885735666545,1.869634613368618
10,29,17.113686692593745,5.988271090702696,1.4350362903435225,0.42881004675970424,1.7610922241109628
10,30,22.729705197400417,8.64713197385273,2.4723218453019973,0.591585318115599,2.275819564558322
10,31,32.95559207969716,19.938840890655612,2.020438037405719,0.5424847137573341,2.103898629219038
11,0,8.693165687162455,1.135154863011528,4.915397990277757,0.9499686798588431,3.3410820274272703
11,1,14.876883793585328,5.364641179325652,2.0067509517037063,0.4143181421112794,1.8774158756303005
11,2,6.971625852808309,2.0811484835960288,0.8889327694538702,0.14266287039168835,1.2930374499996797
11,3,15.548488646422726,6.953988769836112,1.9717619967976394,0.24499302305236847,1.5302401484377683
11,4,11.176842930433798,1.2150230125578676,1.8009084976560605,0.28875717360471453,1.599958914994754
11,5,16.15255852249904,2.4160386445720947,2.2794576320174933,0.44676701558845444,1.9131915321167285
11,6,25.708045830599936,8.118437919637014,3.055576971354742,0.5620525215909029,2.2720346557390725
11,7,15.919735477903277,1.637647553396011,3.402534843771364,0.43189304368861015,2.033626047009314
11,8,19.567651027129692,2.276398787222501,3.9175614935200294,0.6138674336909871,2.523087412119311
11,9,21.231627351976,4.737590350912478,3.9927585960262464,0.686105532859588,2.76305058459982
11,10,26.498199537581222,5.398645157691421,3.6547228744633946,0.8176458736201626,3.0680110893502173
11,11,27.24217744171242,7.220856564951662,4.758766836909973,0.7953894928419531,3.128095187665282
11,12,36.97309808966579,18.865623506651865,4.646441637178819,0.574273181788298,2.436857995574581
11,13,20.403007725623645,5.20662378446244,4.68203027872249,0.8264501926576333,3.228593447339591
11,14,20.355309732623212,3.8747820889888764,4.208310386827088,0.8247361312998605,3.2122475383796933
11,15,20.867553972458822,6.92024763538695,3.421754199955309,0.9014626093873233,3.241833697785958
11,16,26.323485902065446,12.359026083247382,3.264425324204671,0.8704966064633388,3.067077720441481
11,17,29.183577501102132,14.006195361494203,3.306562768343479,0.9015442395713826,3.1395707583750894
11,18,17.44160828517836,6.606212116588777,2.591949014576314,0.702507377969404,2.4003256936779427
11,19,15.759975661072895,7.5473099908795875,2.2614874082045566,0.6547581349267397,2.3118319148119704
11,20,24.141627699173384,8.479180673127553,2.485308203287758,0.8031142416290171,2.678362266990952
11,21,34.19606294943513,15.350840677713663,2.310731899658881,0.5137359452607497,2.0870602945560996
11,22,46.2909887253349,29.261216698078222,2.5717754877875,0.642914313095087,2.426228662999283
11,23,33.97548704497491,20.623279463112596,1.8448081500898192,0.4218625867686958,1.8472026011100178
11,24,39.83115390214565,26.76596106257312,1.9454269320776432,0.5842977175039972,2.1620741860267194
11,25,19.478529380748775,11.046760851526882,1.4661791970870686,0.3548857743466771,1.7082626724456074
11,26,29.64775649076593,11.524520673376252,2.101168294710099,0.4484139240155107,1.9425790296012624
11,27,19.898315622349386,7.913034684968391,1.7969717644299983,0.46834925122225735,1.8465647798198932
11,28,35.57940631966237,16.337010961029076,2.4825731603221524,0.46104014737206533,2.040626307302414
11,29,22.65446967432243,9.915576887740887,1.6591695192642675,0.5185088886229741,2.002575630398957
11,30,23.061725666239745,5.573671625817955,2.7472764178779365,0.5418210126652281,2.2229620326815267
11,31,33.31143410862794,14.734875578399674,2.3852019955422,0.5945429911556088,2.246213848843393
12,0,25.966725709603395,13.021492767202197,4.586921547094247,1.0802359306975484,3.594402242548457
12,1,23.654519541007595,10.889964969662088,2.426264418626622,0.5118652071238072,2.1393526642663003
12,2,5.0357240009405775,0.39480975194900814,0.9328783062066144,0.14872858185320648,1.315997395900818
12,3,15.180919620920022,6.169895071386158,1.6343856657534248,0.2399103044151576,1.5140973024814637
12,4,11.892668330310057,2.9822582907169584,1.8061070013476705,0.32602529718071716,1.6817436767469003
12,5,14.43292552005315,3.1876244574019195,2.2681730314081765,0.48669712726465253,2.000645649882725
12,6,19.216842050988795,4.729061824022734,3.0216527721886086,0.540617329319371,2.247179405267071
12,7,24.162973341473112,8.320501768039602,3.4719723341884103,0.5267774383224397,2.2442275041915343
12,8,19.194125968507638,1.5447026004084212,3.8494134355901286,0.7057707754845604,2.695927475388049
12,9,23.82782618733509,5.178485805026237,4.233371002752787,0.9795299315485524,3.6046524754232223
12,10,23.38955834169957,3.1086656854991035,4.007543100362911,0.9907492918973801,3.6775948357177004
12,11,21.85441931447182,3.0556910027238344,4.797857038029322,0.9308743209726273,3.5031805785780508
12,12,30.10938236369239,11.737861890868816,4.951441699446802,0.6454234831270016,2.6422044913433913
12,13,25.15072206294446,6.922551051310326,4.99852661998484,0.7763936791720418,3.0852908269337953
12,14,30.402751488084505,9.511765132193693,4.818824181781919,0.8681834824201982,3.351533112517866
12,15,29.653171882332664,13.09700753889594,3.603607351891572,0.9067304406933321,3.2360860558119886
12,16,31.71477049288653,13.809689202950135,3.4930593642530914,0.9124134424284156,3.217108792393177
12,17,25.625856963199478,10.1026918207561,3.17688465098626,0.8899033169281552,3.016107126618988
12,18,19.191400962737184,7.016722568081737,2.6288367500555765,0.6808712057575654,2.3685426401870724
12,19,25.87768677889374,14.658318142160912,2.2092768652321073,0.7158887287785491,2.3505938243054763
12,20,25.272473371911275,9.626842339469032,2.5840793892599496,0.8766888741836985,2.8088138225386876
12,21,29.32062268568804,11.779915611814031,2.85553401718047,0.652729404873579,2.4692712080945225
12,22,37.32047216157169,20.74271367650445,2.8803179333936075,0.5919265030110434,2.3045294664296936
12,23,25.321345174959404,12.358179575125927,2.274404644977219,0.46640373464931084,1.9308388586293046
12,24,45.86236162126371,29.716548678853066,1.8966252764415565,0.4945882986521939,1.9533984317984252
12,25,17.6642856388619,9.91384267435648,1.4612531032116998,0.43758218814203587,1.8140999824274915
12,26,33.86818894821692,16.962845161436636,2.288030463520907,0.4762224004100255,2.007522158918904
12,27,23.704145126730285,6.2653323871476685,1.8907633431253554,0.4570156681798303,1.8775335265249948
12,28,41.16537922631714,18.900302277875188,2.487649534804009,0.5121120005525417,2.1038491264437322
12,29,21.904048896774363,9.529704296792977,1.6134271923962227,0.38997910805649605,1.7359622948007147
12,30,30.81311743427178,11.954075021105535,3.1656864816824157,0.610727499981242,2.412564435566697
12,31,42.020027400892175,16.920399351375277,2.2942775255249206,0.5507031445236672,2.173032556777301
13,0,17.40216496546514,7.154188571418317,4.900591620507006,0.956116554071972,3.4095479242579962
13,1,30.264397689263888,15.931723069440277,1.9811422686225706,0.42671190204697984,1.8833232297577238
13,2,8.129123186063085,2.371246532959444,1.0082076502731838,0.20145666828289732,1.415175319394481
13,3,18.21801656473459,8.080671931167121,1.2084637228355504,0.16067679823979897,1.3562222390616379
13,4,15.811159845017645,5.431603782137257,2.1291713922622857,0.3905928378130099,1.805598164309583
13,5,22.444118200333996,7.1926866900183,2.4962318428451753,0.6370860908742859,2.3154607090978803
13,6,17.653643371053846,4.21252348095761,3.021945858252795,0.6140889277104988,2.3359956378848254
13,7,18.624647974893247,4.345379348968482,3.552501506323149,0.5322581868781828,2.2887156762570275
13,8,18.933859588792817,4.082396416509038,3.891275722230932,0.8177312659735048,2.9463610733036467
13,9,16.398203561151846,2.103964839933885,4.227812392349946,0.7889410681667091,3.030138654156451
13,10,23.2831930118594,3.792251252161895,3.73304077838491,0.9564973049510739,3.4209869587795287
13,11,17.82376216042119,2.0962247056004584,4.604183906266579,0.7665858531364025,3.013559954873921
13,12,23.90438986781328,5.985913678671933,4.525877542544363,0.5593974922178866,2.340883826609915
13,13,13.623148256161409,1.1503309279507743,4.750181679886033,0.793611214373616,3.121674615917917
13,14,17.773508627801178,2.8840201856538914,4.555722803310794,0.909964247586541,3.4330642931645436
13,15,17.01558445223691,4.272648257428749,3.543014434797909,0.9504198208828605,3.3068156516720233
13,16,18.484661754093676,4.196656392224666,3.5877583633532915,0.9711234176995438,3.3516500035939036
13,17,20.736356063420992,5.6834169152724545,3.4047732529676797,0.8918392843771445,3.1202795040074105
13,18,18.34107223681846,6.351675233588244,3.023952869938706,0.6998299387936737,2.5132817856715297
13,19,9.796749981983323,2.3013790426608045,2.2678867929292887,0.7257836811862437,2.4015141488716774
13,20,21.142857030512733,8.908843159005176,2.4625606739458714,0.9187918107299069,2.9530095212820764
13,21,19.06929123467498,5.847292975174765,2.8589531136113013,0.8502429802952687,2.9187812043314363
13,22,12.934274737114126,1.8675570897307139,2.7397922711260954,0.7462442434375451,2.6361494883995156
13,23,17.987708830464967,7.726995782539664,1.9383065564004642,0.5494729929531279,2.039895388546799
13,24,23.738905177593445,8.920888093452128,1.8974806120744585,0.5158188922600351,2.0149468377420403
13,25,17.299360205445883,7.350169619284938,1.315429386949702,0.3641547404697074,1.6752079896964618
13,26,12.895604152180638,2.4018171245819926,2.1206964041279126,0.5234308384892565,2.080725460932468
13,27,11.44593890897181,0.5223459466318223,1.8098806019080191,0.4420673930282395,1.8379541958672532
13,28,24.877764490812197,6.628136529370266,2.2412143105979005,0.47698733221486034,1.9828609987701586
13,29,9.356038766168405,0.13693266438610058,1.5516962274632098,0.4344002348272691,1.7936488018670556
13,30,17.432604728854002,3.2580977437838654,2.9564788822254315,0.655405401122275,2.451738313472439
13,31,35.883966244170125,11.531482801182731,2.353648548986076,0.5545815260174329,2.1845501976022477
14,0,12.392804289162306,2.8773694488323063,5.0165222232334195,0.9549927149838151,3.374204410258811
14,1,26.638885542620702,13.220097324087465,2.057518426443628,0.5187147690620066,2.040570838245774
14,2,14.545571547917142,7.3542589668741645,1.4757275850345781,0.41002001564546564,1.7687065905063617
14,3,22.61894184570022,11.86380964430221,2.148881136708014,0.33980885519157944,1.7047762102250188
14,4,19.144136816624748,6.098424103145378,2.5261523946557576,0.5573868288970694,2.1371115086137626
14,5,30.09097825597432,12.139871260261385,2.807613103665097,0.7691624800800905,2.716137302441705
14,6,28.495375037219247,12.263031042226556,3.3808171047036857,0.8342270099378655,2.966274543957922
14,7,39.74378447820636,19.89489120740891,4.0811665260935825,0.7430570706256452,2.949942880787679
14,8,36.53368476441542,13.473312007251309,4.476538413430644,0.9071029063478342,3.4115122435619316
14,9,28.374755888261575,9.068706184450354,4.45845086483501,0.8926449664922611,3.3979781844815733
14,10,36.501184576849454,12.651550121839412,3.9871165631620737,1.1918661883926065,4.345759688647197
14,11,28.454955717428533,8.266680586185316,4.782756241686753,0.9720106463791556,3.6585143846987664
14,12,31.064890819492593,11.215270827275999,4.934667541623522,0.6960776383615812,2.785796747271896
14,13,30.128767412401594,10.586894156877321,4.963922066506122,0.883091544267705,3.4659892403548485
14,14,25.87284028584071,6.926617922723251,4.63161215043245,1.0411117183475467,3.9018403578264382
14,15,24.912574461382533,8.185300465167163,3.149687806986998,1.0235864286497303,3.467891768122832
14,16,28.617897848377716,11.465744932353346,3.105727847614274,1.0311432888206724,3.49488704596678
14,17,28.395188305443522,11.638273176303272,2.825217814296856,0.8272830862452389,2.8467427436190067
14,18,17.72725559332232,4.99990353078045,2.7981439207084127,0.6239811613227668,2.358373740359726
14,19,23.289814681156102,13.001718375051835,2.073852709391936,0.542138731616145,2.0947271870721735
14,20,21.55023006777366,7.485383100126392,2.548278147340028,0.7365979782384571,2.5516829469929845
14,21,34.89255447181399,16.667688383004933,2.1202384791837705,0.6021433855937288,2.214615946438723
14,22,34.533119536628675,17.590976079415668,2.617916763137516,0.6133699261937826,2.3591489683771067
14,23,27.439261070695004,12.638825940774518,1.6686017250099658,0.39646330705556987,1.780950873234715
14,24,32.454616883054385,15.703685036255141,1.7727505129150676,0.6170734544925551,2.180846801767878
14,25,15.685552443293883,6.255221437979535,1.2754174812965127,0.3448205710465799,1.6708722762785324
14,26,26.680575762270024,10.742833936097817,1.9391609948458721,0.5654547283615936,2.1286878657589843
14,27,16.34271456419102,4.646112619863365,1.9407723026333423,0.5104434421278174,1.9589263005735031
14,28,28.282640088685785,12.335152475150785,2.1896545186923784,0.48991081165765715,2.0897720646189626
14,29,17.207901165656043,5.687745243814092,1.7492919660649582,0.5333013207492607,2.04741383534367
14,30,23.34682225308603,6.774988351122673,2.727222183732356,0.6342266250908195,2.4171683246164144
14,31,34.19372495558349,14.423449545784402,2.482860149216381,0.6391407282723245,2.4082350071463026
15,0,22.479465232203967,10.095123001444827,4.639972943941614,1.077680807564687,3.5897875251867766
15,1,19.89382047822542,8.629544525234206,2.2154602222835074,0.4705042534767898,1.9773625670208264
15,2,11.407253586663654,4.6268223368653585,1.1735021890914195,0.30241838100175333,1.556929809208142
15,3,11.338826932833037,2.598799661617508,1.833785651187094,0.3022893197574119,1.6155076504712906
15,4,13.616596251499928,4.333681032296482,2.0928010776279793,0.5343763085056707,2.021768603088082
15,5,18.04151080592021,3.7041281591793727,2.3559585920313735,0.6442731848941818,2.349224297372005
15,6,25.424505170154788,8.98319124014861,3.2143067656902318,0.7796604559827607,2.8331278589923428
15,7,29.614195499694137,10.993873843217669,3.580790984994451,0.7076662319568214,2.732729032387294
15,8,28.41772754456031,7.203573720460218,3.6423694886404663,0.9369261609602635,3.2791448430713213
15,9,23.906595148913908,5.758142210944989,4.223926739824294,0.9845934173899975,3.6137321784639105
15,10,28.775479918633714,7.3393268376727265,3.5076948036435844,1.0272488743270252,3.642323224458787
15,11,24.618850405409518,5.393810106965338,4.782816743143506,0.8094519379720921,3.1127616582641595
15,12,31.099582939737186,10.212061819159512,4.525525564864253,0.6517468009391596,2.600127917475693
15,13,36.99200208329876,15.934395884953247,4.122264865026718,0.8635551978437421,3.1974558882236024
15,14,30.228986593836503,11.881845233904627,4.0650466064588695,0.9620689926711616,3.5674046469228067
15,15,39.41721595302994,19.702887205532097,3.3493982266328617,0.9981955317942175,3.5044831569074786
15,16,33.24620043259121,16.291808480805006,3.0919534227237246,0.9219196321594918,3.202864090579208
15,17,37.399115083114566,19.270927022603004,3.4549608331399497,0.7739988571608754,2.8385532573260597
15,18,23.879854464614194,11.183113984138663,2.6152728143287503,0.4964291174578883,2.090074224742405
15,19,26.362066179034034,13.898121258428874,1.9478911699675938,0.6272143578468758,2.1467313152660883
15,20,24.025473194968797,7.375950535736353,2.440438247631129,0.7262587266988101,2.5525689526792483
15,21,27.516989031065876,12.925479836413688,2.3296390343972746,0.6612813233690362,2.389765607832626
15,22,38.37311420754358,21.615486618468537,2.2280672082637816,0.5527975395603635,2.137097950720691
15,23,29.14600150099755,15.17493358399188,1.7128335665433685,0.3484807221186004,1.6837079469069525
15,24,47.811353683900904,29.918421862262555,1.336472161377642,0.47426678811890044,1.8332824603880618
15,25,17.341307881082784,7.767546296595993,1.008240898036468,0.2941796198833522,1.5238990184414647
15,26,37.41949805125944,17.344703206394378,1.7011670595983381,0.41649615072202995,1.812440802472167
15,27,26.172488647614188,9.587313363430951,1.5645339087560657,0.5178382226967504,1.9216532390317447
15,28,33.35545289346206,14.35275232671019,1.9096978987338584,0.42813803947707907,1.8652392372285445
15,29,21.93124997098962,8.910670495425247,1.3978614685261672,0.3980472817273324,1.7002525332155405
15,30,27.669210115646138,9.889507936424671,2.751225802784604,0.5862454483207173,2.2565446103474365
15,31,35.65626575219329,11.848213952005036,2.3132231456460115,0.5403435756480137,2.1741000035464566
16,0,25.114684784983556,11.7964980702415,4.953309474486368,0.873412028431515,3.1027127304341495
16,1,23.902111448860197,10.398185855637465,2.0162348300803448,0.5399194912953584,2.046628767775348
16,2,10.502897312345898,3.9663468114088554,1.3048047744185358,0.34252495540581607,1.6452149075392855
16,3,29.580409992164654,19.410717152136126,2.154126370999124,0.3307650807522191,1.662643643789872
16,4,25.43153980547185,12.267197031908944,1.6640671871415342,0.39912475883093346,1.7472447351842928
16,5,24.09233495679462,7.5364920285357755,2.009742544524242,0.4878353189059519,1.9660914105795069
16,6,49.24829729586394,28.64172371520911,2.2979556018563065,0.4256921361161887,1.9228574350221106
16,7,36.699000381648645,16.79881480617386,3.280435018720929,0.6147963744481384,2.401332953959385
16,8,29.315132679702323,10.154158643414076,4.3085326906543004,0.9654600321242652,3.613202123193603
16,9,26.608640903136802,9.072349529968985,4.15500604997785,0.7470441639269731,2.953492274205093
16,10,20.96866799628208,5.075739809874762,3.6883836548561404,1.1230373422253934,3.9338229084844434
16,11,23.275552481635,5.745007366414685,4.786947278923135,0.8203315238936177,3.1547216288188706
16,12,43.981300116287215,22.383683600255903,4.31313782162429,0.6432059350651658,2.539047702171852
16,13,32.533769086124316,12.297005741712422,4.984414543495625,0.8735246471668106,3.384874463477933
16,14,31.996505083711448,12.407826074992837,4.481108669884664,0.9627967117284069,3.5888982416951123
16,15,38.64592892462395,18.664784155555523,3.171482693094821,1.1395485647175114,3.771609034966222
16,16,47.107905406410104,29.898344104571585,3.356367470916169,1.1113041526164578,3.774844533239728
16,17,41.06036847284082,22.287254661803576,3.435200698983695,0.9410521222373083,3.3404057477580786
16,18,28.73019635095283,15.088703766665601,3.059396834331385,0.7209184334771805,2.6222289440842457
16,19,26.0482884014459,14.531970761499352,2.1451789519039757,0.5957457768480441,2.193374910906011
16,20,24.493358085983104,8.039156619965938,2.4702079440913813,0.8740137629188336,2.850531267626582
16,21,30.1275250322603,13.67214841469728,2.419116013082057,0.6919484361456902,2.485887816045895
16,22,33.86915720948112,16.90217103711852,2.636669316587641,0.6785134389039129,2.516908222085701
16,23,31.99214020507569,18.308505304605273,1.8398879737023415,0.4724262210828978,1.909743329305659
16,24,51.741142567230575,32.85510593772801,1.6803540123120753,0.7174252865192949,2.3237355439276155
16,25,19.936577304284384,10.251158529081348,1.3202076224969455,0.41308746276917097,1.7776479600075525
16,26,39.89266003530233,19.708772059233905,2.036680478307373,0.5698871915887365,2.161197092162469
16,27,28.500072266412666,11.647572482960186,1.759557851186337,0.5710831693008571,2.0386827310365794
16,28,41.59946288106961,20.74015275614424,2.2300410858247113,0.6030140930627952,2.2726773495506674
16,29,17.246829587711755,4.285715638294137,1.6156991326449734,0.579382162688856,2.0609664734787017
16,30,38.22034650460054,19.162967108673755,2.789084968410914,0.7931655618917999,2.76858684727202
16,31,38.47795081811654,12.832829725539376,2.3683696559519953,0.7172180677247417,2.543801827310883
17,0,12.029068107401134,2.972838253884232,4.863243143023008,0.9893429965965135,3.4427050142709934
17,1,18.61258850170495,8.494863389019804,1.95736756748861,0.497232115225021,2.008388426347433
17,2,10.7857683920376,4.242748731094196,1.060510645574876,0.33584212825036985,1.6122733151473765
17,3,13.962813498666083,4.6328929560773755,1.7502565923824163,0.2722073712085731,1.5631664473415483
17,4,18.894502858360216,7.70669992798176,2.060161181897016,0.47001045330789326,1.951836596134846
17,5,46.16658375031362,26.541724161817434,3.271036991490694,0.8418014781058836,2.905802076901008
17,6,53.82256449909639,32.41930742463332,3.047101508647029,0.6942722898430569,2.6193995115119146
17,7,54.88734133327691,32.99572381537347,4.076034690041555,0.7949478069916891,2.9747688102379493
17,8,25.52284701165945,6.652076145518201,4.164591107586785,1.1011184260255025,3.9237223559654932
17,9,25.2705097607843,7.311714702481373,4.35811442082299,0.7800973323214064,3.055463582129293
17,10,28.359139833989676,6.886744868050334,3.6795541962958334,0.9471467808161611,3.4241449226456058
17,11,29.13058004551585,10.910893420612519,5.13578420733289,0.6678773687510517,2.788184374150358
17,12,24.554343783084686,7.467419302286126,4.591990926142273,0.5368262511420969,2.3104265584502257
17,13,51.80631383767438,28.478807495799053,5.273286166851372,0.8411357076638097,3.3910364259688652
17,14,54.67549989112205,33.036540991503074,4.651392609441273,1.0851715580231396,4.063156520146654
17,15,31.23086005488253,14.792053672105395,3.421930047499351,0.9480197532389605,3.373540869426372
17,16,33.43554749316891,16.850270644193646,3.575760933447607,0.8781746121655001,3.225233559643739
17,17,35.91084437577989,17.106989339134657,3.7819538457448827,1.1274111880010267,4.039818004864658
17,18,35.03759155543141,20.128108387653597,3.346518441715073,0.8851505717902661,3.0429023922538816
17,19,24.867278189553257,12.920164732523897,2.316586791977131,0.5954898418384502,2.1835127792581006
17,20,28.056610368939992,12.36682276266775,2.6747504671288063,0.6892017095490681,2.5251231382233055
17,21,33.202650398810505,13.926080445805288,2.3483619705655627,0.5866603583125709,2.3190789896867012
17,22,30.746987419039563,12.235538794178707,2.708840106018211,0.8852038553701758,3.0239135052641233
17,23,19.629942164083374,6.6912339262387395,2.056938581597637,0.5988028243062189,2.1868174290133893
17,24,20.730100855119424,8.996367887798806,2.0443572200039664,0.6650054300426143,2.3330369583755983
17,25,16.867650984076406,6.8694211966055105,1.589451596094095,0.46125305895284496,1.911325771357908
17,26,23.87611536597392,6.235956809943574,2.3729985158904494,0.6816351844355939,2.40916404355984
17,27,22.51619539498182,11.644259265416252,1.965094695911016,0.5368106062278977,2.004665298147221
17,28,26.84969233661657,9.075637280356712,2.6117713789203565,0.6805107106317125,2.551869355957414
17,29,15.919146874993558,4.542317143217014,1.852992998663831,0.7440151477646195,2.456054949847946
17,30,21.059399855538217,6.543772678186821,2.9596065201174766,0.7622106455371505,2.762280986807803
17,31,24.90793837858636,7.097788858646963,2.182485631812547,0.7051187835482962,2.465296294635002
18,0,35.09026981387234,21.874363284410244,5.184790850125566,1.080826887641038,4.033795448409365
18,1,53.1976918994521,38.768991307825175,2.7552302401633924,0.6480985632402545,2.4221722133026864
18,2,21.805893198612743,14.35940041690703,1.378644998612295,0.264678140463656,1.5404749919596972
18,3,55.429816450304976,43.56225689673058,2.283255517802874,0.48416508526623314,2.0194168641797647
18,4,56.560486080442786,41.79956571796508,2.5973078927244613,0.4914812340130368,2.1152093620064525
18,5,41.43978879415084,23.07139977614574,3.0301530418031106,0.7192122568247887,2.6395740394329312
18,6,59.29577857877595,37.90921314544615,3.5585509166956197,0.6536960698826957,2.6098921400945647
18,7,50.15627378858876,26.808517036612464,3.8275939939433807,0.6491769810834875,2.6080116222987706
18,8,41.78165629970305,17.838409813335964,4.46169219184036,0.7622443464920376,3.0469906873561525
18,9,42.66805362781932,22.171992714681622,3.95965454971926,0.7826255474986867,3.0816133959463077
18,10,49.91626483937002,26.694800264213637,3.8978399174262455,0.8770724118970259,3.361129439435501
18,11,34.73742450974912,15.836518865063985,4.633241646340138,0.6929875127306389,2.839126719073194
18,12,41.8560374643561,21.723802518976324,4.692718747430518,0.5949168254777231,2.4976658833121563
18,13,30.121347728543736,9.133786123551854,5.100667520437279,0.7631807876076024,3.1438408047373834
18,14,39.171914491672645,17.628599041241365,4.947576600365849,0.8116049664969847,3.3568898623802044
18,15,47.463669597368934,28.678662600750165,3.5303900889496647,0.8311098852867844,3.0989586904463677
18,16,49.91098537397515,31.341838227258876,3.90713912670361,0.797133722178943,3.0592459000121646
18,17,59.945962729357035,40.04426256566777,3.4216035851729316,0.7133663314394765,2.7183689075677284
18,18,65.6680460807635,50.24742924216714,2.531017724447796,0.5213639327995607,2.09730319753474
18,19,42.13390667875709,28.370456908966215,2.303815752903083,0.3725059491803804,1.829127208328822
18,20,55.42670296194187,35.560390878067125,2.490462185484202,0.4787844133868724,2.0164980973378452
18,21,50.13236081553792,29.303383964257353,2.6082518539842643,0.4904967913770979,2.1118395411900983
18,22,59.62683586343872,39.168457982596934,2.495762477280619,0.509644886230904,2.022977308548769
18,23,51.53191694692471,35.987721045243944,2.022650065063467,0.36224541252267617,1.750032007234302
18,24,39.24108226322505,22.48077024055061,2.0299804356438034,0.5552923541935408,2.0694783834052877
18,25,27.160969447237093,16.49776371934863,1.9305551738008337,0.44161591746134166,1.9254623881061659
18,26,42.53833487949488,21.4651538442687,2.286961622608136,0.6082628804204018,2.257482072140566
18,27,30.890853540716563,16.60605954424115,2.4188531427938766,0.530419549433252,2.0820977147981807
18,28,51.54078903036675,29.292866220228426,2.5847406511757094,0.5467412200381832,2.219287073598289
18,29,31.28941665518176,16.158333331564172,2.324233445147766,0.6015489076597751,2.238810310946878
18,30,51.31158072605065,30.525862030319736,3.5107981424159402,0.6532490144176086,2.552865223577131
18,31,55.74415329802266,34.228086531078674,2.405140014622264,0.606502221035623,2.3196146251036525
19,0,44.39895077048258,30.103762811388826,4.388228223039733,0.9931680638505656,3.3062665113282295
19,1,39.4385863611445,25.357500209061236,2.1880546218901165,0.4801098023960648,1.9810960933007398
19,2,17.768641083044905,11.09986583543461,1.0212009262172943,0.1743680844024622,1.3586621452776202
19,3,47.615913672556104,36.29599956610869,1.4968637570783865,0.2580860244905159,1.4972752331308192
19,4,44.059607722132746,28.951980328431024,2.689252487519616,0.4774081452840986,2.0126699158918915
19,5,36.49680942051753,19.263726146352496,2.7794103617139436,0.6472054949825194,2.405286084513224
19,6,56.216961146143156,32.03472150892597,2.68780192478989,0.40900411495006184,1.9459481985936369
19,7,43.490747554032936,22.2784573699086,3.74162766462444,0.5772923638434557,2.39066006682078
19,8,43.34898628299817,20.818833319455912,3.9783127665551223,0.7545918348230014,2.782369425965984
19,9,31.891861374890226,13.455806626239148,4.197918391866873,0.6992170116002807,2.790486535110305
19,10,44.70265062240119,22.01064374466867,3.4834359498752527,0.7606955315186652,2.86897555407402
19,11,33.857395297067626,14.217207220003338,4.460168502846869,0.7265296415260378,2.8478812860827087
19,12,43.43280935743451,22.927530253575654,4.231073410854676,0.5084413627082025,2.16302869422039
19,13,40.023021388142695,19.488613775256795,4.800268783662078,0.6941503063416761,2.8746318122961263
19,14,34.19424515250526,14.946300808856568,4.302541301152767,0.878667225756872,3.4102242884133442
19,15,24.212118520457295,9.716095675721082,3.2053299037650165,0.761765350018722,2.8142160361183413
19,16,30.61799138677089,11.992584997694284,3.3492039145162,0.7869816687070008,2.869488224579894
19,17,33.83797029316992,14.223347490846999,2.7942082347279396,0.7296977790743568,2.611646454180431
19,18,30.550074496396352,16.343518195593624,1.4642887326502496,0.28214281424979504,1.5405971825796418
19,19,24.095717474875833,11.998019558085849,1.6317864840389493,0.253868572613388,1.5553630123287476
19,20,24.572991384857797,9.995891124417792,1.6072137829634063,0.3151245937062599,1.6215496161253742
19,21,31.07317588264756,14.047105078163213,1.702428436690571,0.34651806200875246,1.7225404862113831
19,22,19.140962855536422,4.610423973273066,1.7742214244291166,0.435133082938266,1.7806535733481605
19,23,18.79239213216478,8.254756994090638,1.6501185366194706,0.32131453303561885,1.6317116461213497
19,24,27.934729993366005,12.287402594004174,1.492344181225199,0.5327966011921386,1.9447632264138237
19,25,27.30090956328712,17.469003380123304,1.591003455062888,0.3378093072004651,1.7175889686799803
19,26,21.273478525315763,6.10772740070227,2.255468808177402,0.40147787933717716,1.8556653800499998
19,27,21.846330466449125,8.549592033097623,1.7839525801098348,0.3528703816259757,1.7086523885024076
19,28,33.18451550402895,15.725681624624325,2.1115732952081814,0.4685510778852717,1.9957174813598217
19,29,24.36870453974371,10.8225203647853,2.3916917246568117,0.560808243416933,2.2445010608582887
19,30,34.56766977619414,19.833967650340263,3.656961480983706,0.7526321306310289,2.8409012703366097
19,31,51.628309109427754,28.91574391009675,2.388826517000738,0.6287337638361059,2.3668203375964216
20,0,47.571260863868986,33.76389360443022,5.183526430987579,1.2549742225513043,4.599398446823352
20,1,13.242417199486798,3.157139903475456,2.1691164828289056,0.4148879700861263,1.8495499226090382
20,2,11.71903625260758,5.294913274341698,1.2199299819277365,0.19095610503308236,1.3824501505206088
20,3,20.043721255281795,9.041850375505545,1.7392620992979388,0.2930292797691525,1.5912356499649372
20,4,27.142755415298023,13.786103093755507,2.5019782549187295,0.37717031293364744,1.8463716656150517
20,5,23.485259079983834,7.151161282998839,2.92584425790527,0.6317443801804785,2.4034605642704006
20,6,33.108331934065376,10.47795003830425,3.164372247297682,0.5382415068861008,2.249469634757383
20,7,24.816413972644135,5.916591310244524,3.934980194155951,0.6971872340904954,2.698268129432086
20,8,25.56254798475492,4.499625281112216,4.419477090994858,0.7572206833281525,2.928350165025734
20,9,28.69938592488343,11.158745980655624,3.9339121178399825,0.8069933569331855,3.055209509940076
20,10,28.733560796937674,7.836749743943507,3.652172362083071,0.811792241149067,3.0354656053684335
20,11,25.215154105821366,6.508266385441606,4.7214576960174774,0.8304482856085311,3.1678302770766553
20,12,25.840634819511283,7.509565218807214,4.700411617843118,0.5988187616792366,2.4991066461752824
20,13,40.29632269630005,18.238398138170226,4.961050251954342,0.8391630090743734,3.363921086800377
20,14,31.60619264213887,9.120946543541997,4.551647193938427,0.9514649063781988,3.6609422784309764
20,15,29.386297770617855,11.209733246883047,3.4743054172682717,0.9335874306532981,3.302278355836118
20,16,38.53231166435506,19.59887995935451,3.62175208262261,0.8947067735562264,3.2210662961117627
20,17,46.03622056547411,22.91469810691459,3.6892301242335694,0.7886622901050941,2.950220597944967
20,18,49.17149200399602,32.08861133808787,3.0699945490186473,0.6035238934988865,2.345443093256138
20,19,30.76553484950655,18.489387425010687,2.547946811800316,0.5810631513386428,2.196204176918334
20,20,27.40535359800443,10.173235286672977,2.61646674189389,0.5588064652072515,2.194381747195551
20,21,48.66179891974009,26.879775227597147,2.8494016060194793,0.6398484861760476,2.422762327762758
20,22,37.90412118537367,17.396630061114376,2.768450557750942,0.7488185417251869,2.5546013809374823
20,23,33.04904954169922,19.140375332352484,2.002762483376041,0.3167572146703703,1.6607408335678782
20,24,34.941859463234564,21.238819740874092,1.8946549053102966,0.516498068631746,1.9860804229044857
20,25,32.097576664613996,21.74806126452089,1.546265245701653,0.3838078708647208,1.7675870659328308
20,26,41.68854875767086,20.910445257124792,2.46541347437301,0.7627471556719767,2.599407648780136
20,27,44.970230763021945,26.924612421894082,2.448367228930259,0.7400579921279595,2.495457975876546
20,28,49.27744308245154,27.85522289757425,2.513990736847912,0.6429780612997993,2.3816024001788203
20,29,32.68426061451956,16.831264615698387,1.8492535562774575,0.6075051626087187,2.133520746027273
20,30,53.09795477171417,35.71340478467785,3.1820131007047427,0.8844015089990576,3.042674077954676
20,31,60.646401277404316,36.221302650093506,2.057907722620546,0.7135484451060683,2.482984572162175
21,0,30.931589654221774,17.820349181775192,4.812172728535174,1.0277359774712131,3.744511171043166
21,1,20.58593254638935,9.450851909469266,2.2733901871658233,0.4863698474343181,2.0002161181083706
21,2,8.739917766355056,3.3565825853198117,1.0061936082772804,0.14620896701819075,1.304810843734893
21,3,20.18714312992818,8.76419760158969,1.5372446954983183,0.269530713185417,1.5168572992073472
21,4,22.03687617761029,8.63971624140331,2.245806902073876,0.24156863415356788,1.5783023043278273
21,5,31.430509032059124,12.739497181466922,2.255435727684363,0.4028078677657385,1.8230956271804801
21,6,28.283278034852433,8.55805527945939,2.7035413505791173,0.3296747236967823,1.7432202425137822
21,7,28.54004958103105,8.219974824138898,3.454286781674689,0.522034973832346,2.1743042864679336
21,8,30.723399558846193,8.478818568128434,3.770515455491139,0.5193324605237293,2.254723719357241
21,9,22.423353754718867,6.082848349474724,4.175205116455688,0.5966529786240979,2.4743818898100747
21,10,21.106661117747066,3.1810170090594863,3.624193660961461,0.6131327848655439,2.4866463471305282
21,11,19.289735915602904,2.7077792367882805,4.513972536749009,0.6718563495976682,2.6403273736700603
21,12,18.118948240370347,1.533225651484523,4.408081620790922,0.4879680075970807,2.151258519843464
21,13,21.033961672082114,2.309238695287765,5.137782929063507,0.6814703829108435,2.860624985312834
21,14,15.440223591364422,2.1992998418679734,4.680198575221246,0.9201923498258262,3.5376428346760482
21,15,15.02537563765795,1.0648015104169268,3.718505896606625,0.8411572860182046,3.1018788563054622
21,16,15.381460498440564,3.200060838483249,3.6277516875687623,0.7534581076970501,2.8021930324116107
21,17,14.875355779031922,1.7878676900876442,3.780256893647704,0.787705675697361,2.9034531734883346
21,18,14.55159311862034,3.7408202559359016,3.1069280853036387,0.5741123307342111,2.276046858463489
21,19,10.350620348509494,1.0874611575383317,2.357798313552937,0.6278936273110571,2.2398383718296526
21,20,10.727816235633082,0.2883946111827502,2.53044615346638,0.5751442851985664,2.222827835552234
21,21,14.678825216887656,3.6531015918248273,2.6780952229222095,0.5903914212169243,2.2702963786800314
21,22,13.91478112727618,2.390915109666772,2.8134908457814714,0.7008367237658693,2.4626945404557636
21,23,11.00997809593943,1.2587282011901169,1.8696566340445555,0.262678270162211,1.5430446304088243
21,24,13.544200255213836,2.143191549571716,1.7605548137005511,0.4362176754428908,1.8051617303848901
21,25,12.595198574675589,5.019492703337967,1.2952172414803895,0.29435963855429037,1.5786376504967934
21,26,21.091700864031065,7.417966723239665,2.140896598491425,0.5933444408085817,2.1893852432376852
21,27,21.244191859711336,8.045690315588498,2.292458817742685,0.5104519378819878,2.0530931663438503
21,28,19.997025614830243,5.682351820637753,2.111438573421413,0.5664538581006342,2.1411491471457387
21,29,16.09963659232534,6.8124878109463705,1.5290342468198104,0.4796699111961764,1.8355509360359676
21,30,26.442130452785765,11.164952491027888,3.150941122238739,0.7661332774870928,2.748183416604455
21,31,26.934602865211247,7.779229249411386,2.208161214332627,0.6952511595866788,2.4391539486988854
22,0,31.55308859980444,17.50612428517227,5.021189416157661,0.8754268718277824,3.0606507769831004
22,1,35.96100945124583,19.722778192224048,1.8747935991081497,0.5143505198546476,1.9725793900065325
22,2,15.236050721533491,8.26076031017966,1.173266883171842,0.33027779170776905,1.5719524542416563
22,3,31.18781836049674,19.417345383100276,1.66530760820392,0.2902848108639233,1.5518661912663576
22,4,42.561282354854356,26.788291398423194,1.481037109956843,0.40293079416929234,1.7146030010751034
22,5,35.25336588532224,16.395138244845953,2.3926557554249186,0.5192600576848765,2.0694193377444914
22,6,42.01351359341552,18.735403389772664,2.104853367951958,0.38092426651448896,1.808116368919271
22,7,59.591262092950224,33.565668497906934,2.8439914915318507,0.5159525624009182,2.1131437283508574
22,8,42.3147997611335,16.46224212333933,3.6949909988479495,0.9433181965083439,3.299396379369007
22,9,42.44788502928269,20.392671803125044,3.9602865675401278,0.8420535392711379,3.1888988060206365
22,10,46.409542222974736,21.412690391835064,3.498893134085927,1.0357178942742271,3.7671760170355255
22,11,45.43802592719607,23.943345763640988,4.605496211656825,0.9698634547257869,3.621769355132535
22,12,37.755153155375666,14.866526561004386,4.318931398341874,0.5891179110558102,2.4087934779583344
22,13,53.09637053503048,28.987318594182895,4.465055122500985,1.0180717901405822,3.8190613319858113
22,14,44.78345930974066,20.6818075115629,3.828753172594316,1.071154646065438,3.862149358348233
22,15,35.981105045733116,18.29379136445933,3.451638727228386,0.9127151084485954,3.2820476378390504
22,16,38.084229820168886,19.70090381576373,3.380857892945884,0.8877272389142545,3.148845495648028
22,17,27.52379069210634,10.629974392700955,3.3583878192583834,0.7067831811932459,2.6221491420487775
22,18,20.50081806971944,6.273539307803291,2.5795139027058203,0.47479933584458456,2.013574169948844
22,19,15.787542484241321,5.0855514387566565,2.06300621542661,0.4948945570412673,1.9580057084581346
22,20,16.942983532132917,3.001976437701152,2.374308719298938,0.5576473560597108,2.143765273022072
22,21,32.17971524143735,10.529504575853323,2.0708201705616425,0.42235300254950126,1.8813623291825803
22,22,23.607203301259,10.252905169865675,2.147273442650278,0.38889224837458913,1.8017636943574151
22,23,16.305952698087953,5.887018013105088,1.3465991680661111,0.18907772100666875,1.3893021603506976
22,24,16.845121898448603,3.7645385204681423,1.3859318675521601,0.4117680071816052,1.720619266392417
22,25,23.51278717113796,12.991048051848562,1.154891419783381,0.23463831483945663,1.4678163327774394
22,26,28.50358585837087,11.515822316814168,1.80642217661906,0.3687465535978973,1.7379094526084717
22,27,25.15310364189977,7.938383147044525,1.8459382228945136,0.4459888541098318,1.8262410008951007
22,28,25.42556533203887,8.669225714105059,2.0594978539322777,0.3086689405191554,1.6507884614000707
22,29,19.334586728249107,6.822546076459365,1.5656363641254296,0.3646471531540889,1.692247569305484
22,30,35.72407181363455,15.780719560990924,3.0738266000719556,0.5511735861588609,2.2743719529690405
22,31,39.96095348358921,17.984520654660926,2.0425469533348135,0.473218998916189,1.968949811778685
23,0,16.386742531236766,5.775616674207832,4.971684002517845,0.8813411019474682,3.1083728686681633
23,1,31.003082433929197,18.707047201752946,1.398791707923035,0.32968197238348584,1.62551061491157
23,2,10.02493943093059,4.8790540895163,1.0663589658583208,0.3356525252588456,1.582437877072902
23,3,11.074488313088546,2.5983949652870275,1.5841446514441202,0.2929546787996231,1.5374142749243402
23,4,10.90666263265723,1.7182959941863918,1.4069813073658537,0.29061378938963456,1.5623110476386761
23,5,20.98851494972861,5.999055870526312,2.804603375918855,0.7041501360712057,2.507384812358077
23,6,15.19079656954834,2.5021710628436207,1.8899628763572813,0.32422188042024014,1.701028980733915
23,7,20.884245378843083,5.102918700493918,2.501158716620262,0.5483524739654793,2.1152298087568986
23,8,26.243675545364376,4.693004348929113,3.6326061729296075,0.8185213721287825,3.0399083541214837
23,9,16.56491233128953,2.310171334051967,3.919316259525525,0.7426017715655195,2.9269280415935586
23,10,29.295115253257364,8.152738857919246,3.300416619712177,0.834160576575476,3.1282172676576465
23,11,19.02209405670192,2.5773501334657025,4.423880743134324,0.8271878038641365,3.1815278393807813
23,12,34.486463084706415,11.998440847790487,3.674581301346087,0.5855799601455822,2.3123200064800886
23,13,23.52581688259402,4.109286054980031,4.696144980880572,0.9810155036134312,3.7051503953882663
23,14,29.00693737135347,9.61592966382129,4.435366238415186,1.1501163964432815,4.321672146030241
23,15,30.5254511038883,12.034613617652354,3.4643571887080498,1.0633741022317302,3.8326032586831573
23,16,50.97171780279032,31.07063169792123,3.3621176628080907,1.0679172010737954,3.7777302281304252
23,17,45.89894392893616,25.350617567782272,4.016138766407975,0.9543109703176658,3.540178513499984
23,18,32.74823408621272,17.05033728824307,2.9875255571072055,0.6571768834206817,2.452598180036679
23,19,28.698743753756382,14.832462506866403,2.5029798235302634,0.54823344761469,2.1624864788175095
23,20,23.99858353591629,10.919928367494034,2.9952100729164908,0.6225588527759998,2.4009128953504617
23,21,36.50192073043757,20.704872965691642,2.4708661097254714,0.7047860065724754,2.49047575210365
23,22,27.03953986213982,10.834696836109986,2.220652364655162,0.509829097504201,2.0708600247902575
23,23,16.002117870789835,5.950790516813852,1.6847091358190798,0.26745840593157344,1.5450672328204555
23,24,32.02936244527238,17.88694985561804,1.9103373655209808,0.5523353635862875,2.069901550766603
23,25,16.361321587217965,6.805267763407147,1.492262181525108,0.4076556164712022,1.7783870729409679
23,26,18.808030849052145,7.382651491784301,2.2214374815724236,0.48655889087532334,2.0218402896007532
23,27,22.501624030069582,10.169363964028195,2.1643973098813705,0.608671525443456,2.1755727219338246
23,28,17.48167133688093,2.614882509094451,1.8614255488825233,0.37056645308718106,1.7503575069300121
23,29,19.68527724046239,7.408924785743017,2.0206603708291406,0.6129288595592022,2.1687744481650384
23,30,23.03889463033299,7.225823204615377,3.2894298276901663,0.7342825617712689,2.752891878674498
23,31,23.896735351572566,6.4120311489486514,2.2151653200777504,0.5765386107149992,2.1789955127295078
24,0,33.0973412541223,20.11391121136337,4.85485241460926,1.0694255269420587,3.8835175417989536
24,1,67.82714156926163,51.292621654520204,2.3405401216653843,0.6084693297932149,2.289598923560852
24,2,28.50779126356691,20.980938920666944,1.7068414411822186,0.4069651361464608,1.7756978313076732
24,3,44.25552072589892,30.6327126751229,1.6262495015988798,0.33914005721363005,1.6574957584295242
24,4,49.367599320894,32.766656366724874,2.315990124635642,0.43682117244307817,1.9334800200986553
24,5,43.90136034896204,22.964056088987878,3.1408893247467713,0.8001943829415037,2.804089550057943
24,6,78.28078903440118,54.26498017322998,3.3871135373964014,0.7353389818997256,2.7306512451120755
24,7,73.50777253122305,50.25016868594468,3.8906148939795755,0.7458580089389666,2.8377209318078904
24,8,39.81537373817412,17.29125577029912,4.513401053491967,0.884350832917896,3.2610344318621682
24,9,53.22660969061041,32.22764214633412,4.451125174306158,0.9623282202942001,3.5910539104597117
24,10,42.4568823353762,20.262223540235162,3.8744992214346716,1.054286819443246,3.922150757726399
24,11,35.957191531522085,16.099070544090434,4.637999115325943,1.0002954578092824,3.711502210334854
24,12,58.61043782758158,34.35286659937601,4.597013163077129,0.569655390181909,2.436678811963321
24,13,37.40860201648857,15.669559140298524,5.085719596228277,0.9211012165858588,3.633345183036098
24,14,39.8220591294408,18.697514511914108,4.5947611063665565,0.9166148262352074,3.636368222312205
24,15,39.58948557978077,21.15598823593423,3.6288396136014183,1.061496197454122,3.6962652762527926
24,16,48.36566777961043,26.889661475411124,3.9897042627325265,0.930391279156368,3.3639459061621864
24,17,37.71142243031697,18.084792725455962,3.8592177757049937,1.1525446616852024,4.044012984124898
24,18,29.492377043874647,12.472990647270393,3.3765466731811045,0.7859348031539644,2.798348940952537
24,19,30.81473402704308,16.672261053881158,2.572664732044807,0.7770467743243779,2.5625040180393066
24,20,31.634145913366805,14.73760735171413,3.159483715935824,0.7891736319799039,2.808396047625262
24,21,54.13963215899026,31.764828349044894,2.6956663586117546,0.6824008064713314,2.541803002823776
24,22,36.686340619070265,16.780847879491553,3.2343334918928566,0.7839528652109484,2.849107434023686
24,23,23.73284807690084,8.176694580544808,2.220248071663791,0.34738007574368,1.7377139538243485
24,24,28.16826908766832,14.580811839920246,2.253736971455937,0.5619152460967638,2.1679151435696835
24,25,30.57546053732932,19.802685265402033,1.7798015691341127,0.39416409148042186,1.8161021784911162
24,26,41.50311356824036,23.321759394321525,2.76863167572212,0.5754513912377686,2.310905991809841
24,27,33.36109734504478,14.345614888245535,2.58407791604733,0.529736337365021,2.127701048881555
24,28,42.03568648273274,22.66826990901793,2.6315573073717067,0.5391865828295566,2.171963302885274
24,29,27.15499897797334,14.840036965125407,1.9842800002881291,0.5276796452091563,2.0430885252825974
24,30,35.18848065697001,15.80640581386368,3.4868688589048418,0.6809584568335119,2.6365559158296064
24,31,35.24344401868123,12.553035474359513,2.2613746295572885,0.5328596595211823,2.146762104983765
25,0,30.577835979602376,18.134992306201404,4.936297369137144,0.9773089465235909,3.48276276788989
25,1,22.387748434843644,11.707132798962586,2.392304545526783,0.512059422343893,2.079971445068135
25,2,15.54192459194065,8.57693366504063,1.317199676441756,0.2679660637131982,1.5072055435731209
25,3,16.908739312931267,5.752314581907491,1.6078582323201507,0.2445869744285527,1.5022565774028531
25,4,30.633756117421584,15.165577919501708,2.076658804246314,0.31472095685015766,1.6898250198862452
25,5,37.28670722950946,17.917302292285235,2.926329170101805,0.5485521881684519,2.2267229465572416
25,6,46.4912093725868,19.332212552721767,2.703240556993506,0.46126844668154954,2.0195545939773827
25,7,39.87527297094241,15.400743814975751,3.3464339738935776,0.5121198886670055,2.193906764826725
25,8,35.05669186017848,14.297190196810224,4.1956439581629805,0.7941191425947673,2.994625175236322
25,9,36.77485223854142,16.050069873021116,3.7726066383350423,0.7545780727132438,2.8784905114150594
25,10,29.96390932824523,9.622309354528063,3.845293383195301,0.806729010654383,3.056299703686067
25,11,27.8553411877228,9.257204375518132,4.405500536785089,0.8646731489201889,3.2015043256447973
25,12,24.904842253735186,4.951793302811063,4.304901449596834,0.534503279830095,2.273457310339407
25,13,26.63292909171778,6.847267504168171,5.150053638631044,0.8972587669245984,3.5181354173684527
25,14,30.140380915470004,11.305804505281206,4.647340536758263,0.9236493233635725,3.5849463356509315
25,15,21.970959603338763,6.047728908913073,3.5887954945182665,0.8523308304571264,3.1551830741072266
25,16,35.84922624405522,13.87811648467466,3.309065421380132,0.8896121695646366,3.094130311279821
25,17,29.99532694198735,11.360179267402607,3.6199340487426372,0.9837096400280245,3.3860286731520888
25,18,26.756588265720787,10.289558288521123,3.348468769918437,0.6785150558896991,2.5292129796008913
25,19,23.89837024939324,10.504193503144208,2.3185454816102284,0.680053325536953,2.3251234966671244
25,20,25.22303641262135,9.543606909522683,2.9578354855179034,0.69762813194248,2.599246069217638
25,21,35.2695604424994,15.42360298194591,2.714420385109479,0.752310219677701,2.709718393737635
25,22,34.673537438776926,12.462335133714369,2.6361349023763685,0.6877014116607967,2.4371525974343236
25,23,23.099260337602175,7.647713161462539,2.0552189453721637,0.4196257333783855,1.8275124372145646
25,24,29.00320890599813,10.819684643466015,1.797450337223832,0.5358678342149239,1.9762525028032
25,25,28.241516211234163,16.6279646323473,1.5146821508489803,0.46193949364624554,1.8801540223271926
25,26,33.532964780910305,15.910652543635791,2.0282643759071486,0.4169320014355846,1.8604557172682885
25,27,32.570892197889215,14.174203358353413,2.1905260548661936,0.5446794628026064,2.0684209971377947
25,28,42.57526493214321,19.181528172133746,2.2820180227895506,0.4623327751051014,1.961659145497286
25,29,24.713398849124104,10.027899232527151,1.6201818780058015,0.43199537680834466,1.793988700334857
25,30,26.401419399506764,9.039605695936242,3.086870232571068,0.6600190041160503,2.490057698953825
25,31,43.70090294610229,24.93562704636551,2.1737980527943312,0.4670113593580645,1.9840441393305177
26,0,22.279873745970296,8.486321577935495,5.152745388860234,0.8411960452506282,3.068356974618553
26,1,36.501184398219834,21.769433743868944,1.9270418430471492,0.4651305353822741,1.9101981643441241
26,2,18.950713005997727,11.543996957987599,1.0953721003058243,0.28792302976385686,1.5444915904551837
26,3,33.90979943583086,19.15719208064017,1.3756765738784238,0.2315427574666047,1.4253148748632718
26,4,39.75672451147258,21.855261894700188,1.4192258424433324,0.3543184419243022,1.6517638426037409
26,5,41.31362480556242,20.258388168918692,2.000895670199804,0.453816959792106,1.9392598239252423
26,6,54.766480556160616,30.472740745071555,1.62409244317801,0.25819963412013935,1.5599327385169255
26,7,51.48721018873081,25.391098892403875,2.3491700689804746,0.43028965430848976,1.8820556636161403
26,8,32.13885698724295,10.670111091867941,3.2879891731735835,0.6521638779088659,2.5612472499091683
26,9,35.43009871345412,15.879920553443107,3.334409240210644,0.5710072471169747,2.360245001344781
26,10,47.21190925750051,23.141778991207957,3.166676857763075,0.9424741449515053,3.4813970824287646
26,11,33.421513409415006,14.605742742681265,4.091300975020095,0.795964498923194,3.1126467784418725
26,12,59.52511726036977,33.9159180753686,3.305854656527468,0.5298581810259271,2.154911059591958
26,13,39.68386764320138,13.87943788769561,4.134752785253948,0.9463897156399304,3.502674479089274
26,14,48.78580143373802,24.76129654373839,3.572339082329176,0.9624270838773832,3.4337150553823443
26,15,47.77062065033123,26.347547606181216,2.958912889410411,0.8096097696562046,2.971922208065015
26,16,49.54913791263466,25.929922347461627,3.310961692119992,0.9128276239401516,3.268978242615716
26,17,39.568528324941845,16.180130816601924,2.993120484997795,0.6490223973431313,2.47057659196068
26,18,28.95791711686651,11.438227395978231,2.5416252825610015,0.4330287094327363,1.9373016520711697
26,19,26.284754240899705,11.496831727371863,2.1838708516525696,0.5243736534466326,2.0400752777446782
26,20,28.08787612418008,12.629058400629415,2.6381027235672763,0.5674938352690342,2.2164076683499885
26,21,36.63791554372068,14.125021333716095,1.9246803576902705,0.4788917032156881,1.9507296485468855
26,22,22.32116035866703,5.857565016169252,2.035416323253375,0.3214985462522404,1.6739411292068438
26,23,21.074084441765464,10.013400609294166,1.2630765154121528,0.21408561859371789,1.4201608294980574
26,24,21.9246896822142,10.450812488585484,1.3093527916322971,0.38710445594415877,1.6554697964102103
26,25,31.700868966584494,21.439965900224756,1.0499412213192856,0.28263223159254913,1.5332193889289711
26,26,19.390861888122267,6.730337640707969,1.699441246041094,0.4014412042916584,1.7810533658610248
26,27,22.11620395175215,9.664711155262236,1.8326002261695429,0.525918432312209,1.9649370307850476
26,28,22.716028333158015,8.230363392727975,1.9984963086416496,0.33715786777410783,1.711244730550164
26,29,23.012922783015348,11.641781833025362,1.5198739166703001,0.4278065309508077,1.7833700745547008
26,30,27.88778908121874,10.083037710409837,2.872814334327174,0.5028544599238538,2.1309945713124447
26,31,34.223575481368385,17.341336773508324,2.042241818252215,0.49934734580352513,2.038440162649843
27,0,10.302055921451018,1.0786183578594757,4.98557176791428,0.8835864451655695,3.1169505165980653
27,1,28.926409836948448,14.739832511959396,1.443902875411354,0.3327876458989516,1.6475313834459089
27,2,14.87674282112199,8.635284776762763,1.085035766406334,0.3220072622733767,1.59869002120747
27,3,10.858702818323785,2.321111023002636,1.4057435284084665,0.23845632739658118,1.4363142212444227
27,4,15.3155786314464,5.715976264768425,1.1770403318011518,0.22273977335505535,1.4417620770143913
27,5,21.026596494314838,5.919225812218097,2.3288010476200856,0.5789630653669438,2.2306120900417934
27,6,17.438504474934703,2.3824039229639853,1.5814888094162738,0.25800523971168143,1.5550600088098616
27,7,18.478852122729318,2.1953056610217843,2.193279676726243,0.4422798158143384,1.885711455165029
27,8,23.030232020262737,4.78795972678212,3.127122141291496,0.5972088713613117,2.404974612549457
27,9,19.101933768921256,3.5640439100785395,3.4715705681028686,0.5835186490249971,2.4030426112507888
27,10,39.258870624790035,16.463895546865313,2.858649062535764,0.6396256174750907,2.5454179655830744
27,11,24.292873151246667,7.113056086635726,4.179311720600802,0.6648487847238105,2.7336689020788114
27,12,29.062956747373164,5.981863158589346,3.234042221721816,0.5092777531556334,2.0824523825586922
27,13,34.750235557813085,10.0153613785759,4.715078064370885,0.9622462425405329,3.6790042738730286
27,14,36.585850743567555,14.529406831250917,4.362414356232869,1.031900990375564,3.8415285850695073
27,15,40.36191262004886,20.29557171504586,3.28873099705356,1.0224065710470533,3.6349076898164356
27,16,44.20528573840779,19.20030462106703,3.6954410732297562,1.0777431336157175,3.9400858520983384
27,17,35.98494996333194,11.450200446532346,3.616795815444553,1.082374268440963,3.7500754694672755
27,18,27.564909126626393,11.275761466313302,3.1011338536641695,0.7962464284800874,2.79000142465439
27,19,32.38760015122335,15.103412885220152,2.4784976076242384,0.6552065804260296,2.36717696807132
27,20,28.642779093412738,10.377331579108393,3.3339810652089983,0.8163182342578419,2.9157600665403938
27,21,27.163239979802185,8.521085344355214,2.5625374510658716,0.6675806491142584,2.4330283314068812
27,22,26.020779734795322,7.1514456101266415,2.86500760615458,0.5649776878389048,2.2823129928133477
27,23,20.945631008692573,7.792749594800795,1.992822474777868,0.35802741258304316,1.7331343058749784
27,24,26.545847539088317,9.1449136875286,1.8947407423587457,0.47692107196404265,1.9424063425516707
27,25,16.549105672591722,6.809392926877852,1.4623245521083263,0.42731247600234723,1.8147265935659884
27,26,31.74783137815242,12.198053801657423,2.231674851204501,0.5628472985039807,2.173122773655453
27,27,25.85009723693041,12.920841987254091,2.135532820642961,0.5642855010079009,2.098684843301609
27,28,21.772705901154534,4.972944690666639,2.2454546275710987,0.5462696045535678,2.1200250010125656
27,29,18.64410357982868,7.081984390377834,1.657882934240874,0.5258665398329032,1.927393645301923
27,30,23.999522514406536,6.318599454310668,3.2289682621901075,0.6595861573914328,2.5481984213642126
27,31,32.3042567236746,10.89007447154255,2.4173137731188405,0.5805701048324212,2.2618252186663175
28,0,13.892403404218008,3.5170354657709124,5.033741512126279,0.8844958963259799,3.139287269927289
28,1,21.137033064741907,8.3074942750333,1.7466571679640746,0.4505326461613568,1.9055145406175562
28,2,20.403670143924863,13.905164985860958,0.9492974500523139,0.20940120550678132,1.417207627979837
28,3,10.837640689626785,2.1008076632670445,1.4916013817273386,0.22378210496867967,1.4381636399857531
28,4,19.252669066990578,5.477345323094364,1.6805733643784133,0.29993547307604884,1.6087040508070796
28,5,21.986899294649657,5.0242266170384005,2.54923016492066,0.45748464533405286,1.9793754107131878
28,6,19.041435374175855,3.7503776831361577,1.8130915060762702,0.302930157934278,1.6418805749229035
28,7,20.783973990414694,3.9784831559416767,2.2736626728441016,0.40022347246182166,1.8343370644675623
28,8,31.852892369883712,10.409016879631292,2.766884956674809,0.4408317300761624,1.9826308495209084
28,9,36.98483678986264,15.282683621193014,2.652267075137292,0.3548923400226123,1.8016434059872541
28,10,33.59547922170972,9.633276406554781,2.7267412610523536,0.43232497337338405,2.019477586152753
28,11,27.896382230314565,8.631266859417977,4.04845686051965,0.5064588971642312,2.3144382540737243
28,12,21.52446070286591,4.45941631924693,3.384997219687316,0.4455884315786727,2.0096989506726617
28,13,23.911502925429453,3.9767313596724696,4.908077605240251,0.7631483602468787,3.0513562751542365
28,14,20.557124564733122,4.1443914532832915,4.286560986599359,0.9998226991017942,3.7004882212442385
28,15,23.72543359416502,4.561557599211923,3.256626565182035,0.8963868869115625,3.200240454158577
28,16,26.159717591284476,4.9118606287194035,3.539175594753718,1.173089063091743,4.057388137657655
28,17,22.312498402520454,5.608423853599127,3.142110518810782,1.1026189030759794,3.6176897151416845
28,18,21.96493165727133,6.614661113135236,2.886849877365325,0.7754166517921011,2.658606263527137
28,19,18.10059829970625,6.220545472126659,2.2716556317524725,0.6314393453334168,2.261213876057523
28,20,18.507903879422038,5.436381074411071,3.116420265107053,0.7530407462563216,2.743449604875458
28,21,17.29308348139339,1.8865661339834447,2.4037476190625187,0.5832905012115557,2.2842748966432245
28,22,18.58501800142532,4.838701467314393,2.71813293866657,0.579578413919859,2.286619757964463
28,23,17.78781654787072,6.065276622832007,1.8324792901732385,0.2871229196371905,1.6002175036555961
28,24,28.760099546232905,12.55286285781326,1.9716023474893363,0.548586628192075,2.093786658603854
28,25,14.10467711685186,5.21095224668841,1.4066094961374298,0.3678172936784392,1.7174280661722547
28,26,19.9418011495369,8.100505930739399,2.227888842689995,0.5662029954862238,2.1818752038850913
28,27,24.918072009588037,10.601832865936817,1.8807334702254346,0.45771895043427047,1.871018401623096
28,28,18.62743595065203,2.015181432923403,2.4456547793805,0.4919919839890765,2.046394709685217
28,29,12.566441803401744,2.8987631931792786,1.7726924343494523,0.5180905369728237,1.9699557052435683
28,30,23.313708631785317,4.930968194445505,2.7543236136169305,0.6091163052285622,2.361385196090689
28,31,18.391039743803496,3.6119337817867025,2.114912010742434,0.586859966899663,2.2060556023483673
29,0,15.191781259952675,4.182071330535566,4.991144847118269,0.9444280042606295,3.357423599944078
29,1,35.99151487846441,19.44610062921908,2.005516899985368,0.5119494081963802,2.082862183634821
29,2,22.11742712347126,13.941881220892078,1.3472655521816803,0.34106302810813816,1.650713127185903
29,3,20.573956067842524,8.992546427157992,1.6643100630740422,0.2911350229228027,1.5939679400407647
29,4,28.887334799121874,12.350805943972862,2.0771701198142747,0.4295670630569104,1.8918156717284955
29,5,26.263982065467474,6.791597885107514,2.7600571004688685,0.571439880296003,2.2529457920314457
29,6,45.751663034022926,22.30466942965892,2.5530167835115076,0.4460496459581824,2.007005558920719
29,7,56.446728392191176,30.1603153148969,3.2257776006841317,0.4669561399584454,2.1035949026131067
29,8,44.746262613280564,21.498678742849712,3.6209107262365325,0.7441684919963087,2.8160018670607694
29,9,51.05815608335923,27.48697583678753,3.96932891353572,0.6515359155225999,2.669550011118346
29,10,46.16080618575193,17.919269280903773,3.4711278035836504,0.8209000079329911,3.044823618355966
29,11,39.997740152009,19.45322379560761,4.504754163991264,0.8823507590411905,3.260949284321227
29,12,43.83813502354212,19.302603253530876,3.8341934967905487,0.5506000155581678,2.230019309074903
29,13,35.49429465293317,8.043622788526717,4.80132901659249,0.9164737776117615,3.448857644691599
29,14,39.20491967532661,15.970563122265382,4.373059707566023,1.0275365137291779,3.924031326892721
29,15,34.84009718102375,15.546131094582488,3.217495955108955,0.9342685792473517,3.23670360233101
29,16,65.8538359912674,36.80307006685723,2.783981109527814,0.9257231074898487,3.0757372818363056
29,17,41.89889861010461,17.62063322181452,2.744981009056901,0.9074594461075636,2.924023669075777
29,18,26.723302918462345,9.006296671169595,2.577277212878575,0.6775918596479333,2.4037788461961807
29,19,27.551188914700965,10.980918475241083,2.0593908789782542,0.5778764522886277,2.1081182542062384
29,20,35.66035134667821,16.78741362498789,2.7645759986204954,0.7511615375454008,2.6668602061381486
29,21,32.555052539446635,13.217494434529872,2.3934960796289513,0.6036213176553069,2.3415238335213653
29,22,34.03332955989889,13.795901110801926,2.1953603923766623,0.556314006079726,2.1242306150918373
29,23,32.969498333058375,19.9305652374691,2.00626103571888,0.3208524101081305,1.7007399463970998
29,24,37.88748951957265,19.964718902167668,1.606489269355039,0.4207881865268832,1.8093571550963097
29,25,16.722046648760074,7.359853139875559,1.2836583000846846,0.31420226092748793,1.6123515992135582
29,26,35.84361260064354,15.34269526776771,1.877627506387659,0.38002487770572846,1.8158013481985444
29,27,21.779180472393044,7.792805755857462,1.7701110979145063,0.39215434649261605,1.769826221537887
29,28,35.80957203299293,15.129914145881063,2.1510002526525875,0.36285891992088537,1.7914869674142029
29,29,24.364137013220365,10.60199149970842,1.5212876035987444,0.4489710211886262,1.8067006033268722
29,30,35.983311320203995,16.96593474298593,2.8070314731154964,0.5429964939430758,2.2012545767760368
29,31,35.128026587704724,14.476780124135486,2.0409801578859046,0.44564685641001933,1.932201610613392
30,0,15.616203503553097,4.665800693290212,5.08564859765481,0.9474917814454775,3.359915023481911
30,1,33.07061457584308,17.71980191491248,1.7144029470241584,0.3961486092577444,1.7759947633478983
30,2,17.08937056099068,9.881404768834972,1.0556502361710123,0.2273657705216261,1.4491665789457646
30,3,18.49475729524373,6.552140010730886,1.5320706962822017,0.2004648719790536,1.437516338286145
30,4,24.5288121843431,7.819641262775837,1.5942987429655469,0.3079842767119292,1.6279366803457471
30,5,33.42310333478742,11.781315318284552,2.1519352241692875,0.4715869575900351,1.9749477722420932
30,6,27.957671929017756,8.725184147998432,2.6130191887561898,0.44815877646621516,2.0137152022053195
30,7,27.25308714565491,6.712780307187151,2.8214980637880642,0.44995956044370367,1.9976809869615135
30,8,30.316162856131918,10.541779104786643,2.9779826660377733,0.7162166500471976,2.6485451463995213
30,9,29.89786437908978,8.282920227840636,3.3229398077532446,0.5897992837053083,2.444232978899536
30,10,26.907324071624206,5.294460445656469,2.8709898611860383,0.7950718320920229,2.913432235903354
30,11,27.323761578361726,8.867253731093832,4.01060111910159,0.7290967927659464,2.802621948344118
30,12,31.004470545190006,9.93613764312801,3.192391517205749,0.5163735272839256,2.1129996012840744
30,13,21.269215474958536,1.915674970439503,4.132317263512299,0.9538777960124802,3.5563659659230407
30,14,27.813701586319176,4.50949294717323,3.6223511268350452,0.953213854619055,3.5283832044871684
30,15,26.374187385942257,7.990535946970233,2.9474969062273244,0.9721742105794697,3.377021815822365
30,16,34.823919103670406,14.164997051464097,2.960706993196324,0.995540956724946,3.4295495718471343
30,17,32.130269633045415,9.490313476973633,2.7950054515133145,0.8069937378788019,2.8878344582239386
30,18,27.678626397878645,9.276447193155104,2.5088201545379776,0.5697203485467921,2.2221610142703656
30,19,18.89286688014526,6.1052253200023685,1.8378132008336725,0.5169818972081544,1.991319560981351
30,20,26.352606850174432,9.356193366594596,2.457438277018057,0.6928341323600877,2.477691272562313
30,21,21.259110309104575,3.5954145428343693,2.088742412363643,0.5460236011092632,2.15696977773398
30,22,16.82021479482067,5.296266580259238,1.959177758394354,0.559900700377661,2.084353817262912
30,23,14.391469493313927,4.110239818507207,1.939342742728297,0.31218080345257215,1.690790837458747
30,24,10.180212641263571,2.0789275305864394,1.4845253459394487,0.38151947118571217,1.7304284298280677
30,25,8.875912102217006,1.815386641912052,1.2786603513365085,0.32752349727692454,1.6378531909331417
30,26,19.143227843619997,6.298107030453864,1.7594608713441338,0.4849411137782116,1.9463533951040757
30,27,8.731239437594896,0.37104119397764557,1.7135482213935957,0.4252080869389876,1.8186312961495383
30,28,23.76879762066472,8.438763156406058,2.003643757068926,0.37503244416475745,1.793418005389644
30,29,13.075221687470602,2.208519997860518,1.3903658099353695,0.4024828102727058,1.7215625258948666
30,30,19.063464713677178,4.156903713411658,2.635010572909378,0.5643555965451119,2.217569282163985
30,31,24.63769415969304,6.985145598564128,2.2367533081639857,0.5218604794027875,2.104064544546228
31,0,13.46170813029508,2.5165248622885237,5.071313069102506,0.9454985307287309,3.362771344777142
31,1,32.381614383496114,17.718853185886406,1.9015028424026001,0.4876548331182351,1.9460259873713408
31,2,15.357880569878517,8.04085500004987,1.1444237917308286,0.3111244896137155,1.5864122554518736
31,3,21.829050857877643,7.539265912412565,1.5169800414549683,0.24496467670231992,1.4771964493946887
31,4,29.515113662092467,12.427573801009363,1.8114549150572636,0.4348475154834026,1.8320032724479636
31,5,26.85037672089911,7.473939111136337,2.4612314637518535,0.622631512284495,2.284392323709057
31,6,34.59335345174444,12.597562116402036,2.3612462535697603,0.45311429369691414,1.9891116137079332
31,7,44.949415351590034,18.110698535584092,2.846572872009057,0.5371179274270368,2.160271011790751
31,8,50.3541450899151,27.612255184784757,3.1628160279008934,0.7219918980141093,2.6613155980147307
31,9,47.94598423661823,23.941040345696365,3.7538260841398317,0.6339168866907765,2.6326070396422154
31,10,33.63414500980154,11.05925109628933,3.1090489451857923,0.7413898061197117,2.811215974649731
31,11,34.500429754943795,14.644995275292894,4.46390481135137,0.6713071673059803,2.7785408283876945
31,12,31.439633529089836,10.281363169759613,3.5243488539345282,0.5999449590262609,2.3452048100996405
31,13,37.11167252876509,10.26165193790414,4.0072209101815215,0.6714189112588702,2.6096574298907975
31,14,37.45145489233526,12.941278151817464,3.4583447013115336,0.8221669168418728,2.9391806136003655
31,15,26.174980674478952,8.606291401827443,2.954692897905969,0.8267511378031447,2.9344457491735834
31,16,30.236302729280695,7.384345848324638,2.7169872550742915,0.8982485364115216,3.0338929819564013
31,17,26.5593725437435,4.401348922893856,2.6469952880445398,0.6664440569839694,2.4424397933764412
31,18,29.741813847516344,11.769397579025203,2.0735837191928357,0.3329020385834087,1.7367375550755224
31,19,17.55592315885756,6.234463269302505,1.7450037344948133,0.416542456615433,1.8012730522878568
31,20,26.106066136502985,8.882530394910747,2.082490057096991,0.5082449188784088,2.0230617102743147
31,21,28.93519396660471,11.39618215898739,1.7334549859983408,0.47240798294974606,1.901742831196074
31,22,18.838644489101583,4.754097621627931,1.8568938343110954,0.3924802406459167,1.804410218331763
31,23,26.35346726944444,13.440340789913094,1.3591590827315192,0.19870324426748254,1.4276594623417684
31,24,13.113209832622832,3.4098394272282366,1.2454825210668747,0.3211760026153583,1.6025195702315695
31,25,14.939985940211617,5.402083249344412,1.0922964266542423,0.3337206312325187,1.6246651865113158
31,26,27.219999680377924,9.44875584849062,1.7539894999915817,0.4756832839969043,1.9446329171131262
31,27,15.963745399394703,5.4389034350426435,1.6098928618380057,0.48778443729102516,1.904245518320805
31,28,27.602531475440074,11.298196425265067,1.8131823305715709,0.4024111947887601,1.8107620367328356
31,29,15.423413226365383,4.490444288194739,1.3745788186164758,0.4476939245072544,1.7840549773294687
31,30,19.832103815153502,5.295567676329158,2.536939778186921,0.6431000161464433,2.3652029575997466
31,31,31.934444573822176,12.10163050920293,1.9903792680993302,0.5063139864112571,2.0423064737497296
32,0,12.809976754033563,2.5171518763713587,4.9843776244860525,0.9578348947356394,3.3579330641057172
32,1,18.68147388951251,6.395087385826387,1.639957387345112,0.3831131509031993,1.7670549751893112
32,2,12.882058697741467,5.4646887417934416,0.8039145073222632,0.23090852364477488,1.4102870209205938
32,3,17.11839443205347,4.979480184844476,1.933039822742412,0.32975101252390226,1.6437561424322313
32,4,14.443045094416345,1.320888149085308,1.8756563060108729,0.4282396500590391,1.8465767936043174
32,5,18.62344367819584,2.3179158833636064,2.421962037465797,0.5791795628302387,2.2484468494731695
32,6,27.138249403783604,6.3888117763555865,2.655298648725237,0.5944702151332213,2.363492389146157
32,7,29.581981083304832,5.59557274286854,2.9357697216188434,0.6002041417475503,2.3122377574663724
32,8,37.12863254624444,17.23609911145493,3.526145555258956,0.8153821317853387,3.0385534467496322
32,9,33.4027407571226,12.682358446150612,3.815495856606312,0.7696439302133258,2.9677509620370914
32,10,31.347514167511466,8.679773673707977,3.3431845812366614,0.9343464362938949,3.3992734656934127
32,11,33.1667055916813,11.355713646638968,4.286848047703731,0.823377417524159,3.135712106866253
32,12,59.116639921025865,33.59594498540342,3.720303029331888,0.5716474778330025,2.2810661649190394
32,13,51.95449533327985,22.0884006113683,4.721126782446513,0.983225267442684,3.687722765827373
32,14,53.38746324895049,24.7613297420316,4.267239826196374,1.0485404741294877,3.926042497177543
32,15,45.87375914004691,23.927795837677657,3.440641811880935,1.2329454202468666,4.328561250888835
32,16,35.56371663147021,9.498858560420707,2.884416652758775,1.2126859600962732,4.0228257162604155
32,17,34.70391244649959,11.728491788050246,2.6356662337931756,1.0234471734841444,3.2823450422423543
32,18,29.190703743864304,11.370455922466675,2.2408167770148517,0.722002169993639,2.4580535780634984
32,19,28.50047855739968,11.17751304411881,1.926011379425274,0.5594230672871079,2.0900336478997525
32,20,26.81909962876452,11.410849616474675,2.253485010311369,0.8795235274017519,2.838192446883218
32,21,35.83820741525918,15.364728287447985,1.9805703319559793,0.6454985109100639,2.312414034398052
32,22,36.88022101141331,17.85048130467053,2.4501992562901194,0.6724950213786203,2.4657606477255567
32,23,35.557130069073004,22.85407590745663,1.839405980934771,0.49429383381875436,1.9863173826976155
32,24,28.316044001965878,15.428451797855487,1.5449231550864293,0.5924011910685283,2.1395217477013686
32,25,16.63950850636875,6.469166366453021,1.3767645521297132,0.3643355253559668,1.7254487235669513
32,26,19.285805381397587,4.041539568845997,1.8683122348415448,0.45184128588573813,1.9380225657815893
32,27,21.336347339103295,8.432990611811924,1.8037189572335306,0.5367673275296077,2.000255918596153
32,28,30.26294072702606,11.880380263997274,2.560532389362578,0.48294863757311823,2.118361569058479
32,29,18.218378048193248,7.135539651271442,1.4531630413409773,0.3931902194668895,1.7349360959535318
32,30,34.8664412722126,15.569201452597746,2.7946267858116975,0.6795655716405733,2.5792884635788775
32,31,21.110486867481672,6.513390555262899,1.994987477222887,0.619765625949467,2.2359402299381967
33,0,20.171768623939,9.128826544762104,4.814500145690436,1.0250876865206031,3.59591891950891
33,1,45.15274187534156,28.11198210825989,2.0474834626408143,0.5603256861640724,2.1740587173187533
33,2,25.638252755043837,16.55929719809106,1.13956900320282,0.292930999091092,1.5546760333522107
33,3,25.091028531087133,11.468731636552734,1.6180426301546382,0.27081656599794934,1.5544135927018048
33,4,39.39280066700137,20.310619384537816,1.9697112556060938,0.4927827289391282,2.02123224853033
33,5,29.39026614744402,11.184873712913465,2.617234175299807,0.6608896867996523,2.430922469284003
33,6,30.582384278742992,10.086468962722474,2.5329256472018824,0.5703476644877608,2.2648549323437637
33,7,53.56908987955817,24.683552100711672,3.3324588741289127,0.6247346479856177,2.446367007600481
33,8,33.282000468610455,11.894095253422488,3.1181155023391813,0.805412735172677,2.834460017416381
33,9,33.2125958501864,9.685283153275728,4.183628031220299,0.8020927231868438,3.119829079347124
33,10,30.541702824777484,7.617269569429613,3.321259425914242,0.9509554654843662,3.488843500216466
33,11,20.37250340452683,4.681147121159628,4.102038039246766,0.8156040780020906,2.996448865368006
33,12,32.66334199756653,11.547497696063559,3.6812166376411053,0.5962131855889599,2.3673633529463203
33,13,21.50867676317299,1.6799835129835456,4.72087763503857,0.9940682548510908,3.7585746639383966
33,14,18.035623747410874,1.6745562975553012,4.033918481178709,1.0497120921720455,3.9579242713528786
33,15,25.851499887928664,8.645184250548187,3.417359491218377,1.2300069722146891,4.210121735410258
33,16,24.51556929471572,5.305990320701357,2.837026017825795,0.9815869815912794,3.2366098536252084
33,17,26.962380920872217,8.213838007757705,2.9411225050777325,0.9343146392489095,3.122837652215029
33,18,24.009593749843134,7.5996019085490225,2.5524324104913765,0.7556706010632688,2.549796563386246
33,19,21.151821325367187,6.523644583003535,1.6671968083022524,0.5951706867985056,2.050618540873196
33,20,20.056861477405224,4.675011077058896,2.4112769325783097,0.8405722615051681,2.756099123780076
33,21,23.43546562480853,6.476412115440445,2.064447620784943,0.6741360049194416,2.358406374190695
33,22,31.779602098189546,11.211740884513334,2.4631122082003474,0.721934521094119,2.5101932412462316
33,23,39.47373409471028,26.187520900240152,2.0143796794563142,0.47603379510344634,1.9598106000036586
33,24,37.721613648924716,23.516409691119748,1.6306491081655166,0.4658337996832711,1.888285697242854
33,25,12.440951481214967,3.7422419312616357,1.2178306660765437,0.3503783759136707,1.6834678673248546
33,26,27.78143599368951,11.473190223969628,1.6539450272425102,0.3537399858533701,1.7373755856430166
33,27,27.23190033844014,12.893193428097886,1.5917877990224323,0.417134885710023,1.7769710254794513
33,28,46.81701369129719,26.850928367797547,2.5539694071754075,0.4854312743614595,2.090755932935177
33,29,14.419267054340928,3.6831643488982313,1.5715438204750092,0.3681814227411695,1.7172201049129545
33,30,29.70569867817118,12.223177111181489,2.991007758917927,0.5970927574594831,2.3822640569714943
33,31,43.44994761799151,24.233358954586997,2.0158440983653176,0.5013740110916056,2.035470973393064
34,0,12.630959414309192,3.5639441305012727,4.887675704741813,0.9728817905575955,3.4363553090865095
34,1,23.41163705518857,10.767939630911249,2.0278257262198096,0.4186231384769634,1.8773800596279133
34,2,17.166175227473197,10.298264913446614,1.290685430205259,0.34666620560606565,1.6900986623998404
34,3,15.324200820181549,4.269280081461781,1.7248702899978978,0.24803846403013474,1.5469164822931412
34,4,20.46171037539787,5.4072202429944625,2.2543132519115137,0.5693029177783853,2.1523618088784917
34,5,27.09737530057194,10.11568437420264,2.570146890124188,0.6833329405185684,2.502598404126878
34,6,39.9065371915712,17.058482752971212,2.9374009812299176,0.644363779785373,2.458198002608291
34,7,28.07912419600665,5.298546283378954,3.199353932928739,0.5733123135286537,2.3354525504835633
34,8,35.29560630433533,13.887648407267138,3.31308681378689,0.8108645534440879,2.895995872561841
34,9,25.55762045681429,5.368033681580846,4.0033778572114045,0.9375824028042157,3.460657806612745
34,10,32.91851812881316,10.140419157506013,2.8986439204933374,0.8234590452140509,2.9249026974756003
34,11,26.783860875765043,7.872554603107592,4.168009186388017,0.7221808065571969,2.7959970413858075
34,12,30.18418208541482,9.845442450500748,3.8171770751613,0.5545494226266716,2.231649652748892
34,13,15.701150943101212,1.4214302434375687,4.527435680268358,1.0312277142756,3.805835233752758
34,14,19.523083988810896,1.935077033449213,4.1193137442000385,1.0399842503860839,3.8609115484988568
34,15,18.285661641320587,3.1147484261672758,3.5779046392304945,1.2637127911984782,4.390428044340914
34,16,28.406017875891294,8.472193845258214,3.1972725120554273,1.1364794455194893,3.7169678925037575
34,17,20.798812546402363,6.999687638309108,3.0316333581333654,0.9532189124631771,3.2191938622903207
34,18,13.86219875876952,1.507091750926119,2.560942084428188,0.6947325261885271,2.4558557676894264
34,19,11.824370134067413,1.8431262535073114,1.8491125758069407,0.6870121452727957,2.2326091398211627
34,20,15.710815591054788,4.173953853554423,2.660028581874915,0.8776899550590374,2.962804191666631
34,21,27.74627941574701,9.368889246379448,2.496863911714965,0.8849402596684266,2.94230681113653
34,22,13.624955638900344,0.9652269284259476,2.4494535893404756,0.7328092499117775,2.5215152713649753
34,23,24.521006870175512,11.567654090898348,2.211521444167853,0.6189512668130179,2.254195644876918
34,24,17.889838796065362,6.379424412034913,1.7996065811361295,0.5129734399062211,1.978856951694514
34,25,20.153583470786508,11.726337710364525,1.3897013235561395,0.5008737860921906,1.9273069065345154
34,26,18.69439017983821,5.88850724142841,1.8228643594160605,0.4710857176767824,1.9573240289496026
34,27,20.811029272713036,7.985472510604849,1.839010582378916,0.5452590324276987,2.0584657581701515
34,28,47.56406497259982,28.126209564942442,2.4152397692550993,0.5771031731542569,2.2483416615564464
34,29,15.665465351945747,4.597274368353731,1.6255369268630957,0.42433754712137994,1.7810972787801018
34,30,22.10638144063902,5.712624868928364,2.755993694033428,0.661446803915485,2.48814256796028
34,31,45.8151716113924,27.977424240447913,2.1542271443597003,0.5841200677651428,2.212815851021693
35,0,22.83458238759795,10.776302967723865,5.0381299842101885,0.9612895544809872,3.4145359273455846
35,1,20.738950150734198,6.477372967767401,1.9370511994209514,0.3815107387961272,1.805941682702953
35,2,15.102691584711856,7.664375788526154,1.0401786018683674,0.2001187924724439,1.422033656131238
35,3,14.312560061146034,4.195827074856632,1.5432059360803652,0.21371538793750045,1.4744076749530508
35,4,19.926747888938024,3.9833861421543935,1.9294127127727947,0.3770882744531918,1.7973351144309808
35,5,25.071076459790813,8.805915653440515,2.3077195710948515,0.5517952424242076,2.157479371120832
35,6,32.29704291226203,13.162939842099679,2.495254043276246,0.4120219423512914,1.9148687869204128
35,7,18.71053443321623,1.7232436158405786,3.158813463204515,0.5104380178752219,2.183354741333097
35,8,30.01858429655841,7.82400706228654,3.117621476340731,0.6943936913563422,2.627861293449868
35,9,36.20096342235689,13.010402709313803,3.699083468915119,0.6059227278907064,2.5119400597554535
35,10,28.667638482822873,7.919170711344226,3.233693146838686,0.7632194910127179,2.8996441334912126
35,11,21.62833922418561,4.812998144574423,3.9899264162481494,0.8677380596605149,3.169143855964811
35,12,19.26362577110232,2.393520621425589,3.6405448681012738,0.5793120766593765,2.249124275429575
35,13,26.826791104243075,5.968033652377013,4.423946552144514,1.087199904898572,3.9073105314659666
35,14,28.392190348228496,7.7299218603785445,4.026877700303428,0.9903512949905888,3.762484676935704
35,15,24.67555249225575,10.183915405660567,3.0684824724307203,1.096646302138439,3.8410881509214896
35,16,20.626964063703667,2.0116187804968564,3.0580399353428267,0.9712483098781628,3.307086374380524
35,17,21.000954986850477,2.735645361951427,2.8890992243918516,0.950347319673746,3.2004711939482253
35,18,11.965051705919066,1.0740026856108886,2.5655337078109035,0.7171968305425533,2.514064569332064
35,19,12.638327281419233,2.898665600019079,1.8793889224472946,0.6157122190055051,2.1005687124502983
35,20,21.778610970545316,6.551824380910171,2.6087032383507287,0.7322260401218155,2.6715743963987277
35,21,15.480054575497046,1.7165693463582192,2.416085000842802,0.758103498204977,2.7271211762088727
35,22,13.95601545897211,2.0484680047058728,2.2541208484066626,0.7114613781869155,2.4805987604178346
35,23,16.9047341541525,6.991475541457579,1.8289390889643635,0.5484721328106157,2.0996727641974116
35,24,13.925617637900451,2.8323167750840836,1.5398071573465337,0.5018514588699339,1.92917179004444
35,25,13.933834814209499,4.843152096634437,1.2291847974700103,0.4849871939723467,1.8979317203190675
35,26,15.274640057302571,4.106470749995394,1.5058669958367155,0.4216779912213351,1.838705660424498
35,27,12.58419441391707,1.7509945533140778,1.8592427718401587,0.6554068160568451,2.2704906084528216
35,28,25.79255564851301,10.140327926226355,2.0725371067628515,0.561605547014806,2.1522477855783544
35,29,14.499844212021957,5.283715423144964,1.4822774218458992,0.4840806853369706,1.8654450760455055
35,30,16.066515869461067,2.669565586078076,2.7388797526087254,0.6810630139694629,2.5488596703852933
35,31,29.328750558735187,13.954266022017688,2.0974556659325456,0.5409402752437678,2.1340541670965494
36,0,11.019722947264162,1.5616344587702873,5.057045117535655,0.9390021788762946,3.283982716861425
36,1,28.21403578533107,11.395801797337105,1.7082306167986832,0.41172893368123287,1.7969482289092344
36,2,15.24539237557076,6.760941434164603,1.0634592070672086,0.24294201427638962,1.4674440873942816
36,3,27.966234417400727,13.361793624122138,1.5365563372125581,0.26787193014906907,1.501226395131152
36,4,31.826797007156685,15.61588313402769,1.6963100939722784,0.45371726435119664,1.8481489644128282
36,5,30.371557939045427,13.189220561965719,2.0149844381639634,0.47745061227787744,1.9894148294321892
36,6,34.359183864822555,12.418575695868242,2.4025601457852868,0.5329796231200086,2.190950325253071
36,7,43.395787772183475,16.935779838004805,2.995433556979718,0.6449575759949444,2.446238465911818
36,8,41.39049036968899,17.53185781298346,3.2816647041951903,0.9152529678605426,3.139014954097706
36,9,40.37644111367956,15.648725124704773,3.8654874319911006,0.944927727719449,3.505848157568334
36,10,36.37855610479616,11.958373247222411,3.449904040436605,1.0029206892763347,3.615680630100124
36,11,38.73429120321111,17.952781993241747,4.558983716726223,1.108569814737991,4.102554782828629
36,12,30.124957591143882,8.658721345477504,3.8184565427101944,0.541689156522736,2.2318541844987236
36,13,33.38467594211078,10.348317073658476,4.13048651259388,0.9160301348920807,3.324048356015139
36,14,34.60694847078433,11.765440136375336,4.062754197838889,1.0090925550496426,3.583322176347347
36,15,28.684276319182736,11.066757484092811,3.474325379279519,1.1135343609552915,3.8941870052770877
36,16,28.954865175093946,9.581497587703325,3.020300190890315,1.0488285686283714,3.5279116471562433
36,17,29.214249326829297,11.711163683712739,2.9412818658876523,0.8922535679441315,2.9876993242027843
36,18,19.237904807030638,5.597277328606636,2.323278063855448,0.530045004579367,2.1229701409007165
36,19,18.162045426261407,5.356306471964269,1.699151502811441,0.5181197607358508,1.933638655855916
36,20,23.66365419639891,7.04401857795693,2.16118331515743,0.6115403805200326,2.290041845604101
36,21,30.141909954439168,10.776609979438435,1.9533101160771382,0.6604901812780462,2.3285301297142396
36,22,23.839227524811115,7.525244391049214,2.1565412651987597,0.5305257912465571,2.090586406078799
36,23,28.10641359609955,12.956205729076085,1.815962710116744,0.34437359872487017,1.7366768732501505
36,24,18.195747825773942,5.739151257810572,1.461338266388314,0.41038445511077204,1.7793107078082944
36,25,23.962121943423533,14.750858586224947,1.1319895483639328,0.362336733424951,1.6575675117248936
36,26,25.707972267418526,12.143003170358213,1.7843548736294366,0.5581059445345142,2.102093828090934
36,27,16.617418591225533,5.4722941060849415,1.7259044474321148,0.5468197957454897,2.0296153874806446
36,28,30.1891824807865,15.752820076268206,2.158398304808215,0.5702669820698181,2.1796038176964627
36,29,13.153925829185967,3.872601352653799,1.6233419236391131,0.5623844297634872,1.995083858829327
36,30,26.047251961910156,8.174459669456219,2.7587243206450243,0.7034095938555525,2.5910232420127604
36,31,30.425292081552193,12.028182916902741,2.1889746731700823,0.6091534863524544,2.287178745706639
37,0,8.338095498077184,0.7216011455330783,5.058694553840359,0.9475738584514692,3.3491969236551586
37,1,22.06180916237517,11.237147211410903,1.7314431905812624,0.46817997738466044,1.9058677601337484
37,2,11.5088236384228,4.1257186220873,0.9433914604126837,0.2884385872652281,1.5068528496216085
37,3,15.542752924094355,4.909791241539216,1.800164405525945,0.276416235168341,1.562541227603895
37,4,22.15903865805005,7.86107517665832,2.0293998304785412,0.489423645249738,1.9944116053664045
37,5,27.325531899568897,9.14592684562513,2.4165402189456473,0.6143351760614819,2.3029157640870155
37,6,25.982581432935135,6.769798346149174,2.0063070856645675,0.4154214230342754,1.9201216518091098
37,7,29.680295190560265,8.256550895271207,3.3057665577775976,0.674066316352337,2.5968155462474347
37,8,30.85018452455311,10.553884156277192,2.677743277799914,0.6052440300189992,2.3607821429776052
37,9,35.71109562634113,11.528531598097707,3.394613897861472,0.6031392533526203,2.466673613533147
37,10,32.1848363213495,10.239702757608978,2.742347396480168,0.7119282389238886,2.7040664287944454
37,11,45.572415219307665,22.242200098848002,3.5900347135281363,0.7624138124466917,2.8702247715098848
37,12,38.47500095614479,15.337208851610734,3.7122629038079977,0.5795792918062559,2.337447289128506
37,13,40.52546342046894,17.074916282297693,4.584017338622024,1.1351330760805496,4.1927645114905525
37,14,27.53405214409772,6.30257003133428,3.700346702947331,0.9519471437225269,3.5636535887973317
37,15,27.351099976031975,10.905484194515513,3.3890765523609367,1.1518213488224696,4.017582610798079
37,16,35.40380228381669,12.470419105677234,3.218783065768985,1.2234874212250784,4.153297775840067
37,17,32.135908918795856,13.280417412651296,3.15785277996766,1.1780518678701228,3.8238668658157997
37,18,22.235124290810464,7.209708651055565,2.5814557247576255,0.7446948454861886,2.564149992313529
37,19,22.151124584566205,9.743653248833951,1.9051712123052862,0.5671081966738549,2.057715424366617
37,20,26.025705003032705,10.924925083663844,2.4948346278214,0.8485403389102046,2.840973150860955
37,21,27.953123481511902,10.561703561270953,2.3215486986304286,0.7515426943473291,2.6192125640071375
37,22,31.85233431542747,13.877315493441372,2.5766310537196784,0.7163840679478977,2.5868206745597933
37,23,36.42585676038154,22.976862792672513,1.8260480834460697,0.49380032641893656,1.9891146526915013
37,24,33.090094311797145,19.826294934752735,1.710281297981592,0.56617406598146,2.095139931499007
37,25,21.213822877850728,11.270502435488854,1.4040885461363017,0.3577028698015492,1.7251592397507567
37,26,33.88704001024697,18.489826894446825,2.3111525045478873,0.6546375238308095,2.40422685684156
37,27,23.140011021797086,10.117039349810263,1.8722322596777592,0.5582444074686532,2.031596054080035
37,28,39.79147187271755,21.660578158733628,2.553163563976745,0.5882617801706909,2.3652189496166653
37,29,18.958666779176323,8.16296564475936,1.619575935862886,0.4787605971814983,1.890857887619216
37,30,28.37736065411236,11.178043550407441,2.938861090164815,0.7124515264965381,2.7119048262992704
37,31,20.78470116420385,6.285722157508008,2.116093152884452,0.6502733440336406,2.3274009994886913
38,0,21.775079359272745,10.996204787398222,5.026053103198356,0.9810303000230096,3.4536857499596993
38,1,47.38140782098576,28.201659716758474,2.149612330954319,0.5203116553340541,2.1185588018553543
38,2,22.58291553062054,13.300324864621011,1.1448576201384872,0.28213618578658606,1.543945925514418
38,3,35.64286393525703,20.902843228346665,1.4218982253896937,0.28190910023017546,1.5663132915377436
38,4,28.23818690353425,11.568058054600028,1.9155794054010773,0.3823225576638847,1.839828618491434
38,5,43.86749438096998,22.7554250642929,2.99148296941586,0.7516357777276541,2.6445814218908072
38,6,43.780626877750926,19.666733638241436,2.7579417458497573,0.5828630246933142,2.3141434617024763
38,7,45.84568474780384,19.081271115340282,3.427396662424133,0.6819443159144987,2.533991596411239
38,8,41.86038082786658,17.042432619083797,3.7349148754657198,1.019186020033636,3.521647232428545
38,9,41.31701251272934,16.935220470125035,4.195977575940194,0.9138836803506614,3.4196291607525655
38,10,44.79868055018346,17.999896615885767,3.699462720154912,1.0586994598548216,3.81360679987323
38,11,50.72333082322468,25.472857078270486,4.1290509815132825,1.1073103929753447,3.8408421979158796
38,12,39.42355654595803,12.633838572779387,4.084947680875409,0.6702210369206689,2.6254550324240884
38,13,24.845598052640995,5.016236446278715,4.706992067266424,1.07839701091405,4.072345464908914
38,14,31.310637636690767,8.697443171930928,4.297806070853149,0.999759908251102,3.8402342018911515
38,15,31.113890119085955,11.251697362444723,3.37484182326298,1.074241361498553,3.748754474213134
38,16,31.142423093938334,9.272696846094728,3.080311163108095,0.9472636496729212,3.28373866378113
38,17,37.74832724084214,17.13045842097152,2.7211805518139656,0.8849593572209846,2.958866990128073
38,18,20.62039504732347,6.540452152176485,2.3998502235882877,0.7470108474199235,2.526223750347792
38,19,16.788808646970537,4.874972889053698,1.841532820862787,0.5847868709869632,2.0668674108263785
38,20,28.935753279000778,12.02685076226621,2.7094410081614972,0.7838508570218319,2.7053934756117286
38,21,31.582908320573377,12.04505307589568,2.3631789844607143,0.5802828018601223,2.285639598762086
38,22,31.60950916345152,14.829849542013942,2.4996482537383713,0.5459170932319579,2.1864898043840766
38,23,43.17653353781242,27.695414663651277,1.988272946086895,0.36801740755510814,1.7726484034707377
38,24,33.64931884902591,19.745765668977732,1.7159354342863455,0.47069163984696605,1.910967026912462
38,25,17.29631242999134,8.232716673772233,1.3492514164064384,0.3798033493743389,1.729384513448532
38,26,33.50212184313467,16.150090153369693,2.0062821861133795,0.4447491385144198,1.9374256125164258
38,27,27.380576269979507,14.518046759723342,1.738468889693665,0.3819706775477978,1.7469777285978663
38,28,45.8460354158782,24.794717317568853,2.7993876921001766,0.44174500466682254,2.0137520281945624
38,29,20.824536870314965,9.842503964117437,1.9506643519171296,0.4791547431669605,1.96342027720099
38,30,27.67245606068883,10.799008802862613,2.9294600489429765,0.6507626665782391,2.4633430269950827
38,31,39.999578250974764,22.06475024028017,2.19999512994102,0.5169455939055148,2.074932381028905
39,0,10.944362275756905,3.1900509424806276,4.9776197311245545,0.9569464235028731,3.4044128944671055
39,1,22.505746200490577,8.012658963355015,2.1962781740793083,0.462767072010942,1.9850087514110575
39,2,16.406173982507276,7.521809464960021,1.0224762288346776,0.23327478821277348,1.4746630128264184
39,3,20.60495952707546,9.258587280725731,1.371684876340649,0.19905547906470122,1.4249496552006848
39,4,19.618041109310454,4.372829632018951,1.9848556821348138,0.4474755695353194,1.8859880837275114
39,5,33.150203523330724,12.732712332434096,2.7491847642366993,0.7514350103160208,2.638519554315146
39,6,30.72335945581399,9.882274055934705,2.5916760776462233,0.5528563680402874,2.232457345052868
39,7,24.54176610679879,4.804630043086426,3.441062866804648,0.6508697712003748,2.4893033381565925
39,8,29.89619589845541,9.90220650789833,3.550064048552076,0.9241128677169872,3.2196381176530195
39,9,25.835259393084748,6.129748902333342,3.8918669543950584,0.9767923430727867,3.6218565648047005
39,10,21.057162996861052,3.5512224441303744,3.2511047815233622,1.0084609922834824,3.6195709068864286
39,11,20.308393514650852,3.32316781057425,4.112196232879962,0.9705092868778298,3.5753239190142514
39,12,40.6987674272498,13.457230102520482,3.770450593852116,0.5653236077159911,2.3256171077833696
39,13,27.01570826449225,7.07505008434061,4.4144631224534745,0.9388312423767733,3.5271707052137224
39,14,25.71431226479418,5.317042724695979,4.03752762918103,0.7963712444629616,3.0922607296570543
39,15,22.68918744890015,4.487545542985581,3.427066440989652,0.9851656847654571,3.505910950701117
39,16,23.465462056471218,3.3384372899729806,3.269563774130776,0.9175479143447482,3.2243445648533844
39,17,24.986391361050096,7.491429851347771,2.701236221419607,0.6523115756800584,2.455010185100192
39,18,14.815209666799012,2.7588084959144643,2.417180131071486,0.6181903548663574,2.305697867600799
39,19,17.66222108842704,7.162426913620713,1.691885040126283,0.5413270097967617,1.9706863717802106
39,20,24.599924827659837,6.259361329441515,2.5386416930339584,0.7213020698193757,2.5927835244817534
39,21,16.2448698903211,2.892343265063437,2.198562697751747,0.5710195198631975,2.253880648903068
39,22,20.389951468885734,4.594059509425601,2.1717140960844485,0.5483962103895137,2.174055571557629
39,23,23.204451763439437,8.830572950897592,1.5962557911686774,0.2891791555165739,1.6257869609396893
39,24,23.601500316927048,12.812096200005207,1.4226344084394216,0.3953154834736441,1.7566856843108873
39,25,28.198011485648117,16.158805146971034,1.3490812583944667,0.4627408365041308,1.8895052262463654
39,26,21.739240023336357,6.2445070815157555,1.7679053978896544,0.5341142463040303,2.031324039896944
39,27,17.935847877725255,6.99378180897338,1.769413523333541,0.505591449182333,1.9727177598772696
39,28,32.41088247717385,13.90440790666841,2.436686985094686,0.490735724246266,2.089058813716661
39,29,21.91259940355206,10.752469476670463,1.5277295313046166,0.42064401392081097,1.7771694557250128
39,30,19.7896856624343,4.985363678378995,2.6760451039537383,0.6250304864153713,2.39289060714685
39,31,30.573749075125317,12.591787003861802,2.1054491495560943,0.513674491368918,2.0333332295688313
40,0,18.992833512172094,8.851464427989011,5.086691126831951,0.8731866079227313,3.091769329714538
40,1,29.43598989644537,12.536230957140246,1.7438321599877389,0.3867299628911036,1.776502179346095
40,2,16.573552823353864,6.764619465141815,0.9983728322425449,0.261356670929626,1.4762059224100914
40,3,18.660158054956593,4.2202441145303045,1.560485837234078,0.25851506647116196,1.4995226529051555
40,4,22.924480742592262,5.598824167219368,1.7620366675107366,0.4034940063177035,1.7828655534854119
40,5,35.75599675583155,15.141685255453726,2.07436702592087,0.4793448710016843,2.003961902798017
40,6,28.75454986597819,9.982299192921296,2.6836037554139036,0.5846957653557294,2.31031256403044
40,7,25.22856353370654,6.085222656480893,2.9731723068520184,0.5567756723747199,2.232711211761872
40,8,22.077388957777984,4.408821759796213,3.779222886921788,0.829363154840371,3.0795235395642937
40,9,24.325374281462388,3.898336976091329,3.956620037317367,0.9061467501271689,3.3990351308893003
40,10,25.508517088838012,6.497126221508598,3.482215149156638,1.1090561126554803,3.994450121731035
40,11,17.93238795289148,2.9388955233211753,4.1451488836890364,0.9545251463230491,3.5478793214556577
40,12,47.07051881633302,20.500895688659263,3.8959442335116163,0.6397653605884583,2.5471362396489665
40,13,22.808627347030928,4.838852290174616,4.436166940337776,1.0228846439232253,3.826487724074463
40,14,31.362119912686047,10.828885251009936,4.206652768181778,1.0303481580541707,3.919232671683365
40,15,32.81981547168061,13.829825694542064,3.474014287213113,1.215137925376133,4.292780857867757
40,16,34.294688413228435,11.57948153175981,3.5501611224618967,1.0829244398120705,3.881263673199883
40,17,44.380355379922385,21.336532393893005,3.4573092102030816,1.1074433917174473,3.788848833269464
40,18,38.99517241525248,22.014950744157893,2.8697516930830202,0.8640630135037237,2.8636372039062463
40,19,41.98891541091524,28.261434318177738,1.8899591956312545,0.714937538460044,2.34191658451823
40,20,38.325648470483706,17.665237581206974,2.510022083481534,0.7529576218499865,2.6634902627010533
40,21,38.73167414183939,19.076199193031133,2.05662349469743,0.6392544749350999,2.350950613498766
40,22,49.44047078871049,31.591550683353343,2.1951941100760557,0.7042750730626341,2.3937361165036455
40,23,48.81310849729113,29.256920931164576,1.6753697093476803,0.49968398801929026,1.9610895851183443
40,24,61.7781588724104,43.66848635102097,1.7425384709857907,0.6749200408615692,2.2755020471839904
40,25,43.842947376808894,31.39851995215654,1.3489673337228572,0.464680037030913,1.8425367016699261
40,26,56.69175172594829,37.09456014003342,2.2083557257970527,0.8031261567968362,2.6248026320964826
40,27,41.90345598138675,25.980754085227446,1.9664644275331085,0.5481838892360946,2.0187625840961774
40,28,54.44042071499925,32.50011665336808,2.5217085187349424,0.6050320034514147,2.3445080414934885
40,29,25.48341990667489,14.635495317761114,1.510611585749604,0.5014650009095825,1.9380631513988074
40,30,46.36512513003603,27.53427526623976,3.373725987462608,0.8398935293462166,3.1238407050945836
40,31,43.06763705878288,23.526357662647246,2.25967202580337,0.6741508681305057,2.40464252019949
41,0,50.09476003001907,38.10268251614106,5.162568378225728,1.3696194598799885,5.1048811420810605
41,1,52.406089482105685,33.40241601270459,2.3851389734460975,0.6026389889378132,2.258514613354877
41,2,28.421828281941913,18.85891225289738,1.491585906357889,0.322142503314653,1.6627917385019533
41,3,48.064569518835995,33.533200880409055,1.8384762917303656,0.39947989022714125,1.800263092863251
41,4,54.47010853778128,35.02698567066805,2.581857768981612,0.5016501154202908,2.1212008837624405
41,5,71.56345044123023,49.36504235646544,3.3743472903906087,0.9003181528447133,3.1392312457804894
41,6,65.97281981285506,40.0408735677132,3.5611067631305335,0.7381364551656544,2.7964201505851283
41,7,60.20725093794681,35.09458218093425,4.087621534243688,0.8096456642620877,3.0460875198929904
41,8,49.8929610810808,24.675808518207567,4.3446741886937845,1.0602228327678924,3.8538192895308656
41,9,49.29569930978497,23.08488799129838,4.702601974220556,0.9316658001912614,3.5442658669466316
41,10,49.70678727879044,23.89892919321686,4.0063363134543195,1.046024177723356,3.8978471524884295
41,11,35.14205800265007,11.367836685750959,4.671549382157602,0.8930463640744364,3.3921868950283414
41,12,53.88812658515553,26.18772931505802,4.5930371348308014,0.6498832474893188,2.6630540889883867
41,13,55.84064141229631,29.618574558296956,5.199373502715385,0.855605954728615,3.4628109646621383
41,14,56.47557138202353,31.150718167534713,4.625265484296148,1.036782888387548,3.9941074930166116
41,15,61.54459835932637,40.16472467963906,3.338550965562222,1.0162459872890528,3.6294831815523905
41,16,75.53014535153915,49.51066110032363,3.315489385406071,0.9893299786252596,3.6213782019091894
41,17,75.57742071379683,50.78619920747359,3.5764312335204287,0.7303814230540051,2.8584480298518997
41,18,67.05692199911329,48.953740687696936,2.1904105405069694,0.5055203203614682,2.0024481876514373
41,19,60.07421470336901,45.09338264066666,3.0282245522366793,0.4492641303994196,2.0364548118834036
41,20,65.30572990424272,43.580624369132835,2.349150821039208,0.5522903327092719,2.1605465976276688
41,21,61.349949226612694,40.21544361154511,1.6240194556928178,0.36808620324118935,1.7534773927019178
41,22,40.79170638825741,21.944992552776156,2.049481039794447,0.5357695585946831,2.0187061157590755
41,23,59.52673582762655,39.35392561631288,1.789298730301047,0.3177549279399827,1.648891649784852
41,24,39.63351115307769,24.984406698983264,2.1499689295709428,0.5227734795659198,2.0572226181229554
41,25,39.603647016283325,27.418446651042505,1.422779660687058,0.3589365072976751,1.7043500006730936
41,26,57.12762972570074,38.5910139272073,2.4201297300736373,0.48935378077098024,2.0717496138196982
41,27,36.359761522680934,21.54887053778932,1.7954447983249509,0.4793935139052454,1.9142614637499171
41,28,39.34041847672147,17.94647004532621,2.28179551302257,0.4517371265431249,2.0059837028479266
41,29,42.51837184716939,29.08177127449128,2.014228558124298,0.6064714107328943,2.225224536895775
41,30,53.655492977911024,33.45258026087451,3.283442982883702,0.6397228525940553,2.559472018208135
41,31,64.33654149540035,41.15788834464375,2.2711802479173167,0.5196221214270644,2.114572844102723
42,0,61.45724490026704,48.56123723123676,4.356766604216949,1.0088993555646715,3.3713433063000595
42,1,44.136844965388846,25.61648511573968,2.1902816755779297,0.6504490410181343,2.287675204282209
42,2,31.12260911453539,20.4633753601794,1.268166502892122,0.3642843307861574,1.726823791800461
42,3,26.95512894731432,15.052301300415813,1.4450021909250075,0.3097797111013154,1.618236920275867
42,4,23.993186072501295,8.519696549467348,2.4917778690718153,0.4052392430243552,1.8951701050155632
42,5,43.22363413550265,21.30168606474564,2.7266789179401973,0.7803102728502003,2.7240413618315755
42,6,45.454010552329656,22.4312472943126,3.415223944480049,0.6371677999486298,2.5351545976843686
42,7,48.28803955202325,22.959836584025183,3.538163325405018,0.690349160526115,2.664104525033766
42,8,45.10938220884743,21.94292580494119,4.11680647604235,0.6920849333831116,2.710932440796402
42,9,32.3179966288712,13.083399471724398,4.518964339617327,0.8357716401134603,3.1690940554818567
42,10,41.346282580736656,19.01606809134249,3.8854723156366173,0.9485330675567019,3.6362174284535604
42,11,37.46897566429756,17.853997353862663,4.64551546396752,0.8992594972114016,3.3975678232058635
42,12,28.94463498293213,7.102637808947147,4.493582111906699,0.6812732143377058,2.71316511629378
42,13,40.33724520116964,18.59631683611882,4.800376425638753,0.9805449098237755,3.84337357312199
42,14,40.32675889335325,15.573045005591819,4.418249814221232,1.0935014536290684,4.214359927816197
42,15,39.313016640888634,20.264056169858335,3.663842795196513,1.0895544530382972,3.9130283620527027
42,16,46.39073206675235,24.552922627228405,3.480081662803701,0.913129088279816,3.3261128828104916
42,17,52.22433893526135,31.403421594155823,3.3332860211459074,0.8674361734048057,3.115238750792813
42,18,27.790356481955058,14.45937086169431,2.349860288498543,0.4362837671927382,1.9067158328224558
42,19,33.28110268659819,20.187389733171127,2.3908125563364826,0.5854030497199836,2.241873284626667
42,20,39.27378852670559,24.206326586154397,2.3050390947017507,0.5974783742505361,2.2364202844261434
42,21,29.55432883017504,15.787978866856257,1.7231595563125341,0.5333296850565747,2.0514714331935813
42,22,45.05482825529876,27.84603905170161,2.125811714408456,0.577875637147482,2.1625265891400898
42,23,24.538842741930125,12.902735475281407,1.6116815209913598,0.21859972006760975,1.4711827898997776
42,24,51.46021659587191,35.55360185415823,2.0953138383290515,0.42737701483501445,1.8939881717397675
42,25,27.541137749439255,15.995540610465753,1.2896292812886259,0.26795228055524767,1.5472525022174273
42,26,41.55448760132054,25.2733182030881,2.0179212822408505,0.48244194679103547,1.9619313581428246
42,27,52.97051670037484,37.460261583916186,2.3564048743567385,0.5500389532362258,2.1566058316259253
42,28,51.870710007502325,29.95943778120179,2.4897479261577686,0.5357434637349616,2.151570585952492
42,29,35.65478872287761,22.81126002250434,1.7971831041865052,0.5870037621955806,2.1235609103799207
42,30,57.45263656644312,37.0318961308475,3.9430811050359473,0.7391921160856754,2.8941417077942737
42,31,84.4731402198399,63.58845529097927,2.960435470162973,0.9003564592401974,3.147154801172944
43,0,51.33125634830521,38.26888243518893,5.273531752033717,1.2705163477374715,4.630129374107541
43,1,19.42496724111144,7.646139660710487,2.4859492683660367,0.6484361107792167,2.317449130218066
43,2,41.95293425378908,31.510019899449325,1.5890903723235141,0.5362887829979759,2.0126230887167256
43,3,60.89732172534793,46.11210310463335,3.107836413477721,0.6707830376164203,2.4660883217197584
43,4,49.22043877396402,30.522965470251144,3.4665207744815625,0.49364904480051175,2.1973658777204155
43,5,56.48536627800175,33.168862277260935,2.803705472717699,0.6117381550466865,2.3216796590987503
43,6,80.9278991148103,56.83248694130398,2.4309462349981583,0.5276478541310352,2.0529594911995357
43,7,86.54513519458462,58.31824106507478,2.880321997848955,0.4788352340853499,2.018773774552502
43,8,56.8052463131288,31.7086473290546,4.122979154064026,0.5723366027821619,2.3043048827486867
43,9,93.61714214876179,64.27945643463212,3.704381468923781,0.43338368628863266,2.0322208187786193
43,10,87.18809018768073,58.303603094533116,3.3577970852860446,0.41929749973065444,2.0079537229402242
43,11,111.49541830578856,85.9154797801234,3.0790760656515106,0.3212333821699591,1.7339083423580786
43,12,96.38412731183912,68.07997770871924,3.3852945332816917,0.3628181510369517,1.8182146190493107
43,13,144.70465487965234,117.2093908749506,2.031953222146113,0.31144565148112324,1.6234016946056313
43,14,128.07926004403197,100.68895912769317,2.6677100484149174,0.3343898569612338,1.7244557530819087
43,15,129.44445264309218,105.54843717177647,1.3353065927051544,0.23849589350586453,1.4701114464477734
43,16,98.71480072009248,70.35230766932433,1.4932967665982855,0.2225223134125749,1.4417521518126324
43,17,88.50124884874732,62.49941967587112,1.3687782224567382,0.22710609402577386,1.4329595852774062
43,18,52.319541655589305,34.172807270865974,0.7173260914054143,0.05627473199464306,1.137881061593662
43,19,55.46067504136755,40.94627259824069,2.5971939903289285,0.22866632572218437,1.5326040165974388
43,20,57.10329066146712,38.47461896448456,1.2046202139597333,0.16727330014378428,1.3364314401094302
43,21,51.87672436105157,33.16262113097227,0.8698325170158905,0.23494815331029595,1.4195254643283524
43,22,65.0754243184265,45.71719010114479,1.0462897498012667,0.22102583739856874,1.3964400513582569
43,23,32.61917341078832,20.924655599554512,0.7643714048839729,0.08005408221278365,1.1828660942457392
43,24,52.77494558299762,39.279158391193164,0.6594193797358663,0.11949793360707828,1.2123800502831736
43,25,34.178464910950254,22.194270801659613,0.7165138508850457,0.17850521869431035,1.31939936769712
43,26,45.48568620001117,29.488472369217302,1.5581952884891064,0.3467030795170203,1.64549978712742
43,27,43.11561645675103,29.829970825849426,1.6974962440916088,0.34423256141709535,1.685256236570274
43,28,53.87786869955066,30.065824590087168,1.8778386021122089,0.6639273284991225,2.3571901107063087
43,29,35.57570991570492,22.384921090527385,2.171768035592848,0.7219665537937088,2.434077405736046
43,30,52.27411538128827,30.940237814627103,3.2212412242283355,1.0921964220700104,3.5461142902047977
43,31,75.30726689496171,50.48599338382381,2.512753592422702,1.103923591656382,3.5181889063902254
44,0,30.035607461899836,17.621188438991048,4.846130231489232,1.0846847810179705,3.9292574682928567
44,1,24.024549577772756,9.88154673940217,2.363065183591373,0.6435025436934194,2.2954468663461602
44,2,25.3538962992858,15.358307795170019,1.4308339875084046,0.4299860991164508,1.8294715773273966
44,3,54.48149892498286,40.116647694918875,1.8493438324204632,0.3840633541061369,1.768264683169045
44,4,52.865427973233956,34.217018249103226,2.49922405588077,0.44216749476916206,1.9735780460315504
44,5,49.84684476491869,26.34411894212455,2.8886048596681144,0.6465034621231425,2.4548669750569623
44,6,91.07666221399634,62.48326368301844,3.262997623300902,0.6170067398036356,2.445198522674825
44,7,82.5303512073464,51.30095424671376,3.7695538935119774,0.7662535007870357,2.907063239103355
44,8,76.27823498230032,46.445802396554846,4.0835681274757265,0.9030103969098002,3.285883434761963
44,9,79.08118351952481,48.23340977932918,4.622306404712376,0.9318040632098352,3.4625838508504456
44,10,76.56922681553928,47.12279901618462,3.996550492695552,0.9382774846179105,3.6098579824012456
44,11,99.87037106669158,72.42158397258979,4.799949641161289,0.929390242713299,3.573413589104312
44,12,98.67276300497917,67.30979122727473,4.739611460326456,0.6775979870797251,2.7439078015050793
44,13,122.41460407304511,93.22385066657029,4.642231954207604,0.9719848046071302,3.7998101450407775
44,14,96.20660431155734,69.7526440886788,4.074836030631715,0.914323043784405,3.4457966457088354
44,15,124.96601111774149,100.16648846577749,3.7385759108799856,1.044622538658996,3.8634822504326207
44,16,99.29966513226395,70.07843235400293,3.4084560976583083,0.9700578897416134,3.4010773440886544
44,17,88.48587996675218,60.44935467347881,3.665545147797129,0.777706409043537,2.8277137892227273
44,18,60.05249075286835,40.708958788060194,3.0022006568612047,0.5107803040108294,2.1101681837793476
44,19,49.85168430163928,33.82680967225172,2.5469143219628694,0.651377708883095,2.292336881405735
44,20,44.993095342697785,24.52150363890111,2.6748868594107535,0.6800554022195358,2.476563406813636
44,21,60.44849871147433,40.295852821671716,2.3875069027458187,0.6780492510432068,2.3834291474511233
44,22,50.05180645343398,31.25905732720296,2.5305065695467728,0.6375812557217304,2.2896908467374404
44,23,35.73477060155928,24.054981834049993,2.058702504990362,0.28930852854407973,1.6144288472499502
44,24,28.35890049575112,16.264031972780536,1.5344347544555106,0.5296536946444599,1.9171540851113524
44,25,28.11879980397597,15.71682683387553,1.3280596433458578,0.39135093105337293,1.7174269779108537
44,26,43.08064754002229,25.917422592076633,2.233809988593216,0.48705573776476685,2.0242263433464265
44,27,36.52154858044817,22.43111285638571,2.283080176942202,0.5474501255476882,2.129288615657006
44,28,42.823064919877595,20.28361553801551,2.3777324245529528,0.6833327843948251,2.4179756472317337
44,29,53.02537383937069,39.91617006577319,1.6146992948678955,0.4744242037516069,1.8378056567457768
44,30,99.05580333834088,76.35024059371395,3.0825334344167725,0.720115808303051,2.661139516100962
44,31,97.75662886696637,71.31657048093443,2.3033445890717177,0.6950394316834965,2.463757578835303
45,0,31.510860050648233,19.30255144899396,4.63920435910785,0.9700389412022234,3.302627546314768
45,1,35.02546598579862,16.340031354211554,2.291381198809866,0.47146908320442504,1.9279465963830191
45,2,33.03687434090806,21.948058621532443,1.2997828795864965,0.344069504890514,1.6298043032965972
45,3,44.56573887156501,25.86280390048171,1.382258924501834,0.2079923469803151,1.4266330335327506
45,4,42.826900867818644,24.658154626579567,1.9237075295707893,0.49950561997512954,1.8987973676417123
45,5,40.676377888715365,17.4552653114403,3.6193250679005837,1.080054636186623,3.5234642886283325
45,6,37.7458970657776,17.398112111172786,3.3723204332905965,0.9163435990019586,3.16934013933242
45,7,36.60886270889116,10.886352101284654,4.383681177499511,0.9647806350265347,3.588041748446944
45,8,22.80291272786148,3.6670165290337495,3.9975161660928995,1.0130768810646282,3.576860259115462
45,9,28.132966136773526,3.735753132160246,4.659912195735567,1.1533908222190146,4.282012605260958
45,10,35.94180970939021,9.131054501999904,4.156527404259195,1.2363702063655486,4.7317699522695325
45,11,28.445777769872215,5.849727371840343,4.691042002529771,1.1343176935257233,4.3230186302996945
45,12,27.22309910684507,4.900406923229415,4.871375116958458,0.5643753176130843,2.442569018285262
45,13,32.49939211606252,8.468258968514837,4.545685090155553,0.9900250295808641,3.8458484701988644
45,14,37.11397797445477,11.950309453690156,4.893489296345593,0.9408123559888013,3.6662970963530612
45,15,38.936206891739715,18.24085912275498,3.2961041574656766,0.8382909880140677,3.0718263776682195
45,16,34.696865053664354,11.159081725674042,3.3662841179247263,0.8482677911076593,3.1237970699653017
45,17,26.359081692569198,5.643414962669659,3.0570244179895907,0.7610479663066712,2.776281562469161
45,18,31.636384803996787,12.457340028538374,2.054500115280426,0.5207521898532477,1.9890203060846352
45,19,26.688873938119258,12.157177245423211,2.079713689362525,0.6502177820293484,2.2334264485651
45,20,21.3720697056137,5.040094487736278,2.5359475304062924,0.5594495315916244,2.207945310860196
45,21,20.925560428392952,4.048419281355134,2.2513806541660046,0.6007779664757305,2.254643969275307
45,22,19.5400838423327,4.925975996223848,2.056082044612616,0.5617580852276172,2.1204513376643455
45,23,20.607058230192216,8.066121996959014,1.387791096790333,0.2522179538191376,1.5036902609509997
45,24,13.492914427196979,4.583372877216922,1.1974392477086022,0.36779925757348586,1.6683512980235822
45,25,34.166935996014175,23.208339796163422,1.0955617818877426,0.4135262600791578,1.7457732038868892
45,26,36.42174214796578,18.26941595704701,1.519221532916309,0.4118310594475736,1.7782432364025345
45,27,40.511097506097755,24.270160028657678,1.5994189596576442,0.45836152833977484,1.876340916236783
45,28,37.44004078458599,17.710814261830564,1.5440353470322026,0.5234866187559297,1.9541001099448647
45,29,56.737594732283185,41.8241056926411,1.1609836058577563,0.5906792539517964,1.9270243136268366
45,30,49.19316987325891,27.257481066761635,2.1813966325792307,0.6796696672709746,2.417515794523416
45,31,66.06717358881184,40.077540590974905,1.8054861264125703,0.6117129892710538,2.2119400838435324
46,0,26.705673729738436,13.869204145603671,4.89006748616343,0.8670065918030563,3.0631570721479844
46,1,27.80383498325098,11.80949614158085,1.7353187878234582,0.4047287888761064,1.754987227826178
46,2,17.339080405720573,8.89502954740275,1.293851737820614,0.2959441328688326,1.5667155121204028
46,3,14.66516344348306,3.9806725754176915,1.6469914266339267,0.2724247871675163,1.5156976162526763
46,4,25.357291491023503,7.4694493473224846,1.6847688286513498,0.37997340134299273,1.7128340136051383
46,5,76.73517716886892,47.1347566914515,2.008373597535768,0.5272858546934289,2.0164009326444328
46,6,68.94839428065251,38.72195454704936,2.0319295677691365,0.3939827784697627,1.8376422600307043
46,7,97.40566714442623,64.35404821915901,2.7072540802941862,0.4355464433541729,1.939562185944449
46,8,37.335001811889086,12.041383108239689,3.3710922644097256,0.773084797743746,2.7937482369850706
46,9,42.34210728574898,14.449318867849438,3.9434049309206562,0.8305372001391138,3.096121634627812
46,10,46.49364775178877,17.892339650280256,3.784544037407115,1.1011037675898026,4.078432351194138
46,11,35.197651807364835,11.603850557619547,4.6048714126553465,0.9868932807863624,3.7642657232366252
46,12,56.648285880998,26.89054026339855,3.9328787429921315,0.5150546001205232,2.2204806982016616
46,13,42.04605992594072,16.055730741236577,4.197232973010205,0.8556493951774691,3.2521230273070194
46,14,44.75957527208378,18.026088291742468,3.7884460262079225,0.9809785602439502,3.5265165720866802
46,15,43.443680872042336,22.083304101704528,3.342323396502654,1.0463983004215986,3.7253105402863835
46,16,34.01892027145553,12.833276429717449,2.695585092913803,0.8464083331488892,2.9756807981974513
46,17,30.869133628387193,10.800841964640238,2.922503608452205,0.6276055394391906,2.432088349003785
46,18,17.259251665870625,3.816718776628318,2.1359856999936353,0.382086016215057,1.8041869056745934
46,19,24.66799898825441,12.162648066312538,2.0166854079594176,0.49018901147995075,1.9562951412682072
46,20,21.05626869780012,5.409893494794499,2.399402720842632,0.4787032858275948,2.0020727999376047
46,21,28.8442031008393,13.668750536755335,1.831333734969198,0.4060350835382922,1.8159598264581718
46,22,21.88114938103994,9.265886144371377,1.9679400815516146,0.35244750462930186,1.7174680467885288
46,23,12.156211115753004,2.479483757484316,1.3432144893787483,0.16766549747051385,1.3575818130779886
46,24,21.68488272161401,10.72273933063052,1.4513256936444001,0.4750607378272578,1.8360767591893985
46,25,35.67785349434542,24.713221490403384,1.0429857261232072,0.20732304669934987,1.4271909407884247
46,26,26.354599567966247,11.867128119225528,1.7690054832215907,0.38124969923104723,1.745999002436819
46,27,32.4094452403097,19.58829234655572,1.803124924492534,0.4539086065732705,1.8337435511169462
46,28,41.50550757306689,21.659771080878528,2.121384444954379,0.3338453365154077,1.7228529338660679
46,29,57.228176101355245,43.07739140310626,1.5946471894447751,0.3899144344594301,1.7183542045288789
46,30,54.07887257125596,32.38329530684963,3.089383180832069,0.6334016958893516,2.470482723696154
46,31,63.564688745463364,38.52708281770241,2.3705179064166497,0.5651495192618778,2.197160030298951
47,0,21.627708586441596,10.221131513981373,5.042325418569089,0.8737932138254241,3.1105524309658406
47,1,21.749455338101697,10.012439358004197,1.7091282745173353,0.43781196575964065,1.8219076222778947
47,2,16.898933211243246,8.165677262437377,1.293575781902768,0.32794315172147237,1.6509248044796019
47,3,15.908741846869473,4.400177539735657,1.4233622568765403,0.22369170623853463,1.4326270854801053
47,4,16.433249298612616,3.7390016224052007,1.435973057498999,0.32851404275930873,1.5990273866714082
47,5,14.919911142383281,2.5522377425323377,1.8048033736359432,0.47402308370054236,1.9338175491784266
47,6,22.351379246249046,4.283296702664045,1.7632560276458182,0.32648670167451455,1.7016306470381664
47,7,28.687900349056633,7.458936674303832,2.528806261434569,0.5088266238206702,2.0654124209174727
47,8,40.63457537206832,14.65787565785271,3.463439493102603,0.7436291115099665,2.809141500634955
47,9,34.241283661591396,11.250846728331496,3.6428421183864605,0.6341854900081243,2.5684976033364877
47,10,49.98944347634895,22.178487716722927,3.0078850625861717,0.7286679893095722,2.830846025482715
47,11,37.16705891725174,11.739539371436704,4.342675991895911,0.729100769610068,2.910430440328229
47,12,34.66157263743874,7.2162429506349195,3.3185706279368237,0.507058454012673,2.1154546299520667
47,13,30.44747283152605,5.532148117267413,4.452003600926107,0.8024370070953442,3.146105022247217
47,14,31.777674953027216,8.507445348273023,3.8895052611283987,0.9845429200801306,3.5748702996342168
47,15,33.0532458943922,13.540956261179302,3.1495529559319033,1.0305900995997304,3.5664648549537548
47,16,47.4921408099089,24.184830335634924,2.99761268237067,0.9630013703137643,3.445441654060998
47,17,46.28356880991315,22.00861454809966,3.358970446396207,0.8212796528244399,3.0738335638552097
47,18,33.670491535161744,15.228541946982984,2.5343980386916742,0.551140794130248,2.1853133078338587
47,19,57.528280503406265,41.45368132060644,2.3295524743909395,0.754133692543105,2.5716310295188824
47,20,41.83438368651757,20.57522257127488,3.0070465975507132,0.6003042732877026,2.385971588128018
47,21,49.06012891749912,30.556536200405517,1.98860778954291,0.7377714964992454,2.4858511505361327
47,22,33.7012724842304,16.2565959303437,2.06614349069415,0.43709195071837703,1.8839268208565834
47,23,16.99851698569381,5.279621819195796,1.532044057113493,0.22648996612642414,1.4700601197198662
47,24,45.31134129991701,30.038008370331603,1.960883730913247,0.5380686410772466,2.065867451004626
47,25,29.350017423729163,19.107054152089418,1.4489769280914258,0.4362435151843038,1.8107445480228348
47,26,43.89947595439426,23.591990622669883,2.2466905646386,0.5086827638804876,2.0820428551854357
47,27,37.21078012735721,22.236845394197253,2.075780268593612,0.6054489083650356,2.219975572682887
47,28,20.888664913709473,4.657581611025042,1.9354408189874444,0.3155783935430665,1.698872795474753
47,29,41.76086781970635,28.80136605899515,2.0142432234908982,0.7138332004762544,2.3618558546133004
47,30,38.751757781546075,14.85716655914971,3.575494014284824,0.623491930473338,2.562830078213667
47,31,37.90506882557882,15.664384528058218,2.761323077233582,0.7907101385934787,2.827592077768844
48,0,35.57381465838491,23.084011718819234,4.956876077100814,1.062285786988669,3.881741018859199
48,1,66.3830749136971,47.261577823542275,2.448232873852472,0.7408748670425958,2.553553102171363
48,2,43.79321557978922,30.443906798295597,1.8469167447352417,0.5104197219152713,2.0408695698864845
48,3,56.67187982023678,37.76833274332711,1.7082022817122187,0.4039894816075271,1.8005013599838393
48,4,69.57791362777239,47.73721244819739,2.44490330716045,0.5756301438005837,2.2196121545992478
48,5,80.25874390709959,49.92212215553452,3.1260918667645603,1.0832425874372786,3.4588359399494504
48,6,94.73483055798272,63.248612960747764,3.6014947587139496,0.8316164953697345,3.0838802449468
48,7,75.06097945104929,44.26176919268592,3.7124361452910692,0.8877036788301407,3.2181195965761
48,8,47.28850104357825,20.147751808454412,4.172307673549203,1.0149620977066176,3.71207760119607
48,9,62.25538202175194,31.203717927551818,4.642312571514194,1.1480938502137663,4.238987417768622
48,10,73.69554940286083,42.17249004350529,4.088301586777309,1.1688456919608496,4.543771536869158
48,11,60.61813613145094,31.685092300487227,4.691616827568039,1.1342661293174654,4.320025972641136
48,12,81.68302979819553,44.11659232022822,4.623810821268237,0.6030268602707274,2.5362276067151517
48,13,40.25397412159547,13.53517408048291,4.931060526608761,1.0260174462731442,3.975470666815094
48,14,59.818357436856864,32.017475674951925,4.517308802599964,0.968869209949669,3.7832184194556393
48,15,67.51048194748384,42.0024860830804,3.9172661800972404,1.2254780211423646,4.3896020106265246
48,16,60.95910368673125,36.16219248319124,3.8375079916771875,0.834165094293327,3.207627147312711
48,17,52.216053857924074,26.270580147729337,3.6604794747264124,0.8316434482166013,3.123789246467408
48,18,40.73743597271914,22.726277326292887,2.991802666790681,0.6316586733547087,2.4252025259148464
48,19,50.77175932141758,32.04752151156621,2.7557278773838796,0.732391527538955,2.5892797091813193
48,20,47.26701824761529,26.826681548444185,2.930181419210682,0.679715138998084,2.5473794427002288
48,21,64.88041391591952,44.8650359862995,2.168883312511731,0.5592999486693424,2.1776373604515036
48,22,51.67500412613771,30.516811313245256,2.9624666618964133,0.6627947954421636,2.48014662973495
48,23,30.332041939042107,13.812922296903473,2.152034406488073,0.2984016827927727,1.643870731105041
48,24,37.999016005906576,21.337615370067663,1.9692734726200163,0.43003656326272743,1.8788003209335156
48,25,40.58293864396761,26.326876452279418,1.55229695178312,0.3322125666203064,1.6770844754172969
48,26,50.60130525334954,30.394896500645608,2.474626650866567,0.4709756792146087,2.0418705317704875
48,27,46.39461318549479,28.235776815847366,2.4142275606699704,0.5403421877727159,2.1137982020233532
48,28,46.46828602401581,20.86719614909368,2.5338748177561152,0.5096823483999366,2.1022462328146165
48,29,50.51925873458627,34.57644138980244,1.8791733497290717,0.47745084550622696,1.9201389311760475
48,30,36.69558820689764,14.268588677604985,3.5625020013336157,0.6160250291210772,2.4991869722681654
48,31,48.91340375750049,23.64458457926483,2.328212024187606,0.5884087638173967,2.276092619885284
49,0,33.537863695669756,20.536546583247958,5.021023320685783,0.9714632681819619,3.4746740629965704
49,1,25.125903214634377,12.457721271537853,2.4798640416748645,0.5843660475978005,2.2145806419104854
49,2,26.727706520535598,13.971398582530266,1.3966617263289258,0.5121863092365173,1.9233076590832159
49,3,15.62704897003518,3.30640176084412,1.6619434749341477,0.3123043663481362,1.6249621424398613
49,4,36.595689704460526,17.421621512761824,1.9225733858474727,0.4637607986750283,1.8863319302016999
49,5,50.38690579200294,21.00918273018127,2.8829957439823777,0.7151722912322502,2.586688183831006
49,6,47.2502376914037,14.900435411606505,3.056655281715728,0.6676966754974774,2.541544032748191
49,7,38.86672609348677,11.359547066746822,3.4280870731475126,0.6203489645058786,2.4889909940029864
49,8,33.4555867943825,9.4606873674826,4.234221192633177,0.8539567764766689,3.153240310416935
49,9,50.448700209796684,21.303222453717233,4.061848034284493,0.7868201063556368,3.007767810107438
49,10,52.05457807676052,20.633988630895068,3.941749914333945,1.0075327001243028,3.7439673671379032
49,11,38.049383369328645,10.807892940558466,4.68749696155386,0.7954718279001183,3.088786300792751
49,12,42.25240417232516,12.89162581699416,3.8420708508603134,0.5099707225451366,2.1607596484109535
49,13,32.088334390185736,7.156265887287346,4.826748313909411,1.0221212919144982,3.865907550543239
49,14,42.97330184061438,17.356753906774056,4.221917083054296,0.94349873158506,3.533108211426553
49,15,31.584389882701316,8.703583022374291,3.7390640890462756,0.9314805979465466,3.430367913880517
49,16,42.456981562741554,17.938055779260445,3.449755848245392,0.7465774019769995,2.8616871900777663
49,17,47.32866636953515,19.596627950671742,3.833328089371345,0.8967525067534554,3.304474483688146
49,18,34.139791076158716,16.683184429630053,2.7842641856262986,0.4653731976598201,2.0456653978036408
49,19,35.08599262157681,20.7545987750414,2.365789068820118,0.7081454817418624,2.3979972044292954
49,20,41.8922895555857,21.888664738221163,2.8286773726620758,0.7176596077103654,2.604029346085515
49,21,43.94091369674939,24.555483181957214,2.4023216019453066,0.559460517027095,2.2257346925389645
49,22,45.20348391043315,24.728328915578004,2.772161851042484,0.584321294607256,2.244263659519009
49,23,29.23542507107733,14.020691263005535,2.1348908277246936,0.340715847315729,1.704035860109013
49,24,25.704204604409078,11.46784408595822,1.6040860889298758,0.52641501201741,1.9328069799032581
49,25,30.584544484822313,16.63086144819379,1.2642003276762068,0.4636002541293389,1.8081056072942874
49,26,37.16580291022633,15.12921360230468,2.002189680600298,0.3956484997420291,1.8357434064503595
49,27,36.73173321681143,17.29378419998615,2.0116564973690596,0.4680662745775783,1.9182682556900033
49,28,35.97021275030471,15.464808545004033,2.355068463365163,0.524662016839128,2.0991037013744185
49,29,21.528022298006427,6.524747424981777,1.8002754203135192,0.4258117496935787,1.8251979290169853
49,30,32.55601796844036,9.94403514513624,3.255510983613114,0.6030395322555075,2.383756544458877
49,31,39.264127441500435,17.579292166043917,2.443095418225752,0.49352491838822576,2.118468902163929
50,0,26.23822555130242,12.086135296836112,5.506433296904756,0.78999337929997,2.9314998583633165
50,1,44.7847285612266,25.470400972554366,1.6752197891431906,0.4048824137719751,1.7719021371915216
50,2,36.14703791818201,22.7230732467465,1.0917645318303744,0.27193395272489385,1.527064257545412
50,3,44.667591243845635,25.10102132854871,1.3693867979661904,0.22277779308358348,1.4264230286048096
50,4,45.83352222780424,24.726223464016122,1.4534653479002058,0.28881988174726847,1.5788551409208584
50,5,49.847199416891414,20.448573028503237,2.003321429885336,0.5170280180259628,2.050892105380218
50,6,74.21431848853788,40.269622739221674,1.8816795815390572,0.4198128633842242,1.858698172899855
50,7,56.97216188575585,23.77768800451925,2.808339874773287,0.49251521026650025,2.0963965235821482
50,8,43.377684775841026,16.5674324572043,3.1399932886717723,0.6168743754381634,2.471355856250865
50,9,55.404624521735954,25.138393983356057,3.118743879685421,0.5262175267744582,2.216278128766515
50,10,50.343867163650316,18.004522837843627,3.4893953271465725,1.0178540575799908,3.7701850128172345
50,11,39.16705969008706,11.065892960655422,4.582378453224275,0.849908181307824,3.378885580398764
50,12,50.73013634206919,22.50097909304306,3.762975912439705,0.5084526216175007,2.178049213067275
50,13,56.40447559907853,29.10318285400549,4.357933650009096,0.8853984422546386,3.3508145313522975
50,14,52.65462635174923,23.703907012099535,3.988577509453747,1.0890424807385282,3.890242831817649
50,15,50.79932330256921,22.25782190078222,3.457834681662062,1.066551186693446,3.8649772627172023
50,16,44.04488861714924,17.117706777033852,2.885324002402681,0.8919422592863961,3.1297994661815083
50,17,59.36995165782208,31.64291231321986,2.9835723757274373,0.7687917632794177,2.766139046348956
50,18,33.02939398517049,15.36677855804976,2.385451045670184,0.42832057273170854,1.9277601747998583
50,19,27.09395745785643,13.369431499588183,2.0032097535953577,0.6351956444406706,2.2019608606763277
50,20,30.82423110786634,12.02754919134188,2.5418931555546402,0.6570097163201067,2.3792767413022657
50,21,39.38817342231993,18.957601216234924,1.906034986607064,0.5175312741542295,2.0246005825398377
50,22,39.04876426301877,18.840637454270063,2.045096264189379,0.3235672370865119,1.6842652757155698
50,23,25.34983151778014,10.230151839717077,1.4722703669975472,0.20033463686515218,1.4271095863450427
50,24,28.00607826982115,14.56533474409515,1.5142759583573495,0.4963812923853492,1.882880525436157
50,25,37.21767398749633,21.75706799174044,1.1890946530555446,0.344801764242999,1.6605831374643027
50,26,24.790284553186883,8.966837704524595,1.8737171215439368,0.4277403484701505,1.8474670334956942
50,27,25.79348361804454,9.676015878493331,1.8163117989738007,0.5639829836241481,2.0325841995602536
50,28,33.790178626636205,11.028946804125324,2.2009792850854275,0.4133756155423969,1.886792341838179
50,29,21.808442930230377,8.370029779401131,1.6861284313276763,0.46715936493549526,1.8733661998061484
50,30,34.27509094050975,13.921261966514471,2.989011713704387,0.5534340741291439,2.2755475561479663
50,31,43.795987863908096,19.218560809024662,2.600556048855341,0.6188166980837893,2.344709109301738
51,0,15.045907128842465,2.8600254118355526,5.062841562698318,0.8773087377304556,3.1069173945488298
51,1,18.328707027311133,7.883077873888887,1.6570877882674322,0.41594088215197833,1.793466924119151
51,2,16.210695172500113,5.84690609939624,1.2061243472025822,0.2982341365747665,1.603281687496707
51,3,14.370206099550131,3.259125980388686,1.2750776751725827,0.2032187815909916,1.3918283312453108
51,4,11.298630045360675,0.3071380946793123,1.2894547803601268,0.29445876741310517,1.5430862700168564
51,5,15.949316967860632,1.0085883620676583,1.8106432336680922,0.47475784502385077,1.9547956135840707
51,6,23.10443015246046,5.313233478288444,2.0368255682906637,0.432463733222773,1.914327063791997
51,7,25.029882138004364,3.414327475183468,2.690146942603645,0.5485775785693741,2.174072116258618
51,8,46.88261660037823,16.45021126302463,3.486612942942572,0.8548503483017811,3.0940330254704485
51,9,55.59085998580204,21.235396505482715,4.356129077336801,0.7114915569211799,2.893649570634622
51,10,48.580340372901546,14.998610749385154,3.7362975191640913,1.0307240749248963,3.8685532364203605
51,11,32.60284281348375,11.605367149020108,4.832302765477776,1.0109254972047133,3.995190125713469
51,12,64.90227795625512,29.77731447832629,4.183150634974281,0.6266032200097635,2.4743186923637044
51,13,45.116653431642845,17.756663577949467,4.660609261345611,1.200503770738722,4.583461421726825
51,14,38.75331550836499,10.990056038717142,4.511148894312996,1.1457089624850418,4.248739202303884
51,15,54.675336131130884,25.307535054606753,3.6108077926474516,1.1710543679778564,4.200803425839379
51,16,43.308395648110405,14.194831400856334,3.418673089466109,1.023096410397748,3.7246703791712568
51,17,58.11531327867729,27.027528880182345,4.019592790122892,0.9802786439361215,3.6554226325832686
51,18,29.59828911423026,11.840450127095867,3.0059572799614838,0.5723216039082759,2.3236333620351695
51,19,44.41105639550803,21.789647711749534,2.4030066630073916,0.7582219334507263,2.5853050690769894
51,20,36.89506327955831,16.099736641694104,3.014602397674661,0.6720259693229478,2.5530598801389814
51,21,33.830867445531744,15.464483980248309,2.4881310627110267,0.7298928269132912,2.563342864710772
51,22,36.29142066682341,16.815566467672284,2.6457738348364304,0.5730260845620405,2.2639316372123863
51,23,26.285614129107035,13.848297796014375,1.9814998871277372,0.41280107994395565,1.8135132582878006
51,24,36.016409594977816,20.718013785628113,1.7070482281427504,0.5257096600166644,1.9850809193471515
51,25,23.86748509810618,10.743514108598479,1.279146715320943,0.46150871698460016,1.8316111269345128
51,26,40.924474203255016,19.179898304814206,2.245768736955063,0.6141532913193215,2.2678955659463584
51,27,30.597768257943002,12.139150633890736,1.8841318948185304,0.5723048471813046,2.0747665275867107
51,28,19.115559462939448,4.351276178810173,2.1125697771758354,0.46437998783026657,1.9564144481481798
51,29,20.00571021541986,4.525157729726949,1.6956537427476448,0.445316703350616,1.81344743211815
51,30,28.8390540693299,8.532049073866872,3.2386136764153273,0.5758077818968133,2.3567877622707867
51,31,36.42629363861829,13.022390857144247,2.5131301176491134,0.6242190712818774,2.3277641708282832
52,0,15.071474333563032,2.966609145946764,5.085493749304058,0.8808325694479571,3.1299782537481082
52,1,18.445069622253975,5.485344921835345,1.811295706404639,0.48977910502945177,1.9637415310353135
52,2,18.449343928451967,7.774108329608359,0.9139493150307061,0.22609187671231967,1.4520585836888915
52,3,19.06558638077265,4.247994895896901,1.588077119429438,0.2308398470741415,1.4819405784950117
52,4,29.365261215526232,9.105736646425157,1.884496498699294,0.4330741713477424,1.8363847920763623
52,5,50.64007930815717,18.20896574428009,3.11270550351481,0.7037908785118399,2.611784380080964
52,6,44.296307378794864,14.425446419814875,2.585938088399862,0.5121791645696789,2.1744237539069378
52,7,48.385005383666915,18.227289290521043,3.2700029910294677,0.7129473968912858,2.682388587420769
52,8,26.694786228377367,4.03793467957382,4.157108653886029,0.828848859116019,3.1271792272003682
52,9,29.782462343572085,4.007427950595566,4.6938368236480486,0.7911088628233163,3.133781079617314
52,10,34.96753720669205,8.08841589378979,4.04973124829608,1.0077138860019126,3.9088795129686766
52,11,32.82502949440973,6.2541180805442655,4.728505925813694,1.1056001910378193,4.283591702763916
52,12,21.783072421402807,1.0131778784622203,4.304782013853577,0.6504403453476693,2.635597504405211
52,13,33.126622214981595,7.21488888310107,4.580516196067738,1.2233378051853938,4.601835978362868
52,14,33.61941726185852,6.255754102019811,4.128219961925097,1.2555911539834481,4.6477461698151785
52,15,48.821622671487546,18.630004818977547,3.939650894327177,1.0960432166242402,4.017424841911846
52,16,45.04328058833515,17.09558387903463,3.4935343434943085,1.121103460927531,3.8943462299798597
52,17,46.11674161803885,16.960756310619622,3.548928284573023,0.9395130232030073,3.2986289966298923
52,18,27.852930994299218,9.489046399594049,2.853663222328272,0.7512999059488243,2.6553473626411344
52,19,29.467836850560204,12.690797422979596,2.2069578205523657,0.7397360300724714,2.463230256483178
52,20,30.00057483375,9.888636416526738,2.94775552554146,0.8643339467494195,3.003498626978391
52,21,32.820570265414005,13.27110267703188,2.196854908546203,0.6321891127806913,2.3601450057253506
52,22,26.934076575018413,10.41990068917447,2.5759967368019137,0.6439500843365811,2.389404271224809
52,23,26.143183571037746,13.761696599421366,1.7794978569851776,0.3002090464653313,1.614862916216709
52,24,22.37344724663006,7.934542302737494,1.6491650178062809,0.5746399485416829,2.0854156718325365
52,25,23.20025472696055,12.696903981917078,1.165726503387964,0.3380267645780195,1.6363368070686704
52,26,34.102398160263455,15.252524929968178,2.1342222593670033,0.6131363977437743,2.2876111150375182
52,27,30.869204052347396,13.133365852370442,1.8606569260279886,0.583165779657473,2.105246344273856
52,28,21.435461801010913,2.6361009565621987,2.131614242817143,0.43054733141091583,1.8787216636156372
52,29,17.953586604084894,3.824183124650777,1.5873823976854031,0.45515838794152375,1.8283735229096947
52,30,23.335323590440176,7.311433151575547,2.8350227892758166,0.681967754938082,2.5244166324039896
52,31,26.86901561065986,5.2426501659731,2.0812214521942343,0.5715075600225763,2.1769309136637656
53,0,15.69999105777783,3.8938392692517434,5.022908193614597,0.9368157650326889,3.33946733003109
53,1,34.64116003942598,17.130284111355618,2.0218520868821317,0.5429673729595805,2.1326014055684355
53,2,40.68690530040724,24.413405698423233,1.3856664320253427,0.5299499496296316,1.9855831763775305
53,3,20.76701401938437,8.377425185770079,1.7819098633808903,0.3386395923506498,1.6831859190555314
53,4,25.5186174287032,8.254893134513232,1.9728664065973582,0.5308740529227394,2.0349031551026573
53,5,27.439463622073706,4.2930811837541,2.761925460775301,0.6966797177094968,2.547858674310547
53,6,44.44345631863361,15.490106948915786,2.6854473534781453,0.6406484131267032,2.383557997498296
53,7,44.651739103328715,18.673503353390288,3.746059606545179,0.5764433257065358,2.413511144485758
53,8,48.360024637273725,19.079406549891395,3.8063260298419257,0.8966614760346321,3.2397994920081756
53,9,46.14596001610647,16.534356367939566,4.231707226827974,0.788298073574504,3.0743771570320435
53,10,36.40873284330624,8.241148473433975,3.7982816608887835,1.109414108979212,4.049379489183471
53,11,44.763863162484355,15.507534033513775,4.50769689496034,0.9636794079212105,3.5564156395345816
53,12,44.136179232053095,10.65731639250272,3.921949643271918,0.5816247865996891,2.339394020355416
53,13,26.53588038841739,4.835684539916137,4.574085697186113,1.1679284252549236,4.292945314161665
53,14,34.985631759593005,7.750457975217895,3.882648019840806,1.209182135520794,4.523853757664896
53,15,35.22606324913751,7.855650010738087,3.409316410412721,1.1747586367843592,4.145816547939759
53,16,37.11252529831646,8.217672432196625,3.0843181058815503,1.1329146068579217,3.7360336318951495
53,17,35.665230446165026,8.206951888821044,3.2547620025752506,0.8355705737167485,2.915178174534739
53,18,29.671078671026045,10.666354697906886,2.8122043642169263,0.7742852792972523,2.694081777212621
53,19,29.718416676335764,9.76895842326022,2.1189718674520757,0.7128437344737968,2.392521253563199
53,20,35.56428057904286,14.924453750580213,2.826470325360969,0.895286948122834,3.0273634953135624
53,21,31.201941303396246,15.051398911000305,2.21582388392071,0.6374782060116684,2.4226561474210815
53,22,28.50792853608242,10.290655922203252,2.2027722098033182,0.5713418522055531,2.154173358802359
53,23,34.10227548985776,18.45644806603942,2.0584860705242947,0.3760047753786995,1.8074585978284132
53,24,29.418295507011365,13.309348155926722,1.6748193848760469,0.5811837557353021,2.071473031066739
53,25,24.836513709433426,10.580866763633718,1.2136078755398425,0.34601626908447125,1.6501235164542147
53,26,42.62064022268085,20.74662408032279,1.8459523283164243,0.4755854407935107,1.9723340737345594
53,27,25.78437330118215,5.888627786259247,1.7301943761520135,0.5132430634714136,1.9507320323067112
53,28,30.36316554621411,11.776584405283021,2.107638685312647,0.45603399885449214,1.9660435743096112
53,29,23.725616594726752,7.670778081937487,1.6359510811608726,0.5120396291384459,1.9214887939264285
53,30,35.02574352812891,13.184617404780358,3.0285271084905236,0.5807682965608967,2.3473177528635643
53,31,32.74783740183768,12.073404492677415,2.376322859281671,0.6393091238286268,2.353497691955877
54,0,17.900677514154978,5.8275300520252085,5.120843815699023,0.9434291538281778,3.359086742241717
54,1,32.91855667101257,14.956857734772807,1.7868399059214453,0.4405943599134743,1.8535644795521733
54,2,28.136084839413513,12.200971123954185,1.1662778180112112,0.37129928161703996,1.6829070268160788
54,3,25.835146616088913,10.41757510342718,1.8073144217189432,0.2886107029223455,1.6041463164767873
54,4,18.592883133594178,3.438297505924374,1.7800313600108557,0.5117724120511442,1.9247736255587935
54,5,29.93745398242426,5.325595598786994,2.405073469543304,0.6856408208365905,2.453403470083297
54,6,28.051853620926728,4.558711559106028,2.744366777232444,0.6159309950215612,2.3874655574882957
54,7,38.02601356670827,7.6956511586100085,3.1519696869167135,0.5384148848741543,2.2539736577465526
54,8,27.033026604046796,4.773371831202587,3.3803783958970106,0.919715846763749,3.1872736349515005
54,9,30.42219673656694,4.216506819326748,3.8254944643882363,0.7469540392628486,2.8859264347011515
54,10,30.544867227830252,5.286454515339244,3.365155905439067,0.9977497982293886,3.6439467542280566
54,11,22.465481123634973,2.1707886611857448,4.447940569977199,0.8932801816938465,3.386512614966496
54,12,24.126646655939474,4.113931009237994,3.7471773855599704,0.6542324024990975,2.4604078264036153
54,13,26.694526253142236,4.134019376016156,4.23865985925621,1.0900067408055758,4.02280052855652
54,14,33.75196597543976,8.876048062715528,3.521229168549901,1.151521436931267,4.126330568918244
54,15,38.82623423159969,9.094489873963434,3.1790141042315394,1.0634745219921466,3.746382762115741
54,16,41.413843972365285,13.940776198679128,2.9010405107669337,0.9955040985123329,3.398314870639396
54,17,40.15458846225012,10.779462366533988,3.2107748609372813,0.7936325501750625,2.9161784188566795
54,18,27.14725945929829,7.631875613041776,2.6228457407600554,0.6012832650515052,2.2838745413355896
54,19,26.13280477584567,8.211157167251015,1.9927172982125174,0.6104511496294716,2.1790815085445723
54,20,37.085465360019064,16.256546861808502,2.5909429508052284,0.6662711171831277,2.4687065329521705
54,21,27.009120111367046,10.291068670902781,2.1198397269352904,0.5666939466309842,2.2217037059565055
54,22,17.830300616130422,3.865206943876019,2.095288276928435,0.5581483736367283,2.095752255545812
54,23,18.470036068837857,4.832379966731962,1.895155989466408,0.299446666467752,1.6600051487507712
54,24,20.825641092506686,8.810661258640378,1.4660800398079987,0.40926729145837704,1.7687366809032503
54,25,10.832487981413646,2.0981515370739605,1.0990976832681798,0.318379393289566,1.5856566615341356
54,26,15.464979090208526,1.1544084382886797,1.7943736918983157,0.5134106735016637,1.9934737530830555
54,27,11.802742449732673,1.3037492767721983,1.6213692460462608,0.5183015884487685,1.9390877234339017
54,28,21.991484572879507,8.628326567635327,2.179224915864432,0.3997129813377698,1.8882002957440116
54,29,15.63998539187027,4.098989833285601,1.4517868987274465,0.4360479794643799,1.7870545009393097
54,30,25.425456533308694,5.977480219182501,2.6847095999656547,0.5557020124648551,2.216285958239223
54,31,20.78904711698076,3.507463240660856,2.375182180766552,0.6381748244473555,2.3385760570595653
55,0,15.006025176853463,3.9499933263083293,5.100741304181434,0.9436662400332958,3.3776025071912352
55,1,32.24056361839156,15.77117075231363,1.9650943016126852,0.5147608424941343,1.9977054693331124
55,2,17.894622567670943,7.0220854673825635,1.183095933054195,0.3558660356986607,1.6683826208838428
55,3,29.84622235167091,13.011773433896591,1.6722602160801614,0.2675005844553091,1.5422546353934579
55,4,35.07333815750848,15.172510283941815,2.098223946104458,0.5820050871921598,2.1121217319158476
55,5,43.69001040248897,14.85368977580194,3.1155548749510835,0.9372633158233432,3.1672882963666127
55,6,75.64815917404945,39.69136946766055,3.8537619326379953,0.7960225020279954,3.040817879813171
55,7,56.05712528381184,23.55959796658578,3.9853816452133985,0.749345552091877,2.8600637184986293
55,8,91.13577539524721,58.287418088876564,4.210155497911221,0.7545798346413566,3.0535169781501605
55,9,56.52757799584961,20.94725380254232,4.822080661226483,0.8354059108942291,3.386445954995633
55,10,59.96295010762327,25.28692796301144,4.434057174935205,0.9224137089985236,3.5800469976562477
55,11,56.35693003993555,25.254204037592686,5.2284054520949494,0.9962767957560503,3.9500619508290034
55,12,54.478382361297534,23.034193985889605,4.627953840907225,0.6985897012716711,2.787614609265968
55,13,67.79599307989264,34.536343907488536,4.751184127972944,1.040809491745141,4.22654194267786
55,14,43.11955350629452,15.332758566719125,4.615435969819624,1.11156555169726,4.239454941730667
55,15,63.275795676117625,30.837932696079385,3.4972159246547956,0.9296676517625468,3.3529480086792396
55,16,65.32315569711955,30.763520605154294,3.3498923954472506,0.8812931698592665,3.18506304334236
55,17,74.48208086545742,36.7553816996887,2.0782584150904198,0.40331353707763196,1.9048176517083872
55,18,61.509678178394644,35.28835598741684,1.729510516861978,0.26159487920600677,1.5816722029703045
55,19,47.95929648914331,25.274408046346537,1.8470736527063103,0.44719547789763325,1.8569136323584396
55,20,50.486371741518134,25.47792162697855,2.3036050764389335,0.5899517421262757,2.2426520996291113
55,21,47.427926962164406,25.97695236029754,1.7486316535495234,0.6010366391095463,2.114910622303004
55,22,36.41860837750011,17.85880363704085,1.9062478912949554,0.45507897361749206,1.9255851777523374
55,23,29.04981653468364,13.379126417671475,1.5270996004852804,0.23814122053286457,1.5279725334354881
55,24,26.999065604556463,10.589193769860781,1.133872449394294,0.3799035832798676,1.6578842108425982
55,25,25.239838214173673,12.47214364692677,1.0361826824894345,0.3715497211092087,1.674790537520258
55,26,39.87578116815692,18.054099597362185,1.8053755687557782,0.5898049868069282,2.1517512108423973
55,27,38.19058272531528,19.701131812140463,1.686810014406967,0.6306598897873337,2.2109533397911996
55,28,35.98336336003315,15.814710746186735,2.0287324996178495,0.5649101404490939,2.174614085578692
55,29,30.151597628017065,13.911951846603998,1.370133399201225,0.6892790559467392,2.1833324731929222
55,30,65.3616001393323,37.671961149774376,2.796329193672507,1.0309738999050917,3.422842057130346
55,31,46.45207291725044,20.58456104348914,2.5176971076590253,0.707370999598671,2.6257805110332932
56,0,13.923584140859047,2.4920307268268282,5.011077474610981,0.9597859370776884,3.375281640775646
56,1,19.15226759428743,7.45280739152088,1.6932938947996399,0.42506818500639154,1.836223317540177
56,2,14.067338912534673,3.7984049342826207,0.8532924865964735,0.2692433763375064,1.4915618094045942
56,3,20.289330960282612,6.000446433768829,2.054473516177246,0.3360362686524607,1.6840686280384711
56,4,20.280567920607492,3.7892130114908493,2.071582186584005,0.5435792092913476,2.0685976563984476
56,5,32.23378891272765,6.698131677617479,2.5983253641068536,0.8094282554963232,2.784748199062481
56,6,68.99850914916445,28.680258366619285,3.1315967063570365,0.7873597035403583,2.9377974668666003
56,7,58.16838473744464,21.490440405953564,3.3111557336050197,0.69557057492597,2.625113019164468
56,8,72.08819684630805,36.91703401027351,3.733781655632403,0.9578630803900667,3.4827884065519115
56,9,49.54686747827624,16.80064108031144,4.105339246774344,0.8242507719996528,3.1849375230308508
56,10,60.13330799459439,21.413580163248525,3.6785346706231734,1.1025923033441978,4.089703040875521
56,11,61.05241328809536,28.1660923722048,4.355501264347266,0.9447965131915916,3.5230899772927513
56,12,69.99472629619268,29.685385987947253,3.825512409458777,0.5965910804465206,2.3745454916524795
56,13,68.80570962159337,31.705099726843372,4.297782931359821,1.1729247522000499,4.304291603268999
56,14,51.905386636527204,18.730763842300718,3.942099223023683,1.2323209586206323,4.524530646209431
56,15,95.56440322588749,56.19789010466341,3.5722282849297198,1.4275226147219149,5.247228848001792
56,16,83.95986026582317,43.55980945680082,3.169027088040124,1.4944746543278034,5.111211755020723
56,17,88.28869111036184,47.43132635389492,3.24318794122775,1.0992536736207228,3.6948243763009025
56,18,65.53320592853095,37.46808273802594,2.6844093404169524,0.8143637966679775,2.765852662803715
56,19,57.07684597595659,32.19753720320686,2.2551597377327397,0.788364110612271,2.5930397445868385
56,20,63.04298648023505,35.589851446717276,2.7425234776956353,1.0272045439830118,3.3849711054732707
56,21,48.57132800927197,28.86683002705555,2.2684532196166725,0.7735930409840153,2.726019335745444
56,22,43.77174486912274,21.040376541709023,2.3031636892807237,0.6004906848489817,2.318661024990114
56,23,39.53608566360761,23.987601321911136,1.7960419478095637,0.49776868832622134,2.0307450617487093
56,24,37.77340005505931,19.915379633916984,1.6727862451352462,0.693696840411199,2.347710896707082
56,25,36.559564350908914,20.027568148701718,1.2278897797121724,0.4102490441572173,1.7735915882011324
56,26,32.11217772014574,11.348515348865007,1.9839225118833215,0.5540596397713313,2.1469561016241094
56,27,47.47129872380076,25.431088218129673,2.089461398237603,0.7958176055508268,2.5083673156151147
56,28,38.00072898960147,17.379443593168983,2.6240122308802656,0.5664467926729118,2.308299839569991
56,29,33.414497587176754,14.631868451605058,1.646972765951212,0.4788648704169416,1.9357164608477397
56,30,60.02162407577986,29.272113210965603,3.1794881869481086,0.7235782029602786,2.7293328665018692
56,31,39.58566088894534,13.363369254241086,2.4549326490698147,0.768189339424906,2.6708093823975934
57,0,23.255202695126325,9.796962556096775,4.861341095186338,1.01385661415366,3.5936679180981987
57,1,48.764167747648884,31.638535573664207,2.087312929652259,0.5823103032621413,2.2185727074876676
57,2,29.908286616382007,14.081871561541707,1.2319519601812725,0.41575807298355794,1.768018412393348
57,3,27.15252275928463,10.41321892390665,1.5668463366677956,0.27630040700583636,1.5623615085271694
57,4,40.902516369332616,18.97378596255698,2.1083031723523877,0.6677220857521418,2.314979930301406
57,5,27.133995784205222,6.692503616018492,2.683445225512159,0.7807485643413341,2.7451374456698767
57,6,43.36590589103103,9.77108537391397,2.672973544883396,0.6462896858031364,2.4542002840776624
57,7,52.88206164616957,17.83903614322463,3.47567957407523,0.6934214589493917,2.6609028048755006
57,8,32.28279755869491,9.015287888872706,3.4530954187514773,0.8888566360689456,3.0711508471823477
57,9,31.290056603507715,5.933058482421659,4.249536318685049,0.8648985259294655,3.302764110681508
57,10,28.25247521206644,3.767692750278182,3.7537783415217776,1.0569763537447567,3.9327462764503958
57,11,28.61136519923876,4.693001422283414,4.507302127303749,0.9735772928231388,3.586239944882417
57,12,35.04944451908338,10.584068945636513,4.051866270301187,0.6227386949084686,2.494558926725314
57,13,22.378913587279843,1.9360866012423796,4.6603055550664045,1.1935422476005684,4.457789865618077
57,14,35.319074544953295,7.5028092219145925,4.036114987616965,1.3586093115025308,5.110050517208208
57,15,39.56107759164364,8.214720797350616,3.846598082175425,1.3429996912127224,4.912121166309845
57,16,38.574812554504845,9.286519036500477,3.2300743897424233,1.1874983645537576,3.9802033301949074
57,17,35.65202446105857,7.631360433120106,3.6983415846967818,0.9328312842967108,3.3304496201008944
57,18,29.396485555730976,9.161497398591113,2.756284813400087,0.8130949376592849,2.7261601864124194
57,19,31.79051430368606,9.409696259624813,2.1604978651145217,0.7166272013916659,2.3807539942365112
57,20,29.819294700722832,9.920729640421039,3.0635276020618436,0.8858043265925537,3.1036546452641436
57,21,32.2450618502647,12.069579340904102,2.2946854432362107,0.700771910462306,2.514079890249108
57,22,43.25457332765673,20.09378575218263,2.6689853177826204,0.6618472243457627,2.4227190960651526
57,23,47.599796365279474,30.50449239667538,2.0229355377759823,0.5394378328294351,2.072729306379788
57,24,38.45381841042364,24.742496856309064,1.6016132658737163,0.4700398456456103,1.899192251868721
57,25,17.07400457999966,4.664329147552469,1.2257693716353877,0.354131895967263,1.6921404140521823
57,26,36.69163280629333,13.635016755577778,1.9344092920072593,0.4143864047557124,1.8964360131089306
57,27,35.304297441802774,18.490346741161673,1.9983967070737865,0.6262108034251603,2.2074722690213897
57,28,53.43889200152988,28.468022500056065,2.679207365040666,0.4927035525572383,2.126664312411432
57,29,20.505952530916243,5.2151835203165495,1.7747219624686958,0.4450493438003691,1.8729051094273104
57,30,26.45941159197853,4.007080907981753,3.3833530793544373,0.6804781591526154,2.6627692843776427
57,31,47.731956701953116,18.78771546864924,2.4269885789319727,0.6090005032309254,2.352975096841526
58,0,14.897390987908881,4.276052387438226,4.961718447394512,0.9680509771246424,3.4520859110070377
58,1,24.704795163067793,11.356268512536245,2.065307982918414,0.43531852012394534,1.9089320857866428
58,2,17.52418878383904,7.88727164516559,1.3320666159797163,0.42058754154030265,1.8237547106416778
58,3,20.35733300344657,5.933068230029074,1.8733579898176869,0.28242654364654607,1.6270579493388164
58,4,22.132891750499134,4.467333699996487,2.3116369162329367,0.597199404862649,2.2085609611814436
58,5,39.33931772589679,12.602787665166034,3.0017026852466158,0.8743728181860186,2.996186771950284
58,6,38.10259878595122,10.882801172695112,3.1046035774796934,0.721380612820953,2.6369183411208046
58,7,27.092593855545296,4.194997876986406,3.3952437211624393,0.6792654177241277,2.601037574831379
58,8,46.676228064115975,14.982819647000538,3.7394038463736305,0.968728379428542,3.4300792786107293
58,9,24.16209288166332,1.819478356939905,4.0584069235839575,0.8516744485187013,3.2019720574473918
58,10,28.78111250116194,3.5157472320847605,3.622547550686611,0.9795620464340198,3.6186850567798823
58,11,29.318583702314534,6.182396638302842,4.797060516210477,1.0297644587885753,3.8573132523422484
58,12,22.914996215080293,1.4618577385076883,4.075235972726418,0.6369856422015037,2.4793466421674113
58,13,19.047018913256274,0.694088500132661,4.736048105708193,1.1008823543359458,4.115470462409969
58,14,29.613140361781248,5.015714531908508,4.1690274975262325,1.3015906877569021,4.735487185893415
58,15,30.199596945854182,4.70327611200145,3.8850910935811367,1.2399292984692067,4.452020729209204
58,16,25.35819337747624,4.704585662211431,3.3126436540240447,1.2453613069476348,4.176871270503664
58,17,26.249429728760514,5.164734779240226,3.7007845373203567,0.9649840124244946,3.5211468892694624
58,18,19.909472105871373,3.232254312586561,2.804762278078943,0.7705823828326253,2.700256244485095
58,19,22.266222316038004,3.557081454774847,2.1581452919838675,0.821387607948449,2.6074834163760174
58,20,24.887043620665622,5.6318589741314105,2.7112884843723766,0.933965760971013,3.1817060054465043
58,21,33.13807887044491,13.156214681785661,2.511846514250668,0.9132392512518734,3.082382757668798
58,22,22.43567709532239,4.415434118659211,2.5155783986753715,0.7531101499992126,2.618594121940337
58,23,31.575533986947846,15.919485151959252,2.1015888478102163,0.7167470952164177,2.4306027150778773
58,24,24.14728641217021,9.254911426676896,1.5534800058248242,0.5588054455369997,2.0302456332218006
58,25,24.144337246500235,12.491374029930954,1.265130635460347,0.5463682075948448,1.999893202501003
58,26,26.238997313843047,4.5864216778497555,1.8864118852396072,0.4886655704480307,2.026464200292931
58,27,31.28228798369798,10.270796142613147,1.8069335129157014,0.7370718163371768,2.3797060835477235
58,28,40.93108015517822,19.3772631952832,2.3131462442917368,0.6127369877496083,2.2991079106772827
58,29,17.759797348325776,4.762459655102131,1.6237168104695408,0.4352599369731638,1.8070311521805478
58,30,38.07970641949872,15.118426315237517,2.881740851015482,0.6632561003984527,2.543194711876533
58,31,48.86609835593551,23.439635649387792,2.315955558796694,0.6355833342105552,2.356847850866553
59,0,26.491018385059366,12.668900557751197,5.108536029766971,0.9610659150245073,3.426971539558684
59,1,22.876682949503856,8.631507954440995,1.9622704523617216,0.42766920951651866,1.887296237202863
59,2,13.998085538226972,5.511899082996387,1.0839146351337585,0.32093592296776663,1.605986537212858
59,3,16.2860740899719,4.862036322593677,1.7028386741067578,0.27999422092306414,1.6008614099860916
59,4,17.763176230986787,2.855943621065439,1.9881362649535426,0.5512448579800102,2.0700595957750854
59,5,37.50958756775678,13.5730038456364,2.4500780090378442,0.6489363236744636,2.4290430269302683
59,6,22.171397299919008,2.407946807265515,2.8661806436554276,0.6637365697275732,2.5172279717275243
59,7,20.182389580648096,1.03253490041335,3.5276770315159403,0.6311341099526504,2.496506239805348
59,8,42.42422798215641,12.49460371870977,3.451278817479117,0.9815238718094537,3.422752071787316
59,9,39.04562641582468,9.895972462545831,3.7352642036173096,0.6990100249038402,2.7555806697400773
59,10,33.55718235892428,8.64283642680847,3.8773191715242787,1.078478986661596,3.9467299543478
59,11,33.57382593961222,6.877262055650828,4.314024880702229,0.921385289489911,3.393057267267244
59,12,15.76604325515588,0.8514993827905581,4.077957296706004,0.654413081225317,2.509370586443009
59,13,26.637805166827164,3.0013456259772116,4.715489669967559,1.0462240484828094,3.8542069307593416
59,14,33.264312856285414,6.401836590348829,4.227148581900064,1.0349709065072084,3.932284853220171
59,15,39.5188242904611,9.833474731245452,3.448243831353798,1.000830460534444,3.5838600142622625
59,16,33.35803442713943,5.33599336112314,3.0976070492519154,1.089731890984778,3.6324133714883557
59,17,24.864954191434244,3.9372301510923036,3.7553878153152676,0.8300563818693165,3.044027586802327
59,18,35.35052738018213,14.403095451001224,2.7007375734299046,0.5804440879687007,2.236630997467172
59,19,27.47933609095142,7.423794981176423,2.1462510121524283,0.6078063811488215,2.150415417098501
59,20,41.51167310280313,17.239552931357867,2.9224966278572118,0.7074140150189296,2.650133919706148
59,21,25.382084419900288,7.553579605289148,2.5289757960054198,0.7456246397152286,2.6771873605674834
59,22,18.11302758984929,2.990704833834088,2.5484705946036432,0.5887135489283026,2.2896097435000584
59,23,27.30164834258781,11.532995304324322,1.8626794593128546,0.4377989450910149,1.9055307628461837
59,24,18.395706094675162,4.5417960565093205,1.452510625930047,0.48491719515527887,1.883710880373954
59,25,23.412064710740278,11.638141551869587,1.2566231655244577,0.5307270101025943,1.9634509727767873
59,26,18.055443754420505,4.462573358700185,1.6896188619452104,0.4024218539752724,1.8316475134226833
59,27,20.231057814862414,3.7798970459743013,1.6992774861296236,0.6828905801688911,2.253664657569156
59,28,26.226178930976836,11.076782055366898,2.12156805545743,0.5366732816756428,2.0987225984618574
59,29,22.194403193982524,7.810361439972837,1.6117597883950159,0.49876067114225475,1.9157513736055334
59,30,21.65539496250939,3.4147095463229626,2.793259102455105,0.6000262699126484,2.337469507170492
59,31,31.95816684648019,11.66121934273194,2.3830048863955,0.5771697577617205,2.237441545842906
60,0,12.153937411764886,1.5876494767593003,5.127854352473912,0.9354670800607563,3.284939203121103
60,1,29.678770948664976,12.747800280632156,1.7420636117932038,0.4316345447276604,1.8321810601547888
60,2,16.220413244970544,5.312972481128953,1.1002430788078335,0.33828627413731294,1.6105084433383368
60,3,32.69405568147447,14.783798313628917,1.8377693846937413,0.30270769278581455,1.614755962120877
60,4,38.815570149705536,19.121600089882122,2.083159555083076,0.5899031928883711,2.147130949261529
60,5,48.82207157220549,22.421273067225783,3.288630489066612,0.94488015060467,3.3336585366174227
60,6,90.37507510400951,49.81826178810702,4.1905216184706475,1.0157611745079365,3.756104828249222
60,7,65.26725386942357,31.183853373579193,4.574936786770986,0.8128690816677038,3.200619035862716
60,8,62.49744690667703,25.717287168580224,4.933497832560063,0.8934255924871106,3.616387228499796
60,9,66.18641214124796,28.837086709750686,4.897051933525279,1.077662749760651,4.117543355532718
60,10,60.830059765431216,25.64499072655095,4.688437743001476,1.0739937511311446,4.063689027195909
60,11,57.84058244740526,23.920117448464595,5.430065977465055,0.9848439031076959,3.8665368822589867
60,12,52.168512883458504,18.385967111485748,5.207738025342044,0.6935370653266499,2.8591247916838722
60,13,52.26851290734969,21.529160727122967,5.322231760863902,1.0259285600126375,4.001659483192954
60,14,46.09517268412239,15.34312939157164,5.155450465230462,1.2241464332119385,4.345634444228706
60,15,45.18989192964824,13.513965713910027,3.5018307213004753,1.1743077613819608,4.056064660221666
60,16,35.10239128862139,8.541588577088582,3.151176652289327,1.2271768241836662,4.162925767252528
60,17,35.8298248263563,9.861319739135487,3.0907378289412293,0.7796018621598946,2.8344612648987413
60,18,24.49935996889525,6.197650184144329,2.1921770464827124,0.4100838856747293,1.905164997705829
60,19,33.376968654942274,12.989382497951716,1.897903893064726,0.7836077541473738,2.4514738916403136
60,20,41.166269155868875,18.028700169552444,2.466050897453229,0.8732281273936655,2.867049190549119
60,21,36.58315397251273,14.035378475177243,1.907118562553719,0.6292525503818769,2.257620097758493
60,22,26.301929463382415,8.283270084431221,2.173361731914586,0.4718970520512147,1.9851627493933233
60,23,28.067731415059917,12.19094032203036,1.7896152322438446,0.34124222642527924,1.7323563503945454
60,24,23.910906511638455,10.411730444790578,1.4237009000207392,0.3776452239733883,1.7190465353405766
60,25,27.363165272017053,14.683728204881891,1.049172117798662,0.39568180602095593,1.6800149014100567
60,26,33.327891800138396,12.26422360803739,1.9225380817619624,0.5296809019338187,2.058355508960002
60,27,21.666416558796964,6.2122546754539165,1.7212306317372836,0.6947584826131767,2.273484337161429
60,28,33.7045872746273,13.76110252010727,2.3550653932682257,0.6228467051215225,2.331636675485927
60,29,16.92422264537786,6.008955675403209,1.6998243305998075,0.5991579409670589,2.072753308776563
60,30,33.757934245758605,13.4598400538059,2.9849170111401975,0.8063752547090406,2.821168373907097
60,31,29.695300751597053,5.720202876593721,2.3577559443670957,0.6267719294883585,2.3520615092345465
61,0,8.771271346955228,0.8378964689481762,5.135779517896575,0.9461787506431953,3.3531491686133155
61,1,24.261376558791504,12.581858260991993,1.7418984747088142,0.48683776762076536,1.9334033762994307
61,2,14.502848720285638,3.126412777346758,0.9967877073792899,0.358499694279965,1.6366884279231126
61,3,17.713709829949405,5.667919071979898,2.0356718231641784,0.3191436826753673,1.6816533863682133
61,4,33.92121441710586,13.885915273837101,2.1618426350272832,0.5924612123132968,2.2099473643780585
61,5,45.73943364567174,16.566664498780362,2.7049952469503586,0.8254724896585062,2.8514033789090103
61,6,90.06253278716815,47.81923632604531,2.959335792898158,0.8277047786138341,3.0110075304997306
61,7,57.60074484941822,24.029616195873103,3.777447205745694,0.7517810820161035,2.8209482066521137
61,8,49.0928322363482,13.34000416009021,3.8826439749872117,0.9966739575650516,3.5580595049281123
61,9,48.54175671326155,16.039911882643167,4.246100661117914,0.8610438012905535,3.2962434057602783
61,10,57.60092669078051,22.599314122071135,3.6854472055424736,1.1488908626627694,4.22973421720918
61,11,64.71617752672174,30.17243337436981,4.274115175108122,1.1527152156200309,4.12967972643907
61,12,49.90145482603013,16.78437034274774,4.225974916968044,0.6386200031008329,2.543037432550244
61,13,47.69952458299765,17.66523084793112,4.57771535909316,1.1418459140017614,4.216270650075209
61,14,55.84632178050452,23.538173517189136,3.67592093159276,1.2504285517158813,4.462442045709147
61,15,35.128096704384916,8.243242144818737,3.7435163640536673,1.1578439997036347,4.276982985813813
61,16,51.33796885406058,21.30332553718761,3.2647298841274646,1.3648548815680135,4.678115748715414
61,17,42.880953959772825,14.442757338231912,3.4918225607844153,1.089965837549169,3.675950723686561
61,18,31.39244829377373,10.043784556140864,2.6393525216603915,0.722368845564322,2.50845417268281
61,19,48.70408454610356,26.03673804433739,2.067996981357723,0.6715656012749731,2.2884483200328516
61,20,50.33851888058979,25.138926268723285,2.8576470437655086,0.9533673068193238,3.257000191423909
61,21,38.427856182381475,13.53305305398617,2.3715866932803933,0.7372621716748733,2.6328615089078626
61,22,32.75067222434661,13.335334497008809,2.3727426903706874,0.5887321114772348,2.2859431211965155
61,23,31.961973123201208,15.4199023388922,1.8901807024902346,0.49039439627595205,2.004406212492341
61,24,28.479096231642732,13.278941035381266,1.705054592645062,0.5753747603167834,2.1179213417864196
61,25,24.01902084517723,11.902693268153156,1.1897818969757847,0.32380617497242037,1.635629240790038
61,26,39.19354391778215,19.455795001074357,2.392446720900015,0.6964847041863251,2.546503654016011
61,27,33.3116031844673,15.831119940810513,1.9626088480545762,0.6556133745314785,2.231072588496093
61,28,41.57970742665529,19.170298765850877,2.483843597768977,0.5427212756833848,2.2489740701658425
61,29,22.674571651295494,8.165205060256978,1.6564611417786421,0.4735213811517489,1.904099183143557
61,30,46.24515095988081,22.11654902095071,2.800328337096606,0.6356000188089315,2.4556522235486113
61,31,31.243228482002575,8.085111175648999,2.2300684723974826,0.6594956205656484,2.3427784030802123
62,0,24.560219336559467,11.860364020124889,5.099409781280346,0.9820506893173215,3.484934413422796
62,1,51.58513640733321,32.75970286415528,2.1756778969870427,0.5377792011807698,2.154222918192545
62,2,23.61853174456975,11.522782097382414,1.2221641598983417,0.4144953034196792,1.758347420752987
62,3,35.76089339141173,17.690974109510982,1.58332183455307,0.32050605258600884,1.6459509524293252
62,4,25.377220858754093,9.306803116852821,1.922832275458448,0.6130334507802531,2.1952441720855136
62,5,36.11419991052549,10.531157124312406,2.850011871362476,0.8528976569179343,2.8951715579846105
62,6,33.7466788785308,8.758076217796127,2.9686764763139353,0.7695081132307529,2.7647090276477853
62,7,40.26837685735891,11.801521055715495,3.746543891259911,0.7078443128406242,2.6213022370194317
62,8,26.52979221238634,2.666011704779538,3.777574909446155,1.011141698323065,3.4859546653739915
62,9,29.5596268127312,2.051939267290087,4.003929069517384,0.9154823805853338,3.4064790878924134
62,10,27.29486557555704,3.954569107857737,3.638024935308052,1.1316724709907016,4.195989100029179
62,11,30.901503974490403,6.7690173346988765,4.2970269245968415,1.0680553414214504,3.892379934692011
62,12,25.56997693846057,4.954637000704768,4.196577848556332,0.7017364823879575,2.715962256109593
62,13,32.266271609510014,7.944015752866471,4.281960806961695,1.0692346682595408,3.8689588571078777
62,14,29.798454597870915,7.216761960161511,4.035999246247972,1.0561792865263406,3.921206852377136
62,15,34.80925553920879,9.236940879667856,4.034996086349347,1.179682394829987,4.452373107467626
62,16,50.545092646187726,21.807635914350573,3.269174690837178,1.1879467995807333,4.04629508394025
62,17,37.491161092372096,9.947738623472521,3.4836794015819548,0.9602083709608946,3.3125649660285115
62,18,29.89994373693259,13.016793255123448,2.8159002606230485,0.8143115366285176,2.720449636008264
62,19,28.27016103933361,8.739182671465432,1.9218595848899707,0.7438402075839443,2.3797748507371206
62,20,36.86926770129576,14.50133912394148,2.7492642073941322,0.8581572096735091,2.9259859466030456
62,21,37.53411480111609,14.663671570356293,2.526471316769798,0.7733564648403477,2.750629398490955
62,22,35.480244001435025,14.089255057515796,2.774883535901786,0.6399538439466097,2.43089718515358
62,23,53.69504059283046,35.00879734668675,2.5086787310682226,0.4927833190297122,2.0500850403878554
62,24,43.703128826100134,26.591862698787665,1.8799017550560042,0.5358703749234706,2.052283506273103
62,25,16.488667951084764,7.028834915673909,1.4072469067460123,0.44775565831336017,1.8554213620790774
62,26,51.30518581295216,28.04914086297214,2.083414019717759,0.5617869790570231,2.1686922167460567
62,27,37.382948592609,19.59915122520905,1.8502403003213443,0.4357703277277094,1.859334558928764
62,28,43.57517697133414,22.87259766964587,2.861971369680755,0.542749658518491,2.2296817507168627
62,29,25.9381182710645,11.450732522421818,2.015413088948962,0.5143478449566428,2.019485809155078
62,30,26.15062036334489,5.460933812114874,3.2396534257723473,0.6437188179828532,2.5303391142856455
62,31,40.72842428259826,18.930234835578354,2.3741053632191327,0.5892751684635922,2.2505424147530864
63,0,18.33147265251025,5.806405617673621,5.181162606841296,0.9312861364646299,3.355050560331109
63,1,28.17363642932289,12.161870057020632,1.9517935171662941,0.43446899627672453,1.8894621260198114
63,2,26.573216721879696,13.937113538862107,1.036359872781304,0.22821896358030513,1.4514415605048958
63,3,20.3834638299154,7.033515679631217,1.7305734810887157,0.22881237717850267,1.493105849884487
63,4,34.45533794410873,16.654001830649,1.946699973594654,0.48393594325622535,1.9246678221984677
63,5,49.65995729977432,24.08006546697859,2.7367116768590085,0.7978146031121707,2.6710830123092646
63,6,46.45736382700011,15.306898273013772,3.6593382035599533,0.8884860089011588,3.140277499000945
63,7,47.64313274679458,18.33113264902775,3.769042679057611,0.907351010691352,3.2440703378378775
63,8,51.268278003323005,17.092617415081858,4.236007149504301,1.3779408444474264,4.9497208831570605
63,9,43.29616550065335,12.350246479081054,4.614838690518814,1.1140093635327073,4.18219231286131
63,10,56.948405973327354,23.6229054967252,4.051690218215295,1.2444076922344456,4.761798148170824
63,11,38.760751926531256,7.287775684481959,5.017654788018816,1.1451938822578773,4.537545190328624
63,12,39.54158125389057,13.990708512578323,4.549288771473477,0.6894784899032054,2.8023682695317826
63,13,48.97726739566649,19.865490252169934,4.01050479527869,1.0127461504012931,3.777225647568474
63,14,34.08547117198222,9.886251440095359,4.1881525804688895,1.2341827565672663,4.5508454368300555
63,15,47.0801203226322,17.38406467025446,3.57569337220211,1.221560351363419,4.356622818879174
63,16,48.58668929566885,18.175204148291673,3.3717829385920934,1.0578915102493998,3.690393508936442
63,17,44.658832093427726,15.306823043528043,2.6903550389486517,0.8596564139408525,2.8796108743990456
63,18,32.01874412711467,11.582914040778768,2.2175988923889065,0.6451619433017002,2.3181802713039805
63,19,22.73495282134479,5.2025769090415,1.703439068106506,0.6405522122946647,2.1600173015236863
63,20,32.835085694042604,9.350766966421173,2.607078163634392,0.7911728129351747,2.714818197352265
63,21,33.94609184619007,9.140275107473379,2.280564501159133,0.64698725735999,2.4197352873311786
63,22,31.102867153723732,10.88779200696616,2.5158061651464294,0.656861342127911,2.423240208934759
63,23,29.048562521054656,11.76442620500175,2.0852003217002864,0.4623905585191155,1.9678994704494914
63,24,29.602893442844536,14.310132106901607,2.0933808498136974,0.5187078019514155,2.076419908821763
63,25,23.82137502778484,10.415913292700992,1.3526018897522947,0.4121973984759195,1.809437044278592
63,26,26.161868613127183,8.409938694829354,1.8951376810939555,0.5339577089991652,2.0799855373715688
63,27,19.912223734515827,6.646179943294642,1.87501419865696,0.4967206595546161,1.965043012154215
63,28,32.7952842825197,11.139274463971613,2.3974341095955793,0.5570696420472521,2.237408217976228
63,29,29.280077110777334,13.420968046999924,1.7612494393464544,0.5082618020952909,1.9887371222665249
63,30,30.156946731627684,8.931370543637767,3.213293954111278,0.6628556617865002,2.562243565815316
63,31,33.33391953153635,12.799470487792096,2.6148165803762633,0.581136613900425,2.307409471321933
64,0,19.674129755307938,8.072842981149702,5.090642124902702,1.00873213893591,3.59955105908234
64,1,20.522732345310462,7.70966762375571,2.230108261521734,0.4536156265132658,1.974134410854116
64,2,11.303036049779159,1.609257055590438,0.951173213475333,0.24397300760059104,1.4544468353619282
64,3,18.323830477282392,5.465444229433155,2.1681572705414958,0.30564333724924087,1.6698609249325334
64,4,13.422733511250993,2.588931525465915,2.071835404894912,0.5078157622396335,2.0125153372067275
64,5,18.701963609597588,1.1829773807803918,2.7421236000184304,0.7409522210074697,2.6179807796057784
64,6,28.418358963338882,5.264629394954969,3.166927582842201,0.8216229554182202,2.9175597617625066
64,7,29.906722881293845,6.810240208141311,3.558876686886512,0.8559866551178059,3.088657701012022
64,8,43.99810747433375,15.97693855220787,3.9495004807847938,1.0349749666549233,3.7572901848618065
64,9,39.63979609091266,10.364906291967964,4.276520874539364,1.1027340293250436,4.079704489029737
64,10,42.8225489696176,14.488092940105194,3.5694845299497144,1.2210544078808843,4.508516040717402
64,11,42.01958867787744,11.516054520065701,4.353613162524628,0.9587023761276896,3.6857122170416807
64,12,69.09149714620759,33.308736235011004,3.9930977760839856,0.5498806160243475,2.3352622901745397
64,13,42.12265946482308,13.063054152679094,4.185113995032962,0.99891965333134,3.6686506836269945
64,14,54.31520099818547,25.367794972811915,3.4336985201276917,0.7343045537076804,2.7980435533309937
64,15,34.48836476886771,8.307424377090262,3.4233011897689516,0.9800412587637015,3.4787463175586075
64,16,39.52285645406361,11.520637937127635,2.8879476989321304,0.9759266520676144,3.3298389513889473
64,17,30.33590355013369,6.226179115101807,2.705683336592799,0.7186914450580528,2.559931428028597
64,18,27.629237179733778,9.291969521820368,2.3413890647685993,0.7106453990114394,2.3838576714212367
64,19,21.111916112512823,5.272938714046598,1.6482716898201786,0.577162571822639,2.06790024267561
64,20,44.17237984012239,18.209519336185494,2.0166875492615346,0.6941088232626567,2.391406538742392
64,21,30.233475688529843,8.953735722420488,1.6278146508598832,0.4008793136889204,1.797233605003054
64,22,26.52921494088854,7.99010377359137,2.2267375517305386,0.535182008173543,2.083499007247965
64,23,35.33554387098732,20.962978559926853,1.9004220981817421,0.409611134720993,1.8140742837566735
64,24,30.058459902613496,14.368479854122285,1.6907004426352117,0.4610736758248817,1.876148183510293
64,25,21.3388450711455,8.731284432525152,1.3871584393262606,0.393718777581487,1.7723592616431243
64,26,26.42316694166338,6.816847654222537,2.109642631413846,0.42207999824638387,1.8950589219659504
64,27,25.008754315033592,10.486537216754506,1.912322685585719,0.5096435488446134,2.0000263704150694
64,28,31.421006189285013,10.239528519135384,2.728490125179399,0.425656073710337,1.9743435623431673
64,29,32.39602893270677,16.81868012026774,2.219739055154954,0.5913259939781774,2.17444299505672
64,30,35.75188959577875,13.125057289379026,3.569406612798725,0.6917029235632168,2.6659455345098317
64,31,28.306086291922767,8.14039160345526,2.8256516451512246,0.6057660667864813,2.393009369559813
65,0,16.313307358991835,6.246963716984923,5.11182299579589,0.9838373239211418,3.5155730993184453
65,1,33.30581711686416,16.425282159963785,2.051552673702056,0.4588820105269025,1.9330545377815667
65,2,15.628209054452295,5.777620155980756,0.9666036948280488,0.27444255966557396,1.5300895990990506
65,3,25.82765465740126,11.638908944885461,1.4938176709090363,0.21504768744427438,1.4518023797973767
65,4,28.895996101553145,12.290822015086517,2.1344325309325347,0.4966405604264019,1.9459098988922114
65,5,30.92455395758863,9.770102015877312,2.4642520097224425,0.7421179755167029,2.5492755001202125
65,6,28.698635084310812,3.476687835600375,3.0329387008113162,0.6514420823465725,2.529098382087928
65,7,37.34550794711176,12.038953962382683,3.5150425044681857,0.6606603084040739,2.5984369931633196
65,8,44.47583661350989,15.618443254458121,3.922365528216436,0.8706507225511855,3.2881398295077964
65,9,46.99976574388953,16.709958529590544,3.869484333642133,0.8802459561156009,3.320714715722773
65,10,45.84271551964048,14.35497039903064,3.3664213196911286,1.002445042453794,3.74137012525896
65,11,30.986680325650823,4.6211701154611795,4.179414247652993,0.8695602523473998,3.398479318936343
65,12,38.58175099810852,11.198588068820312,3.8566201579153785,0.6656234064889683,2.6461853188060327
65,13,25.169052666927932,5.586947036704502,4.124846428620707,1.0219375129898403,3.691977414113024
65,14,42.90352383206597,14.101368711182605,3.7699275708412445,0.9816682503022855,3.6560449629106624
65,15,35.82898484938252,9.218429786802005,3.424918813021287,1.0697962387645288,3.8313651155680826
65,16,49.43360121309746,17.201262835292955,3.114793803868711,1.23005358957049,4.197632226359451
65,17,47.231169071592205,15.494797136245676,3.413948404722355,0.8403388566182346,2.9990949129419553
65,18,26.17537209027052,6.92583018839421,2.6547646710197434,0.7272941810411582,2.578361994405524
65,19,29.251051543950304,12.326781862734585,1.9340487921707965,0.7094076617066294,2.354525476177426
65,20,44.720630605383334,20.842457598887997,2.3702452218867913,0.8807947008944161,2.9488203849246846
65,21,38.18419177015475,15.869557161944206,2.2893926986875495,0.7057159598416036,2.5509797851166938
65,22,34.72334164452455,14.829431255200676,2.289017260625943,0.7699403626718087,2.634250759301072
65,23,28.656340485160566,13.93665165601647,1.6853579718113656,0.3575757295318558,1.7631671356239353
65,24,26.101545107531336,11.15326668444939,1.4808233287237242,0.5279363909929256,1.9912152405854335
65,25,37.8760465279221,23.940015150134812,1.3790766748551704,0.5555226713279471,2.0766736312613365
65,26,37.12678713526758,15.719095965429611,1.7981066440684383,0.632787068403641,2.1946401703428364
65,27,34.10474409756357,17.80571972860087,1.9912322748246793,0.650934334146376,2.286828007780666
65,28,35.47260698318705,16.17569827806447,2.5460451000783157,0.5729521923347196,2.2980661901889774
65,29,28.942270665272154,13.633838494754912,1.7689318412778163,0.5361862450012633,2.0058665419318435
65,30,28.72488370320861,10.028255494386773,3.166605627198149,0.7553069865607189,2.763280749485236
65,31,44.41923439399402,21.309835038846607,2.538810837667155,0.6151825950816114,2.3254905324871054
66,0,22.072049590446763,10.051202476611063,5.226700738136957,0.8637018789924955,3.0954183059808074
66,1,33.003964494333616,16.32042726272006,1.9542571558377655,0.4474918293271295,1.9104327871600488
66,2,18.52320203844313,9.286218296067961,1.0788006649767885,0.3177012354059685,1.6012345091660136
66,3,23.507433482568732,9.549834484423734,1.6597894808660312,0.2710533711139007,1.542732090109594
66,4,27.08715267872933,9.852306294276126,2.087164336589944,0.5173390904522774,2.033655021772106
66,5,45.134147159546956,18.68237939353996,2.7133160090270527,0.7862234647757012,2.7717692539630336
66,6,56.249753732143574,31.715920012414806,3.500707171324971,0.9022809706458452,3.3182530950702778
66,7,58.141341728504436,26.63578421327926,4.212580539911609,0.8269668425991359,3.1105545648049997
66,8,64.48766249031607,28.62455033904878,4.553044757566577,1.2966812198403632,4.816882946708912
66,9,54.724445220269246,19.054281940243158,4.683213192892612,1.1292800123250188,4.3411304965088915
66,10,54.86914262214472,20.957688620299333,4.064185183085355,1.3213511535174423,5.086896743625445
66,11,41.33288597104865,14.016854401406796,4.823931897373352,1.1190668451930863,4.1822336792084
66,12,41.43921509137482,16.314271672785996,4.254625586065144,0.6465043584799037,2.6302887004740967
66,13,30.09622648552894,5.574146142977654,4.44947782018687,1.0201385479585516,3.7423497640284578
66,14,26.301378514614846,4.8161973091260055,3.878287252667704,1.063261110597173,3.8635951444274057
66,15,32.895937350522516,7.48810516406873,4.072171443497809,1.1212336117715518,4.139369146056562
66,16,48.25569094770475,16.6894451209755,3.578904412024081,1.0911923470102565,3.915411643622233
66,17,36.8706725473328,10.106520885276556,3.012488758174446,0.9236233024698044,3.148132518267412
66,18,34.6007592229536,13.452368532985107,2.8472307176514144,0.8144442576008384,2.799266701701282
66,19,40.07282466048014,20.988644416167805,1.9608704825663557,0.5671190359280485,2.1098983856081315
66,20,49.3115450679539,23.244237550062767,2.4161858548117565,0.7707215502848723,2.6934383687995704
66,21,36.40792995033638,13.753680883914344,2.2672526880275132,0.6830383726329665,2.4752748372349447
66,22,55.21249226613122,34.77563268082832,2.3267214405045795,0.5817482378979157,2.2577750480883214
66,23,51.23795147508317,32.22960064579081,2.0546567546569445,0.5693585814629611,2.172423048101151
66,24,60.59055347606864,41.674616132468195,1.734750725697245,0.6227553327419373,2.192364403343977
66,25,46.91279968544556,32.83314288213465,1.2443119183176106,0.35917410087846435,1.691272174527083
66,26,54.905117306800776,33.65827924799993,2.226288738103994,0.6764116291889066,2.4640247803926565
66,27,40.07018134341847,21.09531597440043,1.9492195894413145,0.5583124373722741,2.049995895001152
66,28,44.476997201471136,23.93141603329926,2.442834429020763,0.504061064482078,2.1314717889344785
66,29,19.76602064994174,5.843628577181084,1.7608952297479301,0.5698351822828696,2.098915561307537
66,30,34.20914377987255,14.359789837869346,3.062385113067152,0.7162397436453927,2.691596778003643
66,31,37.38584223204428,16.324237519524083,2.2277963801189555,0.6966190280576012,2.4353417231918355
67,0,18.887033555814796,8.404836999595098,5.345942648459507,0.9922322757593136,3.5161774537572223
67,1,29.151063954518925,11.353993737951658,1.9047329711542933,0.4700353283499401,1.9637729895420153
67,2,27.13228099195525,14.08130850545907,1.3089844495181122,0.47686756454183143,1.8454373177179841
67,3,22.923698335409856,9.411102457562347,1.8062720533725196,0.26798438116230816,1.5948058547723973
67,4,38.11268316289373,21.50550810022102,2.303131722835463,0.5517686758034275,2.1492043622276116
67,5,40.005170558022755,19.330709242570308,2.906884456392076,0.761075956516986,2.6924514170213594
67,6,60.99880064545343,31.682907250839484,2.901921674622585,0.7260055968052681,2.6394633057264736
67,7,64.85087836807253,33.6370989007599,3.286177154312253,0.6559000004165663,2.5502501508989637
67,8,51.611887800507965,19.77651747610612,4.166480252827826,1.1239268620593084,4.012141911136517
67,9,46.939233398455016,14.203729230854503,4.0134718552817,1.023754052339073,3.8115393633605628
67,10,34.74030437208128,10.804580992082576,3.914852751715002,1.1779966695041129,4.369765850159726
67,11,27.82282905056404,3.770210617867973,4.630664426984197,1.026691006614823,3.7506825925779586
67,12,42.38189380628313,15.404950591738235,4.077628395611505,0.6030079713060683,2.40357178203221
67,13,25.911696839153322,3.2963315430165716,4.27229045062255,0.9327961679737387,3.4027129875557645
67,14,28.037592746167324,6.385454242922948,3.8849661501817816,0.9326763163470582,3.3855265300997326
67,15,25.13207748282413,4.7268988213575565,3.8267258994406164,1.1285604391529804,4.02605170159879
67,16,42.87416009536733,12.818083820482602,3.0846086231458774,0.9321084188064486,3.2312094113494716
67,17,29.289983450974198,8.635861973085133,2.635585656665602,0.6811685703072041,2.4611425964054465
67,18,23.8861691648887,5.391611729745492,2.594895002871583,0.6339446860524598,2.3327975025497967
67,19,21.21227122948251,5.563322191743207,1.835233223174678,0.4543733074800027,1.8710999072867063
67,20,20.42350015141207,3.263610115735055,2.146028638438483,0.6584804177467074,2.346657703339824
67,21,22.04702812794767,6.30231936993639,2.018343778119244,0.5552495166718674,2.158106531976074
67,22,24.13250880735164,7.947741059800847,2.1951714306799994,0.38973480811997296,1.8535906178043318
67,23,39.829455443822795,22.388434491304814,2.007047459589779,0.3768266145074528,1.8093193042205076
67,24,31.860478647603646,17.81514378464274,1.5351691337939601,0.3173458862495515,1.6591226272113195
67,25,20.10839786390832,10.58636843699654,1.1480707339735727,0.32547783893140636,1.5966647270668515
67,26,43.02331282849784,21.780846450904395,1.6531747074919703,0.33276014199351334,1.6906219011237664
67,27,24.46213066119571,9.896761429174067,1.6452788521357653,0.43570160821910786,1.7799518095389708
67,28,38.652844715931934,19.121815799399812,2.225990990484795,0.42197171197042227,1.933863115354255
67,29,21.100561960077176,6.379564025489389,1.7617398495160126,0.4746223986796201,1.9378635148505934
67,30,33.00027351353344,11.753844220094347,2.975006735115329,0.5307701396982552,2.2237417784158837
67,31,30.764582042551154,8.31805855844979,2.584362267207684,0.5702144065106092,2.225777776388983
68,0,22.92610842044114,10.780506310577419,4.960387581215717,1.0511536687316996,3.6432346883147635
68,1,18.141497966194137,4.580724964176758,1.8396485771394548,0.39060700033064677,1.8051187589172373
68,2,18.9790575304113,8.315176259612358,1.02224403359593,0.26478974243381215,1.4997371951660954
68,3,14.845326203138791,4.19670870932612,1.6835038806702893,0.2516769250306854,1.5433938757077648
68,4,21.118012301035765,6.846866885724291,1.9250573888370972,0.4512605368340201,1.9225291440169732
68,5,29.885941846637838,11.295343948589641,2.6089066798496763,0.6290977886551774,2.343668163099483
68,6,32.13325418933864,6.366015790217885,3.194301200490554,0.7905616214884814,2.794451500361204
68,7,30.094867129313265,9.053714734396788,3.3327751441428344,0.6669574306714874,2.5025527508409153
68,8,36.13442740581269,10.533244117124289,3.8940699922829127,1.0168237893227685,3.6456387214945303
68,9,32.46323513623415,7.19844411563882,3.8221669302985815,1.0187041058046127,3.6886766245221567
68,10,31.219741934654298,6.388620861042545,3.7534257761741556,1.1181028585836699,4.190016777233918
68,11,26.6439918728454,3.5688350234751414,4.398830193953205,0.9920864807702587,3.7111016141321236
68,12,38.86476115602335,10.423392316818582,4.065972690137769,0.6031537340951312,2.450906183952022
68,13,32.09713934449228,7.143472844022283,3.879891755912658,0.8681780639102494,3.151322736062894
68,14,28.63731802599773,4.7684511868624995,3.813385325782832,0.992887412773193,3.649475400812756
68,15,29.17463458382211,10.797749992335206,3.465381009047864,1.1151775973726585,3.8650408617452245
68,16,32.622493225492995,6.816040958017299,3.102815236716843,1.1122293120302018,3.698152089080998
68,17,22.720752574012305,4.363051149493591,3.051557570509181,0.7561336152706923,2.701429554361509
68,18,23.166977290459457,4.541327171469696,2.9600806705943863,0.7998891666779735,2.7711172036240925
68,19,19.007635661904356,4.011531460761621,1.7968450556620295,0.5736727710879075,2.0494430508974144
68,20,34.2736130984066,10.690170341178991,2.5215547219959804,0.6868944358541995,2.5158425271276648
68,21,40.462909116764145,16.580583499680234,2.239640571868452,0.6014188066427217,2.312963475541179
68,22,43.71551458944649,21.912551415680095,2.352951854475939,0.6329605477971301,2.3605979579327574
68,23,31.618294339615684,12.28519104173286,1.8162587549046076,0.38606706070477337,1.8003489859061161
68,24,44.035045719869814,23.285311720325538,1.2669331868959275,0.7050532842627164,2.2010538558433606
68,25,23.71220476910922,11.537020749023338,1.058365307688966,0.3916845575471468,1.7170923637105049
68,26,35.41461138297994,14.83287606830903,1.5210203028130995,0.49568222620813396,1.8958694741533728
68,27,31.837628606299408,12.618519120517806,1.5271645986629152,0.45162770456821355,1.8255514005979474
68,28,41.114434947272024,18.134865370769102,2.1725404394667933,0.39135887688874016,1.8499772307127278
68,29,28.096026949023685,12.182271460380615,1.4905190132933923,0.36625298760547453,1.6818559090755554
68,30,28.607951215077335,9.073985509997907,2.785263692690863,0.5246041466394309,2.1654135361829754
68,31,37.1599433166115,12.886754160674396,2.334036878663107,0.5694418656697993,2.20051890746036
69,0,32.8154145584957,19.369229502727077,5.041367326354221,0.8770982211074863,3.132632087172076
69,1,34.65946072823651,15.191821579438809,1.675655291544714,0.3858358899626402,1.7523207737324367
69,2,17.98257899757931,7.188955771361005,1.0956139946922374,0.34740990439462527,1.6034960797583862
69,3,26.851211674721583,11.765709773630475,2.141686278454917,0.3191415313896191,1.6527690912849275
69,4,24.965557274615364,8.777883061478956,1.8912615233547354,0.40195189226979955,1.80459788706571
69,5,32.61759068475099,12.278224491872189,2.4507343581671934,0.6076778504846314,2.2876420128572215
69,6,48.25840618855074,18.95642461498813,2.3552802725101696,0.6867459878639188,2.3843667709995815
69,7,38.834074221211466,14.196696975717728,3.1034837395399197,0.5352320245116462,2.2030426379998196
69,8,26.36650820870245,4.075857514739928,3.882109288950556,0.9314296680067922,3.346885674612418
69,9,22.85058745018052,2.9752258204513016,3.9393951403315413,0.858603400445408,3.236660256035491
69,10,29.41228911020857,7.2027725220343335,3.669853541389491,1.0119420882025882,3.745764987703128
69,11,22.82724439996877,2.7158992130821895,4.605539040190729,0.9198992555733216,3.5240458347005283
69,12,33.81852260290546,9.039976094973264,4.225549582112297,0.5650904977287095,2.3447520449248245
69,13,35.29461211020394,9.87741160817447,4.323170848095986,1.0479679376236968,3.7448422105831374
69,14,37.54000939414111,13.39125590893202,3.91053518044811,0.9738900789063827,3.5625719323816507
69,15,23.896969893983115,2.79989435166376,3.547389851876627,1.1366502348943701,3.885497043740918
69,16,30.98182740514097,6.198568099869282,3.1853499109307455,1.1008149430848455,3.6758138465576344
69,17,21.057403066972437,0.9047399252859313,3.0839469648802647,0.8314439091058086,2.9211068506374676
69,18,28.108519911974454,11.670025601280692,2.7496050552585363,0.9941989223546344,3.202350793109424
69,19,23.92589173840471,8.108090029657344,1.86506533630281,0.5814250210850846,2.1266146962649923
69,20,25.288430675703662,4.83325806762931,2.236634524139647,0.7927276679886543,2.7350258721187948
69,21,36.13735589393558,14.742570168856446,2.369679317256476,0.6301227262712521,2.383322850132874
69,22,34.27892453565787,14.838760190708769,2.467768409903927,0.69269037821367,2.4980784143893335
69,23,28.817126960593466,7.607252238327354,1.9453123006023632,0.3852805256510654,1.8218339549250635
69,24,53.62576642191391,32.7816304092207,1.8178378442066414,0.6066241721306538,2.208276540602094
69,25,27.210716628782656,17.469691510658695,1.4825911238654894,0.4318445943279108,1.8562518734642457
69,26,42.964904109862914,20.93226563980712,2.1995304642549507,0.6216482682847793,2.2905889396867876
69,27,31.76002552524687,14.004034190116304,1.9474574348591747,0.5524032410810962,2.069820562035003
69,28,46.64455310492538,22.709069508300672,2.3435351311323296,0.5965458613560708,2.3060427935228898
69,29,26.21616926099007,12.352792633860135,1.6382176478403454,0.5021725797714716,1.9662545681383634
69,30,36.69769450527758,18.061560158450824,2.954696948454082,0.7130325730212079,2.64463732246891
69,31,34.612575172547345,12.148999997386698,2.5680671837596476,0.5998213382086228,2.2893499729080946
70,0,33.625638146747605,18.59812602861166,5.127339474808773,1.0115185161015914,3.5213604902118365
70,1,37.48005953487412,16.084418600430624,1.9377587430213663,0.38969583338903746,1.7947139045871694
70,2,19.411976238540774,10.998745964580516,1.158823034025309,0.49862317946703394,1.8470880932809868
70,3,24.1729237352543,9.376154960194842,1.7370904556652826,0.2826572868876429,1.5986106866715946
70,4,25.39609192880839,11.483107808934886,2.074858071351226,0.4321298312150388,1.8996429543191697
70,5,63.62880963963627,38.159254571381965,3.6858657121005773,0.874479126102135,3.163968998082544
70,6,75.64112329712341,43.998781172596146,3.6233708013932655,0.7392826438115452,2.798038578402002
70,7,74.19788711547082,42.55615649066927,3.935185474574423,0.8126781190347288,3.0202291704531112
70,8,54.536110513203255,20.893834611556134,3.972436696492981,1.18215649682617,4.114901361149526
70,9,57.9581350519524,25.120220194519515,4.849412049909136,1.1319956213506872,4.365577043047419
70,10,45.780138435400744,17.743418342439213,3.8183488083231767,1.2438946267494,4.536113170142913
70,11,40.37026044746861,11.263964542288157,5.172282354703767,1.0369593525564529,4.032615600802241
70,12,31.55628487679197,9.427661490771456,4.14875328807284,0.5577331060716482,2.2969745188082342
70,13,42.754461403850414,17.390466635512567,3.9827235238841494,0.8470398811241422,3.114731119665933
70,14,29.300830731965917,5.427863662988795,4.385546906725739,0.9541314439843376,3.5064417880790284
70,15,24.775780526000688,5.321372307637827,3.4664604243279724,1.1645900899174784,3.928246864966396
70,16,34.35436624384234,10.045361265677505,3.285183001135012,1.1291898610079905,3.9149689403779866
70,17,31.54496790629168,12.096932541011975,3.226653601244831,0.8593387126975212,3.0314179770793808
70,18,34.85403781256909,13.201719911881924,3.1213313862653957,0.8830050749623646,3.0239908607313293
70,19,34.935883994693356,17.627490274881616,1.8704907804935689,0.8225076290808191,2.5243972850036
70,20,38.998251831642904,19.864250823903053,2.253064199086422,0.9206172017798107,3.0033588069093202
70,21,40.1330774026526,18.50929666386073,2.468604297813191,0.678489044889449,2.4890653749479013
70,22,42.18256460085162,17.55341576502752,2.4035634839850637,0.7645478795957965,2.604813708689523
70,23,37.825409609419665,17.678969565170085,2.021771965415593,0.47520995972675895,1.9637044295003503
70,24,49.705616638031366,24.78650994603327,1.519227203702929,0.506976501391188,1.9495095199570052
70,25,28.2402533799202,17.591183306700714,1.236688024813923,0.39779606623014074,1.7309741886051278
70,26,37.85771824219805,15.55121062950531,1.8650319004589784,0.41928791388898845,1.8843978123506782
70,27,30.72661599415454,11.213347063266973,1.8647725322328412,0.577182517860571,2.1193114019710912
70,28,42.68229138005523,18.742805584839495,2.3508668248695854,0.48947425449678894,2.068521017531753
70,29,19.67521430644724,7.41321224357155,1.6380962816008875,0.413548906552486,1.77070346141921
70,30,37.09367944924563,15.500947554999488,3.018603154443106,0.6420781815079475,2.469185501910472
70,31,49.50510610650923,25.04871265338495,2.3910262447546757,0.5836038982971821,2.258589363481188
71,0,29.71774501679739,13.532060307531125,5.281357193762663,0.9517406073341519,3.402771027005913
71,1,31.199589363907556,12.208176605434465,1.931699474445941,0.39147788807613426,1.775507511291053
71,2,23.62040266277379,13.89100574252517,1.1895008475918996,0.3771718930440635,1.668316590988847
71,3,25.225356993464857,8.811327415155946,2.042115028338033,0.2908106446544081,1.6039561460214302
71,4,29.02883941580349,10.583081404908217,1.9171291840842284,0.4241675133884697,1.8387829692493554
71,5,49.59809226048156,24.909642923259177,2.987348005620152,0.7770431623632859,2.6782174346730128
71,6,63.69836824570945,28.639174381551705,2.9694782260375696,0.9034436324810873,3.000075865977494
71,7,72.88866322006766,39.72237449257697,3.014963960288357,0.5826755110769337,2.3121867931500475
71,8,57.9053358352128,23.88646084184495,3.726455702921011,0.9995689041357929,3.4978184305776945
71,9,50.35443109751807,18.412375962124713,4.049380106147547,0.8658008553614831,3.323746842869963
71,10,57.74958671688898,25.39472779394218,3.486094679279976,0.9932045854555689,3.6127008811198564
71,11,46.510693006673755,15.741238234536352,4.465533250385043,0.8274078660941049,3.202963195028993
71,12,46.82072770361227,19.04808853978205,3.6352553710929243,0.5248152451979493,2.176511580960184
71,13,34.46443346484274,6.998290726203807,3.4953494454276752,0.8189417782831656,2.9195209018070356
71,14,33.04490729368317,10.556125690731065,3.384551770360929,0.8703861187432311,3.1171131305566027
71,15,30.633586733097545,9.113280520315213,3.39297147913842,1.0843058348107926,3.754127342559419
71,16,27.62282002274781,4.23919501870256,3.3205921369324636,1.0522739359209052,3.727487502536615
71,17,27.051854037180135,5.591863928760999,3.0830939323739566,0.7425530639598064,2.704917880478249
71,18,33.072998827658225,12.376316089455639,2.983668064111972,0.7030762678346094,2.61852913016187
71,19,20.77653441924206,7.295329498211896,1.8556019225212224,0.7023301376686095,2.3184455536297164
71,20,29.13301613379216,9.592165361043762,2.04785058781842,0.8147909644516731,2.7186562098365186
71,21,27.039079191455528,7.207171178455098,2.2984967432347476,0.7721912737625685,2.6764863355613677
71,22,24.29442274265149,5.395272182931005,2.24901030711723,0.6855663436000019,2.419786028456587
71,23,18.087293757932073,6.360449597827346,2.0560854996636944,0.4823752710783755,2.0121995953617993
71,24,22.139117877761617,6.735133175581338,1.7647991787861947,0.5412574575546465,2.0718711188984473
71,25,20.768517293000546,8.310957845056667,1.328324309884303,0.4871737122023654,1.8802587127113815
71,26,17.05740406650479,1.1229704531898907,1.8935116764941435,0.511194855711893,2.0503239421387374
71,27,13.396244819030994,1.8747781678617814,1.9112641333273312,0.5988028594372208,2.1685163517081456
71,28,33.44365202009021,12.049840608529209,2.374818149928842,0.6029533653648889,2.2920117658491557
71,29,12.268608889420095,2.3090951843744447,1.5758339566134167,0.47289559159386574,1.8480663163132969
71,30,24.09015819473286,6.415282998816274,3.0440643465993507,0.7916637527618224,2.8401710860339553
71,31,32.40795856065917,14.46318170675482,2.319397572050662,0.6575797162912496,2.390938902354741
72,0,14.216538887205283,3.199824571146333,5.259148028971001,0.9500384932938566,3.3918020331790437
72,1,24.055310703178503,7.3875081687908075,1.6582573829170155,0.3765130384721702,1.7471840518131876
72,2,10.497915844531322,3.141381004803101,1.0625637863029538,0.3245674425587477,1.5700474129933037
72,3,13.088317852961193,2.729590011914942,1.7753413620533038,0.2792960052539568,1.576241841493371
72,4,18.499505489251163,3.6285366508838583,2.42399746642978,0.47229817552186626,2.0001463290097807
72,5,18.884397885454234,3.7900258877534827,2.9126545423832413,0.6968905691832452,2.566060413434739
72,6,31.53615458724496,4.221680150968812,3.2968020254296024,0.8328360494860854,2.9222096310338026
72,7,36.10234894278188,9.031526199337593,3.3668842507359407,0.6042177379269948,2.451770963840799
72,8,50.17524521239608,17.939619137705044,4.3028362350014895,1.0090896399142455,3.7947306137793575
72,9,41.60926644632547,12.736020940877491,3.9703359055279486,0.8455853908246929,3.287316771597467
72,10,42.75792563098412,12.49108393626316,3.653205894094283,0.9064748158694265,3.3550397877242992
72,11,47.98198761076745,17.11352107443311,4.931252055587338,0.7815644547595868,3.200518351936611
72,12,60.226610557662326,27.68644286543941,4.653400965218243,0.7346869430101322,2.886609671565134
72,13,45.30347054889651,17.652292432960444,4.297121738368481,0.9442501874251521,3.5231661673396752
72,14,37.080129072232936,11.626707790612492,4.422665669230708,0.9315078490599289,3.512227651264575
72,15,48.367591840845286,27.14802163425668,3.019965689651049,1.2564086946030004,4.070252952796005
72,16,43.70093235638143,17.111119523782047,2.963850849747902,1.1540645954235584,3.9594612334884385
72,17,32.49571206249128,9.738124168466234,3.0325079481439707,0.97347041156462,3.299156757142284
72,18,30.443645451645732,11.608507389234648,2.2995171962132037,0.7204015113913931,2.4759090311063296
72,19,33.61121834017533,16.700987811918857,2.0807720971675234,0.6659042999973566,2.3668862231748755
72,20,35.908531738732066,15.803409910813244,2.3576105497116577,0.9465775101596621,3.052725923704051
72,21,41.82068844305222,18.76774115385394,2.205577296315231,0.6972954695262583,2.5042099993694413
72,22,53.57016636293015,28.775690314447427,2.2663487405097813,0.6693102936067481,2.397474556629829
72,23,47.29746697088456,22.63095120361099,1.6102221018487546,0.46473659535337974,1.9123640630244627
72,24,71.23236449903852,43.5037897651614,1.6758910968016436,0.7147305422195265,2.305875776928096
72,25,43.895582098618526,27.560899346525353,1.3229838029203287,0.5963619771617266,2.044395592260194
72,26,50.41521576393822,27.26545213409971,2.0105355939814546,0.6900652131178533,2.389935669372131
72,27,45.97717097728733,24.764568957529022,2.0631764574600138,0.5997482082938004,2.1615276990385297
72,28,47.75622630733215,22.191144341784188,2.3321706743845114,0.5233278611421186,2.178410573191364
72,29,37.561084697247665,20.308469252353834,1.651272542879307,0.6542694184633566,2.2764031679854946
72,30,45.76659087549584,24.000433083384777,2.9973572497124925,0.7789271792888113,2.861585346459563
72,31,40.74773669520191,17.31348343728458,2.6172909518938887,0.720619379695612,2.5660691595653784
73,0,48.18445452565071,30.12222463512824,5.327956328183598,1.371511387014266,5.140542646538893
73,1,65.29472017809768,44.67264550334215,2.554650605086073,0.6638633880361082,2.392774650190589
73,2,34.24577753495974,23.981677885430493,1.6045276219098523,0.32075241461687964,1.6887249415416372
73,3,54.00425072304596,36.96617903478124,2.185618233816989,0.49619163531324073,2.0124497787705273
73,4,61.19539824627792,41.51075389440345,2.4469069884870533,0.5509447904943614,2.1626768718214477
73,5,69.08783248907149,41.97301075879851,3.8694793213551444,0.8456421483772081,3.072037648259264
73,6,75.68791598489037,43.00788671078118,3.816677168416205,0.6890848078947212,2.776706354963239
73,7,76.29120539650071,42.593029631698855,4.157288887163311,0.9253607755400628,3.366556411145498
73,8,67.87391504438838,33.21020616074587,4.325276444977394,1.0556627307921893,3.7752508466495374
73,9,65.01433009055988,31.063608636767245,4.914374560851821,0.8975345151239003,3.439224776047065
73,10,77.01513523480092,45.810471881794925,4.408246878201077,1.0225584615379102,3.9498411050459423
73,11,43.42883863812584,13.875497698896408,4.950764905992729,0.8521312831560861,3.3826810030421277
73,12,62.56983539186203,31.186067269687246,4.799496464846648,0.7495754714263594,2.9778460414791663
73,13,85.6445732415003,54.26855962242967,5.212702430573291,0.9887964108725456,3.961202768922905
73,14,78.11803032269565,47.10680483981475,4.477151008229601,1.2266423465865124,4.689792780766657
73,15,79.69788076301275,53.59055362689454,3.9067072945732044,0.9952314658250319,3.8006179448753814
73,16,83.00949227388399,51.21242602422606,3.712424570799758,0.9606883009013245,3.551290974403294
73,17,90.24915639109088,63.69661289383848,3.7217551909126296,0.8294471957668765,3.130702458527381
73,18,73.55125481325369,51.49582493313208,2.3541006026738325,0.5545152378805973,2.1244558540717593
73,19,65.14614218938283,45.224870620959905,2.7746265312762013,0.5437484936598249,2.2077919286862415
73,20,91.79600277450695,66.81592831286139,2.6530940120549786,0.6883591044596824,2.5299396790198667
73,21,74.94278612859517,48.60791122324639,1.7278967717228249,0.40317203214679664,1.798212792190378
73,22,59.491706037019995,34.855878002707726,2.4812811720101076,0.6212448852287649,2.303025004891315
73,23,57.75466203943405,31.821859969937858,2.04378016291116,0.3458319309245148,1.737834833280855
73,24,46.996145164234896,23.893759723022033,2.4216962296655336,0.5162003695150816,2.1216887279357737
73,25,42.66233831064239,25.778871135008394,1.514808890134502,0.35718321749826254,1.728698509774469
73,26,56.708759983515776,33.94457577114728,2.6489738880014437,0.6068686180475416,2.33032648446857
73,27,37.99799309988776,21.3502940480568,2.1149776573547365,0.5952168287305302,2.227118731231134
73,28,57.24113032009331,28.955039022906647,2.595518718656627,0.6197728809191716,2.402473907958773
73,29,33.160778232154215,17.059720521343504,1.9943627865523306,0.5959900551826394,2.1954866090745457
73,30,56.28735245888049,32.29649891544487,3.8333209888091284,0.739740264545266,2.8931085383744732
73,31,67.25510803097177,41.51004600996519,2.686267637427709,0.6486726249838903,2.4441679414429847
74,0,69.48246118126207,51.2666932340763,4.353992294666833,1.0218001940814982,3.395071481624526
74,1,50.175497292742335,30.836307418986156,2.345438212504069,0.6866715523160725,2.3514048295342453
74,2,30.87552380195593,19.494157267236655,1.2547021024851623,0.3687852069467621,1.7220269618431439
74,3,34.050583243594446,19.657054627975917,1.5986341372529704,0.42149008771896135,1.7940240476194653
74,4,28.573079801715792,11.975121047332603,2.569434997083884,0.4602527545215618,2.0095859393256776
74,5,44.673798602272996,16.92701765589279,2.867342320079737,0.8124299774562007,2.8259790933445688
74,6,49.312841928712984,18.329417330172223,3.7602175032071115,0.7480164400586613,2.8809529645812786
74,7,54.054511388796,21.7651046825476,4.07753615278714,0.841477205969241,3.159733204210369
74,8,50.915899152463325,14.694875290810453,4.477823370188194,0.7335334180882498,2.898102491863906
74,9,48.721192556095744,18.395650338689265,4.830383793556247,0.7941946234022756,3.1412235878803973
74,10,52.339432087581685,20.278900752584438,4.498550858256072,1.1235317783728167,4.323654185307503
74,11,35.91151918767451,8.209855460081936,5.266951494107706,0.8372315538446795,3.2795896712405557
74,12,51.02268455508285,19.7646520665092,4.995753092479134,0.7173145266458771,2.866056180956099
74,13,32.33331503185807,7.239013386101703,4.993570448294687,0.9510161089907943,3.760736315203836
74,14,36.402481255774134,12.26376718384676,4.717397716904166,1.0174640742834642,3.967871734640003
74,15,36.37648512656889,14.813935513610256,3.749219662637179,1.0126988077603896,3.6478185501395806
74,16,57.022285046947246,26.885290731098817,3.749753218388162,0.863625314436228,3.2324841282956505
74,17,43.33956066692189,23.542745239475877,3.3163919660689123,0.9314111421512354,3.2365539140588693
74,18,28.591006419682,12.888361059807647,2.611078769966657,0.48855685170292373,2.0192905990745804
74,19,34.303705688444,17.831390463963082,2.4689115901274943,0.6568965671388987,2.4000423568552547
74,20,47.224257614710226,27.99987079729129,2.5550020712964496,0.7206701499632144,2.543407294143031
74,21,33.034453412841714,14.872622064576754,2.0713079596668336,0.6306205365129456,2.302600162668943
74,22,33.31596428452233,12.618563154763988,2.422473238930386,0.6024000687350726,2.2712599001436375
74,23,26.538367947426106,10.478197908758258,1.9023385488292601,0.24132387491649254,1.5428009185559677
74,24,43.09216953407933,18.174424641867724,2.336258935135973,0.4578907325717969,1.9735596087298188
74,25,26.218772987660792,13.425032632244159,1.386937261110151,0.27327980767214655,1.5740610016664573
74,26,47.52289594000581,26.349269362929995,2.184609599563463,0.5149479178711038,2.0415620388715854
74,27,46.55316019886796,25.77813471432593,2.540428286419091,0.6117989357167457,2.294572552031417
74,28,53.72569298963288,31.60271188858072,2.617338598834176,0.5324387960329249,2.1666379486268967
74,29,36.27676636504144,18.764743452707798,2.0075537982193477,0.5630789259717099,2.1152681143641137
74,30,37.524553027475946,15.991373396233236,4.184701597508821,0.7023788427801909,2.8564468857221366
74,31,73.1454274756648,46.36476966683548,3.1536119633870623,0.9387934395608113,3.2532278364364062
75,0,60.410977862688014,41.34877942043934,5.430536436576816,1.2785273229767524,4.70974631626869
75,1,20.956869976708866,5.778772417332065,2.5749946341704,0.665889207990181,2.3457487095247487
75,2,36.713914677305766,25.842743394260538,1.6277359122631632,0.47788963093691894,1.9339663380164849
75,3,57.187061701340255,41.2927399860893,3.2656547498060533,0.718059257706444,2.5729500424071503
75,4,56.865456016087634,36.67761798654843,3.19412453057015,0.6454537250912757,2.459182164823429
75,5,52.32572899001765,28.52269844175329,3.4677694803338484,0.7165654502904251,2.67812154413915
75,6,58.48844707783719,25.690925666740988,4.125103433683424,0.857416988547345,3.1098118783992117
75,7,66.0218395336984,32.31296703193036,4.3149065008721905,0.7043337563764087,2.836230591273167
75,8,49.49096102250506,16.953402329959353,5.127119436929235,0.7808926475819487,3.1519041681460913
75,9,48.09977851261269,17.846593451981175,4.615602305503401,1.097351749473618,4.036398055576577
75,10,56.29599709520983,23.581731377683077,4.376348805207352,1.0245894298422558,3.773372078587754
75,11,40.60921801432117,10.281962265921578,4.852125263288197,1.0336571232002134,3.923273271897144
75,12,47.16897365566871,14.302790428437312,5.267980111158975,0.7525146333229227,3.0631404322612754
75,13,46.175763519938236,17.255080562950063,5.101571161449403,0.9057640783051344,3.6371016314418485
75,14,31.148547986730165,5.588182464126357,4.733926871999833,0.9882013266715566,3.8754469209669966
75,15,46.06573182307929,21.329499578643286,3.734673493440029,0.9909779658873248,3.675055130480908
75,16,43.21428822742911,14.82797641891119,3.4404973065291573,0.7769136583277296,2.854513693698695
75,17,44.44040473497882,21.39057463960297,3.715740312617032,0.9393814515626779,3.3208709080379935
75,18,41.3600289952894,19.821611922818796,3.4944502626964447,0.5939788072826211,2.399891116872637
75,19,29.18556710544877,13.344743638316984,2.2570674070814984,0.6019804937997848,2.16362074083586
75,20,32.590591530134375,13.689318673110922,2.6102854916948637,0.6367848724088114,2.3215344368042894
75,21,43.487637977267504,22.178877690651692,2.439790909149011,0.6494160432320522,2.4399002255996356
75,22,41.27672330372896,20.163735406330403,2.5328263823353865,0.5569129168553344,2.2536357993348846
75,23,21.04447939768224,8.142713803660032,1.771397967419337,0.2764651330029366,1.5883330428647484
75,24,34.407182613946,16.870309547012035,2.324956353887157,0.6026668840233897,2.202880276294831
75,25,27.153767191762068,16.505700625829274,1.5524173530729457,0.42781302825436174,1.8231467104161445
75,26,27.73992359432283,9.23811839663967,2.2890805935556306,0.5489515239012794,2.1509479862021337
75,27,34.86758570118795,16.70496545655832,2.2633826199593345,0.6588002953841468,2.394905707669604
75,28,49.06423825064333,26.590675453695308,2.4618934537067263,0.6406403650281685,2.4386187843101026
75,29,52.64472612714594,37.01748044824882,1.8370940150392534,0.948989959265155,2.746434106742283
75,30,76.81948699934335,51.99312292697418,3.200846424532935,1.1113289711907703,3.679088053195604
75,31,87.14289472013232,59.83921287444383,2.426407364886356,1.152208841557302,3.6665418466993906
76,0,32.496842925136576,17.89650759130999,5.025190882326076,1.0858169555817119,3.971157316374968
76,1,26.71061799286412,10.835650765973394,2.4317204513727835,0.6688657323740079,2.34420369629769
76,2,18.77622263607242,9.715176969492084,1.5121622678337148,0.4467230500453794,1.8714142012939579
76,3,56.682072215432825,39.83580351403862,2.0491028364102144,0.43958683400780885,1.8677621951516843
76,4,63.164308983669635,40.91373682600174,2.520483014572428,0.5118550672570121,2.090385115282336
76,5,48.17247252877398,18.433190505590794,3.426233495998072,0.7673540450471705,2.8449942567791062
76,6,73.67330460573761,34.20547208905306,3.637059777404712,0.6988378472117667,2.696454810997351
76,7,58.285675076413874,21.952119664274598,3.8664044623135525,0.804298183690745,3.002865728581174
76,8,60.73684924117701,21.80894372944157,4.108944425208031,0.825659836436107,3.08669466866907
76,9,46.12770575868033,15.13779507550478,4.792194347804796,0.9482076942682474,3.5674004344455703
76,10,47.10649489139004,15.733176903617254,4.098336028889917,1.0203202269740919,3.86295571318843
76,11,35.389033658646696,9.408620179090066,5.02151775643691,0.9895051566387423,3.8266940004315093
76,12,48.25745367792395,16.32522430234352,5.190334514605445,0.7641499393560558,3.0499222899377796
76,13,33.95031345330014,8.62852568989036,4.539181485417995,1.013658398667502,3.93451914363824
76,14,36.13601372852335,9.583683019511229,4.502896972982241,0.9112036479716554,3.5496912105935063
76,15,44.55351927505154,20.360132241298235,4.049978117131708,0.9088799603917357,3.4322804911794775
76,16,55.383959820953976,25.15961417094405,3.6509537013029183,0.8555697622446194,3.102516428975561
76,17,56.4781625049009,30.77791523559094,3.8412527382678094,0.9251872962596961,3.361062327865315
76,18,44.66506489846658,21.587721911835438,3.2853056254139252,0.6116763791245923,2.3523931280919674
76,19,45.90442929653672,27.090996183252365,2.858845890174683,0.7205202130686548,2.502937576166063
76,20,44.321388244066796,19.627313523559774,2.593559594124418,0.663875459481901,2.3888699835350744
76,21,43.45293863424061,19.53101937153103,2.911417668898351,0.6332763437412372,2.389128085169656
76,22,39.0658687728817,14.871007996725098,2.9719107852917515,0.5316864806027755,2.1927052714776205
76,23,17.031701263510353,3.6262804791989445,2.137987025619247,0.28156698409825465,1.6056301676389082
76,24,30.6355948552956,12.072644811273623,1.8634751189715877,0.5473227069894484,1.9930450433358633
76,25,27.446574584180528,13.797626804449676,1.5076878559229145,0.3455742759457774,1.697669861939775
76,26,36.68412100668539,14.78964048194381,2.2739155745369715,0.5154909079109742,2.045320855303056
76,27,32.32316664690292,15.524771275932698,2.342073683696685,0.5545284026497153,2.1352867357820577
76,28,42.72286579796839,20.275466539782776,2.640723601426932,0.5972084498297452,2.2989856115795675
76,29,68.26453521730261,51.28010007001913,1.6990926166688216,0.42848870428284425,1.7795866427967384
76,30,99.45764309597072,71.11388669372137,3.67763337089369,0.7450042154759036,2.8368725459848765
76,31,93.46720198027907,63.78202934824385,2.4368744248013927,0.6881685869378851,2.4803572524020443
77,0,46.79774730761728,30.301155272143777,4.790864285961874,0.9084484704136493,3.181710937043543
77,1,48.37885890716542,25.902718450031188,2.1328561318808856,0.5510952446579984,2.0264966819093653
77,2,40.6808200342292,27.995492865994063,1.237427211484064,0.416396624521729,1.724062429403067
77,3,59.196804831974994,39.99662936768239,1.3793298067734394,0.23664688405938117,1.426374104453581
77,4,69.43237034984473,46.25708062509706,1.5043287751803154,0.28192532470300313,1.54259390636636
77,5,62.02130005150534,30.97784173748761,2.6440166173954043,0.5781941442977234,2.182836512915317
77,6,105.02213565884064,62.794784851270265,1.617391789633022,0.28837469449263287,1.5828067719489345
77,7,79.43336514632551,36.31148914983358,2.552945151535837,0.4999389868140889,2.04475781403449
77,8,47.0457209102387,13.691010738397384,3.1069476456047864,0.6675019220618701,2.501308805512705
77,9,56.818452334218605,26.43884646481159,3.5641130996997923,0.5269390740798681,2.327305276791821
77,10,57.52833608183862,25.961506127650647,3.4236077337119752,0.8196639618445021,3.130375511399512
77,11,48.37859795115078,19.03898523881045,4.295943162574595,0.7903215044902723,3.0935069488319313
77,12,83.0303163634346,43.74993012019371,4.028681259998929,0.46308493781409066,2.096496002713465
77,13,41.323055896452566,13.518051162836084,4.619428879418656,0.8207036608793938,3.178962833279813
77,14,56.357406669679264,26.812220300813106,3.6843115995534763,0.8538152992187253,3.0714610212478632
77,15,56.040796787691,32.07607651377212,3.172401082369367,0.9701116310397513,3.432069567586245
77,16,54.61995712038224,23.688724555406687,3.011347928039318,0.8835645771945435,3.115579695690087
77,17,46.17285857526886,20.8256270509671,3.5967129276378698,0.8100061389415076,3.021418995510585
77,18,30.906341582583046,10.836358872821554,2.7384664759830812,0.5735895765927381,2.2167796052974196
77,19,48.110209333018325,26.183046192375066,2.6082403441762274,0.7804045395144303,2.6303887620145026
77,20,31.59031299539625,9.864593004071894,2.8825866895399437,0.5752641835853254,2.2608241454267146
77,21,57.04760943195204,29.578139767727972,2.3792964062956865,0.6279551921144928,2.3548237678516295
77,22,40.90982165171351,15.088521517551204,2.1598043197573737,0.38077388762053843,1.7991114853907237
77,23,24.293329746422707,10.327616375884574,1.4295815433902184,0.1728771948479415,1.377640773590611
77,24,37.67035596627332,12.158329121508086,1.7738655962585637,0.5250881751845622,1.9981057536653661
77,25,40.45629014291875,23.64530906063358,1.5401784661221023,0.4174059278987987,1.8014126604530774
77,26,39.545313594774015,16.36000885398837,2.3292330079609367,0.5457624619991046,2.1629278767835918
77,27,41.673513385772765,18.815418113775287,2.0399384580421,0.6475191467378196,2.2512990223245906
77,28,42.40357680394781,16.79635028603785,1.9366868248290028,0.3292675261551037,1.6938545919304857
77,29,42.33317436014273,24.50609812802443,1.9662828706910027,0.6901340392264876,2.288051408606099
77,30,49.72359216732328,21.555786543135838,2.999394234701211,0.6025649046299368,2.3751927980640986
77,31,46.78461542266071,21.586808402735073,2.5630805713228586,0.691664362830152,2.494004461934033
78,0,48.9483321855884,31.359117697954108,4.983862708186266,1.1005427024333372,3.9995088144248143
78,1,49.43712992324883,29.02537007472804,2.412771822911459,0.6462477512534317,2.3289336298243346
78,2,41.33037914191035,27.77803900586725,1.975272213751035,0.4272469818438518,1.8978883375587157
78,3,52.09397815736281,30.96064592480992,1.7066456215184131,0.3614030737667644,1.709389420584032
78,4,81.18026816817863,56.77496978065855,2.74642773289961,0.5669464844168561,2.2200105035532642
78,5,64.95244252839034,33.074285842351316,3.2687323423349035,1.0577288493589512,3.341772820513431
78,6,113.20678917982038,69.61593021278726,3.661666405433071,0.8347037290105992,3.072259092492535
78,7,93.24574053748205,46.763709234637055,4.171086797728712,0.9069129081527967,3.3324643277420423
78,8,50.572808259229454,18.71665375170904,4.18598240515481,0.9841306249759576,3.4763205226266165
78,9,65.15442457040547,27.436709736737217,4.631459180040913,0.9928461944466136,3.7465540352240647
78,10,79.91596510146832,43.56654043256035,4.421835483910804,1.1898622205412526,4.607413772535148
78,11,60.06641713918345,29.805614840321866,4.782987004538542,1.1298783977528108,4.283785353618552
78,12,79.62379444144898,43.709842921551086,4.713186716868463,0.6028938160422408,2.560898800721562
78,13,56.07187173184785,26.422381057627028,4.74943728007886,1.0881412962114343,4.204013008860999
78,14,75.73573892826222,43.80393266268145,4.45442944854612,0.9855641616024116,3.859476451893928
78,15,63.10060108397387,37.00468297843103,4.038873359587184,1.1669228053516827,4.224990027352999
78,16,60.5546901320119,29.270951595258673,3.625418471162972,0.8683242534879061,3.2015343721093545
78,17,55.553878602827936,29.09258895474189,3.821678759955046,1.1349445242271505,4.064313303895008
78,18,56.270395606454294,35.43966944409527,3.236127353107296,0.7851953460102816,2.8309531981922165
78,19,42.3917068462861,21.71419827837093,2.850708524995154,0.9449259531326599,3.106781028340955
78,20,43.187010506819156,18.65538067605764,3.31835654289652,0.8916287910511671,3.094854778037579
78,21,53.531320006714104,30.547240196505648,2.4362555083099013,0.661202525237139,2.4214692473071326
78,22,44.7182402604703,22.36623067181634,3.2382176296829215,0.7453156308335984,2.757121523160961
78,23,32.33499064050919,11.985554404940533,2.2119122827244087,0.3069372162593176,1.6851178016394965
78,24,34.62390109947027,11.828944240712687,2.118131953377495,0.5418883217362405,2.090160077656574
78,25,44.08254049654825,27.539583682156405,1.6027009464185777,0.37148889686312114,1.767892921358658
78,26,48.35132914765581,24.10997577335144,2.7502545869708883,0.5885600694870115,2.3528300381208966
78,27,43.311010680527325,21.277199882182927,2.459924313368396,0.637957378889034,2.320854880688876
78,28,49.980999555341405,26.37334927017388,2.6011046719356625,0.586674644670365,2.28283450631187
78,29,46.02034306113063,24.00673724569817,1.9031688829664453,0.48549105106861257,1.948757585494258
78,30,47.047918836643035,19.284797343378408,3.7477764508993925,0.6511728891433677,2.6027858927232552
78,31,41.91613507752747,12.9865336830517,2.59991319079676,0.6743304933448466,2.5164509688085106
79,0,36.677657128458655,20.42352718281048,5.09688398229393,1.003623022367723,3.6010437149331813
79,1,29.19601791996526,11.828861621114765,2.5632145548569025,0.5898954218516739,2.2161970525115717
79,2,25.18073563275626,13.561674470278247,1.6191800676287513,0.5079162778849986,1.960612789681868
79,3,15.502218377291584,3.186741065290103,1.4916630666850301,0.2786493093292657,1.5532060281454634
79,4,42.512064139460016,19.840411851352293,2.0129441803324175,0.4520655718834803,1.8736603640263045
79,5,48.69843687881236,19.431789890536464,2.822622608929647,0.659740215410471,2.447359041290206
79,6,44.35452152936367,11.74833128879721,3.183026808412099,0.6548220211842528,2.5032321850520964
79,7,49.01731582283094,10.137455129882525,3.43155143446446,0.6326442492751947,2.486769118644697
79,8,39.659451355915806,9.082532662851463,3.916823105803016,0.8209948065681916,3.0093581536492784
79,9,53.600491311735354,19.02273487819931,4.105496043716591,0.7756138252581293,2.9620446590477343
79,10,41.27604084679278,9.147276750460588,4.186731166770062,1.0478405431148259,3.974531095646889
79,11,38.50252831220583,8.95051989394908,4.857304854290551,0.8921915725650322,3.3848256363965663
79,12,34.84898342462628,6.335136759348729,4.295608002082075,0.5491966396796855,2.308086245531491
79,13,35.587169829987786,9.192308617919567,4.251828062630567,1.1073977308724725,4.126992543540708
79,14,42.92982242127703,14.97661665928208,4.152970739168024,1.0173112743248476,3.760215164357498
79,15,26.669725909739718,5.799107428812992,3.8381193046272464,0.969562481750692,3.6404691474940205
79,16,39.62253496543801,10.950402533751515,3.279796769769773,0.8188266490353171,3.006632257472568
79,17,42.53287495520623,18.938627893480525,3.781526405645213,1.0335616084388946,3.7050543444402866
79,18,37.70055622302003,17.20320106878291,2.8414403788848546,0.5088307306943438,2.1460522889599454
79,19,38.815846698338646,19.43745357294195,2.4926546360735653,0.8625282367632545,2.77319526006417
79,20,37.81971218567851,15.846204390168104,3.0014344357836005,0.783756659941413,2.7702688763082173
79,21,43.88088768667683,18.662956275202006,2.7863931779584834,0.6312389568183936,2.4448641895841705
79,22,36.593819951788994,10.865939245274518,2.980297916923311,0.4073111329410528,1.9438994136832919
79,23,23.43195022136141,7.19918868147462,1.9078615080522736,0.23432644796999336,1.5128203717842408
79,24,27.20503218988331,6.661820275193545,1.710619674923785,0.46877821630414673,1.8300791481767662
79,25,30.63776163795147,15.923988763069248,1.4259300809235698,0.36892273747467863,1.7214143032813982
79,26,43.7349478309643,21.46629438825082,2.024152487577144,0.3877494972747457,1.8130231493054796
79,27,34.978112280850084,16.67125828074195,2.0274500575406473,0.4852441088222892,1.9298324887088094
79,28,42.66388773293104,20.8136987294941,2.3719189067547184,0.46199945500552975,1.9748062762725687
79,29,21.061042702066462,6.333960583334578,1.869374733708308,0.4520299149962197,1.8827788906501588
79,30,32.24411133725068,9.458869213867352,3.327150034678234,0.5816280883370579,2.320120011908473
79,31,38.427539997909236,16.919039431843657,2.6776671634748093,0.5410926113835322,2.2461658833400513
80,0,28.06211437576379,9.224726786733461,5.039769473821824,0.8834603213754857,3.1765092958164916
80,1,46.614739665500956,25.29079254184642,1.976425696460729,0.40203716902486875,1.8118099749048333
80,2,39.68005064865521,25.048538071046504,1.3722356186763858,0.3627298018256975,1.6748819472655283
80,3,47.67382493113072,25.066439907858957,1.454886608181047,0.2893540129137402,1.4910036015524644
80,4,59.93840493709904,34.309835289274744,1.1490778578226954,0.2171657968525016,1.4139480771385398
80,5,55.7329296756836,26.530007659130835,2.0704953812850553,0.4778163268291724,1.9331776085326031
80,6,113.44380404862598,66.35195300384638,1.165210172109795,0.23073159556875655,1.4427880255657664
80,7,99.22207540308627,50.36901723634995,1.9543113415047302,0.35940157424191166,1.745672152657188
80,8,76.45554509982472,36.93845875610015,2.1230009841121813,0.46762183456961903,1.9775892209493153
80,9,97.22874223023805,57.17022682888696,2.3016089417638677,0.3189847844116871,1.707657008025455
80,10,125.12084461687752,86.3018107086244,2.2470493719341285,0.4699986349483978,2.0483492043449565
80,11,105.29927233051258,73.8068457908779,3.2923129928229704,0.4439012720365607,2.086796029745874
80,12,133.35603151094753,90.59981114144064,2.4362802584492966,0.3290211212128229,1.6922161232623303
80,13,83.01266525776587,51.2562451767585,3.2594821004362475,0.5430877470956337,2.2402961193244324
80,14,91.25968419800472,56.935817369940665,2.993592082777871,0.6746743075332096,2.486006559726507
80,15,64.86165164721226,37.636444025579046,3.085384119297459,0.9601530259234532,3.409381305747612
80,16,64.77112421506143,32.73750833394065,2.772906874318285,0.9989172728316076,3.4171264947804416
80,17,49.52400147424925,25.036379198075146,3.1900032272199788,0.8025766522398072,2.910671320996243
80,18,34.66399060305259,13.723327162966434,2.7699271830053194,0.5293510327583251,2.16017507317521
80,19,34.971901611799495,14.553773997230945,2.2231511143366474,0.6561383960892568,2.3022653700566442
80,20,31.131845400878284,8.99241505447248,2.692320608180888,0.7071458990456798,2.5231837425231176
80,21,43.32065974546022,17.40906306219879,2.565633535689256,0.6381212324028893,2.3990829025762777
80,22,26.5278936733678,5.267126216948825,2.2428594943446534,0.34395071430638335,1.7653818829048762
80,23,21.431691169231183,8.217118718304459,1.6133748187110033,0.2855252479194541,1.56420730726741
80,24,23.804433441841596,6.903640227106578,1.418788908039018,0.45106585135520394,1.8016823288696586
80,25,37.35926156575972,22.680238288278197,1.2129104453928146,0.39058699037339517,1.6948285626397355
80,26,30.91091716517967,9.639825985263018,1.9427816692744826,0.5411803590058502,2.0506891928675235
80,27,23.558394142278082,8.872178505983236,1.7431259449136962,0.5435450447771202,1.9785261232080749
80,28,32.741933062184806,10.151004680911512,1.8467236275255454,0.36860030653524656,1.7595753966709937
80,29,22.860541067750432,8.213219339999787,1.5117632833460015,0.4405009379887135,1.7860425803411983
80,30,32.83690588279625,10.055097453751324,2.9354468222564174,0.5859656213079893,2.2997807545168016
80,31,49.88407484719218,24.709095194443673,2.616409112925515,0.5696188449255493,2.2283184355562025
81,0,20.86480988519299,7.472882763366387,5.163985108200281,0.92541724045482,3.2690455325821928
81,1,25.161047925345876,10.65651724786297,1.616507487997338,0.41301253236985547,1.7915710776802336
81,2,29.145967849650134,15.93327798152332,1.0028760666838303,0.24475224870330248,1.491579866938846
81,3,15.31221693874715,1.5969811111735812,1.361106160089503,0.18557541826758017,1.3672745276383524
81,4,27.140150695378953,5.181144944888539,1.5888275453926295,0.32667778507300227,1.627993189257343
81,5,26.862085863630462,3.155815041369203,2.4111744627620264,0.48431652683541726,2.056492293750823
81,6,30.599784860603876,2.5563930655014433,1.8045357794361778,0.3481019298290433,1.738396124179697
81,7,48.29358937864998,6.035221718295379,2.640034745131943,0.5495146724705906,2.1956921584911164
81,8,51.92201901891068,16.75166865942887,3.278650160152693,0.7019609279839805,2.646471089227947
81,9,84.24056270756039,39.86804077215558,4.176718571254436,0.6945154576997705,2.7860973009154524
81,10,105.87550184585255,61.99545315761197,3.945779131237086,0.9379255992412752,3.6368159508752718
81,11,125.4799257312658,88.9571125583804,4.901426193025184,1.1034983851933111,4.220332296985011
81,12,155.55007007214178,109.73877930944519,4.474914082208593,0.6758722854563439,2.7304618368747624
81,13,104.75706917287476,69.52698924868972,4.464207940208991,1.2698405510817876,4.7282632896139845
81,14,86.41175668562656,51.69426135269022,4.472022165572979,1.240848357649754,4.755857656185097
81,15,69.97421445154293,41.01991244105892,4.175986547698713,1.2304292417325469,4.723961987086648
81,16,46.04649139033938,16.445788195701308,3.1013671351629215,1.110027490851187,3.8200215110455438
81,17,59.04139612093449,29.136380868267977,3.62881055673714,1.0974200221014763,3.7644870986640653
81,18,31.84659790859771,10.64861172625577,3.011043099991177,0.7799404864840032,2.7508815527372823
81,19,45.4408291394968,22.146279936790233,2.6144345388434633,0.7278472173878647,2.563301248131908
81,20,36.95455813748101,14.675526204152327,3.055032573474929,0.949470130608177,3.2361520173681155
81,21,39.87973387964781,14.959246515412456,2.552416544913638,0.6993034898988486,2.605729740478259
81,22,40.28157350229016,16.006355716507834,2.7752980955611957,0.692351684308782,2.550576382113569
81,23,28.989531353377014,12.8892448702745,1.948794858270721,0.3349435272690129,1.6999521094177938
81,24,32.00534243596977,10.072915699993217,1.809264370646003,0.5798380908341345,2.126445580883823
81,25,30.843226848137252,16.956546973505585,1.360470427066385,0.37278117017458223,1.7251623907558122
81,26,53.22385418211337,26.950814574931172,2.350834800147382,0.6791238906168333,2.4807728037722963
81,27,32.95928277717747,12.744435833570556,1.876666465553545,0.47421449372516444,1.9531700348222896
81,28,33.28398850014892,10.220920801368097,2.269678848470302,0.4801851716532184,2.020501603809468
81,29,24.93049844305959,8.96323451866692,1.735073759616553,0.49712003398553817,1.9294639959918813
81,30,39.246227065164476,15.556050097742187,2.9227812411638547,0.7169569789435655,2.6504778025615043
81,31,38.26773949041458,13.567657912113,2.2882945339990846,0.6715352790644955,2.404025151470008
82,0,15.63532811773709,3.6123737498046244,5.111249063438281,0.9663022408981377,3.418093331260258
82,1,44.26556255773741,24.926495788097462,2.1284688904269227,0.5823921335275584,2.207976869181369
82,2,41.2665906112424,24.84383390978836,1.403185728557213,0.5097725725831463,1.9557508307354545
82,3,30.477277646707762,14.641914662214518,1.7610706966226843,0.3330977249133309,1.6714782915828537
82,4,42.18850038403558,16.916441191608705,2.099217075109754,0.5407612210612078,2.0535040141805743
82,5,33.86179272832247,8.370440924466509,2.9557462914464323,0.680795736561111,2.545968961357332
82,6,81.8380082650244,34.08537721619488,3.0274100661089514,0.6640258956790692,2.512843170799738
82,7,59.885026846779766,22.715573324150633,3.579618085602454,0.6456738467079886,2.5327652403191205
82,8,60.787354504144986,25.94679840351013,3.4672658214583363,0.8712895290182052,3.092614227934593
82,9,51.76701581665034,17.81879066971348,4.077200382734658,0.7775145744461245,2.9882477238199776
82,10,51.038637007861006,17.471538093292857,3.8118493753931775,1.0067280296676264,3.7526914912527567
82,11,42.52088852456379,10.824489529222827,4.674496965934075,0.8957764656540501,3.3807596961518382
82,12,56.58364265056213,16.87773548986724,3.9998113446914303,0.5409011758756899,2.2590422727818495
82,13,29.64503688553808,3.9997976831854656,4.671970440991227,0.9887180683509031,3.720692981940587
82,14,33.84043929411973,8.624539196816201,3.796340998327438,1.0722587722889503,3.972884406726857
82,15,38.265194170536944,14.087254721157858,3.632714314816936,0.9770220358425314,3.6316961751344405
82,16,45.00500050045184,14.72102400198673,2.783424733012735,1.0327116048282616,3.4993267777050487
82,17,38.224437346416266,12.771824290436367,3.02446828249308,0.9460391157625905,3.2034520185601036
82,18,32.95337463920638,10.23616014875517,2.7762263150176443,0.6716229007240786,2.4908501231878515
82,19,36.47560883320908,13.875085941575222,2.557363695821732,0.5947979814016615,2.281417932869403
82,20,39.466996423730876,17.924587799370766,2.713111913955662,0.8856723070270043,2.9907948478462663
82,21,38.02202646906875,14.24542759958146,2.5850102075767856,0.6797829172057313,2.570454107118754
82,22,34.05760104162528,11.126302366349218,2.3003066408328388,0.5346290191980105,2.0926009220644453
82,23,31.67283296126034,13.98190057207034,1.9611614101216248,0.32645739685189934,1.6989996877643752
82,24,31.232628365350287,9.741969723823509,1.8129515036334487,0.5661085981120486,2.092186952807323
82,25,19.8910588704047,6.4237456322707125,1.2560075086885034,0.3191716499727624,1.6365994663383978
82,26,48.295830136984854,22.5024749277244,1.96105290397153,0.4459137112449665,1.9690102303555839
82,27,25.70115475797462,7.383596486438489,1.6739743110296628,0.45822306853144834,1.856022031372902
82,28,35.89801903054264,12.58817864714358,2.367679840024344,0.4325405327361427,1.98084270491356
82,29,29.536325096493957,9.421737240458828,1.6117288162275791,0.4328465465866671,1.8099307384584524
82,30,31.655792911086806,7.87916266194222,3.114137281829737,0.60645790373857,2.434008101084505
82,31,38.19586325490907,13.305408985799357,2.4944559707112806,0.6204420926872469,2.3502133693192735
83,0,15.17056327224943,2.100762193305499,5.175798473021669,1.0124774598904676,3.5756809797390687
83,1,36.225076043071965,14.376717207980224,1.8078124889532323,0.42154328851649403,1.8344973515991412
83,2,34.62051782984592,18.528307715681795,1.016512846278229,0.2939107662779257,1.5342039669431757
83,3,26.450910052436267,9.455138674224996,1.4111693386350568,0.21543245761326824,1.451456440749797
83,4,30.200887049256007,9.338708440954452,2.052149072294656,0.4287468046482048,1.8569624535556823
83,5,36.18158408262849,7.57050282834608,2.2978202372185956,0.5556489377877436,2.1496408953063337
83,6,56.610133066496445,15.032291852370461,2.46127942223268,0.5173817807583285,2.108880857083216
83,7,50.67789521300313,11.458097430634593,3.1088676022756743,0.5019957755732922,2.142271192516463
83,8,40.056011981175075,9.38932661334822,3.283633485721788,0.8822797002631084,3.0284274232477473
83,9,43.95833699470671,13.86399349939028,3.3903361996957058,0.710521422297135,2.7261596983687757
83,10,47.22212822320572,14.61558587486572,3.210343867904357,0.9669045404163432,3.517859948709851
83,11,32.37659658475463,6.141192581211348,4.432318147146334,0.8610286217548815,3.258324112093839
83,12,24.73968116759764,1.0571548561614916,3.815825760624416,0.5376366370098014,2.233854558274407
83,13,37.14496847407016,7.401121613517409,4.252613529864476,0.9541215098319338,3.5888589791137937
83,14,29.413205499259327,3.607424566361445,3.3615580639665086,1.03408280296139,3.7013544079794642
83,15,41.24664560739711,13.898677087800039,3.6777083099245,1.0209398109045718,3.78341071678387
83,16,40.74738819459479,14.533764969648534,3.187271083346347,1.1123430125882776,3.8900705937872258
83,17,38.66966923819429,13.754107843940565,3.111779378261283,0.8188547672703699,3.0047300704303934
83,18,20.916658661569205,2.8983611515139875,2.6684600498390036,0.58927675002007,2.3179816122485772
83,19,24.603490453391924,6.647639467359409,2.2517908604509533,0.5324849161705534,2.1109194165640464
83,20,29.081261995356318,12.276419849132381,2.4468967134978516,0.6992197605546107,2.5551781436514913
83,21,26.47642171284723,7.356412857660016,2.5536537609307883,0.6951785768753442,2.6034203443492414
83,22,22.23301554742407,5.60971954995113,1.9369446135066983,0.450639848108056,1.904909284725217
83,23,22.25703499436665,5.95813527794177,1.8244315222303453,0.38724435050307804,1.7668079238899825
83,24,18.547732732861988,3.7580313595977244,1.6170457534470601,0.44736360753202375,1.8530426747638609
83,25,16.12217516460747,6.78395015342455,1.3314494008690088,0.3226414906269568,1.6484988945370254
83,26,20.96573234132662,5.591928247770771,1.8026944022750215,0.433646554720549,1.9054827139115889
83,27,15.24578296477642,3.6608337926095604,1.7743254807652564,0.471021479031305,1.8903844294453909
83,28,24.96319126345653,7.012765412720263,2.193591513048885,0.4414102101099182,1.9441072665155623
83,29,20.125556653609948,5.3962081145569,1.71661716469966,0.4450710325812959,1.831062999353345
83,30,21.618467927482172,2.7005105736856474,2.8536949960596845,0.6843525810539672,2.5333789676206044
83,31,34.11955230155437,9.792710846726644,2.699788428539237,0.6355822239284201,2.3947212381105705
84,0,15.947608660203546,1.4230205392075752,5.174630916049582,0.9815221103535361,3.4987642512464356
84,1,33.708797294534676,15.081842337806338,1.8056473085128077,0.4252313269486945,1.8328632751671037
84,2,28.1316665344308,11.965443980705444,1.456751611449894,0.40510437962491763,1.74919072278774
84,3,28.8753891592078,11.513780306607647,2.215965334470024,0.31799171689608396,1.6712688385384902
84,4,34.472449063428584,15.501487139462512,2.275349141846194,0.5101570083880658,2.020837957735582
84,5,30.342232033018945,9.238197483993135,2.3579721322873346,0.6172951338353134,2.2909526564705005
84,6,37.15492346768044,10.464810801626758,2.6839289414783223,0.6448480448891263,2.472419361205755
84,7,38.08800694369606,8.002561706978094,3.2789510981247734,0.6965523893995482,2.6417744529288267
84,8,39.98226431574372,12.176025490735647,3.6478558271292663,0.8807063021722348,3.227515198289445
84,9,36.421570609103696,9.534916476735338,3.6739210596672214,0.8129328481899991,3.0772797639443215
84,10,31.451076781412027,4.39582321266656,3.3520190140237185,0.9546649199368185,3.526553367667751
84,11,29.697473163238865,5.2687199449740545,4.394797621409493,0.8044930350689272,3.1050152581367367
84,12,29.086621727631737,6.052664944388518,3.7510990663984685,0.5065494055999458,2.1511453474065747
84,13,26.754629935716913,4.905456810146301,4.146578942273415,0.9444588960021756,3.4178986997663894
84,14,30.388423629697208,5.934929071636408,3.537745949705352,0.8692243419225427,3.1312137330701075
84,15,44.195987626191126,16.526720943327888,3.702712512422547,1.0709294690270212,3.9448380108617975
84,16,41.18722623149466,11.903337834765074,3.021516310684276,1.1734595195340582,4.03042509482562
84,17,48.49997298164999,21.18568179017931,3.1024109035063305,1.135528422725511,3.7138816183245695
84,18,35.02892297114617,13.601118707553917,2.5888640580443782,0.7427138130780704,2.6113117543842783
84,19,41.872481368390524,18.191825486150137,2.214619983110383,0.6704853714987062,2.345848623369819
84,20,46.137148503807026,22.774027170180165,2.533589518388858,1.0092419364963248,3.266965472974196
84,21,47.541402190652576,20.523887509027958,2.385943543886021,0.7568737241601502,2.697547797484079
84,22,34.93573876166673,12.2180775331839,2.373067667199556,0.6696943721702433,2.4816524479698523
84,23,54.662774973640396,35.939749692231786,1.7060105596750064,0.5156305821321485,1.9920641117629703
84,24,37.451432619438926,15.391317428999132,1.627370573045055,0.6159963689392418,2.181723883108385
84,25,26.19692580110243,11.35001380854678,1.381349850960694,0.514846039628849,1.9213025699433637
84,26,30.93034434897276,8.44294581622393,1.8760545073613564,0.43824274950938324,1.9269688019051157
84,27,37.37328415880643,17.753924993901798,1.938408504105046,0.6007576279450348,2.128832356381888
84,28,43.03006263933514,16.87934590366205,2.4474146674406,0.4597154503735714,2.036479502404807
84,29,31.298940970816343,12.347501731503833,1.5745399718269892,0.4766214034218441,1.8888609818079904
84,30,34.18178287689835,13.898392572382647,2.809288532017159,0.6904246323490346,2.6375468823171766
84,31,42.03093651610139,16.657107380750585,2.3542553642311423,0.7156677521442614,2.536698729493197
85,0,24.085002231747715,8.264841347039395,4.903249110085836,1.051652075463286,3.72698432694356
85,1,54.420730211945255,29.95739814750116,2.1351977685292147,0.6375858288721319,2.3198553751136224
85,2,35.44875664523839,19.104836674184234,1.4308707552503266,0.38121655970782875,1.7510331472824552
85,3,26.224636699792743,7.82129816519303,1.719090682408751,0.29782086470049474,1.6121607800955287
85,4,47.88297928449599,20.961650057992884,2.1496228829414297,0.5772725597704054,2.146883544069114
85,5,36.61887519980207,10.241849398819323,2.566380005855242,0.6309776490519332,2.401978944765017
85,6,46.49683651890187,8.791971534285613,2.7646983752583276,0.7040659961018321,2.5742608095401205
85,7,54.994567804065525,15.250599127871261,3.6201049477865963,0.7279149448789859,2.7967851866579427
85,8,39.375605521846566,9.723907192167612,3.1842798451079295,0.9036335969670972,3.1643936665112977
85,9,45.16730346199844,11.756267056469847,3.580302185660032,0.8060931891097658,3.0431410702525543
85,10,34.97219743591559,5.0893402485378285,3.065811755715471,0.8228927577791967,3.129872225360339
85,11,37.30357096867766,8.371232732518404,4.114519980797452,0.6926522338936545,2.698194851553338
85,12,37.144767813301854,8.783005680763354,3.6077777710016057,0.5716806600471522,2.3242819331360542
85,13,33.569160508061096,5.024388928298043,3.9632685604460685,0.9312261620118027,3.4090672147141086
85,14,38.72943306467215,8.841521205766442,3.7561822481372285,0.9205201452766105,3.4881857527763556
85,15,43.47940865310958,14.561534594036061,3.931562615141435,1.1797137785724034,4.412559661852858
85,16,48.390407139965106,18.37976180469278,2.7603836445378183,0.92476439125126,3.174608373708612
85,17,40.678985666392016,15.947963028433183,3.29391397252617,0.9441228234610857,3.301273824648431
85,18,34.77116877406085,12.509125868886533,2.7475609021875567,0.6783483343813579,2.50992610342545
85,19,33.83240507225974,11.24956099560859,2.2599031184278138,0.6493529278636361,2.2743553535748315
85,20,28.421654740674555,7.637576372149578,2.466033578053369,0.784010110309092,2.7029245000203312
85,21,45.429023363560596,19.117771358673338,2.487195302487074,0.6478607681865411,2.4507204018004267
85,22,38.5888709947316,15.486062700012365,2.1443813279375283,0.47339734802535727,1.9707710914112424
85,23,45.01961213120276,25.293512468669086,1.897336469173816,0.2898588498558152,1.645026595258044
85,24,35.8598709990892,17.68833178875817,1.530537864295483,0.44796115149796467,1.8454180809166592
85,25,27.132892578708386,11.752121483716888,1.2899997045965723,0.29249117982437745,1.6000800514593132
85,26,32.289579612482605,8.593089428541226,1.8909903124656744,0.44651374256710485,1.9150631640199942
85,27,33.356777182634325,15.843724354546815,1.731445908526973,0.4344485795569155,1.8118306805221085
85,28,64.22682057426697,36.836925185819396,2.6073398477458873,0.42525193797054195,1.9713638189081644
85,29,42.12791076822008,21.193158761743394,2.131911504241878,0.3710897717895456,1.8118677314933584
85,30,45.94758748704429,19.773454038979644,3.5133772833805157,0.6418461764229644,2.5652520154767657
85,31,41.3187138022369,16.845574866871157,2.740018942674667,0.6773978119966855,2.5586934759036195
86,0,14.4086587308845,2.672052658903275,4.9963538956617874,0.9981019970143983,3.551318229207168
86,1,31.114935748933373,11.558577654099235,2.007792937390224,0.440260738161967,1.9088936772484622
86,2,25.05936310352975,11.456925692536657,1.4418244844070716,0.4109674040775786,1.830650181149399
86,3,15.719103668357722,3.1009251574356482,1.8182273722364168,0.2656705278621032,1.5856193456826015
86,4,20.094823970013785,3.1746485107772973,2.3622670437843816,0.5797373244987294,2.1983655424396793
86,5,34.10603508443254,8.576252149163171,2.5361584861465536,0.6464306767258376,2.4120992848869856
86,6,37.866856143062776,8.891758307647633,2.8713769840025183,0.6474721999181616,2.4585821674169734
86,7,31.052145956111506,1.8011661212320877,3.265416445701958,0.6374688289420192,2.4849933030719065
86,8,39.033598231104165,6.1393961509524555,3.192320251735782,0.8427432517009406,2.9672743305002336
86,9,28.10149154591009,2.5981254522474524,3.6851483042437785,0.8179065545546234,3.1184336003218807
86,10,24.501637236560377,2.944847900931924,2.9137836484510586,0.88432788881522,3.1673807848674356
86,11,44.34443510230159,15.004299664286469,4.412934323869695,0.9130911432428803,3.3808930794709187
86,12,37.55121610373092,7.581015618195997,3.8217503930734313,0.585383613387096,2.3379756703642944
86,13,18.869844128040558,0.8521443975438074,4.033801237931865,0.9792093443954624,3.5510895922450803
86,14,29.44025599906267,4.811122594251759,3.898897630219087,1.0020260996933499,3.70414582199989
86,15,23.940115199702454,3.1323064982018667,3.5796420481557965,1.2004860096196754,4.321908774190619
86,16,27.60991172164269,4.753571808846109,2.6792043058106025,0.9266770146144441,3.1504145745000045
86,17,28.48247431886359,7.607377208655892,3.4409659552480285,0.9117873838767245,3.2871400483846926
86,18,17.57728240537587,2.6054875083186264,2.7421225592093212,0.575410261530354,2.2951565597012653
86,19,20.370266004888947,3.724753102397983,2.2251516826935265,0.6685315839204735,2.364133059397672
86,20,29.617266761579838,9.48452758526881,2.2173517024255878,0.9139832568631308,2.9820558661239724
86,21,33.77390987603735,11.05153018740444,2.2674583701189963,0.6094500886030034,2.3500395352041634
86,22,20.64515413929152,3.955635586543944,2.0210648816309154,0.48745362381706236,2.030418436530578
86,23,24.992291995027287,9.089218742930173,1.698065683250667,0.35947018916065354,1.718491438847677
86,24,19.929464846921274,4.774565580629625,1.4187120132584357,0.5473155316954961,1.987863328991842
86,25,20.54933531530493,8.542922141858808,1.2815930394231838,0.37004966101573933,1.718358725258363
86,26,24.148573383973527,5.354939041773486,1.8598711585599543,0.5490149766000008,2.14600774980888
86,27,18.302452000678013,3.8165216742907058,1.5752750947960812,0.48303476191961225,1.8774940253797126
86,28,53.313389834572135,31.374604158994227,2.3139566394391915,0.5196210297680643,2.1109350901099044
86,29,21.35676229818536,5.451720986358005,1.8510621218559984,0.3565997916729837,1.7365528620835273
86,30,31.137688114020804,8.527541749606318,2.8488738005735788,0.608769655030843,2.3575054732908542
86,31,54.41230058381154,28.15356003219361,2.6674265915194075,0.6709981908654821,2.514870671506593
87,0,28.29375483409174,9.842673107430585,5.46824288518831,0.9193215271203332,3.3074495936217247
87,1,36.047698461747125,15.640165276312363,1.6339912024954049,0.3827736716980725,1.7463129406610371
87,2,28.92866982155261,11.795372764065354,1.0099350846140585,0.28803947122598594,1.5208921853622952
87,3,28.0024715506525,7.49175398446766,1.5337123621898952,0.20080737070132915,1.431505705382589
87,4,33.11177211088565,12.012664460905677,2.0389221596512987,0.4464904015131532,1.8869113074696946
87,5,30.49060377497885,7.531725479742567,2.0628945827446747,0.5512181893244765,2.122315898249008
87,6,45.68300614993481,7.056051852326455,2.3664830730496416,0.5200295573920628,2.1450685729990835
87,7,35.146359535091946,4.196247131120599,3.281305511774937,0.6564525693523304,2.489236579321209
87,8,29.369686178965736,3.718847223940677,3.497124311077344,0.8638050557072354,3.1025747605333764
87,9,26.001889529068087,2.152624388063936,4.146937970637449,0.9345458676582217,3.5110513164275625
87,10,39.76493213557008,8.634459321151075,3.2738800584443855,1.0466887227311918,3.7366431420704744
87,11,24.112474575338744,1.0278205586206424,4.772298821147668,0.9581232137360551,3.5868040840866366
87,12,18.735965599989278,0.45008926909213365,4.008317427779695,0.6216306344426741,2.4591658514161456
87,13,16.976117505283607,0.06742797203272133,4.1183976497724295,0.9493695265356763,3.4180844602206
87,14,25.505917329730323,2.1531232877075728,3.6613870722187567,0.9148528742886963,3.3215752698018277
87,15,28.026789162378428,5.565404410685829,3.3751339633197737,1.0614655283814742,3.7185250575845474
87,16,26.52084645347602,4.6196537540342755,2.8097963008667186,0.9091440750490971,3.1109965846872467
87,17,27.61342545821589,5.5312183183030985,3.359619230497571,0.8493256167445229,3.0619062211215784
87,18,22.100272060995664,4.800612574635705,2.771080422002444,0.5309693991904472,2.2143389843272883
87,19,20.17275816155322,4.36912068988588,2.1194970919681673,0.5294561381883374,2.067309720418871
87,20,30.179947129365722,8.00737016680376,2.16724563288697,0.8024515720642187,2.752743723290147
87,21,34.310881106718085,9.513617648389019,2.3244867026801277,0.6044634305834875,2.336566099337578
87,22,29.625318980402163,9.888368267191765,2.0160905266171802,0.4094388261394313,1.8927432223843415
87,23,23.793410613677104,8.66556368114412,1.8002326537938864,0.42042981226017995,1.8605652890569653
87,24,22.830800789025517,7.432352421948875,1.3788774494256983,0.5536725057860981,1.985224929489878
87,25,26.65538850174742,11.489386343033594,1.330823114319596,0.2900698768538845,1.6215636159126021
87,26,32.29707288243187,14.00076304371432,2.0025151138416417,0.6177846302582055,2.299071025607258
87,27,16.877698223283026,3.371634992268196,1.815294403789164,0.5938609347983701,2.12092943611177
87,28,44.982494975495605,22.307135596797664,2.3160384009227952,0.48882522432241604,2.0621134205402094
87,29,28.032836032845687,10.37452336169485,1.7005156218173108,0.4632376068687867,1.8830431275650348
87,30,33.22498326594276,10.45075927369774,3.09317650896236,0.7582553984736795,2.7969937877633697
87,31,46.39810931003185,18.436767603469598,2.5970114058987797,0.6127500514406412,2.367662915837824
88,0,13.834285809670314,0.9511307602807362,5.142824367669631,0.9412281745533431,3.3189883028061202
88,1,21.712516440412877,8.341220690851568,1.9302791408043065,0.43010986594587974,1.8676277620973583
88,2,10.704048852353779,1.2572358306183344,0.9743451276467828,0.2925409880431694,1.52243411080343
88,3,14.21157030693243,1.3016369328804878,1.3950184524438662,0.21090842019828937,1.414496756740297
88,4,13.604722758203895,0.14863095135466728,2.1845751850552135,0.4535379712824361,1.9272819734563122
88,5,23.50348606478597,2.6128404630796265,2.5172006478887163,0.602833762448419,2.296177343783801
88,6,24.876120248724032,2.3786026953467623,2.262849667467577,0.4706461049526429,2.0454441098556275
88,7,21.9796008957913,1.1456118327296312,2.9560406247025046,0.6788579679207003,2.516809911664629
88,8,22.74769401364725,2.1040851747074703,3.358602985467111,0.8389830436482759,3.0039165528238234
88,9,17.893839912613338,0.6550792905337319,3.9822892576374365,0.9309767795472164,3.4716690859174366
88,10,37.23716534309061,8.582124447245114,3.6407683595020752,1.0845205129039814,4.0103373169928584
88,11,25.49659360187866,3.725788858836334,4.666248169644684,0.9574123366539613,3.623821341636515
88,12,56.077501393283654,18.675896487897656,3.981658009069478,0.6288936800431353,2.5121383855493686
88,13,37.22781044575302,9.827425122607897,4.11452799490343,1.1916720266408305,4.272724132905666
88,14,39.404194906271684,9.713240294524498,3.731833905764054,1.1411243325139209,4.05055042463782
88,15,51.92079540935949,21.470210638963913,3.9679103214781164,1.214982038813226,4.42712712649716
88,16,48.29349186434759,18.564131122718386,3.1108540887883445,1.0897957873038893,3.8450555539930913
88,17,50.85570605896069,18.53917988066289,3.1416007605855274,1.0398214970718334,3.5350607893059114
88,18,37.387044345513104,13.894186038340298,2.624567495094202,0.8196418135166419,2.7541631817587047
88,19,38.4200927982463,14.675290429364273,2.35404903577964,0.6713506896460544,2.369170531975661
88,20,33.40030763935201,12.551913041382251,2.6649055591415287,0.8546906616684304,2.9018604830885177
88,21,33.80461220151771,7.845958726651979,2.5457681850602496,0.8051045019206597,2.772785323022256
88,22,42.184788407403,19.897013035617356,2.445746728822378,0.6444275175108434,2.407164253627997
88,23,52.378373310120054,32.42807792309296,1.9012819258268139,0.5699498517786021,2.115292765323184
88,24,46.79495718312694,24.232637908250595,1.6359587918089344,0.5460589086080092,2.068384890778298
88,25,23.368072387140934,8.83824204095694,1.4010489213434472,0.35173483754650725,1.7063572184544584
88,26,49.87711504677914,22.26963634609156,2.2389919181628954,0.6336715826466888,2.3451798947971882
88,27,37.27751121678083,18.66657058564245,1.9451275497703806,0.5340991856437096,2.0444073276164105
88,28,32.98967048082916,12.813466202940367,2.5547935983742116,0.5441268267149204,2.2448005420988557
88,29,23.975935149414745,5.759568989573338,1.6730520356751715,0.5227011329306372,1.9580465175989104
88,30,44.889075853492386,19.493249187691656,3.1908369241867547,0.8848307862869191,3.198012239693669
88,31,26.31642770429218,1.9895147379122333,2.6866972479305167,0.7961113047833184,2.8068929187229217
89,0,20.625922034657094,5.435404998425453,5.322822021341846,1.0051550536018388,3.6218516786459762
89,1,47.68161498367446,23.23403573753395,2.338498976775157,0.5722875401305503,2.222339086971295
89,2,24.68854767431978,9.577373287221098,1.3192991508024703,0.4483308434790825,1.8052241576812202
89,3,40.5492687415797,18.632072977706663,1.8689313442309445,0.32757351009653446,1.6815788883062512
89,4,50.40492971853108,24.05685881600241,2.2907706101833236,0.5596555372932741,2.1735865156479672
89,5,46.517683488526316,15.570673083005385,2.875355373913767,0.7780402605357444,2.7299090298948436
89,6,66.95439049149954,26.144993495944913,3.2126268971844354,0.8017188178069414,2.8668734286746838
89,7,71.97449738454667,32.469965150698286,3.9671857223787033,0.947987537130988,3.4057716297787
89,8,42.07216265179561,13.635385574499772,3.6721944935485284,1.1563500651048058,3.9030837569427868
89,9,37.39746071438462,7.519855136570498,4.066447568730476,1.1074532777385553,4.063728439230912
89,10,36.665531827093716,6.715744222229244,4.0043564882887495,1.162698800644331,4.374176276643611
89,11,34.939814711722356,8.372187922241906,4.932809936787485,1.1165801617947375,4.152181341627639
89,12,38.08702971977737,9.445346236161319,4.481759875834705,0.6014616394614709,2.4764327011500846
89,13,29.3810168643768,5.238239659996621,4.426765545223281,1.0060808863750648,3.6986246330868178
89,14,24.689937636250182,2.6225475089009715,3.8987744365683112,1.067552238198838,3.916350766337261
89,15,27.717343118030854,5.993413113971688,4.282325888272835,1.1888365507451795,4.295913325073244
89,16,35.05968840976346,9.869137818254613,3.2477247885668614,1.028315319954939,3.62523554064344
89,17,40.490224989177136,10.066330390640559,3.4786543835453676,0.9053922692029159,3.2046117743657043
89,18,27.310729738589224,8.592559042779152,2.6770988826977926,0.7038344875831544,2.506761423133073
89,19,32.1889291396289,10.093520617970514,2.0387520454132657,0.6706941538949325,2.230066126564216
89,20,32.910202664604924,9.70723126882568,2.791686504754362,0.8346853490630268,2.880040970960659
89,21,46.22373115710532,17.153502329057652,2.532571966742882,0.6218780683368079,2.3880241869865233
89,22,54.02501427069691,27.222069561027883,2.505897798611778,0.5955720212919284,2.3246968686678975
89,23,61.140235670585525,41.43717156696019,1.879312390014202,0.41097718301302244,1.8216259688747811
89,24,51.32257696101605,31.452276156894698,1.3202555852104099,0.44205251782262467,1.7790261483297964
89,25,23.302646778794887,9.570440352478451,1.2968217963157764,0.4434604846976584,1.807756524962607
89,26,47.35391316450482,21.88244245446954,1.806425754224423,0.427181326182166,1.878971323738846
89,27,37.43263872418498,18.00407068164978,1.810794593960047,0.5202929932203255,1.9520327575891039
89,28,57.23233507058689,29.97589219256969,2.477308978521166,0.40619352896020766,1.915132496217362
89,29,19.188102978302318,4.723517196260324,1.65973507866251,0.3826796494579565,1.7390370269699527
89,30,50.47862809924837,22.991421576565827,3.198540712956853,0.6717003042347436,2.569520567469684
89,31,52.193036579999166,23.885635965260363,2.5853707711220935,0.6241497231061572,2.354212396021888
90,0,22.37281803962648,8.252515257758196,5.001334572633753,1.0423492866501327,3.6455644823079107
90,1,37.86375018011031,11.349445930931367,1.9240662105778212,0.4104140779730665,1.830490202382875
90,2,18.937978273494615,5.559772985910309,1.301366989524175,0.32873089215411677,1.6607958290354998
90,3,23.063906930835643,7.498212835706003,1.918728779758978,0.3229739433095009,1.6723862543366566
90,4,28.584290344094978,7.668787242880628,2.2631407202028013,0.5164976142526791,2.0563562680490635
90,5,27.562470132951464,5.350664270676934,2.9524231779990875,0.715310634066983,2.6194465330766605
90,6,37.47191948557219,6.827316503067011,3.0930260007389614,0.8257242976101282,2.86937090717534
90,7,38.700768352596086,8.354723472579096,3.605273844915658,0.734309424742035,2.7301743053226506
90,8,32.944602909062596,8.683311988784448,3.6793838427596164,1.0263721452993844,3.4716358490039476
90,9,33.84978719867034,7.370807289449395,4.047478154041948,1.0511778810836434,3.8258273829682956
90,10,36.434284478911735,10.041258749083,3.6165727546790727,1.0639104558847734,3.8535554564849073
90,11,35.821333682102775,10.133650716895529,4.372397213555636,1.0214822583039682,3.669114082854126
90,12,52.136173019341086,14.841051657144734,3.969360538207891,0.5955176843644092,2.375408159246696
90,13,25.248155410059773,5.758560028237176,4.063764729372808,0.9214726145545011,3.361271605270083
90,14,28.714107444498733,5.035669684436421,3.8966746249547106,0.9598866006579798,3.505945378016801
90,15,29.81229288996878,6.655516667729536,3.8342068651704135,1.171107225621233,4.164491369547988
90,16,29.20756321664424,5.806670562967977,2.960026446668774,1.0629233703858976,3.6350519210134937
90,17,25.003532060861055,6.6100820070379465,3.530333223430697,1.0250421756956913,3.6206759058514373
90,18,15.717841601537613,0.9773683832148173,2.7215898135235297,0.6181169751726978,2.3490646525966405
90,19,15.375586349007502,2.1643356588592555,2.124430852415137,0.7078782329339051,2.356180436238289
90,20,18.67686640385299,4.347689117539488,2.8369776250186414,0.8798488747979816,3.035578795311014
90,21,27.580904263803205,8.087515437197128,2.7267882278071447,0.7634876217193733,2.760893187618884
90,22,16.849576122600826,1.8986040807759639,2.4900149452954796,0.5891386605643119,2.297637262441172
90,23,22.108291437286358,7.808523420258146,1.9878335148704804,0.44264640472832206,1.8846031090826676
90,24,10.635035939308445,1.2208157488823752,1.3112489103040166,0.4388759640969113,1.7773668054059018
90,25,18.02056385182271,7.04869871072599,1.366305741648269,0.49923958585882233,1.9177512264077083
90,26,14.3278226881035,1.0900757191833736,1.9763734795357568,0.4418122248357299,1.9387833433369357
90,27,10.29195556756651,1.7762764792965176,1.8345212793560661,0.5720452996536156,2.0669683174562463
90,28,32.496686151287236,13.982032987447276,2.635010493500981,0.5654398965645222,2.245900557709556
90,29,19.160309000411974,4.690339689163945,1.902033344517647,0.42928765651609324,1.8461725338474688
90,30,19.566364976477896,1.4881534664261347,3.3679978601188036,0.7334211490645375,2.7571776218311386
90,31,47.82712013000152,25.702442052865692,2.7436031097811826,0.6251115590248508,2.4216422452481887
91,0,28.460432440809768,12.518490637153576,5.247081702878398,0.9597369045861512,3.406997675763746
91,1,26.994032109710165,6.624748143494182,1.8076875001124137,0.37436685368159006,1.7400098542262001
91,2,19.510744576558203,5.410763367917856,1.1544443020129418,0.2780827390337426,1.5420698281495726
91,3,27.883416851531095,10.908764300133038,1.9288366897605875,0.2974626952379522,1.6098160601759723
91,4,28.653165191077335,5.82508399050605,1.9059614580343809,0.4616386641222012,1.8796071166307884
91,5,43.005362432366724,18.20030354338868,2.466166438890446,0.7858187038360329,2.575125359086133
91,6,50.21074496190177,14.811865587429752,3.7182684493651097,1.0438191604272449,3.6380114532532026
91,7,52.14828088018229,19.255598667935796,4.049526190507181,0.9786533384570211,3.541400146900656
91,8,55.500052606561304,23.75026083884118,4.353149039619109,1.2698139416103196,4.668914840839876
91,9,55.130146761812895,22.887057352079736,4.350576705228786,1.0818354523721467,4.0999768778430745
91,10,68.81786855726935,30.55951874382332,4.441696848729159,1.3163397544464042,5.06602997263366
91,11,64.81581402494153,30.66664086778593,4.695020005811885,1.2676583365832057,4.798718249466216
91,12,86.6378959053355,43.34572058545761,4.99368126870982,0.8354004827516617,3.379284704011387
91,13,64.35511837098463,33.65259639636253,4.838764833999036,0.9937365690084583,3.9672022009717054
91,14,74.721927615914,42.20474005006808,4.8074428190586085,1.0772607323354073,4.189659424002588
91,15,64.87897657236454,36.253653884718005,3.2684851515257143,1.0778162123669568,3.6734429327938605
91,16,66.59201431998585,34.099358618147065,3.5262935493452865,0.9594482209990929,3.32944327577559
91,17,49.40867969982793,20.52118996394824,3.2193561348600763,0.6745294820016414,2.5963777048324443
91,18,39.436311461343806,17.219826836380424,2.1908737945215133,0.6419983347896547,2.2470077490192746
91,19,36.876821718434684,18.701942003870574,2.4569839216345244,0.8768367012199896,2.7484414770041514
91,20,46.34241386413612,23.797462096021818,2.2057182551770573,0.7562974145900005,2.4988507814448093
91,21,44.271518491997114,18.577425120959134,2.272909501956766,0.5161071851693313,2.1136071058345562
91,22,42.46531721649959,18.994630224801366,1.938844176196064,0.36556232256670684,1.766118513003036
91,23,31.8261533908059,14.916850017476229,1.7245367714383686,0.2668681012250944,1.579689813760723
91,24,28.343281605584473,9.643301396973214,1.496523207021956,0.3899253173162205,1.748110479023539
91,25,43.10147546633662,24.304700089207657,1.5271962084325201,0.43610033429038664,1.8437475995091979
91,26,41.54686840978709,18.638603382716337,1.8902891564159539,0.520885185728903,1.986316079046769
91,27,31.685696655273908,15.58716821876834,1.6892978283861468,0.5793809616132342,2.030509674192798
91,28,53.62378564894135,27.473735331139746,2.0647628914474225,0.3464967114090758,1.7475763996750642
91,29,42.24701562938029,21.428703661381576,1.716918553386709,0.676588188452873,2.2101528759624665
91,30,42.247354554767696,16.578423395655026,2.800774643268172,0.6186844829512546,2.3734618172928763
91,31,62.49084903444113,35.225098756878374,2.594675452501578,0.5383916781583524,2.2007725668995533
92,0,29.499153946841748,13.222511075961982,4.864241519921619,1.0257444898879484,3.4535176279633215
92,1,38.0573254029233,22.061651838878266,1.5515306302014198,0.35331417667985043,1.6809328657414404
92,2,17.935090581135235,7.923549815813024,1.2075871554957076,0.29470597608047555,1.5764268646944732
92,3,24.74473170175336,8.426802260124877,1.4785918560083406,0.25231264217871074,1.4884623147187608
92,4,20.431221697242627,4.656292150628444,1.7780349133711941,0.43754681148615626,1.817982443190656
92,5,40.98485452191173,18.084264846696648,2.819902615531926,0.7401700098418527,2.64903654408017
92,6,88.74840852237521,44.66715083659504,4.353415416267489,1.0648848935068598,3.991510862456697
92,7,84.79572147564656,39.61493618248147,4.779543741233386,1.0319326020030335,3.978321224315149
92,8,85.2090235744964,48.30996573758119,4.959904951593664,1.0390295247871801,4.020290258128922
92,9,65.84265091600415,29.06741520966019,4.668733462687969,1.01875149268525,3.914219057373431
92,10,60.25102738678707,24.745671404357147,4.477785103021036,1.1677264995778174,4.5030797283006905
92,11,68.71758176624155,32.085060498783704,4.86705635351606,0.7853218239142574,3.131789076221512
92,12,43.31060759368008,8.201202209049073,5.140608314230063,0.7961879029797316,3.1758063694098975
92,13,51.46260362296945,21.919367890699277,5.315196175396127,0.9381113471981548,3.8088994461876693
92,14,38.4783269898261,11.064204886446467,4.81312223379911,0.993263559957323,3.9747974481954222
92,15,48.149415991030104,18.92875228717299,3.1343154764198107,1.0193682002101085,3.4653813818810044
92,16,55.99774204182615,22.562808636614506,3.504391382126982,1.02199213357363,3.5979387805737186
92,17,69.16702375920211,38.251065986404,3.090687707744592,0.5508400015470096,2.286332003332569
92,18,44.69186172446345,25.17911659920816,2.1851104799412835,0.37658889662347805,1.753333990823336
92,19,84.76194885764893,59.46860832126717,2.67358502510656,0.6854303710433043,2.3837697734333796
92,20,56.49620271392666,31.050422977310134,2.533262853147686,0.557157237858418,2.1266491999028614
92,21,52.574208163436246,27.795966302221586,1.7642002602185538,0.5865096808102972,2.118244745852783
92,22,29.990539804671776,11.473840390853596,1.9071433190613993,0.4697752749049833,1.9406915575870636
92,23,21.512057519883648,7.957437349383899,1.4053284835934123,0.21773403952866843,1.4654152799612552
92,24,31.239137874007874,15.623486077021427,1.7132263141164303,0.3742343100146406,1.7322667067996254
92,25,33.859514009860305,16.807564274191783,1.7424417884998447,0.5824262632747537,2.098899228751141
92,26,72.48396734724584,45.94692899879826,2.357205296854346,0.8379678411413938,2.7401854344922536
92,27,64.61287054610301,46.12582313941512,2.067153745565685,1.1328784891316896,3.3259511856926482
92,28,122.10969846103231,92.92519026070343,2.740058161094243,0.7256424365355221,2.7160599118463304
92,29,86.22945399932527,64.37372459247828,1.706564104346557,1.0680227434328589,3.030810519526998
92,30,101.36635773873631,68.71578021731064,2.561339884213697,1.028289204055162,3.4500198709194025
92,31,99.81372760402999,66.37914180228275,2.344098902318147,0.7142592659099103,2.5889495306787764
93,0,27.41996896088229,11.208993141933206,5.623142531460642,0.8803129097633882,3.152847235063514
93,1,28.500576538502226,15.209437497106965,1.4151111152462752,0.36538623506339407,1.6957416077151723
93,2,23.04207517333078,12.543245676140671,1.2340732081600625,0.32893650363837024,1.6180572890583544
93,3,22.410017612426316,8.846378898448327,1.6980538876681115,0.30727127412253785,1.565270651277992
93,4,19.016364159624338,3.8186186643445814,1.6032884244793266,0.337639409360736,1.6598611311519822
93,5,49.562055125380475,21.799411483408996,1.6514619452954404,0.3653040431677743,1.7243264556045246
93,6,150.47109444130146,104.05347125727393,1.8386200387782243,0.3599106832743728,1.779635598094699
93,7,119.07163075331682,73.10942578993283,3.374638476293817,0.6037550330049797,2.396418333196086
93,8,99.99773417142231,62.8371514574544,3.2860584751118225,0.7485540463223588,2.782108821995386
93,9,90.1183520635558,48.688848056887586,3.8538178001477155,0.7404935645445141,2.9655143591829303
93,10,96.29176261600017,51.97060637254623,3.5192490356729964,1.2043258314708938,4.3187233496306545
93,11,76.53806935349216,35.96855659717682,4.32946755413526,0.9294798509366959,3.4847449080221837
93,12,91.02201992026346,45.818611015091555,3.9048902289971865,0.6180880182451602,2.4777761433574312
93,13,102.18876646130259,68.84322607978476,3.4984944317109568,0.918282066638243,3.299801988140844
93,14,93.9889920934921,56.45623086686152,3.7720811117550723,0.7817798408801431,2.9886287286443594
93,15,82.05231330176645,49.27407721259061,3.722891388165654,1.1687503588600396,4.165109318877746
93,16,89.89073711756868,54.68816134654311,3.1636877286895744,1.169399377764449,4.045190164684986
93,17,81.73785337243817,48.08144493182715,3.1555296473918677,0.8888636714122162,3.092771935346758
93,18,68.25096716595377,44.11334792024205,2.593737357163622,0.6458818816974006,2.3859157562178153
93,19,103.28170174519015,75.89480007119217,2.1976488064479787,0.7247574384417925,2.437495230347464
93,20,63.61370281352974,36.54718976436203,2.1763500006076395,0.8126748071277174,2.6971874655113552
93,21,69.07864307806922,39.133905273911964,2.6470247986530655,0.6827460204442675,2.5768513864234985
93,22,57.63474747943883,32.76463116990956,2.2187549919191785,0.5675937296060543,2.207931103301075
93,23,41.95502358952794,23.83163328263351,1.8662440910903408,0.5233878128842002,2.020221123338846
93,24,50.38392852605578,30.630907161037563,1.6168496131565753,0.6536321006064763,2.2515784739360516
93,25,46.026238577880335,28.57492051449229,1.5030848665812566,0.37394650011679875,1.777863077988734
93,26,60.25548220478176,33.75549617978788,2.0871924846991012,0.6079631422640634,2.239147985378836
93,27,67.54554090217597,48.637052989332716,1.9173666503507079,0.6027066366162068,2.187576248604781
93,28,99.02054520799547,68.52624207051332,2.6044321445340373,0.5567384085780427,2.242649107105648
93,29,98.09332228963274,76.23799675607529,1.6932868837078765,0.549813086911459,1.995861370491134
93,30,75.37388505584755,45.9618082013465,3.2932270757059854,0.9564257243737657,3.3869017627725464
93,31,105.560369813285,75.3973134013507,2.8342603960599524,0.7040971625751871,2.5921739165017907
94,0,19.21141656517204,7.02794921450969,5.373490335013242,0.9670619934027034,3.4042218065496668
94,1,35.910402943688794,19.263906498379384,1.8112971726164064,0.4271594689984741,1.8671222410471775
94,2,34.66339983881414,20.11934172437117,1.2556325273349893,0.4573146265292358,1.844857546713064
94,3,28.938655546469658,13.488426429380194,1.8376816781748482,0.28023268864298867,1.580379975717522
94,4,47.47904091509794,22.39797706006636,2.5581239134687452,0.5595017276562788,2.180699260969671
94,5,62.472709453948525,32.8573006522122,2.892100580903802,0.6857094084583655,2.5952878077784414
94,6,110.9217705762553,62.94684808493082,3.5377083270673926,0.8830968358960569,3.3370614326800467
94,7,83.51743458776957,38.89807197653459,4.060004750563489,0.9324336618386573,3.3929464748240443
94,8,67.9111701283741,29.92917068669486,4.155967299568472,1.2009250320219742,4.340453071380523
94,9,49.71310974315955,16.733961821978323,4.418573091078372,0.8597780887562614,3.3835327730627354
94,10,57.324664668656126,18.471193287811502,4.54704808177682,0.9828827376484011,3.9455620704836307
94,11,36.59064382036992,6.460568423908134,4.8966436299052365,1.0272335733981084,3.8842572430844733
94,12,50.16805294458885,11.568183074119638,4.504016807557439,0.6766069340243019,2.739512283312536
94,13,57.26476508063406,24.800167843030657,5.063616874845487,1.200319690662428,4.713549532263432
94,14,50.17375658927731,16.7168702593452,4.265067846760435,1.1615522053023088,4.33921946217997
94,15,59.85541633732572,26.602302675782326,4.154404156129324,1.1342949766197155,4.35805236379677
94,16,63.37353597099384,31.499630189748974,3.868605504398329,1.3103211807635544,4.7467801505670355
94,17,69.9299879314615,34.097343260077466,3.61576128848514,1.4531073262001355,4.995688063432528
94,18,46.76324331755614,24.466457458373853,3.1823452191830888,0.9013937143408204,3.0546640014116813
94,19,61.315950791446156,37.5547568094337,2.5882979682209015,0.8451805083482666,2.7892848998805126
94,20,60.74280849776218,32.00339765354774,3.096083008303893,1.2189411940117392,3.8290083783749
94,21,59.1469556396558,29.278075674129592,2.3437634650318486,0.7953296847195395,2.72806471319954
94,22,63.04564897111677,37.51048989359076,2.5700537140605757,0.7128674846763259,2.568531984666316
94,23,61.82283056760122,40.5700354246478,2.2374326815534267,0.558246795248774,2.144769125576777
94,24,65.82393769211869,45.421695797345876,2.243915104751782,0.7449801793485546,2.4832986841434437
94,25,31.79834245108094,17.788224567890676,1.7543368661794798,0.5265121336481953,2.0269669039743987
94,26,51.97323751676144,27.710912124649692,2.4990012583012997,0.7389224697030627,2.561071245512658
94,27,49.81294288691,29.138798257358673,2.1424708425788968,0.5768031407064091,2.1134124684373377
94,28,52.99425274788593,24.97451383891507,2.73376320030452,0.6237621457462068,2.427757198509331
94,29,37.13115729049878,18.799913968233742,2.057409974783957,0.6853520779088638,2.4076117333968514
94,30,47.6214175820089,18.959607430991674,3.5692834301545244,0.8624325278687519,3.2065416094354964
94,31,39.63795229676299,13.03223391700821,2.5521800853280663,0.7995291217134683,2.773718199116287
95,0,52.191982310224475,34.80781126585871,5.321981404161406,1.3921110861177226,5.214074570256309
95,1,71.06046178748556,46.48564294721711,2.6034122496166434,0.6577144536259469,2.4054033894535984
95,2,35.180186339982406,19.69919822344069,1.6340007868510187,0.35116380350548204,1.760755821047791
95,3,58.63681466905591,39.43792313807217,1.9369396306143918,0.4435540740766635,1.896189102452232
95,4,62.41010630815858,38.41235022084541,2.510562093402209,0.5444701760939266,2.1737515715329554
95,5,67.2251341964895,39.33323759413777,3.5981544326799124,1.00397186994371,3.48171012268795
95,6,62.740340219664915,20.87838017948563,3.85958043380933,0.8486082919179472,3.1821883443212835
95,7,37.33794044958664,9.39832743051554,4.023969896661793,0.9245636880761268,3.409465368455716
95,8,33.11483468333519,8.136188244404636,4.591857917508864,1.001385855627431,3.805803327786579
95,9,45.7536761466918,11.521720880081212,4.525744430261137,0.8503592525729671,3.3578476177614385
95,10,44.24235083611986,9.63737248784583,4.506429869165873,1.0567120793485767,4.181629022921152
95,11,54.05915224481783,21.259081673561155,4.758762766758476,0.9698208197143128,3.6673050268753347
95,12,54.740630247091396,15.336382054091427,5.138018582680296,0.8309749953007248,3.3158246551371198
95,13,58.2400778269955,25.05053300998822,5.309840073317598,0.8581893778465117,3.5255794935512035
95,14,71.73425164358497,36.12011690830253,4.688093900555044,0.9902540187297486,3.880077254261845
95,15,70.31862874030284,36.61690100038229,3.541176807725656,0.9218815701817227,3.39049078535396
95,16,88.00263604011502,53.533553455386766,3.3973031303887278,1.0045556480714652,3.5692036797710327
95,17,96.47312517658513,59.0742284697686,3.297750734933146,0.6728879051350392,2.6303203033873883
95,18,75.60807493847607,50.49039950723606,2.6011268199378628,0.5662676953520731,2.1704899840811773
95,19,73.66942784376299,47.39520223991916,2.8955960676291044,0.6318634026219225,2.4137827622137604
95,20,87.01663264512001,56.58845374286618,3.0503448590563758,0.6836862668992554,2.579356054590589
95,21,62.00569946160752,34.70297384971252,2.002927844615241,0.48118561463348053,1.9887578137897373
95,22,59.271983724661055,32.89914528743185,2.4192868394194234,0.6793013940846011,2.3795944460054343
95,23,64.43069779597687,40.74681735490209,1.9382352424300002,0.3643287765022256,1.7438056072878645
95,24,48.15578319671086,28.755282789830005,2.351364793539126,0.5216529423777123,2.124203555124784
95,25,39.726315884005935,25.24120306860933,1.4212527541727396,0.31847183445656824,1.6475842334313144
95,26,55.55487320185679,33.69313751472732,2.5277889683314503,0.5430490619712081,2.2046898412644387
95,27,32.87890301994217,15.553550279133557,1.9710762990581188,0.48421523306896574,1.9766468395436787
95,28,52.70293662606923,24.660135571304238,2.67370376938182,0.6109601519213328,2.388747584341679
95,29,28.177508506873757,10.257512993213648,2.1188814994410095,0.5863312778982244,2.174017728012575
95,30,48.943533411209884,23.990725136948868,3.6422855592233025,0.6810172879806125,2.685030067408716
95,31,68.5742061154622,35.192438400232675,2.5712750354882337,0.6254762302287111,2.385572523421467
96,0,74.8663345453402,57.72804889221312,4.379343208930402,1.035479752963873,3.4272735629792925
96,1,51.60452751884254,27.79010976999927,2.2817571889228203,0.6679384535075679,2.3222291495155063
96,2,32.27341778866043,17.967017192349335,1.2456335143677426,0.3602969622906045,1.676514088359502
96,3,32.98556325564814,17.947071205165877,1.7816396142283581,0.41194186311327385,1.7971620305404916
96,4,35.22556297693761,13.708948880174772,2.867854259994536,0.5127809194781938,2.1615064639560777
96,5,64.06997392695217,35.61783723551862,2.8448031820496755,0.6765542216681153,2.527214517251725
96,6,52.418357937147746,15.329884528180212,3.6562397950952343,0.6798841974974481,2.650055889428707
96,7,48.056994941805854,13.069565520354697,4.2645479837693046,0.841429807668499,3.1743410543628867
96,8,44.476668112328184,13.209371002240974,4.428488270543067,0.696614549825088,2.8213233879622397
96,9,48.145552492240576,14.561300682902862,4.460089620522617,0.7067644956738057,2.835863493898916
96,10,46.131699657003075,13.791119172906999,4.498510093635231,1.027682074327438,3.9334534734434317
96,11,41.05273654572609,11.25501541868309,5.126343430337226,0.9611636061028435,3.692238131895413
96,12,37.20479644651898,5.254217957922014,5.217768698902784,0.7480972921323792,2.931563175814083
96,13,25.113477819306453,3.387638638219438,5.2302230040020135,0.955759580053213,3.796302101058461
96,14,33.37852251185524,7.509352124792578,5.002224068010474,0.929274549053221,3.790902462970844
96,15,32.233400407222845,6.219010214506005,3.73427485530126,0.9865069026505466,3.5874621113285867
96,16,44.89966192175457,14.120500900628853,3.56378632818737,0.9353379033427247,3.4014546837506745
96,17,43.86629278537313,17.622875453772984,3.4211480398928074,0.7814688690556655,2.907077219939069
96,18,34.42491728870992,16.361844989500444,2.7926047797209748,0.47590059780077043,2.034184429380221
96,19,36.07454124555503,15.379929282912254,2.4214923075136205,0.6169480632671727,2.2817118538678955
96,20,49.77914648929948,24.018631717359806,2.701290156781336,0.6974263405356189,2.529660232929638
96,21,38.04981720744385,19.11935564906745,2.111566858635615,0.640978499378793,2.3359451473044905
96,22,37.775952596611106,16.729899160107106,2.297593485636953,0.5956527671614937,2.231486921887398
96,23,25.951402923119105,12.209884461206086,1.7741675792829106,0.2569285511285966,1.5595557549427899
96,24,41.286676818862695,21.866614731605956,2.4026541419766367,0.4095222919061152,1.9166648069191035
96,25,25.191511124768322,10.357482183500522,1.5101725752134683,0.3053281341442513,1.6444449048849272
96,26,40.023396628138684,18.17861636764745,2.455157106522663,0.48581455240626026,2.0332968327551146
96,27,46.77203032783052,26.498932488698312,2.6349351232369593,0.6262510251270044,2.3438347888259017
96,28,63.05677809426455,36.263866182256315,2.7493736003621416,0.53802551301946,2.197391456513066
96,29,35.911422059679424,16.50437083543752,2.0969861711332785,0.60908355131181,2.220800869821724
96,30,43.26357288813843,20.18180187162672,4.243573378441756,0.6856759661902299,2.825413131262822
96,31,80.13863659424106,49.06510318365045,3.0736214145128526,0.9004572764483871,3.1402488857429978
97,0,62.57903878689697,45.33492767453245,5.415259977040478,1.287495040008178,4.704279483053524
97,1,20.156963113275665,4.706880365537693,2.56284726757082,0.6771686337374208,2.370586961814487
97,2,32.88616761775959,19.47594246502927,1.642144190794912,0.3787533840092858,1.7783867539074592
97,3,26.468630443925214,14.626352265660039,2.149631739145759,0.41825073078787955,1.8585125692512998
97,4,43.105526119334684,20.319841971654725,2.905924715321813,0.5054271295756481,2.117015033324159
97,5,60.76827271788696,32.9418004523252,3.6830871205536937,0.826817756874604,3.0615504833336553
97,6,57.971337859490546,21.656639636022422,4.106025682593648,0.9134644155188099,3.417164097241941
97,7,48.33329557836466,15.480592486521576,4.46584460675714,0.9192300003640606,3.542103606500644
97,8,56.68283024936379,23.061029816354157,5.244400632774406,0.9295537133406917,3.646678414920744
97,9,39.1622771545852,10.592911608887531,4.798058269896313,0.8862672383965755,3.523561700551662
97,10,57.63377449537618,20.12490854826764,4.405654905207797,1.182523126598661,4.509723914584954
97,11,50.88712853399891,15.212038115469731,5.171671262095022,0.9733633429906252,3.8671552433538166
97,12,38.24901183424011,9.700374595440284,5.446538745913985,0.8649124468652891,3.449477826705549
97,13,33.77935817515685,8.552752590474329,5.2350532508155165,1.122906879919876,4.452568273673144
97,14,38.28030827664068,9.028530728432429,5.038017501932353,1.1202933377353403,4.460026081568385
97,15,58.45577291339285,25.398264782207036,3.3388132300080002,0.9125371623130114,3.3276992028094687
97,16,45.47922506495145,17.627472323078116,2.756984049061387,0.8432082646932688,2.9370149184431065
97,17,59.47755107968396,25.43009580614821,3.6029279248945256,0.7731206042219272,2.891657565386109
97,18,32.42285219204052,13.028020572038173,2.448391242687757,0.4819327235643005,1.9605166822296118
97,19,42.75784230972445,18.77196653394028,2.01111673632718,0.5634020014640271,2.119899060306925
97,20,53.75997025931035,25.929468911706614,2.5842566199990804,0.6058794429234142,2.230853600441272
97,21,67.99621035845058,42.774896288662305,2.0899668450831603,0.6332473114347286,2.3092318400443785
97,22,64.72067776203946,36.42233562551969,2.695886008388209,0.7306431040820849,2.6058900317788294
97,23,28.913196500603718,15.42343942119441,1.666797327568891,0.38287148701069906,1.7612274991602288
97,24,40.10403676945014,21.864037812840074,2.1233506028555658,0.6383232687731613,2.269261171622344
97,25,35.11715455171052,21.465282672169515,1.5427867684209084,0.545719457650016,2.041526947260149
97,26,47.30186484829099,22.154965398475323,2.7327510650178826,0.7233249558255075,2.587303004826552
97,27,48.559556442764105,27.947619040644184,2.5293751910258924,0.8677091460351414,2.880907594231503
97,28,78.39439592008233,46.668331666824955,2.613013210839429,0.9683469831413634,3.2318359149226907
97,29,56.65936868878862,34.54346642282502,1.9040867148760154,0.9458794631468728,2.809005123892597
97,30,82.6996045572875,52.35310777503876,3.473396542348085,1.3668646240387705,4.701133232604865
97,31,101.50242547548163,65.75917446158493,2.5969670044148088,1.2770116220738275,4.136356025641158
98,0,31.0290548085329,16.252931021307933,5.038274807748707,1.1150635316280377,4.05887147230095
98,1,28.343328509210455,11.74431095112724,2.5028231793715587,0.6781019207229693,2.3743871290999206
98,2,20.48299149083614,8.12418949996374,1.5801981529837743,0.464791692939134,1.9170933933063556
98,3,27.643355528589876,12.19938500727368,2.061029044177781,0.4239606272872054,1.8419022425407812
98,4,31.40240883120393,15.655109787503122,2.5766994408022823,0.5224619504202277,2.094928260806265
98,5,40.64484744720516,13.869159310941576,3.475281150647294,0.7560644970554624,2.8140245139403866
98,6,84.99866278693409,42.15912574286335,3.5380381039402957,0.6871054554679903,2.6374853236287175
98,7,72.48405542945707,34.36432680977165,3.9020989150768814,0.7962430987523428,2.9756993018999487
98,8,81.87249565929525,42.244636473250054,3.9703758196768852,0.7833315883066252,2.940181300482167
98,9,47.066163050491724,15.863790829510076,4.810238174379326,0.8761412072157446,3.3613378468944606
98,10,56.547280973890736,22.923792677910402,4.508931674143475,1.0710388305005054,4.1538077555164445
98,11,48.3243130048202,15.068500426455905,5.094402377112411,0.9997564711071867,3.8737534950887444
98,12,42.87093885641404,13.272967585562867,5.272113442585303,0.7365084310991108,2.9686965599923587
98,13,34.86833138530491,11.119775227920101,4.935126339417247,1.021366679677616,3.9787930581192934
98,14,50.106777953924926,20.807603966047473,4.421865437058035,0.8524370770482319,3.337680566278359
98,15,51.56796547151883,21.73636162006739,3.8570848245242306,0.9175142559994196,3.4433690282007055
98,16,50.698561589194,19.753020606952177,3.2760769159587197,0.9213340568111197,3.2747628747393867
98,17,59.76158312817923,26.367466909258777,3.8842236752700576,0.8580722528676996,3.1673905064538057
98,18,41.09854726975925,19.27881033772099,3.2680585597564202,0.6518438144958218,2.445409930926238
98,19,39.57732860731472,14.393721869157869,2.6967468537458785,0.7178213446865769,2.50871534564078
98,20,38.871580231649276,12.177039253665395,2.759767391040209,0.6727933395040759,2.4293721863412374
98,21,45.29043150074528,19.78042332865939,2.9126918290206016,0.6822176214334359,2.4844439447343527
98,22,45.9104682369172,21.254272696113006,2.7782379716201007,0.49392530383685207,2.1035843763664372
98,23,22.82550577807868,10.144130860576738,2.157960646539281,0.32035958955125254,1.6645968709139471
98,24,25.865290635218777,10.388690473823274,1.804235501608131,0.4883101894655366,1.9255789146315994
98,25,28.667537600270073,18.37533887090531,1.4433197530017687,0.426029466545768,1.7928501566203547
98,26,52.31015957268858,28.056041369993004,2.425298903787838,0.534543300560574,2.105343221607362
98,27,41.07744235180939,20.54042965884421,2.36038409317081,0.5674605612057491,2.1763655926125294
98,28,67.54027451628625,34.33468205803877,2.5088555650624302,0.5834926841830761,2.275860756090987
98,29,65.4106421815068,45.6729366453095,1.6157387825734304,0.3785530133016688,1.707436094108181
98,30,103.96049275060973,71.46010219547522,3.543022552441971,0.7078769640785145,2.704371129512884
98,31,95.40956983965512,56.90496794615709,2.581539326542174,0.7131499769292633,2.587749572138795
99,0,52.38654057640212,33.02870496922115,4.751989181809585,0.8858398132945435,3.0620846922563096
99,1,61.54276393861652,37.029491453856615,1.7569790418305902,0.45619478198827657,1.8407925632235687
99,2,46.789672326381194,31.03569424539659,1.2086720449792439,0.30492557289934696,1.5637936586879526
99,3,58.670318843799485,38.35471119850946,1.225380385276283,0.21848566496763344,1.3919806849549108
99,4,73.2925244061481,49.24038819167514,1.362265242634122,0.2921598900083022,1.5498804442847915
99,5,88.94367985692243,53.676685624368346,1.8912116771845209,0.563089276778671,2.0618865670259505
99,6,105.59155505185836,62.92213394707278,1.5518151018856208,0.2804575753740688,1.5815822449218033
99,7,79.79141281524184,37.90174641836057,2.717295134117231,0.5720321014486114,2.173442043137822
99,8,44.88765131511077,14.719130372392561,3.6829892414779066,0.7813238573253334,2.8330292005818856
99,9,54.33158604522073,24.5479965961564,3.5740224594606875,0.5793068879059096,2.45802798321733
99,10,63.2895403516903,27.154558063848427,3.907328355315985,0.8106216428646498,3.1906844344048517
99,11,32.59374787881497,5.209179564933766,5.011210392786526,0.9570441182968432,3.7450394222041736
99,12,52.99820525154177,18.85334080487627,4.6904519404935465,0.5615714053802119,2.3844276863774265
99,13,32.63114573972878,8.105650001178518,4.962946558643749,1.038564031952328,3.94652384294819
99,14,44.82577731172242,16.061618962359823,4.070293937226605,0.9578360793840206,3.4638974866369736
99,15,49.612654738945764,22.358445668158538,3.4617743684685425,1.0931752835040167,3.8519175878399063
99,16,43.13011594844264,11.199303449505868,3.163858510034712,0.846716752056595,3.047172320149857
99,17,49.69170611823189,17.358930428571615,3.820616674143315,0.811329993029021,3.0408326049845456
99,18,36.23516340089829,15.327354878072374,2.7592903328726246,0.5325365852612882,2.1052634955085603
99,19,45.97014329754759,21.389430623263696,2.7474989987814524,0.7619616318373916,2.6132402493580513
99,20,44.621234716085404,16.801764141938648,3.105086534088883,0.5782195175974563,2.306163496864631
99,21,68.78845114251905,39.030854188570984,2.2293267717408654,0.6175641341543372,2.2853516819121595
99,22,47.0156035452432,19.92795150696013,2.0154491886109045,0.3625869913996609,1.7557213727510617
99,23,33.643673985594354,17.26676240059247,1.4478528573116323,0.21401669650133548,1.4463094019433231
99,24,49.05964998867924,26.856645600219355,1.9756409970075026,0.47550277711083844,1.9610595452262054
99,25,45.018290344239546,29.13411441332065,1.5934724042490187,0.4527791927299296,1.8732140272115385
99,26,43.22094712905977,20.82507711728401,2.3070891406809113,0.4717803060930037,2.0214325209660213
99,27,49.33965490300371,26.55082533697024,2.1867105791397146,0.671563579188657,2.3339971050477133
99,28,44.88243519873839,16.997430324523645,2.0565499914458796,0.35352088118139235,1.7741419141171801
99,29,41.716147079620775,22.1431964697106,2.0106487434329177,0.6430930247089752,2.2458343022425318
99,30,46.37973823012044,19.100933829962067,3.3221617066943567,0.6026938737102014,2.4593909273739007
99,31,49.77590745474107,18.673148057833124,2.842736848096475,0.7814659277664115,2.7689695601198094
100,0,53.52653056373096,33.91727068936804,5.001796021185764,1.1185787184099683,4.057506001116971
100,1,61.435779518405,39.65603210631888,2.517640776735869,0.7068495339284859,2.460540898256035
100,2,42.70116740011305,27.26715380141212,1.8942896575467036,0.4060135714321771,1.8569332079996792
100,3,58.18440348627563,36.05624647748843,1.6997993139385241,0.3857699432473365,1.7485703763732285
100,4,81.28717363502815,55.47129222627379,2.664472634780757,0.5779255874599949,2.224133025988035
100,5,84.15164388658513,46.63505871284919,3.444296607341162,0.9953179017856755,3.3466841154888356
100,6,118.93897594638864,70.11408652702895,3.5137529798500893,0.859370516208017,3.090259519885539
100,7,96.79304765643636,52.002208510788506,4.229594081128013,0.9232361366945581,3.4322473141681176
100,8,46.64371452498428,13.93361297887815,4.150140648651885,1.0246467033728033,3.6714342385393177
100,9,78.15436375663649,42.86780671245812,4.783681517275273,0.9891793467838603,3.78081944036004
100,10,91.04345636297936,50.499184843832296,4.632289207845665,1.2423440264215255,4.8804809459189284
100,11,44.85050640199904,15.05539711956907,4.964608168218954,1.1650060536382476,4.388577230691458
100,12,59.60778200638212,21.93079419501145,4.877848373249247,0.6843063325441978,2.7793225897942078
100,13,40.59487378015393,14.62290725592142,5.205185580086224,1.0641699686229824,4.183193495436724
100,14,58.2997537187797,26.29434037214291,4.455517433245516,0.9168762767586438,3.5413066109385123
100,15,62.369448647650046,30.11650456583709,4.198521396989367,1.2377857809431783,4.51888003128498
100,16,48.221360386267826,15.414990640543873,3.647556577523585,0.8243462207756949,3.0643438871342705
100,17,59.29687850047165,25.177186430920248,4.06378443521078,0.9093924659237844,3.421540839641453
100,18,54.98980829595911,31.346807697735557,3.6613671482001227,0.6665758781476683,2.561534093483669
100,19,34.843072045237996,11.773352848403258,3.0900464757820894,0.9056373103876041,3.035638772802444
100,20,52.99665358504821,23.35547134447272,3.3350818208919053,0.8084928881777005,2.9040036095558657
100,21,57.36087243007559,27.310096942293576,2.6780778534425025,0.6091674907002247,2.3848788390356757
100,22,54.38716039571404,27.833168387984315,3.0055133947719206,0.6173624953011987,2.4332709722901593
100,23,37.951081677306135,19.679063830519098,2.297408113520221,0.37894544220833914,1.799779970521138
100,24,41.17213061316478,21.00218994427907,2.3381081351994055,0.4306925777489887,1.9542493314904448
100,25,47.1504304853274,32.03459394624388,1.849699507084641,0.4308151306350936,1.899396025838542
100,26,50.33806581905361,23.75423887266188,2.7921506936270957,0.5451289418831027,2.2222678699645626
100,27,52.19965585757761,29.012408825290127,2.594269937190176,0.6411932494646035,2.3810779021486477
100,28,54.53860397138856,20.58000858721128,2.405495286139517,0.6004407328997954,2.2561969849103685
100,29,51.505676565428615,25.63782661837596,2.1898564579581494,0.5697002899017511,2.153287608557782
100,30,51.041010317389876,18.603171493479394,3.927156359412336,0.7474120451912598,2.873438096434532
100,31,50.04422669770714,14.226730683265643,2.7752421408252426,0.7125913570168767,2.6215390450402025
101,0,38.3593504771203,21.54209858295316,5.109149538422718,1.0001205450169284,3.5853891267859987
101,1,27.755518850335644,9.92917226830459,2.5773900515818324,0.616630720069379,2.2680671882024273
101,2,24.952474507458177,9.418798890060103,1.6253040305271556,0.5240547730779659,1.9928843197460635
101,3,16.09038601617353,3.3959200996916183,1.5690360531985277,0.30252113523669566,1.5971564251386892
101,4,45.03457429329839,23.14950170228904,1.8249355443280946,0.42923916578899224,1.8076173781634646
101,5,46.45454218000046,13.052090499873605,2.9366810483503114,0.6409745069880985,2.425173415500452
101,6,45.59461509689861,8.951327159574891,3.2119850156743137,0.6968766332023453,2.6126209617121554
101,7,46.09822923340495,9.280091129786774,3.5383303667626707,0.6804484217074909,2.611322068051205
101,8,44.264449301777724,13.075520954012145,3.841920343664971,0.8346447609115524,3.010307337008402
101,9,51.6988912620248,17.727126401459238,4.134219165641833,0.7653388680794162,2.944093461330857
101,10,47.65841590262494,11.613393746426052,4.414073867260703,1.0731519620845678,4.102697516805541
101,11,43.33021557004321,13.60641414252126,5.010662639847544,0.8966396031028925,3.4128735566089814
101,12,38.27117042903261,8.10701174957589,4.413146915895993,0.5784614136749306,2.391339644249644
101,13,36.24465306259745,9.067644675136492,4.703562724044909,1.1170423842821329,4.189322017699814
101,14,45.60539938759631,14.51883582004255,4.065559696084082,0.98143267912645,3.6176060931399556
101,15,33.57909611238283,8.408849452826388,3.6942411944461346,1.0038636560836727,3.59523814060983
101,16,47.93310784969488,16.857333333420506,3.035404387417717,0.7940834776786732,2.887189244546728
101,17,47.6754261277125,15.44062316085688,3.9957988615561173,0.9272551932172761,3.4131706286480106
101,18,41.134043588497576,19.137177641064465,2.878135588357055,0.5645525095991903,2.2467140116671067
101,19,44.78964914635131,21.38373949176402,2.5978835090881613,0.8040244889167907,2.632732956930301
101,20,52.04426937332611,25.879288350494065,2.9911585931351814,0.6796887841691257,2.515174427934838
101,21,50.19616700653194,21.47240315972681,2.7286147156231753,0.570323191593185,2.299100987517055
101,22,42.138799019902734,13.896555170837338,2.9167430191440964,0.425373545526869,1.9912770063986653
101,23,35.55917938022691,17.59960986765965,2.071778078380623,0.2633070597126599,1.5714732775715423
101,24,29.922703559746147,8.437122660701275,1.773132832641363,0.3945669666621652,1.7546511303161927
101,25,44.799070645439855,27.73740627003043,1.4995081835561122,0.5118129467497443,1.944792558950579
101,26,44.99121133162777,17.779661067958212,2.406147128588727,0.5226241777704868,2.109512292616277
101,27,37.4109236970749,15.567616159140705,2.108878561884281,0.5286760492600813,2.0447432466006177
101,28,38.57255858998292,10.72792408852425,2.403816597212034,0.5639630770945225,2.199218473822981
101,29,29.60947827404885,9.700356701028447,1.9836438717151097,0.47410237991718107,1.953711131095523
101,30,43.36322509887182,11.764701150015139,3.146631047599171,0.6122583828690793,2.3836431354541983
101,31,44.59113939739771,15.736714581844913,2.7604788488262413,0.5938850732712151,2.37327561634684
102,0,34.56866893149801,14.236020184302209,4.771217584783706,0.8815295464500865,3.1494409213194934
102,1,47.37012328450815,23.551766146640347,1.9612787501442681,0.4673562447372408,1.913252503888533
102,2,40.82282726525494,25.244204078581625,1.197075309185951,0.3180986407148283,1.5950872855325142
102,3,50.149810427886834,27.443447976008198,1.1070237949401824,0.1924495340300434,1.3423253364225098
102,4,58.252188835161846,33.1745183362413,0.9868984905510365,0.16637825215330482,1.3394916771431638
102,5,68.88398815458753,32.24409329915078,1.5108073633670858,0.44731630792228105,1.8213096183591961
102,6,109.21450240087105,55.05724921462878,1.3520580544501923,0.2538150788481186,1.5142784627934456
102,7,97.56944046830927,50.05440722638202,2.2435300265069023,0.4276387774151522,1.8800720999794682
102,8,63.97901496857595,28.184136624203962,2.5889676485700823,0.4897468397874669,2.0856186118492506
102,9,85.61469782437965,49.39174953487876,2.7163166179468567,0.395139906281305,1.9190161351590937
102,10,113.41985941852306,69.42799233801496,2.679671877061358,0.5533998484828428,2.3168148883745356
102,11,84.222414977862,48.248885077303356,3.839207452874301,0.6312053563116176,2.5883112461563944
102,12,120.84818779896847,83.06506555983094,2.722290343824489,0.38389557660255846,1.8136112649112108
102,13,68.39653799155406,37.78628077300701,4.109922057274022,0.6532102231595802,2.635159858730887
102,14,72.00264869545414,36.23372191343914,3.8085007603555123,0.7761594810624075,2.8572395375180983
102,15,53.68270833473951,21.96281042571089,3.552253382724598,1.1984588815365909,4.184057930656943
102,16,44.93079703578175,16.365626569975348,2.9263379116514407,0.9759756691889852,3.3237009674488123
102,17,48.15798848380497,16.38235252609027,3.495951172766258,0.946104574182467,3.341442723252472
102,18,38.086954092673466,15.245436326436373,2.7564175045426333,0.5821070084079851,2.2394576951362626
102,19,34.71513275139943,12.636085801669388,2.4501309165459255,0.7516018105973088,2.5430525065103997
102,20,38.17804073957947,9.501499905057232,2.7140174537345265,0.6877822757145804,2.5007214323091236
102,21,49.912335888113354,21.592074405789745,2.5843601075324347,0.7058380119957479,2.5448423646829283
102,22,35.57971447872917,9.550153485439571,2.1871966529477316,0.42729932363546785,1.918893273922482
102,23,27.72068779609316,13.385060839111292,1.6551486602169931,0.37436046577804083,1.7109694435771445
102,24,24.461179615412025,9.118645643029142,1.572609451676896,0.49388090936783224,1.8875262953141134
102,25,52.07117250254463,34.68721965919435,1.3033702273819783,0.46946812876262145,1.8527178753057418
102,26,36.04811066817338,11.345992243905826,2.107723061998815,0.5187067617998427,2.0488900081725685
102,27,31.588231481083305,13.154062563512745,1.8714403788791252,0.6801897857601018,2.228647565859931
102,28,41.01266304858179,7.755081991374734,2.02716977708461,0.4140562708672788,1.873767471040007
102,29,28.003544371357485,11.437888063461424,1.6481627484874244,0.4488564448030925,1.8278389432461137
102,30,34.68288405024849,9.467275921551877,3.0310397018260606,0.602963200646264,2.3782361892445127
102,31,59.9342096380976,24.814480906583547,2.834471424225635,0.6635323821485888,2.457535969341206
103,0,19.814622547994794,3.7858776846627666,5.157055847078993,0.9147334474870545,3.242587580005943
103,1,23.294789916476994,10.677992553942707,1.8216803963586883,0.5045079614115004,1.9671525571665838
103,2,23.899192831447337,11.2336726126868,1.0175352802741564,0.25871310550996895,1.512135277088805
103,3,23.96223056650492,6.698450025802197,1.4535432052680728,0.19630689884683217,1.411371529890121
103,4,40.971857010916956,15.592024166732086,1.721600324345187,0.3859194723517161,1.7314091820651019
103,5,46.90110324141841,10.599344188040288,2.4055207196271566,0.5407364954046971,2.1444820843657237
103,6,63.3058264357262,18.88966380443585,2.45328058643396,0.5519823463758056,2.264141217600592
103,7,111.47506982680395,57.59241007769151,3.381962979311953,0.8994680059325013,3.0899553518867195
103,8,109.56209790065948,63.093856532737504,4.170464035783104,1.1605919944563112,4.109103735150978
103,9,109.93423137860614,66.42428698389834,4.475743761077488,1.0410901861738635,3.8451469141001198
103,10,127.02973981847816,76.3800078877057,4.472210068632095,1.2119109688728988,4.7774926641515005
103,11,95.23557235503608,56.48755274103822,4.904207588062338,1.2132333044556773,4.5505826001398715
103,12,117.72183189248946,75.20711383647412,4.745763872566683,0.6023358116879001,2.5556783269485535
103,13,70.93153647331805,39.82102022298743,4.965482003989926,1.1370929296797065,4.284715871007063
103,14,67.86087737566542,30.68128557302766,4.503945278374769,1.122477519005396,4.274220150278705
103,15,76.43206405178319,40.82832474810935,4.205429704651833,1.16749168540316,4.408141335448993
103,16,55.89844006603633,19.484904582108307,3.276105245147895,0.9956869424198223,3.456234745198299
103,17,55.512306361374215,19.77727106519489,3.542896244087487,1.0607385676715424,3.6267456281364923
103,18,30.67315128497316,10.759813829550115,3.0233677227520293,0.922369362862069,3.0111603053992977
103,19,50.00537583498258,24.70532067532072,2.4821988839282074,0.6794129914206355,2.4182744030460954
103,20,40.06987066510035,12.990263893810276,3.193398388640733,0.818685649927744,2.907253012569533
103,21,48.77374915012043,19.344167685670417,2.567319839515934,0.7097017355409299,2.621764620796221
103,22,41.51773071543305,17.214811978093607,2.666575384232688,0.6786646490904911,2.5214024236540644
103,23,37.30831160694477,19.58586301394269,1.9689355681296312,0.4065221158781498,1.8449579985498226
103,24,30.995631108143805,14.979146275370898,1.8443506740761557,0.5115070121345746,2.039285763898861
103,25,39.82548666983776,23.84319419690438,1.2588239416021363,0.46763242800047755,1.8855575822581896
103,26,49.87834571476677,26.10038272573017,2.422255840610059,0.6594266157789259,2.447551527852194
103,27,44.94034564933501,20.68321420475538,2.059579639095617,0.4983830249453205,2.0312866779974765
103,28,35.362577217379055,6.135738523746683,2.495469572091321,0.4897637400925765,2.056971132312744
103,29,32.79993609232761,14.91562200774785,1.8071189459537975,0.45530277524673135,1.8671307875582495
103,30,37.37635425806745,8.428784739023873,2.7162613787913994,0.7063174080298156,2.5631257408094044
103,31,47.473955341241535,14.841763043308514,2.11840795948054,0.5991945788997395,2.2245051039713784
104,0,19.02348812502691,2.9005916462673276,5.1938249939625845,1.0060832164621534,3.578531060673761
104,1,55.975931265365595,33.38561029982895,2.3194190904962086,0.587998934212929,2.2502104168944816
104,2,39.856114162318605,23.450632978934443,1.3689727280562165,0.39802165708596826,1.691538822162927
104,3,43.838743504145036,21.79060845023315,1.8669746359379937,0.37084596064980735,1.7309486008829071
104,4,50.78784818952629,23.26224495760229,2.20387476149899,0.3795264236980769,1.8258942831800113
104,5,44.08298769695192,12.446921542031419,2.984300889380342,0.636973891485729,2.449477704401898
104,6,51.356441011150366,12.61416651901231,3.0997701289744795,0.5907912056866045,2.3828049464873473
104,7,48.81877823339016,12.797631956549976,3.71139164167807,0.6401548752676329,2.504337784078411
104,8,60.0882120694956,21.0847684212955,4.08899902893718,0.862642631042025,3.2805743019652267
104,9,43.59489030833528,7.131397766296128,4.3039662418725655,0.7982635105030731,3.143207283455294
104,10,70.01512694173543,23.227930908189876,3.7684884221429056,0.9529336457090669,3.5778758844670238
104,11,37.313774821477985,5.322357188850167,4.944720044237057,1.001421380856165,3.781808290764448
104,12,38.383119364780214,5.483605213883762,4.556122036362957,0.514281852432803,2.245920717885453
104,13,27.08683101297136,3.8693986152548843,5.30422463440321,0.9444784304128717,3.6669974246370485
104,14,31.863244449048835,7.7278218537150885,4.455198272171666,0.9583774114529158,3.670658387874192
104,15,37.44902479975349,9.534767125543535,3.9878935275923872,1.0225439093909419,3.769286003578989
104,16,40.00773161371037,7.8254669005719,2.7953770524325536,0.9994979471764749,3.2568338665888614
104,17,35.35590555165007,8.2643874716276,3.2292210854406385,1.1107939567764422,3.5709741606192784
104,18,34.91198376747902,12.91913107347937,2.8937456470910687,0.8911094891508622,2.8894377934091446
104,19,40.218306384225876,14.034710668237564,2.545162927366803,0.7302004107903111,2.51115203059041
104,20,43.85646278176713,13.210699741296047,2.944340046252943,1.019858057081323,3.3721684370735843
104,21,34.49665333672371,8.712013043501592,2.881495882896197,0.669856632354977,2.6230002919674704
104,22,33.329514423793086,12.109622924244766,2.3989223620435096,0.6139251624240969,2.326363562484338
104,23,44.13793164538029,22.508194442104255,2.1717956965895793,0.49324586266748627,2.025328279714109
104,24,34.131974540725494,10.28211305736276,1.5689526771215223,0.4587704154200476,1.8805135180505281
104,25,26.028011437722675,12.474036776365764,1.334861853807101,0.45699192532982025,1.8675187648011402
104,26,53.03031325108956,22.076312066198554,1.9415736832908244,0.42959433654383394,1.9292157289084708
104,27,32.45047044710226,8.082663401550558,2.0145694478251768,0.5053448107847922,2.0199789750721404
104,28,31.39684028962367,6.427445299782088,2.4466146503166932,0.4001093905223292,1.8988161510866535
104,29,29.72902676969448,11.252673307498462,1.733189481337898,0.44734508023055564,1.8386747634619962
104,30,32.46127565076479,6.693603998549631,3.370356669234649,0.643557870725135,2.5265205830874553
104,31,32.95355414511034,11.856157031723678,2.6051895776388516,0.5832041930614906,2.2606315706612023
105,0,15.375324436905258,1.52564311832664,5.168811027689303,0.9878790121920789,3.534354167767748
105,1,44.231410562784546,18.64632287830035,1.7037970612857165,0.3860360975515136,1.7521012743660238
105,2,32.764599198928146,17.757393110893574,1.3807675123395733,0.30809976103445913,1.6028672385026632
105,3,42.30057907985262,19.83369401480179,2.068567493004018,0.29372868621004855,1.604701110519736
105,4,51.16318816081684,22.06199598230544,2.0562536036329355,0.4665331032432727,1.9242606333757173
105,5,58.15267547824809,18.417660395412735,2.341730594632941,0.5451600532099681,2.135077097277575
105,6,62.79962836684601,15.816293884008314,2.4972695967972447,0.5498869307469225,2.253011873710352
105,7,65.7842518724924,18.724053582610203,3.4431454986032195,0.7112525837267336,2.6636496380707575
105,8,53.7546128691104,14.647499609447546,3.7227704663118826,0.9383741113230513,3.35056357180815
105,9,44.78336884450354,12.669236119971034,3.857277822286246,0.949980043651717,3.5139429303518552
105,10,51.9341031230381,14.358411859826596,3.373740290828094,0.9265646915312491,3.378091860622806
105,11,27.633842749946716,1.5326437303297287,4.7416358958492015,0.9370587889621422,3.5549191240569114
105,12,42.28399970195868,6.658830529992245,3.4540423540794922,0.46667579815728555,2.028591682315515
105,13,27.02144689369077,1.293526587228552,4.57392071570155,0.92205959448735,3.467833738580647
105,14,37.258599398124716,8.244703381560976,3.8763048442244745,0.915342752696958,3.285390147728157
105,15,35.0417428993472,6.35683081951429,3.5002741914800617,1.0324065827020097,3.744910424126345
105,16,37.02669891386151,7.179445241634825,2.8030826357898357,0.9848192071680866,3.281467075839909
105,17,33.3817727120363,9.070503322929099,2.915010639284386,1.031849077632959,3.3383521533718064
105,18,36.10976914058169,13.12059466888729,2.539617472824637,0.6417589893331161,2.3563146950996363
105,19,28.369832633875042,7.673476731685161,2.166519759808302,0.588386761005856,2.1985543265732463
105,20,32.05529097974171,5.828110054858614,2.6924039736123193,0.8598854576802588,2.9123612493914655
105,21,44.67070655374613,13.506256469614787,2.3362463521018313,0.5621016645284689,2.245970679303935
105,22,38.749137312339954,13.433188614253066,2.004414743635272,0.5716997791462886,2.1749808658938687
105,23,47.69268727803377,27.15843214994264,1.634738928424167,0.34801444591630415,1.6981531532674259
105,24,28.293532685083115,8.997047099590525,1.4146032680922507,0.38757824334698676,1.7263735096035853
105,25,30.46641195820277,14.542838330079862,1.1925335180881798,0.4543601416272294,1.7989188012052835
105,26,35.48285430063041,9.091045097155135,1.803150635337058,0.42194139088084937,1.8625632062368735
105,27,36.516375586629835,12.793644663438492,1.8304415886036363,0.566365909831094,2.0193189150542525
105,28,38.81566015292857,10.35106350455668,1.9965353228127707,0.3715871033550766,1.8158461236411436
105,29,22.85273594485949,4.563338659426762,1.4888618475139175,0.39702792938196585,1.7326560467247412
105,30,26.166624423795312,3.0311463506664937,2.719848654613811,0.516813593164902,2.153951813787735
105,31,27.86166360243893,6.613386622762835,2.477850087961297,0.5329765000547733,2.136532458278419
106,0,25.9616458495383,10.061379229607255,4.846118688774698,1.0820401769727575,3.745879019881202
106,1,37.213041821094734,17.063760980015125,1.8035770148219732,0.39405203224721363,1.812413760714738
106,2,30.712939103909463,16.274732804500246,1.2067833185023997,0.3054540433853923,1.5806601889468361
106,3,29.081267220537892,8.35989939848932,1.6837452389567749,0.26902878407226094,1.5517020850300325
106,4,47.77893169741932,18.217041043038734,2.11271348639361,0.41711188936186705,1.903556679201134
106,5,42.02138769875195,8.730213314906866,2.67800671223931,0.6625426550334046,2.432360212917927
106,6,44.246627829754715,6.530033375062856,2.9254352480679224,0.6302201729688397,2.5208378678459225
106,7,51.90788725700659,9.322771794683614,3.8553861941360377,0.7448200539500474,2.798309790184562
106,8,45.890003753290515,9.867036225710818,3.712866618270864,1.1286214327965478,4.0502078582654475
106,9,44.72059680480659,10.787591751433986,3.9487827909439543,1.02540822106877,3.777458120791573
106,10,47.96122799315728,8.296570161812387,3.907012366991495,1.0963548921515374,4.13872117689522
106,11,33.684418612094355,3.093951749818541,4.672776542921495,1.0906925741018387,3.9456263149943784
106,12,57.31139909603452,15.888059600450411,4.3784917776593595,0.5852937243305245,2.4503696677937565
106,13,21.340708961984884,1.423371890351937,4.8032862696123235,0.9455102849276749,3.6157680786472204
106,14,33.72786300836154,2.3872192371630803,4.256988587215538,0.9498923381827282,3.5855466116674513
106,15,37.20778997871582,8.701686646614004,3.655321018155789,1.0726785399175065,3.897748232296559
106,16,37.325658130813046,10.825279904432008,2.731385078639521,1.1272117055619404,3.655531649374221
106,17,35.253906240640845,8.538441728663322,3.0989238569567368,1.1181705135390132,3.603818062828074
106,18,33.31154576697304,12.601951075497194,2.7659972773179966,0.7987841903188597,2.7302092068626487
106,19,27.138880254460048,7.678954029404227,2.2712486314951135,0.7656346966197325,2.53564649268892
106,20,32.78151619426197,9.140639528563824,2.894967358830245,0.9738686551520694,3.254667344056384
106,21,60.56136847172071,25.641184013272124,2.7279992402487454,0.8651433041721326,2.9834809550384533
106,22,43.89804834158335,17.635759492024835,2.5570628655767074,0.7511193133976373,2.652731281871994
106,23,45.217314481988915,25.964084153200112,2.1683052956788975,0.4270786522598735,1.922786256384983
106,24,40.61407947352234,17.6666849267318,1.6463529260607004,0.5218172865260637,1.988135055247169
106,25,26.29848143671036,9.764036081701203,1.235531937111053,0.6507340541159503,2.146076006294177
106,26,47.22338181446014,19.25442360174763,2.0599506276371233,0.572993440366385,2.2101282910052618
106,27,33.80589549969797,12.42523362201294,1.7338834782237558,0.5280605457032808,1.9900996847711352
106,28,35.96880051771879,15.52782455708711,2.2099392885911526,0.43420308577645494,1.9508323326883368
106,29,34.535796610881604,14.254483331949533,1.6663409451339923,0.3915800745672735,1.7460171698346822
106,30,31.610222804188922,5.783418920993394,2.91450743435962,0.6258771470695343,2.4494464821663
106,31,41.73032431162244,12.620196595404979,2.2983412595221413,0.6466396081333912,2.3684967538788504
107,0,22.05294847281676,6.892727628385064,4.9480796928609125,1.0124887761411552,3.5790299999794972
107,1,31.07114055486087,13.976341471273901,2.1669888275823617,0.4531867767348503,1.9723095267831265
107,2,23.914964823152616,12.081556341607664,1.1189769179170108,0.2559413445634131,1.4986594870055248
107,3,20.276954388985917,5.0700884778754745,1.9511895484252917,0.3148616876844712,1.6476674778403098
107,4,23.743367933746477,3.2259206446753295,2.1134974078953603,0.47838535720856434,1.9697448656337477
107,5,25.562695684828256,2.486056529206959,2.3314310523892345,0.696357825674768,2.351561374415878
107,6,26.422260467462863,1.0806995652282883,2.8037272100149924,0.6903243054116461,2.575011181707578
107,7,41.67994330762378,6.60570394750748,3.492122548101707,0.7744606039764501,2.785339886169749
107,8,26.324163992308602,0.30053400933439045,3.4259384714660417,1.0726300859711255,3.6277225463629073
107,9,28.315471085143354,1.6142781939553168,3.758486482648141,0.9051303249877134,3.393078172632919
107,10,41.19164086764854,4.959837188848958,3.3525804287691106,1.0837547616807033,3.845273902416991
107,11,45.323233259393675,8.205915114246993,4.233339903427734,0.9052642005212945,3.3194710424944858
107,12,50.744895292667195,11.557083952767494,3.4662180882614395,0.5049153087383491,2.123074402820014
107,13,20.462131750701687,1.2794766873246946,4.586271539499285,0.8784577673110769,3.306587810683793
107,14,33.2138786240798,4.972551551959537,3.8048418432577913,0.9539135140374553,3.4674624854419576
107,15,35.83193882217087,9.591694144379424,3.5797141321496504,1.1430878187583584,3.9701051238438745
107,16,32.86617746934138,6.781531952286715,3.0662681474535933,0.9867477687426662,3.3569476251867054
107,17,39.65398698688327,10.818873225500905,3.0828542346559527,0.8743964523551062,2.998118766918533
107,18,31.30071069645582,8.955364230170593,2.397578151830439,0.6082089218911908,2.248509617538128
107,19,26.45015870035926,6.930666117576257,1.8713544270005165,0.6465774605610783,2.217148403108779
107,20,33.840104061575666,7.999285538175423,2.4584939147909157,0.9436640680016173,2.983873655381448
107,21,42.19098071095724,13.127639980818248,2.68878750093855,0.79527221961522,2.8911153244386405
107,22,39.100542325342715,13.489041170085528,2.2260489849195273,0.736879088336234,2.4823412641306186
107,23,40.87413088703667,23.61700900149807,2.0931398782060873,0.5249707811793547,2.0123260713761244
107,24,18.58182364214253,4.434892840008582,1.5923388153603621,0.4196583236088425,1.807132147788063
107,25,24.023924305061545,11.572685190922,1.2158417666175225,0.6537680841805353,2.173744462206201
107,26,38.931650157931024,14.101614694440816,1.5762722843854746,0.39068052354067717,1.7880911827524655
107,27,17.81450962488102,2.951746421631687,1.7528375441227788,0.49883918020557294,1.9290139693868722
107,28,51.677508700243536,22.635958325947172,2.494197694583113,0.4227592761735184,1.9647041967491152
107,29,28.26186606101103,6.997240495287871,1.6061473376101043,0.4171054146191415,1.7854720704205143
107,30,33.62825079686617,8.33374445624423,2.7983933398626686,0.6063282896451971,2.3661730888591967
107,31,33.225796860147916,8.025364146172453,2.439391229220556,0.6488234304927327,2.3799203671442912
108,0,13.717314783838205,2.1640183488390274,5.0975282325514435,1.0057699814368872,3.535928652763774
108,1,30.538248803400414,11.404081426035365,1.7133087796788038,0.3355733884422185,1.6836110370846797
108,2,18.768499889345605,7.072110057497138,1.06374594083478,0.2718917960456162,1.5190538809944854
108,3,26.0518368408239,7.189156781112619,1.8752107684850357,0.271181237004233,1.5761596992729439
108,4,15.130944703378898,0.6082054499369186,2.070684241110138,0.46902500035570327,1.933028826062899
108,5,32.131135785135115,7.573026220068131,2.7006190993900843,0.7061553211818197,2.5126618427381393
108,6,33.569123504367724,4.921962179580368,2.7072402759119205,0.7275576826772916,2.6287690998646416
108,7,30.6310684787919,2.4703706686642297,3.549981569066617,0.7179471556573938,2.6409973251804066
108,8,16.107985230109595,0.0,3.4995338102155267,1.075130020963321,3.6893468399481475
108,9,24.248272245421823,2.2341365247712477,3.8103605069331192,0.8785740225939764,3.3795680175036567
108,10,19.765047864101607,2.2138391676359843,3.2659977829545745,1.1204844432240026,3.9042537206976426
108,11,21.31931349753807,1.5695790308692377,4.320861344841489,0.7703475298213132,2.9263281978899065
108,12,20.797089052657142,1.2010511823396919,3.3246883067501503,0.5108957216908783,2.104258431309033
108,13,22.106323364908146,2.335539398004395,4.195258019422328,0.8496924280002709,3.1724094184644707
108,14,31.796866352568784,3.1457789884281286,3.596525428592122,0.7813320501736034,2.9161681691836048
108,15,17.768995357971015,2.1856110985189496,3.7565067247591086,1.199451575018787,4.178588259812177
108,16,21.91914076801198,2.3289007339280854,3.028993941589931,1.0645172336816415,3.5896555598265416
108,17,30.05725841407042,6.743184862705236,2.9324292398967717,0.9648949400177638,3.2033286832894263
108,18,13.056559259846235,0.13330476538444214,2.2519876189768873,0.5473209289328089,2.1223759388318615
108,19,15.744150674840975,1.1451610485724601,1.8149936753564602,0.6348264417707228,2.185611852425949
108,20,25.4128907900054,5.787380333352341,2.5776773492582192,0.8640638377823491,2.890489179646288
108,21,42.108094077960686,13.393353263002204,2.397337168321431,0.6451765189687952,2.4678004261403137
108,22,20.073684697517074,4.6418200744337295,2.006964124886685,0.67160262117357,2.356317854977399
108,23,28.48514521680444,12.386952061629309,1.8072388806104613,0.467964945937803,1.9049926817366165
108,24,18.753922574948277,6.108069008495848,1.3473109398708774,0.35900619402711564,1.6643369453817294
108,25,23.50422467315898,10.839683187036382,1.1678000207301897,0.5106807492598493,1.9140046263842456
108,26,17.551091145062195,2.1015646529829612,1.547300816337941,0.3397172476622474,1.6996603506289825
108,27,11.002587252339126,0.6632688556952735,1.880485317643577,0.5215823552714536,1.9923049143748164
108,28,40.63189130032168,15.31842482424302,2.176500416090462,0.38507805338018963,1.8494042763361167
108,29,22.413556450537662,3.9833342475359457,1.5524311606044339,0.40813857282630406,1.7794557327786673
108,30,24.350054443628128,3.8419502983214993,2.790905223181198,0.6492463148697101,2.482441260911496
108,31,32.15310918281008,8.896595954616696,2.5773023221680145,0.5795834266794153,2.259851788793021
109,0,24.052277649544504,11.41333880901148,4.773277660663265,1.1381575985039634,3.790906529725533
109,1,27.814424673541804,11.117365819421671,2.1278134100968567,0.3711948350994114,1.7813323268417922
109,2,16.21511894593911,6.289246463435338,1.1267026276543763,0.298709144801256,1.55862746626017
109,3,24.374638679914092,5.772049524414476,1.407770167586066,0.22482229852538582,1.4728647906205783
109,4,16.59720847811894,0.31642800504868995,2.3615692500454433,0.4683906151236932,1.955655446373906
109,5,25.52935296357872,2.520663273723394,2.4422088864790625,0.5809522448523357,2.2035473300411486
109,6,21.597785274793768,0.7130037058367138,2.6627294551423812,0.6866756270757142,2.516385659771794
109,7,23.2466223466467,1.4219549298698766,3.2198370868933015,0.6535197197567943,2.4658019197436927
109,8,34.418834209293465,4.362337034166694,2.9303450325519806,1.0036692348621319,3.319258158108324
109,9,34.130660576539285,5.2677940506535865,3.634157248822384,0.763583677672365,2.9086067470767754
109,10,33.37366687211016,3.706992673705142,3.0534035389583085,0.9693954594649892,3.3352220801179007
109,11,25.83243766140405,1.63730992213421,4.074274403271327,0.7768992933490724,2.8100696320211953
109,12,21.73993152196476,0.5217118585208348,3.3505240885306122,0.49514378837104767,2.039773063582716
109,13,26.76059684776166,3.7558513487718943,4.16003482276861,0.7921436471160037,2.943599008165114
109,14,26.79157168360625,3.301185170339385,3.718596053535911,0.8060516841401157,3.002562781079302
109,15,24.06068916431321,2.791697921741978,3.6674030360058842,1.0404725674526962,3.6376984279535174
109,16,29.515004759927553,6.123694418394154,2.924139545753724,0.972273764552841,3.3295445983652754
109,17,34.18093495977744,8.81052171480841,2.7847116631595683,0.7661834498290356,2.700146146542493
109,18,18.770135276136408,1.7855934612212718,2.6252659625487382,0.530780491723942,2.1133618322589287
109,19,22.736478022166608,6.0532435329880805,1.8821533660148244,0.5050628007788127,1.9923417651143882
109,20,27.312261440614886,4.849163402332056,2.0860490514462704,0.8261120763281742,2.65114945781521
109,21,34.362266270589295,7.444676633936092,2.270657954367209,0.6464159653085053,2.376737786072655
109,22,30.50489908271476,7.10147939226507,2.1563216628845123,0.6475203015945854,2.2900252350971835
109,23,33.06306107501047,17.42455865809706,2.12222740616963,0.5168777481924556,2.0294514196669224
109,24,27.248015593548153,11.622252759271118,1.3862859337669116,0.5148160269233786,1.9069332180856575
109,25,25.525510516733387,9.917229754005065,1.0717861450355368,0.43013095948783087,1.7459098768380081
109,26,23.566872822183683,4.594251793124552,1.3982577869249155,0.26027094462306843,1.5394948001369173
109,27,34.14568516773977,16.394061265684265,1.6861757441188199,0.7148495242142783,2.301446370356697
109,28,41.041472702621576,17.05873276160397,2.3741929114814457,0.41667129977769557,1.9348772992611505
109,29,24.12567016893545,2.647385160315733,1.606469799207575,0.4517788970978551,1.837640776533914
109,30,37.48962454477895,13.117208128856483,2.7216316347463176,0.6679021334553155,2.468881573149498
109,31,32.42319915407287,8.743190106327415,2.233230921681753,0.5787243041077126,2.215422472158477
110,0,27.139406760368487,13.004724221170132,5.199366520649885,0.99862092241775,3.5590874048320114
110,1,30.92255518266063,14.38409188879658,2.020761870130878,0.47360350118361705,1.964954136730853
110,2,22.318133386880184,11.460351725613616,1.2904461064925263,0.3833584749027972,1.7193530300019784
110,3,16.64920071484823,5.626406916674552,1.3567635968936076,0.20712359298334904,1.4295535489933406
110,4,24.068940446152823,3.828857163800887,1.7656962047725449,0.3905209047253284,1.768142880056084
110,5,29.227459699136272,5.592725669585274,2.393589976395798,0.5136220170018295,2.1120135462344827
110,6,35.948452755767235,4.54973992296831,2.867263962347285,0.6304182242611138,2.4633141601837005
110,7,40.19473717577395,10.076127936830334,3.2778897412644175,0.5665030420473136,2.300703824048346
110,8,42.98665152203296,10.81209841378049,3.820659290861549,1.048986131335064,3.6176577984819533
110,9,28.09665246140677,4.472706843030559,3.9585481129569273,0.834560257269819,3.2225566004852637
110,10,23.171219588337678,2.0497802369653177,3.2369107469061547,1.0801512808495568,3.770917205128718
110,11,30.025801276857308,5.041109506876596,4.68997919842054,0.8001067873294039,3.0968549441736806
110,12,23.46732030220465,1.3817539262639857,3.712535699971619,0.5375630598586212,2.1770908760279752
110,13,22.94902133450547,3.604297678344551,4.420916124704753,0.889396548701348,3.338842384336007
110,14,35.60181930210483,6.13160639986816,3.9314075564628252,0.8518181755922605,3.080331571263764
110,15,28.01377911247962,4.179119150612072,3.690472872193707,1.2152643336626245,4.2475887010203275
110,16,31.25474768667906,5.554183900773303,3.0639839188928266,1.1103980368330046,3.729224834319288
110,17,34.923704234092334,10.069600281750446,3.169864754341548,0.8407567318371525,2.9506067500005426
110,18,22.06676806468571,4.578675316615547,2.4391763104763022,0.48876240588369635,2.0417495347319923
110,19,33.58560243603469,12.047879102376918,2.049168877437153,0.7428225383218616,2.4363542844478894
110,20,37.352525487194335,12.139820885966373,2.534969753858797,0.9384820520425388,3.1229347876202564
110,21,45.64317794816165,14.159423032570995,2.7150005596767577,0.795546431010199,2.8394936894462655
110,22,36.2925063344634,11.062557570463044,2.155464450494217,0.8379494882888694,2.7212441003833847
110,23,39.45500538366056,20.837271755264563,1.8014822554945946,0.43895739802072575,1.864790879486988
110,24,23.823748129315362,8.76407277875825,1.4671195238274997,0.4157843423271923,1.7827051861760226
110,25,29.78027320407302,14.209626263193716,1.1871950696576836,0.5103194718330144,1.9408518397922436
110,26,32.82311273229041,11.646114879025703,1.650309416109765,0.5000027698912994,1.9882038492174576
110,27,34.86888904296079,18.397918742891235,1.6846155027225604,0.5858463257374966,2.093156593523568
110,28,50.162986227766666,23.592979843221727,2.2870982384707035,0.4962079500402501,2.087845653611693
110,29,26.33768030428628,6.222551859834503,1.585967216919325,0.509489626029213,1.9232418843202015
110,30,39.20894975887686,15.105555767857336,2.799691352948156,0.752172739781237,2.698206309277071
110,31,32.580914955190956,10.697023730008386,2.491964425561741,0.6431443395171215,2.3665986312043645
111,0,13.818311353257338,1.371975044510093,5.307405111428102,0.9740966850170585,3.428711043120128
111,1,37.49082405016201,20.88463056183933,1.9695252826947474,0.392549348377478,1.8057620732938469
111,2,24.167623543474868,13.583548022191616,1.1561954310236642,0.3162073409313575,1.5877094376097174
111,3,30.54276129330939,11.566203692614332,1.882293329913166,0.2611752329693031,1.5661103090344126
111,4,24.235754495504892,4.880035594849872,2.1814312192159555,0.5184280805285102,2.0519631288222886
111,5,28.20895161767575,3.2483041256066527,2.3934448348695057,0.6043342463475829,2.2630434977179
111,6,27.90809372071616,4.578464512084592,3.006373380773086,0.718286237445072,2.677810523192596
111,7,31.150844553314073,4.709573621202896,3.4107314394195436,0.6333859344903514,2.462697891252681
111,8,20.33595349547289,0.9718784006869231,3.6552574348793723,1.1016082766208575,3.798589273635076
111,9,22.112209930740683,4.10764001083341,3.827222663356399,0.8932540858812184,3.3912723944586687
111,10,26.521769717589827,2.4337773513976613,3.39323597484856,1.1281973073130613,3.9664818553866894
111,11,19.196111153332495,1.283687726077491,4.3769071772330275,0.8315690036281964,3.124759917201457
111,12,24.923404150472486,2.1542578706510027,3.7628959438303156,0.5687491436883843,2.23170547444056
111,13,19.690102123721445,1.2907187539186633,4.228540119189054,0.9917017451007286,3.6641896244096244
111,14,25.445473420034972,3.6115069864242724,3.6122401829881876,0.8699616774270615,3.1702146128374595
111,15,19.686429167985278,2.871714426579936,3.6514426146822343,1.256482641665504,4.535173299678244
111,16,28.37443841872174,5.955313964026528,2.996857827319926,1.1440161090274739,3.8483591541760154
111,17,31.356603742003323,8.190639325278102,3.3878914289404074,1.0165226110550112,3.4251466693286017
111,18,21.106691885456435,4.094653077006633,2.5850928764113394,0.5807175305865169,2.2488257700721777
111,19,17.632562462296512,2.7099559703101526,2.15646031621919,0.6846685136392532,2.338260773277936
111,20,18.918703139856028,4.09158747552079,2.475028199910204,1.0647165527841906,3.3762290739211687
111,21,47.66728986314635,18.717819645616895,2.854585266359873,0.8325623769065107,2.962431185598729
111,22,34.25924913306162,13.566494527053212,2.4334119739835605,0.6803360077962988,2.492647384842639
111,23,22.59376836137985,6.277626359322907,2.247860380272615,0.4590700207862928,1.974962463301237
111,24,19.452560347073877,5.928425296315852,1.5734292125514875,0.43569108846943294,1.8408455492516285
111,25,18.377229700484804,6.31104615994759,1.2903990811813326,0.5448187365206658,2.0132455672821656
111,26,15.33897309853108,1.9535082341107826,1.9348960372760873,0.5607191725370071,2.142433175347519
111,27,16.54677995075805,1.96647537180856,1.818225271987227,0.5726228943125946,2.0812992213661015
111,28,30.450507316053624,10.156376155786075,2.535025901305829,0.5686806763979018,2.276066892022216
111,29,12.417458529641412,0.9992020364021437,1.665305925388814,0.5198273831311444,1.9598996050358897
111,30,28.226103974681415,8.232760211379585,3.2351148307418343,0.8241665008820713,2.9698846713366267
111,31,25.910903895583495,7.238001521522424,2.6697691562440635,0.6863085922373302,2.5121782198674225
112,0,14.383373974100417,1.6079355746900539,5.247720413496027,0.9704409438821839,3.401518277131932
112,1,24.484548358089807,7.280856027752881,1.9217861200966597,0.45679808114395026,1.9189326368604502
112,2,16.090232087672774,7.630233396130647,1.2440304409040903,0.36055966798808803,1.683135675479984
112,3,38.39498451127037,18.57591479976954,1.7618526331659834,0.2855916725518104,1.5686796582122382
112,4,33.32333905362883,12.254520041305836,2.1861838059059417,0.4937989077545164,2.033419262767317
112,5,35.339472697201955,9.531739759961116,2.522883908283622,0.4970204794022539,2.1049848992852
112,6,44.87656828256932,11.598439036960812,2.653670448290886,0.5808721835315631,2.3090238129094907
112,7,35.94487785376257,6.412694737184304,3.526471940518087,0.6861492164326699,2.588066560303075
112,8,35.50614010345214,9.697147096966575,3.8284360993440534,1.0044952504513849,3.54662748848534
112,9,32.98123869173074,7.026488720920647,3.6056215415543895,0.721162037298956,2.85053099330905
112,10,41.05652830292695,10.704659394409685,3.0996390513162635,1.0143775422401906,3.588677917696378
112,11,29.075686192728025,5.392435268889601,4.398688135492625,0.7033443110646909,2.824162064851283
112,12,31.897555333980858,7.0554072388671205,3.837752486497387,0.6182487970483233,2.4393126404460865
112,13,28.36906859904388,8.784136343456144,4.657774843396021,1.0327028869921122,3.8683370520914573
112,14,21.185349686912687,1.31070157659406,3.696667989518427,0.9367785149716541,3.369557537711306
112,15,27.73780321723247,8.177748636313718,4.028047910049532,1.3351552653637233,4.832259505328585
112,16,41.54885706482314,17.096172853122333,3.2572674520256975,1.2005322634673599,4.193077133094273
112,17,35.4815534062116,10.372111530628883,3.41289490163654,1.2210967010057532,4.008650074268302
112,18,26.334450061093893,6.691068999389326,2.593563108389197,0.7665986365460173,2.6176346985769663
112,19,33.494253998060955,14.103122150323232,2.29138769257751,0.656373061878615,2.3419110954094267
112,20,34.18088904862783,10.693707889292899,2.697577266456565,1.1681324184433333,3.678035860672604
112,21,40.6889914892071,16.455907728416893,2.8128957365216416,0.7686923375938632,2.8052594738972414
112,22,47.43479664905255,21.749742741747532,2.4121175582394097,0.5785465625229027,2.3171606706015155
112,23,53.68056630274958,32.318833699140725,1.9919352037300446,0.5184430301062415,2.054067207181503
112,24,39.17201424105039,21.25964440369665,1.733600956962431,0.5624431589658769,2.0835517526329075
112,25,29.46448040918087,14.00472675966543,1.4348430850112115,0.4472528578298727,1.8851876945198842
112,26,51.549138411328784,25.88425945591009,2.183248839635267,0.6349342315161715,2.317753330189295
112,27,35.90634700135148,18.261584296012973,2.0484044098482173,0.5816945491741063,2.086339514276567
112,28,48.404720461352596,22.1063999880207,2.6057171069184313,0.5089582849457432,2.1557301646371845
112,29,33.67993934338607,14.169621906773683,1.7461489732817879,0.5501739306027296,2.0136861769216963
112,30,37.285372774972444,13.34805190639098,3.3497709383648453,0.7165028736807986,2.7662489823881753
112,31,33.03059547598229,11.192259039681698,2.9143704533592882,0.7348293082067454,2.7058225631965875
113,0,23.867781538864755,9.12786615361941,5.12008309394095,1.0060393072433058,3.5328343429637874
113,1,39.845078793685076,21.55169984260957,2.087203329044356,0.4534562224852512,1.9760614430936871
113,2,17.632440926979747,6.484596850257478,1.3193483829723631,0.33006038029638485,1.6284394635207013
113,3,32.11596225032691,14.225185964656514,1.8165451110229915,0.2932675194180232,1.625141095427894
113,4,28.906726287672427,7.230924339007391,2.069165751870095,0.5119745798428896,2.0509419190635247
113,5,38.296658351920485,9.347211578822161,2.9768367970553586,0.7148632102787897,2.5708208058397566
113,6,40.40318877012027,8.13849275976342,2.9173878948095178,0.7447089435343379,2.634779703305878
113,7,54.7022588117006,18.983574561046453,3.077781916151843,0.565169526300521,2.2589472461082583
113,8,39.58699762038042,9.667247278359724,3.6473286237179954,1.0261144428903703,3.467393791184058
113,9,51.83387989357997,19.46625958335376,3.848823532663097,0.8886682442629965,3.2676052324634455
113,10,42.75828063302734,11.850293365290499,3.4110293809498846,1.1448738641837344,4.000827762993786
113,11,34.52014217551978,8.534501980206024,4.285718646060712,0.8178571227943134,2.9965370803919624
113,12,39.569012577246795,13.453412995059779,3.757801997829735,0.5652219977516948,2.2627876572609185
113,13,44.587141242508736,21.747610473557515,3.884293479647323,0.7570105335653281,2.82001298817147
113,14,31.58985972687639,6.679709186809474,3.522079723229688,0.699328984844557,2.684546297978031
113,15,43.09148490142012,18.683222219902373,3.563424025083179,1.053198397005692,3.624032473139068
113,16,51.27565403882504,23.128420840600274,2.8831927660749,0.9203483694544388,3.1850196051837862
113,17,50.04728717465173,21.319325717366866,3.3047000562419124,0.8356179082705748,2.9298453654235215
113,18,33.87197805981422,14.06031875375789,2.6931141318022647,0.6197063410444472,2.340431022159307
113,19,37.14841786890983,18.140286016227474,2.0878560537386353,0.5661462900427674,2.147603282504445
113,20,50.43864438530745,26.666707659777757,2.2296730703531082,0.7501786859639745,2.5432157044898807
113,21,55.75568811797517,24.364813155064063,2.5696169151449304,0.5784082795610814,2.3237575479163555
113,22,43.36401793722915,18.642973740736423,2.541045590084263,0.5523830974153601,2.2149311336068993
113,23,50.13855706897689,30.188435768832278,2.0724348228007363,0.406171375982435,1.8272145050024942
113,24,49.671537948845625,31.841236088960336,1.425310523226865,0.450376323425584,1.8038606798517722
113,25,31.62200253833173,16.588193576029756,1.3150157827777662,0.4420144482584156,1.8249586004080514
113,26,48.88389772961271,25.259972151688395,2.0643352349683823,0.4068164929356972,1.8817343255588994
113,27,33.92646299913269,16.88550284176275,1.7437702868713547,0.4917177725527839,1.9214480346768252
113,28,51.160137696147096,25.577858490275982,2.3741213449727794,0.3036758612987027,1.715271218192925
113,29,29.346577647511882,7.25797349654775,1.8165188434882167,0.43176270777798,1.8079239100266253
113,30,47.7021244351419,19.802504706617434,3.0140292845103325,0.5970141811605578,2.310590129130286
113,31,42.119974368820266,19.237589939584527,2.781912067887917,0.553744697425055,2.2498209347637195
114,0,22.139545571763612,9.19669747302678,5.303880357685985,0.9333011777005815,3.3511126265114832
114,1,45.310677953164934,22.750035543909654,1.670922971788695,0.3749210353162147,1.7322661431784065
114,2,27.13015906480773,13.474904965530174,1.1287199419433718,0.3668676138427853,1.6343703083374224
114,3,47.080176412416655,22.700384918213977,1.6600148185122308,0.2745044596367181,1.5378970278431385
114,4,42.54689228112696,17.297537013572686,1.960796410634923,0.42657033873150296,1.8618557920219467
114,5,48.02658543031589,18.635899893547474,2.299567635848332,0.5018899938016519,2.079741387784911
114,6,40.02216216900696,11.145120878194458,2.6879543707309193,0.6119596608675679,2.3814517697784083
114,7,63.669084844971266,24.657159386276163,2.7679538364322545,0.5486659661715865,2.1969978126797365
114,8,34.67269117231424,7.25714130072435,3.795645889743766,0.790032998714076,2.984276303278154
114,9,45.49925851935576,14.610154888611143,3.8182473116268456,0.7906529368178825,3.1101010732423853
114,10,54.236041828989116,18.147297921412026,3.076973266857958,0.8901765463498363,3.217464346121005
114,11,32.87213502926985,7.8207835689534395,4.281644541294649,0.7024989327508662,2.8104994640099323
114,12,38.20141320629177,11.822361060043551,3.4900767984217476,0.5722688217924032,2.29509298859496
114,13,33.76849493968452,11.443163692584458,3.548330169776684,0.72642175338409,2.6682861327613576
114,14,38.50085790752393,12.59015642214066,3.0542088835833323,0.623536023778867,2.386717833324237
114,15,31.770998408915794,10.411735358080028,3.3373400415342633,1.0274364197562447,3.4857570401854825
114,16,34.47053382148902,10.227745805708254,3.1456071499534244,0.8929957117375626,3.1487655267434103
114,17,41.048185340939604,14.041269354078057,3.1141563958232004,0.6718597726832138,2.5489142314181255
114,18,30.04652925560466,13.418614124905265,2.20876343033921,0.40989338825014876,1.8735559085238565
114,19,28.04812253935461,10.75813747566891,2.117182862807314,0.44379308209797275,1.9554237484521384
114,20,33.79624963894817,12.748682139610294,1.9331873399345767,0.7351283439156191,2.433248331612068
114,21,36.561351876608256,9.555071494920487,2.071689214299231,0.4525147147019255,1.9998678244120354
114,22,49.9383147803367,23.266952988904084,1.8033122098267684,0.3944709983675665,1.8227506821836186
114,23,43.7759537792457,20.64396919547115,1.5280769492184232,0.3466841491793433,1.6716708831479237
114,24,44.21201567092952,24.53228531681556,1.5787473185353302,0.4675665437649028,1.9189226663515493
114,25,29.01075312869967,15.71491029994672,1.4224067297817495,0.3568549593244701,1.7098811284409152
114,26,37.577613277533445,12.331085257416012,2.0758014320562244,0.4596919392087968,1.9525752147789837
114,27,27.972085863419103,11.898537686208213,2.130902018697678,0.4971953385480834,1.971353092025557
114,28,46.056093090815665,17.59247281065432,2.5865383911901745,0.5073174573002315,2.148725207127456
114,29,24.92674286681767,7.496958244348074,1.8757771757766322,0.5058376555360065,1.972114777625573
114,30,34.7708450616609,12.204489155947122,3.347462615716384,0.6728511759123403,2.630418925929768
114,31,51.60787051636167,23.919882706097034,3.1729140102048596,0.7046121656867292,2.676707634413839
115,0,26.74956260844834,11.44245988523367,4.893068889843498,1.0350173975446992,3.622350567456649
115,1,54.33982624920681,30.337607256429333,2.0875715390902427,0.43570922788704225,1.9350163007632208
115,2,40.21390287582755,25.124464026770774,1.2857775410730274,0.3240978544342008,1.6636888669984335
115,3,39.60052366232755,15.882595582431097,1.8169161041112623,0.27929077632239396,1.6039402686318922
115,4,45.95026644308302,18.746709308473697,2.4358996813534746,0.5797474952217008,2.1841177875904374
115,5,63.08443572303749,29.94688398817423,3.486890547759545,0.7076772239302187,2.7422135519080078
115,6,81.2245502763601,46.14895702767505,3.896485314680664,0.8380170388640913,3.231632298451788
115,7,119.04747378611319,75.49231401867121,4.515163369317741,0.9920848359080354,3.8326274771147735
115,8,93.9173436766724,57.34314165752261,4.6740009443545345,1.1295141309439005,4.491586992408821
115,9,89.83941933233214,54.59639775174318,4.968079349759478,1.1212745287589856,4.407334881037808
115,10,93.7899065625537,53.362711234583145,4.759760653916868,1.214041000421104,4.857946765084268
115,11,73.82325813173503,42.068806595959074,5.104458053555296,1.211628603282552,4.7885996143982945
115,12,104.4642027335639,66.9866995394847,5.180658705363084,0.7555486722145757,3.108656214687474
115,13,87.86894410100119,61.62946785927335,5.347005201945317,0.9773992577054678,3.9123335816240594
115,14,65.95122263018851,34.9677175607559,4.554570078999641,0.9655624302111949,3.633147125169394
115,15,63.088340829195715,38.48683452940894,3.930643684905811,1.0947655332762887,4.033004908757538
115,16,55.52519700688434,25.544109240359262,3.4806708540937072,0.9188128701071681,3.307487070421331
115,17,48.34894322715158,22.658312523640433,3.0836086131356595,0.8438978984826759,2.922824677852203
115,18,45.38558655026851,24.381002799556576,2.334132646656666,0.6641607558483904,2.353028193126271
115,19,50.160906778737534,30.30847460875234,2.0596605017321785,0.6596224855848929,2.2943997207191185
115,20,56.031005448729815,28.991476396851137,2.626245338563182,0.9576373455141542,3.1498283857460248
115,21,66.51785547535953,30.357317755571906,2.323786831046296,0.7548202525949996,2.6990526285477427
115,22,40.499066288014674,16.566553531023793,1.7907129048310328,0.49552678444113996,2.0283006388974107
115,23,48.239349015254966,26.524893882367852,1.9322982460965799,0.5344026138531062,2.081985683201818
115,24,41.73468075179114,23.146063615890068,1.4669313387263407,0.6366981117426527,2.189204703191624
115,25,32.26427472797578,14.919362569655558,1.2470289758526918,0.6055555135650477,2.126234366331863
115,26,33.27481150332832,7.8410124498810605,2.3698409772670503,0.5993153098090485,2.2702791959808755
115,27,51.3556595798193,30.97411879891903,1.7888416941787444,0.7963137768659587,2.5397004034418402
115,28,75.32003032919428,49.83554781203271,2.4005364314355324,0.593365018514687,2.3147050998485748
115,29,50.76414643091266,28.359516127768067,1.8165590597906984,0.7411329544508423,2.3843227419257373
115,30,57.73002274839784,30.619490839146916,2.6734074612894414,0.9513065043724627,3.191836485222155
115,31,62.67680755367567,35.610572684736695,2.4427250451819322,0.6432745657207519,2.447382000013346
116,0,25.894600520829947,10.485679292959647,5.195766425440152,0.9771250272249192,3.4356413981693095
116,1,46.64597749936023,20.926732306290425,1.8809135656724498,0.39328529133646306,1.801158385761807
116,2,44.96794249121763,28.832868315341038,1.181137963149308,0.4402115227984065,1.7782541354599437
116,3,28.167313976413585,8.076980909670194,1.757623258230277,0.245354608192619,1.5201886431459604
116,4,31.17814165134891,5.998256408784901,2.023590621020718,0.44787630163303316,1.9478507982854794
116,5,45.57459024541998,17.227868613148274,2.4985951062551064,0.5333398043755859,2.1668106708526245
116,6,59.46143105838865,26.444627982400455,2.8637614976728387,0.578759186429854,2.3666942533255684
116,7,57.19451143168704,16.820307812648164,4.011340377747602,0.7489350164633288,2.8728052862990525
116,8,48.77372449756582,15.63400937722722,4.127190640960937,1.104118944890618,3.9528446261517685
116,9,46.216256250514256,11.86154841455668,4.230422155143771,1.0899806324603318,3.9888777838130167
116,10,48.432453673470945,12.070938717314936,4.058152859068591,1.2059211924049622,4.5741903254765095
116,11,43.04829052970813,15.57090446681445,5.001042865965217,1.0280423965649366,3.7680922709930664
116,12,54.08185482154903,19.84795921188348,4.4588255740892,0.5679184600709917,2.3988859667257882
116,13,41.365844158462195,14.89938745363115,5.094956543841205,1.047286153372255,4.030317928292442
116,14,51.324658877770815,22.43539239962523,4.501956771291694,1.0244088471633246,3.907424315896549
116,15,46.61075073405652,25.725986570158486,4.20303051852236,1.2076363268568233,4.644740332781008
116,16,62.81794907878731,34.054157611616645,3.755563589160362,1.220591356263581,4.356471813817102
116,17,58.32374107036115,30.50036885398326,3.8902556254431553,1.3421315070929984,4.603748548487382
116,18,56.7023977695065,34.1664555187182,3.1776935490153364,1.0627054452961855,3.393569762916251
116,19,56.513867736721245,37.21160471888943,2.582635136345157,0.6494706904831444,2.3664785196124467
116,20,65.26086313272238,39.40363553431695,3.6438416170914567,1.1445794813303825,3.9129076289784797
116,21,50.68290705002455,20.041601449199952,3.0003757480907414,0.916907810661864,3.215378849701561
116,22,68.42603398879682,40.00552679607135,3.000088289605105,0.9143815171527803,3.187606006539347
116,23,63.25256327906283,38.11967150115494,2.4347187120026255,0.7476590843146238,2.6086490570097434
116,24,68.94912870213712,46.81514036471023,2.115185735271628,0.739339783257869,2.4961886151441144
116,25,47.0222238304746,31.33707325285056,1.664495820290204,0.6086504222687605,2.208081196252975
116,26,44.82038952235096,19.40857205859411,2.695227612134821,0.8754131062437263,2.980295453741484
116,27,67.95674468880145,45.1185147806518,2.21211169094404,0.5752875587610875,2.154157220938936
116,28,77.0826363682034,47.99690164350969,2.778966162026141,0.8155943474337208,2.9164646923936868
116,29,48.5929507052444,29.925486875099402,1.959731335681862,0.6822465332013681,2.290035489036997
116,30,68.45643548003378,41.8808085991416,3.613764191189505,0.8646430010555912,3.2951752771632874
116,31,66.45509959645793,37.79841727966375,2.728631099952167,0.7888531639408827,2.8059113167547007
117,0,44.420443097991885,28.40759507335364,5.701292658608574,0.8553540935764845,3.2011880655223206
117,1,46.580697770372716,23.40976530304569,2.2726184474385756,0.4844458913235812,2.000544715360705
117,2,46.285390011984006,30.66214347494541,1.3747363872581166,0.3155393360600105,1.6220853296892424
117,3,57.03347991009038,32.805218942461785,1.966242913413962,0.39627304697877186,1.8134805491776549
117,4,52.05968374434625,28.55026601949666,2.4895388888970493,0.47953354260855674,2.0734798202431666
117,5,69.95699104783719,40.842896224486324,3.4028995344282107,0.9322993629716096,3.259118256865995
117,6,66.59801765837503,34.681631379161566,3.64921173003773,0.8136009987587594,3.0985389527212988
117,7,50.573459736948564,12.316734921267301,4.402115465515445,0.9118473334529131,3.3564536969636203
117,8,34.37351775830587,7.594675187186696,4.426537631774166,1.0823041447083375,4.008272031509232
117,9,41.29482870708799,13.899413415700677,4.418553733249544,0.9517587921313897,3.628929359030317
117,10,46.80286469359345,16.794985714993658,4.267279376494865,0.9857350847350004,3.793206641186615
117,11,26.8397339022674,7.17853302591534,5.059077129418162,0.9845307691344409,3.647371257319576
117,12,36.77378538591631,9.149030405172262,4.852130352427988,0.5548981435463638,2.398035662599307
117,13,30.197882980724994,8.883257564824781,5.491478212116907,0.9530700555377933,3.7788701021880464
117,14,26.982868560789186,5.544457707408309,4.596226129234105,0.9972079229068189,3.830964205241347
117,15,32.58652157677748,12.131819702819712,4.22525875466552,1.1290525738046568,4.181299514052004
117,16,35.24035909606468,10.99621353536547,3.7872696173348324,1.0346818090348506,3.7195290663847977
117,17,33.139205553001304,10.926616867841723,3.630384338552282,1.2020378598071573,4.013497597407739
117,18,22.054898786990726,5.619858315274055,3.343439344805434,1.020162822120275,3.343262957107085
117,19,22.225138071218378,5.731834533423818,2.4885237010599073,0.6286454129300973,2.2817877392425086
117,20,40.117176493078524,19.85869780814205,3.284721120508293,0.8753943397954305,3.0685470341492507
117,21,53.01981799824809,19.99509434145374,2.743009315551419,0.7250812759326095,2.6789990543740827
117,22,33.914666114060836,13.576204448591998,3.01637947751556,0.8558667203952988,3.015904448654142
117,23,44.483682434225116,24.165252379587617,2.3631351508452565,0.6366950001098095,2.3404499381330908
117,24,62.548136485637926,42.87400892699522,1.7325148075349055,0.39669875735049565,1.8192621960747604
117,25,43.42683759672969,30.01265372144117,1.4577114753617755,0.6343843013335979,2.2028690782325753
117,26,48.371366131490795,25.460561851554978,2.513718365796259,0.7176801681519165,2.576974533218088
117,27,56.10289474515562,35.30949817645484,1.9475226917607205,0.562845416997455,2.087369965789699
117,28,43.36369379033247,16.182318321412488,2.6242744045020387,0.6133101498632856,2.355080342070445
117,29,32.13358222770401,15.247158211571827,1.8065253688759118,0.4111586993108416,1.7749530515475627
117,30,45.271247439706826,18.22996432186121,2.810306113402476,0.6351852346408107,2.4405176592809625
117,31,42.4486517899078,18.762265198239454,2.2798611633292625,0.6080172090168361,2.270265859985482
118,0,38.304449938201245,21.259446661726923,5.389148988532252,0.9774154360944909,3.4979433230232653
118,1,29.642995031686524,11.992204104174558,2.376105964176351,0.5317641687258199,2.119365641177737
118,2,18.825318004806867,7.613947381948861,1.3379811202106497,0.27888086213790175,1.5567777043511473
118,3,34.191910350039755,16.25746947762711,1.925814271163758,0.30086739123148476,1.609852111689221
118,4,52.06120335800418,28.915679921516116,2.042852631837831,0.42890470116058443,1.8552398467820455
118,5,64.13420361089125,34.454095498705634,2.68421471240878,0.5610178014264702,2.2236181225604525
118,6,69.87612230753847,34.34668872925134,3.1649160491215453,0.6582588996286276,2.4691037763341956
118,7,66.0708196184155,29.321524235770056,3.619092887742612,0.5473541546041458,2.2560530622288506
118,8,56.55498328086618,27.06474544628265,3.8397349272297623,0.8780009715351396,3.1445341545438446
118,9,38.82696872488239,14.282916662883547,4.357790133874525,0.8696009461222864,3.3403676939517646
118,10,34.68319631941145,6.9606088459662745,4.081528515625313,1.0125907835391539,3.836630513477468
118,11,34.951549006430554,9.611028963559594,4.7236874581090795,0.8648752967377522,3.289126539199537
118,12,46.49867054436221,13.242623425138305,4.485004556404546,0.5425848343736979,2.2844576675294817
118,13,39.186378026196,14.628716964232096,5.282532045879044,0.8943620942012913,3.538024256766618
118,14,38.972399545035586,11.974908344757731,4.21583307466364,1.0141984805943176,3.726903733962016
118,15,44.64343950437231,20.423727418639125,3.9237456607396255,1.0299340945412285,3.7723798597612506
118,16,51.744455701332484,23.818638502995185,3.5314297401853345,0.9618942242377697,3.440241188218657
118,17,51.400024355487076,23.224654095423496,3.356941349676364,0.9553772409288608,3.2609174666361787
118,18,38.56853305478377,20.326381533427433,2.7331283936194204,0.9069243413133394,2.9489021360477783
118,19,41.516147735695554,21.637576708928208,2.0380777916469315,0.6830986692044032,2.2758459476991884
118,20,41.751910483377145,19.372227790163628,2.463377502858213,0.9671468376963053,3.127762447750869
118,21,45.53373882235309,14.776186489148458,2.7618965800230066,0.6442128363629527,2.5416532363271984
118,22,46.339529722326986,21.10950746010151,2.4192741754560148,0.7870464552683298,2.7016072520949903
118,23,46.841378379814714,24.40002137090108,2.274227976492547,0.5226101392641223,2.083514832382171
118,24,26.366793998147337,12.467928788667876,1.7135586724177725,0.49333526851675424,1.9514655761734898
118,25,31.732075032617374,17.29039417585603,1.4261482541093724,0.5116087037484716,1.9713565586856916
118,26,57.68885826215592,33.35493070341525,1.9248985102727034,0.461791513649342,1.9594806068505537
118,27,46.407522520766605,26.625497652324736,1.906518730691765,0.5125130571574008,2.01110177705308
118,28,57.40493436104721,29.886777739329084,2.46462761814203,0.5787463696785888,2.2577363425205106
118,29,39.873378218367804,19.858811808206422,1.652991352644884,0.5095855027278287,1.929666896019919
118,30,49.160747953025464,20.089151047655715,3.0148598483176334,0.6818705991982972,2.5947665452946054
118,31,45.16342381652549,17.504015718036175,2.2585078627243735,0.650573615652668,2.3279835051035365
119,0,23.867348926311053,7.5443120791916565,5.124541617391445,0.9978445289921591,3.4904034249505766
119,1,38.47045076390318,20.048467119137932,2.0910827244806938,0.40101000278851373,1.8244507632935634
119,2,19.616057492941387,6.278323560650781,1.15804775866106,0.26629151516225624,1.5233184927468486
119,3,18.004442513340255,3.9673712483373036,1.7643773381079717,0.26567839642317126,1.5460558701201
119,4,20.65959646282831,3.7807999005292494,1.962517352328852,0.3800176149570844,1.7663220059718672
119,5,31.94939898886602,10.054442103929526,2.78600685157431,0.622835414221302,2.3872956665793477
119,6,38.87199650637928,11.11581160954162,3.507537920292411,0.7932408396815229,2.9155361431482616
119,7,32.10111193033795,6.174945185822075,3.93267438301858,0.6619062151912303,2.6165436498606764
119,8,36.249990560701434,9.377232993549702,3.6447279174477414,0.8987651257039762,3.172327293092877
119,9,20.239509273261508,2.1678976626835946,4.202645211869671,0.9834252584901488,3.634766234252895
119,10,25.983870855957804,4.498409648470204,4.004104326717265,1.127837695245427,4.224380078270944
119,11,24.765227410642975,4.932067235980966,4.633692063693613,1.0626535419684808,3.9013166820244067
119,12,23.683951703303578,2.222085448973997,4.4785508417649424,0.5174869335629708,2.253233777245192
119,13,33.34303883967151,11.460018145325261,4.692679751880561,0.790512951084029,3.0998826367396815
119,14,27.903318588251242,6.320527671609876,4.022712629443284,0.9518840429684694,3.422095428501372
119,15,31.262137758131836,11.491517577774168,3.612851934002359,1.0756386167729275,3.7675628255410776
119,16,25.379005238230874,4.214378713399093,3.302176430808374,0.9984031896291343,3.47445082888912
119,17,39.059073865430946,14.7726825928506,2.687923670632772,0.776667201352371,2.7223483594559577
119,18,25.0572318209632,8.410759623743703,2.593068397454903,0.823681927373126,2.726130420869758
119,19,24.76997908860202,6.920924523240999,2.1472491296699125,0.8090115066801378,2.5709997814398564
119,20,38.956733919912764,17.96482560456064,2.497485190060117,0.8451993603281314,2.8530027988764024
119,21,38.74098275789606,13.400583461049113,2.847883997113979,0.7147510351093982,2.681823777058451
119,22,27.193072147453428,6.737826461577485,2.399859906205259,0.8763985424693774,2.8817091592877455
119,23,46.87996245540791,25.59258124848124,2.2703377394733266,0.6094202222232936,2.25134382563677
119,24,29.49606436193801,15.16887404817637,1.6870746986306404,0.5464308175341506,2.03578938455684
119,25,27.01410511013665,14.095232572643587,1.3411837501327992,0.5049065233673546,1.959430821696867
119,26,41.7526106407897,16.521432699515863,1.9425902387331555,0.6494104224814445,2.300544221960908
119,27,23.124281183877372,7.062841818903021,1.5757436723898373,0.5813516612903746,2.0664373127262703
119,28,40.37419543361126,14.790358288903848,2.1541491015825724,0.5812712634416277,2.1986177387896078
119,29,25.977196478902215,8.2212847186813,1.5873303059198351,0.47810330568940596,1.8654290746129543
119,30,31.732306417032298,7.356677560767472,2.8780488012281964,0.7113633527255714,2.632850075263939
119,31,67.69287690288706,40.96884486796324,2.4998235253592593,0.7462704319492635,2.6197837374106325
120,0,27.1801502541933,8.958805435781745,5.2239955006770336,1.002907157422844,3.5243060486233677
120,1,38.4897943769582,15.342144901510297,2.234955885705754,0.46153498368244517,1.959546497935358
120,2,19.160914354417557,4.787818335108704,1.4775699579982549,0.3675932254523757,1.7067821526794618
120,3,22.313065591744152,6.692632770717795,2.015903007523467,0.33116902581947905,1.6950555623646246
120,4,31.935450441959148,12.454659721919288,2.4808567202492835,0.5309237751135107,2.10531256361461
120,5,26.576016161470193,5.271719088796333,2.84792185787048,0.7833971000403257,2.73906801132408
120,6,40.89510583536123,11.737855746255466,3.2425212365898712,0.8290283936243341,2.95141167734349
120,7,21.5568473091078,2.551789728522981,3.6929847282746473,0.6829052379671521,2.620870738692863
120,8,29.655727849133907,7.104361410561992,4.065474620405936,1.024248332001827,3.720616893313359
120,9,21.643586822714372,3.166599506438491,4.137277460350923,1.0193815316475021,3.789350608732608
120,10,20.881981545568323,1.4802259838111862,3.916526374051127,1.1059687131491351,4.200223736903671
120,11,23.549757997519954,5.193017961272404,4.412983776478162,1.0224712859294725,3.7008602106340045
120,12,17.307227583372214,2.067641042527162,4.518175603752377,0.5473892660954718,2.337525725845733
120,13,15.179006569332135,1.6487923624313743,4.423001055479423,0.8830065708768498,3.356621077249079
120,14,28.160516180917504,7.669150897870741,3.7527334845243394,0.9234077200697848,3.3154853722046234
120,15,34.37500069235656,12.237848213928938,3.4962920341813972,1.0527054898621926,3.7314090353877547
120,16,41.159744616167245,13.143903374579187,3.07350971070118,0.9810273607027389,3.353177680596792
120,17,45.59518040418625,16.573651244149563,2.8016208892685537,0.8665399729320549,2.9265445517206987
120,18,45.60214331179174,27.91933208547004,2.118050835170355,0.5572613753264211,2.1279070167428245
120,19,36.59480475727054,16.23698392496419,1.9963066950172421,0.4972559194365993,2.011434810077806
120,20,52.152605882806114,28.005533632757633,2.2419970424097713,0.7184073064366601,2.507090734046851
120,21,73.84234573290138,37.911494153692416,1.9429618665560935,0.54267611047801,2.1201986775601416
120,22,75.72356494096596,49.28132681976675,2.1895992310612176,0.5822554447822332,2.225452487647929
120,23,64.02917077939293,36.121563390842226,1.7284398802497076,0.34068883535210137,1.7149051499922972
120,24,62.09929558915122,39.003254119677784,1.7057935177851562,0.5525070589726353,2.0708899669653063
120,25,37.73883734211141,21.728941820973862,1.1938161215758942,0.3175606699423965,1.6251585493907603
120,26,48.59809483404392,25.291335149785944,1.936257783330392,0.4333195582978293,1.9009263088554715
120,27,33.51271372409971,14.520777820435367,1.961489453785835,0.5544322667144708,2.0476780379710986
120,28,41.27133475977465,16.48559373060909,2.259531675617727,0.48351318751745476,2.064588366514621
120,29,33.0949483330579,13.003990005423907,1.802915699417323,0.5755328155408141,2.102575950416636
120,30,37.89760785147331,14.680104855712864,3.1198368982230424,0.812083530448378,2.9503689052501345
120,31,63.01078251376696,37.58436021795899,2.7006589928017863,0.7038448432826923,2.5507584697869405
121,0,34.21575957532269,14.61818977561149,4.753462864048586,1.0913271217819176,3.6686704214623465
121,1,24.941058948752556,6.223609738753595,2.1147519239931483,0.43901084711972604,1.9243670706244176
121,2,13.883705670872391,1.989728736411833,1.1797252815292951,0.2660366884533065,1.518891311726289
121,3,23.626529697169516,6.250084526678728,1.7091249215090443,0.2986029844755347,1.6138431503417145
121,4,30.49656920068302,12.832117446342584,2.02831113820461,0.41651710769642136,1.8736610846671076
121,5,41.41883249209552,16.038090286054874,2.7803856244770184,0.6105575642260122,2.3632827093848303
121,6,41.758377431564895,13.615642847118103,3.04755805744821,0.6771508702243527,2.5418053347943395
121,7,31.54570096242672,5.507237374951684,3.6938087859106155,0.5838325736064149,2.373821265424763
121,8,43.06637731651461,16.237024962452843,3.7363353564048474,0.9129119885665009,3.2665523794582105
121,9,44.80055174910729,18.89532444835752,4.309821623860213,0.9539000802526933,3.613415188139841
121,10,43.350447380996805,15.622273771784812,3.5836274541710607,0.9595738976558446,3.575148230691211
121,11,39.01975636557669,16.756132685661992,4.54433473442552,0.870092177506848,3.2898715531511074
121,12,41.43147993339086,15.128274116581661,4.162387319559749,0.6196467223715363,2.4523843510381504
121,13,35.94911486682447,15.212634454553795,4.460478741891647,0.8782499523076845,3.273878698268547
121,14,45.37049939787937,19.07930130478934,4.212926513970283,0.987215431214012,3.6793888470623157
121,15,51.50411933895632,27.06908797391423,3.726392733753263,1.0143695760603393,3.6566166141448115
121,16,59.24875016740487,31.174974910426002,3.3484417045850217,1.0901785222396834,3.7080141641432784
121,17,60.62961573072711,32.24771453182073,3.8019603280867154,1.0096394203780026,3.5767605133331823
121,18,57.98356670197901,36.209934684534645,3.0797786941137275,0.7408543833830832,2.659066319773767
121,19,36.88143316728451,15.201973506589056,2.274470241096743,0.617080697206795,2.222905073731964
121,20,54.544494941086086,29.559811547755878,2.7772838275637612,0.968290335824606,3.2143642005616053
121,21,71.89935376626705,37.863601194687895,2.8419925340605925,0.7394169667471848,2.7994850034316077
121,22,73.79588877580412,41.58888526655953,2.5894758979679264,0.8197132041232589,2.8045614403568915
121,23,57.34577939368155,29.052546516741607,2.508149209113174,0.5345981070656225,2.1406627461191072
121,24,61.61542870561756,35.980496293663094,1.6658014598856967,0.4862348703210726,1.924922875020516
121,25,28.673523234192473,11.908949129119879,1.3450436211213863,0.4955595572257119,1.912471023385353
121,26,42.13850911577002,17.62671491436202,2.1876685083453244,0.4924382147179296,2.0472205259854928
121,27,46.58639184155742,23.100896086632744,1.9382364929379672,0.5197454175635317,2.0371067376500434
121,28,43.95963472134926,16.433476198375523,2.4544567507711013,0.5131350332966496,2.12164327391891
121,29,36.3840432796363,14.52609998765725,1.7656477477434478,0.494985507418354,1.8893456443625216
121,30,38.629513222722196,14.408777336179853,3.335472128628514,0.7701487818170789,2.854322292311345
121,31,51.97478817047354,19.856216804878006,2.3707119141166153,0.608049942440092,2.311583703900028
122,0,31.341359424185832,12.26025458378903,5.08665685372403,0.9605680531948035,3.4019563639617405
122,1,36.520031585927676,13.319118562567319,1.9830090091993358,0.4536701941404766,1.9080214883598816
122,2,22.002768159183837,7.757692686477852,1.183005682338342,0.2979581138557885,1.5557064558919096
122,3,51.36472836755165,28.46230783277711,1.5980953383693464,0.24446919146580637,1.4721915280807993
122,4,43.44306178057636,23.51419466412467,2.0562504862462228,0.4415823520702764,1.8621732405866207
122,5,40.83413101747287,16.718347399631426,2.5708373705815792,0.6047343097584892,2.2831950580336593
122,6,45.93308557996306,16.437291342327086,3.015028738040538,0.5444663684545983,2.241969100164213
122,7,38.68238761105751,12.244348813019249,3.7442902262972293,0.6637111559166264,2.573282791805634
122,8,45.611825390129866,18.19848413487516,4.104913730371549,1.090116445260704,3.8783200250875978
122,9,29.68002280262104,8.247079757599167,4.12632097129201,0.9349116050776418,3.5540743592914277
122,10,50.07115627523062,25.864186727260858,4.053130275410369,1.1108713131400618,4.142898165350487
122,11,38.31636104180936,14.522528146984726,4.815532411465137,0.9598029893452846,3.607183386130516
122,12,72.86683636565701,45.25237822076613,4.406626602352446,0.625875761438559,2.5399183830271723
122,13,50.32662207458955,26.420479551242618,4.680023022058438,1.019165148478649,3.8220628712729843
122,14,48.991910516481695,21.685828364275846,4.042271950633792,1.007669850688302,3.6004082363067638
122,15,59.206310236115456,33.78802929579486,3.7174305653005595,0.9185992630512905,3.4260364850911653
122,16,74.05692810154602,44.48974997965502,3.9537162611448373,1.0923910444811762,4.0092259265761
122,17,52.61295078854687,27.654898986387195,3.7176698701425472,1.1710163908622198,4.009975285431704
122,18,44.454774262221285,22.754852865252744,2.9284458617601694,0.9035392548417325,2.962719855406376
122,19,52.10606264575709,29.232798921078654,2.4056116539143195,0.6043735607448273,2.278848007653734
122,20,67.79135321463993,38.206954000167755,2.942800055580821,0.8774173527849856,3.017439059318272
122,21,75.59128357051807,38.037601100418506,2.472152375908081,0.7462398322083788,2.66850400060917
122,22,70.50197048614174,36.84645924904046,2.826127368513511,0.8200338302830801,2.892501210509412
122,23,85.41312934384379,52.73109376998738,2.1687338748325597,0.6496586329130043,2.3078603626907865
122,24,86.09925318296338,59.133602256357605,2.229145807532004,0.845860655480728,2.703847098190129
122,25,41.79819384214087,25.767264254029826,1.6567558885361395,0.5815134205082255,2.127125235166928
122,26,70.85408191556844,42.80526899864098,2.484874380999396,0.7504832668163073,2.6160021562076277
122,27,63.34989980002325,38.8384847356347,2.0861273237914872,0.5130019389264242,2.008720393719936
122,28,70.65467981043514,39.515266297285606,2.645450329787578,0.6238362633467776,2.4532523947062392
122,29,46.6762322950768,23.14260083882936,1.98505720604012,0.6362511588971254,2.277892179672634
122,30,53.15968436081087,25.270024630997195,3.4666249256520327,0.8937255962910715,3.3828191593972976
122,31,63.83857480799766,29.540573401325965,2.8331336816135746,0.8181375389759493,2.8838402645684824
123,0,64.31077525258847,44.23204703839332,5.635434173461142,1.2680356055131838,4.841348231411885
123,1,65.5170630273624,42.90347778875743,2.8429585052791015,0.6912815496595481,2.471288539991542
123,2,46.939147379179815,32.845675251924135,2.1091832198965266,0.5227687035664923,2.112276687029095
123,3,69.47224017985523,47.70836500235266,2.144397266592645,0.4464594720866777,1.9165099493954492
123,4,96.09328203315991,73.33897180109872,3.2317863554031576,0.5827439136817381,2.383493123579548
123,5,97.78165159274633,70.07482023138753,3.8481217136554107,0.8533798591414734,3.213876198294377
123,6,93.21561780562342,59.82774825740776,3.81419520575003,0.6349713094131184,2.6301215940858835
123,7,82.90619944147477,48.84004066580585,4.431876911587386,0.7667749766356149,3.0046589694010013
123,8,80.50741056917335,49.31567404856531,4.870810100679183,0.7051696774851308,2.9134207219809247
123,9,78.2761362452074,50.49439923220696,4.563644186901445,0.7674678945786875,3.010573105796346
123,10,79.26153079889559,48.181045804535174,4.617221866623604,0.7906947993469178,3.1960523800751224
123,11,80.32065736894691,52.66273262235279,5.011608655417237,0.6784607082905305,2.7713717278974834
123,12,79.06364159403307,48.72839507554457,5.204702371042989,0.6332770157366499,2.645936155667082
123,13,85.40356602805221,58.02009681794055,5.4629609952835,0.8183135703806643,3.3463296371900486
123,14,75.46476718278754,45.16118964940928,4.726140748120952,0.9198683532341922,3.517514074459745
123,15,78.4777600982419,50.53495816985651,3.8115755883629667,0.7768419592863705,2.973206602825553
123,16,79.08014123652359,47.38150905524117,3.7928321341828735,0.7561978059035912,2.9243916908073246
123,17,94.39810407362367,59.30904817940827,3.882509013783995,0.6920258398221524,2.784442015600195
123,18,67.463098372855,43.89649288104413,2.8317592651997376,0.4380523642779046,1.9799546554713854
123,19,57.49997215814227,32.91316360883105,2.449066647742799,0.5949187040898831,2.2280345883830974
123,20,72.10692562053902,39.924071217297865,2.860967229766871,0.6252232838398823,2.4680849110320975
123,21,64.46878829211114,29.40848921146531,2.6920413757245756,0.4747418755972639,2.124896952036533
123,22,71.50912637624708,36.16068335731064,2.991486038709784,0.546811999680834,2.274599043709497
123,23,57.43752726392167,27.4611477771481,2.130566393431498,0.2851066347103406,1.6290460885261417
123,24,77.8880607091308,51.056827063091916,2.03700950826002,0.36353498651378,1.7712561361829242
123,25,44.71035387235801,27.53181704412478,1.5989791962991928,0.31531766559653684,1.6581802473595832
123,26,61.992955866705174,34.004256948986225,2.466357722423062,0.5108799228618168,2.066856588488249
123,27,55.48610906901615,29.31798296093141,2.2795394070526775,0.5642388701223027,2.1276947751087256
123,28,68.82752318005792,37.98968145243292,2.479043853250083,0.6817749707164551,2.4506531412273924
123,29,39.549866352795235,19.03019344346231,2.1597141927072547,0.5371258478381642,2.042613109976807
123,30,56.189036298216095,28.034169627040008,3.4175926426903223,0.6121774400999938,2.459888262848777
123,31,62.202286962725324,34.09161626246417,2.4408886894201913,0.6021007096448847,2.2874157537284687
124,0,71.26853267853721,50.54287278697994,5.142169084276112,0.9339708567962166,3.3149370888620555
124,1,57.271936346081965,36.41869867513756,2.100630216620677,0.4541209793125476,1.884122740088228
124,2,44.33600059930795,30.533334488444666,1.5331408273672444,0.3093586289727108,1.5988657853903516
124,3,32.49419869842002,12.954138911416415,2.2894723915972275,0.37222017647625005,1.7400411663790223
124,4,74.16866174154501,52.2016341656762,2.405060900628481,0.5063688678705334,1.9929025082043201
124,5,76.91355692115908,47.03622901487278,2.8418204743308735,0.7441219946638977,2.6000172785159865
124,6,72.05197454604141,39.60247158819687,3.0781452925234243,0.7901876284435732,2.713705634008047
124,7,63.25071700318761,28.572032444355308,3.996758962317784,0.7374408065937126,2.905859341542963
124,8,69.2068729482811,37.90895032566552,3.807709515868647,0.8815554079961765,3.1004406630750703
124,9,52.158486049170335,23.66612328042475,3.635994494591212,0.8596415655218865,3.1417753651393427
124,10,72.93197076809273,42.25536481633392,3.628730641813226,0.8282205540288854,3.1272449129411197
124,11,43.521219688374444,19.547468880953197,4.0453528449346905,0.7898862234230091,2.9560169881396012
124,12,70.23100723285404,42.39258318290332,4.315813765796172,0.4475934776811714,2.0901397766926104
124,13,61.50633035788195,34.25522405891647,4.302182505101562,0.6958309861771443,2.7446032006576817
124,14,56.32312658523925,26.2963647100599,4.455497890821042,0.7362482000571573,2.99832062940186
124,15,71.5021740386035,42.95220621992755,3.164163480861549,0.7784975171978257,2.8945276894567216
124,16,62.595652857446126,29.831335106308657,2.9361263227873478,0.5646993316252731,2.3417780373316646
124,17,53.87496665959295,22.88101774676729,2.7720416046956537,0.6218186433865185,2.3104209078107805
124,18,41.361329840197754,18.244010905264915,2.5978820497897357,0.5652686286913124,2.1268167558729076
124,19,29.269966930918578,9.62078485901081,1.92389545121675,0.4542864801333968,1.861721905380662
124,20,37.775899881855274,15.997744687287092,2.4738424021023278,0.5555533469965352,2.1901404182298587
124,21,45.47703333632151,15.520784441165823,1.724750973694059,0.3819700421358432,1.806648713736651
124,22,42.40803104017708,14.179078027135702,1.9063259163900343,0.31060085967210815,1.6821423320336029
124,23,29.09926013899169,9.483432485478476,1.1688226867422893,0.15056931925133377,1.3276632037121034
124,24,25.082140254492895,6.671938439874008,1.8275820404933774,0.3596063645979013,1.7242519011035282
124,25,43.35761732834305,24.87727214810306,1.4956128497136973,0.32799630919204126,1.668507461247317
124,26,50.91523983028341,26.063108763862843,1.9483215692186346,0.3154998000253404,1.6437365784944264
124,27,39.74313900723673,17.285695443392267,2.1701454423186686,0.41303304877660674,1.854577852661334
124,28,60.82321506737112,28.998384881074962,2.6839040805645817,0.5023064065914746,2.1111753823615813
124,29,30.999154327857184,12.74246548306876,2.310656809288015,0.49071790702235596,1.9964818775778777
124,30,37.74911708820244,13.717271889279836,3.849789568094084,0.5574141381016746,2.4312780071121947
124,31,51.59422885770047,26.117042902049555,2.516966915024888,0.6195340458042535,2.3174380596250233
125,0,34.19038325223084,12.807572620450879,4.711857216494156,1.0894871810908846,3.6790701465081033
125,1,37.50240221755383,17.556799632738432,1.7732250647213172,0.3768491513475247,1.7251074546984226
125,2,18.36718355802574,7.2665941345637695,1.2416745273375458,0.32993031951809093,1.5880905037183848
125,3,23.670135104198245,6.946183182028089,1.7189221730484436,0.26895794409674534,1.5246562814721947
125,4,26.96786638772523,8.615464512456109,2.2482651091495356,0.5114921814026578,1.980451303924776
125,5,27.759991801753372,8.016404946505375,2.5935838306668737,0.7150428596198095,2.4678906292204505
125,6,44.800333957379934,17.456213921052182,2.4533236026245815,0.5286158076897736,2.0783606995794845
125,7,89.74875480613721,51.26842519973694,2.9602876358979273,0.3936618727477632,1.9172336438533961
125,8,44.14851693310726,16.041315733200918,3.550036068628108,0.8211400029302265,2.9556840859227655
125,9,53.17656959297246,26.14562436713904,3.4518485783622443,0.6700845057265417,2.620186912465621
125,10,35.09063733572043,10.305323443789405,3.899796227879012,0.9620146033281207,3.615212600137069
125,11,34.89158657081567,14.00564731087615,4.203849189367033,0.825510924350735,3.1160842325258273
125,12,44.8292649743225,16.88100258773677,3.7891369111645057,0.42412335009578594,1.9938209106465694
125,13,32.12978223593744,9.109543504367801,4.36081703320662,0.7710236878573165,2.941891856917814
125,14,46.070973962096986,19.64191491720844,4.572151862310445,0.8266188083683659,3.2233053593240926
125,15,61.75859308819406,31.56218892177098,3.4758203110467116,0.9935324434021968,3.5550792056105234
125,16,74.19155438303767,41.48423345565382,3.1884666169625833,1.042133965083237,3.632429339515225
125,17,56.54796036638603,27.034676333828756,3.5458155082789022,0.8655639399402415,3.0744783420008672
125,18,48.963731472016285,26.080971773446635,3.2226232910824173,0.7580291428404542,2.636370735587793
125,19,31.30338125883538,12.453524614933798,2.2639073013336306,0.6765763972139767,2.2870007581248717
125,20,43.06020490915989,16.740446892394925,2.7399243599145606,0.6886855999473314,2.5354335564643398
125,21,52.7128198618598,21.205034863216888,2.187939673095581,0.5792032016741935,2.2520587103755334
125,22,70.21656348888683,35.786544629391614,2.6178536242273296,0.7559559106085665,2.6565639993087626
125,23,35.784604115494076,17.44469086128248,1.8575687548784088,0.370577761011297,1.750718775306102
125,24,28.2609030119165,6.66600570307614,1.7107107627195421,0.4231303347095017,1.8406572587767713
125,25,28.440125457218564,13.644474137399408,1.5180993268854082,0.44003567413554334,1.8466952694939043
125,26,56.68934613287755,31.006501860428006,2.3104144487622635,0.6369664022081531,2.3157752770147617
125,27,30.70706135990078,8.354645969905132,1.9932377892148425,0.46054662622087283,1.9310075533304636
125,28,47.37858116170109,21.249485995398658,2.551556289059583,0.49591542623012863,2.067594068153751
125,29,32.86506479817278,10.845505736353859,1.974603966523826,0.37284733069050846,1.737597857216385
125,30,41.71260039775055,14.173418358612507,3.1313383215190043,0.6526535345627482,2.542188279943518
125,31,52.16057535409426,23.12638717662923,2.3503610211227515,0.48000548697098955,2.0511829319192114
126,0,33.331621032398736,10.3482398405794,5.069875614591955,0.9975208514759748,3.5031013597765313
126,1,34.45639281400354,16.38827066392176,2.026810166186139,0.45533194018927414,1.908442796759484
126,2,15.51702996533023,4.489998242561773,1.156772931740397,0.30643317320079766,1.5574778748221827
126,3,20.74667870543989,5.59056363036876,1.9431187899291307,0.3075174140869885,1.6167160617627192
126,4,23.66655286493797,7.766518076273824,2.2989891706756094,0.5000890594283236,1.956111390042337
126,5,27.63116790428277,6.758624085883167,2.7958238850955723,0.759356269022275,2.67169113569186
126,6,38.35800740634556,10.248680314816424,2.9363363946623777,0.5676193832165328,2.291512925480531
126,7,29.695280662456973,6.565830768961054,3.1064222403031687,0.4250208007147167,2.00531796852809
126,8,36.95878122396847,10.229826136765581,3.9433253442101983,0.9834885597782583,3.4911523846600527
126,9,28.293539049717534,6.134361430726994,3.7013302248336473,0.7114710651455045,2.750804489166295
126,10,42.43719311187333,15.223179047968515,3.608820068107234,0.8567164311479596,3.1698383847966984
126,11,35.360263627192055,13.324756463348486,4.665626463611957,0.6885931150110842,2.773247669056491
126,12,40.11703502351647,13.854614912072748,4.043911386625507,0.47810057716914756,2.1397524123205875
126,13,38.573525261496926,12.172955306296581,4.8823055520393455,0.821873102415938,3.2293636535759167
126,14,47.70741197791382,18.345722851075827,4.464866115672658,0.9167506729054624,3.562108396225614
126,15,37.01711714371693,8.257619423556406,3.7248532713171607,1.089901156921695,3.9003868228385747
126,16,41.47488601665191,14.117902005986338,3.628664875039278,0.8566967416624847,3.1270752513324425
126,17,43.01901545406853,13.05959346407987,3.8980958076179344,0.7470774776592095,2.914665659917616
126,18,43.837960816866115,21.217612667724744,3.196590871898815,0.5404287858343948,2.2592335063816926
126,19,26.640432463542076,6.6301174245756105,2.452583228482024,0.7112494181672919,2.428674253940762
126,20,49.53560264430884,22.203335652696097,3.1695011577693117,0.667974428051485,2.5893365470488154
126,21,37.97233100118843,7.92274343540713,2.438367880453582,0.5358331502627576,2.196902203471268
126,22,40.831359658965994,12.233860032114809,2.995776723611185,0.6399629540011316,2.519834008820142
126,23,34.17538906019067,9.400027238346656,2.168681439908355,0.41012842276166905,1.85358014818631
126,24,42.251808397029485,16.197992157838666,2.506656284030183,0.6275417143700119,2.34673887332632
126,25,27.101991946893822,12.938076788509157,1.932661801272304,0.5346792910341636,2.1016734447858325
126,26,36.11117635010406,10.826310748112125,2.92248927476972,0.7114079074161812,2.5715221814757725
126,27,33.28796034286654,9.136517106873201,2.843430999455402,0.7045750223034273,2.547291438529213
126,28,62.5702026292155,28.102718732035687,3.000159786046022,0.8643122942876156,2.9656038714151682
126,29,37.00090500955648,17.50788936488377,2.4599856376957883,0.7520417722775132,2.4740191443046937
126,30,40.33974944654268,12.761500040403458,4.115667301090372,0.8949772587986633,3.3522931336394635
126,31,56.643778618567396,17.97655667867066,2.8936539150212983,0.7623989812985252,2.6925249390319053
127,0,19.574547411591535,4.599107127425301,5.496057012490409,0.9959624828359042,3.5540806859271945
127,1,38.99132873133732,14.212411728967279,2.158773259014686,0.3784212299276297,1.8179659744061105
127,2,22.701142317037384,9.975665109766236,1.1609683459843365,0.20724284427777184,1.4244466956518471
127,3,26.198838459717585,5.197611064917914,1.3321887591431254,0.20365302042530398,1.4102985803123786
127,4,33.1898076742156,11.023027784763572,2.005796412312429,0.335588613797305,1.7149762323263296
127,5,47.264158996166266,16.601075130363782,3.1470835077885444,0.6032618444352207,2.3809324792135134
127,6,42.55837596955939,13.244415443703724,3.0758706114161325,0.5280102773292294,2.2292219541229414
127,7,47.22031387317739,16.044396100710554,3.308089769269359,0.4842676395291923,2.1420808513634007
127,8,52.01120678786187,21.465601694633268,3.6042685766987135,0.515478908382256,2.285469552786547
127,9,47.33712097473431,17.441092702936793,4.348722247809768,0.7089983393947321,2.793603744461923
127,10,47.07352485020213,19.523912784622723,3.6773008815205244,0.7337029292496777,2.938898803263216
127,11,35.17627383555535,12.830324847695827,4.8774075051548955,0.7465324462539318,2.98451401262974
127,12,49.44931932828929,19.75626921720876,4.937597644896613,0.7722037005459406,3.0033879561674275
127,13,40.92894668599844,12.31908229645703,5.383579958664615,0.9436417629363163,3.7906670710004375
127,14,51.54253958164846,20.205725259621097,4.828186350190716,1.0419066860040846,4.119693192495394
127,15,66.30310496116056,32.669831953275825,4.218911991542219,1.0174543334842863,3.8659870244904795
127,16,52.74070352376286,17.620099943616772,3.8315779120776865,0.8684880073985761,3.1542345184743357
127,17,56.33542875415842,22.43573658149439,3.972250155477936,1.153558263640777,4.102053396974891
127,18,36.44557120047608,12.160866254479991,3.4836528082579994,0.7076739675266017,2.6599788223097844
127,19,42.7512787195565,22.097530587743055,2.798005162910551,0.8658436583312321,2.7951120617082426
127,20,40.680828070092275,12.094836100909678,3.579837456426656,0.813794940417436,3.0248643199575294
127,21,47.937634516691844,18.302901269861163,2.9487367443150196,1.0054375255490422,3.2366147614244594
127,22,41.861943878659204,10.172363400905779,3.4421687831287247,0.7663423402223697,2.8843695378318213
127,23,32.79706006401342,11.198379851933456,2.512664885809893,0.5905741463763614,2.2139226441110536
127,24,41.98364211799663,17.627629080890415,2.08162974159581,0.6321821912989392,2.2603020545883243
127,25,38.74764772149106,20.9208571083836,1.5395576960237995,0.54363493013426,1.9607166983550606
127,26,39.600245234384815,9.293927882174406,2.316357585877929,0.7938713314401249,2.5901697394890033
127,27,34.425287802501074,9.760759059440568,2.5972728889850183,0.7253198876543121,2.5396559474632117
127,28,50.826758705619056,16.001029665736247,2.976908894388463,0.9663647227767442,3.1782598165349882
127,29,33.404335975976366,11.02713784125065,1.8967272169381622,0.7239295062707674,2.283943439414391
127,30,37.08705060794573,8.665854840786132,3.961210467535,1.1244075450072653,3.980759865720717
127,31,30.53773674790135,5.356394148967984,2.701511477649775,0.8141129326421241,2.8049403597621585
128,0,22.43477413258249,5.036843212842874,5.118389670230639,1.0281334244296323,3.5537348499693624
128,1,37.59673931679096,14.483499536636103,2.052470844999587,0.36205849027000037,1.751100896062555
128,2,18.3568701202258,5.198937225959323,1.3876999015994484,0.28901614603795633,1.573823808678085
128,3,20.33517783225141,5.010969388646597,1.4838816405185298,0.2539652270914978,1.5067601843744705
128,4,28.841704267383243,8.864302152544727,2.456717889576301,0.41969487234086245,1.900156744669732
128,5,36.45649452481415,9.77133542347336,2.6118028003486833,0.5187470992084782,2.1193346777267252
128,6,41.28560247518375,9.551428367965388,3.3629612027307165,0.6354433318771204,2.505611024831852
128,7,48.45074456991355,11.939146817300273,4.073227822507182,0.5877744184385829,2.4981645703813866
128,8,44.210912713398145,15.13103454323251,4.603542077168537,0.6995859854247239,2.8314038619701014
128,9,36.021354829389644,6.764928189278173,4.404914030237861,0.7733199684179946,2.9768519651408694
128,10,33.8511225859172,7.527662844209612,4.072273637127404,0.9682476780682556,3.670875607058416
128,11,26.30250782109838,4.920054255854204,5.10682790202622,0.8398034644286172,3.207598450697998
128,12,30.420597680294897,4.334662448622758,5.10494164378391,0.8319156896939486,3.2138667774745233
128,13,37.82019773255805,10.192709171484891,5.728236930136014,0.8967589705051413,3.6170417287380823
128,14,47.95557956812861,16.551847398173663,4.686107032855736,0.9405350449521697,3.5830727433059706
128,15,36.2929126903541,8.641996991286792,4.555254790237713,1.092360461280192,4.138179931921004
128,16,46.44483754578481,16.92837781471391,3.971253132181273,1.078615467834135,3.8361645538739864
128,17,38.422730493370324,7.524002045525732,3.58627377620728,1.1915101696093462,4.049611539951222
128,18,31.116443445067695,7.554618839826693,3.416693318896173,0.8564661863586922,2.9834549194070132
128,19,27.14301250537156,6.423458288360928,2.576773301067404,0.8809992355519558,2.7672719652996864
128,20,46.414361266952795,18.06857220056373,3.0446564106630296,0.7810605862334148,2.8102247013307453
128,21,60.91793823023593,23.859297159755783,3.5238068150723816,0.9886735105236397,3.5493037984057905
128,22,43.778518029072465,12.869666692719543,3.7280597013838537,1.1021098763134334,3.8474275226674233
128,23,45.15472091608096,17.89520841245057,2.774908434060181,0.7163545643406626,2.506417810415858
128,24,36.95738283232078,10.221805120260843,2.490109312675637,0.6947614392294605,2.429354958917838
128,25,25.115150309734577,8.581825995349881,1.9098298019005813,0.653209960813891,2.2724794395190835
128,26,33.65251258690996,10.828960339460492,2.5529583528282345,0.772057366031984,2.635927244876863
128,27,23.219449230159203,5.025184716932,2.5348999574541855,0.6558296284775129,2.3794348167956976
128,28,34.9605865262182,9.911763134694882,2.9914291535458277,0.8303717860854403,2.871361457141533
128,29,22.84838311572709,5.994791585982661,2.064660339544213,0.6263066927989405,2.1300282067165384
128,30,28.18727247545736,4.170692701224665,3.685287134654753,1.020251130990359,3.615810152970813
128,31,51.968154560355174,19.493282727967227,2.431364026007747,0.6990916978436408,2.496525318028473
129,0,25.55142699548712,4.949622197296822,5.02990475795339,0.9958591954308105,3.5514913251453475
129,1,28.581927431505708,7.316773409169006,2.08207042313827,0.3720786223135777,1.7753749064076756
129,2,16.44190517252557,4.594791779919353,1.0842331886065866,0.21856822337087856,1.4244346819556675
129,3,21.80217698193568,4.320549688651129,2.0638564609166283,0.2898335093183104,1.6097689995591307
129,4,20.184711194504494,2.3944169315007766,2.8035615159641223,0.5118600221344112,2.078888742522932
129,5,25.957148673334707,5.43727707532949,2.693176202966944,0.712069952223362,2.5517811950557223
129,6,33.69625615863648,8.410551758817174,3.549027481017717,0.8073619080518775,2.9467396949561473
129,7,36.85299372818435,8.13153132618005,4.401894638133402,0.6893086460169764,2.785997383261453
129,8,39.093970119844755,9.893923880202289,4.178296931956302,0.8751262459855766,3.164467683701571
129,9,43.426359456360025,14.238813080031854,4.275023218400178,1.0228244869560523,3.83428204330697
129,10,48.753622983567126,18.961465968192314,4.015408352877317,1.075638208502296,3.9771452614241007
129,11,42.10075526075869,15.430840436495167,4.860562742709756,1.0336338238257214,3.883234671836513
129,12,44.362243761460846,13.563895443669493,4.95075804769227,0.6546143920468364,2.6973964236760746
129,13,33.25718617947685,7.205145305202064,5.357703682279375,0.9869564443407182,3.9815265285308388
129,14,40.62893232364637,12.542624193595675,4.6753410718408706,0.9022694884534745,3.605419061014457
129,15,48.671829081368,17.52001256725651,3.6713816433455424,0.8197978296529342,3.0376787518460153
129,16,40.86847961973916,8.643042242757566,3.6439173651672596,0.9417467459244659,3.2839529858950307
129,17,40.63901894277949,11.976312874379365,3.2791294406644855,0.796814435651287,2.8092346398272947
129,18,27.987698849961127,5.454811860291549,3.1893912182238005,0.7586826260975257,2.6386678652860005
129,19,28.328775225124325,7.805156009162048,2.37974820651125,0.6612507839198765,2.2953212976849895
129,20,46.863081226154236,18.981199724663234,2.577591956316213,0.5926852568058854,2.325300945045576
129,21,65.86862586777087,24.802077257639112,2.4284692579651224,0.629829728061015,2.382551492896021
129,22,54.49785754449883,17.971728663685667,2.6886699047629845,0.5997888614659077,2.3791868970896144
129,23,56.9618129116824,27.954983755494517,1.8780844347594652,0.37439986038705486,1.766148351498614
129,24,46.31293251464827,15.749789455918272,2.007202860309645,0.43414884195784076,1.927823210034671
129,25,29.406273177301195,9.488095400266248,1.4964046503157735,0.33921008391602125,1.6945388539984072
129,26,41.00399579292214,11.556192852483502,2.16474246247839,0.3507052114247511,1.7684084647856655
129,27,34.92124808569261,11.660933903946688,2.226510299547928,0.3850719669535456,1.7958486087657841
129,28,56.18862875253687,20.63869462485195,2.425214600846659,0.41882121690416163,1.921557163546578
129,29,26.647826459812656,7.935286874990911,2.042051412141146,0.41209644344010954,1.8324997822026772
129,30,39.835470062441615,9.9628956289326,3.910245211368826,0.68880454465297,2.7321079266259383
129,31,50.05038390119401,20.45666051701889,2.4739718498742307,0.5505785346474954,2.159366393363631
130,0,31.253515727736552,9.889238068163243,4.831551307873534,1.0831264089248762,3.670042718906347
130,1,20.107429691959325,2.978911797327288,2.0491752243944426,0.3738658811169082,1.792361821463827
130,2,8.885165197669215,0.47434389904904417,1.1745011077700047,0.2222642658270484,1.4481416350257938
130,3,11.527689314302162,1.0222932204138586,2.1613385531798377,0.3089643889404825,1.647540832324925
130,4,21.014199998710314,4.823973924297967,2.589282839889359,0.4955679553434367,2.0468237383122774
130,5,20.420809205817047,1.7714587213177395,2.74332952030972,0.6349774172803211,2.3679062005286937
130,6,25.941615671269446,2.0292701660051367,3.4910991595739453,0.7210590227694862,2.726056057698828
130,7,35.59888575397039,5.378799293748023,4.097899077762182,0.554450374326648,2.367554084658007
130,8,30.280196199624484,3.711416394777501,4.356741636948625,0.7281948316080209,2.7910074691821753
130,9,26.04557814832819,3.770590463334531,4.814786155156283,0.8395467667787315,3.1984380551746527
130,10,27.924913554795744,3.0553201075036576,4.030489465660181,0.9569167711485083,3.5436223085521847
130,11,30.00664124988012,7.273278344281276,5.107694012200178,0.8444409048107966,3.2373234717051633
130,12,25.34543097350551,2.2627234343454163,4.848311059346872,0.6736143590907977,2.722639712783909
130,13,29.11238032201479,4.107580282349828,5.561966520074376,0.8864801243972558,3.5506421726503747
130,14,47.54708081757638,16.902957371866506,5.1810512433835685,0.9062711387111468,3.503516263705067
130,15,40.700747387211194,9.09032347055533,4.028419550566257,0.8977075550141294,3.406571038573581
130,16,34.11425644436755,5.455521683059782,3.4872543581693174,1.1661140139857826,3.9762980945010535
130,17,42.818036183133316,14.568187727492282,3.4102985481162795,1.027399531935921,3.572350041289654
130,18,38.87511757978207,12.74621812191174,3.6298402583641542,0.9750090172828387,3.3146339937471554
130,19,36.37015807676784,13.12001665418725,2.7880679687783485,0.8620650401960686,2.8097055911196143
130,20,44.05944984416445,16.566348013346495,3.192569236997313,0.9563481777100566,3.271540530869652
130,21,52.863327652427074,17.40240980404606,3.404863352290913,1.0173263356923834,3.5448645128752045
130,22,51.31560003442837,14.577214288173387,3.4177772369024026,1.0100461490900843,3.4260738567258975
130,23,44.825970763823776,15.434495584024255,2.5366879248722913,0.5537814264441523,2.1386661420352167
130,24,52.77432128986711,23.073568368936755,2.4274178124792116,0.8753520743832213,2.7722612016851573
130,25,25.767312635113875,9.49374896033025,1.6806319075073908,0.6067840523829047,2.1363317239926474
130,26,44.16688164159173,13.294800917137044,2.626260902752234,0.7681543784206144,2.6390998702790367
130,27,45.745693212462285,21.7563153556363,2.677238627394561,0.8589506814148855,2.8255252316236326
130,28,49.37641722880983,16.844887407514975,2.8122983900774337,0.8017023519360684,2.7029220609555966
130,29,22.567978450918,4.731161505098418,1.9705394717140812,0.5729779431271655,2.0327429077678083
130,30,38.266587094303745,9.34834395849277,4.049045452448659,1.0465888803763193,3.7633009321861164
130,31,45.5054857876845,11.786386040529855,2.717834908005774,0.7080366858029512,2.5830943136140574
131,0,33.828510674699366,11.18993394243412,5.194808948626435,0.8835085727014329,3.143061868955467
131,1,45.563722121958776,21.215181703019866,1.8696363062588541,0.48996609624400156,1.914701866672777
131,2,30.423382116028257,17.234103802776296,1.511781470735565,0.3481722428279095,1.6555413199640532
131,3,44.982387141135405,23.269995965386325,1.8007118058434717,0.3039464216234431,1.584029068753732
131,4,43.88966718352542,20.36941301591856,2.1505470184556827,0.4537394951161602,1.8705441549973523
131,5,48.41941141938344,20.246086401978214,2.795757548512677,0.7507158294357961,2.625823888032853
131,6,50.22853042501147,16.490029563812755,2.6634666591778218,0.5091790427721548,2.15825681680796
131,7,46.6099404633087,14.931936198883655,4.051923035391772,0.8090678149733481,2.880561765806998
131,8,48.34336127281044,16.356611010041348,4.543764214864273,1.0180044341880663,3.6864223632303594
131,9,40.21347714086316,11.708605723844588,5.005367861252336,1.004617144970556,3.8730022352695324
131,10,49.287872659465535,20.213657437624434,4.0791893708927525,1.1397925816006858,4.158227962324739
131,11,45.1118072218889,18.26714366585241,5.060349524945685,1.1674489709765172,4.319787589396557
131,12,27.533066208378607,3.2242226525674793,4.2584934089110416,0.5268914240437628,2.2204105238979506
131,13,42.9122815382862,12.672348782021164,5.193707477922816,1.133859946525348,4.5067885998231
131,14,39.64746389333188,6.2923995623892655,4.893441673639916,1.0539382050272854,4.00142647661354
131,15,36.87302335106857,6.265491638183121,3.798848421939936,0.9617036424960892,3.5187757834815727
131,16,50.54304040412567,14.647665158361455,4.031433136331545,1.0497681296630095,3.975993621544843
131,17,46.12574903327195,12.564008627210505,3.884099656051403,1.0191417056783094,3.6684405153388036
131,18,48.22674247369098,23.16308582567519,3.352677130599683,0.705323803999887,2.633825464442475
131,19,35.01861023206878,9.695620261541327,2.880931093849641,0.7051251258457065,2.472580189767903
131,20,42.582164985313995,15.616517883732762,3.478795943475806,0.9990509571483699,3.4417451792673663
131,21,44.21836336832151,9.883921319160445,3.0113103774715384,0.7154011217250562,2.6388971843377766
131,22,49.433492994122204,13.156279218011294,2.9820054184200853,0.7211423002260307,2.610226757218538
131,23,48.365535464219015,20.047286445366954,2.192898822913801,0.5430319830552519,2.054993884699907
131,24,47.85763472213851,19.662163603236607,2.042661636400765,0.5523554318444881,2.0842296772439792
131,25,33.48065521748754,14.391488147832842,1.5346585019952839,0.42823373752965055,1.8058309753712363
131,26,43.83806663194345,14.722637318658892,2.4606216519130957,0.6089273510226585,2.298699992824929
131,27,42.23748603426816,17.482881607758372,2.3796325187331844,0.6186259207039813,2.2377296052970217
131,28,44.72896242135792,14.521229672842658,2.3845479271925174,0.5045195140322694,2.0505065009266104
131,29,30.412791441003808,12.034618923151157,2.0045574361911136,0.5201644788181312,1.9429538336596939
131,30,36.64068797996286,11.09814327431246,3.7031024390160203,0.7606671153773537,2.8848006944644546
131,31,44.91988992536261,9.600287044818577,2.5145573605774127,0.5536907300748672,2.185359813749704
132,0,19.620594921896846,6.287657888462846,5.1933074963333965,0.9114541070187654,3.1920294985035262
132,1,28.550769014561,12.102016322404461,1.7875576690228647,0.46241824848478386,1.8947182221619068
132,2,23.137628963757773,10.83668622443708,1.115892944338261,0.2728615864788777,1.54060929663422
132,3,19.196808143823233,4.270306833948403,1.6607782480908595,0.2088057176233269,1.4495180739619844
132,4,27.52864825705219,6.509613903864362,2.2710125715739506,0.47204722512621267,1.9209744336931163
132,5,44.93377453305919,19.78118689001891,3.3630132278497493,0.7232257328707616,2.7064848484098416
132,6,60.00162776882352,23.6889377627525,3.1336739598054226,0.6502443581561463,2.5596083713335793
132,7,60.04565377806324,25.871761542065144,4.0992658784472935,0.8733506399059694,3.2139315192790137
132,8,51.336059118841476,18.899789588578674,4.8451289145593925,1.0510897619884805,3.9699071802601114
132,9,41.2493264888374,13.911204339394917,4.792702016398293,0.8970425130816668,3.4193440662601424
132,10,41.74968539798681,15.158096006287082,3.8450617101935345,1.1630837873008497,4.26792321869768
132,11,32.315756281094934,10.573541050075901,5.16065425599766,0.9854192891193865,3.7081759972994934
132,12,42.68297675375298,16.37926833488711,4.304897278353909,0.6675810024184363,2.6486722936833464
132,13,29.816230420199695,6.042811129960054,5.3079934322093045,1.1690426873064528,4.552296817451711
132,14,51.08229556934637,19.480402538355676,4.890001368010321,1.191155084575323,4.595031343109164
132,15,40.16646763529738,11.703694562145495,3.6683720877369232,1.1931999549971701,4.307950264910852
132,16,47.24674317230037,14.045609753129172,3.901450393049389,1.2571085549342982,4.632609578931942
132,17,44.82169241156975,13.726826529237606,3.5052267354876845,1.3622671191404914,4.622149079786995
132,18,39.11909281244228,12.452028277489685,2.98036464942641,0.7226686647050542,2.6275770071365994
132,19,41.04793460048527,15.294480904081666,2.3027082206356413,0.8385480430075409,2.7289408567277116
132,20,43.19261747697439,11.541899691364042,3.061281265252906,1.1339093859813376,3.7251541883391903
132,21,49.873519442028574,17.096707442472436,2.330681947547844,0.9938019138311711,3.2372513161804406
132,22,51.469769555706236,18.107037031934397,3.031608287852345,0.8499453925133356,3.126684328749042
132,23,26.740783294544073,8.462502615176183,1.9822072475211554,0.6058727282462817,2.1863534493581254
132,24,48.08303282231873,18.350636557411217,2.52597076425456,0.8339553823160748,2.8270161402565104
132,25,33.323248502865326,15.652715872623023,1.906523908436407,0.5465765348379534,2.123286496983216
132,26,44.3327455452472,12.909510803924729,2.945594147888728,0.799338402317098,2.88088824522456
132,27,37.95208219696289,14.833761472340573,2.684795044704079,0.5990606892918442,2.310784387327614
132,28,58.50603996342084,23.222188904576495,2.81671439029992,0.7715599929342525,2.7890159431878323
132,29,48.633861681369495,25.451480513402714,2.477394035547396,0.8810426357902204,2.7317365418037527
132,30,61.49848493158678,30.311146032076245,4.052576083306489,1.092197505395987,4.114026961751444
132,31,41.54555600387593,15.185762743875616,2.768169516967287,0.7539887744162597,2.6957768551874643
133,0,32.865279094130756,9.42085318786547,5.1265211155487735,0.9733151510844333,3.4716220701988125
133,1,57.0387214729091,34.15947058067536,2.1111011823802075,0.46429032772096734,1.9885716643365003
133,2,43.95629711740426,28.334540446916293,1.5020602207513987,0.3580155616739493,1.6937991638087253
133,3,40.08458771367562,18.48888798273381,1.8404260900926088,0.3457351892351248,1.7053105693270922
133,4,56.40374030463868,31.916890013150898,2.8543302163692337,0.5652819965834435,2.2779196893734457
133,5,38.32338446815261,11.722137032662932,3.013232172590833,0.6921740060884347,2.5943061365859794
133,6,45.65408013415911,13.187974173935336,3.6446877488506475,0.8129575527841055,3.041803096835225
133,7,36.54928635257254,8.150141912299404,4.00402884390461,0.6920145656080061,2.7240135832911907
133,8,32.789273276021106,2.5891391848539147,4.716817205690065,0.9057314128993585,3.4592478701653557
133,9,32.53623329190516,7.589602865926301,4.534042439010029,0.8322732220306452,3.2502061524318684
133,10,41.55814756313638,14.546330778363465,3.818220611818587,0.9325290682210845,3.411702891133479
133,11,41.73384087771733,17.21988254128872,5.242953127760006,0.9372415633654301,3.5672910583984443
133,12,30.214775605663043,4.634339699538988,4.6629889991568065,0.7024303265590186,2.8117144067334126
133,13,43.54198878774095,13.215808369458843,5.359967996452184,0.9900544731225516,3.913722829483933
133,14,46.82555499463031,16.02910591791488,4.721725667944618,1.068710939045804,4.101493360982065
133,15,32.47359577129792,5.386042155978253,3.9760608715976455,1.1310019744144086,4.123707990624483
133,16,39.88165092188592,9.521521645666716,3.9388856294436865,0.9956811440520434,3.6607815859167734
133,17,42.84307955885524,15.590409446888081,3.494471934600228,1.1885256738322179,4.0231834922711105
133,18,36.62911151065808,11.71794772243425,2.768870021319568,0.8341073908445047,2.7856315755256897
133,19,28.583870476546345,7.516068577295629,2.374023014569408,0.8135609228323291,2.6004194732358163
133,20,37.916944168201994,11.479922844422145,3.0298988005290823,0.9417882901275654,3.270000781558363
133,21,62.858523138402965,26.625364964942072,3.0511516050689886,0.8774691540883945,3.18508193909025
133,22,41.86913946077827,9.609517808487041,3.224556736153302,0.898133645737031,3.1867084113164217
133,23,65.11963894158282,33.6593341789837,2.9207047975265428,0.6837515710120257,2.51483689461272
133,24,62.84551703077336,33.430990390905464,2.420554358293907,0.7892109380567347,2.6647036188646918
133,25,31.31409448585165,14.027334667641608,1.7284609748002189,0.5292955814506577,2.0366377942888745
133,26,48.87310814893086,15.848006448354823,2.67511181123286,0.6656903775470759,2.481941685984139
133,27,40.201544465827524,15.521094253790118,2.7043044396126588,0.5830825166404785,2.269851188768662
133,28,60.76602192581504,28.006278273324256,3.2186564744330313,0.703034159750783,2.6544837461609103
133,29,38.572183867718294,16.115050216213323,2.1104378107761246,0.5381276153037602,2.018120685144019
133,30,60.43225619414373,28.27913384590882,3.902366605943762,0.8057326793300139,3.075449946418034
133,31,55.7998650795749,19.99138617720326,2.7254642121778043,0.6682928872220084,2.4954103970362618
134,0,27.80519918928522,6.371123463348343,5.2561599793270215,0.9450294288716785,3.3760077562188657
134,1,46.10753934479885,22.105473246084813,1.6855375660149061,0.3593978361966288,1.7234229238533076
134,2,24.34962112778048,12.696387055572439,1.3095852521117615,0.28141727240743064,1.5549150784784505
134,3,30.06001286259458,12.389072073870928,2.037275618967115,0.2853463754888992,1.6139093298295473
134,4,46.61471916265906,23.990959486054273,2.547484317947577,0.507392432716617,2.0822402611034945
134,5,45.38655257451615,18.84799552015357,2.9804930545970407,0.7525708667529338,2.6686816915200975
134,6,48.73784245084744,18.335186450736373,3.4470463108102596,0.8688934453298156,3.0539080645005567
134,7,51.88796549027742,19.07490259115029,3.8340113307930643,0.738643278113976,2.765132712065472
134,8,50.062658661580464,15.859432194050552,4.36013446476548,0.9575289925942227,3.42475260946418
134,9,38.31636329646408,10.085867126945697,4.33046626623093,1.0076385314767204,3.7997674414610305
134,10,44.43968402665571,15.348636852570614,3.71718008807794,1.0946203052238404,3.9431996239083573
134,11,44.32032054871853,16.68258404428014,4.508534980583898,0.9242497922307562,3.464034597944859
134,12,54.40377643976068,29.10099861100707,4.00930226044886,0.5203846205557063,2.2381421527659926
134,13,44.15119068575332,13.45093057899959,4.660258323607628,0.9865946840246123,3.6407777614472128
134,14,56.807251423705196,22.081105600164335,3.829999654495176,1.0720351657592024,3.7452157619470468
134,15,61.4511580302856,29.65368688654904,3.5268250370113337,1.0637466967520424,3.7030637936676185
134,16,48.81715224715566,16.68296555445521,3.261907211807955,1.0236630674981013,3.483895773127007
134,17,36.671330346945076,6.087192652995105,3.5461125013379355,0.7896096923907905,2.871019736932145
134,18,41.65521247252833,14.537470270441172,2.447988809316527,0.45055373349637584,1.9884058338249786
134,19,39.560652229565406,15.734065338667467,2.0545744567044246,0.5142368005532321,2.0147084781336266
134,20,38.14027864770597,11.042046899848584,2.4857911349927235,0.6539059835523906,2.4281526028650253
134,21,37.85728774293916,6.888963657093648,2.570899975480666,0.5729794039256566,2.336024799348271
134,22,41.84734723208861,12.024285346838951,2.2135431722912897,0.6283061474742575,2.3156316882589585
134,23,48.66197052911483,21.06188065742703,1.9581270510007587,0.41317275229068584,1.869086154034965
134,24,35.40291289910184,11.94678659318454,1.7940249899713374,0.507970895788252,2.0042099164210745
134,25,20.412470304855923,3.07980251359228,1.3382459639106785,0.35877323277632334,1.7072355790714338
134,26,39.58672334549199,9.74798207573183,2.0293314634435258,0.5415599867471772,2.124744203225542
134,27,26.184029879867037,8.03788886159144,1.988924062773009,0.48212081022652686,1.962040205811294
134,28,51.16041245885344,17.657171448829423,2.340899481269066,0.4575210566873458,1.997477044115628
134,29,19.738476906025042,1.3422970619690717,1.6343262996432637,0.47507241799877686,1.8739263386106004
134,30,26.514573601874524,6.603986902010839,3.367074418706969,0.760805155909682,2.8282753023061105
134,31,45.71856976928039,12.940395833557094,2.6170980977031384,0.639156005987104,2.4302203067739714
135,0,14.566679230000243,2.5057477621160222,5.452239567805605,0.9156474307095861,3.2902222657189926
135,1,24.635202618068583,9.507459250607777,1.9042605949727922,0.4559985829898747,1.915674506785722
135,2,17.490976387735977,5.366079504257422,0.9991126177146298,0.2382116304325833,1.4610295420985042
135,3,20.89284947272659,3.5868741044073014,2.032176278309593,0.30065736538819277,1.614034024658164
135,4,30.294061901062662,9.525716868786606,2.5492596440268125,0.5715154778359022,2.1878752954851564
135,5,28.606173977330155,5.073064920410193,2.926342147626122,0.8355988412698028,2.789304112795431
135,6,28.620204265980966,4.613974861869584,3.2112105019486403,0.7414196597245146,2.7290696651310324
135,7,42.07353743023069,15.5838455024225,3.9342617802280078,0.7569204528297853,2.871510270975146
135,8,55.102103520020556,23.868934046479467,4.70690515338082,1.1099927614489786,4.019742780254507
135,9,37.334124633520204,13.869769698774764,4.414573504261067,1.1877310003641588,4.441002225894369
135,10,47.51299021676881,20.502131517224484,3.7944959583457574,1.3356869134305591,4.905321492477797
135,11,59.255081378251376,27.50638492973904,5.071288237741736,1.056878901978485,4.071926111145231
135,12,86.42132248490965,54.953188395611306,4.580719431636503,0.7030361354163581,2.8262950175988766
135,13,68.15431703285391,35.85319975942393,4.92587728768528,1.207661345558261,4.779752076050839
135,14,74.70204851008575,37.81610421568741,4.400943736404724,1.0518089250116702,3.937434082375925
135,15,81.2556601624515,42.16342576918883,3.7275424861542623,1.0522509032625766,3.932031777693571
135,16,76.58743899552411,39.86915153229013,3.584655553965534,1.0889487306404093,3.9778368634582506
135,17,90.33822936858877,50.68686977631078,3.868248992333029,1.1797799815670964,4.36698816075763
135,18,84.5485721304908,52.84484248824124,3.122693561628316,0.8288790573381353,2.904551785130627
135,19,64.36042733968,40.83909590498208,2.5865085712937352,0.7199623698023943,2.568450849170292
135,20,55.11097133380203,21.777820934741953,3.055541806720541,0.699921288409822,2.665073581623175
135,21,73.8224863430512,31.783715655706537,2.4353047649977695,0.6165395101928137,2.372753040190915
135,22,73.72893931316341,34.53757816378594,3.049584748210112,0.6888179655739419,2.6518512110716412
135,23,64.2326597015057,33.472481409533415,2.3732610271956105,0.5948418878166755,2.241972555920098
135,24,70.3348591963665,37.69817497628999,2.6591401179573433,0.7479058478634433,2.6725392343227643
135,25,34.26419057619191,15.425570038961537,1.8707994918728574,0.5586464082470983,2.1256313729835687
135,26,63.7636297527864,29.857041474893823,2.952965530057636,0.8119070436664204,2.9417478062955835
135,27,64.36693871175609,36.73565417584666,2.7470571804406223,0.634290366147932,2.38792950274141
135,28,55.32548666618008,25.16717611518766,2.820380641895606,0.7536072617828529,2.758781921004474
135,29,31.182174329813623,10.642701551529269,2.351611455691442,0.8832033353565398,2.8035358203622036
135,30,64.50807720202579,33.65644837455605,3.9968327205587206,1.0878679665280702,4.073640138678229
135,31,55.621819208449836,24.908105517147526,2.7240930912502797,0.7184760309044544,2.5797468153927023
136,0,26.74742132474623,7.3245255534405125,5.396988542188911,0.915047740753808,3.306656253936456
136,1,51.53140337716734,29.79620907137548,2.0268900481361767,0.44327068442255513,1.9125284779836595
136,2,25.533888128296994,11.333402270270643,1.2427002854615328,0.2531862089775829,1.5061407889710103
136,3,52.96544194138414,30.563680039844343,1.6627719244797845,0.3310897693054802,1.6495799962845226
136,4,76.26334225414122,50.507383444903695,2.6286618104833543,0.468032756609861,2.0572868634905315
136,5,63.81128858327726,36.55655065309652,3.2503386342210794,0.8816768488415887,3.1149398833259574
136,6,57.81495670736527,25.620409754086804,3.7622899875468656,0.8216559840262114,3.0764874017691457
136,7,46.31628405839844,18.23036230067057,3.6575994529055658,0.5884468478990845,2.4710708799444148
136,8,39.55780210505806,8.949548205351238,4.748387206098633,0.8081870497710968,3.255214240779302
136,9,44.13484436825999,15.419816505347882,4.496266170681238,0.8150552873001651,3.228883405478092
136,10,49.059225564411165,18.849041400237315,3.759479224524274,0.979144475973349,3.6953591979532283
136,11,30.812521164057095,8.037467265639734,5.039038304769909,0.8985733150958843,3.4682701503475797
136,12,38.17604455619665,11.665588826662642,4.7743829006020775,0.640779379225938,2.656405445983006
136,13,51.93330445790629,18.83322353782932,5.325187937976171,1.0521330707158842,4.147518337700915
136,14,56.92303663633382,19.077597204944006,4.504412225834307,0.9832553797069385,3.8274852593240496
136,15,67.35989708892217,31.440664897163124,3.9258484350477723,0.9435409179765486,3.604136618581894
136,16,52.35409220810783,18.393949590894405,3.900650512986982,0.9719937079322034,3.650285967723032
136,17,64.8922524552506,32.51889282719861,3.7682242443268197,1.2102635599801315,4.314795889176362
136,18,43.00938856163802,11.33771204299319,3.0870724791286146,0.8568627508206981,2.9346294217090603
136,19,66.07331180807188,38.73625080083915,2.881569637665061,0.8017558806597171,2.7993738254354104
136,20,68.71275400150242,32.370600081421934,3.29981477563619,0.823816630018031,3.0493843267168104
136,21,85.84162483338002,42.67366437776359,3.579437516159766,0.976179294502046,3.5104247386626453
136,22,81.8070315229967,38.759461395709735,4.01102816294761,1.1564685117711146,4.19445878215772
136,23,66.094780977472,34.72707698129375,2.9577439975366446,0.7379848053165312,2.6129624379486875
136,24,88.00965830902797,49.56445060007209,2.568231727543459,0.7681606295365766,2.5855374526523263
136,25,49.61286513838847,27.69431245839445,1.8771175904915025,0.8388107161243945,2.5690024729207996
136,26,56.307715848912004,26.566729659275595,2.8588365955373476,1.0382490796075552,3.3310628874020485
136,27,53.98587142435122,27.02835492887209,2.940397176175729,0.9271517598033245,3.090662832570185
136,28,52.73637288577372,17.091192553697486,2.9173318124523,1.0127730405393893,3.2441164968605585
136,29,29.861715569288396,10.471560992157915,2.3328384080218054,0.7341850998913961,2.3735762770938886
136,30,57.633815142688064,26.336522701104137,4.178731902086435,1.200815645991728,4.391394012461861
136,31,67.46701120312557,32.17491837488039,2.8676431298633136,0.7793987811015568,2.711572140010686
137,0,18.344300241887467,3.7083186124969423,5.145756538488934,0.9470375018761663,3.353597136405209
137,1,21.04420320492258,7.93284550045113,2.130170513406064,0.41707840041567446,1.8711390916985189
137,2,21.918847862505864,10.872587473643648,1.3596786156825724,0.2813112719062012,1.5997636954858647
137,3,14.860134655751228,3.1978069508939884,1.7584037957834244,0.36289253928234366,1.7289997729948055
137,4,33.010033452208944,12.908629923549693,2.421449379919199,0.4243860314412151,1.9249698487284275
137,5,51.29156173023283,20.07721063434612,2.858853718507149,0.46702131582522277,2.1102186874126048
137,6,60.84173881828864,26.022198334004624,3.325717539993742,0.578228478508847,2.352243606314313
137,7,57.386716954004,21.174806874500685,3.605669996274833,0.5948503940073984,2.4617914475105205
137,8,56.422612305409196,22.524714155726954,4.284994103842083,0.7186748609986635,2.783373511001846
137,9,57.107494777920074,29.366077143543432,4.575210682597817,0.7364010556858513,2.915726467137589
137,10,51.20142099400266,20.436322977996596,4.107990877858309,0.8817320861739004,3.3265648127222747
137,11,52.83921937014921,22.35506960641039,4.961096760534566,0.8162171976776786,3.1951611629562997
137,12,52.21499964197041,19.299301669182714,4.789460123758428,0.6019397258688395,2.556377973857491
137,13,32.8641628722601,5.016717947272374,5.4545328230956365,1.038787261401053,3.999824647683144
137,14,37.58798788713099,8.391604293201306,5.07247091853046,1.0083389805119651,3.9372026602260117
137,15,38.59360191130723,7.441492320989308,4.01412706313213,1.1070727010917114,4.104948181627084
137,16,64.35552222367227,29.85591777960574,3.619616914866679,1.1008236071319724,3.759833492228264
137,17,43.360711283192174,11.392509264982502,3.9381142079337006,1.1889576998040465,4.223514022384655
137,18,40.25271255213827,13.503035147321672,3.4417219116276696,0.8586177871770087,2.9837431865598534
137,19,35.789981970316184,16.372097145877767,2.849471899393154,0.770843212313868,2.6338252782842684
137,20,53.516731529389006,25.99434196512434,3.3298174495057387,0.7969147405643069,2.9203625439870953
137,21,44.87624616886713,15.997856664780475,3.696460219746058,0.9243767371592178,3.4299863967532964
137,22,25.976550069171754,1.431122566209912,3.9184617074454273,1.158188700348699,4.063815005267197
137,23,37.600301898475166,17.27724727988633,2.712339462781941,0.6663671389356991,2.377739882196644
137,24,15.53920922803225,1.3573965329570987,2.6793927347645443,0.711838957107183,2.455492887459094
137,25,17.762303578827947,4.582718474832585,2.0166465916436183,0.8814585541035527,2.707201974630532
137,26,35.05919122968044,9.707319961167604,2.826940010792637,0.796532575532293,2.699450984914687
137,27,29.248359897883205,10.644419709251462,2.6583264757951293,0.7516242448035615,2.5759971784452733
137,28,25.519885774670232,4.246216837078146,3.0654297818439358,0.8350676616740045,2.8029153305912224
137,29,17.747411256398017,2.1416675150324913,2.363368020880907,0.555840365322366,2.0316185091363477
137,30,22.86202460440438,1.8269255636136572,4.077285906325762,0.9397006544502053,3.472159819611858
137,31,42.91795571419321,12.185697720068202,2.700554230460315,0.6094474057431878,2.3067467601098657
138,0,25.292613087658474,6.072932096565059,5.254886735186575,0.8891440569037545,3.1773535101587504
138,1,43.34981744135068,21.052402931127382,1.8629459392465872,0.3406531259279817,1.7043538443250688
138,2,25.582070511750736,14.497568695373783,1.0993720461165508,0.2198416127540348,1.430345073927162
138,3,28.539220734808872,11.01158440734508,1.612620214722054,0.26271955743506403,1.5268937052610327
138,4,42.13189627536524,18.261119904025083,2.136734956550585,0.3487042531563951,1.7461316766883532
138,5,35.513045326758885,8.434559994594526,3.23750197336079,0.6326951949850046,2.4843028170960677
138,6,29.65561514559551,4.017770629863919,3.078057492539734,0.47544970624368466,2.121342972983799
138,7,32.03408168431868,6.941767894207251,3.6839545308728914,0.5912007163089372,2.453998406176582
138,8,37.94349585025718,12.143518837330646,3.8297133859303374,0.6371184099643106,2.5818004857886514
138,9,37.09322634960533,10.417917314606157,4.677430549480234,0.8169514776374536,3.200007344537435
138,10,35.269055147504375,6.616520195032629,3.9619759473754463,0.8910328595980133,3.390533024013743
138,11,42.07038885066437,14.959365957356383,4.940297060350092,0.8128458064444173,3.249354859796208
138,12,35.724216639914275,5.412317691057362,4.780058697467652,0.6046419576949331,2.5377277944667345
138,13,50.64187109566448,17.23907143286938,4.8892785603056295,0.8511625363457229,3.3094516614297245
138,14,54.49136257539163,19.85844578447324,4.283972443317559,0.8660305506085848,3.339789592999868
138,15,52.6535399537767,20.508354217307588,3.6962498187807387,0.9673713958810128,3.5795525050208767
138,16,49.93635345815021,16.637125332246825,3.1445113320730576,1.0236335013901785,3.4501011776117956
138,17,59.96276963599598,25.72837564033676,3.27266812957844,0.8471963205957209,3.091564906374896
138,18,56.479764379252835,24.234391000236577,2.356313202212848,0.5191971174122476,2.0764403773487357
138,19,44.904618006575575,17.19421676723654,2.1069486408404625,0.4447428925120622,1.913174941575424
138,20,61.704277825403416,26.31510844786015,2.708134519620625,0.6136970980191299,2.3542893597377863
138,21,85.76547355952603,39.73556137750769,2.326222958322746,0.528416170453208,2.208024501149807
138,22,80.73407597991134,39.57138066511371,2.9551408973027824,0.6480150998105141,2.5432011164231394
138,23,47.42574427493848,17.57796350024808,2.358484419618151,0.42038235996234663,1.9001141489561102
138,24,54.563438497796604,20.979713743695065,2.5332445194599726,0.5684684642416387,2.2506317199968855
138,25,42.06966203515816,23.528278194413197,1.7194168344130722,0.44217879049833186,1.8941036491670784
138,26,44.400955133043,15.113224102097533,2.772180499669794,0.5692499201205221,2.2683619577864134
138,27,39.207325467964104,14.510615986272052,2.7275239028158156,0.6722288755377037,2.411048140442733
138,28,42.43075719021028,10.153695704685717,2.968552887180569,0.7446935328891597,2.640694526757978
138,29,25.344368723970646,8.147323690890447,2.432542117347948,0.7524934313882872,2.4505413672586385
138,30,26.89421872533329,5.098439641942998,4.179963737891642,1.015461826838945,3.75348429803286
138,31,49.7716493766971,19.14603683206951,2.828310746391191,0.7865745206045327,2.7071741105118634
139,0,30.892827347592576,9.717105724797921,4.800260562834826,1.0721956716267567,3.5861103198612088
139,1,30.867874650058244,13.151374921838928,1.600930836632464,0.33988707624446257,1.6862971348544165
139,2,12.350842669013502,3.5835515130964364,1.2046164784369273,0.23589753710270167,1.4883543497243363
139,3,22.876808052413235,7.535455961124381,1.9400398653604407,0.3278371150647583,1.6821095998588955
139,4,17.967066194160385,2.593833640058407,2.0577449766302647,0.39625796454272555,1.8094580312093929
139,5,25.786511135948636,2.321266454378468,2.8702920636126157,0.5411589541595392,2.2168372486472854
139,6,26.446581372745086,3.6656048075755123,3.1684957407705285,0.5421738443284223,2.283838070997544
139,7,28.26622045736308,3.632863403497268,3.9715472260839038,0.6236804047330935,2.5464973898030694
139,8,34.631411312350004,3.868266032033405,4.327278012360924,0.7989246188210064,2.99865847809971
139,9,35.424276169156755,9.203116068395381,4.485060202733035,0.8431737766422707,3.2288342658165985
139,10,33.97057042899752,5.945614420765687,3.9104004487544217,0.8983761235473939,3.3658367534859814
139,11,38.15399105838837,11.43784915692967,5.155690316800956,0.9513188097652376,3.689551780872944
139,12,61.28253156352533,29.68028604033216,4.8997265141442785,0.6618412060614132,2.6888388165156774
139,13,42.05646828779873,10.729617136206143,5.5729422127136825,0.9586395152276017,3.7959204918280345
139,14,50.45661951261588,15.643337677422016,5.03133726147797,0.896168079065423,3.557360259328417
139,15,59.34223017216597,21.97865160118163,4.219878456374325,0.9942865577115132,3.730283114432463
139,16,62.507964345647146,27.24118892633168,3.8689510611034628,1.038987418354929,3.5661821375386937
139,17,73.8749403674565,33.56725189732028,4.1933677407158765,1.1652587296439894,4.167169822784596
139,18,55.10494200660486,21.554634901869406,3.481973777639575,0.9101399643418064,3.0331976149140636
139,19,52.63055537923984,25.60438702061772,2.712351124282087,0.8983012413816303,2.779242369827581
139,20,73.89854675506427,36.676130100922094,3.467860828645658,1.1339572615761826,3.8429508884327026
139,21,81.55091234904054,37.770736302888025,3.8361691128498867,1.0345609127530322,3.7680990770177525
139,22,89.15012112885799,43.36860232769604,3.7389610010438306,1.367063431556538,4.613442827875677
139,23,70.41843824925144,35.62696168195512,2.866860598016504,0.9154968284420959,2.9429065213303955
139,24,65.97025133909682,30.659350852421447,2.5562666513840124,0.945893746722331,2.901609446044698
139,25,37.24768897293899,17.59834955065891,1.8061684692995574,0.9141966786763023,2.6501535113310783
139,26,47.686182280147385,15.439933913099267,2.8015818140165267,0.9170882718049396,2.950624202848828
139,27,47.91708147543709,21.13853357928903,2.781326175750553,0.9894036365407186,3.136865113043187
139,28,44.1034791071348,10.081093847549264,3.33564046355133,0.9866300298651951,3.2439956884740053
139,29,26.708514004212297,8.728924192396596,2.3656599167244363,0.6257215109146039,2.1732080712633515
139,30,31.250504580596772,6.181663498518908,4.447059175116538,1.1409244498027409,4.203689093776284
139,31,50.84186081197825,14.198247521455468,2.9398952921775825,0.8003748120028362,2.790310825216866
140,0,43.88750899982998,21.911992554356324,5.528732965879141,0.8073642299807933,2.929586814002332
140,1,45.075026439677956,22.015530207121888,1.7178100068768245,0.40298219502736243,1.7746553874932398
140,2,28.04600215368816,14.939766253251744,1.146916767196327,0.2541026015533656,1.47930535562014
140,3,65.81644719723343,44.68253707559237,1.3095152996630848,0.1901546038719133,1.3627097920665103
140,4,49.982977856928144,28.57771795783585,1.6599931836734685,0.36045207145212244,1.6713593331927985
140,5,64.58192063528159,33.89144090909418,2.3348346079265685,0.5276016654162019,2.1030963330735024
140,6,59.96445886048679,26.64283270820637,3.1766304447382083,0.7941156169692096,2.774050988158835
140,7,53.4503536093212,22.34990910329433,3.8411262838812554,0.7672610040658352,2.8046870164080455
140,8,61.59875252644567,28.301992599138753,4.134509866936728,1.0527862232187326,3.6837972409923525
140,9,47.13325956143391,18.498771013747536,4.26293546196431,0.9092340133235597,3.4238578951488496
140,10,58.16899738983969,26.456558271752204,3.6125458129510197,1.1012043966466165,3.9689648667302393
140,11,36.302193807895286,13.172169015178326,5.0454179308211655,0.9981507200231192,3.8380093274917537
140,12,43.228409281729654,14.584829545359492,4.328378389308952,0.4954199258299834,2.209085503310656
140,13,54.027677249468276,19.15864514090391,4.0182925158109235,0.9959656880620393,3.6010238285575293
140,14,64.37478614912233,24.698444855445178,3.731856740938249,0.8798323948356588,3.1658203436908225
140,15,57.11554029586069,22.900550249777552,3.594742449912821,0.9682687165521164,3.5008464890353728
140,16,69.64037336379278,31.43518118495828,3.314092058372643,1.0599959536367498,3.6618752646865205
140,17,68.60305551576768,28.33650437357574,3.6298271749337743,1.0144373730380667,3.512147432032984
140,18,49.281495200359274,18.35557123274096,3.091388093893901,0.7209814827396706,2.640827460018176
140,19,55.37657126530301,25.871090911421106,2.5240020383214095,0.5484177602568083,2.2218384476797746
140,20,60.463002893362955,24.76953147515724,3.020695120893723,0.8673451964810992,3.0454132860553287
140,21,73.81751438736288,27.731095927694756,2.4202364243583725,0.5666143666824599,2.31161850079843
140,22,80.30828178478535,34.314747563666785,2.4271672224426863,0.8308163578829255,2.8523943793044886
140,23,78.34228157047679,46.228567889983154,1.9185702854133924,0.5524663439959872,2.096005870448429
140,24,88.2989498778679,51.1651493004199,2.3893666384773153,0.7390413951817667,2.5694375309308666
140,25,47.118196663131,24.096344844228284,1.807691292908237,0.693618198832878,2.389298904823007
140,26,70.44973998424769,36.54315449229507,2.9460725684182707,0.7759854602346126,2.8213266580360523
140,27,56.26105497356545,27.80893688125493,2.7402546609887914,0.754302132685821,2.645363976742946
140,28,50.73778274144706,16.434117717894686,2.796317768124944,0.6977649064016211,2.5638434765475493
140,29,35.68328600896005,14.887181622362078,2.3727909032618335,0.7462452655543994,2.5378634872897097
140,30,58.834847855699834,28.013995660077157,3.9260670909348345,1.0566222008110753,3.951880876873772
140,31,70.7614631870892,31.39743893760362,2.743126303382091,0.717085053859642,2.6077995002257235
141,0,55.32649545839805,31.151509448600784,4.391379676126552,1.0751577857078463,3.4174144067292533
141,1,34.57427203531397,15.07872499728612,1.8786062529768102,0.3945237869409346,1.7993477312171482
141,2,17.8208308539602,7.1966535253700314,1.2254730552789443,0.3584284347624447,1.655031130686566
141,3,56.98354849017638,36.28060928159956,2.324744729153306,0.3586318354581759,1.7891319255501579
141,4,42.17012923810872,19.170363050161953,2.152923714419609,0.5140339206766091,2.003027233319734
141,5,72.15121777998375,41.999981101684966,3.2528124041304585,0.8664312328252466,3.0550238311610336
141,6,58.59643048851296,26.644664877397393,3.62780303222264,1.0524642963943522,3.6222041348770757
141,7,54.950398698040516,23.698586119909415,3.8540533002765653,0.7759960370767671,2.9203500157820192
141,8,36.00046411795085,9.165968920370705,4.124854416731753,1.1119097118566037,3.925013201493133
141,9,53.11379160301618,24.647593062300608,4.001556979968608,0.9233438771186817,3.509947631827444
141,10,51.78081397034938,19.88047217563628,3.8534893753915047,1.1920320010814138,4.449192715619733
141,11,46.343759097456655,18.730974265806235,4.910594824285379,1.1076581143398805,4.2315760037220755
141,12,58.01127950863078,22.96019041744393,4.484544739949758,0.6276486476100871,2.6114961287891654
141,13,35.21871672953584,7.182491227150672,4.098623623320294,1.031800944791594,3.8453264892995094
141,14,51.39756884572255,16.845681404892275,4.097902199968121,0.9096871777486681,3.4452013951810287
141,15,42.67794481289678,10.078876802358977,3.5795797117236408,1.0222285115309653,3.6308288769930206
141,16,47.014650599071445,15.107115402310924,3.391052451172415,1.1339130964993975,3.9937250590842166
141,17,58.26126649667433,22.63178132961177,3.5923079731968266,1.0114388663079175,3.638265787207872
141,18,39.37029505118103,10.016625991663709,3.1055723359509684,0.7572964965621907,2.7306066924491788
141,19,35.82969774166494,10.482022164670287,2.5654331688647436,0.6992016446746412,2.50166066915695
141,20,41.784926046799576,10.248673561719567,3.091809314662497,0.853868599132579,3.0535398952325767
141,21,49.65907763180134,13.29584940158332,2.751112987631629,0.6719165506983478,2.5992435050770575
141,22,40.980423917308386,7.5795835600059505,2.8712739557911635,0.977946591242453,3.3864003233365008
141,23,26.71778780251833,5.235594815879857,1.936292468169008,0.7174167376939455,2.416499039245829
141,24,23.531958312546507,1.9128827801507071,2.2516830343205587,0.8928454036618283,2.8810150263758394
141,25,25.356671461834154,8.312272498293924,1.9318140373009662,0.8597908852094627,2.7963612378166003
141,26,31.788628028881405,7.814796731966324,3.031936459243,0.8988243172543156,3.184348082866633
141,27,25.03316714099724,8.637953871198235,2.6529987496293614,0.6792335105067915,2.482424260530318
141,28,25.85232790184476,5.032889133263717,2.605370533378588,0.7938553497236316,2.7819745770720328
141,29,20.70879796839449,4.586715997656814,2.493384695870451,0.7660158915948161,2.58881262739633
141,30,33.6497565719601,12.73659381296362,3.6839831593240238,1.1440924613119927,4.215589421061529
141,31,24.933499040024216,4.171994558102558,2.836045440958192,0.6981651911710607,2.572541036505988
142,0,46.22226658101463,26.079138060672893,5.401391548890432,0.8933042040261192,3.248621866863054
142,1,49.14819536717592,26.48075711344052,2.1503240881130177,0.4219588217649157,1.888503484988905
142,2,43.32216961292133,29.64289160667409,1.4838701870618323,0.32192950077604365,1.6545471655707138
142,3,31.974998229907953,13.685675239507594,1.6736045760442586,0.3027120060295223,1.6193135441693418
142,4,35.83999736698114,13.120423931284964,2.425170680737555,0.4209373304407791,1.9345126677382176
142,5,30.746999425539403,11.6199809021653,3.1191144167729368,0.7646926848203082,2.7931957460731454
142,6,36.63348267497382,9.252852185626171,3.4530639218222765,0.7805515941051739,2.867032314287459
142,7,39.74775376481289,11.930159115429891,3.4365918876927704,0.6158596228269153,2.471296093760082
142,8,33.44929116934716,4.728363583210709,4.066801436515779,0.8371190909915525,3.1815653598045888
142,9,26.535764203145877,4.149692497539148,4.002339104984226,0.6988771117119068,2.822888359720739
142,10,46.99006707323937,17.130779876672918,3.657347523513898,0.8491009182058549,3.218084135261823
142,11,27.356074400940297,2.6390285636457533,4.999611699128992,0.9091933446416149,3.532804616849477
142,12,48.11283970122692,13.329158197777934,4.067101245269395,0.6010824221193509,2.482680467001444
142,13,36.24124931221463,10.93155404355766,4.221873277261304,0.789121927202812,3.0598521731564055
142,14,59.82920342498683,21.015291497952145,3.6276558932533325,0.7442216638851002,2.827977590458932
142,15,70.71745345892249,32.143367932090136,3.8178123506317876,0.8586395128990949,3.252720538615647
142,16,73.38646235642152,36.18195605931075,3.5520548158852767,0.8882056841905985,3.132414399577051
142,17,72.63407463192137,34.60916613125637,4.057154315551434,0.9301845411736522,3.454973640981995
142,18,62.51625814217363,29.966152343350743,3.131829674292156,0.7284453177960741,2.6509853913666084
142,19,64.26755216160787,33.42597897293392,2.9883002185924568,0.7181911845500828,2.620445258555468
142,20,57.47496965285639,25.201183426019448,2.7018163190958804,0.8798481780520682,2.986178365906625
142,21,62.21049989215082,19.786832263655093,3.0063310326427795,0.8113303925920574,2.987809679425561
142,22,63.24919841987516,24.233339924057994,3.068081667665849,0.7850015548319349,2.8527901995007774
142,23,82.13551012573527,48.21272405826625,2.5984890878625944,0.6238688578987919,2.318002918618581
142,24,81.09021882821463,42.689634257580295,2.3315746554047614,0.5831765196047276,2.1845801443128243
142,25,50.195217365767704,28.27090718812502,1.7226469335848213,0.7585300783426023,2.3956867022891353
142,26,52.45577715372078,19.365104641566088,2.84325308666294,0.6969711877627964,2.5572341693157266
142,27,74.2154695676011,44.51012220543143,2.641344187816239,0.8759330975669526,2.9110828956008863
142,28,49.113781133598444,15.400967105938108,3.1615183857451794,0.7631980573231845,2.699534101002892
142,29,32.41454917304132,13.256623569798705,2.33497441235036,0.5512049281666238,2.0547093757543706
142,30,52.61257182956116,25.330291230248925,4.093282933142784,0.9091709269103037,3.3661142119546383
142,31,62.67088681941637,24.32419419872055,2.9447374070266203,0.6743505944190362,2.525792370565215
143,0,18.97014382557049,4.1346003295522875,5.1785381502971335,0.9357838069637285,3.305415330411996
143,1,27.605569368194146,10.567590876873636,2.2421192993016206,0.4502528267986232,1.951712293492796
143,2,26.722535696119053,13.897849321619587,1.4792879242653916,0.32511159508086696,1.6971871187433907
143,3,25.59053411116973,8.707422178824428,1.7618023575502229,0.3633622279254387,1.7420256981863085
143,4,27.78742416008407,8.405135530663106,2.1229862336333336,0.38991723985928806,1.8607081535665233
143,5,46.879993626020934,19.417156957077303,2.6795156943690506,0.5079784822640332,2.1792522531054987
143,6,63.12958976275686,29.346943026620366,2.944017588542241,0.40603336115112354,1.9320507748626088
143,7,48.170666107572956,16.655338276103272,3.4855847973463723,0.5212640601329053,2.2480455526573073
143,8,38.31398113748759,8.241283301458315,3.8506942733819316,0.7979017254590475,2.818957176208703
143,9,45.768813475406965,16.653803488429148,3.6236872881690125,0.737510195314746,2.857433814001161
143,10,54.00549769769512,19.90800523393462,3.6696343916415306,0.8665035566942021,3.219258815359251
143,11,44.45715418150215,14.587530296840995,4.390828361161956,0.9553587749364567,3.4272145423313245
143,12,45.24960550032448,16.9513190456111,3.813112737947792,0.5324716459934073,2.2470389932268673
143,13,37.980472686192456,10.643735477347484,4.2957203112494735,0.7205503708749585,2.8100474975413823
143,14,30.064064142597,5.720981960386829,3.9177414775365818,0.7461648589841254,2.8445848493036894
143,15,28.079373045750497,6.46909774045737,4.015886415895664,0.9042516445027031,3.3881654495001254
143,16,39.417935085812466,11.839110456292223,3.209661981046575,0.9579394629799358,3.2917617005812594
143,17,33.2408807825104,6.503811903132939,3.852572826356917,1.02597226890027,3.7055869901753544
143,18,27.176190096717097,4.5811898037047865,2.707088867520986,0.6253746584921802,2.3868407182613276
143,19,26.047815593614413,7.261759492635317,2.5585166885965753,0.6819993696414013,2.436903961034799
143,20,34.02991431215541,13.306219117985005,2.55341800635406,0.8916702697662329,2.960084049702884
143,21,51.08870373801828,14.982063735568602,3.0615382515318545,0.7328056968590859,2.8533458901660986
143,22,33.26762064539316,3.779988039523455,3.1689110438072223,0.8629302916412183,3.1108570068219628
143,23,40.96259930610792,13.615766322251169,2.517034370305768,0.5338304376223153,2.158947233470262
143,24,22.391889504862192,1.0917802080886791,2.1336287665511127,0.5655012239659958,2.146533777877739
143,25,23.326717651392336,6.126863379149391,1.728280278190323,0.745323640031625,2.456033803176723
143,26,35.54555763427858,11.124152862598569,2.9663168984457093,0.7738832745057493,2.7789673510633106
143,27,39.43827164747918,17.110690902082624,2.383067364086478,0.727816133886658,2.5233620692932064
143,28,36.07539308209627,12.555197166977829,3.2520396614332143,0.8555339773878576,2.958618650208514
143,29,15.701052812720315,3.5734652151077695,2.3714375708383777,0.5848285619400029,2.152814954946548
143,30,20.017654053586817,2.1615851203174388,3.907812526619326,0.8406739652032864,3.171668134372117
143,31,51.64337220595123,24.77016307526283,2.989043441453269,0.7235280404479161,2.6958887167793772
144,0,27.94706862955082,6.8750465887024905,5.11340134609296,0.8878611823094662,3.1717931312971146
144,1,56.997237579691,32.11086888864863,1.9248705034495563,0.382099990744426,1.7876133844539723
144,2,43.37154253260901,29.68960378808014,1.3541766443909422,0.3184022970322773,1.6148302874728346
144,3,47.716358772290235,26.052816172595783,1.7812928406456507,0.23031168569109606,1.5025965949008642
144,4,58.58883636417454,31.553548735733532,2.138171638001845,0.4788576002471747,1.9444302073769075
144,5,75.4382325919227,43.40513868476121,2.881031263946502,0.6515707543071816,2.4870180522885548
144,6,59.46343042587593,24.114398311907138,3.4439699473647876,0.9168705788939819,3.155285959659554
144,7,49.20145422317468,20.195902762136498,3.757661629580747,0.7157302893688873,2.7230582527000062
144,8,52.154897592621765,18.158900246054476,4.1159792275419536,0.8770450898092994,3.1700245328196557
144,9,50.27087948583806,22.07124193916071,4.286943619389248,0.8972510891940679,3.4100038861960655
144,10,49.58233699016081,21.15170950820962,3.783194194686115,1.0221830115968134,3.8072609472039862
144,11,46.418963222867866,16.787755620996947,4.7516062223942575,0.8852185836312456,3.436270932264931
144,12,68.86467245761918,31.60589109825877,4.136686610937227,0.6134498343560155,2.5127932120690883
144,13,64.52309458797112,31.279306461257423,4.803685498378782,0.9913834788388289,3.821717036790725
144,14,78.38182937080987,40.9645557933073,4.618006601414789,0.9650166689097333,3.7304051741438107
144,15,72.28766781135204,36.28747706126775,3.659741154458982,0.8936561014497988,3.3455552597762526
144,16,73.80611615718638,34.20198818097664,3.422555539442376,1.0704750103721183,3.7462736078929164
144,17,73.6225637795941,34.6222209858809,3.845786833918838,1.033211678918145,3.735883670985196
144,18,66.97537312380868,31.486685886786947,3.4260002508319793,0.7943018845984833,2.8617571818178957
144,19,63.62354609532855,31.599439203069593,2.8456031427451727,0.7083140944715289,2.580080499368491
144,20,74.01624614001679,36.75337184386522,3.3418911576020713,0.8633908218254351,3.0818413185078684
144,21,70.96393202605061,21.528056049187573,2.823044432155273,0.6567408648219968,2.562381285245958
144,22,67.63323362669391,28.362108808156652,3.1662695986278067,0.8524436671371713,3.083564355951623
144,23,89.65532024025242,49.94191260122778,2.236631240948209,0.691107101121748,2.3659192952551353
144,24,76.5958136428224,39.703619389820226,2.4458552594284497,0.8131678856662528,2.7228932154990493
144,25,38.895440663772064,17.619611404414563,1.9430712542098711,0.8421524909317073,2.724462013485154
144,26,52.657913493527204,20.772154602952895,3.054665770432181,0.9029751662128067,3.17411217953716
144,27,50.83753721930524,25.351924583551682,2.7403574794573395,0.6274977523482632,2.3743077453243058
144,28,57.18237061814904,21.468730472264063,2.729615873023778,0.8684489676189906,2.9830961094664747
144,29,32.850922108890785,14.936640378754614,2.4005988554143918,0.7347467648613684,2.4617788461413217
144,30,43.08564444346443,17.249415294728497,3.8205354622292593,0.9927844851630367,3.682454931634526
144,31,80.48464042314694,44.246118828996174,2.812184658014651,0.710574748982661,2.595810727635493
145,0,26.791090034702727,6.33295803724506,5.161560225616556,0.9301665614508785,3.298209879336065
145,1,52.35728787242116,27.062993383539204,2.2916879792498372,0.4797914537918935,2.0521041864424916
145,2,50.68020309456053,35.26906341696039,1.6244131287759433,0.3467713085144135,1.7369813596207526
145,3,43.30180163730027,20.534843383184143,1.7705545683992865,0.33017940234965026,1.6899775741163632
145,4,61.4266540528512,31.131231903407503,2.402092788047871,0.506431276408219,2.096802450335359
145,5,77.06318853671249,43.371718729052134,3.085395880333033,0.769646241056789,2.860689377218865
145,6,72.22067208472853,35.283293403731776,3.4482280195371704,0.7498912747319402,2.809998254556726
145,7,55.74350986411213,22.48282009971083,3.654529235411375,0.7054777487588639,2.7236609992634917
145,8,48.63344585235816,18.040858410556417,3.8693370836796013,0.8503439292150436,3.166693442843934
145,9,50.992798843968345,21.214321988863688,4.509574357831773,0.812231556351918,3.1910303554121273
145,10,53.83709728855011,22.944681027563668,3.5584433206974113,0.947245167693743,3.526264353485891
145,11,44.09207736153096,14.192638464115987,4.864115122431182,0.961230920337167,3.6699266762126865
145,12,50.87234764405668,18.880170914179352,4.472423123755707,0.6328641794447671,2.609562382788058
145,13,36.27029122518674,10.029674926551966,4.427195741994478,0.8273379324080326,3.2104012317299127
145,14,49.56669008108777,11.560864902755256,4.633710959157703,0.9887117665956406,3.8376851705129553
145,15,48.68271804994188,15.469271489462129,3.922916613800097,0.9318172157580467,3.443951238478436
145,16,60.983294519827076,24.942468520160336,3.8701790344967515,1.0384234496965163,3.833708912873581
145,17,49.501757823196726,17.244726454998695,3.987958008086615,1.0404132905138503,3.8681395474240228
145,18,41.323991845020586,13.197433222237356,3.274040317821788,0.7642622779058694,2.7200092971153067
145,19,44.67599460615925,16.53097180077783,2.9685056086882406,0.7826924040859957,2.7810992967825507
145,20,40.70381793869153,12.355304610100756,3.2386972220269357,0.8305521448645035,2.9243505635633897
145,21,60.355913381377434,19.378208192855457,2.932841193268424,0.7180766075271792,2.7563225453166837
145,22,71.93255939169839,25.273769043226668,3.6277416248137855,0.8811646828100836,3.150719067284867
145,23,62.99425503456372,25.191879478798988,3.0095412805103114,0.6400818677771722,2.3951226574585984
145,24,90.53836992685709,47.580868787137916,2.6006379276726763,0.7748925638876414,2.5878289576780613
145,25,47.49441706803729,26.437709030230423,1.7707423867094034,0.6701917435428442,2.23552528532567
145,26,56.07237228013644,19.987103902557642,3.0811012636288897,0.780894528209191,2.7560045491096137
145,27,51.695943376980466,22.351727370294267,2.691320137721096,0.7524729290424563,2.5946983385334996
145,28,63.00330196032644,28.103873352119173,3.1573620288735817,0.7933694249478966,2.80031744097913
145,29,33.52198381311602,12.690438116063662,2.2855785499019428,0.5752839688062688,2.1201550606843322
145,30,53.670432272184044,24.86124974416465,4.015029083307136,0.8145163913308782,3.0881745788342383
145,31,68.283055414491,24.79465694002238,2.805064680253193,0.6647983501078754,2.4645973029741395
146,0,28.45392396083874,7.269402696672529,5.543023368770558,0.9021521251250855,3.2006040303902807
146,1,55.68740348733371,28.90006477917121,1.8734748265660235,0.34009840418561765,1.697244267942133
146,2,41.39819591279749,25.206547372553402,1.5275945848270667,0.39311802010915575,1.7162040148765634
146,3,39.14590258976381,16.833260125693133,2.5874839053115903,0.4264336588367006,1.8976767166851332
146,4,51.552557408662594,21.861546901304635,2.6760738887018634,0.5274641570531928,2.093247174694547
146,5,63.38014987435975,31.381691687075648,2.950147447196793,0.873162157460385,2.9583987295974468
146,6,73.20242006798836,38.9100153773503,3.1880342518281237,0.662563418572828,2.532970416618424
146,7,51.06890910283721,19.041382213312723,3.9123262721974235,0.7152576261869972,2.7817706339279438
146,8,44.640242824483636,13.300731703927188,4.167046983927464,0.7299256903104885,2.8629360294863964
146,9,50.07475301658485,19.063369563705663,4.4438545792478354,1.0319423512615042,3.8556761819420897
146,10,64.36263170256575,32.75135620703962,3.314078562803331,0.8005404565258254,3.0493563046802423
146,11,38.195970368605174,10.514653375842862,4.789317664186308,0.9232767040580079,3.483172707611145
146,12,44.214969259781014,10.530169985884854,4.419734215425469,0.5925761356559169,2.4708630800574727
146,13,40.43001180780449,10.39950066227762,4.024760549169331,0.8590335904299788,3.208011571241521
146,14,78.23849661287403,33.071253137693404,4.214412704242906,0.8753354686195536,3.3161693212375347
146,15,78.21490375306689,39.03724370209203,3.89436104589183,0.8652557737966156,3.2355188626825004
146,16,78.71774789975888,38.69209562972188,3.3790445146171058,0.9500701299174557,3.3642645355671865
146,17,64.94471465285365,27.540801340630036,3.604278077507238,0.9809066022219772,3.5269392212891377
146,18,36.028334661747515,7.638970233796043,3.0396197905871425,0.7331370063788922,2.630483467685059
146,19,48.966534317957155,21.232134891709812,2.7490243748942884,0.6828225016166871,2.4712565417556043
146,20,64.50050040553823,24.7793492554118,2.813586171677105,0.7145410115835369,2.535071719630237
146,21,64.79733494939035,21.383833343204373,2.4033708339997593,0.521341492485965,2.131035238268955
146,22,64.07384798849289,18.478373345076005,2.811672079613447,0.6036445258372147,2.285741946652545
146,23,62.41599868062296,26.73758690936709,2.19896295409124,0.4247676442181487,1.8523948634603715
146,24,64.61298355491523,21.449964186355928,2.3292836690936407,0.5596317807340552,2.15640295323038
146,25,40.93512750637555,16.61092096184201,1.6810421002856817,0.37403126316435475,1.7850778160003142
146,26,53.22964994701782,20.846200957912522,2.952778389939983,0.5709715508324216,2.2996578227533395
146,27,41.69401864161884,13.353269211942193,2.6183874688729127,0.49885488564820113,2.0766538140095547
146,28,65.56466243033103,30.050748315366324,3.218567884392214,0.570362337324382,2.38365756858335
146,29,26.892075144503437,7.656876566460607,2.473482691925539,0.6677222815284374,2.4000980411642705
146,30,47.34554329483344,18.166984662099722,4.1683952195312415,0.780793632979619,3.064215331059932
146,31,64.96607783280864,22.730772636728332,2.8367612017721777,0.7061330991970358,2.57370096496793
147,0,40.97739772101338,19.697473028483472,5.428873262055763,0.9697310530683616,3.535087989092086
147,1,50.08918461652513,22.17020157467593,2.35583555218446,0.46188535540163755,1.9747938794707574
147,2,28.61986554441004,15.156050485020405,1.242980453858918,0.3819223137461558,1.6764073143044507
147,3,33.313245096738655,14.206807267368362,2.8736423457134954,0.5051325623789058,2.10389383385486
147,4,35.76726675256073,12.473730348725061,3.184294608851248,0.5829781634274709,2.3220695886625053
147,5,56.83177529669418,20.895869173871766,3.388129567562986,0.7532592304121977,2.830026738774415
147,6,59.36471823307972,25.93123543600083,3.5332386989709876,0.7227379576669781,2.763330797678976
147,7,94.30956031522291,59.23470414008118,4.461133218704582,0.9893687298468938,3.813518409258961
147,8,94.58789481508595,57.17180583746779,4.954812065209184,1.0264385371193088,4.171562906915858
147,9,74.03012904374066,39.88705323539104,4.21762977550987,0.9150846738016494,3.659033051296503
147,10,76.68996480943338,39.91087182763988,3.8744094164419742,1.1470912598319583,4.304928585639615
147,11,60.36055496210322,25.50539853749383,4.9452627458915215,0.991346691190718,3.8934103261377917
147,12,76.45456339536555,34.18090958231574,4.815712368802542,0.7460075680271139,3.0436038803759424
147,13,63.072907795302335,27.99205227582927,4.837884580204746,1.0244705949659965,3.913457189728361
147,14,73.1453674016947,31.36344704683198,4.704050764160529,0.7721254107321549,3.2166271616950515
147,15,83.49499593298555,43.98888055364765,3.20454737796008,0.7130765504488226,2.687276919524193
147,16,68.3663401955146,28.38373744833342,3.772669559706254,0.7605264547618016,2.992904875461804
147,17,72.83825592387441,32.13603629198023,3.990316765585154,0.9104590106915507,3.4150701704596753
147,18,49.60117699423167,16.82452645805479,2.7680086218699236,0.5591407175829142,2.227014852313154
147,19,44.12001549105797,14.522059879072417,2.1928037506351927,0.4562039816816057,1.9455463430896092
147,20,50.43551592836738,22.39305661283506,2.9489711984668356,0.46692375682330534,2.13677029586241
147,21,44.64964415300688,12.455733710261196,2.383970549899556,0.5313180469985399,2.2105378932314816
147,22,45.50011423964328,11.329977897516825,2.5120790946752347,0.48279478609904025,2.085001875635565
147,23,31.669006901294487,8.909344192569696,2.1406133826538314,0.38097903744521533,1.7983232612528177
147,24,37.22688525005492,7.526596229768002,2.535250560673381,0.4893633889978162,2.0776448549262545
147,25,30.939767900194674,12.711359960990112,1.896192989787243,0.46694938166400446,1.9617265734437574
147,26,40.796311477939454,12.56189758391126,3.3430279572192187,0.6471723975402868,2.515551256756871
147,27,32.615921001364356,11.849472135509322,2.7335871156306344,0.7056480172356836,2.528979095880268
147,28,77.44160481194464,46.11639388606984,2.5684890789568966,0.9807497020723002,3.250956479325938
147,29,42.46452165661691,23.500441901169985,2.018976883542759,0.7527499742185717,2.4618231053969155
147,30,75.83343045879138,43.58981281771709,3.307773557892108,1.0418049878077782,3.5531168706553604
147,31,91.78650599027836,57.548466756879115,2.0497271294040007,1.0749638295438926,3.2740592880737136
148,0,40.665824954609334,23.220234071854193,4.693803193894942,1.0352566347402021,3.4685263851085413
148,1,34.618446798011085,10.506955364002188,2.3764574421274123,0.446782187542202,1.9398499768949151
148,2,15.117198834106066,4.942885843763113,1.3201005034023767,0.5025802032571813,1.9077200329565678
148,3,27.85395691148885,9.445043959767887,2.413548166768634,0.40061397454564185,1.8378899335962258
148,4,29.470243209810906,8.035507563620774,3.106075756392018,0.5708974891816379,2.243069830968163
148,5,49.10464819895917,18.540711203309318,3.3401144001527845,1.0209929696433022,3.5376992130898484
148,6,42.66077617587886,13.396911964857738,3.605246253128001,0.8211316476862058,3.010184157284558
148,7,71.54059139204122,34.237629736050856,3.823674811962058,0.6683496367538444,2.692331575774987
148,8,60.11831193724662,22.83288440894418,4.194717765697678,0.7437227951197389,3.019676337424348
148,9,58.54004416198539,26.051919587763358,4.488051783845796,0.9826429846101092,3.8231902809297544
148,10,44.62729215067904,12.96160029864554,3.681536482044204,1.0180437843187482,3.8522079053095997
148,11,43.62535042760904,13.999837281166856,4.901451817090525,0.9953323124883351,3.784572549674436
148,12,53.28929831957819,19.502626946579568,4.330693677026879,0.6002673830136747,2.5330692935909855
148,13,39.38504624389585,8.423103301963565,4.789707396638973,1.0077374508108923,3.935783987429608
148,14,65.97413153327437,26.11151213489676,3.7628818310691012,0.594585703627716,2.5362713107080466
148,15,45.0840299266173,13.125284931402648,3.3683075025721454,0.7639122249495447,2.90329557047742
148,16,60.54470529998888,24.52138389656131,3.316788680123535,0.7727666999467226,2.9678216306821192
148,17,41.17727063828683,8.279626351033702,3.7599522357441657,1.019626401400692,3.7017644822191436
148,18,26.300623563390005,5.476342257116509,2.770436341908746,0.5746717297681228,2.2390510855340495
148,19,38.07390634857356,14.688220269598112,2.5702335070434064,0.6280671506677189,2.380169402033986
148,20,34.26028614235776,6.545662573938208,2.9090844193480887,0.5378899198219824,2.254197489158612
148,21,38.552551375900165,10.988314327357678,2.5824112832394457,0.5810416529529858,2.314861316409056
148,22,50.0051879420498,12.197014346567112,2.82905239867687,0.5996646203887526,2.3641208719202895
148,23,38.670976639427906,11.619959515773052,2.414004971567738,0.5876701774033561,2.1401629339742416
148,24,48.8993410465713,12.30918499289328,2.768279988493463,0.690975348602529,2.545956137978538
148,25,51.2038267053282,27.582351790916334,2.3209205006268405,0.7246150721609963,2.5857494564751144
148,26,49.18673491342175,18.378052013901893,3.412472222152564,0.9211779396792785,3.2675792853339427
148,27,29.812175504338533,9.686349841397913,2.895731002934639,0.6660717348537197,2.455775948788555
148,28,70.1649849269626,41.3577889431086,2.8915769092396824,0.7469596500280486,2.7634822684969262
148,29,42.66076697819778,22.681250397646572,2.5672976921344355,0.8837741983019276,2.836591423111705
148,30,47.8664837603969,20.570064252556207,4.178926804353695,1.1279906246151157,4.18499194187543
148,31,96.63060377923489,64.15341856234197,3.175523840747801,0.7911089180164255,2.865829059294811
149,0,69.41877257314786,47.50539740521177,5.72138937070223,1.2641645692623271,4.664221592615585
149,1,55.39792121257239,25.029576924611497,2.5539952285594945,0.5026151755762589,2.0827070432227175
149,2,27.517911373129454,12.173521860337772,1.427342852860428,0.27618081046639453,1.584430603071404
149,3,34.81196263939776,11.577597389692922,1.7991684605406597,0.3627726404603564,1.714604106498167
149,4,56.14281795264535,27.999940076472633,2.581727865702226,0.48937256566231113,2.095480404669026
149,5,73.60952662450961,34.76682176562352,3.2920814337037507,0.801671808250819,2.924142563217661
149,6,61.57192829476104,26.72681044958253,3.584687859245367,0.752150479439619,2.871183849306013
149,7,51.98725313894527,16.763946648581086,4.14947661846441,0.7299217657597641,2.9451562482328826
149,8,57.46092684821038,21.726232733665597,4.46353857583822,0.8565294992564549,3.421485468898822
149,9,87.15493030503268,49.63806972700962,4.2294700910507945,0.704414052569982,2.8979277378454578
149,10,56.886762135636836,17.373348647384667,4.2768861679419885,0.9116060725829813,3.5665324627704007
149,11,58.04430169488475,24.401152228144625,4.564296628277199,0.7513802191266317,2.9551303961866155
149,12,46.21131723718166,9.678028536191256,4.400391138363762,0.6062295291092932,2.54404081994897
149,13,52.5744406298701,19.43171541563921,4.650793792704414,0.829507695442345,3.2373113073017037
149,14,80.36671322949985,35.191394938152584,4.600298701318376,0.7094814079191227,2.944662857137319
149,15,71.06391055402216,29.825326541601235,3.986981635832641,0.7625602857643194,3.0629505576973877
149,16,61.48192773899714,25.933282919668862,3.5672101757336083,0.9386396799680039,3.435770446364871
149,17,57.5854532124033,18.26388927613542,4.101393673375841,0.8071314277949027,3.107622734634138
149,18,44.8947993902282,14.54592475442151,3.1790553357402267,0.6639505151126839,2.5000244373800506
149,19,55.602479646773375,24.405970782172965,3.1002891240047274,0.6905116540718175,2.5400029177992764
149,20,66.75762277835781,30.616802376519487,3.1307273203523573,0.5964899032485196,2.4071229095566307
149,21,65.07118511914867,21.734776470174808,2.993736298650633,0.5985961998912015,2.438578437519796
149,22,58.0009176571527,20.904260141080982,3.255308772785037,0.6691228515227978,2.5740387306649595
149,23,61.303596761182845,21.794341077551564,2.7671460031528103,0.39811625478015067,1.911157019222458
149,24,61.04607231685095,26.694733213542662,2.814141788420394,0.8345563142665551,2.8664478533214743
149,25,39.878427181621355,19.85318208104765,2.45756549587475,0.8770037305000278,2.9582228054999433
149,26,49.59335689931754,15.261301396027704,3.3753255108726044,0.889560173589413,3.097256470409086
149,27,53.43598632632022,22.889339788685056,2.8944914968419813,0.9046482390782806,3.0027320430223408
149,28,33.83286872858476,8.20413021211467,2.7394901097816216,0.8956324641146276,2.9774568655138403
149,29,28.253194648985968,10.100925532799272,2.351151469020313,0.9310680937361893,2.8140488593287736
149,30,37.08238936198009,9.152455233272217,4.3751982098336475,0.9571340116517097,3.5397526031767885
149,31,52.65368362231471,15.507335453403131,3.2092483628031934,0.7961524550340116,2.872686939423233
